[
    {
        "id": "593c3175-b94c-4f73-8bc2-d4d40f175b5c",
        "title": "주짓수 국가대표 vs MMA 챔피온__최종 결승전!!🔥 l 서브미션게임 ep.4",
        "description": "[구독]-[좋아요]는 큰! 큰! 힘이 됩니다🙏\n김동현 이메일:memikim88@gmail.com\n김동현 인스타그램 : https://www.instagram.com/stungunkim \n\n-팀스텀건 압구정( 인스타그램 https://www.instagram.com/teamstungun_seoul )\n: 서울시 강남구 신사동 556-28 b1 팀스턴건 \n\n(네이버에 팀스턴건 검색하시면 자세한 정보가 나옵니다🙏즐겁게 운동 함께 해요💪)\n \n-팀스턴건 대전 ( 인스타그램 https://www.instagram.com/teamstungun_daejeon )\n대전시 유성구 봉명동 548-12 5,6층 팀스턴건 대전\n\n#매미킴tv #서브미션게임 #donghyunkim #kimdonghyun #donghyunkimufc #매미특공대 #팀스턴건 #stunguntv #stungun #tsg",
        "thumbnail": "https://i.ytimg.com/vi/h2ThpXIryo0/mqdefault.jpg",
        "youtubeVideoId": "h2ThpXIryo0",
        "uploadedDate": "2022-04-15T08:51:06Z",
        "viewCount": 119628,
        "isCommercial": "False"
    },
    {
        "id": "592c88cd-09e9-40e8-8009-0f4726fe02a6",
        "title": "국내 최강 그래플러 최후의 2인은? (4강전)ㅣ서브미션게임 Ep.3",
        "description": "[구독]-[좋아요]는 큰! 큰! 힘이 됩니다🙏\n김동현 이메일:memikim88@gmail.com\n김동현 인스타그램 : https://www.instagram.com/stungunkim \n\n-팀스텀건 압구정( 인스타그램 https://www.instagram.com/teamstungun_seoul )\n: 서울시 강남구 신사동 556-28 b1 팀스턴건 \n\n(네이버에 팀스턴건 검색하시면 자세한 정보가 나옵니다🙏즐겁게 운동 함께 해요💪)\n \n-팀스턴건 대전 ( 인스타그램 https://www.instagram.com/teamstungun_daejeon )\n대전시 유성구 봉명동 548-12 5,6층 팀스턴건 대전\n\n#매미킴tv #서브미션게임 #donghyunkim #kimdonghyun #donghyunkimufc #매미특공대 #팀스턴건 #stunguntv #stungun #tsg",
        "thumbnail": "https://i.ytimg.com/vi/-2b022ft-Fw/mqdefault.jpg",
        "youtubeVideoId": "-2b022ft-Fw",
        "uploadedDate": "2022-04-12T11:57:59Z",
        "viewCount": 97980,
        "isCommercial": "False"
    },
    {
        "id": "035ddfb9-fd2a-4bd4-8e87-86e356f30635",
        "title": "만두귀 vs 만두귀 그래플링 최강자는? | 서브미션게임 Ep.2",
        "description": "[구독]-[좋아요]는 큰! 큰! 힘이 됩니다🙏\n김동현 이메일:memikim88@gmail.com\n김동현 인스타그램 : https://www.instagram.com/stungunkim \n\n-팀스텀건 압구정( 인스타그램 https://www.instagram.com/teamstungun_seoul )\n: 서울시 강남구 신사동 556-28 b1 팀스턴건 \n\n(네이버에 팀스턴건 검색하시면 자세한 정보가 나옵니다🙏즐겁게 운동 함께 해요💪)\n \n-팀스턴건 대전 ( 인스타그램 https://www.instagram.com/teamstungun_daejeon )\n대전시 유성구 봉명동 548-12 5,6층 팀스턴건 대전\n\n#매미킴tv #서브미션게임 #donghyunkim #kimdonghyun #donghyunkimufc #매미특공대 #팀스턴건 #stunguntv #stungun #tsg",
        "thumbnail": "https://i.ytimg.com/vi/oFI0eo3g_yc/mqdefault.jpg",
        "youtubeVideoId": "oFI0eo3g_yc",
        "uploadedDate": "2022-04-06T01:31:50Z",
        "viewCount": 135481,
        "isCommercial": "False"
    },
    {
        "id": "859234b3-4f36-4cbb-9c4d-89614fe07cf6",
        "title": "이 곳에서 오직 한명만이 왕좌에 오른다 |  서브미션게임 Ep.1",
        "description": "[구독]-[좋아요]는 큰! 큰! 힘이 됩니다🙏\n김동현 이메일:memikim88@gmail.com\n김동현 인스타그램 : https://www.instagram.com/stungunkim \n\n-팀스텀건 압구정( 인스타그램 https://www.instagram.com/teamstungun_seoul )\n: 서울시 강남구 신사동 556-28 b1 팀스턴건 \n\n(네이버에 팀스턴건 검색하시면 자세한 정보가 나옵니다🙏즐겁게 운동 함께 해요💪)\n \n-팀스턴건 대전 ( 인스타그램 https://www.instagram.com/teamstungun_daejeon )\n대전시 유성구 봉명동 548-12 5,6층 팀스턴건 대전\n\n#매미킴tv #서브미션게임 #고석현 #김상욱 #donghyunkimufc #매미특공대 #팀스턴건 #stunguntv #stungun #tsg",
        "thumbnail": "https://i.ytimg.com/vi/PVvwfmIpp0U/mqdefault.jpg",
        "youtubeVideoId": "PVvwfmIpp0U",
        "uploadedDate": "2022-04-01T06:06:50Z",
        "viewCount": 416227,
        "isCommercial": "False"
    }
]