[
    {
        "id": "183c0c58-9f48-465e-b2e3-db44e56da7c2",
        "title": "우정잉 고생길만 걷자",
        "description": "우정잉 X 트레져헌터 [우정분식]\n★ 2022.05.27 6PM 최초 공개 ★\n\n◇비즈니스 문의 : biz@treasurehunter.co.kr\n\n◆우정잉 팬카페 http://cafe.daum.net/ingsfriend\n◆트위치 생방송 https://www.twitch.tv/nanajam777 \n◆인스타그램 https://www.instagram.com/friendshiping94\n\n#우정잉 #우정분식 #고생맛좀봐라",
        "thumbnail": "https://i.ytimg.com/vi/bWFUfvanYQE/mqdefault.jpg",
        "youtubeVideoId": "bWFUfvanYQE",
        "uploadedDate": "2022-05-26T09:19:06Z",
        "viewCount": 58937,
        "isCommercial": "False"
    },
    {
        "id": "4456f70e-80bd-4a3c-a328-b597e75ea241",
        "title": "간악하고 졸렬한 제작진의 농간에 놀아났습니다",
        "description": "제작진놈들 가만 안 둬\n\n👉 우정분식 놀러가자!\nhttps://forms.gle/EQqGgTYEAgx1FVjZ7\n👉 제 1회 우정분식능력평가 시험 치르고 선물 받자!\nhttps://forms.gle/SxMLcJum9uvwsntFA\n\n◇비즈니스 문의 : biz@treasurehunter.co.kr\n\n◆우정잉 팬카페 http://cafe.daum.net/ingsfriend\n◆트위치 생방송 https://www.twitch.tv/nanajam777 \n◆인스타그램 https://www.instagram.com/friendshiping94\n\n\n#우정잉 #우정분식 #드디어개업 #시청자이벤트",
        "thumbnail": "https://i.ytimg.com/vi/U9uaQvM-pvE/mqdefault.jpg",
        "youtubeVideoId": "U9uaQvM-pvE",
        "uploadedDate": "2022-05-27T08:40:00Z",
        "viewCount": 60508,
        "isCommercial": "False"
    },
    {
        "id": "60800e96-eead-4fa8-9940-6afd8f2b1011",
        "title": "gjf; 곽튜브 진짜 나 좋아함?;;",
        "description": "표정이 왜그래? 언제는 쓰레기도 먹을 수 있다며...\n\n\n※ 우정분식 출연자 모집 당첨 발표\n당첨자분들에게는 신청 양식에 기재해주신 연락처로 개별 문자 드렸습니다!\n많은 분들을 초대하지 못해 죄송하다는 말씀 전하며\n지원해주신 모든 잉친이 분들 감사드립니다!    - 잉TF -\n\n◇비즈니스 문의 : biz@treasurehunter.co.kr\n\n◆우정잉 팬카페 http://cafe.daum.net/ingsfriend\n◆트위치 생방송 https://www.twitch.tv/nanajam777 \n◆인스타그램 https://www.instagram.com/friendshiping94\n\n\n#우정잉 #곽튜브 #우정분식",
        "thumbnail": "https://i.ytimg.com/vi/f75QcIcVNng/mqdefault.jpg",
        "youtubeVideoId": "f75QcIcVNng",
        "uploadedDate": "2022-06-03T06:48:38Z",
        "viewCount": 84872,
        "isCommercial": "False"
    },
    {
        "id": "c1eeaf1e-361f-4dc1-9f82-b26a96904d20",
        "title": "카페 알바 하다가 번호 따였습니다..",
        "description": "카페 알바 할만하네.. 한 10분 정도?\n\n⚠️ 지난 목요일까지 치뤄진 2022학년도 제1회 우정분식능력평가 중\n요리지식 탐구 영역 4번, 10번 문항에 오류가 있어 전원 정답 처리하였습니다. \n\n만점자 중 추첨을 통해 당첨자를 선정할 예정이고,\n당첨자는 설문지에 남겨주신 연락처로 개별 연락 드리겠습니다.\n참여해주신 많은 분들께 감사의 말씀 올립니다!\n\n- 잉튜브 -\n\n◇비즈니스 문의 : biz@treasurehunter.co.kr\n\n◆우정잉 팬카페 http://cafe.daum.net/ingsfriend\n◆트위치 생방송 https://www.twitch.tv/nanajam777 \n◆인스타그램 https://www.instagram.com/friendshiping94\n\n\n#우정잉 #마젠타 #우정분식 #카페알바",
        "thumbnail": "https://i.ytimg.com/vi/RDShL31F8h8/mqdefault.jpg",
        "youtubeVideoId": "RDShL31F8h8",
        "uploadedDate": "2022-06-10T08:50:56Z",
        "viewCount": 80385,
        "isCommercial": "False"
    },
    {
        "id": "18f836b9-8704-44ce-85cf-f2ce631f72c9",
        "title": "왜.. 여기서 싸우세요...?",
        "description": "하.. 누가 분식집 하자고 했냐?\n\n◇비즈니스 문의 : biz@treasurehunter.co.kr\n\n◆우정잉 팬카페 http://cafe.daum.net/ingsfriend\n◆트위치 생방송 https://www.twitch.tv/nanajam777 \n◆인스타그램 https://www.instagram.com/friendshiping94\n\n\n#우정잉 #우정분식 #진상손님\n\n음원출처 브금대통령:\nhttps://www.youtube.com/user/GwooA",
        "thumbnail": "https://i.ytimg.com/vi/VUh5xdIwrrs/mqdefault.jpg",
        "youtubeVideoId": "VUh5xdIwrrs",
        "uploadedDate": "2022-06-17T05:20:44Z",
        "viewCount": 61736,
        "isCommercial": "False"
    },
    {
        "id": "f7bb63df-d0c5-4576-9524-beff763f3cb0",
        "title": "너네... 이래도 내가 좋아?",
        "description": "따봉잉친이들아 고마워❤️💚\n\n⚠️ 2022학년도 제 1회 우정분식능력평가\n'떡볶이 삼행시'를 제외한 전체 문항 만점자는 총 20명,\n그 중 우정잉님이 '삼행시'를 직접 채점하여\n추려진 찐 만점자 5명에게는 개별 연락 드렸습니다.\n많은 참여와 응원해주신 분들께 감사의 말씀 올립니다!\n- 잉튜브 -\n\n◇비즈니스 문의 : biz@treasurehunter.co.kr\n\n◆우정잉 팬카페 http://cafe.daum.net/ingsfriend\n◆트위치 생방송 https://www.twitch.tv/nanajam777 \n◆인스타그램 https://www.instagram.com/friendshiping94\n\n\n#우정잉 #우정분식 #개업축하",
        "thumbnail": "https://i.ytimg.com/vi/dmRN268r79c/mqdefault.jpg",
        "youtubeVideoId": "dmRN268r79c",
        "uploadedDate": "2022-06-23T09:30:50Z",
        "viewCount": 50369,
        "isCommercial": "False"
    },
    {
        "id": "e4a906eb-dc3a-40ec-8724-4d928d155cc3",
        "title": "너, 내 동료가 돼라",
        "description": "떡볶이 밀키트, 캠핑 그리고 성공적\n\n👉 [마이셰프x트레져헌터] 우정분식 밀키트&굿즈 구매하기!\n(⚠️잉찡이 냄비받침 오픈 : 7/1 (금), 잉찡이 젓가락 오픈 : 7/15 (금))\nhttps://bit.ly/3I06AkN\n\n👉 킹 받게 맛있다! 우정분식 신장개업 특집 LIVE 방송! 7/6(수) 저녁 7시 온에어!\nhttps://bit.ly/3OtvtaV\n\n👉 인테이크 슈가로로 스파클링(5가지맛) 구매하기!\nhttp://abit.ly/9jh1iq\n\n👉 라이브 브릿지 스튜디오 예약하기!\nhttps://www.spacecloud.kr/space/38322\n\n◇비즈니스 문의 : biz@treasurehunter.co.kr\n\n◆우정잉 팬카페 http://cafe.daum.net/ingsfriend\n◆트위치 생방송 https://www.twitch.tv/nanajam777 \n◆인스타그램 https://www.instagram.com/friendshiping94\n\n이 영상은 인테이크의 지원을 받아 제작되었습니다.\n#우정분식 #떡볶이밀키트 #굿즈오픈",
        "thumbnail": "https://i.ytimg.com/vi/H7t7u0Ux8H8/mqdefault.jpg",
        "youtubeVideoId": "H7t7u0Ux8H8",
        "uploadedDate": "2022-07-01T10:12:45Z",
        "viewCount": 95098,
        "isCommercial": "True"
    },
    {
        "id": "d216ea2a-5b56-4303-879a-592ade4a4305",
        "title": "덜 예민해진 잉친이들을 위한 잉혐 스페셜",
        "description": "다음 비하인드도 기대해!\n\n◇비즈니스 문의 : biz@treasurehunter.co.kr\n\n◆우정잉 팬카페 http://cafe.daum.net/ingsfriend\n◆트위치 생방송 https://www.twitch.tv/nanajam777 \n◆인스타그램 https://www.instagram.com/friendshiping94\n\n#우정잉 #우정분식 #비하인드\n\n이 콘텐츠는 인공지능 가상 연기자 서비스, 타입캐스트를 활용하여 제작되었습니다.\n출연진: 승헌\nhttps://typecast.ai/ko",
        "thumbnail": "https://i.ytimg.com/vi/XSSCKbBB-YY/mqdefault.jpg",
        "youtubeVideoId": "XSSCKbBB-YY",
        "uploadedDate": "2022-07-08T03:01:19Z",
        "viewCount": 38353,
        "isCommercial": "False"
    },
    {
        "id": "4967d6a4-bb58-44d6-8c15-1c74ff7fb6a7",
        "title": "오늘 촬영 접을까요? (스포 : 우정잉 괴롭힘 모음zip 대방출)",
        "description": "그동안 우정분식 사랑해줘서 고마웠어! 따봉잉친이들아!\n\n◇비즈니스 문의 : biz@treasurehunter.co.kr\n\n◆우정잉 팬카페 http://cafe.daum.net/ingsfriend\n◆트위치 생방송 https://www.twitch.tv/nanajam777 \n◆인스타그램 https://www.instagram.com/friendshiping94\n\n#우정잉 #우정분식 #비하인드",
        "thumbnail": "https://i.ytimg.com/vi/YwGaDgwu4Xo/mqdefault.jpg",
        "youtubeVideoId": "YwGaDgwu4Xo",
        "uploadedDate": "2022-07-13T07:36:48Z",
        "viewCount": 32932,
        "isCommercial": "False"
    }
]