[
    {
        "id": "e1606c92-f20d-48ed-8b64-a728634b95b8",
        "title": "[걀튭]추위와 어둠속 생존기[The Long Dark] ep.9",
        "description": "트위치로 가기 → https://www.twitch.tv/itsmejanna \n\n구독과 좋아요 감사합니다 :-)",
        "thumbnail": "https://i.ytimg.com/vi/NgkgGlUlMcQ/mqdefault.jpg",
        "youtubeVideoId": "NgkgGlUlMcQ",
        "uploadedDate": "2019-01-25T08:11:48Z",
        "viewCount": 0,
        "isCommercial": "False"
    },
    {
        "id": "c23cbe6c-9946-4cee-85b0-99da8b2a09c1",
        "title": "[걀튭]추위와 어둠속 생존기[The Long Dark] ep.8",
        "description": "트위치로 가기 → https://www.twitch.tv/itsmejanna \n\n구독과 좋아요 감사합니다 :-)",
        "thumbnail": "https://i.ytimg.com/vi/gmP0TCA9DBc/mqdefault.jpg",
        "youtubeVideoId": "gmP0TCA9DBc",
        "uploadedDate": "2019-01-25T08:11:58Z",
        "viewCount": 0,
        "isCommercial": "False"
    },
    {
        "id": "5c0f5b8d-102d-4e4b-9e87-ed5ed54ca601",
        "title": "[걀튭]추위와 어둠속 생존기[The Long Dark] ep.7",
        "description": "트위치로 가기 → https://www.twitch.tv/itsmejanna \n\n구독과 좋아요 감사합니다 :-)",
        "thumbnail": "https://i.ytimg.com/vi/aAwYkrkpxOs/mqdefault.jpg",
        "youtubeVideoId": "aAwYkrkpxOs",
        "uploadedDate": "2019-01-25T08:12:07Z",
        "viewCount": 0,
        "isCommercial": "False"
    },
    {
        "id": "4001c841-d8c9-45c2-b021-de3c1fb77e2d",
        "title": "[걀튭]추위와 어둠속 생존기[The Long Dark] ep.5",
        "description": "군더더기 없는 쌩 플레이영상입니다.\n화려한 편집이 없는 있는 그대로의 진짜 더롱다크를 느껴보세요 호!\n\n트위치로 가기 → https://www.twitch.tv/itsmejanna \n\n구독과 좋아요 감사합니다 :-)",
        "thumbnail": "https://i.ytimg.com/vi/5ekuY0uwM5g/mqdefault.jpg",
        "youtubeVideoId": "5ekuY0uwM5g",
        "uploadedDate": "2019-01-25T08:12:12Z",
        "viewCount": 0,
        "isCommercial": "False"
    },
    {
        "id": "d0f20d8d-df85-461a-9d05-81f9fabaff6e",
        "title": "[걀튭]]추위와 어둠속 생존기[The Long Dark] ep.6",
        "description": "군더더기 없는 쌩 플레이영상입니다.\n화려한 편집이 없는 있는 그대로의 진짜 더롱다크를 느껴보세요 호!\n\n트위치로 가기 → https://www.twitch.tv/itsmejanna \n\n구독과 좋아요 감사합니다 :-)",
        "thumbnail": "https://i.ytimg.com/vi/Ljjbvhs3imk/mqdefault.jpg",
        "youtubeVideoId": "Ljjbvhs3imk",
        "uploadedDate": "2019-01-25T08:12:16Z",
        "viewCount": 0,
        "isCommercial": "False"
    },
    {
        "id": "b2877c21-6a08-457e-a665-447474a0eb7d",
        "title": "[걀튭]추위와 어둠속 생존기[The Long Dark] ep.3",
        "description": "군더더기 없는 쌩 플레이영상입니다.\n화려한 편집이 없는 있는 그대로의 진짜 더롱다크를 느껴보세요 호!\n\n\n트위치로 가기 → https://www.twitch.tv/itsmejanna \n\n구독과 좋아요 감사합니다 :-)",
        "thumbnail": "https://i.ytimg.com/vi/CepYnlg2ieQ/mqdefault.jpg",
        "youtubeVideoId": "CepYnlg2ieQ",
        "uploadedDate": "2019-01-25T08:12:20Z",
        "viewCount": 0,
        "isCommercial": "False"
    },
    {
        "id": "824e43fb-91d2-4430-83b3-ab33b7cc56d5",
        "title": "[걀튭]추위와 어둠속 생존기[The Long Dark] ep.4",
        "description": "군더더기 없는 쌩 플레이영상입니다.\n화려한 편집이 없는 있는 그대로의 진짜 더롱다크를 느껴보세요 호!\n\n\n트위치로 가기 → https://www.twitch.tv/itsmejanna \n\n구독과 좋아요 감사합니다 :-)",
        "thumbnail": "https://i.ytimg.com/vi/clBM2Mm8H5A/mqdefault.jpg",
        "youtubeVideoId": "clBM2Mm8H5A",
        "uploadedDate": "2019-01-25T08:12:24Z",
        "viewCount": 0,
        "isCommercial": "False"
    },
    {
        "id": "d58beecc-d9e1-4d71-affc-e41a0558d0b8",
        "title": "[걀튭]추위와 어둠속 생존기[The Long Dark] ep.2",
        "description": "군더더기 없는 쌩 플레이영상입니다.\n화려한 편집이 없는 있는 그대로의 진짜 더롱다크를 느껴보세요 호!\n\n트위치로 가기 → https://www.twitch.tv/itsmejanna \n\n구독과 좋아요 감사합니다 :-)",
        "thumbnail": "https://i.ytimg.com/vi/ujFHz1SxY10/mqdefault.jpg",
        "youtubeVideoId": "ujFHz1SxY10",
        "uploadedDate": "2019-01-25T08:12:31Z",
        "viewCount": 0,
        "isCommercial": "False"
    },
    {
        "id": "953aab85-a37b-475c-8956-442c06efa974",
        "title": "[걀튭] 추위와 어둠속 생존기[The Long Dark] ep.1",
        "description": "군더더기 없는 쌩 플레이영상입니다.\n화려한 편집이 없는 있는 그대로의 진짜 더롱다크를 느껴보세요 호!\n\n\n트위치로 가기 → https://www.twitch.tv/itsmejanna \n\n구독과 좋아요 감사합니다 :-)",
        "thumbnail": "https://i.ytimg.com/vi/BwUmRnt8ac8/mqdefault.jpg",
        "youtubeVideoId": "BwUmRnt8ac8",
        "uploadedDate": "2019-01-25T08:12:34Z",
        "viewCount": 0,
        "isCommercial": "False"
    },
    {
        "id": "f7865839-c0a4-4769-81a2-6d59f733fa5c",
        "title": "【종겜】무려 이것은 놀라운 !여권검사게임 !려권내라우 , Papers plz ! 페이퍼플리즈 !",
        "description": "무려 이것은 놀라운 !여권검사게임 ! \n려권내라우 , Papers plz ! 페이퍼플리즈 ! \n아오지의 맛을 볼끼야?!\n\n\n\n구독과 좋아요 감사합니다 :-)\n트위치로 가기 → https://www.twitch.tv/itsmejanna \n\n\n김달걀TV는 RixFont클라우드를 사용중 입니다.",
        "thumbnail": "https://i.ytimg.com/vi/uThG3SNT-T0/mqdefault.jpg",
        "youtubeVideoId": "uThG3SNT-T0",
        "uploadedDate": "2020-11-04T15:40:38Z",
        "viewCount": 0,
        "isCommercial": "False"
    },
    {
        "id": "d4abb6e2-da81-43c0-bab8-5a871c836965",
        "title": "【종겜】 긴달걀 보고 싶으신가요 ? 려권풀영상 #1",
        "description": "이영상은 100퍼센트 구독자분들만을 위한 영상입니다.\nㄹㅇ 조회수는 고려하지않은 통 영상입니다. 흑흑 \n\n\n구독과 좋아요 감사합니다 :-)\n트위치로 가기 → https://www.twitch.tv/itsmejanna \n\n#려권 #papers please #여권검사게임\n김달걀TV는 RixFont클라우드를 사용중 입니다.",
        "thumbnail": "https://i.ytimg.com/vi/P6n24HJj-PA/mqdefault.jpg",
        "youtubeVideoId": "P6n24HJj-PA",
        "uploadedDate": "2020-11-09T08:07:37Z",
        "viewCount": 0,
        "isCommercial": "False"
    },
    {
        "id": "ecbe247d-da2b-4cc6-8e75-ce4e8689ce02",
        "title": "【종겜】 긴달걀 보고 싶으신가요 ? 려권풀영상 #2",
        "description": "이영상은 100퍼센트 구독자분들만을 위한 영상입니다.\nㄹㅇ 조회수는 고려하지않은 통 영상입니다. 흑흑 \n\n\n구독과 좋아요 감사합니다 :-)\n트위치로 가기 → https://www.twitch.tv/itsmejanna \n\n#려권 #papers please #여권검사게임\n김달걀TV는 RixFont클라우드를 사용중 입니다.",
        "thumbnail": "https://i.ytimg.com/vi/lsTyx7ovuGs/mqdefault.jpg",
        "youtubeVideoId": "lsTyx7ovuGs",
        "uploadedDate": "2020-11-22T08:52:57Z",
        "viewCount": 0,
        "isCommercial": "False"
    },
    {
        "id": "e0c347cc-043f-42d0-80e5-fa00d24f45da",
        "title": "【종겜】 야 너두 할 수 있어 \"마계촌\"",
        "description": "너무 재밌는 마계촌 ^^\n조만간 다시 마계촌을 누빌것을 \n여러분께 약속드립니다.\n\n\n\n구독과 좋아요 감사합니다 :-)\n트위치로 가기 → https://www.twitch.tv/itsmejanna \n\n\n김달걀TV는 RixFont클라우드를 사용중 입니다.",
        "thumbnail": "https://i.ytimg.com/vi/RNoiAChKQGM/mqdefault.jpg",
        "youtubeVideoId": "RNoiAChKQGM",
        "uploadedDate": "2020-12-09T00:19:54Z",
        "viewCount": 0,
        "isCommercial": "False"
    },
    {
        "id": "479e63db-d1d5-4635-b79c-ced23c797031",
        "title": "어? 이 감초맛쿠키 얼마예요 ? 27만원이요 ^^ (광고아님)",
        "description": "쿠키런왕잠시전문 스트리머 김달걀입니다 ㅎ\n..ㅎ........ 감초쿠키는 잘지내고 있어요 ㅎ\n\n\n\n구독😍과 좋아요👍는 김달걀의 열정을 꿈틀대게 합니다.\n\n생방의 묘미를 엿보기 ▶https://www.twitch.tv/itsmejanna \n달걀의 일상을 엿보기 ▶https://www.instagram.com/kimeggu_\n긴달걀TV      ▶https://www.youtube.com/channel/UCT8E3BCqE3WiuX1pZelBRKA\n\n\n🎵Music provided by 브금대통령 \nTrack : 참나 어이가없어서 - https://youtu.be/sjMoahChxZo\nTrack : 도둑의 계획 - https://youtu.be/CKuI-6-Izhc  \n\n김달걀TV는 RixFont클라우드를 사용중 입니다.\n\n#쿠키런 #쿠키런킹덤 #쿠키런크리스탈",
        "thumbnail": "https://i.ytimg.com/vi/ei73hd_RExo/mqdefault.jpg",
        "youtubeVideoId": "ei73hd_RExo",
        "uploadedDate": "2021-02-11T11:58:30Z",
        "viewCount": 0,
        "isCommercial": "False"
    },
    {
        "id": "9320e2f3-0189-4adf-9c27-7fd531c13dd7",
        "title": "차를 누가 사서타나 ???? 유로김씨의 \" 마썸카 \" ep.1",
        "description": "마이썸머카를 해보았습니다.\n삒X예삒X\n차를 누가 사서 타나 ?\n\n\n구독😍과 좋아요👍는 김달걀의 열정을 꿈틀대게 합니다.\n\n생방의 묘미를 엿보기 ▶https://www.twitch.tv/itsmejanna \n달걀의 일상을 엿보기 ▶https://www.instagram.com/kimeggu_\n긴달걀TV      ▶https://www.youtube.com/channel/UCT8E3BCqE3WiuX1pZelBRKA\n\n\n김달걀TV는 RixFont클라우드를 사용 중 입니다.\n\n#김달걀 #mysummercar #마이썸머카 #마썸카",
        "thumbnail": "https://i.ytimg.com/vi/gGuuwPTabuo/mqdefault.jpg",
        "youtubeVideoId": "gGuuwPTabuo",
        "uploadedDate": "2021-03-01T10:06:43Z",
        "viewCount": 11879,
        "isCommercial": "False"
    },
    {
        "id": "23c04a5d-fe10-425a-a641-e6818f0ff02e",
        "title": "공포게임 합방도중 결국..(햇둡요달쫀)",
        "description": "#김달걀 #공포게임 #인사일런스 \n\n쫀득이 햇살살 요룰레히 연두부님과 함께한 공포게임 합방 영상입니다\n\n\n구독😍과 좋아요👍는 김달걀의 열정을 꿈틀대게 합니다.\n\n생방의 묘미를 엿보기 ▶https://www.twitch.tv/itsmejanna \n달걀의 일상을 엿보기 ▶https://www.instagram.com/kimeggu_\n긴달걀TV      ▶https://www.youtube.com/channel/UCT8E3BCqE3WiuX1pZelBRKA\n\n\n김달걀TV는 RixFont클라우드를 사용중 입니다.",
        "thumbnail": "https://i.ytimg.com/vi/kSgfPQZ-xYk/mqdefault.jpg",
        "youtubeVideoId": "kSgfPQZ-xYk",
        "uploadedDate": "2021-03-04T11:00:53Z",
        "viewCount": 14760,
        "isCommercial": "False"
    },
    {
        "id": "5a087a39-bc7d-4f27-adc0-a8c71ad03b4e",
        "title": "걀.피.릿.다.시.강.림 (햇둡요달쫀 합방 풀영상 데드바이데이라이트)",
        "description": "구독😍과 좋아요👍는 김달걀의 열정을 꿈틀대게 합니다.\n\n#데바데 #햇둡요달쫀 #합방\n\n\n햇구는 너무 무서워..\n\n\n\n\n생방의 묘미를 엿보기 ▶https://www.twitch.tv/itsmejanna \n달걀의 일상을 엿보기 ▶https://www.instagram.com/kimeggu_\n긴달걀TV      ▶https://www.youtube.com/channel/UCT8E3BCqE3WiuX1pZelBRKA\n\n\n김달걀TV는 RixFont클라우드를 사용중 입니다.",
        "thumbnail": "https://i.ytimg.com/vi/bohFsI06CDE/mqdefault.jpg",
        "youtubeVideoId": "bohFsI06CDE",
        "uploadedDate": "2021-03-11T16:08:24Z",
        "viewCount": 6401,
        "isCommercial": "False"
    },
    {
        "id": "748c600c-fc0c-467b-b83d-c2591c56c900",
        "title": "Private video",
        "description": "This video is private.",
        "thumbnail": null,
        "youtubeVideoId": "5ACTgksP0Ts",
        "uploadedDate": "2021-03-11T16:38:39Z",
        "viewCount": 0,
        "isCommercial": "False"
    },
    {
        "id": "3a2f97d6-143b-4955-b7b7-b24e1f214b3c",
        "title": "한손으로 치는 박수 (feat.쟁반위의 옥구슬씨)",
        "description": "전 못하는게 뭐죠 ?\n근데 원핸드클래핑이 무슨뜻이죠 \n그냥 한손으로 치는 박수인가요?\n\n\n구독😍과 좋아요👍는 김달걀의 열정을 꿈틀대게 합니다.\n\n생방의 묘미를 엿보기 ▶https://www.twitch.tv/itsmejanna \n달걀의 일상을 엿보기 ▶https://www.instagram.com/kimeggu_\n긴달걀TV      ▶https://www.youtube.com/channel/UCT8E3BCqE3WiuX1pZelBRKA\n\n\n김달걀TV는 RixFont클라우드를 사용중 입니다.\n\n#원핸드클래핑 #목소리게임 #겜잘스",
        "thumbnail": "https://i.ytimg.com/vi/SA6sJzZTf2o/mqdefault.jpg",
        "youtubeVideoId": "SA6sJzZTf2o",
        "uploadedDate": "2021-06-16T12:30:06Z",
        "viewCount": 2678,
        "isCommercial": "False"
    },
    {
        "id": "9ad6178d-def6-4d9a-87d5-923154008597",
        "title": "김달걀인데요 살려주세요",
        "description": "#김달걀 #총몇명 #공포게임\n\n병원에서 탈출하라고 했더니\n의자에서 현실 탈출해버리는 김누이씨\n혜자방송 ㅇㅈ?\n\n구독😍과 좋아요👍는 김달걀의 열정을 꿈틀대게 합니다.\n\n생방의 묘미를 엿보기 ▶https://www.twitch.tv/itsmejanna \n달걀의 일상을 엿보기 ▶https://www.instagram.com/kimeggu_\n긴달걀TV      ▶https://www.youtube.com/channel/UCT8E3BCqE3WiuX1pZelBRKA\n\n\n김달걀TV는 RixFont클라우드를 사용중 입니다.",
        "thumbnail": "https://i.ytimg.com/vi/ixvvYVWPZFI/mqdefault.jpg",
        "youtubeVideoId": "ixvvYVWPZFI",
        "uploadedDate": "2021-07-15T03:40:57Z",
        "viewCount": 13177,
        "isCommercial": "False"
    },
    {
        "id": "aebc1655-af99-4703-a800-27cd542264c9",
        "title": "트수들의 눈에 비친 나",
        "description": "오늘은 인싸들의 게임이라고 불리는 갈틱폰을\n시청자들과 함께 해 보았어요\n\n근데 사실 김달걀은 닭을 안 좋아할 뿐이라\n억울한가봐요\n\n\n구독😍과 좋아요👍는 김달걀의 열정을 꿈틀대게 합니다.\n\n생방의 묘미를 엿보기 ▶https://www.twitch.tv/itsmejanna \n달걀의 일상을 엿보기 ▶https://www.instagram.com/kimeggu_\n긴달걀TV      ▶https://www.youtube.com/channel/UCT8E3BCqE3WiuX1pZelBRKA\n\n\n김달걀TV는 RixFont클라우드를 사용중 입니다.\n\n#김달걀 #트수 #갈틱폰",
        "thumbnail": "https://i.ytimg.com/vi/WiFcX6THtwM/mqdefault.jpg",
        "youtubeVideoId": "WiFcX6THtwM",
        "uploadedDate": "2021-07-19T12:53:34Z",
        "viewCount": 6952,
        "isCommercial": "False"
    },
    {
        "id": "5b59e7c5-028b-44d5-92b4-161169145165",
        "title": "트수 집단 납치 사건",
        "description": "#김달걀 #흠심메트로 #시뮬레이터\n\n\n구독😍과 좋아요👍는 김달걀의 열정을 꿈틀대게 합니다.\n\n생방의 묘미를 엿보기 ▶https://www.twitch.tv/itsmejanna \n달걀의 일상을 엿보기 ▶https://www.instagram.com/kimeggu_\n긴달걀TV      ▶https://www.youtube.com/channel/UCT8E3BCqE3WiuX1pZelBRKA",
        "thumbnail": "https://i.ytimg.com/vi/6f-_jhydebc/mqdefault.jpg",
        "youtubeVideoId": "6f-_jhydebc",
        "uploadedDate": "2021-08-05T11:14:11Z",
        "viewCount": 4578,
        "isCommercial": "False"
    },
    {
        "id": "dce7495f-138f-4b7d-b8f8-6d2f06d9d098",
        "title": "Private video",
        "description": "This video is private.",
        "thumbnail": null,
        "youtubeVideoId": "D4VpApHNIs0",
        "uploadedDate": "2021-09-17T14:50:13Z",
        "viewCount": 0,
        "isCommercial": "False"
    },
    {
        "id": "64735819-8392-4380-9030-01f76780b0fb",
        "title": "김달걀 담당 일진들 (ft.달걀 깨는 연두부)",
        "description": "#김달걀 #윷놀이 #조롱군단장\n\n@연두부 하이라이트  \n@햇살살 \n@요룰레히 \n\n구독😍과 좋아요👍는 김달걀의 열정을 꿈틀대게 합니다.\n\n🥚 김달걀 비지니스 문의 janna1712@naver.com\n\n🥚 김달걀 라이브 https://www.twitch.tv/itsmejanna \n🥚 김달걀 인스타 https://www.instagram.com/kimeggu_\n🥚 긴달걀TV         https://url.kr/ws8gtl",
        "thumbnail": "https://i.ytimg.com/vi/JN2L7pBgX_4/mqdefault.jpg",
        "youtubeVideoId": "JN2L7pBgX_4",
        "uploadedDate": "2021-09-24T13:47:51Z",
        "viewCount": 8236,
        "isCommercial": "False"
    },
    {
        "id": "11bbe7a2-972e-4fb2-8e53-889f1ce7afdb",
        "title": "누이.. 거기서 뭐해??? (ft.쫀득한 달걀)",
        "description": "#김달걀 #쫀득 #로스트아크\n\n김누이 로스트아크 늅늅해서\n아주 쫀득하던 시절의 영상입니다\n\n\n구독😍과 좋아요👍는 김달걀의 열정을 꿈틀대게 합니다.\n\n🥚 김달걀 비지니스 문의 janna1712@naver.com\n\n🥚 김달걀 라이브 https://www.twitch.tv/itsmejanna \n🥚 김달걀 인스타 https://www.instagram.com/kimeggu_\n🥚 긴달걀TV         https://url.kr/ws8gtl",
        "thumbnail": "https://i.ytimg.com/vi/5cqcHHl_Uzk/mqdefault.jpg",
        "youtubeVideoId": "5cqcHHl_Uzk",
        "uploadedDate": "2021-10-10T03:36:49Z",
        "viewCount": 75517,
        "isCommercial": "False"
    },
    {
        "id": "d10b84c9-0f09-4384-ba24-e74b59fcefb9",
        "title": "5분 순삭",
        "description": "#김달걀 #웃참 #종합게임\n\n구독😍과 좋아요👍는 김달걀의 열정을 꿈틀대게 합니다.\n\n🥚 김달걀 비지니스 문의 janna1712@naver.com\n\n🥚 김달걀 라이브 https://www.twitch.tv/itsmejanna \n🥚 김달걀 인스타 https://www.instagram.com/kimeggu_\n🥚 긴달걀TV         https://url.kr/ws8gtl",
        "thumbnail": "https://i.ytimg.com/vi/X8a7dcm7wvA/mqdefault.jpg",
        "youtubeVideoId": "X8a7dcm7wvA",
        "uploadedDate": "2021-10-20T10:13:47Z",
        "viewCount": 21982,
        "isCommercial": "False"
    },
    {
        "id": "7b73eecf-679c-40b1-974e-b72955b11411",
        "title": "김씨, 정말 아직도 사람을 믿나?",
        "description": "#김달걀  #오징어게임 #마인크래프트 #squidgame\n\n(자막과 화면의 참가자 명단 순서는 무의식의 흐름대로 적은 것)\n\n주최자  @건곤  \n참가자 @량양 @망치와응팔 @사나고 Sanago @짠발 @휘용 Hwiyong \n\n구독😍과 좋아요👍는 김달걀의 열정을 꿈틀대게 합니다.\n\n🥚 김달걀 비지니스 문의 janna1712@naver.com\n\n🥚 김달걀 라이브 https://www.twitch.tv/itsmejanna \n🥚 김달걀 인스타 https://www.instagram.com/kimeggu_\n🥚 긴달걀TV         https://url.kr/ws8gtl",
        "thumbnail": "https://i.ytimg.com/vi/-mDJjVih8Dg/mqdefault.jpg",
        "youtubeVideoId": "-mDJjVih8Dg",
        "uploadedDate": "2021-10-31T13:08:26Z",
        "viewCount": 14623,
        "isCommercial": "False"
    },
    {
        "id": "f2c62b89-8343-4a98-bfd0-f32ab0b4e321",
        "title": "걀들걀들... \"마썸카\" ep.2",
        "description": "마이썸머카를 해보았습니다.\n삒X예삒X\n차를 누가 사서 타나 ?\n\n\n구독😍과 좋아요👍는 김달걀의 열정을 꿈틀대게 합니다.\n\n생방의 묘미를 엿보기 ▶https://www.twitch.tv/itsmejanna \n달걀의 일상을 엿보기 ▶https://www.instagram.com/kimeggu_\n긴달걀TV      ▶https://www.youtube.com/channel/UCT8E3BCqE3WiuX1pZelBRKA\n\n\n김달걀TV는 RixFont클라우드를 사용중 입니다.\n\n#김달걀 #mysummercar #마이썸머카 #마썸카",
        "thumbnail": "https://i.ytimg.com/vi/yguwd_NzZQc/mqdefault.jpg",
        "youtubeVideoId": "yguwd_NzZQc",
        "uploadedDate": "2021-12-07T03:04:53Z",
        "viewCount": 9592,
        "isCommercial": "False"
    },
    {
        "id": "e7c673a3-2025-4dd7-9c97-26d577528307",
        "title": "하다하다 랜쿼드에서도 업신여김을 당하는 나",
        "description": "#김달걀 #배그 #업신여김\n\n첫 랜덤 스쿼드를 돌리며 이런 저런 컨셉 보이스를 해 볼 생각에 들떴던 누이\n그러나 현실은 트수 한정 여포였던 것...\n\n구독😍과 좋아요👍는 김달걀의 열정을 꿈틀대게 합니다.\n\n🥚 김달걀 비지니스 문의 janna1712@naver.com\n\n🥚 김달걀 라이브 https://www.twitch.tv/itsmejanna \n🥚 김달걀 인스타 https://www.instagram.com/kimeggu_\n🥚 긴달걀TV         https://url.kr/ws8gtl",
        "thumbnail": "https://i.ytimg.com/vi/Fy6ZaACqNPk/mqdefault.jpg",
        "youtubeVideoId": "Fy6ZaACqNPk",
        "uploadedDate": "2022-01-13T12:34:48Z",
        "viewCount": 16020,
        "isCommercial": "False"
    },
    {
        "id": "b077c3c4-454c-4ea7-91fe-42d985b6622f",
        "title": "남자친구 집을 점령하는 법",
        "description": "#김달걀 #언패킹 #이사\n\n헤어짐은.. 예견된 일이었어..\n\n구독😍과 좋아요👍는 김달걀의 열정을 꿈틀대게 합니다.\n\n🥚 김달걀 비지니스 문의 janna1712@naver.com\n\n🥚 김달걀 라이브 https://www.twitch.tv/itsmejanna \n🥚 김달걀 인스타 https://www.instagram.com/kimeggu_\n🥚 긴달걀TV         https://url.kr/ws8gtl",
        "thumbnail": "https://i.ytimg.com/vi/JI1RrDdTLAA/mqdefault.jpg",
        "youtubeVideoId": "JI1RrDdTLAA",
        "uploadedDate": "2022-01-16T10:36:11Z",
        "viewCount": 14789,
        "isCommercial": "False"
    },
    {
        "id": "b7d7d967-df75-4e54-b6c1-c6f2c3996198",
        "title": "딸아, 토 달지 말거라",
        "description": "#김달걀 #프린세스메이커 #프메2\n\n썸네일\n울트라마린블루딥0606님 (동달본 카페)\n\n\n구독😍과 좋아요👍는 김달걀의 열정을 꿈틀대게 합니다.\n\n🥚 김달걀 비지니스 문의 janna1712@naver.com\n\n🥚 김달걀 라이브 https://www.twitch.tv/itsmejanna \n🥚 김달걀 인스타 https://www.instagram.com/kimeggu_\n🥚 긴달걀TV         https://url.kr/ws8gtl",
        "thumbnail": "https://i.ytimg.com/vi/GNfoLfd4myA/mqdefault.jpg",
        "youtubeVideoId": "GNfoLfd4myA",
        "uploadedDate": "2022-01-25T12:33:41Z",
        "viewCount": 13387,
        "isCommercial": "False"
    },
    {
        "id": "6efa33e4-d49e-48c5-a489-5d7b869f1760",
        "title": "틀니 한 번 끼게 해 줘?ㅎㅎㅎ",
        "description": "#김달걀 #연두부 #배그\n\n구독😍과 좋아요👍는 김달걀의 열정을 꿈틀대게 합니다.\n\n🥚 김달걀 비지니스 문의 janna1712@naver.com\n\n🥚 김달걀 라이브 https://www.twitch.tv/itsmejanna \n🥚 김달걀 인스타 https://www.instagram.com/kimeggu_\n🥚 긴달걀TV         https://url.kr/ws8gtl",
        "thumbnail": "https://i.ytimg.com/vi/TNefqmMMg3Y/mqdefault.jpg",
        "youtubeVideoId": "TNefqmMMg3Y",
        "uploadedDate": "2022-01-28T11:50:26Z",
        "viewCount": 15536,
        "isCommercial": "False"
    },
    {
        "id": "73975bbc-da57-4f1c-b494-352d9155eed1",
        "title": "김달걀입니다 죄송합니다",
        "description": "#김달걀 #뱀파이어서바이벌 #멸망\n\n\n구독😍과 좋아요👍는 김달걀의 열정을 꿈틀대게 합니다.\n\n🥚 김달걀 비지니스 문의 janna1712@naver.com\n\n🥚 김달걀 라이브 https://www.twitch.tv/itsmejanna \n🥚 김달걀 인스타 https://www.instagram.com/kimeggu_\n🥚 긴달걀TV         https://url.kr/ws8gtl",
        "thumbnail": "https://i.ytimg.com/vi/l5Wr9DZBJ2Q/mqdefault.jpg",
        "youtubeVideoId": "l5Wr9DZBJ2Q",
        "uploadedDate": "2022-02-02T11:05:16Z",
        "viewCount": 25520,
        "isCommercial": "False"
    },
    {
        "id": "02ef6211-2bb3-4f68-9aab-6d90621924dc",
        "title": "김달걀이 120주 휴방을 선언한 이유",
        "description": "#김달걀 #팬게임 #트위치\n\n이제는 하다하다 게임으로 돌려지는 나\n\n\n💗땡스투💗\n❤  팬게임 / 홍키키님 ❤ \n❤  썸네일 / 동달본 다크블루0709님 ❤ \n\n\n구독😍과 좋아요👍는 김달걀의 열정을 꿈틀대게 합니다.\n\n🥚 김달걀 비지니스 문의 janna1712@naver.com\n\n🥚 김달걀 라이브 https://www.twitch.tv/itsmejanna \n🥚 김달걀 인스타 https://www.instagram.com/kimeggu_\n🥚 긴달걀TV         https://url.kr/ws8gtl",
        "thumbnail": "https://i.ytimg.com/vi/GwGRaFV2pB0/mqdefault.jpg",
        "youtubeVideoId": "GwGRaFV2pB0",
        "uploadedDate": "2022-02-04T11:24:59Z",
        "viewCount": 10894,
        "isCommercial": "False"
    },
    {
        "id": "dbd24717-ded4-4ac1-ac21-f5fd1f55df41",
        "title": "약해빠진 예언자",
        "description": "#김달걀 #엘든링 #커마\n\n\n구독😍과 좋아요👍는 김달걀의 열정을 꿈틀대게 합니다.\n\n🥚 김달걀 비지니스 문의 janna1712@naver.com\n\n🥚 김달걀 라이브 https://www.twitch.tv/itsmejanna \n🥚 김달걀 인스타 https://www.instagram.com/kimeggu_\n🥚 긴달걀TV         https://url.kr/ws8gtl",
        "thumbnail": "https://i.ytimg.com/vi/7mFysMVMNig/mqdefault.jpg",
        "youtubeVideoId": "7mFysMVMNig",
        "uploadedDate": "2022-03-02T11:09:48Z",
        "viewCount": 14423,
        "isCommercial": "False"
    },
    {
        "id": "3e3c0830-eab0-4984-a38d-24ba7efe8bce",
        "title": "이젠 처음보는 여캠에게도 업신여김을 당하는 나",
        "description": "↓↓↓ 다 함께 누이를 이기러 가자구! ↓↓↓\nhttps://sausagemankr.onelink.me/P1rD/dad86df2\n\n#김달걀 #잼민이 #소시지맨\n\n구독😍과 좋아요👍는 김달걀의 열정을 꿈틀대게 합니다.\n\n🥚 김달걀 비지니스 문의 janna1712@naver.com\n\n🥚 김달걀 라이브 https://www.twitch.tv/itsmejanna \n🥚 김달걀 인스타 https://www.instagram.com/kimeggu_\n🥚 긴달걀TV         https://url.kr/ws8gtl",
        "thumbnail": "https://i.ytimg.com/vi/AWLB-az384o/mqdefault.jpg",
        "youtubeVideoId": "AWLB-az384o",
        "uploadedDate": "2022-03-03T07:37:54Z",
        "viewCount": 56427,
        "isCommercial": "True"
    },
    {
        "id": "8dbfa890-44de-4e73-ba70-55f10c057a49",
        "title": "??? :  허기워기? 안 무서울 것 같아",
        "description": "#김달걀 #파피플레이타임 #허기워기\n\nㅋㅋㅋㅋㅋㅋㅋㅋㅋㅋㅋㅋㅋㅋㅋㅋㅋㅋㅋㅋㅋㅋㅋㅋㅋ\n누이는 언젠가.. 허기원씨를 만날 수 있을까?\n\n구독😍과 좋아요👍는 김달걀의 열정을 꿈틀대게 합니다.\n\n🥚 김달걀 비지니스 문의 janna1712@naver.com\n\n🥚 김달걀 라이브 https://www.twitch.tv/itsmejanna \n🥚 김달걀 인스타 https://www.instagram.com/kimeggu_\n🥚 긴달걀TV         https://url.kr/ws8gtl",
        "thumbnail": "https://i.ytimg.com/vi/jOh317O9NW8/mqdefault.jpg",
        "youtubeVideoId": "jOh317O9NW8",
        "uploadedDate": "2022-03-28T10:54:16Z",
        "viewCount": 13691,
        "isCommercial": "False"
    },
    {
        "id": "f3e15775-6366-45fc-add5-2dfa1e09c4fd",
        "title": "이젠 도자기로도 웃겨주는 스트리머 ㅋㅋㅋㅋ",
        "description": "#김달걀 #굿즈 #도자기\n\n힐링을 빌미로 난동을 피우는 누이..\n\n(썸네일 - 동달본 0000234794 횐님 작품)\n\n구독😍과 좋아요👍는 김달걀의 열정을 꿈틀대게 합니다.\n\n🥚 김달걀 비지니스 문의 janna1712@naver.com\n\n🥚 김달걀 라이브 https://www.twitch.tv/itsmejanna \n🥚 김달걀 인스타 https://www.instagram.com/kimeggu_\n🥚 긴달걀TV         https://url.kr/ws8gtl\n\n#종합게임 #도자기게임 #장인 #종겜 #스팀게임 #힐링게임 #힐링",
        "thumbnail": "https://i.ytimg.com/vi/JuHPsQx6NOQ/mqdefault.jpg",
        "youtubeVideoId": "JuHPsQx6NOQ",
        "uploadedDate": "2022-04-07T10:27:25Z",
        "viewCount": 9590,
        "isCommercial": "False"
    },
    {
        "id": "0536f944-3c91-47e1-b91d-02afcf49d7ac",
        "title": "서울 PC방에서 포착된 누이ㅋㅋㅋ",
        "description": "#NVIDIA #GeForce #iCafe #NVIDIAReflex\n\n\n\n사회적 거리두기 전면 해제! 이제 일상으로 돌아갈 시간입니다. 게이머들이 함께 즐겼던 그리운 공간, PC방으로 가보실까요?\n\n* 엔비디아 PC방으로 김달걀이 간다! 지포스 그래픽카드로 즐겁게 게임하고, 엔비디아 리플렉스로 승리를! \n\n본 콘텐츠는 컬러풀과 엔비디아 협찬과 지원으로 제작되었습니다.\n이 영상은 광.고.입.니.다\n\n낮은 레이턴시의 게이밍, NVIDIA REFLEX 밀리초 단위로 최적화! 승리의 비결!\nhttps://www.nvidia.com/ko-kr/geforce/technologies/reflex/",
        "thumbnail": "https://i.ytimg.com/vi/zhVUzBHPp1I/mqdefault.jpg",
        "youtubeVideoId": "zhVUzBHPp1I",
        "uploadedDate": "2022-04-23T09:19:38Z",
        "viewCount": 35603,
        "isCommercial": "True"
    },
    {
        "id": "a7de78f8-4aef-421c-b776-03f0ec0f9dd2",
        "title": "우오아ㅏㅏㄱ",
        "description": "#김달걀 #공포게임 #마녀의집\n\n\n아웃트로 작가 횐님 번호 0000234794\n\n\n구독😍과 좋아요👍는 김달걀의 열정을 꿈틀대게 합니다.\n\n🥚 김달걀 비지니스 문의 janna1712@naver.com\n\n🥚 김달걀 라이브 https://www.twitch.tv/itsmejanna \n🥚 김달걀 인스타 https://www.instagram.com/kimeggu_\n🥚 긴달걀TV         https://url.kr/ws8gtl",
        "thumbnail": "https://i.ytimg.com/vi/GfUIfvzM14Q/mqdefault.jpg",
        "youtubeVideoId": "GfUIfvzM14Q",
        "uploadedDate": "2022-05-03T10:25:32Z",
        "viewCount": 8910,
        "isCommercial": "False"
    },
    {
        "id": "35823e58-5b54-4c38-b5fd-ec8f127baf67",
        "title": "…. 이건 못 참지!!!",
        "description": "#김달걀 #playstation #daysofplay \n\nDAYS OF PLAY 더 알아보기 :\nhttp://playstation.com/ko-kr/deals/days-of-play/\nDAYS OF PLAY 기간 : 5월 25일 ~ 6월 8일\n\n🤍 해당 영상에는 Playstation의 유료광고가 포함 되어있습니다\n\n구독😍과 좋아요👍는 김달걀의 열정을 꿈틀대게 합니다.\n\n🥚 김달걀 비지니스 문의 janna1712@naver.com\n\n🥚 김달걀 라이브 https://www.twitch.tv/itsmejanna \n🥚 김달걀 인스타 https://www.instagram.com/kimeggu_\n🥚 긴달걀TV         https://url.kr/ws8gtl",
        "thumbnail": "https://i.ytimg.com/vi/df1VkZZqJgc/mqdefault.jpg",
        "youtubeVideoId": "df1VkZZqJgc",
        "uploadedDate": "2022-06-03T10:19:04Z",
        "viewCount": 25008,
        "isCommercial": "True"
    },
    {
        "id": "32ce4135-d350-450d-996a-093ec84625f7",
        "title": "변치 않는 우리 사이.. ^^",
        "description": "#김달걀 #우정잉 #playstation \n\n걀♥잉\n\n\n\n이 영상은 소니인터랙티브엔터테인먼트코리아로부터 지원을 받아 제작되었습니다.\n\n\n\n\n구독😍과 좋아요👍는 김달걀의 열정을 꿈틀대게 합니다.\n\n🥚 김달걀 비지니스 문의 janna1712@naver.com\n\n🥚 김달걀 라이브 https://www.twitch.tv/itsmejanna \n🥚 김달걀 인스타 https://www.instagram.com/kimeggu_\n🥚 긴달걀TV         https://url.kr/ws8gtl",
        "thumbnail": "https://i.ytimg.com/vi/3WX3dCol3J8/mqdefault.jpg",
        "youtubeVideoId": "3WX3dCol3J8",
        "uploadedDate": "2022-06-29T08:43:57Z",
        "viewCount": 54057,
        "isCommercial": "True"
    },
    {
        "id": "7a5815ce-28a5-4020-9ad0-7b3796f4ec63",
        "title": "접속만 해도 행복해 했던 광기군단장 #웃긴영상",
        "description": "#김달걀 #로스트아크 #shorts \n\n구독😍과 좋아요👍는 김달걀의 열정을 꿈틀대게 합니다.\n\n🥚 김달걀 비지니스 문의 janna1712@naver.com\n\n🥚 김달걀 라이브 https://www.twitch.tv/itsmejanna \n🥚 김달걀 인스타 https://www.instagram.com/kimeggu_\n🥚 긴달걀TV         https://url.kr/ws8gtl",
        "thumbnail": "https://i.ytimg.com/vi/5a_wiXuHAnU/mqdefault.jpg",
        "youtubeVideoId": "5a_wiXuHAnU",
        "uploadedDate": "2022-07-03T01:13:34Z",
        "viewCount": 6840,
        "isCommercial": "False"
    },
    {
        "id": "616e8547-1e89-46a0-8b49-f58b88fab0d4",
        "title": "이걸 고양이가 만들었다고?",
        "description": "#PlayStationPlus #PlayStation5 #PS5 #Stray \n\n\n🤍 해당 영상에는 Playstation의 유료광고가 포함 되어있습니다.\n\n\n구독😍과 좋아요👍는 김달걀의 열정을 꿈틀대게 합니다.\n\n🥚 김달걀 비지니스 문의 janna1712@naver.com\n\n🥚 김달걀 라이브 https://www.twitch.tv/itsmejanna \n🥚 김달걀 인스타 https://www.instagram.com/kimeggu_\n🥚 긴달걀TV         https://url.kr/ws8gtl",
        "thumbnail": "https://i.ytimg.com/vi/rwJtqu-Z5gw/mqdefault.jpg",
        "youtubeVideoId": "rwJtqu-Z5gw",
        "uploadedDate": "2022-07-27T00:48:27Z",
        "viewCount": 16488,
        "isCommercial": "True"
    },
    {
        "id": "a9a8c9b1-35df-41cd-b715-f1a96ecf1f4b",
        "title": "돈을 흥청망청 쓴 스트리머의 최후",
        "description": "#김달걀 #개인회생 #멸망전\n\n해당영상에는 피망포커의 유료광고가 포함되어 있습니다\n\n@철면수심 @김나성 @스나랑Snarang @푸린 \n\n \n구독😍과 좋아요👍는 김달걀의 열정을 꿈틀대게 합니다.\n\n🥚 김달걀 비지니스 문의 janna1712@naver.com\n\n🥚 김달걀 라이브 https://www.twitch.tv/itsmejanna \n🥚 김달걀 인스타 https://www.instagram.com/kimeggu_\n🥚 긴달걀TV         https://url.kr/ws8gtl",
        "thumbnail": "https://i.ytimg.com/vi/1IPwd2v_nSE/mqdefault.jpg",
        "youtubeVideoId": "1IPwd2v_nSE",
        "uploadedDate": "2022-08-30T10:29:36Z",
        "viewCount": 25499,
        "isCommercial": "True"
    },
    {
        "id": "3af3877e-50cf-4780-a40f-0af3c906a812",
        "title": "김달걀 카운터 3인방",
        "description": "#김달걀\n\n구독😍과 좋아요👍는 김달걀의 열정을 꿈틀대게 합니다.\n\n🥚 김달걀 비지니스 문의 janna1712@naver.com\n\n🥚 김달걀 라이브 https://www.twitch.tv/itsmejanna \n🥚 김달걀 인스타 https://www.instagram.com/kimeggu_\n🥚 긴달걀TV         https://url.kr/ws8gtl",
        "thumbnail": "https://i.ytimg.com/vi/OH-6wpexL7I/mqdefault.jpg",
        "youtubeVideoId": "OH-6wpexL7I",
        "uploadedDate": "2022-09-15T11:46:12Z",
        "viewCount": 12199,
        "isCommercial": "False"
    },
    {
        "id": "f916b72a-414d-4ba6-8674-ad1156749266",
        "title": "얼굴을 가장 막 쓰는 스트리머 1위",
        "description": "#김달걀 #playstation5 #playstation\n\n\n🤍 해당 영상에는 Playstation의 유료광고가 포함 되어있습니다.\n\n\n구독😍과 좋아요👍는 김달걀의 열정을 꿈틀대게 합니다.\n\n🥚 김달걀 비지니스 문의 janna1712@naver.com\n\n🥚 김달걀 라이브 https://www.twitch.tv/itsmejanna \n🥚 김달걀 인스타 https://www.instagram.com/kimeggu_\n🥚 긴달걀TV         https://url.kr/ws8gtl",
        "thumbnail": "https://i.ytimg.com/vi/XTp9HoxAtUU/mqdefault.jpg",
        "youtubeVideoId": "XTp9HoxAtUU",
        "uploadedDate": "2022-09-19T04:12:30Z",
        "viewCount": 16044,
        "isCommercial": "True"
    },
    {
        "id": "70f5491c-f8e2-4928-9ae3-8e3d6940b812",
        "title": "제가 다 이깁니다",
        "description": "#김달걀  #피망뉴맞고 #3대550\n\n구독😍과 좋아요👍는 김달걀의 열정을 꿈틀대게 합니다.\n\n🥚 김달걀 비지니스 문의 janna1712@naver.com\n\n🥚 김달걀 라이브 https://www.twitch.tv/itsmejanna \n🥚 김달걀 인스타 https://www.instagram.com/kimeggu_\n🥚 긴달걀TV         https://url.kr/ws8gtl",
        "thumbnail": "https://i.ytimg.com/vi/mP7rpfOUWsc/mqdefault.jpg",
        "youtubeVideoId": "mP7rpfOUWsc",
        "uploadedDate": "2022-09-25T10:03:00Z",
        "viewCount": 31530,
        "isCommercial": "True"
    },
    {
        "id": "0d734702-12ec-42af-8b83-770bdc231458",
        "title": "가난한 그 남자의 반전..",
        "description": "#김달걀 #playstation5 #스파이더맨리마스터 \n\n구독😍과 좋아요👍는 김달걀의 열정을 꿈틀대게 합니다.\n\n🥚 김달걀 비지니스 문의 janna1712@naver.com\n\n🥚 김달걀 라이브 https://www.twitch.tv/itsmejanna \n🥚 김달걀 인스타 https://www.instagram.com/kimeggu_\n🥚 긴달걀TV         https://url.kr/ws8gtl",
        "thumbnail": "https://i.ytimg.com/vi/adyUXRXZpJU/mqdefault.jpg",
        "youtubeVideoId": "adyUXRXZpJU",
        "uploadedDate": "2022-10-02T02:18:20Z",
        "viewCount": 13996,
        "isCommercial": "True"
    },
    {
        "id": "59c2c460-6f6f-4171-ac9d-ef2ccaa644b5",
        "title": "남성분에게 듀오 신청이 왔는데.. 시청자들 반응이??;;",
        "description": "#김달걀 #듀오 #웃긴영상 \n#러브미션 #듀오만추\n\n구독😍과 좋아요👍는 김달걀의 열정을 꿈틀대게 합니다.\n\n🥚 김달걀 비지니스 문의 janna1712@naver.com\n\n🥚 김달걀 라이브 https://www.twitch.tv/itsmejanna \n🥚 김달걀 인스타 https://www.instagram.com/kimeggu_\n🥚 긴달걀TV         https://url.kr/ws8gtl",
        "thumbnail": "https://i.ytimg.com/vi/6v6wbuJCuzU/mqdefault.jpg",
        "youtubeVideoId": "6v6wbuJCuzU",
        "uploadedDate": "2022-10-17T11:20:12Z",
        "viewCount": 9008,
        "isCommercial": "False"
    }
]