[
    {
        "id": "bc3e59a5-6876-432f-a4a3-ba566573b896",
        "title": "오버워치 노래방 노래 못부르는 척! 하다가 잘 불러보았다 반응은!? 부른곡 : pay phone [오버워치 노래방] overwatch",
        "description": "트위치 생방 주소 ㄱ\nhttps://www.twitch.tv/pjs9073",
        "thumbnail": "https://i.ytimg.com/vi/n77DZi_LYWY/mqdefault.jpg",
        "youtubeVideoId": "n77DZi_LYWY",
        "uploadedDate": "2017-09-28T20:26:27Z",
        "viewCount": 0,
        "isCommercial": "False"
    },
    {
        "id": "6833f2e6-af8e-4ccb-b34c-63158c2da162",
        "title": "오버워치 노래방 조회수 100만뷰인 언더테일 stronger than you를 라이브로 부르다!? (부른노래 : stronger than you) [오버워치 노래방]",
        "description": "트위치 생방 주소 ㄱ\nhttps://www.twitch.tv/pjs9073",
        "thumbnail": "https://i.ytimg.com/vi/PAE6Ti5RvP0/mqdefault.jpg",
        "youtubeVideoId": "PAE6Ti5RvP0",
        "uploadedDate": "2017-10-07T20:38:11Z",
        "viewCount": 0,
        "isCommercial": "False"
    },
    {
        "id": "ad43feaa-cdd3-47aa-ad4a-a79ab44032da",
        "title": "오버워치 노래방에서 호랑수월가를 라이브로 부르다! (부른노래 : 호랑수월가) [오버워치 노래방]",
        "description": "트위치 생방 주소 ㄱ\nhttps://www.twitch.tv/pjs9073",
        "thumbnail": "https://i.ytimg.com/vi/8Ws94DCMEqY/mqdefault.jpg",
        "youtubeVideoId": "8Ws94DCMEqY",
        "uploadedDate": "2017-10-11T06:00:13Z",
        "viewCount": 0,
        "isCommercial": "False"
    },
    {
        "id": "638c5eae-f593-4e0b-a2cb-1c9b23d5ed2b",
        "title": "오버워치 노래방에서 노래 잘 부르다가 보고싶다 그렉 버전으로 부르다!! 반응 주의 (부른노래 : 보고싶다) [오버워치 노래방]",
        "description": "트위치 생방 주소 ㄱ\nhttps://www.twitch.tv/pjs9073",
        "thumbnail": "https://i.ytimg.com/vi/Rcjw_Edvj2Q/mqdefault.jpg",
        "youtubeVideoId": "Rcjw_Edvj2Q",
        "uploadedDate": "2017-10-14T21:20:44Z",
        "viewCount": 0,
        "isCommercial": "False"
    },
    {
        "id": "72148267-f0cc-4c6f-b264-06e8289d1a67",
        "title": "오버워치 노래방에서 윤종신 - 좋니를 급식체로 불러보았다!! 반응 주의 (부른노래 : 좋니) [오버워치 노래방]",
        "description": "트위치 생방 주소 ㄱ\nhttps://www.twitch.tv/pjs9073\n\n노래를 제대로 배운게 아니라 모자란게 많습니다.\n\n보시다가 불편하시더라도 양해 부탁드리겠습니다!",
        "thumbnail": "https://i.ytimg.com/vi/rIG5Hg2sypY/mqdefault.jpg",
        "youtubeVideoId": "rIG5Hg2sypY",
        "uploadedDate": "2017-10-17T20:59:26Z",
        "viewCount": 0,
        "isCommercial": "False"
    },
    {
        "id": "f3294b0c-b1cd-46a8-a980-99033755a3cf",
        "title": "코미디 나이트 외국인 앞에서 강남스타일 어쿠스틱 버전을 불러보았다! (부른노래 : 강남스타일) [코미디나이트]",
        "description": "트위치 생방 주소 ㄱ\nhttps://www.twitch.tv/pjs9073",
        "thumbnail": "https://i.ytimg.com/vi/b6zn5ToY3RE/mqdefault.jpg",
        "youtubeVideoId": "b6zn5ToY3RE",
        "uploadedDate": "2017-10-21T13:17:12Z",
        "viewCount": 0,
        "isCommercial": "False"
    },
    {
        "id": "bccc7a72-b0d2-4bcc-b26d-1fe283c071c9",
        "title": "우타이테 노래방에서 시대를 초월한 마음을 불러보았다!! 반응 주의 (부른노래 : 시대를 초월한 마음) [오버워치 노래방]",
        "description": "트위치 생방 주소 ㄱ\nhttps://www.twitch.tv/pjs9073",
        "thumbnail": "https://i.ytimg.com/vi/ip-1kUWZytE/mqdefault.jpg",
        "youtubeVideoId": "ip-1kUWZytE",
        "uploadedDate": "2017-10-25T07:00:12Z",
        "viewCount": 0,
        "isCommercial": "False"
    },
    {
        "id": "742c94f2-5434-4df1-a4b8-d9fd648b603e",
        "title": "오버워치 초딩 노래방에서 급식체로 marry me를 불러보았다!! 반응 주의 (부른노래 : marry me) [오버워치 노래방]",
        "description": "트위치 생방 주소 ㄱ\nhttps://www.twitch.tv/pjs9073",
        "thumbnail": "https://i.ytimg.com/vi/8K14npAs56k/mqdefault.jpg",
        "youtubeVideoId": "8K14npAs56k",
        "uploadedDate": "2017-11-01T05:56:20Z",
        "viewCount": 0,
        "isCommercial": "False"
    },
    {
        "id": "05d8d3a5-38c7-4cfd-9f13-215a8bc60ed8",
        "title": "오버워치 노래방에서 너의이름은 난데모나이야 ( 아무것도 아니야 ) 한국어 버전으로 불러보았다! 반응 주의 (부른노래 : 난데모나이야) [오버워치 노래방",
        "description": "트위치 생방 주소 ㄱ\nhttps://www.twitch.tv/pjs9073",
        "thumbnail": "https://i.ytimg.com/vi/eSkViqx0Ebg/mqdefault.jpg",
        "youtubeVideoId": "eSkViqx0Ebg",
        "uploadedDate": "2017-11-15T05:43:18Z",
        "viewCount": 0,
        "isCommercial": "False"
    },
    {
        "id": "09448e78-2f5d-43d4-a2bc-9c2284dc4554",
        "title": "오버워치 노래방에서 호랑풍류가를 불러보았다!  (부른노래 : 호랑풍류가) [오버워치 노래방]",
        "description": "트위치 생방 주소 ㄱ\nhttps://www.twitch.tv/pjs9073",
        "thumbnail": "https://i.ytimg.com/vi/0ZHhuTd9M-k/mqdefault.jpg",
        "youtubeVideoId": "0ZHhuTd9M-k",
        "uploadedDate": "2017-11-17T05:44:09Z",
        "viewCount": 0,
        "isCommercial": "False"
    },
    {
        "id": "7a0a4feb-2559-4756-926b-0ad803b2d046",
        "title": "오버워치 노래방 노래 못부르는 척! 하다가 잘 불러보았다 2탄 반응은!? 부른곡 : 홍련의 화살 [오버워치 노래방] overwatch",
        "description": "트위치 생방 주소 ㄱ\nhttps://www.twitch.tv/pjs9073",
        "thumbnail": "https://i.ytimg.com/vi/CR9h8A3qB6I/mqdefault.jpg",
        "youtubeVideoId": "CR9h8A3qB6I",
        "uploadedDate": "2017-12-09T01:53:08Z",
        "viewCount": 0,
        "isCommercial": "False"
    },
    {
        "id": "2b0b36e9-8e2e-41a3-9579-6dc40db5725f",
        "title": "찌질이 처럼 있다가 반전 노래를 불러보았다! 반응은!? 부른곡 : 죽겠네 [오버워치 노래방] overwatch",
        "description": "트위치 생방 주소 ㄱ\nhttps://www.twitch.tv/pjs9073",
        "thumbnail": "https://i.ytimg.com/vi/NrzYy9UtX8c/mqdefault.jpg",
        "youtubeVideoId": "NrzYy9UtX8c",
        "uploadedDate": "2017-12-14T06:39:01Z",
        "viewCount": 0,
        "isCommercial": "False"
    },
    {
        "id": "f01921ee-792c-4ec2-a2a6-734ed5315145",
        "title": "요즘 제일 핫한 비트코인 주식러를 위한 노래! [주식운] 부른곡 : 비행운 [오버워치 노래방] overwatch",
        "description": "트위치 생방 주소 ㄱ\nhttps://www.twitch.tv/pjs9073",
        "thumbnail": "https://i.ytimg.com/vi/n-Grk3C-y_g/mqdefault.jpg",
        "youtubeVideoId": "n-Grk3C-y_g",
        "uploadedDate": "2017-12-20T06:45:26Z",
        "viewCount": 0,
        "isCommercial": "False"
    },
    {
        "id": "73e292db-497c-4b1e-abe4-ce5a25357a27",
        "title": "초딩 오버워치 노래방에서 백금디스코 어쿠스틱 버전을 불러보았다!  부른곡 : 백금디스코 [오버워치 노래방] overwatch",
        "description": "트위치 생방 주소 ㄱ\nhttps://www.twitch.tv/pjs9073",
        "thumbnail": "https://i.ytimg.com/vi/1ELkf3QbDrE/mqdefault.jpg",
        "youtubeVideoId": "1ELkf3QbDrE",
        "uploadedDate": "2018-01-13T00:01:15Z",
        "viewCount": 0,
        "isCommercial": "False"
    },
    {
        "id": "9257eafa-9a8d-4f7d-a3bc-4eeea03e86cc",
        "title": "오버워치 노래방에서 전전전세 한국어 버전으로 불러보았다!! 부른곡 : 전전전세 [오버워치 노래방] overwatch",
        "description": "트위치 생방 주소 ㄱ\nhttps://www.twitch.tv/pjs9073",
        "thumbnail": "https://i.ytimg.com/vi/QlVHpm9d5_Q/mqdefault.jpg",
        "youtubeVideoId": "QlVHpm9d5_Q",
        "uploadedDate": "2018-01-21T03:08:18Z",
        "viewCount": 0,
        "isCommercial": "False"
    },
    {
        "id": "932bd5fc-3e5b-49c2-ac4f-95cdd78365a1",
        "title": "음치 노래방에서 야한 가사 10cm pet을 불러보았다! 음란마귀 주의 부른곡 : pet [오버워치 노래방] overwatch",
        "description": "트위치 생방 주소 ㄱ\nhttps://www.twitch.tv/pjs9073",
        "thumbnail": "https://i.ytimg.com/vi/y_iyFnM1f9A/mqdefault.jpg",
        "youtubeVideoId": "y_iyFnM1f9A",
        "uploadedDate": "2018-02-04T00:30:35Z",
        "viewCount": 0,
        "isCommercial": "False"
    },
    {
        "id": "7d8daaf1-ecbc-451f-8aad-c3490c95cbde",
        "title": "오버워치 노래방에서 디지몬 버터플라이를 불러보았다!! 부른곡 : 버터플라이 [오버워치 노래방] overwatch",
        "description": "트위치 생방 주소 ㄱ\nhttps://www.twitch.tv/pjs9073",
        "thumbnail": "https://i.ytimg.com/vi/LKV63IAYWIU/mqdefault.jpg",
        "youtubeVideoId": "LKV63IAYWIU",
        "uploadedDate": "2018-02-11T03:48:35Z",
        "viewCount": 0,
        "isCommercial": "False"
    },
    {
        "id": "05c08611-8df4-44bc-8b94-6c4dcd8f9fe7",
        "title": "오버워치 노래방에서 동경캐스터를 2키올려서 불러보았다!! 부른곡 : 동경캐스터 [오버워치 노래방] overwatch",
        "description": "트위치 생방 주소 ㄱ\nhttps://www.twitch.tv/pjs9073",
        "thumbnail": "https://i.ytimg.com/vi/Udl161Bdxfg/mqdefault.jpg",
        "youtubeVideoId": "Udl161Bdxfg",
        "uploadedDate": "2018-03-16T06:13:18Z",
        "viewCount": 0,
        "isCommercial": "False"
    }
]