[
    {
        "id": "1b73b523-f77d-4ab2-a0af-6f9d87a89b11",
        "title": "[ASMR] MIC on the LIPS, Mouth Sounds 입술에 닿은 마이크, 입소리",
        "description": "👄 PATREON (입소리 영상 풀버전 모두 공개)\nhttps://www.patreon.com/rose_asmr\nFull length of mouth sounds videos + extra videos\n풀 영상 + 멤버 전용 새로운 입소리 영상들 모두 공개\n\n🔥 Get the deleted mouth sounds video\nhttps://crowdticket.kr/store/roseasmr/language/en\n\n🔥 삭제된 입소리 영상 다운받기\nhttps://crowdticket.kr/store/roseasmr\n\n💝 Request Custom ASMR\nhttps://www.wisio.com/Rose_ASMR\nNo sign-up, real quick and easy!\n\n💝 맞춤형 ASMR 영상 요청하기\nhttps://crowdticket.kr/store/roseasmr\n최애 트리거를 골라 여러분들만의 최애 영상을 평생 소장하기!\n\n00:00 Preview 미리보기\n00:30 MIC on the LIPS 입술에 닿은 마이크\n05:39 Mic nibbling 마이크 니블링\n-------------------------------------------------\n\n🔥 PATREON https://www.patreon.com/rose_asmr\n\n💝 CUSTOM ASMR https://www.wisio.com/Rose_ASMR\n\n💝 맞춤 ASMR https://crowdticket.kr/item/store/417\n\n\n🧚‍♀ TikTok https://vt.tiktok.com/RsuHck/\n\n🧚‍♀ Instagram https://www.instagram.com/rose.0430/\n\n\n💌 PAYPAL https://paypal.me/rose0430?locale.x=ko_KR\n\n✉ Email : dbalzla159@gmail.com\n\n✉ Business : ad.group@treasurehunter.co.kr",
        "thumbnail": "https://i.ytimg.com/vi/rS_pq6nIhVQ/mqdefault.jpg",
        "youtubeVideoId": "rS_pq6nIhVQ",
        "uploadedDate": "2022-09-06T14:39:50Z",
        "viewCount": 5578,
        "isCommercial": "False"
    },
    {
        "id": "ac1bcb85-b73c-4b8a-b4f0-7158c64339ec",
        "title": "[ASMR] Delicate Mic Nibbling Mouth Sounds l 섬세한 마이크 니블링 입소리",
        "description": "👄 PATREON (입소리 영상 풀버전 모두 공개)\nhttps://www.patreon.com/rose_asmr\nFull length of mouth sounds videos + extra videos\n풀 영상 + 멤버 전용 새로운 입소리 영상들 모두 공개\n\n🔥 Get the deleted mouth sounds video\nhttps://crowdticket.kr/store/roseasmr/language/en\n\n🔥 삭제된 입소리 영상 다운받기\nhttps://crowdticket.kr/store/roseasmr\n\n💝 Request Custom ASMR\nhttps://www.wisio.com/Rose_ASMR\nNo sign-up, real quick and easy!\n\n💝 맞춤형 ASMR 영상 요청하기\nhttps://crowdticket.kr/store/roseasmr\n최애 트리거를 골라 여러분들만의 최애 영상을 평생 소장하기!\n\n00:00 Preview 미리보기\n00:30 Intro & Lipgloss applying 소개와 립글로즈 바르기\n03:24 Starts 시작\n--------------------------------------------------\n\n🔥 PATREON https://www.patreon.com/rose_asmr\n\n💝 CUSTOM ASMR https://www.wisio.com/Rose_ASMR\n\n💝 맞춤 ASMR https://crowdticket.kr/item/store/417\n\n\n🧚‍♀ TikTok https://vt.tiktok.com/RsuHck/\n\n🧚‍♀ Instagram https://www.instagram.com/rose.0430/\n\n\n💌 PAYPAL https://paypal.me/rose0430?locale.x=ko_KR\n\n✉ Email : dbalzla159@gmail.com\n\n✉ Business : ad.group@treasurehunter.co.kr",
        "thumbnail": "https://i.ytimg.com/vi/rwp3TF0R9rk/mqdefault.jpg",
        "youtubeVideoId": "rwp3TF0R9rk",
        "uploadedDate": "2022-06-03T05:37:55Z",
        "viewCount": 7517,
        "isCommercial": "False"
    },
    {
        "id": "c718e6df-07c2-482e-a561-4b3bb88d9a95",
        "title": "[ASMR] Tiny Mic Ultimate Mouth Sounds Tingles 미니 마이크 극강의 입소리",
        "description": "👄 PATREON (입소리 영상 풀버전 모두 공개)\nhttps://www.patreon.com/rose_asmr\nFull length of mouth sounds videos + extra videos\n풀 영상 + 멤버 전용 새로운 입소리 영상들 모두 공개\n\n🔥 Get the deleted mouth sounds video\nhttps://crowdticket.kr/store/roseasmr/language/en\n\n🔥 삭제된 입소리 영상 다운받기\nhttps://crowdticket.kr/store/roseasmr\n\n💝 Request Custom ASMR\nhttps://www.wisio.com/Rose_ASMR\nNo sign-up, real quick and easy!\n\n💝 맞춤형 ASMR 영상 요청하기\nhttps://crowdticket.kr/store/roseasmr\n최애 트리거를 골라 여러분들만의 최애 영상을 평생 소장하기!\n\n00:00 Preview 미리보기\n00:31 Intro 인사\n01:45 Starts 시작\n--------------------------------------------------\n\n🔥 PATREON https://www.patreon.com/rose_asmr\n\n💝 CUSTOM ASMR https://www.wisio.com/Rose_ASMR\n\n💝 맞춤 ASMR https://crowdticket.kr/item/store/417\n\n\n🧚‍♀ TikTok https://vt.tiktok.com/RsuHck/\n\n🧚‍♀ Instagram https://www.instagram.com/rose.0430/\n\n\n💌 PAYPAL https://paypal.me/rose0430?locale.x=ko_KR\n\n✉ Email : dbalzla159@gmail.com\n\n✉ Business : ad.group@treasurehunter.co.kr",
        "thumbnail": "https://i.ytimg.com/vi/sQRdHTMbrbo/mqdefault.jpg",
        "youtubeVideoId": "sQRdHTMbrbo",
        "uploadedDate": "2022-04-11T02:15:39Z",
        "viewCount": 12781,
        "isCommercial": "False"
    },
    {
        "id": "e9a553d6-1077-4756-bd55-c6eef6d9c9e2",
        "title": "[ASMR] Tiny Mic, Enormous Mouth Sounds Tingles l 미니 마이크 입소리 팅글 폭발",
        "description": "👄 PATREON (입소리 영상 풀버전 모두 공개)\nhttps://www.patreon.com/rose_asmr\nFull length of mouth sounds videos + extra videos\n풀 영상 + 멤버 전용 새로운 입소리 영상들 모두 공개\n\n🔥 Get the deleted mouth sounds video\nhttps://crowdticket.kr/store/roseasmr/language/en\n\n🔥 삭제된 입소리 영상 다운받기\nhttps://crowdticket.kr/store/roseasmr\n\n💝 Request Custom ASMR\nhttps://www.wisio.com/Rose_ASMR\nNo sign-up, real quick and easy!\n\n💝 맞춤형 ASMR 영상 요청하기\nhttps://crowdticket.kr/store/roseasmr\n최애 트리거를 골라 여러분들만의 최애 영상을 평생 소장하기!\n\n00:00 Preview 미리보기\n00:37 Intro 소개\n01:32 Mouth Sounds Start 입소리 시작\n17:10 Outro 인사\n20:17 Mouth Sounds Only 노토킹 입소리\n----------------------------------------------------------------------------------\n\n🔥 PATREON https://www.patreon.com/rose_asmr\n\n💝 CUSTOM ASMR https://www.wisio.com/Rose_ASMR\n\n💝 맞춤 ASMR https://crowdticket.kr/item/store/417\n\n\n🧚‍♀ TikTok https://vt.tiktok.com/RsuHck/\n\n🧚‍♀ Instagram https://www.instagram.com/rose.0430/\n\n\n💌 PAYPAL https://paypal.me/rose0430?locale.x=ko_KR\n\n✉ Email : dbalzla159@gmail.com\n\n✉ Business : ad.group@treasurehunter.co.kr",
        "thumbnail": "https://i.ytimg.com/vi/ESG5RU7CF70/mqdefault.jpg",
        "youtubeVideoId": "ESG5RU7CF70",
        "uploadedDate": "2021-11-29T03:23:31Z",
        "viewCount": 133405,
        "isCommercial": "False"
    },
    {
        "id": "3b09d5c0-345f-4038-b7f1-071a95471a59",
        "title": "[ASMR] Mic Nibbling Mouth Sounds, /w Hand Movementsㅣ마이크 니블링 입소리+손동작 많이ㅣ口音と催眠をかける手の動き",
        "description": "👄 PATREON (입소리 영상 풀버전 모두 공개)\nhttps://www.patreon.com/rose_asmr\nFull length of mouth sounds videos + extra videos\n풀 영상 + 멤버 전용 새로운 입소리 영상들 모두 공개\n\n🔥 Get the deleted mouth sounds video\nhttps://crowdticket.kr/store/roseasmr/language/en\n\n🔥 삭제된 입소리 영상 다운받기\nhttps://crowdticket.kr/store/roseasmr\n\n💝 Request Custom ASMR\nhttps://www.wisio.com/Rose_ASMR\nNo sign-up, real quick and easy!\n\n💝 맞춤형 ASMR 영상 요청하기\nhttps://crowdticket.kr/store/roseasmr\n최애 트리거를 골라 여러분들만의 최애 영상을 평생 소장하기!\n\n----------------------------------------------------------------------------------\n\n🔥 PATREON https://www.patreon.com/rose_asmr\n\n💝 CUSTOM ASMR https://www.wisio.com/Rose_ASMR\n\n💝 맞춤 ASMR https://crowdticket.kr/item/store/417\n\n\n🧚‍♀ TikTok https://vt.tiktok.com/RsuHck/\n\n🧚‍♀ Instagram https://www.instagram.com/rose.0430/\n\n\n💌 PAYPAL https://paypal.me/rose0430?locale.x=ko_KR\n\n✉ Email : dbalzla159@gmail.com\n\n✉ Business : ad.group@treasurehunter.co.kr",
        "thumbnail": "https://i.ytimg.com/vi/XWfSFMJ0SQs/mqdefault.jpg",
        "youtubeVideoId": "XWfSFMJ0SQs",
        "uploadedDate": "2021-06-28T01:50:02Z",
        "viewCount": 3269,
        "isCommercial": "False"
    },
    {
        "id": "09890f78-7d03-4ec1-8c76-9474369cde3b",
        "title": "[ASMR] MIC on the LIPS Mouth Soundsㅣ입술에 닿은 마이크 입소리ㅣ唇に触れたマイク、心地よい口音",
        "description": "👄 PATREON (입소리 영상 풀버전 모두 공개)\nhttps://www.patreon.com/rose_asmr\nFull length of mouth sounds videos + extra videos\n풀 영상 + 멤버 전용 새로운 입소리 영상들 모두 공개\n\n🔥 Get the deleted mouth sounds video\nhttps://crowdticket.kr/store/roseasmr/language/en\n\n🔥 삭제된 입소리 영상 다운받기\nhttps://crowdticket.kr/store/roseasmr\n\n💝 Request Custom ASMR\nhttps://www.wisio.com/Rose_ASMR\nNo sign-up, real quick and easy!\n\n💝 맞춤형 ASMR 영상 요청하기\nhttps://crowdticket.kr/store/roseasmr\n최애 트리거를 골라 여러분들만의 최애 영상을 평생 소장하기!\n\n----------------------------------------------------------------------------------\n\n🔥 PATREON https://www.patreon.com/rose_asmr\n\n💝 CUSTOM ASMR https://www.wisio.com/Rose_ASMR\n\n💝 맞춤 ASMR https://crowdticket.kr/item/store/417\n\n\n🧚‍♀ TikTok https://vt.tiktok.com/RsuHck/\n\n🧚‍♀ Instagram https://www.instagram.com/rose.0430/\n\n\n💌 PAYPAL https://paypal.me/rose0430?locale.x=ko_KR\n\n✉ Email : dbalzla159@gmail.com\n\n✉ Business : ad.group@treasurehunter.co.kr",
        "thumbnail": "https://i.ytimg.com/vi/Kb_D8Ubkg00/mqdefault.jpg",
        "youtubeVideoId": "Kb_D8Ubkg00",
        "uploadedDate": "2021-03-28T12:11:27Z",
        "viewCount": 141537,
        "isCommercial": "False"
    },
    {
        "id": "511bd8a3-ff47-43fe-9202-d9cd19687278",
        "title": "[ASMR] Mic Nibbling Mouth Soundsㅣ마이크 니블링 입소리ㅣイヤホンの刺激的な口の音",
        "description": "👄 PATREON (입소리 영상 풀버전 모두 공개)\nhttps://www.patreon.com/rose_asmr\nFull length of mouth sounds videos + extra videos\n풀 영상 + 멤버 전용 새로운 입소리 영상들 모두 공개\n\n🔥 Get the deleted mouth sounds video\nhttps://crowdticket.kr/store/roseasmr/language/en\n\n🔥 삭제된 입소리 영상 다운받기\nhttps://crowdticket.kr/store/roseasmr\n\n💝 Request Custom ASMR\nhttps://www.wisio.com/Rose_ASMR\nNo sign-up, real quick and easy!\n\n💝 맞춤형 ASMR 영상 요청하기\nhttps://crowdticket.kr/store/roseasmr\n최애 트리거를 골라 여러분들만의 최애 영상을 평생 소장하기!\n\n----------------------------------------------------------------------------------\n\n🔥 PATREON https://www.patreon.com/rose_asmr\n\n💝 CUSTOM ASMR https://www.wisio.com/Rose_ASMR\n\n💝 맞춤 ASMR https://crowdticket.kr/item/store/417\n\n\n🧚‍♀ TikTok https://vt.tiktok.com/RsuHck/\n\n🧚‍♀ Instagram https://www.instagram.com/rose.0430/\n\n\n💌 PAYPAL https://paypal.me/rose0430?locale.x=ko_KR\n\n✉ Email : dbalzla159@gmail.com\n\n✉ Business : ad.group@treasurehunter.co.kr",
        "thumbnail": "https://i.ytimg.com/vi/rs1_GqEUAL4/mqdefault.jpg",
        "youtubeVideoId": "rs1_GqEUAL4",
        "uploadedDate": "2021-03-07T11:55:45Z",
        "viewCount": 137828,
        "isCommercial": "False"
    },
    {
        "id": "73d14537-d635-414e-9cfa-d4af3deca785",
        "title": "[Eng ASMR] Rambling with Camera Touching Hand Movementsㅣ속삭이며 핸드 무브먼트, 카메라 터칭",
        "description": "👄 PATREON (입소리 영상 풀버전 모두 공개)\nhttps://www.patreon.com/rose_asmr\nFull length of mouth sounds videos + extra videos\n풀 영상 + 멤버 전용 새로운 입소리 영상들 모두 공개\n\n🔥 Get the deleted mouth sounds video\nhttps://crowdticket.kr/store/roseasmr/language/en\n\n🔥 삭제된 입소리 영상 다운받기\nhttps://crowdticket.kr/store/roseasmr\n\n💝 Request Custom ASMR\nhttps://www.wisio.com/Rose_ASMR\nNo sign-up, real quick and easy!\n\n💝 맞춤형 ASMR 영상 요청하기\nhttps://crowdticket.kr/store/roseasmr\n최애 트리거를 골라 여러분들만의 최애 영상을 평생 소장하기!\n\n----------------------------------------------------------------------------------\n\n🔥 PATREON https://www.patreon.com/rose_asmr\n\n💝 CUSTOM ASMR https://www.wisio.com/Rose_ASMR\n\n💝 맞춤 ASMR https://crowdticket.kr/item/store/417\n\n\n🧚‍♀ TikTok https://vt.tiktok.com/RsuHck/\n\n🧚‍♀ Instagram https://www.instagram.com/rose.0430/\n\n\n💌 PAYPAL https://paypal.me/rose0430?locale.x=ko_KR\n\n✉ Email : dbalzla159@gmail.com\n\n✉ Business : ad.group@treasurehunter.co.kr",
        "thumbnail": "https://i.ytimg.com/vi/pT_b2rrOf4U/mqdefault.jpg",
        "youtubeVideoId": "pT_b2rrOf4U",
        "uploadedDate": "2020-10-26T12:21:51Z",
        "viewCount": 31870,
        "isCommercial": "False"
    },
    {
        "id": "b5dc0f12-a892-4177-a5ff-b1862f13d706",
        "title": "[ASMR] 👄MIC on the LIPS, Heavenly Mouth Soundsㅣ입술에 닿은 마이크, 천국의 입소리",
        "description": "👄 PATREON (입소리 영상 풀버전 모두 공개)\nhttps://www.patreon.com/rose_asmr\nFull length of mouth sounds videos + extra videos\n풀 영상 + 멤버 전용 새로운 입소리 영상들 모두 공개\n\n🔥 Get the deleted mouth sounds video\nhttps://crowdticket.kr/store/roseasmr/language/en\n\n🔥 삭제된 입소리 영상 다운받기\nhttps://crowdticket.kr/store/roseasmr\n\n💝 Request Custom ASMR\nhttps://www.wisio.com/Rose_ASMR\nNo sign-up, real quick and easy!\n\n💝 맞춤형 ASMR 영상 요청하기\nhttps://crowdticket.kr/store/roseasmr\n최애 트리거를 골라 여러분들만의 최애 영상을 평생 소장하기!\n\n----------------------------------------------------------------------------------\n\n🔥 PATREON https://www.patreon.com/rose_asmr\n\n💝 CUSTOM ASMR https://www.wisio.com/Rose_ASMR\n\n💝 맞춤 ASMR https://crowdticket.kr/item/store/417\n\n\n🧚‍♀ TikTok https://vt.tiktok.com/RsuHck/\n\n🧚‍♀ Instagram https://www.instagram.com/rose.0430/\n\n\n💌 PAYPAL https://paypal.me/rose0430?locale.x=ko_KR\n\n✉ Email : dbalzla159@gmail.com\n\n✉ Business : ad.group@treasurehunter.co.kr",
        "thumbnail": "https://i.ytimg.com/vi/rB8ueR5pYZU/mqdefault.jpg",
        "youtubeVideoId": "rB8ueR5pYZU",
        "uploadedDate": "2020-10-26T12:06:48Z",
        "viewCount": 242308,
        "isCommercial": "False"
    },
    {
        "id": "b73f5918-5d53-48cb-a22f-502108030570",
        "title": "[ASMR] 🔥Mic Nibbles, Mouth Sounds👄ㅣ팅글 폭격! 이어폰 마이크 입소리, 마이크 니블링",
        "description": "👄 PATREON (입소리 영상 풀버전 모두 공개)\nhttps://www.patreon.com/rose_asmr\nFull length of mouth sounds videos + extra videos\n풀 영상 + 멤버 전용 새로운 입소리 영상들 모두 공개\n\n🔥 Get the deleted mouth sounds video\nhttps://crowdticket.kr/store/roseasmr/language/en\n\n🔥 삭제된 입소리 영상 다운받기\nhttps://crowdticket.kr/store/roseasmr\n\n💝 Request Custom ASMR\nhttps://www.wisio.com/Rose_ASMR\nNo sign-up, real quick and easy!\n\n💝 맞춤형 ASMR 영상 요청하기\nhttps://crowdticket.kr/store/roseasmr\n최애 트리거를 골라 여러분들만의 최애 영상을 평생 소장하기!\n\n----------------------------------------------------------------------------------\n\n🔥 PATREON https://www.patreon.com/rose_asmr\n\n💝 CUSTOM ASMR https://www.wisio.com/Rose_ASMR\n\n💝 맞춤 ASMR https://crowdticket.kr/item/store/417\n\n\n🧚‍♀ TikTok https://vt.tiktok.com/RsuHck/\n\n🧚‍♀ Instagram https://www.instagram.com/rose.0430/\n\n\n💌 PAYPAL https://paypal.me/rose0430?locale.x=ko_KR\n\n✉ Email : dbalzla159@gmail.com\n\n✉ Business : ad.group@treasurehunter.co.kr",
        "thumbnail": "https://i.ytimg.com/vi/r8ny1B_DZyk/mqdefault.jpg",
        "youtubeVideoId": "r8ny1B_DZyk",
        "uploadedDate": "2020-06-25T13:00:09Z",
        "viewCount": 53670,
        "isCommercial": "False"
    },
    {
        "id": "862cf178-4a1f-4374-8417-53c024452397",
        "title": "[ASMR] Intense Mic Nibbling👄 Mouth Soundsㅣ자극적인 마이크 니블링",
        "description": "👄 PATREON (입소리 영상 풀버전 모두 공개)\nhttps://www.patreon.com/rose_asmr\nFull length of mouth sounds videos + extra videos\n풀 영상 + 멤버 전용 새로운 입소리 영상들 모두 공개\n\n🔥 Get the deleted mouth sounds video\nhttps://crowdticket.kr/store/roseasmr/language/en\n\n🔥 삭제된 입소리 영상 다운받기\nhttps://crowdticket.kr/store/roseasmr\n\n💝 Request Custom ASMR\nhttps://www.wisio.com/Rose_ASMR\nNo sign-up, real quick and easy!\n\n💝 맞춤형 ASMR 영상 요청하기\nhttps://crowdticket.kr/store/roseasmr\n최애 트리거를 골라 여러분들만의 최애 영상을 평생 소장하기!\n\n----------------------------------------------------------------------------------\n\n🔥 PATREON https://www.patreon.com/rose_asmr\n\n💝 CUSTOM ASMR https://www.wisio.com/Rose_ASMR\n\n💝 맞춤 ASMR https://crowdticket.kr/item/store/417\n\n\n🧚‍♀ TikTok https://vt.tiktok.com/RsuHck/\n\n🧚‍♀ Instagram https://www.instagram.com/rose.0430/\n\n\n💌 PAYPAL https://paypal.me/rose0430?locale.x=ko_KR\n\n✉ Email : dbalzla159@gmail.com\n\n✉ Business : ad.group@treasurehunter.co.kr",
        "thumbnail": "https://i.ytimg.com/vi/ORsT1L5CWFY/mqdefault.jpg",
        "youtubeVideoId": "ORsT1L5CWFY",
        "uploadedDate": "2020-04-10T09:04:16Z",
        "viewCount": 451043,
        "isCommercial": "False"
    },
    {
        "id": "15582497-dad7-4a7e-ac21-3d554861f2a9",
        "title": "[ASMR] 입소리성애자 저격👀 마이크 니블링ㅣ강렬한 입소리ㅣ Mic Nibbles, Intense Mouth Sounds",
        "description": "👄 PATREON (입소리 영상 풀버전 모두 공개)\nhttps://www.patreon.com/rose_asmr\nFull length of mouth sounds videos + extra videos\n풀 영상 + 멤버 전용 새로운 입소리 영상들 모두 공개\n\n🔥 Get the deleted mouth sounds video\nhttps://crowdticket.kr/store/roseasmr/language/en\n\n🔥 삭제된 입소리 영상 다운받기\nhttps://crowdticket.kr/store/roseasmr\n\n💝 Request Custom ASMR\nhttps://www.wisio.com/Rose_ASMR\nNo sign-up, real quick and easy!\n\n💝 맞춤형 ASMR 영상 요청하기\nhttps://crowdticket.kr/store/roseasmr\n최애 트리거를 골라 여러분들만의 최애 영상을 평생 소장하기!\n\n----------------------------------------------------------------------------------\n\n🔥 PATREON https://www.patreon.com/rose_asmr\n\n💝 CUSTOM ASMR https://www.wisio.com/Rose_ASMR\n\n💝 맞춤 ASMR https://crowdticket.kr/item/store/417\n\n\n🧚‍♀ TikTok https://vt.tiktok.com/RsuHck/\n\n🧚‍♀ Instagram https://www.instagram.com/rose.0430/\n\n\n💌 PAYPAL https://paypal.me/rose0430?locale.x=ko_KR\n\n✉ Email : dbalzla159@gmail.com\n\n✉ Business : ad.group@treasurehunter.co.kr",
        "thumbnail": "https://i.ytimg.com/vi/VIrUGf3gEWQ/mqdefault.jpg",
        "youtubeVideoId": "VIrUGf3gEWQ",
        "uploadedDate": "2020-03-11T02:49:33Z",
        "viewCount": 222512,
        "isCommercial": "False"
    },
    {
        "id": "e356be3e-c68e-4795-a17f-d8ce4c3ecc32",
        "title": "[ASMR] 입소리 등 팅글 폭발🔥 트리거 이것 저것 Mouth Sounds, Tingle-Full Triggers",
        "description": "👄 PATREON (입소리 영상 풀버전 모두 공개)\nhttps://www.patreon.com/rose_asmr\nFull length of mouth sounds videos + extra videos\n풀 영상 + 멤버 전용 새로운 입소리 영상들 모두 공개\n\n🔥 Get the deleted mouth sounds video\nhttps://crowdticket.kr/store/roseasmr/language/en\n\n🔥 삭제된 입소리 영상 다운받기\nhttps://crowdticket.kr/store/roseasmr\n\n💝 Request Custom ASMR\nhttps://www.wisio.com/Rose_ASMR\nNo sign-up, real quick and easy!\n\n💝 맞춤형 ASMR 영상 요청하기\nhttps://crowdticket.kr/store/roseasmr\n최애 트리거를 골라 여러분들만의 최애 영상을 평생 소장하기!\n\n----------------------------------------------------------------------------------\n\n🔥 PATREON https://www.patreon.com/rose_asmr\n\n💝 CUSTOM ASMR https://www.wisio.com/Rose_ASMR\n\n💝 맞춤 ASMR https://crowdticket.kr/item/store/417\n\n\n🧚‍♀ TikTok https://vt.tiktok.com/RsuHck/\n\n🧚‍♀ Instagram https://www.instagram.com/rose.0430/\n\n\n💌 PAYPAL https://paypal.me/rose0430?locale.x=ko_KR\n\n✉ Email : dbalzla159@gmail.com\n\n✉ Business : ad.group@treasurehunter.co.kr",
        "thumbnail": "https://i.ytimg.com/vi/ViyUJeWzo7Y/mqdefault.jpg",
        "youtubeVideoId": "ViyUJeWzo7Y",
        "uploadedDate": "2019-11-11T07:37:44Z",
        "viewCount": 92957,
        "isCommercial": "False"
    },
    {
        "id": "8594686d-6a1b-4886-b62f-115e5fd3dda7",
        "title": "[이어폰 ASMR] 노토킹ㅣ※자극적※ 요청↑↑ 이어폰 마이크 냠냠, 깨물기, 입소리 Earphone Mic Biting, Nibbling, Mouth Sounds",
        "description": "👄 PATREON (입소리 영상 풀버전 모두 공개)\nhttps://www.patreon.com/rose_asmr\nFull length of mouth sounds videos + extra videos\n풀 영상 + 멤버 전용 새로운 입소리 영상들 모두 공개\n\n🔥 Get the deleted mouth sounds video\nhttps://crowdticket.kr/store/roseasmr/language/en\n\n🔥 삭제된 입소리 영상 다운받기\nhttps://crowdticket.kr/store/roseasmr\n\n💝 Request Custom ASMR\nhttps://www.wisio.com/Rose_ASMR\nNo sign-up, real quick and easy!\n\n💝 맞춤형 ASMR 영상 요청하기\nhttps://crowdticket.kr/store/roseasmr\n최애 트리거를 골라 여러분들만의 최애 영상을 평생 소장하기!\n\n----------------------------------------------------------------------------------\n\n🔥 PATREON https://www.patreon.com/rose_asmr\n\n💝 CUSTOM ASMR https://www.wisio.com/Rose_ASMR\n\n💝 맞춤 ASMR https://crowdticket.kr/item/store/417\n\n\n🧚‍♀ TikTok https://vt.tiktok.com/RsuHck/\n\n🧚‍♀ Instagram https://www.instagram.com/rose.0430/\n\n\n💌 PAYPAL https://paypal.me/rose0430?locale.x=ko_KR\n\n✉ Email : dbalzla159@gmail.com\n\n✉ Business : ad.group@treasurehunter.co.kr",
        "thumbnail": "https://i.ytimg.com/vi/cmoM-bsDihg/mqdefault.jpg",
        "youtubeVideoId": "cmoM-bsDihg",
        "uploadedDate": "2018-10-24T11:05:24Z",
        "viewCount": 95896,
        "isCommercial": "False"
    },
    {
        "id": "be6f4c72-6f63-4465-ab3b-9307a49a496f",
        "title": "[라이브 이어폰 ASMR] Mic Nibbling/ Mouth sounds 이어폰 냠냠",
        "description": "👄 PATREON (입소리 영상 풀버전 모두 공개)\nhttps://www.patreon.com/rose_asmr\nFull length of mouth sounds videos + extra videos\n풀 영상 + 멤버 전용 새로운 입소리 영상들 모두 공개\n\n🔥 Get the deleted mouth sounds video\nhttps://crowdticket.kr/store/roseasmr/language/en\n\n🔥 삭제된 입소리 영상 다운받기\nhttps://crowdticket.kr/store/roseasmr\n\n💝 Request Custom ASMR\nhttps://www.wisio.com/Rose_ASMR\nNo sign-up, real quick and easy!\n\n💝 맞춤형 ASMR 영상 요청하기\nhttps://crowdticket.kr/store/roseasmr\n최애 트리거를 골라 여러분들만의 최애 영상을 평생 소장하기!\n\n----------------------------------------------------------------------------------\n\n🔥 PATREON https://www.patreon.com/rose_asmr\n\n💝 CUSTOM ASMR https://www.wisio.com/Rose_ASMR\n\n💝 맞춤 ASMR https://crowdticket.kr/item/store/417\n\n\n🧚‍♀ TikTok https://vt.tiktok.com/RsuHck/\n\n🧚‍♀ Instagram https://www.instagram.com/rose.0430/\n\n\n💌 PAYPAL https://paypal.me/rose0430?locale.x=ko_KR\n\n✉ Email : dbalzla159@gmail.com\n\n✉ Business : ad.group@treasurehunter.co.kr",
        "thumbnail": "https://i.ytimg.com/vi/oayZUEPt2kA/mqdefault.jpg",
        "youtubeVideoId": "oayZUEPt2kA",
        "uploadedDate": "2018-08-06T10:15:49Z",
        "viewCount": 0,
        "isCommercial": "False"
    }
]