[
    {
        "id": "6a70b2bc-8b0a-4d17-8d24-292a35b47931",
        "title": "페이크 다큐멘터리 '나' 2화",
        "description": "#개그#다큐#양대산맥\n\n안녕하세요 양대산맥입니다.\n페이크 다큐멘터리 2화를 찍어 보았습니다.\n좋아요 구독 한 번씩만 부탁드리겠습니다!!\n'나'를 찾아서...",
        "thumbnail": "https://i.ytimg.com/vi/b07WT1hSo5Y/mqdefault.jpg",
        "youtubeVideoId": "b07WT1hSo5Y",
        "uploadedDate": "2019-11-19T10:07:53Z",
        "viewCount": 0,
        "isCommercial": "False"
    },
    {
        "id": "970739cc-e407-4784-8b91-a97e938c8860",
        "title": "페이크 다큐멘터리 '나'",
        "description": "#양대산맥#개그#다큐\n\n안녕하세요 양대 산맥입니다\n이번에 좋은 기회로 나를 찾아 떠나는 여행을 하며\n다큐멘터리를 찍게 되었습니다.\n앞으로 어떤 일 들이 일어날지 많은 관심 부탁드리겠습니다.\n감사합니다.",
        "thumbnail": "https://i.ytimg.com/vi/1muDQ2PR_BM/mqdefault.jpg",
        "youtubeVideoId": "1muDQ2PR_BM",
        "uploadedDate": "2019-11-19T10:07:53Z",
        "viewCount": 0,
        "isCommercial": "False"
    },
    {
        "id": "6c7daa3f-27ee-46aa-b39b-f45232081af1",
        "title": "페이크 다큐멘터리 '나' 3화",
        "description": "#GS25 #30주년 #진심으로축하해\n\n안녕하세요~ 양대산맥입니다.\n페이크 다큐멘터리 3화를 준비했어요.\n재밌게 봐주세요~^^",
        "thumbnail": "https://i.ytimg.com/vi/DjL9FF1J8yo/mqdefault.jpg",
        "youtubeVideoId": "DjL9FF1J8yo",
        "uploadedDate": "2020-01-21T10:23:03Z",
        "viewCount": 0,
        "isCommercial": "False"
    },
    {
        "id": "4c30cbd7-1420-44de-b321-b54399262017",
        "title": "페이크 다큐멘터리 '나'영어강사의 하루 part.1",
        "description": "#양대산맥 #페이크다큐멘터리 #다큐멘터리\n\n안녕하세요 양대산맥입니다. \n오늘 준비한 영상은 페이크 다큐멘터리 '나' 입니다.\n영어강사로 살고 계신 현호홍 씨를 만나봤는데요.\n영어강사 현호홍 씨는 어떠한 삶을 살고 계신지\n한번 알아 보도록 하겠습니다.\n재밌게 봐주시고 좋아요과 구독 부탁드려요~",
        "thumbnail": "https://i.ytimg.com/vi/vEHoBTzMbnQ/mqdefault.jpg",
        "youtubeVideoId": "vEHoBTzMbnQ",
        "uploadedDate": "2020-08-12T05:39:31Z",
        "viewCount": 0,
        "isCommercial": "False"
    },
    {
        "id": "834d3bb2-3557-48cb-8e5e-569d79e575db",
        "title": "페이크 다큐멘터리'나'영어강사의 하루part.2",
        "description": "#양대산맥 #페이크다큐멘터리 #다큐멘터리\n\n안녕하세요 양대산맥입니다.\n오늘 준비한 영상은 페이크다큐 영어강사의 하루2편입니다.\n재밌게 봐주세요 ~ ^^",
        "thumbnail": "https://i.ytimg.com/vi/OVDarO691Y8/mqdefault.jpg",
        "youtubeVideoId": "OVDarO691Y8",
        "uploadedDate": "2020-08-15T02:32:10Z",
        "viewCount": 0,
        "isCommercial": "False"
    }
]