[
    {
        "id": "38a25e27-410a-4dd5-8fd0-aa14bdcf9052",
        "title": "미국으로 떠난 흑마술사 (With Vidcon)",
        "description": "위 이야기는 사실과 아주 다를 수 있습니다\n\n댓글과 트위치로 함께 소통합시다\n\n많이 사랑합니다.\n\n트위치 : 마술사김준표\n월수금토일 오후 7시 방송\n\n마술 강의\n\n렉쳐노트\nhttps://www.lnmagic.co.kr/goods/goods_search.php?keyword=%EA%B9%80%EC%A4%80%ED%91%9C&recentCount=10\n\n아르카나\nhttps://arcanamagic.com/?s=%EA%B9%80%EC%A4%80%ED%91%9C&post_type=course\n\n김준표 배우는 마술 클래스 101\nhttps://101.gg/junpyo-class\n\n비즈니스 & 합방 공연 & 강의 문의\nadm@treasurehunter.co.kr\n\n공연 및 강의 정보\nhttps://www.notion.so/kalidcerona/9f4490ab22414594874f7fbabe1bb59a\n\n영상을 퍼가실 경우 꼭 출처를 남겨주시길 바라며\n다른 영상과 합치지 마시길 바랍니다",
        "thumbnail": "https://i.ytimg.com/vi/8C48wcMnbSY/mqdefault.jpg",
        "youtubeVideoId": "8C48wcMnbSY",
        "uploadedDate": "2022-07-02T07:43:20Z",
        "viewCount": 30288,
        "isCommercial": "False"
    },
    {
        "id": "160e9736-e443-48ca-ae9c-50afc9d82288",
        "title": "미국에서 발견한 오징어 게임 그리고 한인 마을(w. 꿀꿀선아, 양수빈)",
        "description": "위 이야기는 사실과 아주 다를 수 있습니다\n\n댓글과 트위치로 함께 소통합시다\n\n많이 사랑합니다.\n\n트위치 : 마술사김준표\n월수금토일 오후 7시 방송\n\n마술 강의\n\n렉쳐노트\nhttps://www.lnmagic.co.kr/goods/goods_search.php?keyword=%EA%B9%80%EC%A4%80%ED%91%9C&recentCount=10\n\n아르카나\nhttps://arcanamagic.com/?s=%EA%B9%80%EC%A4%80%ED%91%9C&post_type=course\n\n김준표 배우는 마술 클래스 101\nhttps://101.gg/junpyo-class\n\n비즈니스 & 합방 공연 & 강의 문의\nadm@treasurehunter.co.kr\n\n공연 및 강의 정보\nhttps://www.notion.so/kalidcerona/9f4490ab22414594874f7fbabe1bb59a\n\n영상을 퍼가실 경우 꼭 출처를 남겨주시길 바라며\n다른 영상과 합치지 마시길 바랍니다",
        "thumbnail": "https://i.ytimg.com/vi/YV4QI2dWsG8/mqdefault.jpg",
        "youtubeVideoId": "YV4QI2dWsG8",
        "uploadedDate": "2022-07-02T07:43:37Z",
        "viewCount": 14831,
        "isCommercial": "False"
    },
    {
        "id": "00ab80f0-1d32-4e14-ae43-fdb2ad9240d0",
        "title": "꿀꿀선아X양수빈X김준표 마술쇼",
        "description": "위 이야기는 사실과 아주 다를 수 있습니다\n\n댓글과 트위치로 함께 소통합시다\n\n많이 사랑합니다.\n\n트위치 : 마술사김준표\n월수금토일 오후 7시 방송\n\n마술 강의\n\n렉쳐노트\nhttps://www.lnmagic.co.kr/goods/goods_search.php?keyword=%EA%B9%80%EC%A4%80%ED%91%9C&recentCount=10\n\n아르카나\nhttps://arcanamagic.com/?s=%EA%B9%80%EC%A4%80%ED%91%9C&post_type=course\n\n김준표 배우는 마술 클래스 101\nhttps://101.gg/junpyo-class\n\n비즈니스 & 합방 공연 & 강의 문의\nadm@treasurehunter.co.kr\n\n공연 및 강의 정보\nhttps://www.notion.so/kalidcerona/9f4490ab22414594874f7fbabe1bb59a\n\n영상을 퍼가실 경우 꼭 출처를 남겨주시길 바라며\n다른 영상과 합치지 마시길 바랍니다",
        "thumbnail": "https://i.ytimg.com/vi/xfKezowIv5E/mqdefault.jpg",
        "youtubeVideoId": "xfKezowIv5E",
        "uploadedDate": "2022-07-02T11:14:55Z",
        "viewCount": 27223,
        "isCommercial": "False"
    }
]