[
    {
        "id": "af3ca709-6646-44b0-a243-1d5fb1cbab34",
        "title": "건전한 여캠의 오토바이 모음집 #shorts",
        "description": "▶CONTACT ME\nInstagram : https://www.instagram.com/o4.18/\nFacebook : https://www.facebook.com/oo4.18​​​​\nAfreecaTV :  http://bj.afreecatv.com/smpk96​​\n\n#오토바이 #리액션 #여캠 #엽캠 #shorts",
        "thumbnail": "https://i.ytimg.com/vi/MiveL6V_-M8/mqdefault.jpg",
        "youtubeVideoId": "MiveL6V_-M8",
        "uploadedDate": "2021-08-05T09:37:16Z",
        "viewCount": 8528,
        "isCommercial": "False"
    }
]