[
    {
        "id": "98247b5a-0dfb-4590-899b-e46dad330de0",
        "title": "초대박 도깨비 뿔로 re제로 렘을 만들어내다!!! [마인크래프트 몬스터 스쿨 상황극] minecraft monster school",
        "description": "트위치 생방 주소 ㄱ\nhttps://www.twitch.tv/pjs9073",
        "thumbnail": "https://i.ytimg.com/vi/kgnYI5oKg3w/mqdefault.jpg",
        "youtubeVideoId": "kgnYI5oKg3w",
        "uploadedDate": "2018-04-02T08:40:35Z",
        "viewCount": 0,
        "isCommercial": "False"
    },
    {
        "id": "9e35832c-0cb0-4f53-bef5-be6475d6c13e",
        "title": "엄청난 파이어볼을 쓰는 초 거대 레드 가스트를 만들다!! [마인크래프트 몬스터 스쿨 상황극] minecraft monster school",
        "description": "트위치 생방 주소 ㄱ\nhttps://www.twitch.tv/pjs9073",
        "thumbnail": "https://i.ytimg.com/vi/LzybcOpT-S0/mqdefault.jpg",
        "youtubeVideoId": "LzybcOpT-S0",
        "uploadedDate": "2018-03-20T06:04:00Z",
        "viewCount": 0,
        "isCommercial": "False"
    },
    {
        "id": "3eeecef8-f1b5-47ae-8f83-b45ffd368090",
        "title": "왕 햄스터 + 초 거인 = 초 거대 퀸톨을 만들어보다!! [마인크래프트 몬스터 스쿨 상황극] minecraft monster school",
        "description": "트위치 생방 주소 ㄱ\nhttps://www.twitch.tv/pjs9073",
        "thumbnail": "https://i.ytimg.com/vi/RroPlm24zVw/mqdefault.jpg",
        "youtubeVideoId": "RroPlm24zVw",
        "uploadedDate": "2018-03-13T06:07:34Z",
        "viewCount": 0,
        "isCommercial": "False"
    },
    {
        "id": "34ceea6d-3975-489a-a63c-03678f76a01f",
        "title": "백만원으로 베이비 드래곤알을 사서 슈퍼 베이비 드래곤을 만들다!! [마인크래프트 몬스터 스쿨 상황극] minecraft monster school",
        "description": "트위치 생방 주소 ㄱ\nhttps://www.twitch.tv/pjs9073",
        "thumbnail": "https://i.ytimg.com/vi/fYwUz61k8HU/mqdefault.jpg",
        "youtubeVideoId": "fYwUz61k8HU",
        "uploadedDate": "2018-03-06T06:19:18Z",
        "viewCount": 0,
        "isCommercial": "False"
    },
    {
        "id": "7dec62fd-de98-492a-b387-0df175f08ff6",
        "title": "마인크래프트에서 젤 강하다는 공포의 히로빈을 만들다!! [마인크래프트 몬스터 스쿨 상황극] minecraft monster school",
        "description": "트위치 생방 주소 ㄱ\nhttps://www.twitch.tv/pjs9073",
        "thumbnail": "https://i.ytimg.com/vi/rlgT5C69czQ/mqdefault.jpg",
        "youtubeVideoId": "rlgT5C69czQ",
        "uploadedDate": "2018-02-20T06:10:20Z",
        "viewCount": 0,
        "isCommercial": "False"
    },
    {
        "id": "59073c93-8ded-474d-a8d3-f780e968747e",
        "title": "외로운 쫀득 섹시한 여자친구를 만들다!! [마인크래프트 몬스터 스쿨 상황극] minecraft monster school",
        "description": "트위치 생방 주소 ㄱ\nhttps://www.twitch.tv/pjs9073",
        "thumbnail": "https://i.ytimg.com/vi/FEJx6pPOL-g/mqdefault.jpg",
        "youtubeVideoId": "FEJx6pPOL-g",
        "uploadedDate": "2018-02-13T05:28:30Z",
        "viewCount": 0,
        "isCommercial": "False"
    },
    {
        "id": "c8c4ff3a-cd45-4412-bce6-85e5c184c4d3",
        "title": "자동차 부품으로 제일 핫한 라이더의 로빈을 만들다!! [마인크래프트 몬스터 스쿨 상황극] minecraft monster school",
        "description": "트위치 생방 주소 ㄱ\nhttps://www.twitch.tv/pjs9073",
        "thumbnail": "https://i.ytimg.com/vi/8m5j8IJrZ44/mqdefault.jpg",
        "youtubeVideoId": "8m5j8IJrZ44",
        "uploadedDate": "2018-02-10T05:44:53Z",
        "viewCount": 0,
        "isCommercial": "False"
    },
    {
        "id": "35934cf1-a6a6-4e9b-aa78-ee3c76d3755d",
        "title": "총기난사!! 슈퍼 머스킷으로 초강력 클래시로얄 헌터덱을 만들다!! [마인크래프트 몬스터 스쿨 상황극] minecraft monster school",
        "description": "트위치 생방 주소 ㄱ\nhttps://www.twitch.tv/pjs9073",
        "thumbnail": "https://i.ytimg.com/vi/hEL0ZgDtbXY/mqdefault.jpg",
        "youtubeVideoId": "hEL0ZgDtbXY",
        "uploadedDate": "2018-02-07T06:19:47Z",
        "viewCount": 0,
        "isCommercial": "False"
    },
    {
        "id": "87ae8ba5-a294-4afc-97d8-82b7343cd83d",
        "title": "무지막지한 영혼으로 클래시로얄 초사기 로얄고스트덱을 만들다!! [마인크래프트 몬스터 스쿨 상황극] minecraft monster school",
        "description": "트위치 생방 주소 ㄱ\nhttps://www.twitch.tv/pjs9073",
        "thumbnail": "https://i.ytimg.com/vi/Tt4Ulj-MXCg/mqdefault.jpg",
        "youtubeVideoId": "Tt4Ulj-MXCg",
        "uploadedDate": "2018-01-27T00:07:30Z",
        "viewCount": 0,
        "isCommercial": "False"
    },
    {
        "id": "85e35eb9-f914-4db0-81e0-6cfcfcd7b850",
        "title": "묠니르를든 클래시로얄 호그라이더 만렙을 만들다!! [마인크래프트 몬스터 스쿨 상황극] minecraft monster school",
        "description": "트위치 생방 주소 ㄱ\nhttps://www.twitch.tv/pjs9073",
        "thumbnail": "https://i.ytimg.com/vi/tsOrwMwTqSo/mqdefault.jpg",
        "youtubeVideoId": "tsOrwMwTqSo",
        "uploadedDate": "2018-01-23T21:28:20Z",
        "viewCount": 0,
        "isCommercial": "False"
    },
    {
        "id": "e7df2e07-c3a9-4388-86c6-4372b7eb049c",
        "title": "한조의 조각들로 폭풍활을 쓰는 한조를 만들다!!! [마인크래프트 몬스터 스쿨 상황극] minecraft monster school",
        "description": "트위치 생방 주소 ㄱ\nhttps://www.twitch.tv/pjs9073",
        "thumbnail": "https://i.ytimg.com/vi/E2cwibQhUKY/mqdefault.jpg",
        "youtubeVideoId": "E2cwibQhUKY",
        "uploadedDate": "2018-01-20T03:06:18Z",
        "viewCount": 0,
        "isCommercial": "False"
    },
    {
        "id": "b4407b38-f2a3-45f8-8f7b-2cd14c781b3f",
        "title": "잃어버린 겐지 옷으로 오버워치 겐지를 만들어내다!!! [마인크래프트 몬스터 스쿨 상황극] minecraft monster school",
        "description": "트위치 생방 주소 ㄱ\nhttps://www.twitch.tv/pjs9073",
        "thumbnail": "https://i.ytimg.com/vi/_Q_bdKteSdY/mqdefault.jpg",
        "youtubeVideoId": "_Q_bdKteSdY",
        "uploadedDate": "2018-01-16T06:10:28Z",
        "viewCount": 0,
        "isCommercial": "False"
    },
    {
        "id": "e71cc20c-705d-419a-80e3-f4b8fd83d679",
        "title": "아스리엘 드리무어 최종 진화형태를 만들다!! [마인크래프트 몬스터 스쿨 상황극] minecraft monster school",
        "description": "트위치 생방 주소 ㄱ\nhttps://www.twitch.tv/pjs9073",
        "thumbnail": "https://i.ytimg.com/vi/YRrchTlHRt0/mqdefault.jpg",
        "youtubeVideoId": "YRrchTlHRt0",
        "uploadedDate": "2018-01-13T00:01:15Z",
        "viewCount": 0,
        "isCommercial": "False"
    },
    {
        "id": "bd858685-64dd-4941-922b-5ace304e9f0c",
        "title": "아스리엘 영혼으로 아스리엘 드리무어를 만들다!! [마인크래프트 몬스터 스쿨 상황극] minecraft monster school",
        "description": "트위치 생방 주소 ㄱ\nhttps://www.twitch.tv/pjs9073",
        "thumbnail": "https://i.ytimg.com/vi/mn7_gigk70w/mqdefault.jpg",
        "youtubeVideoId": "mn7_gigk70w",
        "uploadedDate": "2018-01-10T06:18:46Z",
        "viewCount": 0,
        "isCommercial": "False"
    },
    {
        "id": "5a66f931-39e8-444c-87e5-d0086aa24dc7",
        "title": "오메가 플라위를 만들어 몰살루트 샌즈와 싸우다!! [마인크래프트 몬스터 스쿨 상황극] minecraft monster school",
        "description": "트위치 생방 주소 ㄱ\nhttps://www.twitch.tv/pjs9073",
        "thumbnail": "https://i.ytimg.com/vi/LTNcwNdBmFU/mqdefault.jpg",
        "youtubeVideoId": "LTNcwNdBmFU",
        "uploadedDate": "2018-01-06T01:12:19Z",
        "viewCount": 0,
        "isCommercial": "False"
    },
    {
        "id": "b1f1a654-70d1-497f-a8b1-6294d4bb5189",
        "title": "메타톤ex를 메타톤 네오로 진화시키다 메마톤 vs 불사 언다인!! [마인크래프트 몬스터 스쿨 상황극] minecraft monster school",
        "description": "트위치 생방 주소 ㄱ\nhttps://www.twitch.tv/pjs9073",
        "thumbnail": "https://i.ytimg.com/vi/IK2gITukFdM/mqdefault.jpg",
        "youtubeVideoId": "IK2gITukFdM",
        "uploadedDate": "2018-01-02T05:11:56Z",
        "viewCount": 0,
        "isCommercial": "False"
    },
    {
        "id": "96297a7d-154e-4fea-976a-8704250d2f71",
        "title": "메타톤들을 잡은 재료로 메타톤 ex를 만들다!! [마인크래프트 몬스터 스쿨 상황극] minecraft monster school",
        "description": "트위치 생방 주소 ㄱ\nhttps://www.twitch.tv/pjs9073",
        "thumbnail": "https://i.ytimg.com/vi/TJdRg5p14u0/mqdefault.jpg",
        "youtubeVideoId": "TJdRg5p14u0",
        "uploadedDate": "2017-12-30T03:53:22Z",
        "viewCount": 0,
        "isCommercial": "False"
    },
    {
        "id": "cb619201-5801-4b4d-83d7-e2bc5c5547f3",
        "title": "어둠의 칼을 만들어 차라를 만들다 차라 vs 파피루스!! [마인크래프트 몬스터 스쿨 상황극] minecraft monster school",
        "description": "트위치 생방 주소 ㄱ\nhttps://www.twitch.tv/pjs9073",
        "thumbnail": "https://i.ytimg.com/vi/hMKIF4tNWG8/mqdefault.jpg",
        "youtubeVideoId": "hMKIF4tNWG8",
        "uploadedDate": "2017-12-25T16:42:42Z",
        "viewCount": 0,
        "isCommercial": "False"
    },
    {
        "id": "881efd5c-2eaa-4e63-b84f-5833938efb01",
        "title": "파피루스를 잡아 갈비뼈를 던지는 샌즈를 만들다!! [마인크래프트 몬스터 스쿨 상황극] minecraft monster school",
        "description": "트위치 생방 주소 ㄱ\nhttps://www.twitch.tv/pjs9073",
        "thumbnail": "https://i.ytimg.com/vi/pWc9gR-wtuE/mqdefault.jpg",
        "youtubeVideoId": "pWc9gR-wtuE",
        "uploadedDate": "2017-12-24T00:43:08Z",
        "viewCount": 0,
        "isCommercial": "False"
    },
    {
        "id": "fccd4a68-9a6d-4fec-9da4-d9a8a8b2446d",
        "title": "기반암으로 클래시로얄 골렘을 완성시키다!! [마인크래프트 몬스터 스쿨 상황극] minecraft monster school",
        "description": "트위치 생방 주소 ㄱ\nhttps://www.twitch.tv/pjs9073",
        "thumbnail": "https://i.ytimg.com/vi/nni-V47n1c4/mqdefault.jpg",
        "youtubeVideoId": "nni-V47n1c4",
        "uploadedDate": "2017-12-19T06:29:27Z",
        "viewCount": 0,
        "isCommercial": "False"
    },
    {
        "id": "ec20483d-b004-44f4-a00d-1d2c6834a609",
        "title": "초초초 거대 자이언트 해골의 뼈로 클래시로얄 자이언트 해골을 만들다!! [마인크래프트 몬스터 스쿨 상황극] minecraft monster school",
        "description": "트위치 생방 주소 ㄱ\nhttps://www.twitch.tv/pjs9073",
        "thumbnail": "https://i.ytimg.com/vi/ZvHST4mgT88/mqdefault.jpg",
        "youtubeVideoId": "ZvHST4mgT88",
        "uploadedDate": "2017-12-18T11:13:21Z",
        "viewCount": 0,
        "isCommercial": "False"
    },
    {
        "id": "29825f67-1fc4-406d-9003-fee4fbcc759b",
        "title": "무지막지한 번개의힘 클래시로얄 일렉트로닉 마법사를 만들다!! [마인크래프트 몬스터 스쿨 상황극] minecraft monster school",
        "description": "트위치 생방 주소 ㄱ\nhttps://www.twitch.tv/pjs9073",
        "thumbnail": "https://i.ytimg.com/vi/jBMIu6SvqFE/mqdefault.jpg",
        "youtubeVideoId": "jBMIu6SvqFE",
        "uploadedDate": "2017-12-13T05:50:05Z",
        "viewCount": 0,
        "isCommercial": "False"
    },
    {
        "id": "16f16522-6a01-4b6a-8d99-c397933a3208",
        "title": "도둑의 검으로 클래시로얄 +10강 도둑을 만들다!! [마인크래프트 몬스터 스쿨 상황극] minecraft monster school",
        "description": "트위치 생방 주소 ㄱ\nhttps://www.twitch.tv/pjs9073",
        "thumbnail": "https://i.ytimg.com/vi/G4N-8xWWRWM/mqdefault.jpg",
        "youtubeVideoId": "G4N-8xWWRWM",
        "uploadedDate": "2017-12-08T06:24:39Z",
        "viewCount": 0,
        "isCommercial": "False"
    },
    {
        "id": "2141e17f-1ce3-442d-88f1-ac325c827ed7",
        "title": "붉은 와이번을 잡고 클래시로얄 라바하운드를 소환하다!! [마인크래프트 몬스터 스쿨 상황극] minecraft monster school",
        "description": "트위치 생방 주소 ㄱ\nhttps://www.twitch.tv/pjs9073",
        "thumbnail": "https://i.ytimg.com/vi/W9GNgG1ewy4/mqdefault.jpg",
        "youtubeVideoId": "W9GNgG1ewy4",
        "uploadedDate": "2017-12-05T06:24:47Z",
        "viewCount": 0,
        "isCommercial": "False"
    },
    {
        "id": "843e7c64-b459-42ab-9214-0ee4618915cd",
        "title": "어둠 박쥐힘으로 클래시로얄 암흑마녀를 만들다!! [마인크래프트 몬스터 스쿨 상황극] minecraft monster school",
        "description": "트위치 생방 주소 ㄱ\nhttps://www.twitch.tv/pjs9073",
        "thumbnail": "https://i.ytimg.com/vi/Dyd5FTIqcnY/mqdefault.jpg",
        "youtubeVideoId": "Dyd5FTIqcnY",
        "uploadedDate": "2017-12-01T06:26:31Z",
        "viewCount": 0,
        "isCommercial": "False"
    },
    {
        "id": "449b5462-beee-418f-9434-661054b2d0e6",
        "title": "강력한 쌍칼로 클래시 로얄 페카를 만들어내다!! [마인크래프트 몬스터 스쿨 상황극] minecraft monster school",
        "description": "트위치 생방 주소 ㄱ\nhttps://www.twitch.tv/pjs9073",
        "thumbnail": "https://i.ytimg.com/vi/3aVO3qENmmk/mqdefault.jpg",
        "youtubeVideoId": "3aVO3qENmmk",
        "uploadedDate": "2017-11-28T06:24:37Z",
        "viewCount": 0,
        "isCommercial": "False"
    },
    {
        "id": "de9b0815-d37b-4f82-b644-cb0fd284a143",
        "title": "드디어 등장 인페르노 드래곤! 드래곤의 힘을 보여주다!! [마인크래프트 몬스터 스쿨 상황극] minecraft monster school",
        "description": "트위치 생방 주소 ㄱ\nhttps://www.twitch.tv/pjs9073",
        "thumbnail": "https://i.ytimg.com/vi/d1nDs5HyWsY/mqdefault.jpg",
        "youtubeVideoId": "d1nDs5HyWsY",
        "uploadedDate": "2017-11-26T00:36:38Z",
        "viewCount": 0,
        "isCommercial": "False"
    },
    {
        "id": "a02850d4-773b-4045-b1bd-d9063b9f719d",
        "title": "포켓몬 go를하다 더러운 침대에서 페로코체를 발견하다!! [마인크래프트 포켓몬 모드] Minecraft pixelmon mod",
        "description": "트위치 생방 주소 ㄱ\nhttps://www.twitch.tv/pjs9073",
        "thumbnail": "https://i.ytimg.com/vi/uZGGq3Ivd1Y/mqdefault.jpg",
        "youtubeVideoId": "uZGGq3Ivd1Y",
        "uploadedDate": "2017-11-24T07:08:29Z",
        "viewCount": 0,
        "isCommercial": "False"
    },
    {
        "id": "f7e103eb-cfad-4002-84c3-d4ba17d56127",
        "title": "번개의 힘으로 슈퍼 번개를 쏘는 클래시로얄 스파키를 만들어내다!! [마인크래프트 몬스터 스쿨 상황극] minecraft monster school",
        "description": "트위치 생방 주소 ㄱ\nhttps://www.twitch.tv/pjs9073",
        "thumbnail": "https://i.ytimg.com/vi/swh2kolARbY/mqdefault.jpg",
        "youtubeVideoId": "swh2kolARbY",
        "uploadedDate": "2017-11-21T06:27:11Z",
        "viewCount": 0,
        "isCommercial": "False"
    },
    {
        "id": "bd729b65-3335-47ac-bd91-4760746c4375",
        "title": "강력한 철퇴로 클레시 로얄 메가 나이트를 만들어내다!? [마인크래프트 몬스터 스쿨 상황극] minecraft monster school",
        "description": "트위치 생방 주소 ㄱ\nhttps://www.twitch.tv/pjs9073",
        "thumbnail": "https://i.ytimg.com/vi/S4bpYef47gg/mqdefault.jpg",
        "youtubeVideoId": "S4bpYef47gg",
        "uploadedDate": "2017-11-14T06:39:07Z",
        "viewCount": 0,
        "isCommercial": "False"
    },
    {
        "id": "506b5e33-4f6f-4bfd-b64d-bf46c506dceb",
        "title": "어둠의 힘으로 클래시 로얄의 다크 프린스를 만들다!? [마인크래프트 몬스터 스쿨 상황극] minecraft monster school",
        "description": "트위치 생방 주소 ㄱ\nhttps://www.twitch.tv/pjs9073",
        "thumbnail": "https://i.ytimg.com/vi/8hDzTO5RhEs/mqdefault.jpg",
        "youtubeVideoId": "8hDzTO5RhEs",
        "uploadedDate": "2017-11-11T10:35:18Z",
        "viewCount": 0,
        "isCommercial": "False"
    },
    {
        "id": "381fb421-a53f-4d56-9e10-3e0b36348146",
        "title": "클래시 로얄의 자이언트를 만들어내다!!? [마인크래프트 몬스터 스쿨 상황극] minecraft monster school",
        "description": "트위치 생방 주소 ㄱ\nhttps://www.twitch.tv/pjs9073",
        "thumbnail": "https://i.ytimg.com/vi/vKiVeZG0C-4/mqdefault.jpg",
        "youtubeVideoId": "vKiVeZG0C-4",
        "uploadedDate": "2017-11-07T06:26:33Z",
        "viewCount": 0,
        "isCommercial": "False"
    },
    {
        "id": "d34a2bb9-02db-471a-9ac6-cc1a41b168ba",
        "title": "어둠의 드래곤 힘으로 아주 강력한 블랙 드래곤을 만들다!!? [마인크래프트 몬스터 스쿨 상황극] minecraft monster school",
        "description": "트위치 생방 주소 ㄱ\nhttps://www.twitch.tv/pjs9073",
        "thumbnail": "https://i.ytimg.com/vi/2l7VlrI2-Qw/mqdefault.jpg",
        "youtubeVideoId": "2l7VlrI2-Qw",
        "uploadedDate": "2017-11-03T06:31:30Z",
        "viewCount": 0,
        "isCommercial": "False"
    },
    {
        "id": "c9bf15cc-6fac-4c61-9d8f-efbaaab83f2e",
        "title": "강력 그 자체! 원펀맨 사이타마를 만들다!!? [마인크래프트 몬스터 스쿨 상황극] minecraft monster school",
        "description": "트위치 생방 주소 ㄱ\nhttps://www.twitch.tv/pjs9073",
        "thumbnail": "https://i.ytimg.com/vi/2myL9XGRqFA/mqdefault.jpg",
        "youtubeVideoId": "2myL9XGRqFA",
        "uploadedDate": "2017-10-31T06:25:04Z",
        "viewCount": 0,
        "isCommercial": "False"
    },
    {
        "id": "af36eaa7-00eb-4ecf-968f-e401f422a4de",
        "title": "치킨을 소환하는 토리코를 만들다!!? [마인크래프트 몬스터 스쿨 상황극] minecraft monster school",
        "description": "트위치 생방 주소 ㄱ\nhttps://www.twitch.tv/pjs9073",
        "thumbnail": "https://i.ytimg.com/vi/bcu6XqNrqk0/mqdefault.jpg",
        "youtubeVideoId": "bcu6XqNrqk0",
        "uploadedDate": "2017-10-26T17:42:13Z",
        "viewCount": 0,
        "isCommercial": "False"
    },
    {
        "id": "4b26cd5c-59af-4fcf-925e-09c29d96d4e9",
        "title": "거대 양을 잡아 초 거대 램램을 만들다!! 학교에서 공부대신 몬스터를 만들어내다!! [마인크래프트 몬스터 스쿨 상황극] monster school",
        "description": "트위치 생방 주소 ㄱ\nhttps://www.twitch.tv/pjs9073",
        "thumbnail": "https://i.ytimg.com/vi/PDNTGFAA7Mk/mqdefault.jpg",
        "youtubeVideoId": "PDNTGFAA7Mk",
        "uploadedDate": "2017-10-24T06:13:21Z",
        "viewCount": 0,
        "isCommercial": "False"
    },
    {
        "id": "25f9bf9b-327a-41e3-aee5-8bae5d008bce",
        "title": "강력한 불의 힘으로 나츠를 만들다!! 학교에서 공부대신 몬스터를 만들어내다!! [마인크래프트 몬스터 스쿨 상황극] monster school",
        "description": "트위치 생방 주소 ㄱ\nhttps://www.twitch.tv/pjs9073",
        "thumbnail": "https://i.ytimg.com/vi/hPWXE0c5MIA/mqdefault.jpg",
        "youtubeVideoId": "hPWXE0c5MIA",
        "uploadedDate": "2017-10-20T01:56:46Z",
        "viewCount": 0,
        "isCommercial": "False"
    },
    {
        "id": "243f74ba-b1e4-40b3-b192-bad2d51bfc3f",
        "title": "아카이누 vs 아오키지!! 강력한 용암 공격하는 아카이누를 만들다!! 학교에서 공부대신 몬스터를 만들어내다!! [마인크래프트 몬스터 스쿨 상황극] monster school",
        "description": "트위치 생방 주소 ㄱ\nhttps://www.twitch.tv/pjs9073",
        "thumbnail": "https://i.ytimg.com/vi/yHMFMWxVs7s/mqdefault.jpg",
        "youtubeVideoId": "yHMFMWxVs7s",
        "uploadedDate": "2017-10-17T06:22:29Z",
        "viewCount": 0,
        "isCommercial": "False"
    },
    {
        "id": "95d7b2c5-064e-4027-a4f2-302cb25d8d3b",
        "title": "머리 3개 달린 킹 갓 오브더 드래곤을 만들다!! 학교에서 공부대신 몬스터를 만들어내다!! [마인크래프트 몬스터 스쿨 상황극] monster school",
        "description": "트위치 생방 주소 ㄱ\nhttps://www.twitch.tv/pjs9073",
        "thumbnail": "https://i.ytimg.com/vi/2CoWaci37HM/mqdefault.jpg",
        "youtubeVideoId": "2CoWaci37HM",
        "uploadedDate": "2017-10-13T06:31:29Z",
        "viewCount": 0,
        "isCommercial": "False"
    },
    {
        "id": "b73cebed-7cc6-4184-a5cf-b7a0a1c63576",
        "title": "1000도칼 을 든 에이스를 만들어 심슨과 싸우게하다!! 학교에서 공부대신 몬스터를 만들어내다!! [마인크래프트 몬스터 스쿨 상황극] monster school",
        "description": "트위치 생방 주소 ㄱ\nhttps://www.twitch.tv/pjs9073",
        "thumbnail": "https://i.ytimg.com/vi/_WSl1H1nOS0/mqdefault.jpg",
        "youtubeVideoId": "_WSl1H1nOS0",
        "uploadedDate": "2017-10-09T01:32:40Z",
        "viewCount": 0,
        "isCommercial": "False"
    },
    {
        "id": "c3ec5256-ed86-4fd8-a393-bd2cbba658d3",
        "title": "봉인되어있던 엑조디아를 깨워 궁극의 푸른눈의 백룡을 잡다!!! 학교에서 공부대신 몬스터를 만들어내다!! [마인크래프트 몬스터 스쿨 상황극] monster school",
        "description": "트위치 생방 주소 ㄱ\nhttps://www.twitch.tv/pjs9073",
        "thumbnail": "https://i.ytimg.com/vi/IzdBtkNIERg/mqdefault.jpg",
        "youtubeVideoId": "IzdBtkNIERg",
        "uploadedDate": "2017-10-07T00:19:46Z",
        "viewCount": 0,
        "isCommercial": "False"
    },
    {
        "id": "1dbc7248-849f-4fc8-bf02-fa1ba131c878",
        "title": "세상에서 제일 무서운 뱀! 바실리스크를 만들다!! 학교에서 공부대신 몬스터를 만들어내다!! [마인크래프트 몬스터 스쿨 상황극] monster school",
        "description": "트위치 생방 주소 ㄱ\nhttps://www.twitch.tv/pjs9073",
        "thumbnail": "https://i.ytimg.com/vi/RqAYpYu-ASQ/mqdefault.jpg",
        "youtubeVideoId": "RqAYpYu-ASQ",
        "uploadedDate": "2017-10-03T05:01:41Z",
        "viewCount": 0,
        "isCommercial": "False"
    },
    {
        "id": "b008a3ca-d970-4c0a-abdc-c5bcf82d3628",
        "title": "머리가 3개! 궁국의 푸른눈의 백룡을 만들다!! 학교에서 공부대신 몬스터를 만들어내다!! [마인크래프트 몬스터 스쿨 상황극] monster school",
        "description": "트위치 생방 주소 ㄱ\nhttps://www.twitch.tv/pjs9073",
        "thumbnail": "https://i.ytimg.com/vi/Oq4Icc1np8s/mqdefault.jpg",
        "youtubeVideoId": "Oq4Icc1np8s",
        "uploadedDate": "2017-09-28T20:26:27Z",
        "viewCount": 0,
        "isCommercial": "False"
    },
    {
        "id": "b9ee0037-9284-4c11-94f6-a68e87d26b54",
        "title": "머리 3개인 드래곤을 잡아 삼단 드래곤을 만들다!! 학교에서 공부대신 몬스터를 만들어내다!! [마인크래프트 몬스터 스쿨 상황극] monster school",
        "description": "트위치 생방 주소 ㄱ\nhttps://www.twitch.tv/pjs9073",
        "thumbnail": "https://i.ytimg.com/vi/rhsqQxdR-Xc/mqdefault.jpg",
        "youtubeVideoId": "rhsqQxdR-Xc",
        "uploadedDate": "2017-09-26T00:10:52Z",
        "viewCount": 0,
        "isCommercial": "False"
    },
    {
        "id": "e395c00d-9d33-4f26-b926-45d0480c16b1",
        "title": "집에있는 개미를 잡고 슈--퍼 붉은 로봇 개미를 만들다!! 학교에서 공부대신 몬스터를 만들어내다!! [마인크래프트 몬스터 스쿨 상황극]monster school",
        "description": "트위치 생방 주소 ㄱ\nhttps://www.twitch.tv/pjs9073",
        "thumbnail": "https://i.ytimg.com/vi/GuW0amtI47Y/mqdefault.jpg",
        "youtubeVideoId": "GuW0amtI47Y",
        "uploadedDate": "2017-09-19T07:40:40Z",
        "viewCount": 0,
        "isCommercial": "False"
    },
    {
        "id": "738bf895-795b-406c-b866-905116fb7959",
        "title": "일미 나루토를 잡고 슈퍼 일미를 만들다!! 학교에서 공부대신 몬스터를 만들어내다!! [마인크래프트 몬스터 스쿨 상황극]monster school",
        "description": "트위치 생방 주소 ㄱ\nhttps://www.twitch.tv/pjs9073",
        "thumbnail": "https://i.ytimg.com/vi/9ukeymaHNnY/mqdefault.jpg",
        "youtubeVideoId": "9ukeymaHNnY",
        "uploadedDate": "2017-09-15T06:28:03Z",
        "viewCount": 0,
        "isCommercial": "False"
    },
    {
        "id": "6ba5dbcc-f922-4a9b-9f06-f7f2eef34096",
        "title": "맥도날드 앞 공룡을 잡고 슈-퍼 티라노를 만들어내다!!! 학교에서 공부대신 몬스터를 만들어내다!! [마인크래프트 몬스터 스쿨 상황극]monster school",
        "description": "트위치 생방 주소 ㄱ\nhttps://www.twitch.tv/pjs9073",
        "thumbnail": "https://i.ytimg.com/vi/oC8zyo3wNVg/mqdefault.jpg",
        "youtubeVideoId": "oC8zyo3wNVg",
        "uploadedDate": "2017-09-12T07:29:23Z",
        "viewCount": 0,
        "isCommercial": "False"
    },
    {
        "id": "1c745f7b-f74e-4084-884a-c3da8ab59863",
        "title": "거대 로봇의 핵으로 초 거대 로봇을 만들다!!! 학교에서 공부대신 몬스터를 만들어내다!! [마인크래프트 몬스터 스쿨 상황극]monster school",
        "description": "트위치 생방 주소 ㄱ\nhttps://www.twitch.tv/pjs9073",
        "thumbnail": "https://i.ytimg.com/vi/NT8pyUyCh7A/mqdefault.jpg",
        "youtubeVideoId": "NT8pyUyCh7A",
        "uploadedDate": "2017-09-08T06:17:50Z",
        "viewCount": 0,
        "isCommercial": "False"
    },
    {
        "id": "8e2afdc8-257a-42c1-bf7f-46682ad35b65",
        "title": "공사장의 불완전한 스콜피온 핵으로 거대 임페르노 스콜피온을 만들다!!! 학교에서 공부대신 몬스터를 만들어내다!! [마인크래프트 몬스터 스쿨 상황극]monster school",
        "description": "트위치 생방 주소 ㄱ\nhttps://www.twitch.tv/pjs9073",
        "thumbnail": "https://i.ytimg.com/vi/0ckMJhhjvZI/mqdefault.jpg",
        "youtubeVideoId": "0ckMJhhjvZI",
        "uploadedDate": "2017-09-05T06:29:36Z",
        "viewCount": 0,
        "isCommercial": "False"
    },
    {
        "id": "83ea038a-4392-496c-ad85-ae2e0dacba6c",
        "title": "탑에 사는 드래곤의 힘으로 블랙 드래곤을 만들다!!! 학교에서 공부대신 몬스터를 만들어내다!! [마인크래프트 몬스터 스쿨 상황극]monster school",
        "description": "트위치 생방 주소 ㄱ\nhttps://www.twitch.tv/pjs9073",
        "thumbnail": "https://i.ytimg.com/vi/nyL-uGmql8c/mqdefault.jpg",
        "youtubeVideoId": "nyL-uGmql8c",
        "uploadedDate": "2017-09-01T06:38:19Z",
        "viewCount": 0,
        "isCommercial": "False"
    }
]