[
    {
        "id": "865209aa-44fe-4e49-b251-c3809f70c59c",
        "title": "ASMR 꾸덕진 바세린 얼굴마사지 / 편안한 팅글 가득 (좌우 구분, 관통) / I'll massage your face with Vaseline",
        "description": "▶연츄 채널 멤버십 가입 링크 (전용 영상/전용 커뮤니티 업로드)\nhttps://www.youtube.com/channel/UCjypzyxU_p0_0ElbWSi8QQw/join \n\n▶멤버십 영상 재생목록 미리보기\nhttps://youtube.com/playlist?list=PLgV547LHihrRZk8cHhtg4_uqD3Ag13cCx\n\n▶instargram : http://www.instagram.com/y.zzu \n▶E-mail duswnk1002@naver.com\n\n----------------------------------------------------------------------------\n\n▶연츄  VLOG\nhttps://www.youtube.com/channel/UCbhbaBMBCIJRT0PPxsYrbhw\n\n----------------------------------------------------------------------------\nASMR 꾸덕진 바세린 얼굴마사지 / 편안한 팅글 가득 (좌우 구분, 관통) Vaseline facial massage",
        "thumbnail": "https://i.ytimg.com/vi/zEj6l7H75fE/mqdefault.jpg",
        "youtubeVideoId": "zEj6l7H75fE",
        "uploadedDate": "2022-08-24T13:20:30Z",
        "viewCount": 20080,
        "isCommercial": "False"
    },
    {
        "id": "bb9d7761-cdff-4bc7-a6cf-3e88db3c1ecf",
        "title": "ASMR 친구와 함께하는 머리손질 ( 속삭이는 수다, 브러쉬, 고데기 ) Playing with Friend's Hair ASMR",
        "description": "ASMR 친구와 함께하는 친구 머리카락으로 ASMR ( 속삭이는 수다, 브러쉬, 고데기 ) Playing with Friend's Hair ASMR (Whispering, Brush, Straightener\n\n▶연츄 채널 멤버십 가입 링크 (전용 영상/전용 커뮤니티 업로드)\nhttps://www.youtube.com/channel/UCjypzyxU_p0_0ElbWSi8QQw/join \n\n▶멤버십 영상 재생목록 미리보기\nhttps://youtube.com/playlist?list=PLgV547LHihrRZk8cHhtg4_uqD3Ag13cCx\n\n----------------------------------------------------------------------------\n\n▶후원 링크 Thank you for your support\nhttps://toon.at/donate/asmr_yeonchu\n후원 금액은 영상을 위해 사용됩니다.\n후원해주신 분들 감사합니다🙏🏻💕\n\n----------------------------------------------------------------------------\n\n▶instargram : http://www.instagram.com/y.zzu \n▶E-mail duswnk1002@naver.com\n\n----------------------------------------------------------------------------\n\n▶연츄  VLOG\nhttps://www.youtube.com/channel/UCbhbaBMBCIJRT0PPxsYrbhw\n\n----------------------------------------------------------------------------",
        "thumbnail": "https://i.ytimg.com/vi/JLhST6V2Trs/mqdefault.jpg",
        "youtubeVideoId": "JLhST6V2Trs",
        "uploadedDate": "2022-05-02T14:34:42Z",
        "viewCount": 20498,
        "isCommercial": "False"
    },
    {
        "id": "a391a591-b4a6-4327-bd01-79cd9c99b298",
        "title": "ASMR 입으로 뻐끔이며 하는 메이크업 소리 😴👄 인어디블 위스퍼링, 후시녹음 Makeup by mouth sound / Inaudible / 알아들을 수 없는 메이크업샵",
        "description": "ASMR 입으로 하는 메이크업 소리│인어디블 위스퍼링, 후시녹음 Makeup by mouth sound ( Inaudible Whispering ) 알아들을 수 없는 메이크업샵\n\n안녕하세요 여러분 !\n오늘은 새로운 구도와 형식으로 촬영을 해보았는데요.\n메이크업 해드리는 영상을 촬영하며, 뻐끔뻐끔 인어디블 형식의\n알아들을 수 없는 대사 전달과 입소리 메이크업 영상을 제작해보았어요.\n\n어항 트리거에 이어 이런 뻐끔거리는 영상에 푹 빠져\n여러 영상을 접하다보니, 입소리로 하는 여러가지 트리거들이나\n알아들을 수 없는 소리들이 잠이 잘 오는 것 같더라구요.\n\n싱크가 잘 맞았으면 싶어서 새로운 구도와 렌즈로 촬영을 하다보니 평소 카메라보다 조금 가까워 왜곡이 생겨서 평소 영상에 담기던 모습보다 조금 뽈록하게 낯설어보이는 것 같기도 ..?\n이런 구도의 1:1 영상도 매력있는 것 같네요.\n종종 촬영해봐야겠어요.\n\n오늘도 제 영상 선택해주셔서 감사드리고,\n좋은 밤 되세요. 굿나잇 ♥\n\n\n----------------------------------------------------------------------------\n\n▶연츄 채널 멤버십 가입 링크 (전용 영상/전용 커뮤니티 업로드)\nhttps://www.youtube.com/channel/UCjypzyxU_p0_0ElbWSi8QQw/join \n\n▶멤버십 영상 재생목록 미리보기\nhttps://youtube.com/playlist?list=PLgV547LHihrRZk8cHhtg4_uqD3Ag13cCx\n\n----------------------------------------------------------------------------\n\n▶instargram : http://www.instagram.com/y.zzu \n▶E-mail duswnk1002@naver.com\n\n----------------------------------------------------------------------------\n\n▶연츄  VLOG\nhttps://www.youtube.com/channel/UCbhbaBMBCIJRT0PPxsYrbhw\n\n----------------------------------------------------------------------------",
        "thumbnail": "https://i.ytimg.com/vi/yh9C3lZVAv8/mqdefault.jpg",
        "youtubeVideoId": "yh9C3lZVAv8",
        "uploadedDate": "2022-04-22T12:31:30Z",
        "viewCount": 14449,
        "isCommercial": "False"
    },
    {
        "id": "e41a7c5a-e530-4ba3-8e62-e8448e54d802",
        "title": "ASMR 친구 등 간질간질 팅글마사지 Scratching, Brushing, Lotion massage, roller, squish, Shaving foam [NO TALKING]",
        "description": "ASMR 친구 등 간질간질 팅글마사지 Scratching, Brushing, Lotion massage, roller, squish, Shaving foam [NO TALKING]\n\n-\n\n등 모델이 되어준 Asmr계의 떠오르는 샛별 보미언니에게 감사하며.. 오늘 영상은 제가 요즘 폭 빠진 외국 유튜버 분의 등 마사지 팅글 영상들 보면서 새로운 구도로 시도해본 영상이에요. 영상들을 시청하며 제 기준 팅글 오는 포인트들을 총집합해서 한번 만들어봤는데 아직은 조금 어색하지만.. 그래두 편안하게 들어주셨으면 좋겠습니다. 그럼 좋은 꿈 꾸세요🌛 \nSweet dreams.🌛 \n\n\n*참고영상 The video I referred to\n( asmr chiara님 ♥️)\n: https://youtu.be/RTMGg7dvgKA\n\n-\n00:01 미리보기\n01:24 맨 손\n06:40 솜털 귀이개\n10:15 큰 깃털\n10:49 작은 지푸라기\n11:19 통통한 브러쉬\n11:53 로션\n16:19 바세린, 괄사롤러\n19:22 찐빵 스퀴시\n23:34 쉐이빙크림\n\n00:01 Preview\n01:24 Bare\n06:40 Fluffy Earpicks\n10:15 Big Feather\n10:49 Little Straw\n11:19 Chubby Brush\n11:53 Lotion\n16:19 Vaseline, roller\n19:22 Steamed Bread Squishy\n23:34 shaving cream\n\n\n▶연츄 채널 멤버십 가입 링크 (전용 영상/전용 커뮤니티 업로드)\nhttps://www.youtube.com/channel/UCjypzyxU_p0_0ElbWSi8QQw/join \n\n▶멤버십 영상 재생목록 미리보기\nhttps://youtube.com/playlist?list=PLgV547LHihrRZk8cHhtg4_uqD3Ag13cCx\n\n----------------------------------------------------------------------------\n\n▶후원 링크 Thank you for your support\nhttps://toon.at/donate/asmr_yeonchu\n후원 금액은 영상을 위해 사용됩니다.\n후원해주신 분들 감사합니다🙏🏻💕\n\n----------------------------------------------------------------------------\n\n▶instargram : http://www.instagram.com/y.zzu \n▶E-mail duswnk1002@naver.com\n\n----------------------------------------------------------------------------\n\n▶연츄  VLOG\nhttps://www.youtube.com/channel/UCbhbaBMBCIJRT0PPxsYrbhw\n\n----------------------------------------------------------------------------\n\n\nASMR My friend's back is tingle massage│Scatching, Brushing, roller, squish, Shaving foam NO TALKING",
        "thumbnail": "https://i.ytimg.com/vi/sYHvpv1Vq9s/mqdefault.jpg",
        "youtubeVideoId": "sYHvpv1Vq9s",
        "uploadedDate": "2022-01-22T12:45:05Z",
        "viewCount": 52163,
        "isCommercial": "False"
    },
    {
        "id": "3509eeee-2458-446d-be44-5df45f0ebf09",
        "title": "ASMR 수고했어. 취침 준비하자 ~ 남자친구 면도 롤플레이│양치,세안,스킨케어,면도 풀코스로 내가 해준다. Man's Shaving Roleplay│여자친구│Whispering",
        "description": "ASMR 수고했어. 잘 준비하자. 남자친구 면도 롤플레이│양치,세안,스킨케어,면도 풀코스로 내가 해준다. Man's Shaving Roleplay│여자친구ASMR\n\n* 일상채널\nhttps://www.youtube.com/channel/UCbhbaBMBCIJRT0PPxsYrbhw\n\n* INSTAGRAM\nhttp://www.instagram.com/y.zzu\n\n* 비즈니스 문의\nduswnk1002@naver.com\n\n* 자막 (subtitles)\nhttp://www.youtube.com/timedtext_cs_panel?tab=2&c=UCjypzyxU_p0_0ElbWSi8QQw\n\n* 멤버십 가입\nhttps://www.youtube.com/channel/UCjypzyxU_p0_0ElbWSi8QQw/join\n\n\n※ASMR이란?\n심리적 안정을 유도하는 영상입니다.\n힐링을 원하는 청취자들에게 안정감을 주고,불면증에 도움이 됩니다.",
        "thumbnail": "https://i.ytimg.com/vi/dQh7-9giUQY/mqdefault.jpg",
        "youtubeVideoId": "dQh7-9giUQY",
        "uploadedDate": "2020-12-31T12:12:11Z",
        "viewCount": 187618,
        "isCommercial": "False"
    },
    {
        "id": "4fe24820-60f4-432f-8092-9c58e32f6c8a",
        "title": "ASMR 상쾌하고 나른한 피부관리샵에 관리받으러 오세요♡│뽁!뽁! 여드름 압출/진정팩/꼼꼼한 스킨케어 롤플레이 Skin care shop roleplay",
        "description": "* 비고라이브\nID: yeonchuasmr (또는 \"연츄\" 검색)\nhttps://bit.ly/2Zm4hlW (안드로이드 다운로드)\nhttps://apple.co/38nHLgW (애플 다운로드)\n\n------------------------------------------------------------------------------------\n\n\n00:01 전화 예약\n\n01:09 샵 도착, 피부관리 상담\n(01:40 휴대폰 소독/01:58 접수 및 설문조사지 작성)\n\n08:40 피부관리 시작\n\n09:20 헤어밴드 씌워주기\n\n10:13 메이크업 지워주기 (아이,스킨)\n(11:40 위이잉 거품내서 클렌징)\n\n13:30 스팀타월 올려주기\n\n14:20 도구,압출부위 간단한 소독\n\n15:20 압출도구 소개\n\n15:55 여드름에 구멍내기\n\n18:35 뿌직 뽁뽁 여드름 압출 시작\n\n26:00 진정 꿀팩\n\n28:22 로즈쿼츠 괄사 마사지\n\n29:44 팩 닦아내기\n\n30:35 스킨케어\n\n------------------------------------------------------------------------------------------------------------------------------------------\n\n00:01 Telephone Reservation\n\n01:09 Arrived at the skin care shop, consultation on skin care\n(01:40 Sterilizing Cell Phones/01:58 Receiving and completing the questionnaire)\n\n08:40 Start skin care\n\n09:20 Put on a headband\n\n10:13 Removing Makeup (I, Skin)\n(11:40 Cleansing by Bubbling)\n\nRaise the steam towel at 13:30\n\n14:20 Tools for extruding acne, simple disinfection of the acne extrusion area\n\n15:20 Introduce tools to extrude acne\n\n15:55 Punching holes in acne\n\n18:35 Start of acne extrusion\n\n26:00 A honey pack that soothes the skin\n\n28:22 Rose quartz sphincter massage\n\n29:44 Wipe Pack\n\n30:35 Skincare\n\n\nASMR 상쾌하고 나른한 피부관리샵에 관리받으러 오세요♡│뽁!뽁! 여드름 압출/진정팩/꼼꼼한 스킨케어 롤플레이 Skin care shop roleplay\n\n\n* 일상채널\nhttps://www.youtube.com/channel/UCbhbaBMBCIJRT0PPxsYrbhw\n\n* INSTAGRAM\nhttp://www.instagram.com/y.zzu\n\n* 비즈니스 문의\nduswnk1002@naver.com\n\n* 자막 (subtitles)\nhttp://www.youtube.com/timedtext_cs_panel?tab=2&c=UCjypzyxU_p0_0ElbWSi8QQw\n\n* 멤버십 가입\nhttps://www.youtube.com/channel/UCjypzyxU_p0_0ElbWSi8QQw/join\n\n\n※ASMR이란?\n심리적 안정을 유도하는 영상입니다.\n힐링을 원하는 청취자들에게 안정감을 주고,불면증에 도움이 됩니다.",
        "thumbnail": "https://i.ytimg.com/vi/-QpnfQgj0Do/mqdefault.jpg",
        "youtubeVideoId": "-QpnfQgj0Do",
        "uploadedDate": "2020-07-24T12:01:42Z",
        "viewCount": 120545,
        "isCommercial": "False"
    },
    {
        "id": "e760907b-2dd2-4916-bd6b-882da18f957f",
        "title": "ASMR 프로필 촬영용 메이크업 롤플레이│스킨케어 꼼꼼히 해드려요 Makeup shop RP 후시녹음",
        "description": "♡늘 좋은 꿈 꾸시고, 행복하세요♡\r\n\r\nASMR 프로필 촬영용 메이크업 롤플레이│스킨케어 꼼꼼히 해드려요 Makeup shop RP\n\n*이 영상은 데일리시의 간접광고를 포함하고 있습니다.\n\n*데일리시 바로가기\n\nhttp://dailish.co.kr/\n\nhttps://smartstore.naver.com/dailish\n\n\n●연츄채널 후원하기\r\n(매 달 한분을 선정하여 선물과 편지를 보내드려요)\r\nhttps://toon.at/donate/asmr_yeonchu\r\n\r\n●연츄채널 멤버십 가입\r\n(멤버십 전용 ASMR영상 업로드&소통+닉네임 옆 특별 뱃지)\r\nhttps://www.youtube.com/channel/UCjypzyxU_p0_0ElbWSi8QQw/join\r\n\r\n●연츄로그 (일상채널)\r\nhttps://www.youtube.com/channel/UCbhbaBMBCIJRT0PPxsYrbhw\r\n\r\n●INSTAGRAM\r\nhttp://www.instagram.com/y.zzu\r\n\r\n●EMAIL(비즈니스문의)\r\nduswnk1002@naver.com\r\n\r\n●영상 자막 달아주기 (subtitles)\r\nhttp://www.youtube.com/timedtext_cs_panel?tab=2&c=UCjypzyxU_p0_0ElbWSi8QQw\r\n\r\n●연츄 쇼핑몰 (홈웨어,집순이템 등)\r\nhttp://www.gn-darling.shop\r\n\r\n\r\n●팬카페 츄랜드\r\nhttps://cafe.naver.com/yeonchuasmr\r\n\r\n●사서함\r\n서울 성동구 연무장15길 11 에스팩토리 B동 2층 (받는이:연츄)\r\n\r\n\r\n※ASMR이란?\r\n심리적 안정을 유도하는 영상입니다.\r\n힐링을 원하는 청취자들에게 안정감을 주고,불면증에 도움이 됩니다.\n\n#2020제2회SBA크포",
        "thumbnail": "https://i.ytimg.com/vi/3XYXjt91cFE/mqdefault.jpg",
        "youtubeVideoId": "3XYXjt91cFE",
        "uploadedDate": "2020-06-02T12:50:37Z",
        "viewCount": 49168,
        "isCommercial": "False"
    },
    {
        "id": "aefc486e-55f8-422d-85f9-f9da69ca8cc9",
        "title": "ASMR 연말파티 메이크업 롤플레이 Doing Your Party Makeup with Friend roleplay 후시녹음",
        "description": "♡늘 좋은 꿈 꾸시고, 행복하세요♡\n\nASMR 연말파티 메이크업 롤플레이 Doing Your Party Makeup with Friend roleplay\n\n●연츄채널 후원하기\n(매 달 한분을 선정하여 선물과 편지를 보내드려요)\nhttps://toon.at/donate/asmr_yeonchu\n\n●연츄채널 멤버십 가입\n(멤버십 전용 ASMR영상 업로드&소통+닉네임 옆 특별 뱃지)\nhttps://www.youtube.com/channel/UCjypzyxU_p0_0ElbWSi8QQw/join\n\n●연츄로그 (일상채널)\nhttps://www.youtube.com/channel/UCbhbaBMBCIJRT0PPxsYrbhw\n\n●INSTAGRAM\nhttp://www.instagram.com/y.zzu\n\n●EMAIL(비즈니스문의)\nduswnk1002@naver.com\n\n●영상 자막 달아주기 (subtitles)\nhttp://www.youtube.com/timedtext_cs_panel?tab=2&c=UCjypzyxU_p0_0ElbWSi8QQw\n\n●연츄 쇼핑몰 (홈웨어,집순이템 등)\nhttp://www.gn-darling.shop\n\n\n●팬카페 츄랜드\nhttps://cafe.naver.com/yeonchuasmr\n\n●사서함\n서울 성동구 연무장15길 11 에스팩토리 B동 2층 (받는이:연츄)\n\n\n※ASMR이란?\n심리적 안정을 유도하는 영상입니다.\n힐링을 원하는 청취자들에게 안정감을 주고,불면증에 도움이 됩니다.",
        "thumbnail": "https://i.ytimg.com/vi/wQgYGZVHWT8/mqdefault.jpg",
        "youtubeVideoId": "wQgYGZVHWT8",
        "uploadedDate": "2019-12-14T11:03:10Z",
        "viewCount": 57228,
        "isCommercial": "False"
    },
    {
        "id": "77cbf2ee-801c-450e-bdd4-381267b7e2b5",
        "title": "ASMR 내 얼굴에 직접 메이크업하며 속닥속닥 근황수다│Makeup & whispering",
        "description": "♡늘 좋은 꿈 꾸시고, 행복하세요♡\n\nASMR 직접 메이크업하며 속닥속닥 근황수다│Makeup & whispering\n\n●연츄채널 후원하기\n(매 달 한분을 선정하여 선물과 편지를 보내드려요)\nhttps://toon.at/donate/asmr_yeonchu\n\n●연츄채널 멤버십 가입\n(멤버십 전용 ASMR영상 업로드&소통+닉네임 옆 특별 뱃지)\nhttps://www.youtube.com/channel/UCjypzyxU_p0_0ElbWSi8QQw/join\n\n●연츄로그 (일상채널)\nhttps://www.youtube.com/channel/UCbhbaBMBCIJRT0PPxsYrbhw\n\n●INSTAGRAM\nhttp://www.instagram.com/y.zzu\n\n●EMAIL(비즈니스문의)\nduswnk1002@naver.com\n\n●영상 자막 달아주기 (subtitles)\nhttp://www.youtube.com/timedtext_cs_panel?tab=2&c=UCjypzyxU_p0_0ElbWSi8QQw\n\n●대부분의 옷 정보\n(할인코드'연츄'입력 시 5%추가할인)\nhttps://www.seoulstore.com/\n\n●팬카페 츄랜드\nhttps://cafe.naver.com/yeonchuasmr\n\n●사서함\n서울 성동구 연무장15길 11 에스팩토리 B동 2층 (받는이:연츄)\n\n\n※ASMR이란?\n심리적 안정을 유도하는 영상입니다.\n힐링을 원하는 청취자들에게 안정감을 주고,불면증에 도움이 됩니다.",
        "thumbnail": "https://i.ytimg.com/vi/PTL6aeK0v04/mqdefault.jpg",
        "youtubeVideoId": "PTL6aeK0v04",
        "uploadedDate": "2019-10-08T11:41:52Z",
        "viewCount": 35548,
        "isCommercial": "False"
    },
    {
        "id": "34d60ed4-3f5c-431f-b8c3-8ee1efda946e",
        "title": "ASMR 수다가 끊이지 않는 메이크업샵 롤플레이│Makeup shop roleplay",
        "description": "♡늘 좋은 꿈 꾸시고, 행복하세요♡\n\nASMR 수다가 끊이지 않는 메이크업샵 롤플레이│Makeup shop roleplay\n\n●연츄채널 후원하기\n(매 달 한분을 선정하여 선물과 편지를 보내드려요)\nhttps://toon.at/donate/asmr_yeonchu\n\n●연츄채널 멤버십 가입\n(멤버십 전용 ASMR영상 업로드&소통+닉네임 옆 특별 뱃지)\nhttps://www.youtube.com/channel/UCjypzyxU_p0_0ElbWSi8QQw/join\n\n●연츄로그 (일상채널)\nhttps://www.youtube.com/channel/UCbhbaBMBCIJRT0PPxsYrbhw\n\n●INSTAGRAM\nhttp://www.instagram.com/y.zzu\n\n●EMAIL(비즈니스문의)\nduswnk1002@naver.com\n\n●영상 자막 달아주기 (subtitles)\nhttp://www.youtube.com/timedtext_cs_panel?tab=2&c=UCjypzyxU_p0_0ElbWSi8QQw\n\n●대부분의 옷 정보\n(할인코드'연츄'입력 시 5%추가할인)\nhttps://www.seoulstore.com/\n\n●팬카페 츄랜드\nhttps://cafe.naver.com/yeonchuasmr\n\n●사서함\n서울 성동구 연무장15길 11 에스팩토리 B동 2층 (받는이:연츄)\n\n\n※ASMR이란?\n심리적 안정을 유도하는 영상입니다.\n힐링을 원하는 청취자들에게 안정감을 주고,불면증에 도움이 됩니다.",
        "thumbnail": "https://i.ytimg.com/vi/NTaeLBEhdvo/mqdefault.jpg",
        "youtubeVideoId": "NTaeLBEhdvo",
        "uploadedDate": "2019-07-21T11:02:28Z",
        "viewCount": 58722,
        "isCommercial": "False"
    },
    {
        "id": "97fcb74c-f6e3-4878-9e92-820d9ebf5129",
        "title": "[English ASMR] Skin care shop roleplay _ cleansing,water spray care,facial massage,modeling pack",
        "description": "♡늘 좋은 꿈 꾸시고, 행복하세요♡\n\n[English ASMR] Skin care shop roleplay _ cleansing,quality control,water spray care,facial massage, modeling pack, skincare\n\n●연츄채널 후원하기\n(매 달 한분을 선정하여 선물과 편지를 보내드려요)\nhttps://toon.at/donate/asmr_yeonchu\n\n●연츄채널 멤버십 가입\n(멤버십 전용 ASMR영상 업로드&소통+닉네임 옆 특별 뱃지)\nhttps://www.youtube.com/channel/UCjypzyxU_p0_0ElbWSi8QQw/join\n\n●연츄로그 (일상채널)\nhttps://www.youtube.com/channel/UCbhbaBMBCIJRT0PPxsYrbhw\n\n●INSTAGRAM\nhttp://www.instagram.com/y.zzu\n\n●EMAIL(비즈니스문의)\nduswnk1002@naver.com\n\n●영상 자막 달아주기 (subtitles)\nhttp://www.youtube.com/timedtext_cs_panel?tab=2&c=UCjypzyxU_p0_0ElbWSi8QQw\n\n●대부분의 옷 정보\n(할인코드'연츄'입력 시 5%추가할인)\nhttps://www.seoulstore.com/\n\n●팬카페 츄랜드\nhttps://cafe.naver.com/yeonchuasmr\n\n●사서함\n서울 성동구 연무장15길 11 에스팩토리 B동 2층 (받는이:연츄)\n\n\n※ASMR이란?\n심리적 안정을 유도하는 영상입니다.\n힐링을 원하는 청취자들에게 안정감을 주고,불면증에 도움이 됩니다.",
        "thumbnail": "https://i.ytimg.com/vi/YFizp6gvum0/mqdefault.jpg",
        "youtubeVideoId": "YFizp6gvum0",
        "uploadedDate": "2019-07-09T12:21:36Z",
        "viewCount": 18510,
        "isCommercial": "False"
    },
    {
        "id": "d9f726b1-7969-43e6-b2bf-ab1dbdcb10ce",
        "title": "[한국어ASMR] 조용한 피부관리샵 롤플레이 Skin care roleplay│클렌징,각질제거,수분케어,얼굴마사지,모델링팩,스킨케어",
        "description": "♡늘 좋은 꿈 꾸시고, 행복하세요♡\n[한국어ASMR] 조용한 스킨케어샵 롤플레이 Skin care roleplay│클렌징,각질제거,수분케어,얼굴마사지,모델링팩,스킨케어\n\n●연츄채널 후원하기\n(매 달 한분을 선정하여 선물과 편지를 보내드려요)\nhttps://toon.at/donate/asmr_yeonchu\n\n●연츄채널 멤버십 가입\n(멤버십 전용 ASMR영상 업로드&소통+닉네임 옆 특별 뱃지)\nhttps://www.youtube.com/channel/UCjypzyxU_p0_0ElbWSi8QQw/join\n\n●연츄로그 (일상채널)\nhttps://www.youtube.com/channel/UCbhbaBMBCIJRT0PPxsYrbhw\n\n●INSTAGRAM\nhttp://www.instagram.com/y.zzu\n\n●EMAIL(비즈니스문의)\nduswnk1002@naver.com\n\n●영상 자막 달아주기 (subtitles)\nhttp://www.youtube.com/timedtext_cs_panel?tab=2&c=UCjypzyxU_p0_0ElbWSi8QQw\n\n●대부분의 옷 정보\n(할인코드'연츄'입력 시 5%추가할인)\nhttps://www.seoulstore.com/\n\n●팬카페 츄랜드\nhttps://cafe.naver.com/yeonchuasmr\n\n●사서함\n서울 성동구 연무장15길 11 에스팩토리 B동 2층 (받는이:연츄)\n\n\n※ASMR이란?\n심리적 안정을 유도하는 영상입니다.\n힐링을 원하는 청취자들에게 안정감을 주고,불면증에 도움이 됩니다.",
        "thumbnail": "https://i.ytimg.com/vi/-J-Wnr525jI/mqdefault.jpg",
        "youtubeVideoId": "-J-Wnr525jI",
        "uploadedDate": "2019-07-09T12:21:31Z",
        "viewCount": 31579,
        "isCommercial": "False"
    },
    {
        "id": "ee3c96d4-428f-4dd2-93c2-6197685fe5f0",
        "title": "[몇 년 전 ASMR 느낌] 스킨케어샵 롤플레이_클렌징,각질제거,팩,스킨케어│Skin care shop roleplay",
        "description": "#ASMR#한국어ASMR#\n[몇 년 전 ASMR 느낌] 스킨케어샵 롤플레이_클렌징,각질제거,얼굴마사지,팩,스킨케어│Skin care shop roleplay\n\n♡늘 좋은 꿈 꾸시고, 행복하세요♡\n\n●연츄채널 후원하기\n(매 달 한분을 선정하여 선물과 편지를 보내드려요)\nhttps://toon.at/donate/asmr_yeonchu\n\n●연츄채널 멤버십 가입\n(멤버십 전용 ASMR영상 업로드&소통+닉네임 옆 특별 뱃지)\nhttps://www.youtube.com/channel/UCjypzyxU_p0_0ElbWSi8QQw/join\n\n●연츄로그 (일상채널)\nhttps://www.youtube.com/channel/UCbhbaBMBCIJRT0PPxsYrbhw\n\n●INSTAGRAM\nhttp://www.instagram.com/y.zzu\n\n●EMAIL(비즈니스문의)\nduswnk1002@naver.com\n\n●영상 자막 달아주기 (subtitles)\nhttp://www.youtube.com/timedtext_cs_panel?tab=2&c=UCjypzyxU_p0_0ElbWSi8QQw\n\n●대부분의 옷 정보\n(할인코드'연츄'입력 시 5%추가할인)\nhttps://www.seoulstore.com/\n\n●팬카페 츄랜드\nhttps://cafe.naver.com/yeonchuasmr\n\n●사서함\n서울 성동구 연무장15길 11 에스팩토리 B동 2층 (받는이:연츄)\n\n\n※ASMR이란?\n심리적 안정을 유도하는 영상입니다.\n힐링을 원하는 청취자들에게 안정감을 주고,불면증에 도움이 됩니다.",
        "thumbnail": "https://i.ytimg.com/vi/4rhlgbYBgjM/mqdefault.jpg",
        "youtubeVideoId": "4rhlgbYBgjM",
        "uploadedDate": "2019-05-07T12:03:18Z",
        "viewCount": 0,
        "isCommercial": "False"
    },
    {
        "id": "d60fb23c-9043-423a-a07a-ef4701a120f6",
        "title": "한국어ASMR 셀프 메이크업│같이 준비해요 Get ready with me  + 화장품 탭핑 cosmetic tapping",
        "description": "#ASMR#한국어ASMR#메이크업ASMR\n한국어ASMR 셀프 메이크업│같이 준비해요 Get ready with me MAKEUP ASMR   + 화장품 탭핑 cosmetic tapping\n\n♡늘 좋은 꿈 꾸시고, 행복하세요♡\n\n●연츄채널 후원하기\n(매 달 한분을 선정하여 선물과 편지를 보내드려요)\nhttps://toon.at/donate/asmr_yeonchu\n\n●연츄채널 멤버십 가입\n(멤버십 전용 ASMR영상 업로드&소통+닉네임 옆 특별 뱃지)\nhttps://www.youtube.com/channel/UCjypzyxU_p0_0ElbWSi8QQw/join\n\n●연츄로그 (일상채널)\nhttps://www.youtube.com/channel/UCbhbaBMBCIJRT0PPxsYrbhw\n\n●INSTAGRAM\nhttp://www.instagram.com/y.zzu\n\n●EMAIL(비즈니스문의)\nduswnk1002@naver.com\n\n●영상 자막 달아주기 (subtitles)\nhttp://www.youtube.com/timedtext_cs_panel?tab=2&c=UCjypzyxU_p0_0ElbWSi8QQw\n\n●대부분의 옷 정보\n(할인코드'연츄'입력 시 5%추가할인)\nhttps://www.seoulstore.com/\n\n●팬카페 츄랜드\nhttps://cafe.naver.com/yeonchuasmr\n\n●사서함\n서울 성동구 연무장15길 11 에스팩토리 B동 2층 (받는이:연츄)\n\n\n※ASMR이란?\n심리적 안정을 유도하는 영상입니다.\n힐링을 원하는 청취자들에게 안정감을 주고,불면증에 도움이 됩니다.",
        "thumbnail": "https://i.ytimg.com/vi/0DsisndUdIc/mqdefault.jpg",
        "youtubeVideoId": "0DsisndUdIc",
        "uploadedDate": "2019-03-26T11:04:17Z",
        "viewCount": 0,
        "isCommercial": "False"
    },
    {
        "id": "4b94b46a-02ee-4931-aa68-ab3f20cc21c0",
        "title": "한국어ASMR 여행가는 동생, 메이크업 해주고 옷 골라주기 롤플레이",
        "description": "#ASMR#한국어ASMR#메이크업ASMR\n\n▪️영상 속에 나온 옷들은 \"서울스토어\" 제품입니다.\n\n▪️친구할인코드 \"연츄\" 입력하면 추가 5%할인! \n\n▪️서울스토어 링크 : http://bit.ly/2BlgkFt\n\n▪️영상 속 제품 (연츄pick!) 링크 : http://bit.ly/2XuldoD\n\n\n♡늘 좋은 꿈 꾸시고, 행복하세요♡\n\n●연츄채널 후원하기\n(매 달 한분을 선정하여 선물과 편지를 보내드려요)\nhttps://toon.at/donate/asmr_yeonchu\n\n●연츄채널 멤버십 가입\n(멤버십 전용 ASMR영상 업로드&소통+닉네임 옆 특별 뱃지)\nhttps://www.youtube.com/channel/UCjypzyxU_p0_0ElbWSi8QQw/join\n\n●연츄로그 (일상채널)\nhttps://www.youtube.com/channel/UCbhbaBMBCIJRT0PPxsYrbhw\n\n●INSTAGRAM\nhttp://www.instagram.com/y.zzu\n\n●EMAIL(비즈니스문의)\nduswnk1002@naver.com\n\n●영상 자막 달아주기 (subtitles)\nhttp://www.youtube.com/timedtext_cs_panel?tab=2&c=UCjypzyxU_p0_0ElbWSi8QQw\n\n●대부분의 옷 정보\n(할인코드'연츄'입력 시 5%추가할인)\nhttps://www.seoulstore.com/\n\n●팬카페 츄랜드\nhttps://cafe.naver.com/yeonchuasmr\n\n●사서함\n서울 성동구 연무장15길 11 에스팩토리 B동 2층 (받는이:연츄)\n\n\n※ASMR이란?\n심리적 안정을 유도하는 영상입니다.\n힐링을 원하는 청취자들에게 안정감을 주고,불면증에 도움이 됩니다.",
        "thumbnail": "https://i.ytimg.com/vi/Tb3p42vvPYQ/mqdefault.jpg",
        "youtubeVideoId": "Tb3p42vvPYQ",
        "uploadedDate": "2019-03-19T11:30:41Z",
        "viewCount": 0,
        "isCommercial": "False"
    },
    {
        "id": "afe7a8a1-b16a-46b8-82e9-182a2b72348e",
        "title": "한국어 ASMR│화장지워줄게.대신 너 얼굴로 ASMR영상 찍게 해줘│Remove makeup roleplay(skin care roleplay) 동생 롤플레이",
        "description": "#화장지워주는asmr#클렌징asmr#스킨케어asmr\n\n※ ASMR은 무엇이며 왜 듣나요?\nASMR이란 뇌를 자극해 심리적 안정을 유도하는 영상입니다. 바람이 부는소리, 작게 속삭이는 목소리,바스락거리는 소리 등을 제공해서 힐링을 원하는 청취자들에게 안정감을 주고,불면증에 도움이 됩니다.\n\n \n① 후원하기\nhttps://toon.at/donate/asmr_yeonchu\n선물해주시는 금액은 좋은 영상 제작에 필요한 장비나 소품 구매에 쓰이며, 투네이션 후원자 분들 중 매 달 한 분께 작은 선물과 편지를 보내드립니다.\n\n\n② 인스타그램\nhttp://www.instagram.com/y.zzu\n\n\n③메일\nduswnk1002@naver.com\n\n\n④연츄 일상채널\nhttps://www.youtube.com/channel/UCbhbaBMBCIJRT0PPxsYrbhw\n\n\n⑤연츄 팬카페 츄랜드\nhttps://cafe.naver.com/yeonchuasmr\n더 깊고 빠른 소통이 가능하며 이벤트도 종종 하고 있습니다. 감사한 츄랜드..♡ \n\n \n한국어 ASMR│화장지워줄게.대신 너 얼굴로 ASMR영상 찍게 해줘│Remove makeup roleplay(skin care roleplay)",
        "thumbnail": "https://i.ytimg.com/vi/W2_XglLtfpo/mqdefault.jpg",
        "youtubeVideoId": "W2_XglLtfpo",
        "uploadedDate": "2018-12-29T11:30:19Z",
        "viewCount": 0,
        "isCommercial": "False"
    },
    {
        "id": "9ad8cf99-9069-4c78-aba8-981221ff24a6",
        "title": "한국어 ASMR│메이크업 하면서 위스퍼링 수다│Self Makeup asmr & whispering talking asmr",
        "description": "#한국어asmr#메이크업#위스퍼링\n\n※ ASMR은 무엇이며 왜 듣나요?\nASMR이란 뇌를 자극해 심리적 안정을 유도하는 영상입니다. 바람이 부는소리, 작게 속삭이는 목소리,바스락거리는 소리 등을 제공해서 힐링을 원하는 청취자들에게 안정감을 주고,불면증에 도움이 됩니다.\n\n \n① 후원하기\nhttps://toon.at/donate/asmr_yeonchu\n선물해주시는 금액은 좋은 영상 제작에 필요한 장비나 소품 구매에 쓰이며, 투네이션 후원자 분들 중 매 달 한 분께 작은 선물과 편지를 보내드립니다.\n\n\n② 인스타그램\nhttp://www.instagram.com/y.zzu\n\n\n③메일\nduswnk1002@naver.com\n\n\n④연츄 일상채널\nhttps://www.youtube.com/channel/UCbhbaBMBCIJRT0PPxsYrbhw\n\n\n⑤연츄 팬카페 츄랜드\nhttps://cafe.naver.com/yeonchuasmr\n더 깊고 빠른 소통이 가능하며 이벤트도 종종 하고 있습니다. 감사한 츄랜드..♡ \n\n\n한국어 ASMR│메이크업 하면서 위스퍼링 수다│Self Makeup asmr & whispering talking asmr",
        "thumbnail": "https://i.ytimg.com/vi/jcclsqvfBs8/mqdefault.jpg",
        "youtubeVideoId": "jcclsqvfBs8",
        "uploadedDate": "2018-12-28T12:59:07Z",
        "viewCount": 0,
        "isCommercial": "False"
    },
    {
        "id": "be4c67aa-24b9-4504-a1e8-51a55c8bf79a",
        "title": "ASMR 파우치소개와 조곤조곤 수다│화장품,스킨케어,메이크업│In my pouch & talking (makeup,skincare)",
        "description": "#수다asmr#파우치소개#메이크업asmr\n\n※ ASMR은 무엇이며 왜 듣나요?\nASMR이란 뇌를 자극해 심리적 안정을 유도하는 영상입니다. 바람이 부는소리, 작게 속삭이는 목소리,바스락거리는 소리 등을 제공해서 힐링을 원하는 청취자들에게 안정감을 주고,불면증에 도움이 됩니다.\n\n \n① 후원하기\nhttps://toon.at/donate/asmr_yeonchu\n선물해주시는 금액은 좋은 영상 제작에 필요한 장비나 소품 구매에 쓰이며, 투네이션 후원자 분들 중 매 달 한 분께 작은 선물과 편지를 보내드립니다.\n\n\n② 인스타그램\nhttp://www.instagram.com/y.zzu\n\n\n③메일\nduswnk1002@naver.com\n\n\n④연츄 일상채널\nhttps://www.youtube.com/channel/UCbhbaBMBCIJRT0PPxsYrbhw\n\n\n⑤연츄 팬카페 츄랜드\nhttps://cafe.naver.com/yeonchuasmr\n더 깊고 빠른 소통이 가능하며 이벤트도 종종 하고 있습니다. 감사한 츄랜드..♡ \n\nASMR 파우치소개와 조곤조곤 수다│화장품,스킨케어,메이크업│In my pouch & talking (makeup,skincare)",
        "thumbnail": "https://i.ytimg.com/vi/2fbYf-Naor4/mqdefault.jpg",
        "youtubeVideoId": "2fbYf-Naor4",
        "uploadedDate": "2018-12-13T11:27:40Z",
        "viewCount": 0,
        "isCommercial": "False"
    },
    {
        "id": "a1115edc-414e-4f05-bd53-1bccef2e9f78",
        "title": "ASMR 메이크업샵 롤플레이💕조용하게 연말모임 메이크업 해드릴게요.Makeup shop rp (no bgm 22:30~)",
        "description": "※ ASMR은 무엇이며 왜 듣나요?\nASMR이란 뇌를 자극해 심리적 안정을 유도하는 영상입니다. 바람이 부는소리, 작게 속삭이는 목소리,바스락거리는 소리 등을 제공해서 힐링을 원하는 청취자들에게 안정감을 주고,불면증에 도움이 됩니다.\n\n① 후원하기\nhttps://toon.at/donate/asmr_yeonchu\n선물해주시는 금액은 좋은 영상 제작에 필요한 장비나 소품 구매에 쓰이며, 투네이션 후원자 분들 중 매 달 한 분께 작은 선물과 편지를 보내드립니다.\n\n\n② 인스타그램\nhttp://www.instagram.com/y.zzu\n\n\n③메일\nduswnk1002@naver.com\n\n\n④연츄 일상채널\nhttps://www.youtube.com/channel/UCbhbaBMBCIJRT0PPxsYrbhw\n\n\n⑤연츄 팬카페 츄랜드\nhttps://cafe.naver.com/yeonchuasmr\n더 깊고 빠른 소통이 가능하며 이벤트도 종종 하고 있습니다. 감사한 츄랜드..♡ \n \n[한국어ASMR] 메이크업샵 롤플레이 │연말 커플모임 가는 손님..! 조용하게 메이크업 해드릴게요~│Makeup shop rp roleplay(no bgm 23:30~)",
        "thumbnail": "https://i.ytimg.com/vi/BbAIOlXOFYk/mqdefault.jpg",
        "youtubeVideoId": "BbAIOlXOFYk",
        "uploadedDate": "2018-11-27T11:30:52Z",
        "viewCount": 0,
        "isCommercial": "False"
    },
    {
        "id": "434e1f45-62af-4f31-97ea-695b8d792ba4",
        "title": "ASMR 소근소근..☃️💕 겨울 옷 하울/겨울 화장품 하울│Winter clothes,cosmetic haul (show and tell) 언박싱 whispering 위스퍼링",
        "description": "*이 영상은 서울스토어와 함께합니다*\n\n오늘은 #겨울옷 과 화장품을 소개해주는 show & tell #ASMR 을 준비해봤어요. 속닥속닥 목소리와 포근한 겨울 옷 소리, 중독성있는 가방소리와 신발소리, 그리고 스킨케어 제품 소리들까지 다양하게 담아봤으니 잘 들어주셨으면 좋겠습니다 !\n\n#서울스토어\n상품정보와 링크 적어둘테니 맘에 드시는 것들은 참고해주시구,\n상품 구매하실 때 친구할인코드에 '연츄' 입력하시면 영상 속 제품이 아니더라도 전 제품 5%할인 받으실 수 있으니 꼭꼭 할인받으셔서 따땃한 겨울맞이 하시길 바랄게요 ♡\n\n--------------------------------------------------------------------------\n\n*할인코드: 연츄\n*할인쿠폰+친구코드 이용하면 할인률이 꽤 높아요. 득템하세요!\n\n--------------------------------------------------------------------------\n\n*서울스토어 링크 : http://bit.ly/2BlgkFt\n\n--------------------------------------------------------------------------\n\n00:10 영상소개&할인코드!\n02:10 입고있는 회색니트(로라로라)\n03:30 연보라색 예쁜니트(로라로라)\n05:15 스트라이프 티셔츠(깅엄버스)\n07:13 짱 귀여운 하트티(디어스토커)\n09:04 핑꾸색 후드티(오아이오아이)\n10:40 트레이닝복 세트(깅엄버스)\n11:50 베이지색 코트(더블유브이프로젝트)\n13:50 가방(브라비시모)\n16:34 신발(비에스큐티바이클래시)\n19:50 화장품 (아토클래식/롬앤)\n\n--------------------------------------------------------------------------\n\n*뷰티💄\n(아토클래식 제품 써보니 완전 좋아요!!)\n[1+1증정] 아토클래식 리얼토닉 수딩 모이스트 미스트 80ml http://bit.ly/2KioYY5 \n[롬앤] 제로그램 매트립스틱 8color http://bit.ly/2DNvrtO \n[25%할인] 아토클래식 리얼토닉 수딩 오리진 에센스 80ml http://bit.ly/2Abyfwq \n[25%할인] 아토클래식 리얼토닉 카밍 스마트 로션 200ml http://bit.ly/2DOAvxU \n[1+2증정] 아토클래식 리얼토닉 수딩 트리트먼트 마스크 5개입 http://bit.ly/2zkEONJ \n\n*패션👚\n[Bravissimo] 미라쥬 Mirage - Black http://bit.ly/2PEXHoB \n(TS-18531) V NECK WAPPEN KNIT PULLOVER GRAY http://bit.ly/2QWT85T \nCUSHION T 쿠션 티 [2COLOR] http://bit.ly/2Dua5kh \n275 태슬 키높이 로퍼 루시블랙 http://bit.ly/2BjpylJ \n[단독판매]Two Line Jersey Sweat Shirt + Two Line Jersey Track Pants (2color)(unisex)  http://bit.ly/2DQGPVC\n2018 SIGNATURE HOODIE_pink http://bit.ly/2Kj5ra7 \n[더블유브이프로젝트] 울소프트 더블코트 4종 JJOT7201 http://bit.ly/2DxWB6T \n(TS-18714) SLEEVE COLOR BLOCK KNIT LAVENDER http://bit.ly/2DPwxW1 \n[단독특가] G Stripe T-shirt(4color)(unisex) http://bit.ly/2Kjdi7I \n\n--------------------------------------------------------------------------\n\n① 후원하기\nhttps://toon.at/donate/asmr_yeonchu\n선물해주시는 금액은 좋은 영상 제작에 필요한 장비나 소품 구매에 쓰이며, 투네이션 후원자 분들 중 매 달 한 분께 작은 선물과 편지를 보내드립니다.\n\n② 인스타그램\nhttp://www.instagram.com/y.zzu\n\n③메일\nduswnk1002@naver.com\n\n④연츄 일상채널\nhttps://www.youtube.com/channel/UCbhbaBMBCIJRT0PPxsYrbhw\n\n⑤연츄 팬카페 츄랜드\nhttps://cafe.naver.com/yeonchuasmr\n더 깊고 빠른 소통이 가능하며 이벤트도 종종 하고 있습니다. 감사한 츄랜드..♡ \n\nASMR 속닥속닥 60만원어치 겨울 옷 하울/겨울 화장품 하울│Winter clothes,cosmetic haul (show and tell) 위스퍼링 whispering unboxing 언박싱 인터넷쇼핑",
        "thumbnail": "https://i.ytimg.com/vi/HPwocSwtCMo/mqdefault.jpg",
        "youtubeVideoId": "HPwocSwtCMo",
        "uploadedDate": "2018-11-23T12:00:26Z",
        "viewCount": 0,
        "isCommercial": "False"
    },
    {
        "id": "9e538690-5e80-49f0-a114-3158615350b8",
        "title": "ASMR 조곤조곤 스킨케어 찹찹! 화장품 방문 판매원 롤플레이│skin care cosmetic salesman roleplay",
        "description": "※ ASMR은 무엇이며 왜 듣나요?\nASMR이란 뇌를 자극해 심리적 안정을 유도하는 영상입니다.\n바람이 부는소리, 작게 속삭이는 목소리,바스락거리는 소리 등을 제공해서 힐링을 원하는 청취자들에게 안정감을 주고,불면증에 도움이 됩니다.\n\n안녕하세요.여러분..! 오늘 영상은 겨울을 맞아 스킨케어제품을 싹 바꾼 김에 찍어본 영상입니다..! 스킨케어 찹찹 두드리는 소리와 수다가 합쳐진 영상이예요. 다 '직접 구매' 제품들입니당 ♡ 피부가 민감성이라 순한 화장품을 찾아다니는 중인지라 이것 저것 써보다가 이 브랜드 제품도 저랑 잘 맞는 것 같아서 싹 바꿨어요..! 오늘 영상은 수면용으로는 조금 짧을 수도 있을 것 같으니 참고 부탁드립니당..ㅜ0ㅜ 오늘도 좋은 밤 되세용 ~! \n\n▶소개한 제품 (모두 IZIA제품입니다.)\n1.자연효소 흡수쏙쏙 토너\n2.자연효소 수분촉촉 로션\n3.프리미엄 진정톡톡 세럼\n4.프리미엄 광채톡톡 세럼 (추천!)\n\n후원하기\nhttps://toon.at/donate/asmr_yeonchu\n선물해주시는 금액은 좋은 영상 제작에 필요한 장비나 소품 구매에 쓰이며, 투네이션 후원자 분들 중 매 달 한 분께 작은 선물과 편지를 보내드립니다.\n\n\n② 인스타그램\nhttp://www.instagram.com/y.zzu\n\n\n③메일\nduswnk1002@naver.com\n\n\n④연츄 일상채널\nhttps://www.youtube.com/channel/UCbhbaBMBCIJRT0PPxsYrbhw\n\n\n⑤연츄 팬카페 츄랜드\nhttps://cafe.naver.com/yeonchuasmr\n더 깊고 빠른 소통이 가능하며 이벤트도 종종 하고 있습니다. 감사한 츄랜드..♡ \n\nASMR 조곤조곤 스킨케어 찹찹! 화장품 방문 판매원 롤플레이│skin care cosmetics door-to-door sales roleplay skin care cosmetic salesman roleplay",
        "thumbnail": "https://i.ytimg.com/vi/PvN58kr03tY/mqdefault.jpg",
        "youtubeVideoId": "PvN58kr03tY",
        "uploadedDate": "2018-11-23T12:00:34Z",
        "viewCount": 0,
        "isCommercial": "False"
    },
    {
        "id": "4d008898-ffaa-4616-832e-a4d5bdd455a6",
        "title": "[한국어ASMR] 가을,,메이크업 & 속닥속닥 위스퍼링 수다ASMR│Makeup asmr,whispering talking",
        "description": "여러분 ~~아까 8시에 올린 영상에서 제가 중간에 큰 소리를 내는 부분이 편집되지 않아서\n재편집 후 다시 업로드합니당 ~~ 알려주신 LDS님 감사해용 ! 저는 화장을 현란하게 잘 하지는 못해요 ! 그러니까 메이크업 스킬보다는 다양한 화장품소리와 속닥속닥 목소리에 집중하며 잠을 청해보세요 ♡ 썸네일은 눈감고 주먹으로 얼굴 치는 것 같아보이지만 아련한 척 하고 있는거랍니다 ~ 그럼 안녕히 주무세요 !\n\nASMR 이란, 자율감각쾌락반응의 약자로\n뇌를 자극해 심리적인 안정을 유도하는 영상으로 바람이 부는 소리, 연필로 글씨를 쓰는 소리, 바스락거리는 소리 등을 제공해 힐링을 얻고자하는 청취자들에게 안정감을 주며 불면증에 도움이 된다.\n-\n▷▶ 연츄에게 *후원하기*\nhttps://toon.at/donate/asmr_yeonchu \n후원 금액은 더 좋은 영상 제작에 필요한 장비나 소품 구매에 쓰이며, 후원해주시는 분들 중 매 달 한 분께 작은선물과 편지를 보내드릴 예정입니다.\n\n■ 인스타그램\nhttp://www.instagram.com/y.zzu\n\n■ 개인적인 메일\nduswnk1002@naver.com\n\n▶ 비즈니스 메일\nad.group@treasurehunter.co.kr\n\n■ 일상채널 ( 연츄로그 )\nhttps://www.youtube.com/channel/UCbhbaBMBCIJRT0PPxsYrbhw\n\n■ 츄랜드\nhttps://cafe.naver.com/yeonchuasmr\n\n[한국어ASMR] 가을,,메이크업 & 속닥속닥 위스퍼링 수다ASMR│Makeup asmr,whispering talking 겟레디위드미\n[KOREAN ASMR] Fall makeup asmr & whispering talking (k-beauty)\n[ASMR] 秋のメーキャップとひそひそとささやくおしゃべり\n[한국어ASMR] 가을,,메이크업 & 속닥속닥 위스퍼링 수다ASMR│Makeup asmr,whispering talking",
        "thumbnail": "https://i.ytimg.com/vi/j_21tsQWny0/mqdefault.jpg",
        "youtubeVideoId": "j_21tsQWny0",
        "uploadedDate": "2018-10-03T12:59:43Z",
        "viewCount": 0,
        "isCommercial": "False"
    },
    {
        "id": "8411d773-59cf-448c-9a70-b695887a9e1c",
        "title": "[한국어ASMR] 소개팅가는 남동생 메이크업 누나 롤플레이│스킨케어,눈썹정리,메이크업│Skin care,eyebrow,makeup roleplay/화장품 태핑tapping 위스퍼링",
        "description": "ASMR 이란, 자율감각쾌락반응의 약자로\n뇌를 자극해 심리적인 안정을 유도하는 영상으로 바람이 부는 소리, 연필로 글씨를 쓰는 소리, 바스락거리는 소리 등을 제공해 힐링을 얻고자하는 청취자들에게 안정감을 주며 불면증에 도움이 된다.\n-\n▷▶ 연츄에게 *후원하기*\nhttps://toon.at/donate/asmr_yeonchu \n후원 금액은 더 좋은 영상 제작에 필요한 장비나 소품 구매에 쓰이며, 후원해주시는 분들 중 매 달 한 분께 작은선물과 편지를 보내드릴 예정입니다.\n\n■ 인스타그램\nhttp://www.instagram.com/y.zzu\n\n■ 개인적인 메일\nduswnk1002@naver.com\n\n▶ 비즈니스 메일\nad.group@treasurehunter.co.kr\n\n■ 일상채널 ( 연츄로그 )\nhttps://www.youtube.com/channel/UCbhbaBMBCIJRT0PPxsYrbhw\n\n■ 츄랜드\nhttps://cafe.naver.com/yeonchuasmr\n\n[한국어ASMR] 첫 소개팅가는 남동생 메이크업 롤플레이│스킨케어,눈썹정리,메이크업│Skin care,eyebrow trimming,makeup roleplay │누나 롤플레이,남동생 롤플레이,화장품 태핑 탭핑 tapping 위스퍼링,후시녹음",
        "thumbnail": "https://i.ytimg.com/vi/_6CiUlzVj28/mqdefault.jpg",
        "youtubeVideoId": "_6CiUlzVj28",
        "uploadedDate": "2018-09-11T11:37:23Z",
        "viewCount": 0,
        "isCommercial": "False"
    },
    {
        "id": "6f102be6-61b7-499a-b1d6-0638ca8843f1",
        "title": "[한국어ASMR] 생얼주의_수다 떨면서 화장하기│셀프 메이크업 ASMR + 립스틱 추천│Makeup ASMR | 수다Asmr",
        "description": "■ ASMR 이란, 자율감각쾌락반응의 약자로\n뇌를 자극해 심리적인 안정을 유도하는 영상으로 바람이 부는 소리, 연필로 글씨를 쓰는 소리, 바스락거리는 소리 등을 제공해 힐링을 얻고자하는 청취자들에게 안정감을 주며 불면증에 도움이 된다.\n-\n■ 인스타그램: http://www.instagram.com/y.zzu\n■ 연츄 마켓 (블로그) : http://blog.naver.com/duswnk1002\n■ 개인적인 메일 : duswnk1002@naver.com\n■ 비즈니스 메일 : ad.group@treasurehunter.co.kr\n■ 일상채널 ( 연츄로그 )\nhttps://www.youtube.com/channel/UCbhbaBMBCIJRT0PPxsYrbhw\n-\n[한국어ASMR] 생얼주의_수다 떨면서 화장하기│셀프 메이크업 ASMR + 립스틱 추천│Makeup ASMR |수다asmr",
        "thumbnail": "https://i.ytimg.com/vi/tFtY487weBM/mqdefault.jpg",
        "youtubeVideoId": "tFtY487weBM",
        "uploadedDate": "2018-07-16T20:47:25Z",
        "viewCount": 0,
        "isCommercial": "False"
    },
    {
        "id": "e05bc1b5-430d-4d4a-84c2-a794e28382b2",
        "title": "[한국어 ASMR] 친절하고 말 많은 메이크업 샵 롤플레이│Makeup shop roleplay [위스퍼링 Whispeirng]",
        "description": "■ ASMR 이란, 자율감각쾌락반응의 약자로\n뇌를 자극해 심리적인 안정을 유도하는 영상으로 바람이 부는 소리, 연필로 글씨를 쓰는 소리, 바스락거리는 소리 등을 제공해 힐링을 얻고자하는 청취자들에게 안정감을 주며 불면증에 도움이 된다.\n-\n■ 인스타그램: http://www.instagram.com/y.zzu\n■ 연츄 마켓 (블로그) : http://blog.naver.com/duswnk1002\n■ 개인적인 메일 : duswnk1002@naver.com\n■ 비즈니스 메일 : ad.group@treasurehunter.co.kr\n■ 일상채널 ( 연츄로그 )\nhttps://www.youtube.com/channel/UCbhbaBMBCIJRT0PPxsYrbhw설명\n-\n[한국어 ASMR] 친절하고 말 많은 메이크업 샵 롤플레이│Makeup shop roleplay",
        "thumbnail": "https://i.ytimg.com/vi/_2XiX29op-Q/mqdefault.jpg",
        "youtubeVideoId": "_2XiX29op-Q",
        "uploadedDate": "2018-06-11T08:16:31Z",
        "viewCount": 0,
        "isCommercial": "False"
    },
    {
        "id": "bfcd6bfd-671f-4bfe-a468-4402f53e21a8",
        "title": "한국어 ASMR│피부관리샵 롤플레이│환절기, 여드름압출&꾸덕 비타민팩&촉촉 스킨케어&귀 마사지 (귀 지압)│Skin care shop roleplay│Ear massage",
        "description": "Asmr이란?\n심리적인 안정을 유도하는 영상으로 조그만 목소리와. 반복적인 소리, 편안한 소리 등을 제공해 불면증과 안정에 도움이 됩니다.\n(이어폰 착용을 권장합니다.)\n-\n*타임라인*\n00:01 예약 확인\n00:13 영상 시작 (간단한 코스 소개)\n00:47 스팀타월\n03:13 스팀타월 걷어내기\n03:23 염증주사 (별로 주사소리같지 않음..ㅠ_ㅠ)\n04:38 여드름 압출 뽁 뽁\n06:40 진정팩 (꾸덕꾸덕 팩 섞는 소리)\n08:16 팩 바르기\n11:32 눈가 팩 받으며 다양한 소리 듣기\n16:02 어깨마사지\n17:40 얼굴 닦아내기\n18:33 비타민 마스크팩\n21:00 귀 마사지(귀 지압)\n23:29 스킨케어 (스킨,수분앰플,진정크림)\n28:20 배경음악 없이 똑같은 코스 반복\n- \n#블로그 : http://blog.naver.com/duswnk1002 (연츄 마켓)\n#인스타 : http://www.instagram.com/y.zzu\n#비즈니스문의: adm@treasurehunter.co.kr\n#개인메일: duswnk1002@naver.com\n#사서함: 서울특별시 성동구 연무장15길 11 에스팩토리 B동 2층\n받는이:연츄\n-\n한국어 ASMR│피부관리샵 롤플레이│환절기, 여드름압출&꾸덕꾸덕 비타민팩&촉촉 스킨케어&귀마사지│Skin care shop roleplay│Ear massage",
        "thumbnail": "https://i.ytimg.com/vi/WLTs8IVEhpM/mqdefault.jpg",
        "youtubeVideoId": "WLTs8IVEhpM",
        "uploadedDate": "2018-06-11T08:14:18Z",
        "viewCount": 0,
        "isCommercial": "False"
    },
    {
        "id": "aa6bfc21-9396-4f66-90c3-6e043dab9093",
        "title": "한국어ASMR :: 메이크업샵 롤플레이_전남친 결혼식에 가신다구용? │ Makeup asmr │Makeup shop roleplay │화장품 탭핑 (Tapping) 후시녹음",
        "description": "Asmr이란?\n심리적인 안정을 유도하는 영상으로 조그만 목소리와. 반복적인 소리, 편안한 소리 등을 제공해 불면증과 안정에 도움이 됩니다.\n(이어폰 착용을 권장합니다.)\n-\n*타임라인*\n00:16 짧은 대화 Conversation\n01:06 스킨케어 Skin care\n02:40 프라이머 Primer\n03:12 컨실러 Concealer\n04:00 눈썹 다듬기 (눈썹칼,가위) Trimming of eyebrows\n05:40 파운데이션 바르기 (브러쉬) Foundation Brush\n07:00 퍼프로 두드리기 puff\n07:40 눈썹 그리기 Eyebrow drawing \n09:00 아이브로우마스카라 Eyebrow mascara \n09:35 뷰러 찝찝 Eyelashes burrer \n09:54 아이섀도우 Eye shadow\n11:05 아이라이너 Eyeliner\n12:53 쉐딩 Shedding\n14:32 마스카라 Mascara\n16:20 블러셔 탭핑 & 바르기 Blusher Tapping\n17:35 파우더 브러쉬로 슥슥 Powder\n18:30 립 Lipstick\n-\n-\n*연츄네 마켓 \"연주네집\"*\n#카카오톡플친 : http://pf.kakao.com/_xhaxfhC\n#블로그 : http://blog.naver.com/duswnk1002\n#인스타 : http://www.instagram.com/y.zzu\n-\n비즈니스문의: adm@treasurehunter.co.kr\n개인메일: duswnk1002@naver.com\n사서함: 서울특별시 성동구 연무장15길 11 에스팩토리 B동 2층\n받는이:연츄\n-\n한국어ASMR :: 메이크업샵 롤플레이_전남친 결혼식에 가신다구용? │ Makeup asmr │Makeup shop roleplay │화장품 탭핑 (Tapping) 후시녹음 위스퍼링 위스퍼 whisper whispering",
        "thumbnail": "https://i.ytimg.com/vi/EuTfVObvejI/mqdefault.jpg",
        "youtubeVideoId": "EuTfVObvejI",
        "uploadedDate": "2018-06-11T08:14:04Z",
        "viewCount": 0,
        "isCommercial": "False"
    },
    {
        "id": "af4e2c26-d9e3-4cd6-bd61-c87a1a0e8557",
        "title": "[한국어ASMR] 듣는 사람이 더 개운해지는 ASMR │ 양치 & 세수 │메이크업 지우기/화장 지우기 (Remove make-up/Brushing teeth )",
        "description": "Asmr이란?\n심리적인 안정을 유도하는 영상으로 조그만 목소리와. 반복적인 소리, 편안한 소리 등을 제공해 불면증과 안정에 도움이 됩니다.\n(이어폰 착용을 권장합니다.)\n-\n소리가 조금 울립니다. 참고해주세요.\n-\n*타임라인*\n02:08 칫솔 만지작\n02:36 양치질 시작\n07:48 립&아이 리무버\n10:22 클렌징오일\n13:30 클렌징폼\n-\n*연츄네 파자마 마켓 \"연주네집\"*\n#카카오톡플친 : http://pf.kakao.com/_xhaxfhC\n#블로그 : http://blog.naver.com/duswnk1002\n#인스타 : http://www.instagram.com/y.zzu\n-\n비즈니스문의: adm@treasurehunter.co.kr\n개인메일: duswnk1002@naver.com\n사서함: 서울특별시 성동구 연무장15길 11 에스팩토리 B동 2층\n받는이:연츄\n-\n[한국어ASMR] 듣는 사람이 더 개운해지는 ASMR │ 양치 & 세수 │메이크업 지우기/화장 지우기 (Remove make-up/Brushing teeth )",
        "thumbnail": "https://i.ytimg.com/vi/NRj9MFXNJAM/mqdefault.jpg",
        "youtubeVideoId": "NRj9MFXNJAM",
        "uploadedDate": "2018-06-11T08:14:07Z",
        "viewCount": 0,
        "isCommercial": "False"
    },
    {
        "id": "5279b36b-7453-4008-8a2b-73868325f039",
        "title": "Private video",
        "description": "This video is private.",
        "thumbnail": null,
        "youtubeVideoId": "XghsDP-FunU",
        "uploadedDate": "2020-03-07T12:31:40Z",
        "viewCount": 67974,
        "isCommercial": "False"
    },
    {
        "id": "09756052-1980-459c-b913-9a6138ce1252",
        "title": "Private video",
        "description": "This video is private.",
        "thumbnail": null,
        "youtubeVideoId": "nJhzIIAADlY",
        "uploadedDate": "2018-08-21T12:05:15Z",
        "viewCount": 0,
        "isCommercial": "False"
    },
    {
        "id": "79d61389-f2e1-4507-bfb3-c17d670719ab",
        "title": "Private video",
        "description": "This video is private.",
        "thumbnail": null,
        "youtubeVideoId": "eDjf1EcAFas",
        "uploadedDate": "2018-07-16T12:43:32Z",
        "viewCount": 0,
        "isCommercial": "False"
    },
    {
        "id": "3ff8b298-779d-4541-bce0-b653c01ad831",
        "title": "Private video",
        "description": "This video is private.",
        "thumbnail": null,
        "youtubeVideoId": "-CsEzkWPZHI",
        "uploadedDate": "2018-06-11T08:14:31Z",
        "viewCount": 0,
        "isCommercial": "False"
    },
    {
        "id": "285c042d-431c-4708-b2b3-283b24397a4c",
        "title": "Private video",
        "description": "This video is private.",
        "thumbnail": null,
        "youtubeVideoId": "aPDOQzF2Ejo",
        "uploadedDate": "2018-06-11T08:08:01Z",
        "viewCount": 0,
        "isCommercial": "False"
    },
    {
        "id": "11cae8b9-625a-468c-88ba-2a38969035f2",
        "title": "Private video",
        "description": "This video is private.",
        "thumbnail": null,
        "youtubeVideoId": "Dqe9dP0518A",
        "uploadedDate": "2019-06-24T12:00:41Z",
        "viewCount": 97869,
        "isCommercial": "False"
    },
    {
        "id": "e151fe60-27e5-49ea-a1dc-1da6c2dc0b6a",
        "title": "Private video",
        "description": "This video is private.",
        "thumbnail": null,
        "youtubeVideoId": "U59jxxMCdkI",
        "uploadedDate": "2018-06-11T08:08:32Z",
        "viewCount": 0,
        "isCommercial": "False"
    }
]