[
    {
        "id": "42b88c8c-fc66-4854-b862-4cc218decd1f",
        "title": "ASMR in Bookshop, Most Spontaneous Relaxation 서점에서 에셈알 하기, 자연스러운 백색소음, 알록달록 눈정화",
        "description": "👄 PATREON (입소리 영상 풀버전 모두 공개)\nhttps://www.patreon.com/rose_asmr\nFull length of mouth sounds videos + extra videos\n풀 영상 + 멤버 전용 새로운 입소리 영상들 모두 공개\n\n🔥 Get the deleted mouth sounds video\nhttps://crowdticket.kr/store/roseasmr/language/en\n\n🔥 삭제된 입소리 영상 다운받기\nhttps://crowdticket.kr/store/roseasmr\n\n💝 Request Custom ASMR\nhttps://www.wisio.com/Rose_ASMR\nNo sign-up, real quick and easy!\n\n💝 맞춤형 ASMR 영상 요청하기\nhttps://crowdticket.kr/store/roseasmr\n최애 트리거를 골라 여러분들만의 최애 영상을 평생 소장하기!\n--------------------------------------------------\n\n🔥 PATREON https://www.patreon.com/rose_asmr\n\n💝 CUSTOM ASMR https://www.wisio.com/Rose_ASMR\n\n💝 맞춤 ASMR https://crowdticket.kr/item/store/417\n\n\n🧚‍♀ TikTok https://vt.tiktok.com/RsuHck/\n\n🧚‍♀ Instagram https://www.instagram.com/rose.0430/\n\n\n💌 PAYPAL https://paypal.me/rose0430?locale.x=ko_KR\n\n✉ Email : dbalzla159@gmail.com\n\n✉ Business : ad.group@treasurehunter.co.kr",
        "thumbnail": "https://i.ytimg.com/vi/_-rWURpTbhk/mqdefault.jpg",
        "youtubeVideoId": "_-rWURpTbhk",
        "uploadedDate": "2022-10-24T15:53:22Z",
        "viewCount": 2261,
        "isCommercial": "False"
    },
    {
        "id": "925a13ef-0e1b-4f6f-b3a8-3871db6fca13",
        "title": "[ASMR] Delicate Mouth Sounds (No Talking) 섬세한 입소리 (노토킹)",
        "description": "👄 PATREON (입소리 영상 풀버전 모두 공개)\nhttps://www.patreon.com/rose_asmr\nFull length of mouth sounds videos + extra videos\n풀 영상 + 멤버 전용 새로운 입소리 영상들 모두 공개\n\n🔥 Get the deleted mouth sounds video\nhttps://crowdticket.kr/store/roseasmr/language/en\n\n🔥 삭제된 입소리 영상 다운받기\nhttps://crowdticket.kr/store/roseasmr\n\n💝 Request Custom ASMR\nhttps://www.wisio.com/Rose_ASMR\nNo sign-up, real quick and easy!\n\n💝 맞춤형 ASMR 영상 요청하기\nhttps://crowdticket.kr/store/roseasmr\n최애 트리거를 골라 여러분들만의 최애 영상을 평생 소장하기!\n\n00:00 Preview 미리보기\n00:30 Intro 소개\n01:00 Starts (no talking) 노토킹 시작\n--------------------------------------------------\n\n🔥 PATREON https://www.patreon.com/rose_asmr\n\n💝 CUSTOM ASMR https://www.wisio.com/Rose_ASMR\n\n💝 맞춤 ASMR https://crowdticket.kr/item/store/417\n\n\n🧚‍♀ TikTok https://vt.tiktok.com/RsuHck/\n\n🧚‍♀ Instagram https://www.instagram.com/rose.0430/\n\n\n💌 PAYPAL https://paypal.me/rose0430?locale.x=ko_KR\n\n✉ Email : dbalzla159@gmail.com\n\n✉ Business : ad.group@treasurehunter.co.kr",
        "thumbnail": "https://i.ytimg.com/vi/x8eiXMIPNhk/mqdefault.jpg",
        "youtubeVideoId": "x8eiXMIPNhk",
        "uploadedDate": "2022-09-09T05:03:33Z",
        "viewCount": 7100,
        "isCommercial": "False"
    },
    {
        "id": "1faa2de8-db4c-4af4-beed-6571772457d3",
        "title": "[ASMR] Mute-toned Eye Shadows Show-and-Tell 여름뮤트 쉐도우 팔레트 소개 (유튜브에 속아서 구매ㅠㅠ)",
        "description": "👄 PATREON (입소리 영상 풀버전 모두 공개)\nhttps://www.patreon.com/rose_asmr\nFull length of mouth sounds videos + extra videos\n풀 영상 + 멤버 전용 새로운 입소리 영상들 모두 공개\n\n🔥 Get the deleted mouth sounds video\nhttps://crowdticket.kr/store/roseasmr/language/en\n\n🔥 삭제된 입소리 영상 다운받기\nhttps://crowdticket.kr/store/roseasmr\n\n💝 Request Custom ASMR\nhttps://www.wisio.com/Rose_ASMR\nNo sign-up, real quick and easy!\n\n💝 맞춤형 ASMR 영상 요청하기\nhttps://crowdticket.kr/store/roseasmr\n최애 트리거를 골라 여러분들만의 최애 영상을 평생 소장하기!\n--------------------------------------------------\n\n🔥 PATREON https://www.patreon.com/rose_asmr\n\n💝 CUSTOM ASMR https://www.wisio.com/Rose_ASMR\n\n💝 맞춤 ASMR https://crowdticket.kr/item/store/417\n\n\n🧚‍♀ TikTok https://vt.tiktok.com/RsuHck/\n\n🧚‍♀ Instagram https://www.instagram.com/rose.0430/\n\n\n💌 PAYPAL https://paypal.me/rose0430?locale.x=ko_KR\n\n✉ Email : dbalzla159@gmail.com\n\n✉ Business : ad.group@treasurehunter.co.kr",
        "thumbnail": "https://i.ytimg.com/vi/z32tdYL9ZFA/mqdefault.jpg",
        "youtubeVideoId": "z32tdYL9ZFA",
        "uploadedDate": "2022-09-16T18:48:51Z",
        "viewCount": 4914,
        "isCommercial": "False"
    },
    {
        "id": "e1c66a9c-c531-4db0-b28d-dfc45c6410ba",
        "title": "[ASMR] Touching Your Face + Mouth Sounds, 얼굴 어루만지며 입소리 (초 집중😌)",
        "description": "👄 PATREON (입소리 영상 풀버전 모두 공개)\nhttps://www.patreon.com/rose_asmr\nFull length of mouth sounds videos + extra videos\n풀 영상 + 멤버 전용 새로운 입소리 영상들 모두 공개\n\n🔥 Get the deleted mouth sounds video\nhttps://crowdticket.kr/store/roseasmr/language/en\n\n🔥 삭제된 입소리 영상 다운받기\nhttps://crowdticket.kr/store/roseasmr\n\n💝 Request Custom ASMR\nhttps://www.wisio.com/Rose_ASMR\nNo sign-up, real quick and easy!\n\n💝 맞춤형 ASMR 영상 요청하기\nhttps://crowdticket.kr/store/roseasmr\n최애 트리거를 골라 여러분들만의 최애 영상을 평생 소장하기!\n--------------------------------------------------\n\n🔥 PATREON https://www.patreon.com/rose_asmr\n\n💝 CUSTOM ASMR https://www.wisio.com/Rose_ASMR\n\n💝 맞춤 ASMR https://crowdticket.kr/item/store/417\n\n\n🧚‍♀ TikTok https://vt.tiktok.com/RsuHck/\n\n🧚‍♀ Instagram https://www.instagram.com/rose.0430/\n\n\n💌 PAYPAL https://paypal.me/rose0430?locale.x=ko_KR\n\n✉ Email : dbalzla159@gmail.com\n\n✉ Business : ad.group@treasurehunter.co.kr",
        "thumbnail": "https://i.ytimg.com/vi/k6zGtIsECUI/mqdefault.jpg",
        "youtubeVideoId": "k6zGtIsECUI",
        "uploadedDate": "2022-10-11T10:54:23Z",
        "viewCount": 8230,
        "isCommercial": "False"
    },
    {
        "id": "f3876650-db4a-4d51-b21d-686c0047997a",
        "title": "[ASMR]Australian Candy Eating Sounds 호주 젤리 이팅사운드 (스웨디시랑 비교 불가..강추ㅠㅠ❣️)",
        "description": "👄 PATREON (입소리 영상 풀버전 모두 공개)\nhttps://www.patreon.com/rose_asmr\nFull length of mouth sounds videos + extra videos\n풀 영상 + 멤버 전용 새로운 입소리 영상들 모두 공개\n\n🔥 Get the deleted mouth sounds video\nhttps://crowdticket.kr/store/roseasmr/language/en\n\n🔥 삭제된 입소리 영상 다운받기\nhttps://crowdticket.kr/store/roseasmr\n\n💝 Request Custom ASMR\nhttps://www.wisio.com/Rose_ASMR\nNo sign-up, real quick and easy!\n\n💝 맞춤형 ASMR 영상 요청하기\nhttps://crowdticket.kr/store/roseasmr\n최애 트리거를 골라 여러분들만의 최애 영상을 평생 소장하기!\n\n00:00 Intro\n02:00 Eating Starts\n32:40 Outro\n--------------------------------------------------\n\n🔥 PATREON https://www.patreon.com/rose_asmr\n\n💝 CUSTOM ASMR https://www.wisio.com/Rose_ASMR\n\n💝 맞춤 ASMR https://crowdticket.kr/item/store/417\n\n\n🧚‍♀ TikTok https://vt.tiktok.com/RsuHck/\n\n🧚‍♀ Instagram https://www.instagram.com/rose.0430/\n\n\n💌 PAYPAL https://paypal.me/rose0430?locale.x=ko_KR\n\n✉ Email : dbalzla159@gmail.com\n\n✉ Business : ad.group@treasurehunter.co.kr",
        "thumbnail": "https://i.ytimg.com/vi/yPD3PuGclBU/mqdefault.jpg",
        "youtubeVideoId": "yPD3PuGclBU",
        "uploadedDate": "2022-10-06T19:05:05Z",
        "viewCount": 9393,
        "isCommercial": "False"
    },
    {
        "id": "d8f7bc92-4a7d-48b5-bc74-b4e42997a932",
        "title": "[ASMR] Kisses😘 Ear Blowing, Mouth Sounds 뽀뽀 소리, 바람 불기, 입소리",
        "description": "👄 PATREON (입소리 영상 풀버전 모두 공개)\nhttps://www.patreon.com/rose_asmr\nFull length of mouth sounds videos + extra videos\n풀 영상 + 멤버 전용 새로운 입소리 영상들 모두 공개\n\n🔥 Get the deleted mouth sounds video\nhttps://crowdticket.kr/store/roseasmr/language/en\n\n🔥 삭제된 입소리 영상 다운받기\nhttps://crowdticket.kr/store/roseasmr\n\n💝 Request Custom ASMR\nhttps://www.wisio.com/Rose_ASMR\nNo sign-up, real quick and easy!\n\n💝 맞춤형 ASMR 영상 요청하기\nhttps://crowdticket.kr/store/roseasmr\n최애 트리거를 골라 여러분들만의 최애 영상을 평생 소장하기!\n\n00:00 Preview 미리보기\n00:30 Intro 소개\n02:20 Start 시작\n--------------------------------------------------\n\n🔥 PATREON https://www.patreon.com/rose_asmr\n\n💝 CUSTOM ASMR https://www.wisio.com/Rose_ASMR\n\n💝 맞춤 ASMR https://crowdticket.kr/item/store/417\n\n\n🧚‍♀ TikTok https://vt.tiktok.com/RsuHck/\n\n🧚‍♀ Instagram https://www.instagram.com/rose.0430/\n\n\n💌 PAYPAL https://paypal.me/rose0430?locale.x=ko_KR\n\n✉ Email : dbalzla159@gmail.com\n\n✉ Business : ad.group@treasurehunter.co.kr",
        "thumbnail": "https://i.ytimg.com/vi/W5Q5biDUMhQ/mqdefault.jpg",
        "youtubeVideoId": "W5Q5biDUMhQ",
        "uploadedDate": "2022-09-05T08:33:26Z",
        "viewCount": 13551,
        "isCommercial": "False"
    },
    {
        "id": "6820d77a-4afb-43aa-ac2f-704992070989",
        "title": "[ASMR] Hypnotizing Brushing with Mouth Sounds (No Talking) 혼이 쏙 빠지는 나른한 브러슁, 입소리 (노토킹)",
        "description": "👄 PATREON (입소리 영상 풀버전 모두 공개)\nhttps://www.patreon.com/rose_asmr\nFull length of mouth sounds videos + extra videos\n풀 영상 + 멤버 전용 새로운 입소리 영상들 모두 공개\n\n🔥 Get the deleted mouth sounds video\nhttps://crowdticket.kr/store/roseasmr/language/en\n\n🔥 삭제된 입소리 영상 다운받기\nhttps://crowdticket.kr/store/roseasmr\n\n💝 Request Custom ASMR\nhttps://www.wisio.com/Rose_ASMR\nNo sign-up, real quick and easy!\n\n💝 맞춤형 ASMR 영상 요청하기\nhttps://crowdticket.kr/store/roseasmr\n최애 트리거를 골라 여러분들만의 최애 영상을 평생 소장하기!\n\n00:00 Preview 미리보기\n00:30 Intro 소개\n01:40 Starts (No Talking) 시작 (노토킹)\n--------------------------------------------------\n\n🔥 PATREON https://www.patreon.com/rose_asmr\n\n💝 CUSTOM ASMR https://www.wisio.com/Rose_ASMR\n\n💝 맞춤 ASMR https://crowdticket.kr/item/store/417\n\n\n🧚‍♀ TikTok https://vt.tiktok.com/RsuHck/\n\n🧚‍♀ Instagram https://www.instagram.com/rose.0430/\n\n\n💌 PAYPAL https://paypal.me/rose0430?locale.x=ko_KR\n\n✉ Email : dbalzla159@gmail.com\n\n✉ Business : ad.group@treasurehunter.co.kr",
        "thumbnail": "https://i.ytimg.com/vi/j3xtwH9UN-o/mqdefault.jpg",
        "youtubeVideoId": "j3xtwH9UN-o",
        "uploadedDate": "2022-09-19T12:53:21Z",
        "viewCount": 7253,
        "isCommercial": "False"
    },
    {
        "id": "32f18ffa-2514-4d4a-a791-7ea89f1de907",
        "title": "[ASMR] One and Only Mouth Sounds Video YOU NEED 입소리 해골물들 이 영상 하나면 숙면 가능 (입소리 12 종 총집합)",
        "description": "👄 PATREON (입소리 영상 풀버전 모두 공개)\nhttps://www.patreon.com/rose_asmr\nFull length of mouth sounds videos + extra videos\n풀 영상 + 멤버 전용 새로운 입소리 영상들 모두 공개\n\n🔥 Get the deleted mouth sounds video\nhttps://crowdticket.kr/store/roseasmr/language/en\n\n🔥 삭제된 입소리 영상 다운받기\nhttps://crowdticket.kr/store/roseasmr\n\n💝 Request Custom ASMR\nhttps://www.wisio.com/Rose_ASMR\nNo sign-up, real quick and easy!\n\n💝 맞춤형 ASMR 영상 요청하기\nhttps://crowdticket.kr/store/roseasmr\n최애 트리거를 골라 여러분들만의 최애 영상을 평생 소장하기!\n\n00:00 Preview 미리보기\n01:33 Wet mouth sounds 촉촉한 입소리\n03:19 Kisses 뽀뽀 소리\n06:03 Spoolie nibbling 스풀리 니블링\n08:30 Eating You 이팅유\n11:04 Funnel mouth sounds 깔때기 입소리\n13:40 Gum chewing 껌 씹기\n16:11 Pen noms 볼펜 입소리\n19:33 Inaudible whispering 알아들을 수 없는 속삭임\n22:13 Straw mouth sounds 빨대 입소리\n24:36 Teeth taping 치아 탭핑\n26:32 Tongue mouth sounds 혀 입소리\n28:58 Chapstick application 챕스틱 바르기\n--------------------------------------------------\n\n🔥 PATREON https://www.patreon.com/rose_asmr\n\n💝 CUSTOM ASMR https://www.wisio.com/Rose_ASMR\n\n💝 맞춤 ASMR https://crowdticket.kr/item/store/417\n\n\n🧚‍♀ TikTok https://vt.tiktok.com/RsuHck/\n\n🧚‍♀ Instagram https://www.instagram.com/rose.0430/\n\n\n💌 PAYPAL https://paypal.me/rose0430?locale.x=ko_KR\n\n✉ Email : dbalzla159@gmail.com\n\n✉ Business : ad.group@treasurehunter.co.kr",
        "thumbnail": "https://i.ytimg.com/vi/yHvmhvr9XyI/mqdefault.jpg",
        "youtubeVideoId": "yHvmhvr9XyI",
        "uploadedDate": "2022-09-14T09:33:54Z",
        "viewCount": 9604,
        "isCommercial": "False"
    },
    {
        "id": "964adf9d-f80d-43b6-8d87-e447f1f3f2aa",
        "title": "[ASMR] Doing My Daily Makeup 여름뮤트 메이크업 하기 (한국어🇰🇷)",
        "description": "👄 PATREON (입소리 영상 풀버전 모두 공개)\nhttps://www.patreon.com/rose_asmr\nFull length of mouth sounds videos + extra videos\n풀 영상 + 멤버 전용 새로운 입소리 영상들 모두 공개\n\n🔥 Get the deleted mouth sounds video\nhttps://crowdticket.kr/store/roseasmr/language/en\n\n🔥 삭제된 입소리 영상 다운받기\nhttps://crowdticket.kr/store/roseasmr\n\n💝 Request Custom ASMR\nhttps://www.wisio.com/Rose_ASMR\nNo sign-up, real quick and easy!\n\n💝 맞춤형 ASMR 영상 요청하기\nhttps://crowdticket.kr/store/roseasmr\n최애 트리거를 골라 여러분들만의 최애 영상을 평생 소장하기!\n\n00:00 Intro 소개\n00:55 Start 시작\n--------------------------------------------------\n\n🔥 PATREON https://www.patreon.com/rose_asmr\n\n💝 CUSTOM ASMR https://www.wisio.com/Rose_ASMR\n\n💝 맞춤 ASMR https://crowdticket.kr/item/store/417\n\n\n🧚‍♀ TikTok https://vt.tiktok.com/RsuHck/\n\n🧚‍♀ Instagram https://www.instagram.com/rose.0430/\n\n\n💌 PAYPAL https://paypal.me/rose0430?locale.x=ko_KR\n\n✉ Email : dbalzla159@gmail.com\n\n✉ Business : ad.group@treasurehunter.co.kr",
        "thumbnail": "https://i.ytimg.com/vi/532kgByGKg8/mqdefault.jpg",
        "youtubeVideoId": "532kgByGKg8",
        "uploadedDate": "2022-09-04T15:00:55Z",
        "viewCount": 30290,
        "isCommercial": "False"
    },
    {
        "id": "54e26d88-2ed5-4f8e-9297-e0f2a091757e",
        "title": "[ASMR] MIC on the LIPS, Mouth Sounds 입술에 닿은 마이크, 입소리",
        "description": "👄 PATREON (입소리 영상 풀버전 모두 공개)\nhttps://www.patreon.com/rose_asmr\nFull length of mouth sounds videos + extra videos\n풀 영상 + 멤버 전용 새로운 입소리 영상들 모두 공개\n\n🔥 Get the deleted mouth sounds video\nhttps://crowdticket.kr/store/roseasmr/language/en\n\n🔥 삭제된 입소리 영상 다운받기\nhttps://crowdticket.kr/store/roseasmr\n\n💝 Request Custom ASMR\nhttps://www.wisio.com/Rose_ASMR\nNo sign-up, real quick and easy!\n\n💝 맞춤형 ASMR 영상 요청하기\nhttps://crowdticket.kr/store/roseasmr\n최애 트리거를 골라 여러분들만의 최애 영상을 평생 소장하기!\n\n00:00 Preview 미리보기\n00:30 MIC on the LIPS 입술에 닿은 마이크\n05:39 Mic nibbling 마이크 니블링\n-------------------------------------------------\n\n🔥 PATREON https://www.patreon.com/rose_asmr\n\n💝 CUSTOM ASMR https://www.wisio.com/Rose_ASMR\n\n💝 맞춤 ASMR https://crowdticket.kr/item/store/417\n\n\n🧚‍♀ TikTok https://vt.tiktok.com/RsuHck/\n\n🧚‍♀ Instagram https://www.instagram.com/rose.0430/\n\n\n💌 PAYPAL https://paypal.me/rose0430?locale.x=ko_KR\n\n✉ Email : dbalzla159@gmail.com\n\n✉ Business : ad.group@treasurehunter.co.kr",
        "thumbnail": "https://i.ytimg.com/vi/rS_pq6nIhVQ/mqdefault.jpg",
        "youtubeVideoId": "rS_pq6nIhVQ",
        "uploadedDate": "2022-09-06T14:39:35Z",
        "viewCount": 5578,
        "isCommercial": "False"
    },
    {
        "id": "ce4b8fa3-e863-490d-a77e-2b082c830e95",
        "title": "[ASMR] almost Licking the MIC, Mouth Sounds (거의) 마이크 핥기, 입소리",
        "description": "👄 PATREON (입소리 영상 풀버전 모두 공개)\nhttps://www.patreon.com/rose_asmr\nFull length of mouth sounds videos + extra videos\n풀 영상 + 멤버 전용 새로운 입소리 영상들 모두 공개\n\n🔥 Get the deleted mouth sounds video\nhttps://crowdticket.kr/store/roseasmr/language/en\n\n🔥 삭제된 입소리 영상 다운받기\nhttps://crowdticket.kr/store/roseasmr\n\n💝 Request Custom ASMR\nhttps://www.wisio.com/Rose_ASMR\nNo sign-up, real quick and easy!\n\n💝 맞춤형 ASMR 영상 요청하기\nhttps://crowdticket.kr/store/roseasmr\n최애 트리거를 골라 여러분들만의 최애 영상을 평생 소장하기!\n\n00:00 Preview 미리보기\n00:30 Intro 소개\n01:15 Starts 시작\n\n#PATREON #TEASER #패트리온 \n--------------------------------------------------\n\n🔥 PATREON https://www.patreon.com/rose_asmr\n\n💝 CUSTOM ASMR https://www.wisio.com/Rose_ASMR\n\n💝 맞춤 ASMR https://crowdticket.kr/item/store/417\n\n\n🧚‍♀ TikTok https://vt.tiktok.com/RsuHck/\n\n🧚‍♀ Instagram https://www.instagram.com/rose.0430/\n\n\n💌 PAYPAL https://paypal.me/rose0430?locale.x=ko_KR\n\n✉ Email : dbalzla159@gmail.com\n\n✉ Business : ad.group@treasurehunter.co.kr",
        "thumbnail": "https://i.ytimg.com/vi/RsAAIXZfMJM/mqdefault.jpg",
        "youtubeVideoId": "RsAAIXZfMJM",
        "uploadedDate": "2022-09-06T12:31:31Z",
        "viewCount": 5099,
        "isCommercial": "False"
    },
    {
        "id": "51254bb1-858d-4448-8fb2-3e022a133d16",
        "title": "[ASMR] Life Changing Decision. 인생에서 큰 결정을 했어요.",
        "description": "My life in Australia will be uploaded on my second channel below!\n호주 생활 영상은 아래 채널에서 공유 드릴게요!\nhttps://www.youtube.com/channel/UCNrxriMYVcftFvhAjEMuF9w\n\n00:00 Intro 소개\n01:16 English\n10:42 한국어\n--------------------------------------------------\n\n🔥 PATREON https://www.patreon.com/rose_asmr\n\n💝 CUSTOM ASMR https://www.wisio.com/Rose_ASMR\n\n💝 맞춤 ASMR https://crowdticket.kr/item/store/417\n\n\n🧚‍♀ TikTok https://vt.tiktok.com/RsuHck/\n\n🧚‍♀ Instagram https://www.instagram.com/rose.0430/\n\n\n💌 PAYPAL https://paypal.me/rose0430?locale.x=ko_KR\n\n✉ Email : dbalzla159@gmail.com\n\n✉ Business : ad.group@treasurehunter.co.kr",
        "thumbnail": "https://i.ytimg.com/vi/ORBYWvmapH4/mqdefault.jpg",
        "youtubeVideoId": "ORBYWvmapH4",
        "uploadedDate": "2022-09-16T16:01:32Z",
        "viewCount": 6910,
        "isCommercial": "False"
    },
    {
        "id": "9033d91a-4393-4daf-9974-4684a8e0bcc5",
        "title": "[ASMR] 육즙 터지는 말고기 이팅사운드🥩 (식감 무엇..?!) Horse Meat Eating Sounds (Crunchy, Juicy!)",
        "description": "👄 PATREON (입소리 영상 풀버전 모두 공개)\nhttps://www.patreon.com/rose_asmr\nFull length of mouth sounds videos + extra videos\n풀 영상 + 멤버 전용 새로운 입소리 영상들 모두 공개\n\n🔥 Get the deleted mouth sounds video\nhttps://crowdticket.kr/store/roseasmr/language/en\n\n🔥 삭제된 입소리 영상 다운받기\nhttps://crowdticket.kr/store/roseasmr\n\n💝 Request Custom ASMR\nhttps://www.wisio.com/Rose_ASMR\nNo sign-up, real quick and easy!\n\n💝 맞춤형 ASMR 영상 요청하기\nhttps://crowdticket.kr/store/roseasmr\n최애 트리거를 골라 여러분들만의 최애 영상을 평생 소장하기!\n\n00:00 Intro 소개\n01:20 Eating Starts 이팅 시작\n12:51 Outro 마무리 인사\n\n#제주특별자치도 #축산물품질평가원 #비케이플랜제주도\n--------------------------------------------------\n\n🔥 PATREON https://www.patreon.com/rose_asmr\n\n💝 CUSTOM ASMR https://www.wisio.com/Rose_ASMR\n\n💝 맞춤 ASMR https://crowdticket.kr/item/store/417\n\n\n🧚‍♀ TikTok https://vt.tiktok.com/RsuHck/\n\n🧚‍♀ Instagram https://www.instagram.com/rose.0430/\n\n\n💌 PAYPAL https://paypal.me/rose0430?locale.x=ko_KR\n\n✉ Email : dbalzla159@gmail.com\n\n✉ Business : ad.group@treasurehunter.co.kr",
        "thumbnail": "https://i.ytimg.com/vi/djK_ToKUIWQ/mqdefault.jpg",
        "youtubeVideoId": "djK_ToKUIWQ",
        "uploadedDate": "2022-09-16T12:41:42Z",
        "viewCount": 51651,
        "isCommercial": "True"
    },
    {
        "id": "f2ca584d-c95e-47c1-8d6e-8a74798075c8",
        "title": "[ASMR] 우쭈쭈~ 토탁여드려요 :) 털마이크 쓰다듬기 Fluffy Mic Stroking,  Whispers, Camera Touching (Personal Attention)",
        "description": "👄 PATREON (입소리 영상 풀버전 모두 공개)\nhttps://www.patreon.com/rose_asmr\nFull length of mouth sounds videos + extra videos\n풀 영상 + 멤버 전용 새로운 입소리 영상들 모두 공개\n\n🔥 Get the deleted mouth sounds video\nhttps://crowdticket.kr/store/roseasmr/language/en\n\n🔥 삭제된 입소리 영상 다운받기\nhttps://crowdticket.kr/store/roseasmr\n\n💝 Request Custom ASMR\nhttps://www.wisio.com/Rose_ASMR\nNo sign-up, real quick and easy!\n\n💝 맞춤형 ASMR 영상 요청하기\nhttps://crowdticket.kr/store/roseasmr\n최애 트리거를 골라 여러분들만의 최애 영상을 평생 소장하기!\n\n#크티 #커스텀영상 #맞춤영상\n--------------------------------------------------\n\n🔥 PATREON https://www.patreon.com/rose_asmr\n\n💝 CUSTOM ASMR https://www.wisio.com/Rose_ASMR\n\n💝 맞춤 ASMR https://crowdticket.kr/item/store/417\n\n\n🧚‍♀ TikTok https://vt.tiktok.com/RsuHck/\n\n🧚‍♀ Instagram https://www.instagram.com/rose.0430/\n\n\n💌 PAYPAL https://paypal.me/rose0430?locale.x=ko_KR\n\n✉ Email : dbalzla159@gmail.com\n\n✉ Business : ad.group@treasurehunter.co.kr",
        "thumbnail": "https://i.ytimg.com/vi/FFQmwGPVByg/mqdefault.jpg",
        "youtubeVideoId": "FFQmwGPVByg",
        "uploadedDate": "2022-07-27T18:41:04Z",
        "viewCount": 5486,
        "isCommercial": "False"
    },
    {
        "id": "5b675067-9905-45db-8176-fbc44a6d18dc",
        "title": "[ASMR] Slurping Mouth Sounds 츄릅~ 가득한 입소리",
        "description": "👄 PATREON (입소리 영상 풀버전 모두 공개)\nhttps://www.patreon.com/rose_asmr\nFull length of mouth sounds videos + extra videos\n풀 영상 + 멤버 전용 새로운 입소리 영상들 모두 공개\n\n🔥 Get the deleted mouth sounds video\nhttps://crowdticket.kr/store/roseasmr/language/en\n\n🔥 삭제된 입소리 영상 다운받기\nhttps://crowdticket.kr/store/roseasmr\n\n💝 Request Custom ASMR\nhttps://www.wisio.com/Rose_ASMR\nNo sign-up, real quick and easy!\n\n💝 맞춤형 ASMR 영상 요청하기\nhttps://crowdticket.kr/store/roseasmr\n최애 트리거를 골라 여러분들만의 최애 영상을 평생 소장하기!\n\n00:00 Preview 미리보기\n00:30 Intro 소개\n01:40 Starts 시작\n\n--------------------------------------------------\n\n🔥 PATREON https://www.patreon.com/rose_asmr\n\n💝 CUSTOM ASMR https://www.wisio.com/Rose_ASMR\n\n💝 맞춤 ASMR https://crowdticket.kr/item/store/417\n\n\n🧚‍♀ TikTok https://vt.tiktok.com/RsuHck/\n\n🧚‍♀ Instagram https://www.instagram.com/rose.0430/\n\n\n💌 PAYPAL https://paypal.me/rose0430?locale.x=ko_KR\n\n✉ Email : dbalzla159@gmail.com\n\n✉ Business : ad.group@treasurehunter.co.kr",
        "thumbnail": "https://i.ytimg.com/vi/DWl-8aqxroo/mqdefault.jpg",
        "youtubeVideoId": "DWl-8aqxroo",
        "uploadedDate": "2022-07-21T09:28:11Z",
        "viewCount": 85110,
        "isCommercial": "False"
    },
    {
        "id": "b52687ac-44c5-4c3f-ad24-019503604d6b",
        "title": "[ASMR] Taking Care of an Injured Friend🤕(goofy) 다친 친구 치료해주기 롤플레이",
        "description": "👄 PATREON (입소리 영상 풀버전 모두 공개)\nhttps://www.patreon.com/rose_asmr\nFull length of mouth sounds videos + extra videos\n풀 영상 + 멤버 전용 새로운 입소리 영상들 모두 공개\n\n🔥 Get the deleted mouth sounds video\nhttps://crowdticket.kr/store/roseasmr/language/en\n\n🔥 삭제된 입소리 영상 다운받기\nhttps://crowdticket.kr/store/roseasmr\n\n💝 Request Custom ASMR\nhttps://www.wisio.com/Rose_ASMR\nNo sign-up, real quick and easy!\n\n💝 맞춤형 ASMR 영상 요청하기\nhttps://crowdticket.kr/store/roseasmr\n최애 트리거를 골라 여러분들만의 최애 영상을 평생 소장하기!\n--------------------------------------------------\n\n🔥 PATREON https://www.patreon.com/rose_asmr\n\n💝 CUSTOM ASMR https://www.wisio.com/Rose_ASMR\n\n💝 맞춤 ASMR https://crowdticket.kr/item/store/417\n\n\n🧚‍♀ TikTok https://vt.tiktok.com/RsuHck/\n\n🧚‍♀ Instagram https://www.instagram.com/rose.0430/\n\n\n💌 PAYPAL https://paypal.me/rose0430?locale.x=ko_KR\n\n✉ Email : dbalzla159@gmail.com\n\n✉ Business : ad.group@treasurehunter.co.kr",
        "thumbnail": "https://i.ytimg.com/vi/c8Tlhqv8U5A/mqdefault.jpg",
        "youtubeVideoId": "c8Tlhqv8U5A",
        "uploadedDate": "2022-08-30T08:02:10Z",
        "viewCount": 4048,
        "isCommercial": "False"
    },
    {
        "id": "20fd7ff2-2991-46d3-8152-fa73d5ac7c43",
        "title": "[ASMR] Lollipop Licking, Teeth Sounds 롤리팝 이팅, 치아에 닿는 소리 많이!",
        "description": "👄 PATREON (입소리 영상 풀버전 모두 공개)\nhttps://www.patreon.com/rose_asmr\nFull length of mouth sounds videos + extra videos\n풀 영상 + 멤버 전용 새로운 입소리 영상들 모두 공개\n\n🔥 Get the deleted mouth sounds video\nhttps://crowdticket.kr/store/roseasmr/language/en\n\n🔥 삭제된 입소리 영상 다운받기\nhttps://crowdticket.kr/store/roseasmr\n\n💝 Request Custom ASMR\nhttps://www.wisio.com/Rose_ASMR\nNo sign-up, real quick and easy!\n\n💝 맞춤형 ASMR 영상 요청하기\nhttps://crowdticket.kr/store/roseasmr\n최애 트리거를 골라 여러분들만의 최애 영상을 평생 소장하기!\n\n00:00 Preview 미리보기\n00:30 Intro 소개\n02:15 Eating starts 이팅 시작\n--------------------------------------------------\n\n🔥 PATREON https://www.patreon.com/rose_asmr\n\n💝 CUSTOM ASMR https://www.wisio.com/Rose_ASMR\n\n💝 맞춤 ASMR https://crowdticket.kr/item/store/417\n\n\n🧚‍♀ TikTok https://vt.tiktok.com/RsuHck/\n\n🧚‍♀ Instagram https://www.instagram.com/rose.0430/\n\n\n💌 PAYPAL https://paypal.me/rose0430?locale.x=ko_KR\n\n✉ Email : dbalzla159@gmail.com\n\n✉ Business : ad.group@treasurehunter.co.kr",
        "thumbnail": "https://i.ytimg.com/vi/AwxCl_qpy6A/mqdefault.jpg",
        "youtubeVideoId": "AwxCl_qpy6A",
        "uploadedDate": "2022-08-16T12:33:13Z",
        "viewCount": 5480,
        "isCommercial": "False"
    },
    {
        "id": "c3859cee-9964-4686-898a-6f000e495369",
        "title": "[ASMR] Pure Hand Massage on Ears (No Talking) 손으로만 귀 마사지 (노토킹)",
        "description": "👄 PATREON (입소리 영상 풀버전 모두 공개)\nhttps://www.patreon.com/rose_asmr\nFull length of mouth sounds videos + extra videos\n풀 영상 + 멤버 전용 새로운 입소리 영상들 모두 공개\n\n🔥 Get the deleted mouth sounds video\nhttps://crowdticket.kr/store/roseasmr/language/en\n\n🔥 삭제된 입소리 영상 다운받기\nhttps://crowdticket.kr/store/roseasmr\n\n💝 Request Custom ASMR\nhttps://www.wisio.com/Rose_ASMR\nNo sign-up, real quick and easy!\n\n💝 맞춤형 ASMR 영상 요청하기\nhttps://crowdticket.kr/store/roseasmr\n최애 트리거를 골라 여러분들만의 최애 영상을 평생 소장하기!\n\n00:00 Preview 미리보기\n00:30 Starts 시작\n\n--------------------------------------------------\n\n🔥 PATREON https://www.patreon.com/rose_asmr\n\n💝 CUSTOM ASMR https://www.wisio.com/Rose_ASMR\n\n💝 맞춤 ASMR https://crowdticket.kr/item/store/417\n\n\n🧚‍♀ TikTok https://vt.tiktok.com/RsuHck/\n\n🧚‍♀ Instagram https://www.instagram.com/rose.0430/\n\n\n💌 PAYPAL https://paypal.me/rose0430?locale.x=ko_KR\n\n✉ Email : dbalzla159@gmail.com\n\n✉ Business : ad.group@treasurehunter.co.kr",
        "thumbnail": "https://i.ytimg.com/vi/tBDVm_FsjUo/mqdefault.jpg",
        "youtubeVideoId": "tBDVm_FsjUo",
        "uploadedDate": "2022-07-23T15:56:09Z",
        "viewCount": 5410,
        "isCommercial": "False"
    },
    {
        "id": "83416c18-fddb-47e8-beee-d5c68ec12702",
        "title": "[ASMR] Jelly Eating Sounds (Soft-wet Mouth Sounds) 젤리 이팅사운드 (촉촉한 입소리)",
        "description": "👄 PATREON (입소리 영상 풀버전 모두 공개)\nhttps://www.patreon.com/rose_asmr\nFull length of mouth sounds videos + extra videos\n풀 영상 + 멤버 전용 새로운 입소리 영상들 모두 공개\n\n🔥 Get the deleted mouth sounds video\nhttps://crowdticket.kr/store/roseasmr/language/en\n\n🔥 삭제된 입소리 영상 다운받기\nhttps://crowdticket.kr/store/roseasmr\n\n💝 Request Custom ASMR\nhttps://www.wisio.com/Rose_ASMR\nNo sign-up, real quick and easy!\n\n💝 맞춤형 ASMR 영상 요청하기\nhttps://crowdticket.kr/store/roseasmr\n최애 트리거를 골라 여러분들만의 최애 영상을 평생 소장하기!\n\n00:00 Preview 미리보기\n00:30 Intro 소개\n03:16 Eating Starts 이팅 시작\n\n--------------------------------------------------\n\n🔥 PATREON https://www.patreon.com/rose_asmr\n\n💝 CUSTOM ASMR https://www.wisio.com/Rose_ASMR\n\n💝 맞춤 ASMR https://crowdticket.kr/item/store/417\n\n\n🧚‍♀ TikTok https://vt.tiktok.com/RsuHck/\n\n🧚‍♀ Instagram https://www.instagram.com/rose.0430/\n\n\n💌 PAYPAL https://paypal.me/rose0430?locale.x=ko_KR\n\n✉ Email : dbalzla159@gmail.com\n\n✉ Business : ad.group@treasurehunter.co.kr",
        "thumbnail": "https://i.ytimg.com/vi/-tACB7jyZLs/mqdefault.jpg",
        "youtubeVideoId": "-tACB7jyZLs",
        "uploadedDate": "2022-08-09T05:29:41Z",
        "viewCount": 11087,
        "isCommercial": "False"
    },
    {
        "id": "50a04acd-0e03-4fb6-bb7e-a3424d429b0b",
        "title": "[ASMR] Eating You, Negative Energy Eating 산 채로 먹어줄 게요, 부정적인 기운 먹어 버리기",
        "description": "👄 PATREON (입소리 영상 풀버전 모두 공개)\nhttps://www.patreon.com/rose_asmr\nFull length of mouth sounds videos + extra videos\n풀 영상 + 멤버 전용 새로운 입소리 영상들 모두 공개\n\n🔥 Get the deleted mouth sounds video\nhttps://crowdticket.kr/store/roseasmr/language/en\n\n🔥 삭제된 입소리 영상 다운받기\nhttps://crowdticket.kr/store/roseasmr\n\n💝 Request Custom ASMR\nhttps://www.wisio.com/Rose_ASMR\nNo sign-up, real quick and easy!\n\n💝 맞춤형 ASMR 영상 요청하기\nhttps://crowdticket.kr/store/roseasmr\n최애 트리거를 골라 여러분들만의 최애 영상을 평생 소장하기!\n\n00:00 Preview 미리보기\n00:30 Starts 시작\n\n--------------------------------------------------\n\n🔥 PATREON https://www.patreon.com/rose_asmr\n\n💝 CUSTOM ASMR https://www.wisio.com/Rose_ASMR\n\n💝 맞춤 ASMR https://crowdticket.kr/item/store/417\n\n\n🧚‍♀ TikTok https://vt.tiktok.com/RsuHck/\n\n🧚‍♀ Instagram https://www.instagram.com/rose.0430/\n\n\n💌 PAYPAL https://paypal.me/rose0430?locale.x=ko_KR\n\n✉ Email : dbalzla159@gmail.com\n\n✉ Business : ad.group@treasurehunter.co.kr",
        "thumbnail": "https://i.ytimg.com/vi/lPyUPTShlC4/mqdefault.jpg",
        "youtubeVideoId": "lPyUPTShlC4",
        "uploadedDate": "2022-08-09T07:36:04Z",
        "viewCount": 8178,
        "isCommercial": "False"
    },
    {
        "id": "440a681e-7153-4440-b2d3-06df7db865f3",
        "title": "[ASMR] Mocha Crisp Eating Sounds (Delicately Crunchy) 모카 브라우니 비스킷 이팅사운드 (식감 최고)",
        "description": "👄 PATREON (입소리 영상 풀버전 모두 공개)\nhttps://www.patreon.com/rose_asmr\nFull length of mouth sounds videos + extra videos\n풀 영상 + 멤버 전용 새로운 입소리 영상들 모두 공개\n\n🔥 Get the deleted mouth sounds video\nhttps://crowdticket.kr/store/roseasmr/language/en\n\n🔥 삭제된 입소리 영상 다운받기\nhttps://crowdticket.kr/store/roseasmr\n\n💝 Request Custom ASMR\nhttps://www.wisio.com/Rose_ASMR\nNo sign-up, real quick and easy!\n\n💝 맞춤형 ASMR 영상 요청하기\nhttps://crowdticket.kr/store/roseasmr\n최애 트리거를 골라 여러분들만의 최애 영상을 평생 소장하기!\n\n00:00 Preview 미리보기\n00:30 Intro 소개\n03:22 Eating Starts 이팅 시작\n\n--------------------------------------------------\n\n🔥 PATREON https://www.patreon.com/rose_asmr\n\n💝 CUSTOM ASMR https://www.wisio.com/Rose_ASMR\n\n💝 맞춤 ASMR https://crowdticket.kr/item/store/417\n\n\n🧚‍♀ TikTok https://vt.tiktok.com/RsuHck/\n\n🧚‍♀ Instagram https://www.instagram.com/rose.0430/\n\n\n💌 PAYPAL https://paypal.me/rose0430?locale.x=ko_KR\n\n✉ Email : dbalzla159@gmail.com\n\n✉ Business : ad.group@treasurehunter.co.kr",
        "thumbnail": "https://i.ytimg.com/vi/-lTikoJ3QP4/mqdefault.jpg",
        "youtubeVideoId": "-lTikoJ3QP4",
        "uploadedDate": "2022-07-25T04:41:49Z",
        "viewCount": 6024,
        "isCommercial": "False"
    },
    {
        "id": "dd549e15-49da-4ae5-b019-faebb2ff93c5",
        "title": "[ASMR] Inaudible Mouth sounds 인어디블 입소리, 알아들을 수 없는 속삭임",
        "description": "👄 PATREON (입소리 영상 풀버전 모두 공개)\nhttps://www.patreon.com/rose_asmr\nFull length of mouth sounds videos + extra videos\n풀 영상 + 멤버 전용 새로운 입소리 영상들 모두 공개\n\n🔥 Get the deleted mouth sounds video\nhttps://crowdticket.kr/store/roseasmr/language/en\n\n🔥 삭제된 입소리 영상 다운받기\nhttps://crowdticket.kr/store/roseasmr\n\n💝 Request Custom ASMR\nhttps://www.wisio.com/Rose_ASMR\nNo sign-up, real quick and easy!\n\n💝 맞춤형 ASMR 영상 요청하기\nhttps://crowdticket.kr/store/roseasmr\n최애 트리거를 골라 여러분들만의 최애 영상을 평생 소장하기!\n--------------------------------------------------\n\n🔥 PATREON https://www.patreon.com/rose_asmr\n\n💝 CUSTOM ASMR https://www.wisio.com/Rose_ASMR\n\n💝 맞춤 ASMR https://crowdticket.kr/item/store/417\n\n\n🧚‍♀ TikTok https://vt.tiktok.com/RsuHck/\n\n🧚‍♀ Instagram https://www.instagram.com/rose.0430/\n\n\n💌 PAYPAL https://paypal.me/rose0430?locale.x=ko_KR\n\n✉ Email : dbalzla159@gmail.com\n\n✉ Business : ad.group@treasurehunter.co.kr",
        "thumbnail": "https://i.ytimg.com/vi/biAg5jhafs8/mqdefault.jpg",
        "youtubeVideoId": "biAg5jhafs8",
        "uploadedDate": "2022-07-27T07:02:05Z",
        "viewCount": 9630,
        "isCommercial": "False"
    },
    {
        "id": "87796556-4b2a-4c46-90fe-02eed57d4951",
        "title": "[ASMR] All Types of Tongue Mouth Sounds 혀 입소리의 모든 것",
        "description": "👄 PATREON (입소리 영상 풀버전 모두 공개)\nhttps://www.patreon.com/rose_asmr\nFull length of mouth sounds videos + extra videos\n풀 영상 + 멤버 전용 새로운 입소리 영상들 모두 공개\n\n🔥 Get the deleted mouth sounds video\nhttps://crowdticket.kr/store/roseasmr/language/en\n\n🔥 삭제된 입소리 영상 다운받기\nhttps://crowdticket.kr/store/roseasmr\n\n💝 Request Custom ASMR\nhttps://www.wisio.com/Rose_ASMR\nNo sign-up, real quick and easy!\n\n💝 맞춤형 ASMR 영상 요청하기\nhttps://crowdticket.kr/store/roseasmr\n최애 트리거를 골라 여러분들만의 최애 영상을 평생 소장하기!\n\n00:00 Preview 미리보기\n00:30 Intro 소개\n01:40 Starts 시작\n--------------------------------------------------\n\n🔥 PATREON https://www.patreon.com/rose_asmr\n\n💝 CUSTOM ASMR https://www.wisio.com/Rose_ASMR\n\n💝 맞춤 ASMR https://crowdticket.kr/item/store/417\n\n\n🧚‍♀ TikTok https://vt.tiktok.com/RsuHck/\n\n🧚‍♀ Instagram https://www.instagram.com/rose.0430/\n\n\n💌 PAYPAL https://paypal.me/rose0430?locale.x=ko_KR\n\n✉ Email : dbalzla159@gmail.com\n\n✉ Business : ad.group@treasurehunter.co.kr",
        "thumbnail": "https://i.ytimg.com/vi/ZcuRqnIY2hY/mqdefault.jpg",
        "youtubeVideoId": "ZcuRqnIY2hY",
        "uploadedDate": "2022-07-21T10:09:53Z",
        "viewCount": 10750,
        "isCommercial": "False"
    },
    {
        "id": "e96818d9-50f6-4750-bb29-0f76a571577d",
        "title": "[ASMR] CRUNCHEST Dried Garlic & Mushroom Eating Sounds l 바삭 끝판왕 건조 마늘, 버섯 이팅사운드",
        "description": "👄 PATREON (입소리 영상 풀버전 모두 공개)\nhttps://www.patreon.com/rose_asmr\nFull length of mouth sounds videos + extra videos\n풀 영상 + 멤버 전용 새로운 입소리 영상들 모두 공개\n\n🔥 Get the deleted mouth sounds video\nhttps://crowdticket.kr/store/roseasmr/language/en\n\n🔥 삭제된 입소리 영상 다운받기\nhttps://crowdticket.kr/store/roseasmr\n\n💝 Request Custom ASMR\nhttps://www.wisio.com/Rose_ASMR\nNo sign-up, real quick and easy!\n\n💝 맞춤형 ASMR 영상 요청하기\nhttps://crowdticket.kr/store/roseasmr\n최애 트리거를 골라 여러분들만의 최애 영상을 평생 소장하기!\n\n00:00 Preview 미리보기\n00:30 Intro 소개\n02:20 Eating Starts 이팅 시작\n17:50 Outro 인사\n--------------------------------------------------\n\n🔥 PATREON https://www.patreon.com/rose_asmr\n\n💝 CUSTOM ASMR https://www.wisio.com/Rose_ASMR\n\n💝 맞춤 ASMR https://crowdticket.kr/item/store/417\n\n\n🧚‍♀ TikTok https://vt.tiktok.com/RsuHck/\n\n🧚‍♀ Instagram https://www.instagram.com/rose.0430/\n\n\n💌 PAYPAL https://paypal.me/rose0430?locale.x=ko_KR\n\n✉ Email : dbalzla159@gmail.com\n\n✉ Business : ad.group@treasurehunter.co.kr",
        "thumbnail": "https://i.ytimg.com/vi/VQpwPvAkdxs/mqdefault.jpg",
        "youtubeVideoId": "VQpwPvAkdxs",
        "uploadedDate": "2022-05-29T06:02:30Z",
        "viewCount": 7793,
        "isCommercial": "False"
    },
    {
        "id": "a3b534f8-0a40-4747-99d1-0580672b4515",
        "title": "[ASMR] 6주년 기념🎉 한국어로만 얘기해요! \"영어 말고 한국어로만 말해주세요. 못 알아 들어요\"에 대한 제 생각",
        "description": "👄 PATREON (입소리 영상 풀버전 모두 공개)\nhttps://www.patreon.com/rose_asmr\nFull length of mouth sounds videos + extra videos\n풀 영상 + 멤버 전용 새로운 입소리 영상들 모두 공개\n\n🔥 Get the deleted mouth sounds video\nhttps://crowdticket.kr/store/roseasmr/language/en\n\n🔥 삭제된 입소리 영상 다운받기\nhttps://crowdticket.kr/store/roseasmr\n\n💝 Request Custom ASMR\nhttps://www.wisio.com/Rose_ASMR\nNo sign-up, real quick and easy!\n\n💝 맞춤형 ASMR 영상 요청하기\nhttps://crowdticket.kr/store/roseasmr\n최애 트리거를 골라 여러분들만의 최애 영상을 평생 소장하기!\n--------------------------------------------------\n\n🔥 PATREON https://www.patreon.com/rose_asmr\n\n💝 CUSTOM ASMR https://www.wisio.com/Rose_ASMR\n\n💝 맞춤 ASMR https://crowdticket.kr/item/store/417\n\n\n🧚‍♀ TikTok https://vt.tiktok.com/RsuHck/\n\n🧚‍♀ Instagram https://www.instagram.com/rose.0430/\n\n\n💌 PAYPAL https://paypal.me/rose0430?locale.x=ko_KR\n\n✉ Email : dbalzla159@gmail.com\n\n✉ Business : ad.group@treasurehunter.co.kr",
        "thumbnail": "https://i.ytimg.com/vi/u4IQ2y3MYKo/mqdefault.jpg",
        "youtubeVideoId": "u4IQ2y3MYKo",
        "uploadedDate": "2022-07-21T23:53:17Z",
        "viewCount": 4450,
        "isCommercial": "False"
    },
    {
        "id": "cff6c9dd-e731-4014-a490-c7eb7ac89cee",
        "title": "[ASMR] Why don't I Talk about My Life on YouTube.. 유튜브에서 사생활 이야기 안 하는 이유 (6주년 기념🎉)",
        "description": "👄 PATREON (입소리 영상 풀버전 모두 공개)\nhttps://www.patreon.com/rose_asmr\nFull length of mouth sounds videos + extra videos\n풀 영상 + 멤버 전용 새로운 입소리 영상들 모두 공개\n\n🔥 Get the deleted mouth sounds video\nhttps://crowdticket.kr/store/roseasmr/language/en\n\n🔥 삭제된 입소리 영상 다운받기\nhttps://crowdticket.kr/store/roseasmr\n\n💝 Request Custom ASMR\nhttps://www.wisio.com/Rose_ASMR\nNo sign-up, real quick and easy!\n\n💝 맞춤형 ASMR 영상 요청하기\nhttps://crowdticket.kr/store/roseasmr\n최애 트리거를 골라 여러분들만의 최애 영상을 평생 소장하기!\n--------------------------------------------------\n\n🔥 PATREON https://www.patreon.com/rose_asmr\n\n💝 CUSTOM ASMR https://www.wisio.com/Rose_ASMR\n\n💝 맞춤 ASMR https://crowdticket.kr/item/store/417\n\n\n🧚‍♀ TikTok https://vt.tiktok.com/RsuHck/\n\n🧚‍♀ Instagram https://www.instagram.com/rose.0430/\n\n\n💌 PAYPAL https://paypal.me/rose0430?locale.x=ko_KR\n\n✉ Email : dbalzla159@gmail.com\n\n✉ Business : ad.group@treasurehunter.co.kr",
        "thumbnail": "https://i.ytimg.com/vi/R3w2M4_hgJA/mqdefault.jpg",
        "youtubeVideoId": "R3w2M4_hgJA",
        "uploadedDate": "2022-07-21T10:33:05Z",
        "viewCount": 5148,
        "isCommercial": "False"
    },
    {
        "id": "51bd741f-b646-4900-a3c5-89f1a54718d3",
        "title": "[ASMR] Various Mouth Sounds Assortment (No Talking) l 다양한 입소리 모음 (노토킹)",
        "description": "👄 PATREON (입소리 영상 풀버전 모두 공개)\nhttps://www.patreon.com/rose_asmr\nFull length of mouth sounds videos + extra videos\n풀 영상 + 멤버 전용 새로운 입소리 영상들 모두 공개\n\n🔥 Get the deleted mouth sounds video\nhttps://crowdticket.kr/store/roseasmr/language/en\n\n🔥 삭제된 입소리 영상 다운받기\nhttps://crowdticket.kr/store/roseasmr\n\n💝 Request Custom ASMR\nhttps://www.wisio.com/Rose_ASMR\nNo sign-up, real quick and easy!\n\n💝 맞춤형 ASMR 영상 요청하기\nhttps://crowdticket.kr/store/roseasmr\n최애 트리거를 골라 여러분들만의 최애 영상을 평생 소장하기!\n\n00:00 Preview 미리보기\n00:30 Starts 시작\n--------------------------------------------------\n\n🔥 PATREON https://www.patreon.com/rose_asmr\n\n💝 CUSTOM ASMR https://www.wisio.com/Rose_ASMR\n\n💝 맞춤 ASMR https://crowdticket.kr/item/store/417\n\n\n🧚‍♀ TikTok https://vt.tiktok.com/RsuHck/\n\n🧚‍♀ Instagram https://www.instagram.com/rose.0430/\n\n\n💌 PAYPAL https://paypal.me/rose0430?locale.x=ko_KR\n\n✉ Email : dbalzla159@gmail.com\n\n✉ Business : ad.group@treasurehunter.co.kr",
        "thumbnail": "https://i.ytimg.com/vi/t-3FYxdO2io/mqdefault.jpg",
        "youtubeVideoId": "t-3FYxdO2io",
        "uploadedDate": "2022-04-29T02:00:32Z",
        "viewCount": 8418,
        "isCommercial": "False"
    },
    {
        "id": "dedc6235-8102-4f7b-862b-b3ffcbd16a5d",
        "title": "[ASMR] Duct Tape Brain Massage, Sticky Sounds 테이프로 뇌 마사지",
        "description": "👄 PATREON (입소리 영상 풀버전 모두 공개)\nhttps://www.patreon.com/rose_asmr\nFull length of mouth sounds videos + extra videos\n풀 영상 + 멤버 전용 새로운 입소리 영상들 모두 공개\n\n🔥 Get the deleted mouth sounds video\nhttps://crowdticket.kr/store/roseasmr/language/en\n\n🔥 삭제된 입소리 영상 다운받기\nhttps://crowdticket.kr/store/roseasmr\n\n💝 Request Custom ASMR\nhttps://www.wisio.com/Rose_ASMR\nNo sign-up, real quick and easy!\n\n💝 맞춤형 ASMR 영상 요청하기\nhttps://crowdticket.kr/store/roseasmr\n최애 트리거를 골라 여러분들만의 최애 영상을 평생 소장하기!\n\n00:00 Preview 미리보기\n00:30 Intro 소개\n03:45 Starts 시작\n--------------------------------------------------\n\n🔥 PATREON https://www.patreon.com/rose_asmr\n\n💝 CUSTOM ASMR https://www.wisio.com/Rose_ASMR\n\n💝 맞춤 ASMR https://crowdticket.kr/item/store/417\n\n\n🧚‍♀ TikTok https://vt.tiktok.com/RsuHck/\n\n🧚‍♀ Instagram https://www.instagram.com/rose.0430/\n\n\n💌 PAYPAL https://paypal.me/rose0430?locale.x=ko_KR\n\n✉ Email : dbalzla159@gmail.com\n\n✉ Business : ad.group@treasurehunter.co.kr",
        "thumbnail": "https://i.ytimg.com/vi/ECmDMZLpx6M/mqdefault.jpg",
        "youtubeVideoId": "ECmDMZLpx6M",
        "uploadedDate": "2022-06-19T07:14:11Z",
        "viewCount": 5236,
        "isCommercial": "False"
    },
    {
        "id": "e44058e5-cf91-4f8b-a522-393ebb752926",
        "title": "[ASMR] Bubble Chocolate Eating Sounds (+Up Close) 버블 초콜릿 이팅사운드 (+클로즈업)",
        "description": "👄 PATREON (입소리 영상 풀버전 모두 공개)\nhttps://www.patreon.com/rose_asmr\nFull length of mouth sounds videos + extra videos\n풀 영상 + 멤버 전용 새로운 입소리 영상들 모두 공개\n\n🔥 Get the deleted mouth sounds video\nhttps://crowdticket.kr/store/roseasmr/language/en\n\n🔥 삭제된 입소리 영상 다운받기\nhttps://crowdticket.kr/store/roseasmr\n\n💝 Request Custom ASMR\nhttps://www.wisio.com/Rose_ASMR\nNo sign-up, real quick and easy!\n\n💝 맞춤형 ASMR 영상 요청하기\nhttps://crowdticket.kr/store/roseasmr\n최애 트리거를 골라 여러분들만의 최애 영상을 평생 소장하기!\n\n00:00 Preview 미리보기\n00:30 Intro 소개\n03:15 First Bite 첫 입\n--------------------------------------------------\n\n🔥 PATREON https://www.patreon.com/rose_asmr\n\n💝 CUSTOM ASMR https://www.wisio.com/Rose_ASMR\n\n💝 맞춤 ASMR https://crowdticket.kr/item/store/417\n\n\n🧚‍♀ TikTok https://vt.tiktok.com/RsuHck/\n\n🧚‍♀ Instagram https://www.instagram.com/rose.0430/\n\n\n💌 PAYPAL https://paypal.me/rose0430?locale.x=ko_KR\n\n✉ Email : dbalzla159@gmail.com\n\n✉ Business : ad.group@treasurehunter.co.kr",
        "thumbnail": "https://i.ytimg.com/vi/aJhTGHnY8Ko/mqdefault.jpg",
        "youtubeVideoId": "aJhTGHnY8Ko",
        "uploadedDate": "2022-06-12T05:09:44Z",
        "viewCount": 8274,
        "isCommercial": "False"
    },
    {
        "id": "df111806-6e16-4258-8307-ce53a4b120fc",
        "title": "[ASMR] Invisible Scratch (Personal Attention) l 화면 긁기, 시각적 팅글",
        "description": "👄 PATREON (입소리 영상 풀버전 모두 공개)\nhttps://www.patreon.com/rose_asmr\nFull length of mouth sounds videos + extra videos\n풀 영상 + 멤버 전용 새로운 입소리 영상들 모두 공개\n\n🔥 Get the deleted mouth sounds video\nhttps://crowdticket.kr/store/roseasmr/language/en\n\n🔥 삭제된 입소리 영상 다운받기\nhttps://crowdticket.kr/store/roseasmr\n\n💝 Request Custom ASMR\nhttps://www.wisio.com/Rose_ASMR\nNo sign-up, real quick and easy!\n\n💝 맞춤형 ASMR 영상 요청하기\nhttps://crowdticket.kr/store/roseasmr\n최애 트리거를 골라 여러분들만의 최애 영상을 평생 소장하기!\n\n00:00 Preview 미리보기\n00:30 Intro 소개\n01:14 Starts 시작\n--------------------------------------------------\n\n🔥 PATREON https://www.patreon.com/rose_asmr\n\n💝 CUSTOM ASMR https://www.wisio.com/Rose_ASMR\n\n💝 맞춤 ASMR https://crowdticket.kr/item/store/417\n\n\n🧚‍♀ TikTok https://vt.tiktok.com/RsuHck/\n\n🧚‍♀ Instagram https://www.instagram.com/rose.0430/\n\n\n💌 PAYPAL https://paypal.me/rose0430?locale.x=ko_KR\n\n✉ Email : dbalzla159@gmail.com\n\n✉ Business : ad.group@treasurehunter.co.kr",
        "thumbnail": "https://i.ytimg.com/vi/r467MtKFb58/mqdefault.jpg",
        "youtubeVideoId": "r467MtKFb58",
        "uploadedDate": "2022-06-01T09:11:12Z",
        "viewCount": 7928,
        "isCommercial": "False"
    },
    {
        "id": "fccb8d25-c1bb-42bf-b80a-918d4e67ccee",
        "title": "[ASMR] Wood Instrument, Candle Tapping 나무 악기와 캔들로 재워 줄게요",
        "description": "👄 PATREON (입소리 영상 풀버전 모두 공개)\nhttps://www.patreon.com/rose_asmr\nFull length of mouth sounds videos + extra videos\n풀 영상 + 멤버 전용 새로운 입소리 영상들 모두 공개\n\n🔥 Get the deleted mouth sounds video\nhttps://crowdticket.kr/store/roseasmr/language/en\n\n🔥 삭제된 입소리 영상 다운받기\nhttps://crowdticket.kr/store/roseasmr\n\n💝 Request Custom ASMR\nhttps://www.wisio.com/Rose_ASMR\nNo sign-up, real quick and easy!\n\n💝 맞춤형 ASMR 영상 요청하기\nhttps://crowdticket.kr/store/roseasmr\n최애 트리거를 골라 여러분들만의 최애 영상을 평생 소장하기!\n\n00:00 Preview 미리보기\n00:30 Intro 소개\n02:28 Starts 시작\n--------------------------------------------------\n\n🔥 PATREON https://www.patreon.com/rose_asmr\n\n💝 CUSTOM ASMR https://www.wisio.com/Rose_ASMR\n\n💝 맞춤 ASMR https://crowdticket.kr/item/store/417\n\n\n🧚‍♀ TikTok https://vt.tiktok.com/RsuHck/\n\n🧚‍♀ Instagram https://www.instagram.com/rose.0430/\n\n\n💌 PAYPAL https://paypal.me/rose0430?locale.x=ko_KR\n\n✉ Email : dbalzla159@gmail.com\n\n✉ Business : ad.group@treasurehunter.co.kr",
        "thumbnail": "https://i.ytimg.com/vi/0S5Zsr33Lls/mqdefault.jpg",
        "youtubeVideoId": "0S5Zsr33Lls",
        "uploadedDate": "2022-06-19T04:33:52Z",
        "viewCount": 4091,
        "isCommercial": "False"
    },
    {
        "id": "b62dcf45-96fb-45c0-94a3-2200c8ca58b9",
        "title": "[ASMR] Delicate Mic Nibbling Mouth Sounds l 섬세한 마이크 니블링 입소리",
        "description": "👄 PATREON (입소리 영상 풀버전 모두 공개)\nhttps://www.patreon.com/rose_asmr\nFull length of mouth sounds videos + extra videos\n풀 영상 + 멤버 전용 새로운 입소리 영상들 모두 공개\n\n🔥 Get the deleted mouth sounds video\nhttps://crowdticket.kr/store/roseasmr/language/en\n\n🔥 삭제된 입소리 영상 다운받기\nhttps://crowdticket.kr/store/roseasmr\n\n💝 Request Custom ASMR\nhttps://www.wisio.com/Rose_ASMR\nNo sign-up, real quick and easy!\n\n💝 맞춤형 ASMR 영상 요청하기\nhttps://crowdticket.kr/store/roseasmr\n최애 트리거를 골라 여러분들만의 최애 영상을 평생 소장하기!\n\n00:00 Preview 미리보기\n00:30 Intro & Lipgloss applying 소개와 립글로즈 바르기\n03:24 Starts 시작\n--------------------------------------------------\n\n🔥 PATREON https://www.patreon.com/rose_asmr\n\n💝 CUSTOM ASMR https://www.wisio.com/Rose_ASMR\n\n💝 맞춤 ASMR https://crowdticket.kr/item/store/417\n\n\n🧚‍♀ TikTok https://vt.tiktok.com/RsuHck/\n\n🧚‍♀ Instagram https://www.instagram.com/rose.0430/\n\n\n💌 PAYPAL https://paypal.me/rose0430?locale.x=ko_KR\n\n✉ Email : dbalzla159@gmail.com\n\n✉ Business : ad.group@treasurehunter.co.kr",
        "thumbnail": "https://i.ytimg.com/vi/rwp3TF0R9rk/mqdefault.jpg",
        "youtubeVideoId": "rwp3TF0R9rk",
        "uploadedDate": "2022-06-03T05:37:55Z",
        "viewCount": 7517,
        "isCommercial": "False"
    },
    {
        "id": "5b75f20c-906f-4096-ad42-1119179f70bb",
        "title": "[ASMR] TWO TONGUES on MIC 혀 두개로 마이크 핥기",
        "description": "👄 PATREON (입소리 영상 풀버전 모두 공개)\nhttps://www.patreon.com/rose_asmr\nFull length of mouth sounds videos + extra videos\n풀 영상 + 멤버 전용 새로운 입소리 영상들 모두 공개\n\n🔥 Get the deleted mouth sounds video\nhttps://crowdticket.kr/store/roseasmr/language/en\n\n🔥 삭제된 입소리 영상 다운받기\nhttps://crowdticket.kr/store/roseasmr\n\n💝 Request Custom ASMR\nhttps://www.wisio.com/Rose_ASMR\nNo sign-up, real quick and easy!\n\n💝 맞춤형 ASMR 영상 요청하기\nhttps://crowdticket.kr/store/roseasmr\n최애 트리거를 골라 여러분들만의 최애 영상을 평생 소장하기!\n\n00:00 Preview 미리보기\n00:30 Starts 시작\n--------------------------------------------------\n\n🔥 PATREON https://www.patreon.com/rose_asmr\n\n💝 CUSTOM ASMR https://www.wisio.com/Rose_ASMR\n\n💝 맞춤 ASMR https://crowdticket.kr/item/store/417\n\n\n🧚‍♀ TikTok https://vt.tiktok.com/RsuHck/\n\n🧚‍♀ Instagram https://www.instagram.com/rose.0430/\n\n\n💌 PAYPAL https://paypal.me/rose0430?locale.x=ko_KR\n\n✉ Email : dbalzla159@gmail.com\n\n✉ Business : ad.group@treasurehunter.co.kr",
        "thumbnail": "https://i.ytimg.com/vi/Gh1rGaq_v6o/mqdefault.jpg",
        "youtubeVideoId": "Gh1rGaq_v6o",
        "uploadedDate": "2022-06-19T06:30:37Z",
        "viewCount": 10853,
        "isCommercial": "False"
    },
    {
        "id": "cebac29b-9f10-48c6-a4ee-7396181ba571",
        "title": "[ASMR] Most Sensitive Mouth Sounds, No Talking 초 근접 섬세한 입소리, 노토킹",
        "description": "👄 PATREON (입소리 영상 풀버전 모두 공개)\nhttps://www.patreon.com/rose_asmr\nFull length of mouth sounds videos + extra videos\n풀 영상 + 멤버 전용 새로운 입소리 영상들 모두 공개\n\n🔥 Get the deleted mouth sounds video\nhttps://crowdticket.kr/store/roseasmr/language/en\n\n🔥 삭제된 입소리 영상 다운받기\nhttps://crowdticket.kr/store/roseasmr\n\n💝 Request Custom ASMR\nhttps://www.wisio.com/Rose_ASMR\nNo sign-up, real quick and easy!\n\n💝 맞춤형 ASMR 영상 요청하기\nhttps://crowdticket.kr/store/roseasmr\n최애 트리거를 골라 여러분들만의 최애 영상을 평생 소장하기!\n\n00:00 Preview 미리보기\n00:30 Starts 시작\n--------------------------------------------------\n\n🔥 PATREON https://www.patreon.com/rose_asmr\n\n💝 CUSTOM ASMR https://www.wisio.com/Rose_ASMR\n\n💝 맞춤 ASMR https://crowdticket.kr/item/store/417\n\n\n🧚‍♀ TikTok https://vt.tiktok.com/RsuHck/\n\n🧚‍♀ Instagram https://www.instagram.com/rose.0430/\n\n\n💌 PAYPAL https://paypal.me/rose0430?locale.x=ko_KR\n\n✉ Email : dbalzla159@gmail.com\n\n✉ Business : ad.group@treasurehunter.co.kr",
        "thumbnail": "https://i.ytimg.com/vi/OqitOom0aSs/mqdefault.jpg",
        "youtubeVideoId": "OqitOom0aSs",
        "uploadedDate": "2022-06-12T05:25:29Z",
        "viewCount": 6761,
        "isCommercial": "False"
    },
    {
        "id": "8110a929-30c4-4304-bfc4-91dd5a879cb7",
        "title": "[ASMR] Candy Mix Eating Sounds 직구 젤리 이팅사운드",
        "description": "👄 PATREON (입소리 영상 풀버전 모두 공개)\nhttps://www.patreon.com/rose_asmr\nFull length of mouth sounds videos + extra videos\n풀 영상 + 멤버 전용 새로운 입소리 영상들 모두 공개\n\n🔥 Get the deleted mouth sounds video\nhttps://crowdticket.kr/store/roseasmr/language/en\n\n🔥 삭제된 입소리 영상 다운받기\nhttps://crowdticket.kr/store/roseasmr\n\n💝 Request Custom ASMR\nhttps://www.wisio.com/Rose_ASMR\nNo sign-up, real quick and easy!\n\n💝 맞춤형 ASMR 영상 요청하기\nhttps://crowdticket.kr/store/roseasmr\n최애 트리거를 골라 여러분들만의 최애 영상을 평생 소장하기!\n\n00:00 Preview 미리보기\n00:30 Intro 소개\n01:40 Eating Starts 이팅 시작\n--------------------------------------------------\n\n🔥 PATREON https://www.patreon.com/rose_asmr\n\n💝 CUSTOM ASMR https://www.wisio.com/Rose_ASMR\n\n💝 맞춤 ASMR https://crowdticket.kr/item/store/417\n\n\n🧚‍♀ TikTok https://vt.tiktok.com/RsuHck/\n\n🧚‍♀ Instagram https://www.instagram.com/rose.0430/\n\n\n💌 PAYPAL https://paypal.me/rose0430?locale.x=ko_KR\n\n✉ Email : dbalzla159@gmail.com\n\n✉ Business : ad.group@treasurehunter.co.kr",
        "thumbnail": "https://i.ytimg.com/vi/MoHAI4EvPlc/mqdefault.jpg",
        "youtubeVideoId": "MoHAI4EvPlc",
        "uploadedDate": "2022-06-19T04:32:39Z",
        "viewCount": 9513,
        "isCommercial": "False"
    },
    {
        "id": "38c7c817-858a-43b2-a863-70590100d51a",
        "title": "[ASMR] Powder Candy Eating at 100% Sensitivity 섬세한 파우더 사탕 이팅 사운드",
        "description": "👄 PATREON (입소리 영상 풀버전 모두 공개)\nhttps://www.patreon.com/rose_asmr\nFull length of mouth sounds videos + extra videos\n풀 영상 + 멤버 전용 새로운 입소리 영상들 모두 공개\n\n🔥 Get the deleted mouth sounds video\nhttps://crowdticket.kr/store/roseasmr/language/en\n\n🔥 삭제된 입소리 영상 다운받기\nhttps://crowdticket.kr/store/roseasmr\n\n💝 Request Custom ASMR\nhttps://www.wisio.com/Rose_ASMR\nNo sign-up, real quick and easy!\n\n💝 맞춤형 ASMR 영상 요청하기\nhttps://crowdticket.kr/store/roseasmr\n최애 트리거를 골라 여러분들만의 최애 영상을 평생 소장하기!\n\n00:00 Preview 미리보기\n00:28 Intro 소개\n02:29 Eating Starts 이팅 시작\n25:12 Outro 인사\n--------------------------------------------------\n\n🔥 PATREON https://www.patreon.com/rose_asmr\n\n💝 CUSTOM ASMR https://www.wisio.com/Rose_ASMR\n\n💝 맞춤 ASMR https://crowdticket.kr/item/store/417\n\n\n🧚‍♀ TikTok https://vt.tiktok.com/RsuHck/\n\n🧚‍♀ Instagram https://www.instagram.com/rose.0430/\n\n\n💌 PAYPAL https://paypal.me/rose0430?locale.x=ko_KR\n\n✉ Email : dbalzla159@gmail.com\n\n✉ Business : ad.group@treasurehunter.co.kr",
        "thumbnail": "https://i.ytimg.com/vi/ihbV2hBdGgI/mqdefault.jpg",
        "youtubeVideoId": "ihbV2hBdGgI",
        "uploadedDate": "2022-03-22T01:47:02Z",
        "viewCount": 19778,
        "isCommercial": "False"
    },
    {
        "id": "00d0a789-8e47-4e9a-a6cc-c43d89c67842",
        "title": "[ASMR] Nail Tapping, Kisses, Mouth Sounds 손톱 탭핑, 뽀뽀, 입소리 (불평 주의)",
        "description": "👄 PATREON (입소리 영상 풀버전 모두 공개)\nhttps://www.patreon.com/rose_asmr\nFull length of mouth sounds videos + extra videos\n풀 영상 + 멤버 전용 새로운 입소리 영상들 모두 공개\n\n🔥 Get the deleted mouth sounds video\nhttps://crowdticket.kr/store/roseasmr/language/en\n\n🔥 삭제된 입소리 영상 다운받기\nhttps://crowdticket.kr/store/roseasmr\n\n💝 Request Custom ASMR\nhttps://www.wisio.com/Rose_ASMR\nNo sign-up, real quick and easy!\n\n💝 맞춤형 ASMR 영상 요청하기\nhttps://crowdticket.kr/store/roseasmr\n최애 트리거를 골라 여러분들만의 최애 영상을 평생 소장하기!\n\n00:00 Preview 미리보기\n00:30 Starts 시작\n--------------------------------------------------\n\n🔥 PATREON https://www.patreon.com/rose_asmr\n\n💝 CUSTOM ASMR https://www.wisio.com/Rose_ASMR\n\n💝 맞춤 ASMR https://crowdticket.kr/item/store/417\n\n\n🧚‍♀ TikTok https://vt.tiktok.com/RsuHck/\n\n🧚‍♀ Instagram https://www.instagram.com/rose.0430/\n\n\n💌 PAYPAL https://paypal.me/rose0430?locale.x=ko_KR\n\n✉ Email : dbalzla159@gmail.com\n\n✉ Business : ad.group@treasurehunter.co.kr",
        "thumbnail": "https://i.ytimg.com/vi/SNBU6KU6T6A/mqdefault.jpg",
        "youtubeVideoId": "SNBU6KU6T6A",
        "uploadedDate": "2022-05-23T07:09:14Z",
        "viewCount": 26384,
        "isCommercial": "False"
    },
    {
        "id": "9954f28b-ef64-4de2-9acb-6088e9c872a0",
        "title": "[ASMR] 3dio Twin Mouth Sounds 👩‍❤‍👩 쓰리디오 쌍둥이 입소리",
        "description": "👄 PATREON (입소리 영상 풀버전 모두 공개)\nhttps://www.patreon.com/rose_asmr\nFull length of mouth sounds videos + extra videos\n풀 영상 + 멤버 전용 새로운 입소리 영상들 모두 공개\n\n🔥 Get the deleted mouth sounds video\nhttps://crowdticket.kr/store/roseasmr/language/en\n\n🔥 삭제된 입소리 영상 다운받기\nhttps://crowdticket.kr/store/roseasmr\n\n💝 Request Custom ASMR\nhttps://www.wisio.com/Rose_ASMR\nNo sign-up, real quick and easy!\n\n💝 맞춤형 ASMR 영상 요청하기\nhttps://crowdticket.kr/store/roseasmr\n최애 트리거를 골라 여러분들만의 최애 영상을 평생 소장하기!\n\n00:00 Preview 미리보기\n00:30 Twin mouth sounds 쌍둥이 입소리\n05:30 Ear eating 이어이팅\n--------------------------------------------------\n\n🔥 PATREON https://www.patreon.com/rose_asmr\n\n💝 CUSTOM ASMR https://www.wisio.com/Rose_ASMR\n\n💝 맞춤 ASMR https://crowdticket.kr/item/store/417\n\n\n🧚‍♀ TikTok https://vt.tiktok.com/RsuHck/\n\n🧚‍♀ Instagram https://www.instagram.com/rose.0430/\n\n\n💌 PAYPAL https://paypal.me/rose0430?locale.x=ko_KR\n\n✉ Email : dbalzla159@gmail.com\n\n✉ Business : ad.group@treasurehunter.co.kr",
        "thumbnail": "https://i.ytimg.com/vi/ZHMRPN_AH-o/mqdefault.jpg",
        "youtubeVideoId": "ZHMRPN_AH-o",
        "uploadedDate": "2022-06-01T09:10:10Z",
        "viewCount": 13154,
        "isCommercial": "False"
    },
    {
        "id": "21d682a2-9ee9-483c-ab36-ac03aff22919",
        "title": "[ASMR] Tingly Bug Searching 벌레 찾아서 뽑기",
        "description": "👄 PATREON (입소리 영상 풀버전 모두 공개)\nhttps://www.patreon.com/rose_asmr\nFull length of mouth sounds videos + extra videos\n풀 영상 + 멤버 전용 새로운 입소리 영상들 모두 공개\n\n🔥 Get the deleted mouth sounds video\nhttps://crowdticket.kr/store/roseasmr/language/en\n\n🔥 삭제된 입소리 영상 다운받기\nhttps://crowdticket.kr/store/roseasmr\n\n💝 Request Custom ASMR\nhttps://www.wisio.com/Rose_ASMR\nNo sign-up, real quick and easy!\n\n💝 맞춤형 ASMR 영상 요청하기\nhttps://crowdticket.kr/store/roseasmr\n최애 트리거를 골라 여러분들만의 최애 영상을 평생 소장하기!\n\n00:00 Preview 미리보기\n00:30 Intro 소개\n01:42 Starts 시작\n--------------------------------------------------\n\n🔥 PATREON https://www.patreon.com/rose_asmr\n\n💝 CUSTOM ASMR https://www.wisio.com/Rose_ASMR\n\n💝 맞춤 ASMR https://crowdticket.kr/item/store/417\n\n\n🧚‍♀ TikTok https://vt.tiktok.com/RsuHck/\n\n🧚‍♀ Instagram https://www.instagram.com/rose.0430/\n\n\n💌 PAYPAL https://paypal.me/rose0430?locale.x=ko_KR\n\n✉ Email : dbalzla159@gmail.com\n\n✉ Business : ad.group@treasurehunter.co.kr",
        "thumbnail": "https://i.ytimg.com/vi/DBtEqC1xBOg/mqdefault.jpg",
        "youtubeVideoId": "DBtEqC1xBOg",
        "uploadedDate": "2022-05-24T14:36:22Z",
        "viewCount": 28420,
        "isCommercial": "False"
    },
    {
        "id": "9d8eeb67-8a02-483b-9fc0-5ad31aab4d8c",
        "title": "[ASMR] Applying Tongue Tattoos (Up Close❗) 혀 타투 (🚫극 불호 주의)",
        "description": "👄 PATREON (입소리 영상 풀버전 모두 공개)\nhttps://www.patreon.com/rose_asmr\nFull length of mouth sounds videos + extra videos\n풀 영상 + 멤버 전용 새로운 입소리 영상들 모두 공개\n\n🔥 Get the deleted mouth sounds video\nhttps://crowdticket.kr/store/roseasmr/language/en\n\n🔥 삭제된 입소리 영상 다운받기\nhttps://crowdticket.kr/store/roseasmr\n\n💝 Request Custom ASMR\nhttps://www.wisio.com/Rose_ASMR\nNo sign-up, real quick and easy!\n\n💝 맞춤형 ASMR 영상 요청하기\nhttps://crowdticket.kr/store/roseasmr\n최애 트리거를 골라 여러분들만의 최애 영상을 평생 소장하기!\n\n00:00 Preview 미리보기\n00:30 Intro 소개\n03:00 First tattoo starts 첫 타투 시작\n--------------------------------------------------\n\n🔥 PATREON https://www.patreon.com/rose_asmr\n\n💝 CUSTOM ASMR https://www.wisio.com/Rose_ASMR\n\n💝 맞춤 ASMR https://crowdticket.kr/item/store/417\n\n\n🧚‍♀ TikTok https://vt.tiktok.com/RsuHck/\n\n🧚‍♀ Instagram https://www.instagram.com/rose.0430/\n\n\n💌 PAYPAL https://paypal.me/rose0430?locale.x=ko_KR\n\n✉ Email : dbalzla159@gmail.com\n\n✉ Business : ad.group@treasurehunter.co.kr",
        "thumbnail": "https://i.ytimg.com/vi/gfoIXOX7k7M/mqdefault.jpg",
        "youtubeVideoId": "gfoIXOX7k7M",
        "uploadedDate": "2022-05-30T11:00:54Z",
        "viewCount": 27748,
        "isCommercial": "False"
    },
    {
        "id": "5dbd6572-d9fb-4d87-bcde-b943e17ca453",
        "title": "[ASMR] SR3D Ear Cleaning, Touching ☠해골물은 기억하는 쫀득 귀 마이크 귀청소",
        "description": "👄 PATREON (입소리 영상 풀버전 모두 공개)\nhttps://www.patreon.com/rose_asmr\nFull length of mouth sounds videos + extra videos\n풀 영상 + 멤버 전용 새로운 입소리 영상들 모두 공개\n\n🔥 Get the deleted mouth sounds video\nhttps://crowdticket.kr/store/roseasmr/language/en\n\n🔥 삭제된 입소리 영상 다운받기\nhttps://crowdticket.kr/store/roseasmr\n\n💝 Request Custom ASMR\nhttps://www.wisio.com/Rose_ASMR\nNo sign-up, real quick and easy!\n\n💝 맞춤형 ASMR 영상 요청하기\nhttps://crowdticket.kr/store/roseasmr\n최애 트리거를 골라 여러분들만의 최애 영상을 평생 소장하기!\n\n00:00 Preview 미리보기\n00:30 Starts 시작\n--------------------------------------------------\n\n🔥 PATREON https://www.patreon.com/rose_asmr\n\n💝 CUSTOM ASMR https://www.wisio.com/Rose_ASMR\n\n💝 맞춤 ASMR https://crowdticket.kr/item/store/417\n\n\n🧚‍♀ TikTok https://vt.tiktok.com/RsuHck/\n\n🧚‍♀ Instagram https://www.instagram.com/rose.0430/\n\n\n💌 PAYPAL https://paypal.me/rose0430?locale.x=ko_KR\n\n✉ Email : dbalzla159@gmail.com\n\n✉ Business : ad.group@treasurehunter.co.kr",
        "thumbnail": "https://i.ytimg.com/vi/6IlnSv51R7o/mqdefault.jpg",
        "youtubeVideoId": "6IlnSv51R7o",
        "uploadedDate": "2022-05-25T01:44:36Z",
        "viewCount": 12679,
        "isCommercial": "False"
    },
    {
        "id": "e38a316e-a7f6-4a79-8798-08e8d7227bea",
        "title": "[ASMR] 🎉First ASMR with My Subscribers🎉 최초! 구독자와 함께하는 ASMR",
        "description": "👄 PATREON (입소리 영상 풀버전 모두 공개)\nhttps://www.patreon.com/rose_asmr\nFull length of mouth sounds videos + extra videos\n풀 영상 + 멤버 전용 새로운 입소리 영상들 모두 공개\n\n🔥 Get the deleted mouth sounds video\nhttps://crowdticket.kr/store/roseasmr/language/en\n\n🔥 삭제된 입소리 영상 다운받기\nhttps://crowdticket.kr/store/roseasmr\n\n💝 Request Custom ASMR\nhttps://www.wisio.com/Rose_ASMR\nNo sign-up, real quick and easy!\n\n💝 맞춤형 ASMR 영상 요청하기\nhttps://crowdticket.kr/store/roseasmr\n최애 트리거를 골라 여러분들만의 최애 영상을 평생 소장하기!\n\n00:00 Preview 미리보기\n01:30 Intro 소개\n02:18 Starts 시작\n--------------------------------------------------\n\n🔥 PATREON https://www.patreon.com/rose_asmr\n\n💝 CUSTOM ASMR https://www.wisio.com/Rose_ASMR\n\n💝 맞춤 ASMR https://crowdticket.kr/item/store/417\n\n\n🧚‍♀ TikTok https://vt.tiktok.com/RsuHck/\n\n🧚‍♀ Instagram https://www.instagram.com/rose.0430/\n\n\n💌 PAYPAL https://paypal.me/rose0430?locale.x=ko_KR\n\n✉ Email : dbalzla159@gmail.com\n\n✉ Business : ad.group@treasurehunter.co.kr",
        "thumbnail": "https://i.ytimg.com/vi/JOX4tB5e6Gg/mqdefault.jpg",
        "youtubeVideoId": "JOX4tB5e6Gg",
        "uploadedDate": "2022-05-23T05:08:38Z",
        "viewCount": 20619,
        "isCommercial": "False"
    },
    {
        "id": "5a17a224-8f15-48f2-80aa-53a43b463a40",
        "title": "[ASMR] Vegan Gummy Eating Sounds (+Up Close) 비건 젤리 이팅사운드 (+클로즈업)",
        "description": "👄 PATREON (입소리 영상 풀버전 모두 공개)\nhttps://www.patreon.com/rose_asmr\nFull length of mouth sounds videos + extra videos\n풀 영상 + 멤버 전용 새로운 입소리 영상들 모두 공개\n\n🔥 Get the deleted mouth sounds video\nhttps://crowdticket.kr/store/roseasmr/language/en\n\n🔥 삭제된 입소리 영상 다운받기\nhttps://crowdticket.kr/store/roseasmr\n\n💝 Request Custom ASMR\nhttps://www.wisio.com/Rose_ASMR\nNo sign-up, real quick and easy!\n\n💝 맞춤형 ASMR 영상 요청하기\nhttps://crowdticket.kr/store/roseasmr\n최애 트리거를 골라 여러분들만의 최애 영상을 평생 소장하기!\n\n00:00 Intro\n04:53 Eating Starts\n28:40 Outro\n--------------------------------------------------\n\n🔥 PATREON https://www.patreon.com/rose_asmr\n\n💝 CUSTOM ASMR https://www.wisio.com/Rose_ASMR\n\n💝 맞춤 ASMR https://crowdticket.kr/item/store/417\n\n\n🧚‍♀ TikTok https://vt.tiktok.com/RsuHck/\n\n🧚‍♀ Instagram https://www.instagram.com/rose.0430/\n\n\n💌 PAYPAL https://paypal.me/rose0430?locale.x=ko_KR\n\n✉ Email : dbalzla159@gmail.com\n\n✉ Business : ad.group@treasurehunter.co.kr",
        "thumbnail": "https://i.ytimg.com/vi/Lw9WUFIz8jo/mqdefault.jpg",
        "youtubeVideoId": "Lw9WUFIz8jo",
        "uploadedDate": "2022-05-14T14:55:03Z",
        "viewCount": 39450,
        "isCommercial": "False"
    },
    {
        "id": "28e8da86-b7c6-40dc-9c02-4a57c56ec315",
        "title": "[ASMR] My Face is GLASS 내 얼굴은 유리. 유리 얼굴 두드리기",
        "description": "👄 PATREON (입소리 영상 풀버전 모두 공개)\nhttps://www.patreon.com/rose_asmr\nFull length of mouth sounds videos + extra videos\n풀 영상 + 멤버 전용 새로운 입소리 영상들 모두 공개\n\n🔥 Get the deleted mouth sounds video\nhttps://crowdticket.kr/store/roseasmr/language/en\n\n🔥 삭제된 입소리 영상 다운받기\nhttps://crowdticket.kr/store/roseasmr\n\n💝 Request Custom ASMR\nhttps://www.wisio.com/Rose_ASMR\nNo sign-up, real quick and easy!\n\n💝 맞춤형 ASMR 영상 요청하기\nhttps://crowdticket.kr/store/roseasmr\n최애 트리거를 골라 여러분들만의 최애 영상을 평생 소장하기!\n--------------------------------------------------\n\n🔥 PATREON https://www.patreon.com/rose_asmr\n\n💝 CUSTOM ASMR https://www.wisio.com/Rose_ASMR\n\n💝 맞춤 ASMR https://crowdticket.kr/item/store/417\n\n\n🧚‍♀ TikTok https://vt.tiktok.com/RsuHck/\n\n🧚‍♀ Instagram https://www.instagram.com/rose.0430/\n\n\n💌 PAYPAL https://paypal.me/rose0430?locale.x=ko_KR\n\n✉ Email : dbalzla159@gmail.com\n\n✉ Business : ad.group@treasurehunter.co.kr",
        "thumbnail": "https://i.ytimg.com/vi/5S8HvZi7lqk/mqdefault.jpg",
        "youtubeVideoId": "5S8HvZi7lqk",
        "uploadedDate": "2022-05-16T11:34:42Z",
        "viewCount": 83425,
        "isCommercial": "False"
    },
    {
        "id": "d317fecf-591b-43b7-baff-8385fbac8972",
        "title": "[ASMR] Spit Painting You (Mouth Sounds) 침으로 그려줄게요 (입소리)",
        "description": "👄 PATREON (입소리 영상 풀버전 모두 공개)\nhttps://www.patreon.com/rose_asmr\nFull length of mouth sounds videos + extra videos\n풀 영상 + 멤버 전용 새로운 입소리 영상들 모두 공개\n\n🔥 Get the deleted mouth sounds video\nhttps://crowdticket.kr/store/roseasmr/language/en\n\n🔥 삭제된 입소리 영상 다운받기\nhttps://crowdticket.kr/store/roseasmr\n\n💝 Request Custom ASMR\nhttps://www.wisio.com/Rose_ASMR\nNo sign-up, real quick and easy!\n\n💝 맞춤형 ASMR 영상 요청하기\nhttps://crowdticket.kr/store/roseasmr\n최애 트리거를 골라 여러분들만의 최애 영상을 평생 소장하기!\n--------------------------------------------------\n\n🔥 PATREON https://www.patreon.com/rose_asmr\n\n💝 CUSTOM ASMR https://www.wisio.com/Rose_ASMR\n\n💝 맞춤 ASMR https://crowdticket.kr/item/store/417\n\n\n🧚‍♀ TikTok https://vt.tiktok.com/RsuHck/\n\n🧚‍♀ Instagram https://www.instagram.com/rose.0430/\n\n\n💌 PAYPAL https://paypal.me/rose0430?locale.x=ko_KR\n\n✉ Email : dbalzla159@gmail.com\n\n✉ Business : ad.group@treasurehunter.co.kr",
        "thumbnail": "https://i.ytimg.com/vi/J9PxZ_CI1jM/mqdefault.jpg",
        "youtubeVideoId": "J9PxZ_CI1jM",
        "uploadedDate": "2022-04-29T01:55:58Z",
        "viewCount": 28250,
        "isCommercial": "False"
    },
    {
        "id": "824023fd-f7d5-4c7c-9c51-2856be26a9b0",
        "title": "[ASMR] 맥반석 계란 이팅 사운드, 타스캠 손으로 긁기 Roasted Egg Eating Sounds, Digging in Tascam",
        "description": "👄 PATREON (입소리 영상 풀버전 모두 공개)\nhttps://www.patreon.com/rose_asmr\nFull length of mouth sounds videos + extra videos\n풀 영상 + 멤버 전용 새로운 입소리 영상들 모두 공개\n\n🔥 Get the deleted mouth sounds video\nhttps://crowdticket.kr/store/roseasmr/language/en\n\n🔥 삭제된 입소리 영상 다운받기\nhttps://crowdticket.kr/store/roseasmr\n\n💝 Request Custom ASMR\nhttps://www.wisio.com/Rose_ASMR\nNo sign-up, real quick and easy!\n\n💝 맞춤형 ASMR 영상 요청하기\nhttps://crowdticket.kr/store/roseasmr\n최애 트리거를 골라 여러분들만의 최애 영상을 평생 소장하기!\n\n00:00 Preview 미리보기\n00:31 Intro 소개\n01:27 Peeling off Egg 계란 까기\n04:00 Eating Starts 이팅 시작\n10:30 Mic Digging 마이크 파기\n--------------------------------------------------\n\n🔥 PATREON https://www.patreon.com/rose_asmr\n\n💝 CUSTOM ASMR https://www.wisio.com/Rose_ASMR\n\n💝 맞춤 ASMR https://crowdticket.kr/item/store/417\n\n\n🧚‍♀ TikTok https://vt.tiktok.com/RsuHck/\n\n🧚‍♀ Instagram https://www.instagram.com/rose.0430/\n\n\n💌 PAYPAL https://paypal.me/rose0430?locale.x=ko_KR\n\n✉ Email : dbalzla159@gmail.com\n\n✉ Business : ad.group@treasurehunter.co.kr",
        "thumbnail": "https://i.ytimg.com/vi/SCVajVaKi3Y/mqdefault.jpg",
        "youtubeVideoId": "SCVajVaKi3Y",
        "uploadedDate": "2022-03-22T02:20:36Z",
        "viewCount": 13641,
        "isCommercial": "False"
    },
    {
        "id": "db5120d7-b6e9-4de2-ae06-0c3e77d4b509",
        "title": "[ASMR] Coconut Marshmallow Eating Sounds 코코넛 마쉬멜로우 이팅사운드",
        "description": "👄 PATREON (입소리 영상 풀버전 모두 공개)\nhttps://www.patreon.com/rose_asmr\nFull length of mouth sounds videos + extra videos\n풀 영상 + 멤버 전용 새로운 입소리 영상들 모두 공개\n\n🔥 Get the deleted mouth sounds video\nhttps://crowdticket.kr/store/roseasmr/language/en\n\n🔥 삭제된 입소리 영상 다운받기\nhttps://crowdticket.kr/store/roseasmr\n\n💝 Request Custom ASMR\nhttps://www.wisio.com/Rose_ASMR\nNo sign-up, real quick and easy!\n\n💝 맞춤형 ASMR 영상 요청하기\nhttps://crowdticket.kr/store/roseasmr\n최애 트리거를 골라 여러분들만의 최애 영상을 평생 소장하기!\n\n00:00 Preview 미리보기\n00:31 Intro 인사\n01:46 Eating starts 이팅 시작\n16:00 No talking eating 노토킹 이팅\n--------------------------------------------------\n\n🔥 PATREON https://www.patreon.com/rose_asmr\n\n💝 CUSTOM ASMR https://www.wisio.com/Rose_ASMR\n\n💝 맞춤 ASMR https://crowdticket.kr/item/store/417\n\n\n🧚‍♀ TikTok https://vt.tiktok.com/RsuHck/\n\n🧚‍♀ Instagram https://www.instagram.com/rose.0430/\n\n\n💌 PAYPAL https://paypal.me/rose0430?locale.x=ko_KR\n\n✉ Email : dbalzla159@gmail.com\n\n✉ Business : ad.group@treasurehunter.co.kr",
        "thumbnail": "https://i.ytimg.com/vi/0okaBelVjJ4/mqdefault.jpg",
        "youtubeVideoId": "0okaBelVjJ4",
        "uploadedDate": "2022-04-29T02:00:02Z",
        "viewCount": 16757,
        "isCommercial": "False"
    },
    {
        "id": "47abfc79-32d6-43a2-9882-d0d534ea9cae",
        "title": "[ASMR] Eating You (Mouth Sounds) 산 채로 먹어 줄게요 (입소리)",
        "description": "👄 PATREON (입소리 영상 풀버전 모두 공개)\nhttps://www.patreon.com/rose_asmr\nFull length of mouth sounds videos + extra videos\n풀 영상 + 멤버 전용 새로운 입소리 영상들 모두 공개\n\n🔥 Get the deleted mouth sounds video\nhttps://crowdticket.kr/store/roseasmr/language/en\n\n🔥 삭제된 입소리 영상 다운받기\nhttps://crowdticket.kr/store/roseasmr\n\n💝 Request Custom ASMR\nhttps://www.wisio.com/Rose_ASMR\nNo sign-up, real quick and easy!\n\n💝 맞춤형 ASMR 영상 요청하기\nhttps://crowdticket.kr/store/roseasmr\n최애 트리거를 골라 여러분들만의 최애 영상을 평생 소장하기!\n--------------------------------------------------\n\n🔥 PATREON https://www.patreon.com/rose_asmr\n\n💝 CUSTOM ASMR https://www.wisio.com/Rose_ASMR\n\n💝 맞춤 ASMR https://crowdticket.kr/item/store/417\n\n\n🧚‍♀ TikTok https://vt.tiktok.com/RsuHck/\n\n🧚‍♀ Instagram https://www.instagram.com/rose.0430/\n\n\n💌 PAYPAL https://paypal.me/rose0430?locale.x=ko_KR\n\n✉ Email : dbalzla159@gmail.com\n\n✉ Business : ad.group@treasurehunter.co.kr",
        "thumbnail": "https://i.ytimg.com/vi/pI5BWsdrnH8/mqdefault.jpg",
        "youtubeVideoId": "pI5BWsdrnH8",
        "uploadedDate": "2022-04-18T04:28:35Z",
        "viewCount": 19088,
        "isCommercial": "False"
    },
    {
        "id": "7439ba9e-4d33-42d7-8cd1-2a2d65b56d6f",
        "title": "[ASMR] Tiny Mic Ultimate Mouth Sounds Tingles 미니 마이크 극강의 입소리",
        "description": "👄 PATREON (입소리 영상 풀버전 모두 공개)\nhttps://www.patreon.com/rose_asmr\nFull length of mouth sounds videos + extra videos\n풀 영상 + 멤버 전용 새로운 입소리 영상들 모두 공개\n\n🔥 Get the deleted mouth sounds video\nhttps://crowdticket.kr/store/roseasmr/language/en\n\n🔥 삭제된 입소리 영상 다운받기\nhttps://crowdticket.kr/store/roseasmr\n\n💝 Request Custom ASMR\nhttps://www.wisio.com/Rose_ASMR\nNo sign-up, real quick and easy!\n\n💝 맞춤형 ASMR 영상 요청하기\nhttps://crowdticket.kr/store/roseasmr\n최애 트리거를 골라 여러분들만의 최애 영상을 평생 소장하기!\n\n00:00 Preview 미리보기\n00:31 Intro 인사\n01:45 Starts 시작\n--------------------------------------------------\n\n🔥 PATREON https://www.patreon.com/rose_asmr\n\n💝 CUSTOM ASMR https://www.wisio.com/Rose_ASMR\n\n💝 맞춤 ASMR https://crowdticket.kr/item/store/417\n\n\n🧚‍♀ TikTok https://vt.tiktok.com/RsuHck/\n\n🧚‍♀ Instagram https://www.instagram.com/rose.0430/\n\n\n💌 PAYPAL https://paypal.me/rose0430?locale.x=ko_KR\n\n✉ Email : dbalzla159@gmail.com\n\n✉ Business : ad.group@treasurehunter.co.kr",
        "thumbnail": "https://i.ytimg.com/vi/sQRdHTMbrbo/mqdefault.jpg",
        "youtubeVideoId": "sQRdHTMbrbo",
        "uploadedDate": "2022-04-11T02:15:39Z",
        "viewCount": 12781,
        "isCommercial": "False"
    },
    {
        "id": "e74dfb61-10de-4eee-9e89-877dcf48bbf6",
        "title": "[ASMR] Delicate Tapping on Pouches 간드러지는 파우치 탭핑 모음",
        "description": "👄 PATREON (입소리 영상 풀버전 모두 공개)\nhttps://www.patreon.com/rose_asmr\nFull length of mouth sounds videos + extra videos\n풀 영상 + 멤버 전용 새로운 입소리 영상들 모두 공개\n\n🔥 Get the deleted mouth sounds video\nhttps://crowdticket.kr/store/roseasmr/language/en\n\n🔥 삭제된 입소리 영상 다운받기\nhttps://crowdticket.kr/store/roseasmr\n\n💝 Request Custom ASMR\nhttps://www.wisio.com/Rose_ASMR\nNo sign-up, real quick and easy!\n\n💝 맞춤형 ASMR 영상 요청하기\nhttps://crowdticket.kr/store/roseasmr\n최애 트리거를 골라 여러분들만의 최애 영상을 평생 소장하기!\n\n00:00 Preview 미리보기\n01:28 Intro 인트로\n01:42 Lancome Pouch 랑콤 파우치\n08:28 Mini Pouch 동전지갑\n14:47 Girly Pouch 소녀 파우치\n20:52 Red Pencil Case 빨강 필통\n27:27 Leopard Pouch 호피무늬 파우치\n--------------------------------------------------\n\n🔥 PATREON https://www.patreon.com/rose_asmr\n\n💝 CUSTOM ASMR https://www.wisio.com/Rose_ASMR\n\n💝 맞춤 ASMR https://crowdticket.kr/item/store/417\n\n\n🧚‍♀ TikTok https://vt.tiktok.com/RsuHck/\n\n🧚‍♀ Instagram https://www.instagram.com/rose.0430/\n\n\n💌 PAYPAL https://paypal.me/rose0430?locale.x=ko_KR\n\n✉ Email : dbalzla159@gmail.com\n\n✉ Business : ad.group@treasurehunter.co.kr",
        "thumbnail": "https://i.ytimg.com/vi/jNfFckUN35E/mqdefault.jpg",
        "youtubeVideoId": "jNfFckUN35E",
        "uploadedDate": "2022-03-25T01:10:11Z",
        "viewCount": 7877,
        "isCommercial": "False"
    }
]