[
    {
        "id": "a440d6bb-8a2f-4c45-9166-8bd0850a647d",
        "title": "ASMR 랍스타 껍질째 리얼사운드 먹방[선아의 소리 연구소]꿀꿀선아,suna asmr,音フェチ",
        "description": "오늘의 ASMR 영상은 랍스타를 껍질째 튀겨 먹는 리얼사운드 먹방입니다.랍스터 버터구이도 준비해봤어요! 아주 오랜만에 돌아온 소리연구소입니다! 이번 팬미팅 때 소리 연구소도 보고싶다는 이야기를 듣고 소리연구소도 다시 시작하게 되었습니다.\n랍스터로 영상을 찍고 싶었는데 소리가 좋진 않은거같아서 어떻게 하면 소리가 잘 날까? 하다가\n이렇게 튀겨서 껍질채 먹어 보았습니다.\n버터구이도 했는데 역시... 맛있더라구요.\n사실 살을 한번에 빼서 먹는게 보기에도좋고 먹기도 편하지만 그렇게 하면 원하는 소리가 아니어서 게장 먹듯이먹어 보았어요. 보시기 불편하더라도 양해부탁드립니다.\n그럼 여러분 모두 잘자고 좋은 꿈꾸고 좋은하루 되세요\n\n-영상이 편집 안된부분이 있어 다시 올려요ㅠㅡㅠ 저번 영상에서도 컷편집이 안된 부분이 있었는데 이번에도 그렇게 되어 죄송합니다 몸상태때문에 영상을 며칠간 업로드 못하게되어서, 이번주는 꼭 다시 정상적으로 영상을 올리려고하다 보니 평소보다 적은 시간으로 영상 일정을 맞추려다 보니까 마음이 급해져서 실수한것같아요😭😭 다음부턴 이런 실수 절대 없도록하겠습니다! 알람 두번 가게해서 죄송해요\n\n#랍스타 #ASMR #lobster\n\n\n레시피\n\n랍스터버터구이\n1. 랍스터 다리쪽 껍질을 손질해 10분간 찐다\n2. 마늘,버터,꿀을 1:1:1비율로 섞은 뒤 후추를 뿌리면 갈릭버터소스 완성\n3. 2번을 1번에 바른 뒤 에어프라이어나 오븐에 170도에서 15분간 구워준다.\n4. 치즈를 올린 뒤 5분 더 굽는다\n\n*찔때 물에 맥주나 청주, 월계수잎을 넣고 찌면 비린내를 잡을 수 있다\n\n고정 업로드 시간은 매주 수요일 토요일 밤 9시입니다\n각종 문의사항은\nggulggulsuna@gmail.com  으로 보내주세요~\n\n멤버십 회원만 볼수있는 비하인드 영상과 많은 혜택들이 있는\n멤버십 가입하러가기\nhttps://www.youtube.com/channel/UChYcJLnVxqgO3SkM6vKX9aw/join\n\n\n선아의 공식 팬카페 가입하러가기!⬇️\nhttps://cafe.naver.com/ggulggulsuna\n💌\n주소:서울특별시 성동구 연무장 15길 11, 에스팩토리 B동 2층\n받는이:꿀꿀선아\n여러분들이 보내주신 선물은 영상으로 만들 생각입니다☺ 원치 않으시는분들은 연락을 주시거나 써주세요!\n\nFan letter address\n\n2floor ,B dong,11, Yeonmujang 15-gil, Seongdong-gu, Seoul, Republic of Korea\nRecipient(受けるが): ggulggul suna\n\n(추천영상)\n파우치 태핑소리\nhttps://www.youtube.com/watch?v=wEFChfMjNAU\n쾌감 쩌는 비누 부수기ASMR\nhttps://www.youtube.com/watch?v=42WqBdym7X8\n중독성 최고 물먹은 플로랄폼 ASMR\nhttps://www.youtube.com/watch?v=pJAHaKgSUVs\n자극적이지않은 10종류 탭핑\nhttps://www.youtube.com/watch?v=ZAVUxyqktpc\n\n\n\n카카오 tv 채널:https://goo.gl/MgEqLt\n카카오톡 플러스친구:검색))꿀꿀선아\n선아의 일상과 미니피그 채널:https://goo.gl/kvZ6rl\n선아의 게임채널:https://goo.gl/1bIQgo\n아프리카TV: http://afreecatv.com/ggulsuna\nSUNA Facebook: https://www.facebook.com/kyoung.jeon.92\nSUNA Instargram: https://www.instagram.com/ggulggulsuna\nSUNA Twitch: https://www.twitch.tv/ggulsuna\nPayPal Support link :https://goo.gl/SWRfel\n\n고정 업로드 시간은 매주 수요일 토요일 밤 9시입니다\n각종 문의사항은\nggulggulsuna@gmail.com  으로 보내주세요~\n\n멤버십 회원만 볼수있는 비하인드 영상과 많은 혜택들이 있는\n멤버십 가입하러가기\nhttps://www.youtube.com/channel/UChYcJLnVxqgO3SkM6vKX9aw/join\n\n\n선아의 공식 팬카페 가입하러가기!⬇️\nhttps://cafe.naver.com/ggulggulsuna\n💌\n주소:서울특별시 성동구 연무장 15길 11, 에스팩토리 B동 2층\n받는이:꿀꿀선아\n여러분들이 보내주신 선물은 영상으로 만들 생각입니다☺ 원치 않으시는분들은 연락을 주시거나 써주세요!\n\nFan letter address\n\n2floor ,B dong,11, Yeonmujang 15-gil, Seongdong-gu, Seoul, Republic of Korea\nRecipient(受けるが): ggulggul suna\n\n(추천영상)\n파우치 태핑소리\nhttps://www.youtube.com/watch?v=wEFChfMjNAU\n쾌감 쩌는 비누 부수기ASMR\nhttps://www.youtube.com/watch?v=42WqBdym7X8\n중독성 최고 물먹은 플로랄폼 ASMR\nhttps://www.youtube.com/watch?v=pJAHaKgSUVs\n자극적이지않은 10종류 탭핑\nhttps://www.youtube.com/watch?v=ZAVUxyqktpc\n\n\n\n카카오 tv 채널:https://goo.gl/MgEqLt\n카카오톡 플러스친구:검색))꿀꿀선아\n선아의 일상과 미니피그 채널:https://goo.gl/kvZ6rl\n선아의 게임채널:https://goo.gl/1bIQgo\n아프리카TV: http://afreecatv.com/ggulsuna\nSUNA Facebook: https://www.facebook.com/kyoung.jeon.92\nSUNA Instargram: https://www.instagram.com/ggulggulsuna\nSUNA Twitch: https://www.twitch.tv/ggulsuna\nPayPal Support link :https://goo.gl/SWRfel",
        "thumbnail": "https://i.ytimg.com/vi/m_Vd2vkNcso/mqdefault.jpg",
        "youtubeVideoId": "m_Vd2vkNcso",
        "uploadedDate": "2019-04-20T13:27:22Z",
        "viewCount": 512258,
        "isCommercial": "False"
    },
    {
        "id": "52512a29-9dcc-419c-bfc3-2b28d18185ff",
        "title": "김치 튀김 먹는소리는?[ASMR 선아의 소리연구소]김치튀김 리얼사운드 먹방,한국어 asmr,김치 asmr,김치먹방,불면증,수면유도,꿀꿀선아,suna asmr,김치튀김 이팅사운드",
        "description": "이번 ASMR 영상은 김치튀김 리얼사운드 먹방ASMR 입니다!\n 오늘은 아주 오랜만에 찾아뵙게된 소리연구소 ASMR  입니다!\n김치튀김을 주제로한 리얼사운드 먹방입니다.한동안 소재고갈로 어려움을 겪었는데 김치튀김이라는 좋은 소재를 알려주셔서 하게되었습니다! 솔직히 예전에 했던 알로에나 그런건 당연히 맛없을줄알았는데 김치는 맛있을까 맛이 없을까 감이 안잡혔었거든요. 근데 결과는....영상에서 확인하세요😍\n요즘 유튜브 수익창출검토가 빡세졌는지 영상들이 다 광고부적합이 걸리더라구요 그래서 저번에 공지드렸던거처럼 미등록상태로 올리고 검토를 기다렸는데 아무리 기다려도 부적합이 안떠서 그냥 올려요!ㅎㅎ 근데 또 걸리는거 아니겠죠...?요즘 안걸린적이 한번도 없어서 불안한데 말이에요!!😂 예전에는 찍어서 편집하고 바로 올리고 이렇게 했는데 이제는 올려놓고 검토를 해야할거같아요! 그래도 미리미리 찍어서 편집해서 많이 검토대기 해놓을테니까 걱정마세요!ㅎㅎ 여러분 오늘도 잘 자고 좋은 꿈꾸고 좋은 하루되세요!💋\n\n자막하러가기👄😍👄\n\n업로드시간은 매주 수요일 토요일 10시\n스트리밍시간은 매주 화요일 일요일 11시\n\n💌\n선아의 공식 팬카페 가입하러가기!⬇️\nhttps://cafe.naver.com/ggulggulsuna\n💌\n주소:서울특별시 성동구 연무장 15길 11, 에스팩토리 B동 2층\n받는이:꿀꿀선아\n여러분들이 보내주신 선물은 영상으로 만들 생각입니다☺ 원치 않으시는분들은 연락을 주시거나 써주세요!\n\nFan letter address\n\n2floor ,B dong,11, Yeonmujang 15-gil, Seongdong-gu, Seoul, Republic of Korea\nRecipient(受けるが): ggulggul suna\n\n(추천영상)\n얼음먹방\nhttps://www.youtube.com/watch?v=Qtk2mrUNKXU\n알로에 튀기면 맛있을까?\nhttps://www.youtube.com/watch?v=9RMidZihgcI\n드라이 아이스 소리\nhttps://www.youtube.com/watch?v=A69p7NMdpgI\n마그마 만들기\nhttps://www.youtube.com/watch?v=B78twl6LyUo\n검은뱀 소환\nhttps://www.youtube.com/watch?v=c5olJQc-R9Y\n\n\n카카오 tv 채널:https://goo.gl/MgEqLt\n카카오톡 플러스친구:검색))꿀꿀선아\n선아의 일상과 미니피그 채널:https://goo.gl/kvZ6rl\n선아의 게임채널:https://goo.gl/1bIQgo\n아프리카TV: http://afreecatv.com/ggulsuna\nSUNA Facebook: https://www.facebook.com/kyoung.jeon.92\nSUNA Instargram: https://www.instagram.com/ggulggulsuna/\nSUNA Twitch: https://www.twitch.tv/ggulsuna\nPayPal Support link :https://goo.gl/SWRfel\n\n김치 튀김 먹는소리는?[ASMR 선아의 소리연구소]김치튀김 리얼사운드 먹방,한국어 asmr,김치 asmr,김치먹방,불면증,수면유도,꿀꿀선아,suna asmr,김치튀김 이팅사운드",
        "thumbnail": "https://i.ytimg.com/vi/Vevo8Tz-cfI/mqdefault.jpg",
        "youtubeVideoId": "Vevo8Tz-cfI",
        "uploadedDate": "2018-01-10T13:33:22Z",
        "viewCount": 0,
        "isCommercial": "False"
    },
    {
        "id": "e305e31e-9484-4353-bf7e-4db780836164",
        "title": "직접만든 젤리비누로 거품소리와 물소리[선아의 소리연구소 ASMR](Jelly soap sounds) 불면증,수면유도,꿀꿀선아,suna asmr,백색소음,한국어 asmr,",
        "description": "👇자세한 내용은 더보기를 봐주세요👇\n\n먼저 구독과 좋아요 댓글 한번씩 부탁드려요🐷\n\n안녕하세요 여러분! 오늘을 오랜만의 소리연구소 입니다.ㅠ,ㅠ 매주 소리연구소를 가지고 오기로 했지만.....소재가 맨날 너무 떨어져서 뭘 해야할지 모르겠더라구요! 소재 좀 던져주세요!!여러분 환영합니다. 그래서 오늘은 고민고민하다가 젤리비누를 가지고 왔어요! 이걸로 몸을 씻어도 되고 손을 씻어도 되는데 제가  만든건 보시다시피 일회용이에요....흑 여러분은 꼭 젤라틴을 더욱많이 넣으세요!1 저처럼 하지마시고!!!ㅎㅎ 그럼 여러분 잘자고 좋은꿈꾸고 좋은 하루되세요!\n\n😗사적인이야기😍\n이때 만드는 장면을 찍고 공사소리때문에 너무 시끄러워서 일주일이 지나서야 다시 찍게되었어요! 그래서 화장과 복장이 달라졌어요!ㅎㅎ 그리고 요즘에는 화장을 평소보다는 조금 진하게 하고 있어요. 탭핑영상에서 화장을 진하게 했잖아요! 그때 얼굴이 괜찮았던거 같아서 3일째 진하게 하고있네요ㅋㅋ 그래도 정말 지우는건 귀찮더라고요.. 아마 곧 다시 연하게 바뀔거같아요! 저는 젤리비누에서 소리가 별로 안날거라고 생각을 했는데 만지다보니까 꽤 소리가 좋더라구요!ㅎㅎ 특히 마지막에 마이크에 거품을 묻혔는데 그 톡톡 터지는 소리가 굉장히 마음에 들었어요. 오늘 영상이 여러분께 도움이 되었으면 좋겠습니다.\n그럼 여러분 오늘도 잘 자고 좋은 꿈꾸고 좋은하루되세요!\n\n🌙(잠이 잘오는 추천 영상)\n(비슷한 소리연구소 영상)\nhttps://goo.gl/AnPsz8 검은뱀 소환 소리연구\nhttps://goo.gl/PwTjPa 알로에 튀김 소리연구\nhttps://goo.gl/cKjZSY 드라이아이스 소리연구!\nhttps://goo.gl/qHYAUB 셀러리 튀김 소리연구!\n\n🙌영상 자막하러가기🙌\nhttp://www.youtube.com/timedtext_vide...\n\n💌\n\n선아의 공식 팬카페 가입하러가기!⬇️\nhttps://cafe.naver.com/ggulggulsuna\n💌\n주소:서울특별시 성동구 연무장 15길 11, 에스팩토리 B동 2층\n받는이:꿀꿀선아\n여러분들이 보내주신 선물은 영상으로 만들 생각입니다☺ 원치 않으시는분들은 연락을 주시거나 써주세요!\n\nFan letter address\n\n2floor ,B dong,11, Yeonmujang 15-gil, Seongdong-gu, Seoul, Republic of Korea\nRecipient(受けるが): ggulggul suna\n\n\n💕\n유튜브:수요일 일요일 저녁 10:30~11:00부터 12:00\n스노우방송:매일 저녁 8시~8시30분 에서 9시~9:30분 (그외에 랜덤)\n\n카카오 tv 채널:https://goo.gl/MgEqLt\n카카오톡 플러스친구:검색))꿀꿀선아\n선아의 일상과 미니피그 채널:https://goo.gl/kvZ6rl\n선아의 게임채널:https://goo.gl/1bIQgo\n아프리카TV: http://afreecatv.com/ggulsuna\nSUNA Facebook: https://www.facebook.com/kyoung.jeon.92\nSUNA Instargram: https://www.instagram.com/ggulggulsuna\nSUNA Twitch: https://www.twitch.tv/ggulsuna\nPayPal Support link :https://goo.gl/SWRfel\n\n직접만든 젤리비누로 거품소리와 물소리[선아의 소리연구소 ASMR](Jelly soap sounds) 불면증,수면유도,꿀꿀선아,suna asmr,백색소음,한국어 asmr,",
        "thumbnail": "https://i.ytimg.com/vi/fG_WmuZqUtA/mqdefault.jpg",
        "youtubeVideoId": "fG_WmuZqUtA",
        "uploadedDate": "2018-03-01T12:05:29Z",
        "viewCount": 0,
        "isCommercial": "False"
    },
    {
        "id": "1bdb8deb-9804-44e9-bfa7-5e7510ae32eb",
        "title": "검은 뱀을 소환하고 부숴버리기asmr[선아의 소리연구소 ASMR]불면증,수면유도,꿀꿀선아,suna asmr,한국어 asmr,과학실험 asmr,tingles,팅글,불소리,",
        "description": "👇자세한 내용은 더보기를 봐주세요👇\n\n먼저 구독과 좋아요 댓글 한번씩 부탁드려요🐷\n\n기본사운드가 작다는 의견이 많아서\n다시 기본사운드를 크게했어요~그리고 중간에 보통속도 다음에\n빨리감기로 한것도 나오니 참고하세요!빠른속도는 16:10 부터에요\n\n안녕하세요 여러분 오늘은 검은뱀을 소환하는 실험을 해봤어요\n사실 썸네일과 다르게 눈과 입이없지만,정말 신기한 실험이였어요\n라이터기름을 부은후에 불을 붙일때 정말 깜짝놀랐어요 ㅠㅠ\n약간 위험한 실험 이었던것같아요. 어린이 여러분은 따라하지마세요!\n실험이 끝난뒤에도 탄 냄새가 진동했답니다😂 아직도...하하..\n그럼 재밌게 봐주시고,\n소리 연구소 컨텐츠 추천 많이해주세요 여러분~\n\n영상 자막하러가기\nhttp://www.youtube.com/timedtext_video?v=c5olJQc-R9Y&ref=share\n\n(비슷한 소리연구소 영상)\nhttps://goo.gl/PwTjPa 알로에 튀김 소리연구\nhttps://goo.gl/cKjZSY 드라이아이스 소리연구!\nhttps://goo.gl/qHYAUB 셀러리 튀김 소리연구!\n\n😶사적인 이야기😶\n소리 연구소 가 많이 늦었죠? 미안해요! 촬영실수 편집실수가 있어서 다시 찍었네요ㅠㅡㅠ  다음에는 늦지 않을게요!ㅎㅎ 그저께부터는 몸이 조금 아파가지고 할 일을 제대로 못했네요! 지금은 약을 먹고 괜찮아졌어요! 여러분이 걱정해주셔서 빨리 나은거같아요 여러분도 아프지 말고 아프시면 꼭 병원 가셔야해요!\n그럼 모두 잘자고 좋은 꿈 꾸고 좋은 하루 되세요🙏\n\n💌\n선아의 공식 팬카페 가입하러가기!⬇️\nhttps://cafe.naver.com/ggulggulsuna\n💌\n주소:서울특별시 성동구 연무장 15길 11, 에스팩토리 B동 2층\n받는이:꿀꿀선아\n여러분들이 보내주신 선물은 영상으로 만들 생각입니다☺ 원치 않으시는분들은 연락을 주시거나 써주세요!\n\nFan letter address\n\n2floor ,B dong,11, Yeonmujang 15-gil, Seongdong-gu, Seoul, Republic of Korea\nRecipient(受けるが): ggulggul suna\n\n\n💕\n유튜브:수요일 일요일 저녁 10:30~11:00부터 12:00\n스노우방송:매일 저녁 8시~8시30분 에서 9시~9:30분 (그외에 랜덤)\n\n\n카카오 tv 채널:https://goo.gl/MgEqLt\n카카오톡 플러스친구:검색))꿀꿀선아\n선아의 일상과 미니피그 채널:https://goo.gl/kvZ6rl\n선아의 게임채널:https://goo.gl/1bIQgo\n아프리카TV: http://afreecatv.com/ggulsuna\nSUNA Facebook: https://www.facebook.com/kyoung.jeon.92\nSUNA Instargram: https://www.instagram.com/ggulggulsuna\nSUNA Twitch: https://www.twitch.tv/ggulsuna\nPayPal Support link :https://goo.gl/SWRfel\n\n검은 뱀을 소환하고 부셔버리기asmr[선아의 소리연구소 ASMR]불면증,수면유도,꿀꿀선아,suna asmr,한국어 asmr,과학실험 asmr,",
        "thumbnail": "https://i.ytimg.com/vi/c5olJQc-R9Y/mqdefault.jpg",
        "youtubeVideoId": "c5olJQc-R9Y",
        "uploadedDate": "2017-09-05T00:50:52Z",
        "viewCount": 0,
        "isCommercial": "False"
    },
    {
        "id": "cdd17cf6-ffbf-4b55-ac66-5d205429c40d",
        "title": "알로에와 알로에튀김?이팅사운드[소리 연구소 ASMR]알로에 자르는소리,알로에 먹방,꿀꿀선아,suna asmr,eating sound,real sound",
        "description": "https://goo.gl/ScHfDq 플로랄폼 소리연구!\nhttps://goo.gl/cKjZSY 드라이아이스 소리연구!\nhttps://goo.gl/qHYAUB 셀러리 튀김 소리연구!\n\n\n안녕하세요!소리연구소가 많이 늦었죠 ㅠㅠ\n원래 하려고 했던 실험재료가 잘못 배송되는 바람에\n다른거로 대체하느라 하루가 늦어졌어요!\n주제는 알로에를 튀기면 어떤소리가날까?였는데 그냥 튀김소리라서\n과감히 생략하고 알로에 자르는소리 위주로 찍었어요!\n다음에는 더 재밌는 소재로 소리연구소 돌아오겠습니다!\n\n선아의 공식 팬카페 가입하러가기!⬇️\nhttps://cafe.naver.com/ggulggulsuna\n💌\n주소:서울특별시 성동구 연무장 15길 11, 에스팩토리 B동 2층\n받는이:꿀꿀선아\n여러분들이 보내주신 선물은 영상으로 만들 생각입니다☺ 원치 않으시는분들은 연락을 주시거나 써주세요!\n\nFan letter address\n\n2floor ,B dong,11, Yeonmujang 15-gil, Seongdong-gu, Seoul, Republic of Korea\nRecipient(受けるが): ggulggul suna\n\n카카오 tv 채널:https://goo.gl/MgEqLt\n카카오톡 플러스친구:검색))꿀꿀선아\n선아의 일상과 미니피그 채널:https://goo.gl/kvZ6rl\n선아의 게임채널:https://goo.gl/1bIQgo\n아프리카TV: http://afreecatv.com/ggulsuna\nSUNA Facebook: https://www.facebook.com/kyoung.jeon.92\nSUNA Instargram: https://www.instagram.com/ggulggulsuna\nSUNA Twitch: https://www.twitch.tv/ggulsuna\nPayPal Support link :https://goo.gl/SWRfel\n\n알로에와 알로에튀김?이팅사운드[소리 연구소 ASMR]알로에 자르는소리,알로에 먹방,꿀꿀선아,suna asmr,eating sound,real sound",
        "thumbnail": "https://i.ytimg.com/vi/9RMidZihgcI/mqdefault.jpg",
        "youtubeVideoId": "9RMidZihgcI",
        "uploadedDate": "2017-08-27T14:03:12Z",
        "viewCount": 0,
        "isCommercial": "False"
    },
    {
        "id": "0552d25f-a335-45ac-98b0-2d8c5ad9f549",
        "title": "Floral Foam Addicted sounds,중독되는 소리의 플로랄폼 ASMR] Sleep induction, insomnia treatment,",
        "description": "Mailbox address.\n(Bk-Tower)4F 547, Samseong-ro, Gangnam-gu, Seoul,   Republic of Korea (06156 Postal Code)\nto:SUNA\n\nSUNA Facebook: https://www.facebook.com/kyoung.jeon.92\nSUNA Instargram: https://www.instagram.com/ninanyny_/\nSUNA Twitch: https://www.twitch.tv/ggulsuna\nPayPal Support link :https://goo.gl/SWRfel\n\n사서함주소:\n주소:서울시 강남구 삼성로 547 BK타워 4층 \n받는이:꿀꿀선아\n\n카카오 tv 채널:https://goo.gl/MgEqLt\n카카오톡 플러스친구:검색))꿀꿀선아\n선아의 일상과 미니피그 채널:https://goo.gl/kvZ6rl\n선아의 게임채널:https://goo.gl/1bIQgo\n아프리카TV: http://afreecatv.com/ggulsuna\nSUNA Facebook: https://www.facebook.com/kyoung.jeon.92\nSUNA Instargram: https://www.instagram.com/ninanyny_/\nSUNA Twitch: https://www.twitch.tv/ggulsuna\nPayPal Support link :https://goo.gl/SWRfel\n\n중독되는 소리의 플로랄폼Asmr [선아의 소리연구소 ASMR]수면유도,불면증치료,잠오는소리,팅글,꿀꿀선아,asmr suna,",
        "thumbnail": "https://i.ytimg.com/vi/g22Kl9y_30I/mqdefault.jpg",
        "youtubeVideoId": "g22Kl9y_30I",
        "uploadedDate": "2017-08-09T18:16:42Z",
        "viewCount": 0,
        "isCommercial": "False"
    },
    {
        "id": "987bb660-f059-40f9-866b-3b161da2a08a",
        "title": "Dry Ice Experiment,소리가 정말 좋은 드라이아이스 ASMR [Sleep induction, insomnia treatment]",
        "description": "Dry Ice Experiment ASMR [Sleep induction, insomnia treatment]\n\n새로운 asmr 후원주소에요! https://goo.gl/FHYugK\n이번 소리연구소는 드라이 아이스 실험을 해봤어요!ㅎㅎ\n작은 비눗방울은 성공했는데 큰 비눗방울에 실패했어요\n생각보다 드라이아이스 소리가 좋은것같아요!\n\n\n카카오 tv 채널:https://goo.gl/MgEqLt\n카카오톡 플러스친구:검색))꿀꿀선아\n선아의 일상과 미니피그 채널:https://goo.gl/kvZ6rl\n선아의 게임채널:https://goo.gl/1bIQgo\n아프리카TV: http://afreecatv.com/ggulsuna\nSUNA Facebook: https://www.facebook.com/kyoung.jeon.92\nSUNA Instargram: https://www.instagram.com/ninanyny_/\nSUNA Twitch: https://www.twitch.tv/ggulsuna\nPayPal Support link :https://goo.gl/SWRfel",
        "thumbnail": "https://i.ytimg.com/vi/A69p7NMdpgI/mqdefault.jpg",
        "youtubeVideoId": "A69p7NMdpgI",
        "uploadedDate": "2017-08-05T14:25:54Z",
        "viewCount": 0,
        "isCommercial": "False"
    },
    {
        "id": "1c30b0f7-03c4-48ab-adcc-6d638dec9e0d",
        "title": "Making lava asmr,시원한 소리나는 용암만들기(cool sound)[suna asmr]",
        "description": "Making lava asmr(cool sound)[suna asmr]\n\nThe volume is big. Please lower the volume to medium.\nPlease subtitle this video. This is a link for adding subtitles.\nhttp://www.youtube.com/timedtext_video?ref=share&v=B78twl6LyUo\n\n\n👇자세한 내용은 더보기를 봐주세요👇\n\n먼저 구독과 좋아요 댓글 한번씩 부탁드려요🐷\n선아의 공식 팬카페 가입하러가기!⬇️\nhttps://cafe.naver.com/ggulggulsuna\n💌\n주소:서울특별시 성동구 연무장 15길 11, 에스팩토리 B동 2층\n받는이:꿀꿀선아\n여러분들이 보내주신 선물은 영상으로 만들 생각입니다☺ 원치 않으시는분들은 연락을 주시거나 써주세요!\n\nFan letter address\n\n2floor ,B dong,11, Yeonmujang 15-gil, Seongdong-gu, Seoul, Republic of Korea\nRecipient(受けるが): ggulggul suna\n\n\n네이버오디오클립:https://audioclip.naver.com/channels/1080\n카카오 tv 채널:https://goo.gl/MgEqLt\n카카오톡 플러스친구:검색))꿀꿀선아\n선아의 일상과 미니피그 채널:https://goo.gl/kvZ6rl\n선아의 게임채널:https://goo.gl/1bIQgo\n아프리카TV: http://afreecatv.com/ggulsuna\nSUNA Facebook: https://www.facebook.com/kyoung.jeon.92\nSUNA Instargram: https://www.instagram.com/ggulggulsuna\nSUNA Twitch: https://www.twitch.tv/ggulsuna\nPayPal Support link :https://goo.gl/SWRfel\n\n\n비슷한 소리연구소 영상 보러가기\n(비슷한 소리연구소 영상)\nhttps://goo.gl/PwTjPa 알로에 튀김 소리연구\nhttps://goo.gl/cKjZSY 드라이아이스 소리연구!\nhttps://goo.gl/qHYAUB 셀러리 튀김 소리연구!\n\n볼륨이 큰편이니 중간 이하로 듣는것을 추천드려요!\n(말소리가 작게 들릴정도 볼륨을 일률적으로 못해서 죄송해요!)\n\n영상 자막하러가는 링크\nhttp://www.youtube.com/timedtext_video?ref=share&v=B78twl6LyUo\n\n안녕하세요 선아의 소리연구소에요!매주 토요일 10:30~11:30에\n업로드되고있어요~컨텐츠 추천 플러스친구 꿀꿀선아로 받고있으니\n꼭 컨텐츠추천 많이해주세요 ^^\n\n카카오 tv 채널:https://goo.gl/MgEqLt\n카카오톡 플러스친구:검색))꿀꿀선아\n선아의 일상과 미니피그 채널:https://goo.gl/kvZ6rl\n선아의 게임채널:https://goo.gl/1bIQgo\n아프리카TV: http://afreecatv.com/ggulsuna\nSUNA Facebook: https://www.facebook.com/kyoung.jeon.92\nSUNA Instargram: https://www.instagram.com/ninanyny_/\nSUNA Twitch: https://www.twitch.tv/ggulsuna\nPayPal Support link :https://goo.gl/SWRfel\n\n시원한 소리나는 용암만들기Asmr[선아의 소리연구소 Asmr]라바램프,(발포비타민,팝핑캔디)과학실험,꿀꿀선아,suna asmr,,수면유도,tingles,백색소음,팅글,\n\nFirst of all, I like your subscription.\n\nAddress: 547 BK Tower, 4th Floor, Treasure Hunter, Samsung Road, Gangnam-gu, Seoul\nRecipient: Honey Jinn\nIf you do not want to contact us please write or write!\n\n💕\nYouTube: Wednesday, Sunday evening from 10:30 to 11:00 to 12:00\nSnow broadcast: Every evening from 8:00 am to 8:30 am 9:00 am to 9:30 am (other than random)\n\nSUNA Facebook: https://www.facebook.com/kyoung.jeon.92\nSUNA Instargram: https://www.instagram.com/ninanyny_/\nSUNA Twitch: https://www.twitch.tv/ggulsuna\nPayPal Support link: https: //goo.gl/SWRfel\n\n\nGo to similar video lab\n(Similar sound research videos)\nhttps://goo.gl/PwTjPa Aloe fried sound research\nhttps://goo.gl/cKjZSY Dry ​​Ice Sound Study!\nhttps://goo.gl/qHYAUB Studying fried celery sounds!\n\nI recommend you listen to medium volume because it is big!\n(I'm sorry I did not get the volume uniformly enough to hear a small voice!)\n\n\nLinks to video subtitles\nhttp://www.youtube.com/timedtext_video?ref=share&v=B78twl6LyUo\n\nHello Everyone from Saturday 10:30 am to 11:30 am\nI'm uploading ~ I'm getting content recommendation plus friend Honey Jenna\nPlease refer to the contents by all means ^ ^\n\nCacao TV channel: https: //goo.gl/MgEqLt\nKakaoTalk Plus Friends: Search))\nDaily life and mini-pig channel of Jenna: https: //goo.gl/kvZ6rl\nThe game channel of JaeA: https: //goo.gl/1bIQgo\nAfrica TV: http://afreecatv.com/ggulsuna\n\n👇詳細については、見るのご覧下さい👇\n\nまず、サブスクリプションに良いコメント回お願いします🐷\n\n住所：ソウル市江南区サムソンに547 BKタワー4階トレジャーハンター\n宛先：ブーブー・ソナ\n皆さんが送ってくださった贈り物は、映像にすると考えています☺不要アンウシヌン方は、連絡をいただくか書く！\n\n💕\nYouTubeの：水曜日、日曜日の夜10：30〜11：00から12:00\nスノー放送：毎日午後8時〜8時30分で9時〜9：30分（その他のランダム）\n\nSUNA Facebook：https://www.facebook.com/kyoung.jeon.92\nSUNA Instargram：https://www.instagram.com/ninanyny_/\nSUNA Twitch：https://www.twitch.tv/ggulsuna\nPayPal Support link：https：//goo.gl/SWRfel\n\n\n似たような音研究所映像を見に行く\n（似たような音研究所映像）\nhttps://goo.gl/PwTjPaアロエ揚げ音の研究\nhttps://goo.gl/cKjZSYドライアイス音の研究！\nhttps://goo.gl/qHYAUBセロリ揚げ音の研究！\n\nボリュームが大きい方だから、中間以下に聞くことをお勧めします！\n（声が小さく聞こえる程度の音量を一律にできなくて申し訳ありません！）\n\n映像字幕に行くリンク\nhttp://www.youtube.com/timedtext_video?ref=share&v=B78twl6LyUo\n\nこんにちはソナの音研究所です！毎週土曜日10：30〜11：30に\nアップロードされますよ〜コンテンツ推薦プラス友達ブーブー・ソナにさ​​れているので\nぜひコンテンツ推薦多くてください^^\n\nカカオtvチャンネル：https：//goo.gl/MgEqLt\nカカオトークプラスの友人：検索））ブーブー・ソナ\nソナの日常とミニピグチャンネル：https：//goo.gl/kvZ6rl\nソナのゲームチャンネル：https：//goo.gl/1bIQgo\nアフリカのTV：http://afreecatv.com/ggulsuna\nSUNA Facebook：https://www.facebook.com/kyoung.jeon.92\nSUNA Instargram：https://www.instagram.com/ninanyny_/\nSUNA Twitch：https://www.twitch.tv/ggulsuna\nPayPal Support link：https：//goo.gl/SWRfel\n\nクールなサウンド私溶岩作成Asmr [ソナの音研究所Asmr]ラバーランプ、（発泡ビタミン、ポッピングキャンディ）科学実験、ブーブー・ソナ、suna asmr ,,睡眠誘導、tingles、ホワイトノイズ、チングル、",
        "thumbnail": "https://i.ytimg.com/vi/B78twl6LyUo/mqdefault.jpg",
        "youtubeVideoId": "B78twl6LyUo",
        "uploadedDate": "2017-07-29T14:05:15Z",
        "viewCount": 0,
        "isCommercial": "False"
    },
    {
        "id": "6a253209-f340-4755-963a-54f1ff4f47ef",
        "title": "셀러리 튀기면 맛있을까?[소리연구소 ASMR]샐러리 이팅사운드,꿀꿀선아,suna asmr,,한국어 asmr,",
        "description": "안녕하세요 이번에는 새로운 컨셉의 컨텐츠\n[선아의 소리연구소]의 첫 영상\n\"셀러리 튀김\"이에요 ㅎㅎ찍다보니 맛을 연구하는게 되버렸네요!\n앞으로 매주 토요일 저녁 10:30~11:30 사이에 소리연구소 asmr\n을 올릴 예정이니 많이 보러오세요!\n안녕하세요 여러분!\n소리연구소라는 컨텐츠로 찾아와보았어요! 다양한 컨텐츠를 하려고 노력중이에요!\n오늘은 맛없는 셀러리를 튀기면 맛있어질까입니다!\n좋은 마음으로 지켜봐주셨으면 좋겠습니다ㅎㅎ 매주 토요일 10시30분에서 11시30분사이에 올라올거에요!\n주제 또는 컨텐츠추천은 카카오톡 플러스친구로 부탁드려요! 타임라인은 농업기술님 댓에!\n\nHello everyone!\nThis is the content of the sound research institute.\nToday, \"it will be yummy if you fry tasteless celery!\" \nIt will come between 10:30 p.m. and 11:30 p.m. every Saturday!\nSorry for the translation.\n\nこんにちはみなさん!\nasmr研究所とはコンテンツを訪れてみました! \n今日は\" 苦手 セロリをてんぷらておいしいなるだろうか \"となります。\n土曜日10時30分から11時30分の間に掲載されます。\n翻訳機なので、ごめんなさい\n\n\nTimeline/Zeitleiste English/German/日本語\n\n2:28 Fresh sellerie eating sound/Rohe Sellerie ess Geräusche /新鮮セロリ食事音\n\n11:19 Fry sound/Frittier Geräusch /フライ・サウンド\n\n13:16 Fried sellerie eating sound/frittierte Sellerie ess Geräusch /セロリのフライサウンド\n\n카카오 tv 채널:https://goo.gl/W4aUof\n카카오톡 플러스친구:검색))꿀꿀선아\n선아의 일상과 미니피그 채널:https://goo.gl/kvZ6rl\n선아의 게임채널:https://goo.gl/1bIQgo\n아프리카TV: http://afreecatv.com/ggulsuna\nSUNA Facebook: https://www.facebook.com/kyoung.jeon.92\nSUNA Instargram: https://www.instagram.com/ninanyny_/\nSUNA Twitch: https://www.twitch.tv/ggulsuna\nPayPal Support Rink :https://goo.gl/SWRfel",
        "thumbnail": "https://i.ytimg.com/vi/2WMQQJrbJ2E/mqdefault.jpg",
        "youtubeVideoId": "2WMQQJrbJ2E",
        "uploadedDate": "2017-07-22T14:31:26Z",
        "viewCount": 0,
        "isCommercial": "False"
    }
]