[
    {
        "id": "8eca24c0-4af7-43f2-b7f4-fe89a8b9352b",
        "title": "타로봤는데 내가... 유부남이 꼬일... 운명이라고?;;  [연애]",
        "description": "타로봤는데 내가... 유부남이 꼬일... 운명이라고?;;  [연애]\n\n#타로문 #연애타로 #전화타로\n――――――――――――――\n💜 인스타 :  https://www.instagram.com/somz_zi/\n💜 메일 :  ds02_28@naver.com \n――――――――――――――\n\n본 영상은 타로어플 \"타로문\"의 간접광고가 포함되어 있습니다. \n어플 링크 (ios) : https://apple.co/3a8ctdl \n어플 링크 (And) : http://bit.ly/2HXSDWr\n――――――――――――――\n안녕 애들아 랜선언니 솜찌야!!!\n연애 안한지 벌써 2년째.... \n올해는 연애를 할 수 있을까 싶어서 \n전화로 타로를 한번 봤는데,,,, \n3군대 전부 비슷한 이야기 하는거 실화냐구!!!!!!!!!!!!! \n쫌 신기하기도 하고,,, 놀랍기도 한 전화타로 본 후기~~~~!!!",
        "thumbnail": "https://i.ytimg.com/vi/9H75-g_hsmg/mqdefault.jpg",
        "youtubeVideoId": "9H75-g_hsmg",
        "uploadedDate": "2020-02-27T02:23:04Z",
        "viewCount": 5667,
        "isCommercial": "True"
    },
    {
        "id": "2850c606-01b5-4aff-b418-c7a9b96774ed",
        "title": "아무리 괜찮아도 내가 절대 만나지 않는 남자 [연애]",
        "description": "아무리 괜찮아도 내가 절대 만나지 않는 남자 [연애]\n\n――――――――――――――\n💜 인스타 :  https://www.instagram.com/somz_zi/\n💜 메일 :  ds02_28@naver.com \n――――――――――――――\n안녕 애들아 랜선언니 솜찌야!!!!\n오늘은 오랜만에 연애이야기를 준비했어 \n만나면 안되는 남자 알려달라는 댓글이 많아서 \n요번편 한번 찍어봤는데~~~~~~~~!!\n주관적일수도 있으니 언제나 참고만 하길 바라며\n오늘도 즐감!!!",
        "thumbnail": "https://i.ytimg.com/vi/cWA-jPgrXkg/mqdefault.jpg",
        "youtubeVideoId": "cWA-jPgrXkg",
        "uploadedDate": "2020-02-11T11:01:08Z",
        "viewCount": 12395,
        "isCommercial": "False"
    },
    {
        "id": "5ef95a21-dc94-4d58-a88a-5e0e86949882",
        "title": "처음 만난 소개남과 데이트하다가 그만... ｜서면핫플 데이트코스(ft.런닝맨체험관/놀이똥사ㄴ)  [VLOG]",
        "description": "처음 만난 소개남과 데이트하다가 그만... ｜서면핫플 데이트코스  [VLOG]\n\n#서면핫플 #데이트코스\n\n――――――――――――――\n💜 인스타 :  https://www.instagram.com/somz_zi/\n💜 메일 :  ds02_28@naver.com \n――――――――――――――\n안녕 애들아 랜선언니 솜찌야\n저번에 소개팅한거 기억나지? 많이들 기다렸던 2탄!!!! \n소개남이랑 본격 데이트 했는디...\n넘 친해져버렸지 모야,,,\nㅋㅋㅋㅋ부끄러운 소개팅영상 2탄 즐감!!!!!!!!\n\n――――――――――――――\n[서면 데이트코스]\n서면 런닝맨\n서면 놀이똥산 \n서면 서가앤쿡\n\n* 본 영상은 서면 런닝맨과 함께합니다 *",
        "thumbnail": "https://i.ytimg.com/vi/3dB-Ft1O-QA/mqdefault.jpg",
        "youtubeVideoId": "3dB-Ft1O-QA",
        "uploadedDate": "2019-11-14T08:20:35Z",
        "viewCount": 30216,
        "isCommercial": "True"
    },
    {
        "id": "68c7054b-e9be-4f3e-b0e9-60cc226d5db0",
        "title": "연애전문 유튜버는 실전에 강할까? | 몸좋은 연하남과 소개팅했습니다...ㅋㅋㅋㅋㅋㅋㅋㅋㅋ",
        "description": "연애유튜버가 몸좋은 헬스보이와 소개팅을 한다면? ｜언니떨고있니... \n#소개팅 #꺄\n\n ――――――――――――――\n💜 인스타 :  https://www.instagram.com/somz_zi/\n💜 메일 :  ds02_28@naver.com \n――――――――――――――\n안녕 애들아 랜선언니 솜찌야\n이번 콘텐츠는 말야... 많은 친구들이 언니는 연애 안해,,,?\n언닌 실제로 어떤지 궁금해,,,!!!!! 라는 말이 많아서 \n실전...으루..다가.... 소개팅을 해버렸지뭐야~~~~~~~~~~~~ \n근데 나  떨고있니...?^^....",
        "thumbnail": "https://i.ytimg.com/vi/GdQ-xaUu3so/mqdefault.jpg",
        "youtubeVideoId": "GdQ-xaUu3so",
        "uploadedDate": "2019-11-11T00:21:28Z",
        "viewCount": 11106,
        "isCommercial": "False"
    },
    {
        "id": "c99e6306-aaff-4860-adef-a6b005151f3a",
        "title": "좋아하는 사람 마음 불.지.피.는 설레는 장난 모음.zip [연애]",
        "description": "좋아하는 사람 마음 불.지.피.는 설레는 장난 모음.zip [연애]\n#설레는#장난#연애\n――――――――――――――\n💜 인스타 :  https://www.instagram.com/somz_zi/\n💜 메일 :  ds02_28@naver.com \n――――――――――――――\n\n안녕 애들아 랜선언니 솜찌야!!!!!! \n오늘은 라이브방송에서 궁금해하던 \n'은근슬쩍 달달~한 장난 치는 방법'에 대해서 가지고 왔어 \nㅋㅋㅋㅋㅋㅋㅋㅋㅋㅋ유치해도 재밌게 봐주라...^^",
        "thumbnail": "https://i.ytimg.com/vi/UBTcIOl9RWI/mqdefault.jpg",
        "youtubeVideoId": "UBTcIOl9RWI",
        "uploadedDate": "2019-10-27T15:14:28Z",
        "viewCount": 12079,
        "isCommercial": "False"
    },
    {
        "id": "8ce69082-52cd-4f9a-945c-9d462afc85af",
        "title": "이제는 말하겠습니다.. 죄송합니다.",
        "description": "이제는 말하겠습니다.. 죄송합니다.",
        "thumbnail": "https://i.ytimg.com/vi/rCeSa7ztu0M/mqdefault.jpg",
        "youtubeVideoId": "rCeSa7ztu0M",
        "uploadedDate": "2019-09-30T07:52:23Z",
        "viewCount": 21484,
        "isCommercial": "False"
    },
    {
        "id": "a96daabb-a6d7-468d-9fb0-76024307f7e2",
        "title": "내가 좋아하는 사람이 나를 안좋아하는 이유 [연애]",
        "description": "내가 좋아하는 사람이 나를 안좋아하는 이유 [연애]\n\n안녕 애들아 오늘은!!!!!\n왜 내가 관심 없어서 막 대한 애들은 날 좋아하고\n내가 좋아하는 사람은 나를 안좋아하는지에 대해 \n이야기를 나눠볼려고 해!!!!!! 오늘도.... 즐감 ㅠㅠ흑 \n\n――――――――――――――\n💜 인스타 :  https://www.instagram.com/somz_zi/\n💜 메일 :  ds02_28@naver.com \n――――――――――――――",
        "thumbnail": "https://i.ytimg.com/vi/RvOnOXS3lMM/mqdefault.jpg",
        "youtubeVideoId": "RvOnOXS3lMM",
        "uploadedDate": "2019-09-23T07:28:46Z",
        "viewCount": 19086,
        "isCommercial": "False"
    },
    {
        "id": "8aff086e-42bb-4580-8f53-c1bc0d1d9e0a",
        "title": "외로워서 사귀고 싶은지, 좋아서인지 구분하는 방법 [연애]",
        "description": "외로워서 사귀고 싶은지, 좋아서인지 구분하는 방법 [연애]――――――――――――――\n💜 인스타 :  https://www.instagram.com/somz_zi/\n💜 메일 :  ds02_28@naver.com \n――――――――――――――\n\n안녕 애들아 오늘은 저번 콘텐츠의 베댓이었던!!!!\n외로워서 이 사람과 사귀고 싶은건지,\n정말 이 사람이 좋아서 사귀고 싶은건지 \n구분하는 방법을 가지고 왔어!!!!! \n하지만 상황과 사람따라 다르기 때문에 정답은 없는 점 참고!!!!",
        "thumbnail": "https://i.ytimg.com/vi/I0UwUcALoRo/mqdefault.jpg",
        "youtubeVideoId": "I0UwUcALoRo",
        "uploadedDate": "2019-09-17T05:50:30Z",
        "viewCount": 44378,
        "isCommercial": "False"
    },
    {
        "id": "0ff098e6-a16b-4316-b6b0-08adb930a5a4",
        "title": "소개팅어플 성공확률 200% 올리는 4가지 방법 [연애]",
        "description": "#소개팅어플 #성공 확률 200% 올리는 4가지 방법 [연애] \n\n――――――――――――――\n💜 인스타 :  https://www.instagram.com/somz_zi/\n💜 메일 :  ds02_28@naver.com \n――――――――――――――\n안녕 애들아 랜선언니 솜찌야\n오늘은 소개팅어플 사용하는 사람들을 위해서 \n소개팅 어플 성공확률 올리는 꿀팁들을 가지고 왔어 \n그럼 오늘도 즐_감 ^^ \n\n――――――――――――――\n\n ✨ 상의 - 리리앤코",
        "thumbnail": "https://i.ytimg.com/vi/O3ufIigEvIc/mqdefault.jpg",
        "youtubeVideoId": "O3ufIigEvIc",
        "uploadedDate": "2019-09-09T02:42:40Z",
        "viewCount": 6507,
        "isCommercial": "False"
    },
    {
        "id": "c0100779-f75f-415d-9c79-5583e1a1f837",
        "title": "연락만으로 완.전 매력있게 느껴지는 방법 [랜선언니]",
        "description": "연락만으로 완.전 매력있게 느껴지는 방법 [랜선언니] \n\n안녕애들아 랜선언니 솜찌야!!!!\n오늘은 저번시간에 말했던 연락만해도 와...\n진짜 매력있네 이상하게 끌린다!!!!!!!!\n싶게 만드는 연락 방법을 가지고 왔어 \n\n ✨오늘 영상이 유익하다면 ✨\n 좋아요. 구독. 알림설정 알지!!! \n\n――――――――――――――\n💜 인스타 :  https://www.instagram.com/somz_zi/\n💜 메일 :  ds02_28@naver.com \n――――――――――――――",
        "thumbnail": "https://i.ytimg.com/vi/6IEo3L9fm1Q/mqdefault.jpg",
        "youtubeVideoId": "6IEo3L9fm1Q",
        "uploadedDate": "2019-09-05T00:23:23Z",
        "viewCount": 513021,
        "isCommercial": "False"
    },
    {
        "id": "41e52bdd-1e42-4fe7-bfc9-3080f7439932",
        "title": "남자가 진심인지 스킨십 목적인지 구분하는 방법 [랜선언니]",
        "description": "남자가 진심인지 스킨십 목적인지 구분하는 방법 [랜선언니]\n\n안녕 애들아!! 랜선언니 솜찌야\n오늘은.... 드디어 찍어보는...영상....\n남자가 진심인지, 나랑 한번 해볼려고 하는건지 구분하는 방법을 가지고 왔어! 물론 이번 이야기도 상황, 사람따라 다른 점 참고하고!!\n즐감!!!!!!!!!!\n\n――――――――――――――\n💜 인스타 :  https://www.instagram.com/somz_zi/\n💜 메일 :  ds02_28@naver.com \n――――――――――――――\n✨정보✨\n귀걸이 : 귤팩토리 \n상의 : 서울스토어 스컬프터",
        "thumbnail": "https://i.ytimg.com/vi/Rol2igYqDgs/mqdefault.jpg",
        "youtubeVideoId": "Rol2igYqDgs",
        "uploadedDate": "2019-08-20T11:52:13Z",
        "viewCount": 46523,
        "isCommercial": "False"
    },
    {
        "id": "38397ec8-a967-45a4-aca5-7dfedcd9c6d4",
        "title": "연락두절에서 칼답으로 만들 수 있는 연락법 총.정.리 [랜선언니]",
        "description": "설명",
        "thumbnail": "https://i.ytimg.com/vi/RC-1cefLMjs/mqdefault.jpg",
        "youtubeVideoId": "RC-1cefLMjs",
        "uploadedDate": "2019-08-09T00:25:18Z",
        "viewCount": 174869,
        "isCommercial": "False"
    },
    {
        "id": "fcc683b9-8703-49bb-8d9e-bdd1ac55d19a",
        "title": "(달달함 주의)어플로 훈훈한 동네친구를 사겼는데... [랜선언니]",
        "description": "(달달함 주의)어플로 동네친구를 만들었는데... [랜선언니]\n#동네친구 #위피 #썸\n――――――――――――――\n✨ 동네친구 만들기 위피 어플 다운✨  \nhttp://bit.ly/2MAKjiN\n――――――――――――――\n이 영상은 유료광고를 포함하고 있습니다.\n\n안녕 애들아 랜선언니 솜찌야!\n오늘은 페북, 유튜브에서 핫하다는 \n동네친구 만들어주는 '위피' 어플로 동네친구를 만들어봤어 \n(동네친구 맞...나?ㅋㅋㅋㅋㅋㅋㅋㅋㅋㅋ) \n\n\n―――――――――――――\n💜 인스타 :  https://www.instagram.com/somz_zi/\n💜 메일 :  ds02_28@naver.com \n――――――――――――――\n✨가디건 - 메롱샵 송송시원하게 \n✨니트 - 메롱샵 플레인 골지카라",
        "thumbnail": "https://i.ytimg.com/vi/3xzdYwSJb28/mqdefault.jpg",
        "youtubeVideoId": "3xzdYwSJb28",
        "uploadedDate": "2019-08-05T05:31:00Z",
        "viewCount": 31699,
        "isCommercial": "True"
    },
    {
        "id": "ac331a59-7e86-4c9f-9aa2-81e5cc81e1b9",
        "title": "좋아해서 사귀자고 하는건지 외로워서인지 구분하는 방법  [랜선언니]",
        "description": "좋아해서 사귀자고 하는건지 외로워서인지 구분하는 방법  [랜선언니]\n\n――――――――――――――\n💜 인스타 :  https://www.instagram.com/somz_zi/\n💜 메일 :  ds02_28@naver.com \n――――――――――――――\n안녕 애들아 랜선언니 솜찌야!!!!\n오늘의 주제는 이상하게.... 날 좋아하는게 아니라 \n그냥 빨리 이성과 연애를 하고싶어하는 '외로워서' 연애 하려는 \n사람들의 특징을 가지고 왔어 \n\n언제까지나 내 생각이 담긴 주관적인 내용이며\n오늘 내용은 함께 나눠봤으면 좋겠어!!!!",
        "thumbnail": "https://i.ytimg.com/vi/iyRR7O4I4Aw/mqdefault.jpg",
        "youtubeVideoId": "iyRR7O4I4Aw",
        "uploadedDate": "2019-08-02T01:58:11Z",
        "viewCount": 12882,
        "isCommercial": "False"
    },
    {
        "id": "32732d14-ee4a-4e96-93c8-3cbdbeb8e02e",
        "title": "절.대 만나면 안되는 남자 & 여자 유형 5가지 [랜선언니]",
        "description": "절.대 만나면 안되는 남자 & 여자 유형 5가지 [랜선언니]\n\n안녕 애들아 랜선언니 솜찌야\n오늘은!!!! 절대 사귀면 안되는 남자, 여자\n유형 5가지를 가지고 왔어 오늘도 즐감!!",
        "thumbnail": "https://i.ytimg.com/vi/cqK5V0H_Wlo/mqdefault.jpg",
        "youtubeVideoId": "cqK5V0H_Wlo",
        "uploadedDate": "2019-07-26T05:35:40Z",
        "viewCount": 23276,
        "isCommercial": "False"
    },
    {
        "id": "ef62137b-288f-44c4-8afb-96726e967337",
        "title": "연상 꼬시는 법 [랜선언니]",
        "description": "안녕 애들아 랜선언니 솜찌야 \n오늘은 라이브 방송에서 많이 물어보던 질문!\n연상에게 어떻게 다가가야 할까요? 에 대한 \n영상을 찍어봤어 \n\n컨셉상 반말 사용하는점 양해 바라고 \n좋아요 구독 알람설정하고 영상 보기~~~~!",
        "thumbnail": "https://i.ytimg.com/vi/rfWT9_S_J8g/mqdefault.jpg",
        "youtubeVideoId": "rfWT9_S_J8g",
        "uploadedDate": "2019-07-18T07:46:30Z",
        "viewCount": 12999,
        "isCommercial": "False"
    },
    {
        "id": "a2763e3e-2582-4d1a-9744-e43e316ddb64",
        "title": "당신에게 관심이 없다는 확실한 신호 2가지 [랜선언니]",
        "description": "안녕 애들아 랜선언니 솜찌야 \n오늘은 라이브에서 다뤘던 내용을 갖구왔어 \n상대가 나한테 관심이 있나.. 없나 헷갈릴때 \n관심이 없다는 신호에 대해 이야기 해볼려구해!!!!!\n오늘도 영상이 유익했다면 좋아요와 구독을~~~!~",
        "thumbnail": "https://i.ytimg.com/vi/ZcQFCxY8fHc/mqdefault.jpg",
        "youtubeVideoId": "ZcQFCxY8fHc",
        "uploadedDate": "2019-07-09T15:04:42Z",
        "viewCount": 90655,
        "isCommercial": "False"
    },
    {
        "id": "1bfe2bdc-aadf-4521-8e74-9a62836ff699",
        "title": "마음에 드는 이성 만나는 방법 [랜선언니]",
        "description": "마음에 드는 이성 만나는 방법 [랜선언니]\n\n안녕 애들아 랜선언니 솜찌야\n오랜만에 라이브 했는데!!!!!!!! 라이브에서 제일 많이 나왔던... \n대체 어디서 남자, 여자를 만나느냐 에 대한 주제로 영상을 찍어봤어\n마음에 드는 인연을 만나는 방법은 생각보다 간.단.하.다",
        "thumbnail": "https://i.ytimg.com/vi/NBxY3T74gJU/mqdefault.jpg",
        "youtubeVideoId": "NBxY3T74gJU",
        "uploadedDate": "2019-07-09T13:08:33Z",
        "viewCount": 13048,
        "isCommercial": "False"
    },
    {
        "id": "7da77736-2611-4479-b05c-0b716180df77",
        "title": "인생을 살아갈 때 꼭 필요한 마인드(ft.연애와 인간관계)  [랜선언니]",
        "description": "인생을 살아갈 때 꼭 필요한 마인드(ft.연애와 인간관계)  [랜선언니]\n\n안녕 애들아 오늘은!!!!\n특히 연애나 인간관계 때문에 힘들어하는 친구들을 위해서\n인생을 살아갈 때 필요한 마인드에 대해 이야기 나눠볼려고 해\n물론 이건 각자의 정답 중 나의 정답일뿐이니 \n오늘도 영상 재밌게 봐줘!!!",
        "thumbnail": "https://i.ytimg.com/vi/u83MbiOwOJA/mqdefault.jpg",
        "youtubeVideoId": "u83MbiOwOJA",
        "uploadedDate": "2019-06-28T09:53:48Z",
        "viewCount": 6895,
        "isCommercial": "False"
    },
    {
        "id": "1bec7104-4497-4315-b3e0-4c9968662c7e",
        "title": "좋아하는 사람에게 연락오게 만드는 방법 [랜선언니]",
        "description": "좋아하는 사람에게 연락오게 만드는 방법 [랜선언니]\n\n안녕 애들아 오늘 랜선언니는~~~~~~~~~!\n좋아하는 사람에게 연락 오게 만드는 아.주.쉬.운 방법^^!!\n별로 관심 없던 애라도 이렇게 행동한다면 \n어???!!! 뭐지???? 하면서 엄청 헷갈릴듯 ㅠㅠ",
        "thumbnail": "https://i.ytimg.com/vi/9aT-GJC5Dj0/mqdefault.jpg",
        "youtubeVideoId": "9aT-GJC5Dj0",
        "uploadedDate": "2019-06-26T02:37:46Z",
        "viewCount": 20088,
        "isCommercial": "False"
    },
    {
        "id": "bcfaecf1-ebe5-4b56-b6f0-e4e9459e1749",
        "title": "썸타던 이성이 연락을 끊어버리는 이유 [랜선언니]",
        "description": "",
        "thumbnail": "https://i.ytimg.com/vi/eROZneUWxkc/mqdefault.jpg",
        "youtubeVideoId": "eROZneUWxkc",
        "uploadedDate": "2019-06-20T15:39:32Z",
        "viewCount": 9163,
        "isCommercial": "False"
    },
    {
        "id": "8573db18-703a-4948-9454-b52a9fd94ee5",
        "title": "남자 없이 못살던 내가 이성을 끊게 된 계기와 현재 삶 [랜선언니]",
        "description": "남자 없이 못살던 내가 이성을 끊게 된 계기와 현재 삶 [랜선언니]\n\n안녕 애들아 오늘은 조오금 진솔한 이야기를 준비했어\n매번 환승 이별을 반복하는 사람, 항상 연락하는 사람이 있어야 하는 사람 등 이성이 항상 있어야 되는 사람들이 이 영상을 보면 도움이 될 것 같아 그럼 오늘도 즐감!!!!",
        "thumbnail": "https://i.ytimg.com/vi/uTE33v52YA8/mqdefault.jpg",
        "youtubeVideoId": "uTE33v52YA8",
        "uploadedDate": "2019-06-19T03:06:28Z",
        "viewCount": 14755,
        "isCommercial": "False"
    },
    {
        "id": "83f0a693-01b9-45bc-a237-a32a8ccd66f6",
        "title": "상대를 안달나게하는 매력있는 사람이 되는법 [랜선언니]",
        "description": "상대를 안달나게하는 매력있는 사람이 되는법 [랜선언니\n\n안녕 애들아 오늘으으응으은!!!!!!!!!!!!!!!!! \n앉아서만 하던 스튜디오 방식을 떠나 야외촬영도 해보고, 주변에 전화도 해보면서 다채롭게 찍은 영상이야\n새로운 시도를 해봤는데... 어떨련지...^^ \n울 동생들 그럼 이 영상보고 매력 업구레이드,,,,,!",
        "thumbnail": "https://i.ytimg.com/vi/Xssp_Rr7UwE/mqdefault.jpg",
        "youtubeVideoId": "Xssp_Rr7UwE",
        "uploadedDate": "2019-06-12T07:01:20Z",
        "viewCount": 34530,
        "isCommercial": "False"
    },
    {
        "id": "e69ac236-1587-461d-b916-42dc4ad28fbf",
        "title": "썸일때 절대 해서는 안되는 배려 [랜선언니]",
        "description": "썸일때 절대 해서는 안되는 배려 [랜선언니]\n\n안녕 애들아 랜선언니 솜찌야~!\n오늘은 썸일때, 짝사랑 할때 특히 해서는 안되는 말!!\n에 대해서 가지고 왔어!! 오늘도 즐감 !!",
        "thumbnail": "https://i.ytimg.com/vi/Fu80aLt3vJ8/mqdefault.jpg",
        "youtubeVideoId": "Fu80aLt3vJ8",
        "uploadedDate": "2019-06-03T06:45:14Z",
        "viewCount": 71035,
        "isCommercial": "False"
    },
    {
        "id": "4a5aa951-3472-4ced-902a-b7b4da648cab",
        "title": "Private video",
        "description": "This video is private.",
        "thumbnail": null,
        "youtubeVideoId": "8aSpdsYRUVk",
        "uploadedDate": "2019-05-10T08:13:55Z",
        "viewCount": 0,
        "isCommercial": "False"
    },
    {
        "id": "59e99e3b-9162-40ff-a63b-52b6b525a174",
        "title": "상대에게 호감을 주는 아주 쉬운 대화법 [랜선언니]",
        "description": "상대에게 호감을 주는 아주 쉬운 대화법 [랜선언니]\n\n오늘은 라이브 시간에 나왔던, 상대에게 아주 쉽게\n호감을 줄 수 있는 대화 방법을 가지고 왔어!!!\n아주 쉽게 누구나 따라할 수 있음!!",
        "thumbnail": "https://i.ytimg.com/vi/4Y2tFSthOis/mqdefault.jpg",
        "youtubeVideoId": "4Y2tFSthOis",
        "uploadedDate": "2019-05-06T07:52:43Z",
        "viewCount": 25660,
        "isCommercial": "False"
    },
    {
        "id": "acebb58b-e3bb-4d38-a730-27f428e98ee5",
        "title": "이런 말 하는 사람은 믿고 걸러라(ft.썸) [랜선언니]",
        "description": "이런 말 하는 사람은 믿고 걸러라(ft.썸) [랜선언니]\n\n안녕 애들아 오늘은!!\n이런 말 하는 사람은 걸러라~~~~! 편을 가지고 왔어\n물론 100% 적용되는 말은 없고, 항상 사람따라 상황 따라 다른거 알지? 오늘도 즐감ㅎㅎ",
        "thumbnail": "https://i.ytimg.com/vi/oIOyQTL9qmk/mqdefault.jpg",
        "youtubeVideoId": "oIOyQTL9qmk",
        "uploadedDate": "2019-04-26T04:56:40Z",
        "viewCount": 23982,
        "isCommercial": "False"
    },
    {
        "id": "7ad75ec3-755c-493e-98d6-1ff4685434b1",
        "title": "(외모X)이상하게 매력있는 사람들의 특징 [랜선언니]",
        "description": "(외모X)이상하게 매력있는 사람들의 특징 [랜선언니] \n\n안녕하세요 솜찌입니다\n이번 랜선언닌..... 저의 약간 흑역사가 될지도모를.....^^\n특별한 랜선언니편을 준비했습니다\n이상하게 뭔가... 매력 있는 사람들의 특징은?!",
        "thumbnail": "https://i.ytimg.com/vi/qYMSXWW4Gjk/mqdefault.jpg",
        "youtubeVideoId": "qYMSXWW4Gjk",
        "uploadedDate": "2019-04-22T09:05:05Z",
        "viewCount": 42987,
        "isCommercial": "False"
    },
    {
        "id": "e9f1d0b1-d484-4b8c-a90d-3fcb5476aa97",
        "title": "ENG) 나한테 이런 행동을 한다면 99% 관심 있다 [랜선언니]",
        "description": "나한테 이런 행동을 한다면 99% 관심 있다 [랜선언니] \n\n안녕 애들아 랜선언니 솜찌~야~\n오늘은 좋아하는지... 관심 있는지 헷갈릴 때!!! \n딱 알 수 있는 방법을 가지고 왔어!!!",
        "thumbnail": "https://i.ytimg.com/vi/Im8UCtsaWM0/mqdefault.jpg",
        "youtubeVideoId": "Im8UCtsaWM0",
        "uploadedDate": "2019-04-08T07:38:35Z",
        "viewCount": 0,
        "isCommercial": "False"
    },
    {
        "id": "bfd2317b-9e4b-4eb0-887d-2f5ff377c31e",
        "title": "의외로 여자들이 싫어하는 남자 행동(ft.설렘) [랜선언니]",
        "description": "의외로 여자들이 싫어하는 남자 행동(ft.설렘) [랜선언니]\n\n안녕 애들아 오늘은 울 남동생들을 위해서!!!!\n의~외로 여자들이 싫어하는 남자 행동을 가지고 왔어 \n오늘도 즐감!!!!",
        "thumbnail": "https://i.ytimg.com/vi/dbFD4Grku00/mqdefault.jpg",
        "youtubeVideoId": "dbFD4Grku00",
        "uploadedDate": "2019-04-08T07:38:09Z",
        "viewCount": 0,
        "isCommercial": "False"
    },
    {
        "id": "da21e990-72a9-4e47-b8fd-28265d17ab72",
        "title": "괜찮았던 사람들이 했던 공통적인 행동 2가지  [랜선언니]",
        "description": "괜찮았던 사람들이 했던 공통적인 행동 2가지  [랜선언니]\n\n안녕 애들아 오늘은!!!!\n매너 좋고 배려 많은 사람들이 했던 공통적인 행동 2가지를 \n가지고 왔어!!!!! 물론 정답은 없겠지만, 어느정도 참고하면 좋을듯!",
        "thumbnail": "https://i.ytimg.com/vi/9YMgoC36Njk/mqdefault.jpg",
        "youtubeVideoId": "9YMgoC36Njk",
        "uploadedDate": "2019-04-08T07:37:36Z",
        "viewCount": 0,
        "isCommercial": "False"
    },
    {
        "id": "ba19352e-1c53-42a7-a37c-49aae737043d",
        "title": "호감에서 좋아함으로 무조건 발전시킬 수 있는 방법 [랜선언니]",
        "description": "호감에서 좋아함으로 무조건 발전시킬 수 있는 방법 [랜선언니]\n\n안녕 애들아 오늘은\n저번시간에 말했던!! 호감, 관심에서 좋아함으로 \n발전시킬 수 있는 방법을 가지고 왔어!!!!\n오늘도 영상 즐.감 하구 언제든 댓글 남겨조요",
        "thumbnail": "https://i.ytimg.com/vi/uVWqia2QxvY/mqdefault.jpg",
        "youtubeVideoId": "uVWqia2QxvY",
        "uploadedDate": "2019-03-29T04:15:22Z",
        "viewCount": 0,
        "isCommercial": "False"
    },
    {
        "id": "6a7fff45-ff57-4085-8aa4-d29fa7220953",
        "title": "관심? 좋아함? 어장? 확실한 정리 [랜선언니]",
        "description": "관심? 좋아함? 어장? 확실한 정리 [랜선언니]\n\n상대가 나에게 관심 있어하는지, 좋아하는지\n혹은 어장인지 헷갈리는 사람들을 위해 \n관심 좋아함 어장에 대한 정의와 정리를 다뤄봤습니다!!!",
        "thumbnail": "https://i.ytimg.com/vi/Kuz_Y56KJRQ/mqdefault.jpg",
        "youtubeVideoId": "Kuz_Y56KJRQ",
        "uploadedDate": "2019-03-29T04:15:00Z",
        "viewCount": 0,
        "isCommercial": "False"
    },
    {
        "id": "2e1e5884-e1c2-4373-aa62-ffade458bb91",
        "title": "'이것'만 빼면 참 괜찮은 사람인데(ft.사실 제일 큰 문제) [랜선언니]",
        "description": "'이것'만 빼면 괜찮은 사람인데(ft.사실 제일 큰 문제) [랜선언니]\n\n안녕 애들아 오늘은 한번쯤 생각해 본 고민!!\n하.. 이사람 이거만 빼면 참 괜찮...은 사람인데... 싶을때!!!!!!\n객관적으로 판단해 볼 수 있는 방법",
        "thumbnail": "https://i.ytimg.com/vi/O9fTYYWJi68/mqdefault.jpg",
        "youtubeVideoId": "O9fTYYWJi68",
        "uploadedDate": "2019-02-20T11:25:45Z",
        "viewCount": 0,
        "isCommercial": "False"
    },
    {
        "id": "4f0d2f2f-db09-427f-8540-e3b981baf851",
        "title": "상대방을 두큰두근하게 하는.... 설레는 스킬 최초공개 [랜선언니]",
        "description": "상대방을 두큰두근하게 하는.... 설레는 스킬 최초공개 [랜선언니] \n\n안뇽 애들아 오늘은 항상 우리 친구들이 하는 질문\n좋아하는 사람이 날 좋아하게끔!!! 하는 방법에대해\n조금이나마 도움 될 만한 설레는 스킬을 가지고 왔어\n오늘도 즐^^감",
        "thumbnail": "https://i.ytimg.com/vi/8hqJmeWvj_A/mqdefault.jpg",
        "youtubeVideoId": "8hqJmeWvj_A",
        "uploadedDate": "2019-02-11T01:46:30Z",
        "viewCount": 0,
        "isCommercial": "False"
    },
    {
        "id": "f20ed663-92d0-4537-8aff-37e15069f990",
        "title": "상대를 확 끌어당기는 센스 있는 사람 되는 법 [랜선언니]",
        "description": "상대를 확 끌어당기는 센스 있는 사람 되는 법 [랜선언니]\n\n아주 쉽게 호감을 올릴 수 있고 상대를 끌어당길 수 있는\n기본중에 기본! 센스있는 사람 되는 법\n사실 센스라는 말은 아주 다양한 뜻이 있겠지만 \n그 중 우리가 연애에서 말하는 센스라는 부분은 \n사실 배려라고 생각해 그럼 오늘도 랜선언니 즐-감!",
        "thumbnail": "https://i.ytimg.com/vi/4UUoAXKJQc0/mqdefault.jpg",
        "youtubeVideoId": "4UUoAXKJQc0",
        "uploadedDate": "2019-02-05T15:04:04Z",
        "viewCount": 0,
        "isCommercial": "False"
    },
    {
        "id": "589ee795-cf77-44c1-985a-7872d58e60a3",
        "title": "\"난 귀여워\" 은근히 어필하는 쉬운 방법 [랜선언니]",
        "description": "\"난 귀여워\" 은근히 어필하는 쉬운 방법 [랜선언니]\n\n대놓고 귀여운거말구 \n은근히 귀여운걸 어필하는 방~법",
        "thumbnail": "https://i.ytimg.com/vi/LPQ8M704Bj8/mqdefault.jpg",
        "youtubeVideoId": "LPQ8M704Bj8",
        "uploadedDate": "2019-02-01T10:24:18Z",
        "viewCount": 0,
        "isCommercial": "False"
    },
    {
        "id": "8bab1666-8f35-4269-a11b-515d621f6587",
        "title": "의외로 많은 사람이 이것때문에 연애를 못한다 [랜선언니]",
        "description": "의외로 많은 사람이 이것때문에 연애를 못한다 [랜선언니]\n\n멀쩡해보이는 사람이 솔로인경우가 많은데 \n의외로.. 많은 사람이 이 이유때문에 연애를 못...하거나 안하는듯\n오늘은 멀쩡해보이는데 연애를 못(?)하거나 안하는 이유에 대해서 같이 이야기 나눠볼려구 한.다^^",
        "thumbnail": "https://i.ytimg.com/vi/X1UOSZCevII/mqdefault.jpg",
        "youtubeVideoId": "X1UOSZCevII",
        "uploadedDate": "2019-01-25T01:30:01Z",
        "viewCount": 0,
        "isCommercial": "False"
    },
    {
        "id": "5e7eb8df-215c-47d3-ad11-3c477aa288ec",
        "title": "연애하기 전 절대 해서는 안되는 말(ft. 썸 안녕) [랜선언니]",
        "description": "연애하기 전 절대 해서는 안되는 말(ft. 썸 안녕) [랜선언니]\n\n흔히 상대방의 마음을 떠보기 위해서 이런 행동들을 많이 하는데\n연애 하기 전 절대 해서는 안되는 행동이 있다구...?\n썸일때 제발 이러지 마세요 ㅠ.ㅠ",
        "thumbnail": "https://i.ytimg.com/vi/tHI0prEux38/mqdefault.jpg",
        "youtubeVideoId": "tHI0prEux38",
        "uploadedDate": "2019-01-21T05:43:24Z",
        "viewCount": 0,
        "isCommercial": "False"
    },
    {
        "id": "565fb0d6-b4f5-4ea8-a8d7-88533fc95799",
        "title": "자기전에 내생각 나게 만드는 아주 쉬운 방법 [랜선 언니]",
        "description": "자기전에 내생각 나게 만드는 아주 쉬운 방법 [랜선 언니]\n\n안녕 애들아 오늘은 썸남 썸녀에게\n내 생각 나게만드는 방법들을 가지고 왔어!!!!!! \n아주 쉬우니까.. 한번..ㅎㅎ...",
        "thumbnail": "https://i.ytimg.com/vi/R6pXV03_H3g/mqdefault.jpg",
        "youtubeVideoId": "R6pXV03_H3g",
        "uploadedDate": "2019-01-13T09:53:51Z",
        "viewCount": 0,
        "isCommercial": "False"
    },
    {
        "id": "76f9ac47-7659-49d1-8edf-4f6c3737a5ac",
        "title": "전혀 안친한 사람에게 호감을 얻는 방법 [랜선언니]",
        "description": "전혀 안친한 사람에게 호감을 얻는 방법 [랜선언니]\n\n안녕 애들아 오늘은!!!!\n1도 안친한 이성에게 자연스럽게 다가가는 방법과\n더 나아가서 호감을 얻는 방법에 대해  \n이야기를 나눠볼려고해 오늘도 즐~감~!",
        "thumbnail": "https://i.ytimg.com/vi/7BCcs8LmSbU/mqdefault.jpg",
        "youtubeVideoId": "7BCcs8LmSbU",
        "uploadedDate": "2019-01-09T07:31:28Z",
        "viewCount": 0,
        "isCommercial": "False"
    },
    {
        "id": "69f82344-5ae5-4dcc-82cf-bc0c9dbd1958",
        "title": "25년동안 이성을 만나며 느낀 연애의 25가지 깨달음 [랜선언니]",
        "description": "25년동안 이성을 만나며 느낀 연애의 25가지 깨달음 [랜선언니]\n\n안녕 애들아 오늘은 내가 새해를 맞이해서\n25년동안 살면서 느낀 연애에 대한 몇가지 깨달음(?)을 \n가지고 왔어 개인적인 생각이니까 참고만 했으면 좋겠고\n그치만 도움이 좀 될 것 같다 히히",
        "thumbnail": "https://i.ytimg.com/vi/VHG8004_jRc/mqdefault.jpg",
        "youtubeVideoId": "VHG8004_jRc",
        "uploadedDate": "2019-01-04T13:56:50Z",
        "viewCount": 0,
        "isCommercial": "False"
    },
    {
        "id": "0ec80555-1a01-42b3-bbe4-4ee644eab125",
        "title": "여자에게 아주 쉽게 감동주는 대화 스킬(ft.섬세한 남자) [랜선언니]",
        "description": "여자에게 아주 쉽게 감동주는 대화 스킬(ft.섬세한 남자) [랜선언니]\n\n오늘은 우리 남자 동생들을 위해서 \n카톡으로 대화할때 아주 쉽게 상대방에게 감동 줄 수 있는 스킬을 가지고 왔어!!!!!!!!!!!!!!! 이 방법만 알면 섬세한 남자가 될 수 있다",
        "thumbnail": "https://i.ytimg.com/vi/jEG3rLq_tkM/mqdefault.jpg",
        "youtubeVideoId": "jEG3rLq_tkM",
        "uploadedDate": "2018-12-18T14:51:23Z",
        "viewCount": 0,
        "isCommercial": "False"
    },
    {
        "id": "099ed857-1631-47e8-b65b-7e10c9323108",
        "title": "이성에게 대놓고 물어보기 힘든 질문은 이렇게 하세요 [랜선언니]",
        "description": "이성에게 대놓고 물어보기 힘든 질문은 이렇게 하세요 [랜선언니]\n\n안뇽 애드라 오늘은!!! 뭔가 상대방이 남친이 있는지\n여친이 있는지 궁금한데 대놓고 물어보긴 쪼!!끔 그럴때\n은근히 물어보는 방법을 가지고 왔따룽",
        "thumbnail": "https://i.ytimg.com/vi/8j9gtng3kg0/mqdefault.jpg",
        "youtubeVideoId": "8j9gtng3kg0",
        "uploadedDate": "2018-12-16T14:37:18Z",
        "viewCount": 0,
        "isCommercial": "False"
    },
    {
        "id": "5c7996d8-807b-4adb-ae82-e6ea50b920ae",
        "title": "99% 사람들은 \"이것\"에 반한다... [랜선언니]",
        "description": "99% 사람들은 \"이것\"에 반한다... [랜선언니]\n\n언니!! 내가 좋아하는 사람이 어떻게 날 좋아하게햬????\n정말 수도 없이 많이 들은 이 질문에 대답할게 \n대부분의 사람들이 반하게 되는 포인트",
        "thumbnail": "https://i.ytimg.com/vi/7kQwgZRvzwA/mqdefault.jpg",
        "youtubeVideoId": "7kQwgZRvzwA",
        "uploadedDate": "2018-12-15T12:53:36Z",
        "viewCount": 0,
        "isCommercial": "False"
    },
    {
        "id": "a741d62f-1266-490a-912b-d5172a625b2b",
        "title": "좋아하는 사람과 사귀고 싶다면 \"이것\"부터  [랜선언니]",
        "description": "좋아하는 사람과 사귀고 싶다면 \"이것\"부터  [랜선언니]\n\n짝사랑한 상대, 좋아하는 사람이 날 좋아하게 만들고 싶다면 \n이것부터 시작해야한다! 상대방이 이상형과 취향을 아는 방법",
        "thumbnail": "https://i.ytimg.com/vi/PEWd9lGqF9M/mqdefault.jpg",
        "youtubeVideoId": "PEWd9lGqF9M",
        "uploadedDate": "2018-12-14T06:14:00Z",
        "viewCount": 0,
        "isCommercial": "False"
    },
    {
        "id": "688eb1e1-31a4-4b13-a248-ed7bc6c70728",
        "title": "상대의 머릿속에 강렬한 인상과 매력 남기는법 [랜선언니]",
        "description": "상대의 머릿속에 강렬한 인상과 매력 남기는법 [랜선언니]\n\n안녕 애드라\n오늘은 상대방한테 내가 콕콕 기억에 남도록,\n내가 좀 특별한 사람이 되도록 하는 방법을 가지고 왔어 \n상대방의 머릿속에 내생각! 나의매력!으로 채우는 법",
        "thumbnail": "https://i.ytimg.com/vi/ys6luVTOcfY/mqdefault.jpg",
        "youtubeVideoId": "ys6luVTOcfY",
        "uploadedDate": "2018-12-10T04:07:23Z",
        "viewCount": 0,
        "isCommercial": "False"
    },
    {
        "id": "d9981aa9-7579-4bd0-b80d-0eee62345666",
        "title": "매력 없는 사람들의 공통적인 특징(ft. 매력적인 사람이 되려면) [랜선언니]",
        "description": "매력 없는 사람들의 공통적인 특징(ft. 매력적인 사람이 되려면) [랜선언니]\n\n안뇽 애드라 오늘은 매력 없는 사람들의 공통적인 특징과\n어떻게 하면 매력을 높일 수 있는지를 가지고 왔어\n오늘도 즐감!!",
        "thumbnail": "https://i.ytimg.com/vi/0OK4FdPeFfQ/mqdefault.jpg",
        "youtubeVideoId": "0OK4FdPeFfQ",
        "uploadedDate": "2018-12-09T12:25:37Z",
        "viewCount": 0,
        "isCommercial": "False"
    },
    {
        "id": "f2cf2ebb-142b-49b4-93a4-0804006fe01d",
        "title": "상대가 고백 안하는 이유 (TIP.고백 받는 방법) [랜선언니]",
        "description": "상대가 고백 안하는 이유 (TIP.고백 받는 방법) [랜선언니] \n\n안뇽 애드라 오늘은 언니가!!!!!!\n나랑 연락 잘하고 썸인것같은 그 사람이!!!\n고백은 왜!!! 안하는지!!!! 그 이유를 가지고 왔다\n덤으로 고백 받는 방법까지 ㅎㅎ",
        "thumbnail": "https://i.ytimg.com/vi/_aZk-Oho_0U/mqdefault.jpg",
        "youtubeVideoId": "_aZk-Oho_0U",
        "uploadedDate": "2018-12-06T14:26:48Z",
        "viewCount": 0,
        "isCommercial": "False"
    },
    {
        "id": "474f50cf-8499-4010-8269-974c54cb2760",
        "title": "당신이 모태솔로인 이유.... 무려 5가지 [랜선언니]",
        "description": "당신이 모태솔로인 이유.... 무려 5가지 [랜선언니] \n\n나 왜 연애고자야..?왜 연애를 못해 언니?!!!\n모쏠이라고 말하기 부끄러워... 하는 동생들을 위해\n모태솔로인 이유 5가지를 파헤쳐본다",
        "thumbnail": "https://i.ytimg.com/vi/d2Ekm3hlWeg/mqdefault.jpg",
        "youtubeVideoId": "d2Ekm3hlWeg",
        "uploadedDate": "2018-11-28T13:46:14Z",
        "viewCount": 0,
        "isCommercial": "False"
    }
]