[
    {
        "id": "a1772d75-9e74-4110-a95b-716b9a2b0ecb",
        "title": "ASMR 귀 마이크 처음 본 친구 상황극 ( 장난끼 주의 ) / 위스퍼링 수다 많이 / 장난끼 가득 / 귀청소 , 귀마사지 , 귀탭핑 , 이어블로잉  Earcleaning RP",
        "description": "영상에서 제가 입고 있는 후드티는\n이번에 오픈한 제 쇼핑몰 '바닐라월' 제품입니다!\n남녀공용으로 큼직한 사이즈에, 기모가 들어있는\n도톰하고 탄탄한 예쁜 후드티예요.\n12월7일까지 오픈 이벤트로 쿠폰도 드리고,\n11월 한달간 10만원 리뷰이벤트도 하고 있으니\n많은 관심 부탁드려용 ~~~\n\n👚후드티 보러가기\nhttps://han.gl/ykYfJ\n👚바닐라월 쇼핑몰 구경가기\nhttp://www.vwall.co.kr\n\n-\n\n오늘 영상은 찐친 모드로,\n정말 친한 룸메이트와 대화한다고 생각하며\n제작해보았는데요.\n그렇다보니 장난끼 가득한 마음을 세팅하고\n꺄르르 거리며 너무 즐겁게 촬영했어요.\n저는 다정하고 상냥한 역할도 좋지만\n현실 누나나 친한친구처럼\n좀 현실적인 캐릭터가 더 재미있는 것 같아요. 히히.\n\n친근하고 편안한 기분으로 잘 들어주시길 바라며,\n오늘도 좋은 밤 되시고 행복한 한 주 되세요.\n\n다음 영상도 후딱 준비해서 가지고 오겠습니다 !\n굿나잇 ♡ goodnight ♡\n\n-\n\n▶연츄 채널 멤버십 가입 링크\nhttps://www.youtube.com/channel/UCjypzyxU_p0_0ElbWSi8QQw/join \n\n▶멤버십 영상 재생목록 미리보기\nhttps://youtube.com/playlist?list=PLgV547LHihrRZk8cHhtg4_uqD3Ag13cCx\n\n▶최근 멤버십 영상 보러가기 (쌍둥이의 멤버십 이름 단어반복)\nhttps://youtu.be/TJ5gElhfcUU\n\n▶instargram : http://www.instagram.com/y.zzu \n\n▶E-mail duswnk1002@naver.com\n\n▶연츄  VLOG\nhttps://www.youtube.com/channel/UCbhbaBMBCIJRT0PPxsYrbhw\n\n----------------------------------------------------------------------------\n\nASMR 귀 마이크 처음 본 친구 상황극 ( 장난끼 주의 ) / 위스퍼링 수다 많이 / 장난끼 가득 / 귀청소 , 귀마사지 , 귀탭핑 , 이어블로잉  Earcleaning RP",
        "thumbnail": "https://i.ytimg.com/vi/kzm_pvChFI4/mqdefault.jpg",
        "youtubeVideoId": "kzm_pvChFI4",
        "uploadedDate": "2022-11-09T07:51:37Z",
        "viewCount": 19156,
        "isCommercial": "False"
    },
    {
        "id": "ed52a3ab-6e8b-40be-acc2-28d862fd5cf6",
        "title": "ASMR 팅글 안 올 땐 그냥 마이크를 막 비벼 !! Microphone rubbing / 느리게 빠르게 팅글 팅글 TINGLE",
        "description": "▶연츄 채널 멤버십 가입 링크 (전용 영상/전용 커뮤니티 업로드)\nhttps://www.youtube.com/channel/UCjypzyxU_p0_0ElbWSi8QQw/join \n\n▶멤버십 영상 재생목록 미리보기\nhttps://youtube.com/playlist?list=PLgV547LHihrRZk8cHhtg4_uqD3Ag13cCx\n\n▶instargram : http://www.instagram.com/y.zzu \n▶E-mail duswnk1002@naver.com\n\n----------------------------------------------------------------------------\n\n▶연츄  VLOG\nhttps://www.youtube.com/channel/UCbhbaBMBCIJRT0PPxsYrbhw\n\n----------------------------------------------------------------------------",
        "thumbnail": "https://i.ytimg.com/vi/qGJveFHGo7g/mqdefault.jpg",
        "youtubeVideoId": "qGJveFHGo7g",
        "uploadedDate": "2022-10-18T13:42:51Z",
        "viewCount": 15300,
        "isCommercial": "False"
    },
    {
        "id": "d7fa3a89-44c9-4bfb-9fe1-4af9881e9ee8",
        "title": "ASMR 시원한 귀소독 30분 [ disinfection of the ears ] NOTALKING",
        "description": "▶연츄 채널 멤버십 가입 링크 (전용 영상/전용 커뮤니티 업로드)\nhttps://www.youtube.com/channel/UCjypzyxU_p0_0ElbWSi8QQw/join \n\n▶멤버십 영상 재생목록 미리보기\nhttps://youtube.com/playlist?list=PLgV547LHihrRZk8cHhtg4_uqD3Ag13cCx\n\n▶instargram : http://www.instagram.com/y.zzu \n▶E-mail duswnk1002@naver.com\n\n----------------------------------------------------------------------------\n제가 ASMR 유튜브를 시작한지도 5년이 되었고,\n영상도 정말 많이 쌓였지요. '어떤 컨텐츠를 올릴까? 무엇이 신선할까? 어떤 영상을 좋아해주실까?' 를 생각하면서 5년간 부지런히 영상을 업로드했고 연츄 채널에는 아주 다양한 영상들이 아주 많이 쌓여있더라구요.\n\n최근에도 어떤 영상을 올릴까 생각해보며 저의 옛날 영상을 쭉~ 살펴봤어요. 옛날에는 ASMR마이크에서 나는 모든 소리가 신기해서 단순한 노토킹 소리들도 이것저것 찍어보았고, 편안하고 힐링이 되는 소리들 위주로 제작한 것들이 많더라구요~ 물론 제가 ASMR을 오래 한 만큼, ASMR을 오래 들으신 분들도 많으셔서 잔잔한 소리들로는 팅글을 못 느끼시는 분들이 많으신 걸 알고, 그래서 더욱이 팅글 가득한 자극적인 소리들을 주로 제작했었는데,\n\n저의 옛날 영상들을 쭉 살펴보다보니 이런 편안한 노토킹 영상들도 종종 올리고 싶어지더라구요. 기본적인 것들이 더 팅글이 오고 편안하게 다가올 때도 있잖아용..ㅎㅎ?! 그래서 저번 '귀지가 걸리는 노토킹 귀청소' 에 이어서, 오늘은 제가 개인적으로 좋아하는 소리인 3DIO 귀소독 소리를 30분간 반복하는 영상으로 제작해보았어요.\n\n여러분의 노토킹 소리 취향도 댓글로 남겨주시면 추후 영상 제작에 참고하도록 할게요! 오늘 영상도 편안하게 들어주셨으면 좋겠구,.. 오늘도 좋은 밤 되세요 ^^ 굿나잇\n----------------------------------------------------------------------------\n\n▶연츄  VLOG\nhttps://www.youtube.com/channel/UCbhbaBMBCIJRT0PPxsYrbhw\n\n----------------------------------------------------------------------------",
        "thumbnail": "https://i.ytimg.com/vi/bAvU2y3J_xo/mqdefault.jpg",
        "youtubeVideoId": "bAvU2y3J_xo",
        "uploadedDate": "2022-10-03T12:09:57Z",
        "viewCount": 20311,
        "isCommercial": "False"
    },
    {
        "id": "76c9cfae-d436-4473-acfa-53306c4c6f1b",
        "title": "ASMR 리얼 귀청소│고막에 붙은 딱딱한 귀지가 걸리는 귀청소 / 바스락 귀지 Intense Ear Cleaning│3DIO TINLGE",
        "description": "▶연츄 채널 멤버십 가입 링크 (전용 영상/전용 커뮤니티 업로드)\nhttps://www.youtube.com/channel/UCjypzyxU_p0_0ElbWSi8QQw/join \n\n▶멤버십 영상 재생목록 미리보기\nhttps://youtube.com/playlist?list=PLgV547LHihrRZk8cHhtg4_uqD3Ag13cCx\n\n▶instargram : http://www.instagram.com/y.zzu \n▶E-mail duswnk1002@naver.com\n\n----------------------------------------------------------------------------\n오늘은 한쪽 귀씩 천천히 천천히 리얼하게 청소해주는 영상이에요.\n처음부터 5분대까지는 귓 속에 귀지가 꽉 찬 바스락거리는 소리 위주이고\n그 후로는 고막에 붙은 딱딱한 귀지를 떼내는 소리 위주로 만들어봤어요.\n이어폰을 착용하고 눈을 감으시고 소리에 집중하며 들어보세요 !\n좋은 저녁 되세요 ♡\n----------------------------------------------------------------------------\n\n▶연츄  VLOG\nhttps://www.youtube.com/channel/UCbhbaBMBCIJRT0PPxsYrbhw\n\n----------------------------------------------------------------------------\nASMR 리얼 귀청소│고막에 붙은 딱딱한 귀지가 걸리는 귀청소 / 바스락 귀지 Intense Ear Cleaning│3DIO TINLGE",
        "thumbnail": "https://i.ytimg.com/vi/_urLUa0910E/mqdefault.jpg",
        "youtubeVideoId": "_urLUa0910E",
        "uploadedDate": "2022-09-29T14:06:11Z",
        "viewCount": 13193,
        "isCommercial": "False"
    },
    {
        "id": "f40c3a88-40e0-444f-806e-06100cc445e9",
        "title": "ASMR (초보금지) 좌에서 우로 우에서 좌로~ 빠른 관통 귀청소 penetrating ear cleaning ! fast tingle",
        "description": "▶연츄 채널 멤버십 가입 링크 (전용 영상/전용 커뮤니티 업로드)\nhttps://www.youtube.com/channel/UCjypzyxU_p0_0ElbWSi8QQw/join \n\n▶멤버십 영상 재생목록 미리보기\nhttps://youtube.com/playlist?list=PLgV547LHihrRZk8cHhtg4_uqD3Ag13cCx\n\n▶instargram : http://www.instagram.com/y.zzu \n▶E-mail duswnk1002@naver.com\n\n----------------------------------------------------------------------------\n\n▶연츄  VLOG\nhttps://www.youtube.com/channel/UCbhbaBMBCIJRT0PPxsYrbhw\n\n----------------------------------------------------------------------------\nASMR (초보금지) 좌에서 우로 우에서 좌로~ 빠른 관통 귀청소 penetrating ear cleaning ! fast tingle",
        "thumbnail": "https://i.ytimg.com/vi/RQrmK2ZtunA/mqdefault.jpg",
        "youtubeVideoId": "RQrmK2ZtunA",
        "uploadedDate": "2022-09-01T13:53:21Z",
        "viewCount": 17384,
        "isCommercial": "False"
    },
    {
        "id": "cb63da42-3278-4540-ae9a-7f39645f38d1",
        "title": "ASMR 현실 유튜버 누나의 귀청소 상황극 Realistic ear cleaning roleplay",
        "description": "오늘은 간만에 연기 점 해바씀다 !^^...ㅎㅎ;\n\n저번 현실누나 시리즈에 이어.. 오늘은 약간\n저의 소품실 스을쩍 보여주고 싶어서,\n유튜버 설정 넣어봤어요.\n오늘 보여드린 소품실은 정말 1/5 정도..?\nASMR유튜버의 소품실엔 별게 다 있답니다..?\n나중에 소품실 탐방도 해드리고 싶네요 히히\n\n누나 컨셉이라.. 실제 제 남동생에게 하는 말투와\n실제 제 남동생에게 삐졌던 (구슬아이스크림사건)\n이유들로 구성해봤는데요...ㅎㅎ;\n평소보다 퉁명스런 말투는 양해 부탁드려욤\n남동생에게 다정다감한건...\n이상해~~~~~~~~~\n\n그럼 여러분 오늘도 영상 시청해주셔서 감사드리고\n좋은 밤 되시길 바랍니다 !\n굿나잇 !!\n\n00:01 동생과의 대화. 웅 안해\n01:00 조금 대화를 시작\n04:25 소품실에서 너가 귀이개를 골라와\n04:40 벌써 누워있네 차암나\n05:20 시작합니다용\n\n\n▶연츄 채널 멤버십 가입 링크 (전용 영상/전용 커뮤니티 업로드)\nhttps://www.youtube.com/channel/UCjypzyxU_p0_0ElbWSi8QQw/join \n\n▶멤버십 영상 재생목록 미리보기\nhttps://youtube.com/playlist?list=PLgV547LHihrRZk8cHhtg4_uqD3Ag13cCx\n\n▶instargram : http://www.instagram.com/y.zzu \n▶E-mail duswnk1002@naver.com\n\n----------------------------------------------------------------------------\n\n▶연츄  VLOG\nhttps://www.youtube.com/channel/UCbhbaBMBCIJRT0PPxsYrbhw\n\n----------------------------------------------------------------------------",
        "thumbnail": "https://i.ytimg.com/vi/RIvK638rGg0/mqdefault.jpg",
        "youtubeVideoId": "RIvK638rGg0",
        "uploadedDate": "2022-08-05T12:14:29Z",
        "viewCount": 84448,
        "isCommercial": "False"
    },
    {
        "id": "7a9ab336-3023-4c06-a538-8ff1717dcfa4",
        "title": "ASMR 잠에 들 수 밖에 없는 이어블로잉과 귀마사지 Ear blowing & Ear massage for your sleep / NO TALKING 기분 좋은 팅글 TINGLE",
        "description": "ASMR 잠에 들 수 밖에 없는 이어블로잉과 귀마사지 Ear blowing & Ear massage for your sleep / NO TALKING 기분 좋은 팅글 TINGLE\n\n날이 더워지면 꼭 생각나는 이어블로잉,\n쫀득하고 부드러운 귀마사지와 함께 잠이 솔솔오는\n편안한 소리 녹음해보았어요. 40분동안 반복되는 노토킹 영상이에요.\n오늘도 시원하고 행복한 밤 되시길 바랍니다.\n좋은 꿈 꾸세요 ♥\n\n-\n\n▶연츄 채널 멤버십 가입 링크 (전용 영상/전용 커뮤니티 업로드)\nhttps://www.youtube.com/channel/UCjypzyxU_p0_0ElbWSi8QQw/join \n\n▶멤버십 영상 재생목록 미리보기\nhttps://youtube.com/playlist?list=PLgV547LHihrRZk8cHhtg4_uqD3Ag13cCx\n\n▶instargram : http://www.instagram.com/y.zzu \n▶E-mail duswnk1002@naver.com\n\n----------------------------------------------------------------------------\n\n영상 속 제품\n\n베이스 : 힌스 세컨스킨 파운데이션 17호 포슬린\n쉐딩 : 미샤 코튼 컨투어 팩트 셰이딩 스모크트 헤이즐\n하이라이터 : 롬앤 시스루 베일라이터 하이라이터 문 키스드 베일\n아이브로우 : 이니스프리 납작 아이브로우 동트기 전 어반브라운\n아이라이너 : 삐아 라스트 펜 라이너 브라우니\n마스카라 : 미샤 4D 마스카라\n애교살 : 아임유니 페이크 트릭 더블 아이리드너\n블러셔 : 롬앤 블루베리칩\n립 : 페리페라 잉크 마뜨블러틴트 4 열정만수르\n의상 : 정보 없음 ㅠ_ㅠ\n----------------------------------------------------------------------------\n\n▶연츄  VLOG\nhttps://www.youtube.com/channel/UCbhbaBMBCIJRT0PPxsYrbhw\n\n----------------------------------------------------------------------------",
        "thumbnail": "https://i.ytimg.com/vi/aK_W-38P-iQ/mqdefault.jpg",
        "youtubeVideoId": "aK_W-38P-iQ",
        "uploadedDate": "2022-07-01T12:06:25Z",
        "viewCount": 20486,
        "isCommercial": "False"
    },
    {
        "id": "2258c060-3e57-4a28-8bb7-a509ce350162",
        "title": "ASMR 집에 놀러온 친구 귀청소 상황극 Relaxing Ear cleaning by a friend RP",
        "description": "ASMR 집에 놀러온 친구 귀청소 상황극 Relaxing Ear cleaning by a friend RP\n\n00:09 내 방에 온걸 환영해\n00:25 귀이개를 보여줄게 어떤 것들이 있냐면..\n02:26 무드등 끄구\n02:43 솜털 귀이개 체험\n03:36 통통 면봉 체험\n04:11 신생아용 면봉 체험\n04:52 마이크로 면봉 체험\n05:53 뾰족한 면봉 체험\n07:07 너의 선택은 이 면봉이구나\n07:20 너가 선택한 면봉으로 귀청소를 해줄게\n\n\n\n▶연츄 채널 멤버십 가입 링크 (전용 영상/전용 커뮤니티 업로드)\nhttps://www.youtube.com/channel/UCjypzyxU_p0_0ElbWSi8QQw/join \n\n▶멤버십 영상 재생목록 미리보기\nhttps://youtube.com/playlist?list=PLgV547LHihrRZk8cHhtg4_uqD3Ag13cCx\n\n----------------------------------------------------------------------------\n\n▶instargram : http://www.instagram.com/y.zzu \n▶E-mail duswnk1002@naver.com\n\n----------------------------------------------------------------------------\n\n▶연츄  VLOG\nhttps://www.youtube.com/channel/UCbhbaBMBCIJRT0PPxsYrbhw\n\n----------------------------------------------------------------------------",
        "thumbnail": "https://i.ytimg.com/vi/LGZ4dqVrlLA/mqdefault.jpg",
        "youtubeVideoId": "LGZ4dqVrlLA",
        "uploadedDate": "2022-05-28T13:16:39Z",
        "viewCount": 28493,
        "isCommercial": "False"
    },
    {
        "id": "ceddc7a6-9170-4185-bc7e-74e30af7c54c",
        "title": "ASMR 타스캠 귓구멍, 두가지 솜털로 간지럽혀보기 🌬 tickling fluffy ear cleaning",
        "description": "ASMR 타스캠 귓구멍 두가지 솜털로 간지럽혀보기 tickling fluffy ear cleaning\n\n00:08 작은 솜털 귀이개\n08:15 큰 솜털 동그라미\n13:22 큰 솜털 양쪽 동시\n18:56 큰 솜털 씌우고 쓰담쓰담\n\n00:08 Small Fluffy Earpicks\n08:15 Big Fluffy Circle\n13:22 Big fluffy both sides at the same time\n18:56 Covered with big fluffy fur\n\n\n▶연츄 채널 멤버십 가입 링크 (전용 영상/전용 커뮤니티 업로드)\nhttps://www.youtube.com/channel/UCjypzyxU_p0_0ElbWSi8QQw/join \n\n▶멤버십 영상 재생목록 미리보기\nhttps://youtube.com/playlist?list=PLgV547LHihrRZk8cHhtg4_uqD3Ag13cCx\n\n----------------------------------------------------------------------------\n\n▶후원 링크 Thank you for your support\nhttps://toon.at/donate/asmr_yeonchu\n후원 금액은 영상을 위해 사용됩니다.\n후원해주신 분들 감사합니다🙏🏻💕\n\n----------------------------------------------------------------------------\n\n▶instargram : http://www.instagram.com/y.zzu \n▶E-mail duswnk1002@naver.com\n\n----------------------------------------------------------------------------\n\n▶연츄  VLOG\nhttps://www.youtube.com/channel/UCbhbaBMBCIJRT0PPxsYrbhw\n\n----------------------------------------------------------------------------",
        "thumbnail": "https://i.ytimg.com/vi/mVhYur6sn5M/mqdefault.jpg",
        "youtubeVideoId": "mVhYur6sn5M",
        "uploadedDate": "2022-05-16T12:31:31Z",
        "viewCount": 15652,
        "isCommercial": "False"
    },
    {
        "id": "ccae9d21-e42a-4d7b-8b50-20bfe43c2203",
        "title": "ASMR 🧠👂🏻고막을 좌우로 자극하는 팅글 트리거 5가지│5 Tingle triggers for eardrum",
        "description": "ASMR 뇌와 고막을 자극하는 팅글 트리거 5가지│5 Tingle triggers for eardrum (Tingle immunity) NO TALKING\n\n\n00:01 미리보기 Preview\n01:06 인사 Opening\n01:15 플레이폼 Playfoam\n09:48 납작 코르크 Cork\n15:40 작은 실리콘 칫솔 Small Silicon Brush\n26:07 큰 실리콘 칫솔 Big Silicon Brush\n29:03 손톱 태핑 Nail tapping\n\n\n\n▶연츄 채널 멤버십 가입 링크 (전용 영상/전용 커뮤니티 업로드)\nhttps://www.youtube.com/channel/UCjypzyxU_p0_0ElbWSi8QQw/join \n\n▶멤버십 영상 재생목록 미리보기\nhttps://youtube.com/playlist?list=PLgV547LHihrRZk8cHhtg4_uqD3Ag13cCx\n\n----------------------------------------------------------------------------\n\n▶후원 링크 Thank you for your support\nhttps://toon.at/donate/asmr_yeonchu\n후원 금액은 영상을 위해 사용됩니다.\n후원해주신 분들 감사합니다🙏🏻💕\n\n----------------------------------------------------------------------------\n\n▶instargram : http://www.instagram.com/y.zzu \n▶E-mail duswnk1002@naver.com\n\n----------------------------------------------------------------------------\n\n▶연츄  VLOG\nhttps://www.youtube.com/channel/UCbhbaBMBCIJRT0PPxsYrbhw\n\n----------------------------------------------------------------------------",
        "thumbnail": "https://i.ytimg.com/vi/ZNK9BM8MR5Y/mqdefault.jpg",
        "youtubeVideoId": "ZNK9BM8MR5Y",
        "uploadedDate": "2022-05-11T16:24:39Z",
        "viewCount": 20012,
        "isCommercial": "False"
    },
    {
        "id": "dc25c6d1-e29b-4af9-ad60-b9eff7c9c1bd",
        "title": "ASMR 깊은 잠에 들게 해줄 노토킹 귀청소 풀코스 ( 귀 소독, 귀 마사지, 이어블로잉, 다양한 귀이개 ... ) Ear Cleaning No talking",
        "description": "ASMR 무조건 잠이 오는 노토킹 귀청소 풀코스 ( 귀 소독, 귀 마사지, 이어블로잉, 다양한 귀이개 ... ) Ear Cleaning No talking \n\n00:02 인사, 손소리\n00:50 알콜스왑으로 귀 소독하기\n04:47 귀청소 도구함 열기\n05:21 솜털 귀이개 귀청소\n13:33 면봉 귀이개 바스락 귀지 귀청소\n24:17 마이크로 면봉 귀이개 귀청소\n31:58 나무 귀이개 딱딱한 귀지 귀청소\n38:44 크림 귀마사지\n43:02 크림 닦아내기\n44:32 이어블로잉\n\n00:02 greeting, hand sound\n00:50 Disinfect your ears with an alcohol swab\n04:47 Open the ear cleaning kit\n05:21 Fluffy Ear Picks Ear Cleaning\n13:33 Cotton swab earpick rust earwax ear cleaning\n24:17 Micro swab earpick ear cleaning\n31:58 Wood Ear Picks Hard Earwax Ear Cleaning\n38:44 Cream Ear Massage\n43:02 Wipe off the cream\n44:32 Ear Blowing\n\n▶연츄 채널 멤버십 가입 링크 (전용 영상/전용 커뮤니티 업로드)\nhttps://www.youtube.com/channel/UCjypzyxU_p0_0ElbWSi8QQw/join \n\n▶멤버십 영상 재생목록 미리보기\nhttps://youtube.com/playlist?list=PLgV547LHihrRZk8cHhtg4_uqD3Ag13cCx\n\n----------------------------------------------------------------------------\n\n▶후원 링크 Thank you for your support\nhttps://toon.at/donate/asmr_yeonchu\n후원 금액은 영상을 위해 사용됩니다.\n후원해주신 분들 감사합니다🙏🏻💕\n\n----------------------------------------------------------------------------\n\n▶instargram : http://www.instagram.com/y.zzu \n▶E-mail duswnk1002@naver.com\n\n----------------------------------------------------------------------------\n\n▶연츄  VLOG\nhttps://www.youtube.com/channel/UCbhbaBMBCIJRT0PPxsYrbhw\n\n----------------------------------------------------------------------------",
        "thumbnail": "https://i.ytimg.com/vi/Mcs3E7cy7cA/mqdefault.jpg",
        "youtubeVideoId": "Mcs3E7cy7cA",
        "uploadedDate": "2022-03-29T13:44:42Z",
        "viewCount": 19955,
        "isCommercial": "False"
    },
    {
        "id": "1a3a3287-bb2e-4ea2-96ac-d3e36c0a4630",
        "title": "ASMR 현실 누나의 잠이 오는 귀청소 상황극 Realistic ear cleaning roleplay 말하면서 귀파기",
        "description": "▶연츄 채널 멤버십 가입 링크 (전용 영상/전용 커뮤니티 업로드)\nhttps://www.youtube.com/channel/UCjypzyxU_p0_0ElbWSi8QQw/join \n\n▶멤버십 영상 재생목록 미리보기\nhttps://youtube.com/playlist?list=PLgV547LHihrRZk8cHhtg4_uqD3Ag13cCx\n\n----------------------------------------------------------------------------\n\n▶후원 링크 Thank you for your support\nhttps://toon.at/donate/asmr_yeonchu\n후원 금액은 영상을 위해 사용됩니다.\n후원해주신 분들 감사합니다🙏🏻💕\n\n----------------------------------------------------------------------------\n\n▶instargram : http://www.instagram.com/y.zzu \n▶E-mail duswnk1002@naver.com\n\n----------------------------------------------------------------------------\n\n▶연츄  VLOG\nhttps://www.youtube.com/channel/UCbhbaBMBCIJRT0PPxsYrbhw\n\n----------------------------------------------------------------------------\n\nASMR 현실 누나의 귀청소 상황극│\nRealistic and comfortable ear cleaning for your older sister",
        "thumbnail": "https://i.ytimg.com/vi/16WYtK9MSEM/mqdefault.jpg",
        "youtubeVideoId": "16WYtK9MSEM",
        "uploadedDate": "2022-02-14T12:17:58Z",
        "viewCount": 34645,
        "isCommercial": "False"
    },
    {
        "id": "31d34408-3d5d-47ed-8cbc-4c463c688878",
        "title": "ASMR 이란성 쌍둥이 귀청소 (사실 친구임) / 약간의 위스퍼링 Twin Earcleaning & whispering",
        "description": "ASMR 이란성 쌍둥이 귀청소 (사실 친구임) / 약간의 위스퍼링 Twin Earcleaning & whispering\n\n\n00:06 인사, 속삭임 \n01:11 연츄 솜털, 수봉 지푸라기\n11:53 두번째 귀이개 고르기\n12:25 연츄 면봉, 수봉 실리콘 송충이\n21:30 연츄 나무, 수봉 깃털과 핀셋\n26:25 양쪽 동시 손가락 귀청소\n\n\n\n▶연츄 채널 멤버십 가입 링크 (전용 영상/전용 커뮤니티 업로드)\nhttps://www.youtube.com/channel/UCjypzyxU_p0_0ElbWSi8QQw/join \n\n▶멤버십 영상 재생목록 미리보기\nhttps://youtube.com/playlist?list=PLgV547LHihrRZk8cHhtg4_uqD3Ag13cCx\n\n----------------------------------------------------------------------------\n\n▶후원 링크 Thank you for your support\nhttps://toon.at/donate/asmr_yeonchu\n후원 금액은 영상을 위해 사용됩니다.\n후원해주신 분들 감사합니다🙏🏻💕\n\n----------------------------------------------------------------------------\n\n▶instargram : http://www.instagram.com/y.zzu \n▶E-mail duswnk1002@naver.com\n\n----------------------------------------------------------------------------\n\n▶연츄  VLOG\nhttps://www.youtube.com/channel/UCbhbaBMBCIJRT0PPxsYrbhw\n\n----------------------------------------------------------------------------",
        "thumbnail": "https://i.ytimg.com/vi/e5X7ojX5BJc/mqdefault.jpg",
        "youtubeVideoId": "e5X7ojX5BJc",
        "uploadedDate": "2022-01-26T12:17:38Z",
        "viewCount": 22907,
        "isCommercial": "False"
    },
    {
        "id": "6918fea8-4977-446b-8be1-fad333bd8143",
        "title": "ASMR 시원~한 줌H6 달그락 귀청소와 소곤소곤 위스퍼링│의미없는 수다... earcleaning & Whispering",
        "description": "▶연츄 채널 멤버십 가입 링크 (전용 영상/전용 커뮤니티 업로드)\nhttps://www.youtube.com/channel/UCjypzyxU_p0_0ElbWSi8QQw/join \n\n▶멤버십 영상 재생목록 미리보기\nhttps://youtube.com/playlist?list=PLgV547LHihrRZk8cHhtg4_uqD3Ag13cCx\n\n----------------------------------------------------------------------------\n\n▶후원 링크 Thank you for your support\nhttps://toon.at/donate/asmr_yeonchu\n후원 금액은 영상을 위해 사용됩니다.\n후원해주신 분들 감사합니다🙏🏻💕\n\n----------------------------------------------------------------------------\n\n▶instargram : http://www.instagram.com/y.zzu \n▶E-mail duswnk1002@naver.com\n\n----------------------------------------------------------------------------\n\n▶연츄  VLOG\nhttps://www.youtube.com/channel/UCbhbaBMBCIJRT0PPxsYrbhw\n\n----------------------------------------------------------------------------\n\nASMR 시원~한 줌H6 달그락 귀청소와 소곤소곤 위스퍼링│의미없는 수다... earcleaning & Whispering",
        "thumbnail": "https://i.ytimg.com/vi/HwapNEbQZSo/mqdefault.jpg",
        "youtubeVideoId": "HwapNEbQZSo",
        "uploadedDate": "2022-01-18T12:25:39Z",
        "viewCount": 23188,
        "isCommercial": "False"
    },
    {
        "id": "91479332-a7ee-4f14-927c-c6d2f98a99a5",
        "title": "ASMR 직접적으로 고막을 토도도독 !.. 🎆 문질문질 ~ tapping and rubbing the eardrum ( TINGLE )",
        "description": "예전에는 이렇게 마이크 하나 두고,\n혼자 요래죠래 만져보며 만드는 영상을 자주 찍었던 것 같은데 요새는 이런 영상 찍은지가 꽤 오래 된 것 같아서 오랜만에 초심으로 돌아가 재미있게 찍어봤어요.\n\n윈드스크린 없이 입 바람 소리도 들어가고\n직접적인 마이크 터치가 있는 영상이다보니\n전체적인 볼륨이 다른 영상에 비해 조금 작은 편이에요.\n\n이어폰으로 들으시면 좌우 구분이 되고\n작은볼륨이 조금 더 잘 들려서 좋은 팅글을 받으실 수 있을 것 같아요 ! 이어폰 권장드립니다 💘\n\n그럼 오늘도 영상 시청해주셔서 감사드리고,\n오늘도 좋은 밤 되세요 🌛\n\n\nIn the past, I used to leave a microphone like this.\nI think I often filmed videos of myself touching and making these things, but these days, I think it's been a while since I filmed these videos, so I went back to my roots and had fun filming them.\n\nThere's no windscreen and the sound of the wind in my mouth.\nSince it's a video with direct microphone touch,\nThe overall volume is a little smaller than other videos.\n\nIf you listen to it with earphones, it's divided into left and right.\nI think you can hear the small volume better so you can get a good tingle. I recommend earphones. 💘\n\nThank you for watching the video today.\nHave a good night today. 🌛\n\n\n\n▶연츄 채널 멤버십 가입 링크 (전용 영상/전용 커뮤니티 업로드)\nhttps://www.youtube.com/channel/UCjypzyxU_p0_0ElbWSi8QQw/join \n\n▶멤버십 영상 재생목록 미리보기\nhttps://youtube.com/playlist?list=PLgV547LHihrRZk8cHhtg4_uqD3Ag13cCx\n\n----------------------------------------------------------------------------\n\n▶후원 링크 Thank you for your support\nhttps://toon.at/donate/asmr_yeonchu\n후원 금액은 영상을 위해 사용됩니다.\n후원해주신 분들 감사합니다🙏🏻💕\n\n----------------------------------------------------------------------------\n\n▶instargram : http://www.instagram.com/y.zzu \n▶E-mail duswnk1002@naver.com\n\n----------------------------------------------------------------------------\n\n▶연츄  VLOG\nhttps://www.youtube.com/channel/UCbhbaBMBCIJRT0PPxsYrbhw\n\n----------------------------------------------------------------------------",
        "thumbnail": "https://i.ytimg.com/vi/IrM9Cjn00j8/mqdefault.jpg",
        "youtubeVideoId": "IrM9Cjn00j8",
        "uploadedDate": "2022-01-11T12:13:16Z",
        "viewCount": 48893,
        "isCommercial": "False"
    },
    {
        "id": "da355314-3cbd-4df5-a6e6-36867ed53424",
        "title": "ASMR 깊이감 쩌는 단어반복 😵!! 동굴 속 같은 입소리, 이어블로잉 ..? Deep word repeat, mouth sound, earblowing",
        "description": "00:36 도도도 dododo\n 06:48 팅글팅글 tingle tingle\n 13:04 보라보라 bora bora\n 15:21 입소리 mouth sounds\n 18:21 이어블로잉 ear blowing\n 19:33 반복 repeat \n\n\n▶연츄 채널 멤버십 가입 링크 (전용 영상/전용 커뮤니티 업로드)\nhttps://www.youtube.com/channel/UCjypzyxU_p0_0ElbWSi8QQw/join \n\n▶멤버십 영상 재생목록 미리보기\nhttps://youtube.com/playlist?list=PLgV547LHihrRZk8cHhtg4_uqD3Ag13cCx\n\n----------------------------------------------------------------------------\n\n▶후원 링크 Thank you for your support\nhttps://toon.at/donate/asmr_yeonchu\n후원 금액은 영상을 위해 사용됩니다.\n후원해주신 분들 감사합니다🙏🏻💕\n\n----------------------------------------------------------------------------\n\n▶instargram : http://www.instagram.com/y.zzu \n▶E-mail duswnk1002@naver.com\n\n----------------------------------------------------------------------------\n\n▶연츄  VLOG\nhttps://www.youtube.com/channel/UCbhbaBMBCIJRT0PPxsYrbhw\n\n----------------------------------------------------------------------------\n\nASMR 깊이감 쩌는 단어반복 !!! 동굴 속 같은 입소리, 이어블로잉 ..? Deep word repetition, mouth sound, earblowing",
        "thumbnail": "https://i.ytimg.com/vi/RAIZ_5S9t5A/mqdefault.jpg",
        "youtubeVideoId": "RAIZ_5S9t5A",
        "uploadedDate": "2022-01-02T12:05:54Z",
        "viewCount": 169742,
        "isCommercial": "False"
    },
    {
        "id": "0a74c10c-aa31-4328-a76c-9c14c8731c32",
        "title": "ASMR 잠이 오는 수면 귀청소가게 ( 귀청소, 귀소독, 귓바퀴 케어, 귀 마사지, 이어캔들, 스팀타월 등 ) Sleepy ear cleaning shop roleplay",
        "description": "▶연츄 채널 멤버십 가입 링크 (전용 영상/전용 커뮤니티 업로드)\nhttps://www.youtube.com/channel/UCjypzyxU_p0_0ElbWSi8QQw/join \n\n▶멤버십 영상 재생목록 미리보기\nhttps://youtube.com/playlist?list=PLgV547LHihrRZk8cHhtg4_uqD3Ag13cCx\n\n----------------------------------------------------------------------------\n\n▶후원 링크 Thank you for your support\nhttps://toon.at/donate/asmr_yeonchu\n후원 금액은 영상을 위해 사용됩니다.\n후원해주신 분들 감사합니다🙏🏻💕\n\n----------------------------------------------------------------------------\n\n▶instargram : http://www.instagram.com/y.zzu \n▶E-mail duswnk1002@naver.com\n\n----------------------------------------------------------------------------\n\n00:01 인트로 \n00:26 상담 (키보드소리, 회원 접수, 코스 소개 등)\n05:33 차트 작성\n07:41 차 고르기와 약간의 추가 상담\n09:22 유자차 만들기\n10:07 관리실 이동\n10:22 이어클리닝 물건 정리\n10:38 귀 상태 확인 (딸깍)\n11:30 스팀타월 탁탁, 식히기\n11:55 귀에 스팀타월 올리기\n15:45 귀 소독\n19:53 귓바퀴 케어\n23:30 어떤 귀이개 선택하셨더라?\n24:20 나무랑 쇠 중에 고민이시라면 테스트 해보세요!\n25:05 나무 귀이개 귀청소\n29:49 면봉 귀이개 귀청소\n33:03 솜털 귀이개 귀청소\n36:12 이제 귀 마사지 할건데..\n38:00 바세린 귀 마사지, 귀 지압\n41:59 주무시나보다. 바세린 닦아드릴게요.\n43:15 이어캔들.. 눈 감고 이제 주무세용 ~\n\n\n\n▶연츄  VLOG\nhttps://www.youtube.com/channel/UCbhbaBMBCIJRT0PPxsYrbhw\n\n----------------------------------------------------------------------------\n\nASMR 잠이 오는 수면 귀청소가게 ( 귀청소, 귀소독, 귓바퀴 케어, 귀 마사지, 이어캔들, 스팀타월 등 ) Sleepy ear cleaning shop roleplay",
        "thumbnail": "https://i.ytimg.com/vi/XDHbglWedQQ/mqdefault.jpg",
        "youtubeVideoId": "XDHbglWedQQ",
        "uploadedDate": "2021-12-08T12:09:23Z",
        "viewCount": 20685,
        "isCommercial": "False"
    },
    {
        "id": "852042b5-ca5f-43b9-bc22-695463d780d0",
        "title": "ASMR 겨울 모닥불 소리와 함께 고막이 달랑거리는 잠이 솔솔 네가지 귀청소│팅글 귀파기│tingle ear cleaning & bonfire sounds NOTALKING",
        "description": "▶연츄 채널 멤버십 가입 링크 (전용 영상/전용 커뮤니티 업로드)\nhttps://www.youtube.com/channel/UCjypzyxU_p0_0ElbWSi8QQw/join \n\n▶멤버십 영상 재생목록 미리보기\nhttps://youtube.com/playlist?list=PLgV547LHihrRZk8cHhtg4_uqD3Ag13cCx\n\n----------------------------------------------------------------------------\n\n[타임라인]\n\n00:08 포근 간질 솜털 귀이개\n16:43 빳빳한 지푸라기 깃털 (달랑거리고 뚫린 고막이..제대로 느껴져요!)\n25:59 바스락바스락 면봉 귀청소\n38:32 양쪽 귀 함께 손가락과 손톱으로 귀청소\n\n----------------------------------------------------------------------------\n\n\n▶후원 링크 Thank you for your support\nhttps://toon.at/donate/asmr_yeonchu\n후원 금액은 영상을 위해 사용됩니다.\n후원해주신 분들 감사합니다🙏🏻💕\n\n----------------------------------------------------------------------------\n\n▶instargram : http://www.instagram.com/y.zzu \n▶E-mail duswnk1002@naver.com\n\n----------------------------------------------------------------------------\n\n▶연츄  VLOG\nhttps://www.youtube.com/channel/UCbhbaBMBCIJRT0PPxsYrbhw\n\n----------------------------------------------------------------------------",
        "thumbnail": "https://i.ytimg.com/vi/yk-FeuScw8c/mqdefault.jpg",
        "youtubeVideoId": "yk-FeuScw8c",
        "uploadedDate": "2021-11-26T13:17:22Z",
        "viewCount": 73667,
        "isCommercial": "False"
    },
    {
        "id": "62f7de0e-b7b4-43b7-b959-15644668ea23",
        "title": "[ 1시간 ASMR ] 단계별 팅글 3단계│이 소리 정말 좋은데 왜 다들 안 찍는지 궁금함 step by step tingle 빠른 귀긁기 ..? 귀 쪼물 ..?",
        "description": "[ 1시간 ASMR ] 단계별 팅글 3단계│이 소리 정말 좋은데 왜 다들 안 찍는지 궁금함 step by step tingle\n\n\n00:22 1단계 (초급,맑은물,느릿 순한맛)\n07:52 2단계 (중급,고인물,살짝씩 빠른 중간맛)\n12:49 3단계 (고급,썩은물,빠른 구간 많은 매운맛)\n18:56 1~3단계 랜덤재생으로 예기치 못한 팅글구간 만날 수 있음\n\n00:22 step 1 (Beginner)\n07:52 step 2 (Intermediate)\n12:49 step 3 (Advanced)\n18:49 Random play (there is an unexpected tingle section)\n\n▶연츄 채널 멤버십 가입 링크 (전용 영상/전용 커뮤니티 업로드)\nhttps://www.youtube.com/channel/UCjypzyxU_p0_0ElbWSi8QQw/join \n\n▶멤버십 영상 재생목록 미리보기\nhttps://youtube.com/playlist?list=PLgV547LHihrRZk8cHhtg4_uqD3Ag13cCx\n\n----------------------------------------------------------------------------\n\n▶후원 링크 Thank you for your support\nhttps://toon.at/donate/asmr_yeonchu\n후원 금액은 영상을 위해 사용됩니다.\n후원해주신 분들 감사합니다🙏🏻💕\n\n----------------------------------------------------------------------------\n\n▶instargram : http://www.instagram.com/y.zzu \n▶E-mail duswnk1002@naver.com\n\n----------------------------------------------------------------------------\n\n▶연츄  VLOG\nhttps://www.youtube.com/channel/UCbhbaBMBCIJRT0PPxsYrbhw\n\n----------------------------------------------------------------------------",
        "thumbnail": "https://i.ytimg.com/vi/d-B2J_7NoYg/mqdefault.jpg",
        "youtubeVideoId": "d-B2J_7NoYg",
        "uploadedDate": "2021-10-30T13:36:43Z",
        "viewCount": 119628,
        "isCommercial": "False"
    },
    {
        "id": "1be00008-2043-47db-b4d2-b1ffcfe878a4",
        "title": "ASMR 간지러운 이어블로잉과 다양한 귀이개로 시원한 팅글 귀청소 Tickle Earblowing & Variety Earcleaning TINGLE",
        "description": "00:01 인트로\n00:30 핑크색 작은 솜털귀이개 & 이어블로잉\n11:25 조금 더 큰 흰색 솜털 귀이개 & 이어블로잉\n24:21 나무 귀이개 & 이어블로잉\n36:59 커다란 깃털 귀이개 & 이어블로잉\n39:09 귀태핑 & 이어블로잉\n\n----------------------------------------------------------------------------\n\n▶연츄 채널 멤버십 가입 링크 (전용 영상/전용 커뮤니티 업로드)\nhttps://www.youtube.com/channel/UCjypzyxU_p0_0ElbWSi8QQw/join \n\n▶멤버십 영상 재생목록 미리보기\nhttps://youtube.com/playlist?list=PLgV547LHihrRZk8cHhtg4_uqD3Ag13cCx\n\n----------------------------------------------------------------------------\n\n▶후원 링크 Thank you for your support\nhttps://toon.at/donate/asmr_yeonchu\n후원 금액은 영상을 위해 사용됩니다.\n후원해주신 분들 감사합니다🙏🏻💕\n\n----------------------------------------------------------------------------\n\n▶instargram : http://www.instagram.com/y.zzu \n▶E-mail duswnk1002@naver.com\n\n----------------------------------------------------------------------------\n\n▶연츄  VLOG\nhttps://www.youtube.com/channel/UCbhbaBMBCIJRT0PPxsYrbhw\n\n----------------------------------------------------------------------------\n\nASMR 간지러운 이어블로잉과 다양한 귀이개로 시원한 팅글 귀청소 Tickle Earblowing & Variety Earcleaning TINGLE",
        "thumbnail": "https://i.ytimg.com/vi/ZNPF_fnAtgg/mqdefault.jpg",
        "youtubeVideoId": "ZNPF_fnAtgg",
        "uploadedDate": "2021-10-08T13:47:50Z",
        "viewCount": 85753,
        "isCommercial": "False"
    },
    {
        "id": "6032222c-1adc-4957-84e6-3570744ef427",
        "title": "ASMR 드르륵 귀청소와 인어디블 입소리│Caterpillar Eapick Ear Cleaning & Inaudible whispering (mouth sounds)",
        "description": "ASMR 송충이귀이개로 드르륵 귀청소와 인어디블 입소리│Caterpillar Eapick Ear Cleaning & Inaudible whispering (mouth sounds)│노토킹 3DIO\n\n☁️인스타그램 INSTAGRAM\nhttp://www.instagram.com/y.zzu \n\n☁️투네이션 후원 toonation\nhttps://toon.at/donate/asmr_yeonchu\n\n☁️멤버십 가입 (전용영상/전용 커뮤니티 업로드)\nhttps://www.youtube.com/channel/UCjypzyxU_p0_0ElbWSi8QQw/join \n\n-\n\n🎥 연츄의 일상 브이로그 VLOG\nhttps://www.youtube.com/channel/UCbhbaBMBCIJRT0PPxsYrbhw\n\n🎥 연츄가 응원하는 채널\nhttps://www.youtube.com/channel/UCCS8nxHUyUG8KuttHmOht8w\n\n\n💌비즈니스 문의 e-mail\nduswnk1002@naver.com\n\n\n-\n\n※ASMR이란?\n심리적 안정을 유도하는 영상입니다.\n청취자들에게 안정감을 주며 불면증에 도움이 됩니다.",
        "thumbnail": "https://i.ytimg.com/vi/yHeD31a6BFo/mqdefault.jpg",
        "youtubeVideoId": "yHeD31a6BFo",
        "uploadedDate": "2021-08-20T12:03:48Z",
        "viewCount": 5950,
        "isCommercial": "False"
    },
    {
        "id": "f9daec3b-3b05-4a94-aee9-ef42881fea8a",
        "title": "ASMR 3DIO 귀탭핑과 고막 가까운 'ㄷ' 발음 단어반복│3DIO Ear Tapping & 'D'  Pronunciation Trigger Words",
        "description": "ASMR 3DIO 귀탭핑과 고막 가까운 'ㄷ' 발음 단어반복│3DIO Ear Tapping & 'D'  Pronunciation Trigger Words\n\n☁️인스타그램 INSTAGRAM\nhttp://www.instagram.com/y.zzu \n\n☁️투네이션 후원 toonation\nhttps://toon.at/donate/asmr_yeonchu\n\n☁️멤버십 가입 (전용영상/전용 커뮤니티 업로드)\nhttps://www.youtube.com/channel/UCjypzyxU_p0_0ElbWSi8QQw/join \n\n-\n\n🎥 연츄의 일상 브이로그 VLOG\nhttps://www.youtube.com/channel/UCbhbaBMBCIJRT0PPxsYrbhw\n\n🎥 연츄가 응원하는 채널\nhttps://www.youtube.com/channel/UCCS8nxHUyUG8KuttHmOht8w\n\n\n💌비즈니스 문의 e-mail\nduswnk1002@naver.com\n\n\n-\n\n※ASMR이란?\n심리적 안정을 유도하는 영상입니다.\n청취자들에게 안정감을 주며 불면증에 도움이 됩니다.",
        "thumbnail": "https://i.ytimg.com/vi/EjioG5UYEYs/mqdefault.jpg",
        "youtubeVideoId": "EjioG5UYEYs",
        "uploadedDate": "2021-08-05T13:14:27Z",
        "viewCount": 11112,
        "isCommercial": "False"
    },
    {
        "id": "28f204e2-b024-4528-bed5-307129bd5e63",
        "title": "ASMR ‼️빠름/강함주의‼️ 팅글로 극락가는 레이어드 귀마사지 1시간 Fast Layered Ear massage INTENSE TINGLE 1HOUR [고인물]",
        "description": "ASMR 팅글로 극락가는 레이어드 귀마사지 1시간 Fast Layered Ear massage INTENSE TINGLE TINGLE 1HOUR [고인물] 빠름 강함 자극 주의\n\n\n☁️인스타그램 INSTAGRAM\nhttp://www.instagram.com/y.zzu \n\n☁️투네이션 후원 toonation\nhttps://toon.at/donate/asmr_yeonchu\n\n☁️멤버십 가입 (전용영상/전용 커뮤니티 업로드)\nhttps://www.youtube.com/channel/UCjypzyxU_p0_0ElbWSi8QQw/join \n\n-\n\n🎥 연츄의 일상 브이로그 VLOG\nhttps://www.youtube.com/channel/UCbhbaBMBCIJRT0PPxsYrbhw\n\n🎥 연츄가 응원하는 채널\nhttps://www.youtube.com/channel/UCCS8nxHUyUG8KuttHmOht8w\n\n\n💌비즈니스 문의 e-mail\nduswnk1002@naver.com\n\n\n-\n\n※ASMR이란?\n심리적 안정을 유도하는 영상입니다.\n청취자들에게 안정감을 주며 불면증에 도움이 됩니다.",
        "thumbnail": "https://i.ytimg.com/vi/51iq4KUHJaM/mqdefault.jpg",
        "youtubeVideoId": "51iq4KUHJaM",
        "uploadedDate": "2021-07-14T12:44:05Z",
        "viewCount": 14712,
        "isCommercial": "False"
    },
    {
        "id": "e944c9fa-daaa-436f-9227-765f1150fa88",
        "title": "ASMR 100% 수면 보장, 잠이 쏟아지는 꾸덕하고 기름진 바세린 귀마사지 Sleepy Ear massage asmr no talking ( oil vaseline )",
        "description": "ASMR 100% 수면 보장, 잠이 쏟아지는 꾸덕하고 기름진 바세린 귀마사지 Sleepy Ear massage asmr no talking ( oil vaseline )\n\n\n☁️인스타그램 INSTAGRAM\nhttp://www.instagram.com/y.zzu \n\n☁️투네이션 후원 toonation\nhttps://toon.at/donate/asmr_yeonchu\n\n☁️멤버십 가입 (전용영상/전용 커뮤니티 업로드)\nhttps://www.youtube.com/channel/UCjypzyxU_p0_0ElbWSi8QQw/join \n\n-\n\n🎥 연츄의 일상 브이로그 VLOG\nhttps://www.youtube.com/channel/UCbhbaBMBCIJRT0PPxsYrbhw\n\n🎥 연츄가 응원하는 채널\nhttps://www.youtube.com/channel/UCCS8nxHUyUG8KuttHmOht8w\n\n💌비즈니스 문의 e-mail\nduswnk1002@naver.com\n\n\n\n-\n\n※ASMR이란?\n심리적 안정을 유도하는 영상입니다.\n청취자들에게 안정감을 주며 불면증에 도움이 됩니다.",
        "thumbnail": "https://i.ytimg.com/vi/czkcHl7K914/mqdefault.jpg",
        "youtubeVideoId": "czkcHl7K914",
        "uploadedDate": "2021-07-08T13:09:38Z",
        "viewCount": 85594,
        "isCommercial": "False"
    },
    {
        "id": "daad71d7-9023-47e5-8ea5-1b575f8938ff",
        "title": "ASMR 고인물 팅글 치트키 ! 뇌 쭈물쭈물 고막까지 닿는 짜릿함 Tingle party brain massage",
        "description": "ASMR 고인물 팅글 치트키 ! 뇌 쭈물쭈물 고막까지 닿는 짜릿함 Tingle party brain massage\n\n☁️인스타그램 INSTAGRAM\nhttp://www.instagram.com/y.zzu \n\n☁️투네이션 후원 toonation\nhttps://toon.at/donate/asmr_yeonchu\n\n☁️멤버십 가입 (전용영상/전용 커뮤니티 업로드)\nhttps://www.youtube.com/channel/UCjypzyxU_p0_0ElbWSi8QQw/join \n\n-\n\n🎥 연츄의 일상 브이로그 VLOG\nhttps://www.youtube.com/channel/UCbhbaBMBCIJRT0PPxsYrbhw\n\n💌비즈니스 문의 e-mail\nduswnk1002@naver.com\n\n📝자막 달아주시면 감사하겠습니다 (subtitles)\nhttp://www.youtube.com/timedtext_cs_panel?tab=2&c=UCjypzyxU_p0_0ElbWSi8QQw\n\n\n-\n\n※ASMR이란?\n심리적 안정을 유도하는 영상입니다.\n청취자들에게 안정감을 주며 불면증에 도움이 됩니다.",
        "thumbnail": "https://i.ytimg.com/vi/MpHq3ZosOWU/mqdefault.jpg",
        "youtubeVideoId": "MpHq3ZosOWU",
        "uploadedDate": "2021-07-04T15:04:42Z",
        "viewCount": 10216,
        "isCommercial": "False"
    },
    {
        "id": "a99a3062-0442-4ee2-844a-50806d9f68cb",
        "title": "ASMR 싸늘한 쌍둥이언니의 서툴고 어색한 쇠귀이개 귀청소 Earcleaning tingle (01:30~ No talking)",
        "description": "ASMR 싸늘한 쌍둥이언니의 서툴고 어색한 쇠귀이개 귀청소 Earcleaning (01:30~ No talking) Clumsy earcleaning from Yeonchu sister (tingle)\n\n*투네이션 후원 toonation\nhttps://toon.at/donate/asmr_yeonchu\n\n\n* 일상채널\nhttps://www.youtube.com/channel/UCbhbaBMBCIJRT0PPxsYrbhw\n\n* INSTAGRAM\nhttp://www.instagram.com/y.zzu\n\n* 비즈니스 문의\nduswnk1002@naver.com\n\n* 자막 (subtitles)\nhttp://www.youtube.com/timedtext_cs_panel?tab=2&c=UCjypzyxU_p0_0ElbWSi8QQw\n\n* 멤버십 가입\nhttps://www.youtube.com/channel/UCjypzyxU_p0_0ElbWSi8QQw/join\n\n\n※ASMR이란?\n심리적 안정을 유도하는 영상입니다.\n힐링을 원하는 청취자들에게 안정감을 주고,불면증에 도움이 됩니다.",
        "thumbnail": "https://i.ytimg.com/vi/AiWahcAmxqs/mqdefault.jpg",
        "youtubeVideoId": "AiWahcAmxqs",
        "uploadedDate": "2021-05-25T13:58:12Z",
        "viewCount": 7136,
        "isCommercial": "False"
    },
    {
        "id": "c1ee7530-8743-4445-993d-c8d09452f7f5",
        "title": "ASMR 네가지 귀이개 양쪽 동시 귀청소│깊고 자극적 시원함│No talking (Twin Earcleaning/Both Earcleaning) Tinlge 팅글",
        "description": "ASMR 네가지 귀이개 양쪽 동시 귀청소│깊고 자극적 시원함│팅글 No talking (Twin Earcleaning/Both Earcleaning) Tinlge\n\n00:53 나무귀이개 양쪽 동시 귀파기\n22:48 쇠 귀이개 양쪽 동시 귀파기\n25:20 지푸라기 깃털 귀이개 양쪽 동시 귀파기\n34:30 작은 솜털 귀이개 양쪽 동시 귀파기\n\n00:53 wood swab both earcleaning\n22:48 metal swab both earcleaning\n25:20 father swab both earcleaning\n34:30 cotton swab both earcleaning \n\n\n* 일상채널\nhttps://www.youtube.com/channel/UCbhbaBMBCIJRT0PPxsYrbhw\n\n* INSTAGRAM\nhttp://www.instagram.com/y.zzu\n\n* 비즈니스 문의\nduswnk1002@naver.com\n\n* 자막 (subtitles)\nhttp://www.youtube.com/timedtext_cs_panel?tab=2&c=UCjypzyxU_p0_0ElbWSi8QQw\n\n* 멤버십 가입\nhttps://www.youtube.com/channel/UCjypzyxU_p0_0ElbWSi8QQw/join\n\n\n※ASMR이란?\n심리적 안정을 유도하는 영상입니다.\n힐링을 원하는 청취자들에게 안정감을 주고,불면증에 도움이 됩니다.",
        "thumbnail": "https://i.ytimg.com/vi/nTK7FVVmPaI/mqdefault.jpg",
        "youtubeVideoId": "nTK7FVVmPaI",
        "uploadedDate": "2021-05-04T13:08:09Z",
        "viewCount": 187050,
        "isCommercial": "False"
    },
    {
        "id": "ef7eb2c9-ba9f-47ef-9759-3cbc7346ae89",
        "title": "ASMR (Sub) 1:1 귀이개 가게 상황극 _ 전문적인 종류별 귀청소 Ear Swab shop RP/Earcleaning",
        "description": "ASMR (Sub) 1:1 귀이개 가게 상황극 _ 전문적인 종류별 귀청소 Ear Swab shop RP/Earcleaning\n\n\n* 일상채널\nhttps://www.youtube.com/channel/UCbhbaBMBCIJRT0PPxsYrbhw\n\n* INSTAGRAM\nhttp://www.instagram.com/y.zzu\n\n* 비즈니스 문의\nduswnk1002@naver.com\n\n* 자막 (subtitles)\nhttp://www.youtube.com/timedtext_cs_panel?tab=2&c=UCjypzyxU_p0_0ElbWSi8QQw\n\n* 멤버십 가입\nhttps://www.youtube.com/channel/UCjypzyxU_p0_0ElbWSi8QQw/join\n\n\n※ASMR이란?\n심리적 안정을 유도하는 영상입니다.\n힐링을 원하는 청취자들에게 안정감을 주고,불면증에 도움이 됩니다.",
        "thumbnail": "https://i.ytimg.com/vi/8zZtVcvDFNE/mqdefault.jpg",
        "youtubeVideoId": "8zZtVcvDFNE",
        "uploadedDate": "2021-04-22T14:25:26Z",
        "viewCount": 124104,
        "isCommercial": "False"
    },
    {
        "id": "b83aa1c9-944d-4222-8899-02b5578eda2d",
        "title": "ASMR 귀에 박힌 돌 🪨│딱딱한 내 고막 두드리기│내 귀청소 톡톡 딱딱 팅글 Tapping my ears",
        "description": "ASMR 귀에 박힌 돌│딱딱한 내 고막 두드리기│내 귀청소 톡톡 딱딱 팅글 Tapping my ears TINGLE\n\n\n* 일상채널\nhttps://www.youtube.com/channel/UCbhbaBMBCIJRT0PPxsYrbhw\n\n* INSTAGRAM\nhttp://www.instagram.com/y.zzu\n\n* 비즈니스 문의\nduswnk1002@naver.com\n\n* 자막 (subtitles)\nhttp://www.youtube.com/timedtext_cs_panel?tab=2&c=UCjypzyxU_p0_0ElbWSi8QQw\n\n* 멤버십 가입\nhttps://www.youtube.com/channel/UCjypzyxU_p0_0ElbWSi8QQw/join\n\n\n※ASMR이란?\n심리적 안정을 유도하는 영상입니다.\n힐링을 원하는 청취자들에게 안정감을 주고,불면증에 도움이 됩니다.",
        "thumbnail": "https://i.ytimg.com/vi/9pc-gR61OcU/mqdefault.jpg",
        "youtubeVideoId": "9pc-gR61OcU",
        "uploadedDate": "2021-04-06T13:30:49Z",
        "viewCount": 171709,
        "isCommercial": "False"
    },
    {
        "id": "0d64c08d-04fd-4251-8d88-553b8aa7015c",
        "title": "ASMR 귀야호👂🏻 고막 가까이에서 나는 팅글소리들과 편안하게 쓸어내리는 브러슁 (고막마사지,마이크 스크래치,태핑)",
        "description": "00:01 preview\n00:31 Massaging your eardrums + ear brushing\n18:08 mic scratching earcleaning + ear brushing\n31:14 mic tapping (nail) + ear brushing\n\n00:01 미리보기\n00:31 고막 마사지 + 귓 속 쓸어내리는 브러슁\n18:08 손톱으로 마이크 스크래칭 귀청소 + 브러슁\n31:14 손톱으로 마이크 탭핑 + 브러슁\n\n\n* 일상채널\nhttps://www.youtube.com/channel/UCbhbaBMBCIJRT0PPxsYrbhw\n\n* INSTAGRAM\nhttp://www.instagram.com/y.zzu \n\n* 비즈니스 문의\nduswnk1002@naver.com\n\n* 자막 (subtitles)\nhttp://www.youtube.com/timedtext_cs_panel?tab=2&c=UCjypzyxU_p0_0ElbWSi8QQw\n\n* 멤버십 가입\nhttps://www.youtube.com/channel/UCjypzyxU_p0_0ElbWSi8QQw/join\n\n\n※ASMR이란?\n심리적 안정을 유도하는 영상입니다.\n힐링을 원하는 청취자들에게 안정감을 주고,불면증에 도움이 됩니다.",
        "thumbnail": "https://i.ytimg.com/vi/4E7fjVX9f1Y/mqdefault.jpg",
        "youtubeVideoId": "4E7fjVX9f1Y",
        "uploadedDate": "2021-03-25T16:03:53Z",
        "viewCount": 661109,
        "isCommercial": "False"
    },
    {
        "id": "ff04f515-93bc-4c2a-b953-31444be0bacc",
        "title": "to. ASMR 고인물들에게, 이건 빠르기만한 팅글이 아니랍니다",
        "description": "to. ASMR 고인물들에게, 팅글\nto. People who are used to Tingle, Come on ! (deep intense earcleaning)\n\n\n\n* 일상채널\nhttps://www.youtube.com/channel/UCbhbaBMBCIJRT0PPxsYrbhw\n\n* INSTAGRAM\nhttp://www.instagram.com/y.zzu\n\n* 비즈니스 문의\nduswnk1002@naver.com\n\n* 자막 (subtitles)\nhttp://www.youtube.com/timedtext_cs_panel?tab=2&c=UCjypzyxU_p0_0ElbWSi8QQw\n\n* 멤버십 가입\nhttps://www.youtube.com/channel/UCjypzyxU_p0_0ElbWSi8QQw/join\n\n\n※ASMR이란?\n심리적 안정을 유도하는 영상입니다.\n힐링을 원하는 청취자들에게 안정감을 주고,불면증에 도움이 됩니다.",
        "thumbnail": "https://i.ytimg.com/vi/tvlc_KpINZ4/mqdefault.jpg",
        "youtubeVideoId": "tvlc_KpINZ4",
        "uploadedDate": "2021-03-16T12:07:13Z",
        "viewCount": 381271,
        "isCommercial": "False"
    },
    {
        "id": "29eb5689-794a-4707-a696-69a2cb68e9fd",
        "title": "ASMR No talking 팅글 가득 꼼꼼한 귀 관리 풀코스 (귀소독,귀청소,귀마사지 등)  Doing your Earcleaning sound",
        "description": "ASMR No talking 팅글 가득 꼼꼼한 귀 관리 풀코스 (귀소독,귀청소,귀마사지 등)  Doing your Earcleaning sound (TINLGE)\n\nASMR No talking TINGLY EAR CLEANING SHOP Full course (Ear disinfection, ear cleaning, ear massage...)\n\n[타임라인]\n00:25 차트 쓰기\n01:10 귀 살짝 찌르며 상태 체크\n01:40 맨손으로 귀 만지기, 귀 마사지\n03:10 라텍스 장갑 만지고 끼는 소리\n04:02 알콜솜 만지고 뜯는 소리\n05:01 소독솜으로 귀 닦기(귀 소독)\n08:01 두번째 알콜솜 뜯기\n08:08 핀셋에 소독솜으로 귀 소독 톡톡톡\n10:53 쇠 귀이개 귀청소\n27:03 면봉 귀이개 귀청소\n39:23 솜털로 귀 먼지 털어내기, 약간의 이어블로잉\n39:39 귀마사지 크림 짜기\n39:48 귀마사지 크림 섞기\n41:29 로션 귀마사지,귀 지압\n48:24 젖은 해면으로 귀 닦아내기\n49:07 마무리\n49:18 감사합니다\n\n[TIMELINE]\n00:25 Write a chart\n01:10 Check the condition your ear\n01:40 ear touching, ear massage\n03:10 Latex glove touching and pinching\n04:02 alcohol cotton touching \n05:01 ears disinfection\n08:01 Second alcohol cotton tear\n08:08 Disinfectant cotton in tweezers\n10:53 metal earpick ear cleaning\n27:03 Cotton swab earpick ear cleaning\n39:23 Dust off ears with down wool, ear blowing\n39:39 Ear massage cream\n39:48 Ear massage cream mixing\n41:29 Lotion ear massage, ear acupressure\n48:24 Wipe your ears with a wet sponge\n49:07 finish\n49:18 Thank you\n\n\n* 일상채널\nhttps://www.youtube.com/channel/UCbhbaBMBCIJRT0PPxsYrbhw\n\n* INSTAGRAM\nhttp://www.instagram.com/y.zzu\n\n* 비즈니스 문의\nduswnk1002@naver.com\n\n* 자막 (subtitles)\nhttp://www.youtube.com/timedtext_cs_panel?tab=2&c=UCjypzyxU_p0_0ElbWSi8QQw\n\n* 멤버십 가입\nhttps://www.youtube.com/channel/UCjypzyxU_p0_0ElbWSi8QQw/join\n\n\n※ASMR이란?\n심리적 안정을 유도하는 영상입니다.\n힐링을 원하는 청취자들에게 안정감을 주고,불면증에 도움이 됩니다.",
        "thumbnail": "https://i.ytimg.com/vi/np7mTS0sh60/mqdefault.jpg",
        "youtubeVideoId": "np7mTS0sh60",
        "uploadedDate": "2021-03-11T12:01:35Z",
        "viewCount": 235192,
        "isCommercial": "False"
    },
    {
        "id": "228b5b4a-beff-4088-8e3e-f02dd51dd8df",
        "title": "[한시간 ASMR] 귀를 꾸욱 눌렀다 뗐다 조용하고 먹먹한 팅글 Ear cupping∙Mic touching∙3DIO∙NOTALKING TINGLE [1HOUR ASMR]",
        "description": "[한시간 ASMR] 귀를 꾸욱 눌렀다 뗐다 조용하고 먹먹한 팅글 Ear cupping∙Mic touching∙3DIO∙NOTALKING TINGLE [1HOUR ASMR]\n\n* 일상채널\nhttps://www.youtube.com/channel/UCbhbaBMBCIJRT0PPxsYrbhw\n\n* INSTAGRAM\nhttp://www.instagram.com/y.zzu\n\n* 비즈니스 문의\nduswnk1002@naver.com\n\n* 자막 (subtitles)\nhttp://www.youtube.com/timedtext_cs_panel?tab=2&c=UCjypzyxU_p0_0ElbWSi8QQw\n\n* 멤버십 가입\nhttps://www.youtube.com/channel/UCjypzyxU_p0_0ElbWSi8QQw/join\n\n\n※ASMR이란?\n심리적 안정을 유도하는 영상입니다.\n힐링을 원하는 청취자들에게 안정감을 주고,불면증에 도움이 됩니다.",
        "thumbnail": "https://i.ytimg.com/vi/qhJ5_Xgs9NU/mqdefault.jpg",
        "youtubeVideoId": "qhJ5_Xgs9NU",
        "uploadedDate": "2021-02-03T14:01:42Z",
        "viewCount": 187440,
        "isCommercial": "False"
    },
    {
        "id": "aa8f6d3c-f9a8-45a1-809f-c628269300e3",
        "title": "ASMR (초보주의🚫) 달팽이관을 빙글뱅글 빠른 팅글 가득 마이크 긁기, 이어커핑, 귀청소 Fast tingle sounds",
        "description": "* 일상채널\nhttps://www.youtube.com/channel/UCbhbaBMBCIJRT0PPxsYrbhw\n\n* INSTAGRAM\nhttp://www.instagram.com/y.zzu\n\n* 비즈니스 문의\nduswnk1002@naver.com\n\n* 자막 (subtitles)\nhttp://www.youtube.com/timedtext_cs_panel?tab=2&c=UCjypzyxU_p0_0ElbWSi8QQw\n\n* 멤버십 가입\nhttps://www.youtube.com/channel/UCjypzyxU_p0_0ElbWSi8QQw/join\n\n\n※ASMR이란?\n심리적 안정을 유도하는 영상입니다.\n힐링을 원하는 청취자들에게 안정감을 주고,불면증에 도움이 됩니다.",
        "thumbnail": "https://i.ytimg.com/vi/7LijVbHqs6k/mqdefault.jpg",
        "youtubeVideoId": "7LijVbHqs6k",
        "uploadedDate": "2021-01-30T12:06:22Z",
        "viewCount": 379199,
        "isCommercial": "False"
    },
    {
        "id": "c914e5c2-0d2d-43d5-8ba7-54e71bf7b339",
        "title": "ASMR 니트로 마이크 쓰다듬는게 이렇게 팅글 돋을 일인가 thick knitwear earcleaning, mic touching",
        "description": "* 일상채널\nhttps://www.youtube.com/channel/UCbhbaBMBCIJRT0PPxsYrbhw\n\n* INSTAGRAM\nhttp://www.instagram.com/y.zzu\n\n* 비즈니스 문의\nduswnk1002@naver.com\n\n* 자막 (subtitles)\nhttp://www.youtube.com/timedtext_cs_panel?tab=2&c=UCjypzyxU_p0_0ElbWSi8QQw\n\n* 멤버십 가입\nhttps://www.youtube.com/channel/UCjypzyxU_p0_0ElbWSi8QQw/join\n\n\n※ASMR이란?\n심리적 안정을 유도하는 영상입니다.\n힐링을 원하는 청취자들에게 안정감을 주고,불면증에 도움이 됩니다.",
        "thumbnail": "https://i.ytimg.com/vi/z6ppODBGJdE/mqdefault.jpg",
        "youtubeVideoId": "z6ppODBGJdE",
        "uploadedDate": "2021-01-16T15:55:38Z",
        "viewCount": 121089,
        "isCommercial": "False"
    },
    {
        "id": "b4f68a2f-d271-4b46-b194-e8b357896133",
        "title": "ASMR 귀지가 걸리는 바스락 귀청소 1시간│Crunch Ear Cleaning│3DIO TINLGE",
        "description": "ASMR 귀지가 걸리는 바스락 귀청소 1시간│Crunch Ear Cleaning│3DIO TINLGE\n\n* 일상채널\nhttps://www.youtube.com/channel/UCbhbaBMBCIJRT0PPxsYrbhw\n\n* INSTAGRAM\nhttp://www.instagram.com/y.zzu\n\n* 비즈니스 문의\nduswnk1002@naver.com\n\n* 자막 (subtitles)\nhttp://www.youtube.com/timedtext_cs_panel?tab=2&c=UCjypzyxU_p0_0ElbWSi8QQw\n\n* 멤버십 가입\nhttps://www.youtube.com/channel/UCjypzyxU_p0_0ElbWSi8QQw/join\n\n\n※ASMR이란?\n심리적 안정을 유도하는 영상입니다.\n힐링을 원하는 청취자들에게 안정감을 주고,불면증에 도움이 됩니다.",
        "thumbnail": "https://i.ytimg.com/vi/z6x51k8UNes/mqdefault.jpg",
        "youtubeVideoId": "z6x51k8UNes",
        "uploadedDate": "2021-01-09T13:31:41Z",
        "viewCount": 152171,
        "isCommercial": "False"
    },
    {
        "id": "36074ad1-0fb2-4168-ab61-727efd209b1b",
        "title": "ASMR 쫀~득하게 잠이오는 귀마사지│Ear massage NOTALKING 1HOUR",
        "description": "ASMR 쫀~득 챱챱 귀마사지│Ear massage NOTALKING 1HOUR\n\n* 일상채널\nhttps://www.youtube.com/channel/UCbhbaBMBCIJRT0PPxsYrbhw\n\n* INSTAGRAM\nhttp://www.instagram.com/y.zzu\n\n* 비즈니스 문의\nduswnk1002@naver.com\n\n* 자막 (subtitles)\nhttp://www.youtube.com/timedtext_cs_panel?tab=2&c=UCjypzyxU_p0_0ElbWSi8QQw\n\n* 멤버십 가입\nhttps://www.youtube.com/channel/UCjypzyxU_p0_0ElbWSi8QQw/join\n\n\n※ASMR이란?\n심리적 안정을 유도하는 영상입니다.\n힐링을 원하는 청취자들에게 안정감을 주고,불면증에 도움이 됩니다.",
        "thumbnail": "https://i.ytimg.com/vi/cfiWprCeWMU/mqdefault.jpg",
        "youtubeVideoId": "cfiWprCeWMU",
        "uploadedDate": "2020-12-31T12:12:01Z",
        "viewCount": 189055,
        "isCommercial": "False"
    },
    {
        "id": "1623338c-571d-4e1b-a037-2e3233befa2c",
        "title": "드디어 팅글 못 느끼는 ASMR 썩은물을 위한 소리를 연구했습니다. 빠른 팅글 레이어드 Layered Mic Nibbling Mouth Sounds TINGLE 입소리,단어반복 등",
        "description": "[TIMELINE]\n\n00:14 톡톡톡 빠른 단어반복\n01:04 왈ㄹ라라ㄹㄹ랄 빠른 단어반복\n01:42 가득가득 빠른 단어반복\n02:30 차분하면서도 빠른 니블링\n13:31 니블링 레이어드 (강한팅글,정신없음주의)\n39:20 니블링+빠른 단어반복 레이어드 (더 강한 팅글, 더 정신없음)\n\n00:14 toktoktok fast trigger words\n01:04 lalalal fast trigger words (tongue click)\n01:42 ‘가득가득’ korean fast trigger words\n02:30 calm&fast mic nibbling\n13:31 mic nibbling layered (intense tingle)\n39:20 mic nibbling + fast trigger words (super tingle)\n\n\n[ASMR] 팅글 못 느끼는 ASMR 썩은물을 위한 강력한 입소리&니블링&단어반복│빠른 팅글 레이어드 Layered Mic Nibbling Mouth Sounds TINGLE!!!\n\n* 일상채널\nhttps://www.youtube.com/channel/UCbhbaBMBCIJRT0PPxsYrbhw\n\n* INSTAGRAM\nhttp://www.instagram.com/y.zzu\n\n* 비즈니스 문의\nduswnk1002@naver.com\n\n* 자막 (subtitles)\nhttp://www.youtube.com/timedtext_cs_panel?tab=2&c=UCjypzyxU_p0_0ElbWSi8QQw\n\n* 멤버십 가입\nhttps://www.youtube.com/channel/UCjypzyxU_p0_0ElbWSi8QQw/join\n\n\n※ASMR이란?\n심리적 안정을 유도하는 영상입니다.\n힐링을 원하는 청취자들에게 안정감을 주고,불면증에 도움이 됩니다.",
        "thumbnail": "https://i.ytimg.com/vi/ZCjHQL287qE/mqdefault.jpg",
        "youtubeVideoId": "ZCjHQL287qE",
        "uploadedDate": "2020-12-29T16:33:46Z",
        "viewCount": 2478330,
        "isCommercial": "False"
    },
    {
        "id": "e031c67a-7e10-47f7-a590-d845a8151ebe",
        "title": "ASMR 딱딱한 귀 두드리고 만지면서 속삭이는 수다 위스퍼링│Ear touching,tapping & Whispering│나의 새로운취미,감사 (NO TALKING 13:49 ~)",
        "description": "ASMR 딱딱한 귀 두드리고 만지면서 속삭이는 수다 위스퍼링│Ear touching,tapping & Whispering│나의 새로운취미,감사인사 (NO TALKING 13:49 ~)\n\n* 일상채널\nhttps://www.youtube.com/channel/UCbhbaBMBCIJRT0PPxsYrbhw\n\n* INSTAGRAM\nhttp://www.instagram.com/y.zzu\n\n* 비즈니스 문의\nduswnk1002@naver.com\n\n* 자막 (subtitles)\nhttp://www.youtube.com/timedtext_cs_panel?tab=2&c=UCjypzyxU_p0_0ElbWSi8QQw\n\n* 멤버십 가입\nhttps://www.youtube.com/channel/UCjypzyxU_p0_0ElbWSi8QQw/join\n\n\n※ASMR이란?\n심리적 안정을 유도하는 영상입니다.\n힐링을 원하는 청취자들에게 안정감을 주고,불면증에 도움이 됩니다.",
        "thumbnail": "https://i.ytimg.com/vi/FYthy1-Ck0U/mqdefault.jpg",
        "youtubeVideoId": "FYthy1-Ck0U",
        "uploadedDate": "2020-12-14T12:38:20Z",
        "viewCount": 117657,
        "isCommercial": "False"
    },
    {
        "id": "2f8d878f-f7a6-4cd2-966b-c32849a12cbe",
        "title": "1시간 ASMR (초보금지🚫) 팅글로 정신이 혼미해지고 싶다면 들어와보세요.│빠른 마이크 긁기, 이어커핑, 빠른 귀청소 Fast tingle sounds",
        "description": "* 일상채널\nhttps://www.youtube.com/channel/UCbhbaBMBCIJRT0PPxsYrbhw\n\n* INSTAGRAM\nhttp://www.instagram.com/y.zzu\n\n* 비즈니스 문의\nduswnk1002@naver.com\n\n* 자막 (subtitles)\nhttp://www.youtube.com/timedtext_cs_panel?tab=2&c=UCjypzyxU_p0_0ElbWSi8QQw\n\n* 멤버십 가입\nhttps://www.youtube.com/channel/UCjypzyxU_p0_0ElbWSi8QQw/join\n\n\n※ASMR이란?\n심리적 안정을 유도하는 영상입니다.\n힐링을 원하는 청취자들에게 안정감을 주고,불면증에 도움이 됩니다.",
        "thumbnail": "https://i.ytimg.com/vi/KlapQI9fD_Q/mqdefault.jpg",
        "youtubeVideoId": "KlapQI9fD_Q",
        "uploadedDate": "2020-12-06T12:28:12Z",
        "viewCount": 678816,
        "isCommercial": "False"
    },
    {
        "id": "5e6fe026-9922-47f4-bc08-6a2e20400d12",
        "title": "ASMR 여기 만지면 진짜 팅글온다던데│뇌 쭈물거리는 기분?│뇌마사지│마이크 건드리기,마이크 긁기 Tingle brain massage,touch",
        "description": "ASMR 여기 만지면 진짜 팅글온다던데│뇌 쭈물거리는 기분?│뇌마사지│마이크 건드리기,마이크 긁기 Tingle brain massage,touch\n\n* 일상채널\nhttps://www.youtube.com/channel/UCbhbaBMBCIJRT0PPxsYrbhw\n\n* INSTAGRAM\nhttp://www.instagram.com/y.zzu\n\n* 비즈니스 문의\nduswnk1002@naver.com\n\n* 자막 (subtitles)\nhttp://www.youtube.com/timedtext_cs_panel?tab=2&c=UCjypzyxU_p0_0ElbWSi8QQw\n\n* 멤버십 가입\nhttps://www.youtube.com/channel/UCjypzyxU_p0_0ElbWSi8QQw/join\n\n\n※ASMR이란?\n심리적 안정을 유도하는 영상입니다.\n힐링을 원하는 청취자들에게 안정감을 주고,불면증에 도움이 됩니다.",
        "thumbnail": "https://i.ytimg.com/vi/2cuseWTvWF4/mqdefault.jpg",
        "youtubeVideoId": "2cuseWTvWF4",
        "uploadedDate": "2020-12-03T12:06:33Z",
        "viewCount": 419411,
        "isCommercial": "False"
    },
    {
        "id": "780a8f36-f9ef-4737-8c6c-c5c0417a3384",
        "title": "1시간 귀청소 ASMR│까드득,바스락,딱딱,건조 취향따라 듣는 팅글 귀청소│Various Tingle Earcleaning",
        "description": "[Timeline]\n\n00:07 미리보기 preview\n\n01:19 \r솜털귀이개 귀청소 (바스락,꽉찬귀지)\n01:19 fluffy earcleaning\n\n24:06 \r플라스틱 귀이개 귀청소 (까드득거리는 귀지)\n24:06 plastic earcleaning\n\n40:12~\r쇠로 만든 여드름 압출기\r (딱딱한 귀지)\niron pimple extractor earcleaning\n\n56:42 면봉귀이개 귀청소 (건조한 귀지)\n56:42 cotton swab earcleaning\n\n\n\n1시간 귀청소 ASMR│까드득,바스락,딱딱 취향따라 듣는 팅글 귀청소│Various Tingle Earcleaning\n\n\n* 일상채널\nhttps://www.youtube.com/channel/UCbhbaBMBCIJRT0PPxsYrbhw\n\n* INSTAGRAM\nhttp://www.instagram.com/y.zzu\n\n* 비즈니스 문의\nduswnk1002@naver.com\n\n* 자막 (subtitles)\nhttp://www.youtube.com/timedtext_cs_panel?tab=2&c=UCjypzyxU_p0_0ElbWSi8QQw\n\n* 멤버십 가입\nhttps://www.youtube.com/channel/UCjypzyxU_p0_0ElbWSi8QQw/join\n\n\n※ASMR이란?\n심리적 안정을 유도하는 영상입니다.\n힐링을 원하는 청취자들에게 안정감을 주고,불면증에 도움이 됩니다.",
        "thumbnail": "https://i.ytimg.com/vi/QdkZLwh23Js/mqdefault.jpg",
        "youtubeVideoId": "QdkZLwh23Js",
        "uploadedDate": "2020-11-27T12:25:15Z",
        "viewCount": 322844,
        "isCommercial": "False"
    },
    {
        "id": "822bcf5c-66ca-4469-82b7-4679a953b4b8",
        "title": "ASMR 별건 아니고 그냥 끈적한 손으로 너 귀 만지면 어떨까 하는 그런 생각에 해봤는데 좀 별로인듯 Sticky Sounds NOTALKING",
        "description": "ASMR 별건 아니고 그냥 끈적한 손으로 너 귀 만지면 어떨까 하는 그런 생각에 해봤는데 좀 별로인듯.. Sticky Sounds NOTALKING\n\n\n촬영하려고 찍은게 아니라... 소리 이것저것 내보고 연구하다 찍은거라\n머리는 산발, 얼굴도 엉망인데.. 소리가 꽤 좋아서 이래저래 편집해 올려봐요.\n\nI didn't take it to film it. I've been studying this and that.\nShe's got messy hair. She's a messes. The sound is pretty good, so edit it and upload it.\n\n\n•제가 팀원으로 함께하는 만들기 채널 많은 사랑과 구독과 좋아요와 댓글 부탁드립니다 !\nPlease subscribe to yeonchu’s make-up channel as a team member.\nhttps://www.youtube.com/channel/UCCS8nxHUyUG8KuttHmOht8w\n\n•인스타그램 팔로우를 하시면 연츄의 셀카와 일상을 더욱 더 친근하게 보고 소통 할 수 있어요.\nInstargram follow me\nhttp://www.instagram.com/y.zzu\n\n\n\n* 일상채널\nhttps://www.youtube.com/channel/UCbhbaBMBCIJRT0PPxsYrbhw\n\n* INSTAGRAM\nhttp://www.instagram.com/y.zzu\n\n* 비즈니스 문의\nduswnk1002@naver.com\n\n* 자막 (subtitles)\nhttp://www.youtube.com/timedtext_cs_panel?tab=2&c=UCjypzyxU_p0_0ElbWSi8QQw\n\n* 멤버십 가입\nhttps://www.youtube.com/channel/UCjypzyxU_p0_0ElbWSi8QQw/join\n\n\n※ASMR이란?\n심리적 안정을 유도하는 영상입니다.\n힐링을 원하는 청취자들에게 안정감을 주고,불면증에 도움이 됩니다.",
        "thumbnail": "https://i.ytimg.com/vi/72vA19rp7II/mqdefault.jpg",
        "youtubeVideoId": "72vA19rp7II",
        "uploadedDate": "2020-11-23T12:06:58Z",
        "viewCount": 117942,
        "isCommercial": "False"
    },
    {
        "id": "96e963ee-f060-48c2-b537-9549499b2a18",
        "title": "ASMR 쫄깃한 귀마사지와 귀탭핑 (맨손&바세린) Ear massage, Ear tapping (bare hands&vaseline) tingle",
        "description": "ASMR 쫄깃한 귀마사지 팅글_순한 맛 (맨손&바세린) Ear massage (bare hands&vaseline) tingle\n\n\n00:10 맨손 귀마사지,귀 태핑\n00:10 ear massage,ear tapping with bare hands\n\n19:34 바세린 귀마사지,귀 태핑\n19:34 ear massage,ear tapping with vaseline\n\n\n* 일상채널\nhttps://www.youtube.com/channel/UCbhbaBMBCIJRT0PPxsYrbhw\n\n* INSTAGRAM\nhttp://www.instagram.com/y.zzu\n\n* 비즈니스 문의\nduswnk1002@naver.com\n\n* 자막 (subtitles)\nhttp://www.youtube.com/timedtext_cs_panel?tab=2&c=UCjypzyxU_p0_0ElbWSi8QQw\n\n* 멤버십 가입\nhttps://www.youtube.com/channel/UCjypzyxU_p0_0ElbWSi8QQw/join\n\n* 비고라이브\nID: yeonchuasmr (또는 \"연츄\" 검색)\n https://bigolive.onelink.me/sG8X/YEONCHU \n\n\n※ASMR이란?\n심리적 안정을 유도하는 영상입니다.\n힐링을 원하는 청취자들에게 안정감을 주고,불면증에 도움이 됩니다.",
        "thumbnail": "https://i.ytimg.com/vi/EsgLb9quMuw/mqdefault.jpg",
        "youtubeVideoId": "EsgLb9quMuw",
        "uploadedDate": "2020-10-28T12:54:38Z",
        "viewCount": 147480,
        "isCommercial": "False"
    },
    {
        "id": "02ab89d5-a830-433d-a762-c39f17892a3a",
        "title": "ASMR 따뜻한 이어블로잉과 귀 쓰다듬기│기분 좋은 팅글│양쪽 동시 레이어드 귀에 바람│Ear blowing & Ear touching (tingle layered 25:00~)",
        "description": "*이어폰을 착용하시면 더욱 리얼하게 감상하실 수 있습니다.\n\n*양쪽 동시 레이어드 사운드는 25:00 부터이니,\n부드러운 편안함을 원하시는 분들은 00:10~25:00 을 !\n더 강한 팅글과 많은 소리를 원하시는 분들은\n25:00~54:00 을 들어주세요.\n\n*tingle layered sounds 25:00 ~\ngood ningt, thank you ♡\nplease use earphones !\n\n\n-----------------------------------------------------------------------------------------------\n\n\n* 일상채널\nhttps://www.youtube.com/channel/UCbhbaBMBCIJRT0PPxsYrbhw\n\n* INSTAGRAM\nhttp://www.instagram.com/y.zzu\n\n* 비즈니스 문의\nduswnk1002@naver.com\n\n* 자막 (subtitles)\nhttp://www.youtube.com/timedtext_cs_panel?tab=2&c=UCjypzyxU_p0_0ElbWSi8QQw\n\n* 멤버십 가입\nhttps://www.youtube.com/channel/UCjypzyxU_p0_0ElbWSi8QQw/join\n\n\n※ASMR이란?\n심리적 안정을 유도하는 영상입니다.\n힐링을 원하는 청취자들에게 안정감을 주고,불면증에 도움이 됩니다.\n\nASMR 포근한 이어블로잉과 귀 쓰다듬기│기분 좋은 팅글│양쪽 동시 레이어드 귀에 바람│Ear blowing & Ear touching (tingle layered 25:00~)",
        "thumbnail": "https://i.ytimg.com/vi/tK2CGYYnkXU/mqdefault.jpg",
        "youtubeVideoId": "tK2CGYYnkXU",
        "uploadedDate": "2020-10-24T12:04:56Z",
        "viewCount": 478949,
        "isCommercial": "False"
    },
    {
        "id": "09320d13-b8eb-472a-ab5a-bdb968d56bfb",
        "title": "[한시간 ASMR] 손톱과 손가락으로 고막에 붙은 귀지 깊은 귀청소👂🏻 팅글 (양쪽 동시)│Intense Finger,nail earcleaning",
        "description": "ASMR 손톱과 손가락으로 고막에 붙은 귀지 깊은 귀청소 팅글│Finger,nail earcleaning\n\n* 일상채널\nhttps://www.youtube.com/channel/UCbhbaBMBCIJRT0PPxsYrbhw\n\n* INSTAGRAM\nhttp://www.instagram.com/y.zzu\n\n* 비즈니스 문의\nduswnk1002@naver.com\n\n* 자막 (subtitles)\nhttp://www.youtube.com/timedtext_cs_panel?tab=2&c=UCjypzyxU_p0_0ElbWSi8QQw\n\n* 멤버십 가입\nhttps://www.youtube.com/channel/UCjypzyxU_p0_0ElbWSi8QQw/join\n\n* 비고라이브\nID: yeonchuasmr (또는 \"연츄\" 검색)\n https://bigolive.onelink.me/sG8X/YEONCHU \n\n\n※ASMR이란?\n심리적 안정을 유도하는 영상입니다.\n힐링을 원하는 청취자들에게 안정감을 주고,불면증에 도움이 됩니다.",
        "thumbnail": "https://i.ytimg.com/vi/Ql268hFSgfo/mqdefault.jpg",
        "youtubeVideoId": "Ql268hFSgfo",
        "uploadedDate": "2020-10-19T12:01:51Z",
        "viewCount": 242855,
        "isCommercial": "False"
    },
    {
        "id": "380fb4bf-f690-403c-89ad-bd95c05f9eea",
        "title": "ASMR 귀에 물집 만들고 터뜨리는 이상하고 희한한 자극적 귀 주사│To blister and pop in the ear│Ear wind blowing INJECTION",
        "description": "ASMR 귀에 물집 만들고 터뜨리는 이상하고 희한한 소리│바람빠지는 소리│To blister and pop in the ear│Ear Balloon wind blowing 귀 주사 ear injection\n\n\n* 일상채널\nhttps://www.youtube.com/channel/UCbhbaBMBCIJRT0PPxsYrbhw\n\n* INSTAGRAM\nhttp://www.instagram.com/y.zzu\n\n* 비즈니스 문의\nduswnk1002@naver.com\n\n* 자막 (subtitles)\nhttp://www.youtube.com/timedtext_cs_panel?tab=2&c=UCjypzyxU_p0_0ElbWSi8QQw\n\n* 멤버십 가입\nhttps://www.youtube.com/channel/UCjypzyxU_p0_0ElbWSi8QQw/join\n\n* 비고라이브\nID: yeonchuasmr (또는 \"연츄\" 검색)\n https://bigolive.onelink.me/sG8X/YEONCHU \n\n\n※ASMR이란?\n심리적 안정을 유도하는 영상입니다.\n힐링을 원하는 청취자들에게 안정감을 주고,불면증에 도움이 됩니다.",
        "thumbnail": "https://i.ytimg.com/vi/rkkQEeEv0xo/mqdefault.jpg",
        "youtubeVideoId": "rkkQEeEv0xo",
        "uploadedDate": "2020-10-15T17:36:11Z",
        "viewCount": 155630,
        "isCommercial": "False"
    },
    {
        "id": "237995e1-b999-455a-afd5-6136d4d0b747",
        "title": "ASMR 처음보는데 귀청소해주는 옆자리 환자..;;│병원 롤플레이 Hospital Earcleaning RP",
        "description": "ASMR 처음보는데 귀청소해주는 옆자리 환자..│병원 롤플레이 Hospital Earcleaning RP\n\n* 일상채널\nhttps://www.youtube.com/channel/UCbhbaBMBCIJRT0PPxsYrbhw\n\n* INSTAGRAM\nhttp://www.instagram.com/y.zzu\n\n* 비즈니스 문의\nduswnk1002@naver.com\n\n* 자막 (subtitles)\nhttp://www.youtube.com/timedtext_cs_panel?tab=2&c=UCjypzyxU_p0_0ElbWSi8QQw\n\n* 멤버십 가입\nhttps://www.youtube.com/channel/UCjypzyxU_p0_0ElbWSi8QQw/join\n\n\n\n※ASMR이란?\n심리적 안정을 유도하는 영상입니다.\n힐링을 원하는 청취자들에게 안정감을 주고,불면증에 도움이 됩니다.",
        "thumbnail": "https://i.ytimg.com/vi/add9sK-kDL4/mqdefault.jpg",
        "youtubeVideoId": "add9sK-kDL4",
        "uploadedDate": "2020-09-29T12:09:48Z",
        "viewCount": 206927,
        "isCommercial": "False"
    },
    {
        "id": "1d64be39-0995-4286-9d31-54bc0c3b4daa",
        "title": "[한시간ASMR] 귀를 꾸욱👂🏻조용하고 먹먹한 팅글 Ear cupping∙Mic touching NOTALKING TINGLE 귀 막기",
        "description": "* 일상채널\nhttps://www.youtube.com/channel/UCbhbaBMBCIJRT0PPxsYrbhw\n\n* INSTAGRAM\nhttp://www.instagram.com/y.zzu\n\n* 비즈니스 문의\nduswnk1002@naver.com\n\n* 자막 (subtitles)\nhttp://www.youtube.com/timedtext_cs_panel?tab=2&c=UCjypzyxU_p0_0ElbWSi8QQw\n\n* 멤버십 가입\nhttps://www.youtube.com/channel/UCjypzyxU_p0_0ElbWSi8QQw/join\n\n* 비고라이브\nID: yeonchuasmr (또는 \"연츄\" 검색)\n https://bigolive.onelink.me/sG8X/YEONCHU \n\n\n※ASMR이란?\n심리적 안정을 유도하는 영상입니다.\n힐링을 원하는 청취자들에게 안정감을 주고,불면증에 도움이 됩니다.",
        "thumbnail": "https://i.ytimg.com/vi/wXFf7m1ALE0/mqdefault.jpg",
        "youtubeVideoId": "wXFf7m1ALE0",
        "uploadedDate": "2020-09-27T12:28:02Z",
        "viewCount": 314339,
        "isCommercial": "False"
    },
    {
        "id": "b63eb4ad-f9f4-42fc-92e4-d5850c6c4246",
        "title": "ASMR 잠이 오는 수면 귀 관리샵 Earcleaning shop roleplay",
        "description": "저번에 한번 방문해주셨던 손님이시죵 ?\n인테리어도, 코스도 저번과 많이 바뀌었답니다 !\n손님의 신상정보,, 설문조사 고런거는 저번 첫 방문 때\n이미 다 끝내서,, 오늘은 간단하게만 상담 나눠보았어요.\n다음에는 불친절한 아르바이트친구에게 귀마사지 꼭 !\n받아보세요 ~^^ 오늘도 좋은 밤 되시고, 꿀잠 주무세용 💕\n\nhttps://youtu.be/dLDQTCiLVlM\n👆🏻첫 방문 회상해보기....(한시간이나 관리 받으셨네요)\n\n\nAre you the customer who visited once last time?\nThe interior and the course have changed a lot since last time. !\nYour personal information, the survey, the last time you visited,\nI've already finished it, so I just had a quick consultation today.\nNext time, make sure to give an ear massage to an unfriendly part-time friend!\nTake it. Have a good night. Have a good night.\n\nhttps://youtube/dLDQTCiLVlM\n👆🏻Remember your first visit...(You've been under management for an hour)\n\n\n\n\n* 일상채널\nhttps://www.youtube.com/channel/UCbhbaBMBCIJRT0PPxsYrbhw\n\n* INSTAGRAM\nhttp://www.instagram.com/y.zzu\n\n* 비즈니스 문의\nduswnk1002@naver.com\n\n* 자막 (subtitles)\nhttp://www.youtube.com/timedtext_cs_panel?tab=2&c=UCjypzyxU_p0_0ElbWSi8QQw\n\n* 멤버십 가입\nhttps://www.youtube.com/channel/UCjypzyxU_p0_0ElbWSi8QQw/join\n\n* 비고라이브\nID: yeonchuasmr (또는 \"연츄\" 검색)\n https://bigolive.onelink.me/sG8X/YEONCHU \n\n\n※ASMR이란?\n심리적 안정을 유도하는 영상입니다.\n힐링을 원하는 청취자들에게 안정감을 주고,불면증에 도움이 됩니다.",
        "thumbnail": "https://i.ytimg.com/vi/tgmuna22i_o/mqdefault.jpg",
        "youtubeVideoId": "tgmuna22i_o",
        "uploadedDate": "2020-09-17T12:01:33Z",
        "viewCount": 161364,
        "isCommercial": "False"
    }
]