[
    {
        "id": "4410aa6e-a3f9-4328-93be-ccdb22f99014",
        "title": "넷플릭스 쓰면 꼭 봐야하는 꿀잼 애니 모음 1탄!",
        "description": "넷플릭스를 쓰고있는데 이 애니메이션들을 안봤다?\n손해보고 있는 당신을 위한 넷플릭스 애니추천!\n\n팬아트 및 문의 : yyyjhong7@naver.com\n덕양소에게 선물하기\nhttps://fancim.me/celeb/profile.aspx?cu_id=g_evr2nVk1iE2JzVH1VVRIo4OSSJNMBGYv\n\n사용된 BGM\n🎵Music provided by 브금대통령\n🎵Track : Sakura Romance - https://youtu.be/i3PPmX7rIxY\n🎵Track : 널 만나러 가는길 - https://youtu.be/F71EcRblej0\n🎵Track : Spring Sunshine - https://youtu.be/NPNuRxtDFM0\n🎵Track : 비밀의 왈츠 - https://youtu.be/GgVP2yMRHk0\n🎵Track : 스파이 - https://youtu.be/skbPY7Inl5o\n🎵Track : Some Vintage Mood - https://youtu.be/5kGEyvMUXM4 \n\nSponsored by Netflix Korea\n#넷플릭스추천 #마이넷플리스트 #넷플릭스",
        "thumbnail": "https://i.ytimg.com/vi/pIZHC63oVXM/mqdefault.jpg",
        "youtubeVideoId": "pIZHC63oVXM",
        "uploadedDate": "2021-02-17T07:40:56Z",
        "viewCount": 1617570,
        "isCommercial": "True"
    },
    {
        "id": "8417ca74-f755-4bb2-b563-c4c4714a78a7",
        "title": "안 보면 손해 보는「넷플릭스」개꿀잼 애니 추천 2탄!",
        "description": "본 영상은 유료 광고를 포함하고 있습니다!\n\n오늘은 넷플릭스 꿀잼 애니를 알아보겠습니다!\n\n1) 사카모토입니다만 ? https://www.netflix.com/kr/title/81093690\n2) 진격의 거인 https://www.netflix.com/kr/title/70299043\n3) 십이대전 https://www.netflix.com/kr/title/80227111\n4) 고블린 슬레이어 https://www.netflix.com/kr/title/81021570\n5) 나의 히어로 아카데미아 https://www.netflix.com/kr/title/80135674\n\n문의 및 팬아트 : yyyjhong7@naver.com\n\n덕양소에게 선물하기 \nhttps://fancim.me/celeb/celebDonation.aspx?cu_id=g_evr2nVk1iE2JzVH1VVRIo4OSSJNMBGYv\n\n사용된 bgm\n🎵Music provided by 브금대통령\n🎵Track : Ending Waltz - https://youtu.be/VMuUcNQzwaI\n🎵Track : Rookie Fighter  - https://youtu.be/lua6ZjX4h2w\n🎵Track : 스파이 - https://youtu.be/skbPY7Inl5o\n\n00:00 인트로\n00:36 사카모토 입니다만?\n01:46 진격의 거인\n03:05 십이대전\n03:57 고블린 슬레이어\n04:48 나의 히어로 아카데미아\n\n#넷플릭스 #꿀잼애니 #추천",
        "thumbnail": "https://i.ytimg.com/vi/ff_PagCM0DI/mqdefault.jpg",
        "youtubeVideoId": "ff_PagCM0DI",
        "uploadedDate": "2021-02-17T07:41:09Z",
        "viewCount": 233639,
        "isCommercial": "True"
    },
    {
        "id": "b1edddc5-5aa6-430f-b3e8-7a222ba9fbcd",
        "title": "넷플릭스 쓰면서 이걸 안봤다고..? 안보면 손해보는 넷플릭스 애니 추천 9선!",
        "description": "오늘은 넷플릭스 애니 추천 영상으로 찾아왔습니다!\n\n덕양소 인스타그램: https://www.instagram.com/dukyangso/\n\n문의 및 팬아트 : yyyjhong7@naver.com\n\n덕양소에게 선물하기 - https://vo.la/YppfP\n\n편집자:정우님\n\n00:00 인트로\n00:32 1.백 스트리트 걸스\n01:14 2.간츠:O\n02:14 3.코바야시네 메이드래곤\n03:03 4.스파이 패밀리\n03:58 5.방어력 올인\n04:48 6.일곱개의 대죄\n05:31 7.슈타인즈게이트\n06:38 8.건어물 여동생! 우마루짱!\n07:14 9.약속의 네버랜드\n08:17 아웃트로\n\n사용된 bgm\n🎵Music provided by 브금대통령\n🎵Track : Fun Night in Philippines - https://youtu.be/rw5Sx5YQ4_0\n🎵Track : 햄스터의 모험 - https://youtu.be/xfFzi-ryDVQ\n🎵Track : 브금의숲 - https://youtu.be/bVMW54kAO94\n🎵Track : Titanus - https://youtu.be/y9JkL4nHjUw\n🎵Track : Dwarves' Kingdom - https://youtu.be/zlCu66G1DQc\n🎵Track : Rookie Fighter  - https://youtu.be/lua6ZjX4h2w\n🎵Track : 힙리제를 위하여 - https://youtu.be/Hcv_0Fo_Kc0\n🎵Track : Sunny Day - https://youtu.be/BvDBYj5McHE\n\n#덕양소 #넷플릭스 #넷플릭스애니",
        "thumbnail": "https://i.ytimg.com/vi/uKczdFXFaeM/mqdefault.jpg",
        "youtubeVideoId": "uKczdFXFaeM",
        "uploadedDate": "2022-06-15T08:42:47Z",
        "viewCount": 42021,
        "isCommercial": "False"
    }
]