[
    {
        "id": "cc954216-78d4-4e8e-a1c1-53389200c32e",
        "title": "사장님이 절대 손해볼 수 없는 뽑기가 있다? 락 게임의 대표 아이큐브 S자 뽑기로 멸망전 놀이 | 서울 역촌동 인형뽑기 #796) 홍성오빠 i-cube arcade game win",
        "description": "** 매일 오후 5시 업로드 **\n인스타그램 ▶ https://www.instagram.com/hongseongobba/\n페이스북 ▶ https://www.facebook.com/hongseongobba/ \n카카오톡 ▶ 친구검색에서 '홍성오빠' 검색 후 친구추가\n\n소통하는 뽑기방송!! 많은 구독 및 좋아요 눌러주시면 매일 재미있는 뽑기영상 보실 수 있습니다!^^",
        "thumbnail": "https://i.ytimg.com/vi/PLQJebb5MUA/mqdefault.jpg",
        "youtubeVideoId": "PLQJebb5MUA",
        "uploadedDate": "2020-03-09T06:18:32Z",
        "viewCount": 0,
        "isCommercial": "False"
    },
    {
        "id": "a53ecb76-656b-4162-9db8-597c3a28d767",
        "title": "락이 풀렸다! 골든박스 원피스 POP 킬러 피규어, 드론 교환권, 대형 RC카 등 싹쓸이 대박 영상 #26) 홍성오빠 One Piece Killer POP Figure Pick",
        "description": "원피스 POP 킬러 피규어, 드론 교환권, MSP 사보 피규어, 대형 RC카 등 골든박스 싹쓸이! 많은 구독 및 좋아요 눌러주시면 매일 재미있는 뽑기영상 보실 수 있습니다!^^",
        "thumbnail": "https://i.ytimg.com/vi/zrLWHVH8egc/mqdefault.jpg",
        "youtubeVideoId": "zrLWHVH8egc",
        "uploadedDate": "2020-03-08T23:31:57Z",
        "viewCount": 0,
        "isCommercial": "False"
    },
    {
        "id": "f2c2b334-0dc2-44e5-b855-912ce437a359",
        "title": "오빠 차 뽑았다 널 데리러 가 ♬ 골든박스 뽑기로 대형 포르쉐 뽑았다! #27) 홍성오빠",
        "description": "** 이벤트 당첨자 발표 영상은 저녁에 공개됩니다 ** 역시 외제차는 뽑기가 힘든 것 같아요. 많은 구독 및 좋아요 눌러주시면 매일 재미있는 뽑기영상 보실 수 있습니다!^^",
        "thumbnail": "https://i.ytimg.com/vi/R7-TR1x6EIU/mqdefault.jpg",
        "youtubeVideoId": "R7-TR1x6EIU",
        "uploadedDate": "2020-03-08T23:32:13Z",
        "viewCount": 0,
        "isCommercial": "False"
    },
    {
        "id": "23896ba6-1159-403a-9e2e-4d235da92114",
        "title": "나만 아니면 돼! 진짜 복불복 뽑기란 이런 것.. 핵꿀잼 골든박스 멸망전 PART 1 #227) 홍성오빠",
        "description": "[이벤트진행중] 자세한 것은 이벤트 영상을 참고하세요! \n\nhttps://www.instagram.com/hongseongobba/ 여러분들과 소통하기 위해 홍성오빠 인스타그램 개설!! 영상 말고도 간단하게 소통해요 여러분들~! 많은 구독 및 좋아요 눌러주시면 매일 재미있는 뽑기영상 보실 수 있습니다!^^",
        "thumbnail": "https://i.ytimg.com/vi/yYcM6FCv3c0/mqdefault.jpg",
        "youtubeVideoId": "yYcM6FCv3c0",
        "uploadedDate": "2020-03-09T05:01:04Z",
        "viewCount": 0,
        "isCommercial": "False"
    },
    {
        "id": "bdc4830d-b5c1-4f47-bd01-a21bbc2a7c01",
        "title": "나만 아니면 돼! 진짜 복불복 뽑기란 이런 것.. 핵꿀잼 골든박스 멸망전 PART 2 #228) 홍성오빠",
        "description": "[이벤트진행중] 자세한 것은 이벤트 영상을 참고하세요! \n\nhttps://www.instagram.com/hongseongobba/ 여러분들과 소통하기 위해 홍성오빠 인스타그램 개설!! 영상 말고도 간단하게 소통해요 여러분들~! 많은 구독 및 좋아요 눌러주시면 매일 재미있는 뽑기영상 보실 수 있습니다!^^",
        "thumbnail": "https://i.ytimg.com/vi/HzphAx4ra4g/mqdefault.jpg",
        "youtubeVideoId": "HzphAx4ra4g",
        "uploadedDate": "2020-03-09T05:01:11Z",
        "viewCount": 0,
        "isCommercial": "False"
    },
    {
        "id": "a28e4904-a7ed-40c0-88f8-8bb2c340225e",
        "title": "지금까지 이런 멸망전은 없었다! 25만원짜리 건담 프라모델 걸고 한판 승부 | 서산 동문동 인형뽑기 #839) 홍성오빠",
        "description": "** 매일 오후 5시 업로드 **\n인스타그램 ▶ https://www.instagram.com/hongseongobba/\n페이스북 ▶ https://www.facebook.com/hongseongobba/ \n카카오톡 ▶ 친구검색에서 '홍성오빠' 검색 후 친구추가\n\n소통하는 뽑기방송!! 많은 구독 및 좋아요 눌러주시면 매일 재미있는 뽑기영상 보실 수 있습니다!^^",
        "thumbnail": "https://i.ytimg.com/vi/hCMr5BdFGsc/mqdefault.jpg",
        "youtubeVideoId": "hCMr5BdFGsc",
        "uploadedDate": "2020-03-09T06:24:29Z",
        "viewCount": 0,
        "isCommercial": "False"
    },
    {
        "id": "8ae8d307-b282-4b85-ae18-51c00cf2d5af",
        "title": "이게 정말 락이 없다고!? 별을 쏴서 뽑는 게임에서 핵이득 각 | 공주 신관동 인형뽑기 #860) 홍성오빠",
        "description": "#인형뽑기 #홍성오빠 #슈퍼스타\n인스타그램 ▶ https://www.instagram.com/hongseongobba/\n페이스북 ▶ https://www.facebook.com/hongseongobba/ \n카카오톡 ▶ 친구검색에서 '홍성오빠' 검색 후 친구추가\n\n소통하는 뽑기방송!! 많은 구독 및 좋아요 눌러주시면 매일 재미있는 뽑기영상 보실 수 있습니다!^^",
        "thumbnail": "https://i.ytimg.com/vi/yCxGDICDCNs/mqdefault.jpg",
        "youtubeVideoId": "yCxGDICDCNs",
        "uploadedDate": "2020-03-09T06:26:25Z",
        "viewCount": 33294,
        "isCommercial": "False"
    },
    {
        "id": "ad446a03-8a50-4730-bd78-6711fd7f4fd0",
        "title": "남이 하는 걸 지켜만 봐도 이득인 뽑기가 있습니다. | 화성 수원과학대 인형뽑기 #942) 홍성오빠 Golden Box Push Machine",
        "description": "오랜만에 골든 박스 푸쉬 뽑기로 찾아왔습니다! 유동인구가 많은 곳에 있을수록, 남이 많이 하고 갈수록 나에겐 이득이 되는 뽑기죠. 흔히 볼 수 없는게 문제지만 이외 비슷한 류의 뽑기에도 다 해당됩니다 :D\n\n구독😍좋아요👍댓글💬 감사합니다!\n인스타그램 👍 https://www.instagram.com/hongseongobba/\n페이스북 👍 https://www.facebook.com/hongseongobba/ \n카카오톡 😀 홍성오빠 유튜브 오픈채팅방 official (인형뽑기)\n문의 📧 cafe_therapy@naver.com (촬영, 창업컨설팅, 스폰)\n택배 🚚 서울특별시 성동구 성수이로20길 16 JK타워 8층, 트레져헌터 (홍성오빠)\n만나는 곳 🙋‍♂️ 충청남도 홍성군 홍성읍 조양로205번길 67, 뽑기가 안되면 홍성스쿨\n\n♫intro music : Carvan Palace - Je Mamuse (R.O Remix)\n♫outro music : The Farmer In The Dell (Instrumental)\n\n#골든박스뽑기 #인형뽑기락풀기 #홍성유튜버",
        "thumbnail": "https://i.ytimg.com/vi/hRb_Yd4ucRE/mqdefault.jpg",
        "youtubeVideoId": "hRb_Yd4ucRE",
        "uploadedDate": "2020-03-09T06:39:09Z",
        "viewCount": 12643,
        "isCommercial": "False"
    }
]