[
    {
        "id": "4cb84776-4d08-4f47-944f-cd2b91493a7d",
        "title": "🔥시키면 다하는 유튜브가 낳은 괴물🔥 김범수의 세상 감미로운 실버 버튼 언박싱♬  (ft.깜짝 라이브✨) [범수의 세계]",
        "description": "#김범수 #실버버튼 #포슐라\n\n🐯범수 내려온다🐯\n안식년을 끝내고 돌아온 대한민국 탑 비주얼 가수 김범수의 2021 NEW SEASON✨\n\n매주 금요일 오후 6시에 업로드 됩니다.\n\n🎥제작: 샌드박스네트워크\n💼비즈니스 문의: youngent05@daum.net",
        "thumbnail": "https://i.ytimg.com/vi/6iHE8Vx-Vr0/mqdefault.jpg",
        "youtubeVideoId": "6iHE8Vx-Vr0",
        "uploadedDate": "2021-04-02T10:41:29Z",
        "viewCount": 22677,
        "isCommercial": "True"
    },
    {
        "id": "d23f5b89-782e-43f7-be0d-24f3ac9323ca",
        "title": "어서 와~ 브이로그는 처음이지? 만옥 누나X하준파파X주영훈과 함께 하는 첫 셀프 캠 공개! 📸 [범수의 세계]",
        "description": "#김범수 #브이로그 #컴패션\n\n🐯범수 내려온다🐯\n안식년을 끝내고 돌아온 대한민국 탑 비주얼 가수 김범수의 2021 NEW SEASON✨\n\n매주 금요일 오후 6시에 업로드 됩니다.\n\n🎥제작: 샌드박스네트워크\n💼비즈니스 문의: youngent05@daum.net",
        "thumbnail": "https://i.ytimg.com/vi/_NE0PEFeADs/mqdefault.jpg",
        "youtubeVideoId": "_NE0PEFeADs",
        "uploadedDate": "2021-04-02T10:41:38Z",
        "viewCount": 15052,
        "isCommercial": "False"
    },
    {
        "id": "30cefa6b-d348-4f3e-876e-2d4de65e4677",
        "title": "플레이리스트 하울│당신의 마음💗과 고막👂을 힐링시켜줄 찐 범수리스트 최초공개!💿 ft.김범수도 듣는 BTS ?!😲 [범수의 세계]",
        "description": "#김범수 #플레이리스트 #BTS\n\n🐯범수 내려온다🐯\n안식년을 끝내고 돌아온 대한민국 탑 비주얼 가수 김범수의 2021 NEW SEASON✨\n\n매주 금요일 오후 6시에 업로드 됩니다.\n\n🎥제작: 샌드박스네트워크\n💼비즈니스 문의: youngent05@daum.net",
        "thumbnail": "https://i.ytimg.com/vi/2LBo9OKm7EI/mqdefault.jpg",
        "youtubeVideoId": "2LBo9OKm7EI",
        "uploadedDate": "2021-05-03T02:07:53Z",
        "viewCount": 15416,
        "isCommercial": "False"
    },
    {
        "id": "82bb0676-5d3f-4514-b9ff-156eb0a4c59d",
        "title": "😎잠골버 X 김범수😎 두 얼굴 천재의 만남! 슈스케에서 봤는데 왜 기억을 못 해...? [범수의 세계]",
        "description": "#김범수 #잠골버 #안준헌\n\n🐯범수 내려온다🐯\n안식년을 끝내고 돌아온 대한민국 탑 비주얼 가수 김범수의 2021 NEW SEASON✨\n\n매주 금요일 오후 6시에 업로드 됩니다.\n\n🎥제작: 샌드박스네트워크\n💼비즈니스 문의: youngent05@daum.net",
        "thumbnail": "https://i.ytimg.com/vi/tNcjD34Z_iQ/mqdefault.jpg",
        "youtubeVideoId": "tNcjD34Z_iQ",
        "uploadedDate": "2021-05-03T02:07:53Z",
        "viewCount": 14747,
        "isCommercial": "False"
    },
    {
        "id": "f63b198d-1c0e-40c9-bbf7-89e12c75d056",
        "title": "🔥 아무도 안 해서 직접 한다🔥 찐팬과 비교해보는 김범수 앨범 속 숨은 띵곡 TOP 3 🎶 [범수의 세계]",
        "description": "#김범수 #숨은명곡 #잠골버\n\n🐯범수 내려온다🐯\n안식년을 끝내고 돌아온 대한민국 탑 비주얼 가수 김범수의 2021 NEW SEASON✨\n\n매주 금요일 오후 6시에 업로드 됩니다.\n\n🎥제작: 샌드박스네트워크\n💼비즈니스 문의: youngent05@daum.net",
        "thumbnail": "https://i.ytimg.com/vi/DPb8ATeyx6o/mqdefault.jpg",
        "youtubeVideoId": "DPb8ATeyx6o",
        "uploadedDate": "2021-05-03T02:07:53Z",
        "viewCount": 10541,
        "isCommercial": "False"
    },
    {
        "id": "77d2bf66-932f-4019-9fa1-3a9c7816051e",
        "title": "철이 없었죠 김범수에게 인기차트를 물어봤다는 게... 오답이 난무하는 벚꽃 좀비송 랭킹 맞추기! [범수의 세계]",
        "description": "#김범수 #인기차트 #봄노래\n\n🐯범수 내려온다🐯\n안식년을 끝내고 돌아온 대한민국 탑 비주얼 가수 김범수의 2021 NEW SEASON✨\n\n매주 금요일 오후 6시에 업로드 됩니다.\n\n🎥제작: 샌드박스네트워크\n💼비즈니스 문의: youngent05@daum.net",
        "thumbnail": "https://i.ytimg.com/vi/xIdcNaLr1is/mqdefault.jpg",
        "youtubeVideoId": "xIdcNaLr1is",
        "uploadedDate": "2021-05-14T09:20:01Z",
        "viewCount": 4523,
        "isCommercial": "False"
    },
    {
        "id": "bea19c45-a623-4da3-9fb3-962f97e5a0de",
        "title": "🔥김범수의 부산 콘서트🔥 근데 이제 제시와 산들을 곁들인...! [범수의 세계]",
        "description": "#김범수 #부산 #콘서트 #제시 #산들\n\n🐯범수 내려온다🐯\n안식년을 끝내고 돌아온 대한민국 탑 비주얼 가수 김범수의 2021 NEW SEASON✨\n\n매주 금요일 오후 6시에 업로드 됩니다.\n\n🎥제작: 샌드박스네트워크\n💼비즈니스 문의: youngent05@daum.net",
        "thumbnail": "https://i.ytimg.com/vi/yPW3patMPVQ/mqdefault.jpg",
        "youtubeVideoId": "yPW3patMPVQ",
        "uploadedDate": "2021-05-31T07:38:48Z",
        "viewCount": 8401,
        "isCommercial": "False"
    },
    {
        "id": "fba8e3da-d60d-495a-b14a-30ce2f73c731",
        "title": "🎵두 번째 커버 시리즈🎵 오래 기다렸지? 그만큼 신나신 거지~ 범야호🎉 [범수의 세계]",
        "description": "#김범수 #ㅇㄱㅂㅇ #커버시리즈\n\n🐯범수 내려온다🐯\n안식년을 끝내고 돌아온 대한민국 탑 비주얼 가수 김범수의 2021 NEW SEASON✨\n\n매주 금요일 오후 6시에 업로드 됩니다.\n\n🎥제작: 샌드박스네트워크\n💼비즈니스 문의: youngent05@daum.net",
        "thumbnail": "https://i.ytimg.com/vi/Yt71jKAz7kE/mqdefault.jpg",
        "youtubeVideoId": "Yt71jKAz7kE",
        "uploadedDate": "2021-05-31T07:39:02Z",
        "viewCount": 19740,
        "isCommercial": "False"
    },
    {
        "id": "402af26d-936a-40e0-b173-8563328d0ec2",
        "title": "[깜짝카메라] 복면 쓴 괴한이 알고보니 김범수ㅋㅋㅋ 40년 인생 최초 실험카메라! [범수의 세계]",
        "description": "#김범수 #깜짝카메라 #카페맛집\n\n🐯범수 내려온다🐯\n안식년을 끝내고 돌아온 대한민국 탑 비주얼 가수 김범수의 2021 NEW SEASON✨\n\n매주 금요일 오후 6시에 업로드 됩니다.\n\n🎥제작: 샌드박스네트워크\n💼비즈니스 문의: youngent05@daum.net",
        "thumbnail": "https://i.ytimg.com/vi/5ekK9YyS-ug/mqdefault.jpg",
        "youtubeVideoId": "5ekK9YyS-ug",
        "uploadedDate": "2021-06-07T01:46:32Z",
        "viewCount": 3555,
        "isCommercial": "False"
    },
    {
        "id": "421cfd0b-d1e7-406a-a588-33c7c115bc61",
        "title": "🔥범수의 세계 1주년 기념 라이브 방송! Q&A와 미니 축하공연까지?! 🎤 [범수의 세계]",
        "description": "🐯범수 내려온다🐯\n안식년을 끝내고 돌아온 대한민국 탑 비주얼 가수 김범수의 2021 NEW SEASON✨\n\n매주 금요일 오후 6시에 업로드 됩니다.\n\n🎥제작: 트레져헌터\n💼비즈니스 문의: adm@treasurehunter.co.kr\n\n#김범수 #1주년 #범수의세계",
        "thumbnail": "https://i.ytimg.com/vi/mp5E1uriEK8/mqdefault.jpg",
        "youtubeVideoId": "mp5E1uriEK8",
        "uploadedDate": "2021-07-30T01:17:31Z",
        "viewCount": 6353,
        "isCommercial": "False"
    },
    {
        "id": "45e7a785-1b6d-4591-8542-5b6595a62784",
        "title": "새로운 회사의 수상한 콘텐츠 회의 [범수의 세계]",
        "description": "🐯범수 내려온다🐯\n안식년을 끝내고 돌아온 대한민국 탑 비주얼 가수 김범수의 2021 NEW SEASON✨\n\n매주 금요일 오후 6시에 업로드 됩니다.\n\n🎥제작: 트레져헌터\n💼비즈니스 문의: adm@treasurehunter.co.kr\n\n#김범수 #범수의세계 #라이브",
        "thumbnail": "https://i.ytimg.com/vi/wV2CfjPADA0/mqdefault.jpg",
        "youtubeVideoId": "wV2CfjPADA0",
        "uploadedDate": "2021-08-07T00:46:39Z",
        "viewCount": 2282,
        "isCommercial": "False"
    },
    {
        "id": "1be800eb-113e-49be-9247-85fedd1c32c0",
        "title": "가수 인생 최대 고비.. 김범수의 밸런스게임",
        "description": "(오늘은 만우절~ㅎ)\n재미로만 봐주세요!\n\n매주 금요일 오후 6시에 업로드 됩니다.\n\n🎥제작: 트레져헌터\n💼비즈니스 문의: adm@treasurehunter.co.kr\n\n#김범수 #밸런스게임 #김나박이",
        "thumbnail": "https://i.ytimg.com/vi/jp1AzclNb6k/mqdefault.jpg",
        "youtubeVideoId": "jp1AzclNb6k",
        "uploadedDate": "2022-04-01T01:50:57Z",
        "viewCount": 23779,
        "isCommercial": "False"
    }
]