[
    {
        "id": "eda5b0c6-ba54-45cb-ad1f-8f4db21dd830",
        "title": "갤럭시를 메인폰으로 사용하는 이유. 갤럭시 vs 아이폰 장단점 비교.",
        "description": "갤럭시와 아이폰의 장단점 비교에요!\nS21과 아이폰12의 비교라기보단 갤럭시와 아이폰 생태계 전체의 비교라고 생각하시면 좋을 것 같아요!\n\n* 에이트에게 보고싶은 콘텐츠 추천하기\n\"이트야 이것좀 해보거라~\" ▼ (크롬 브라우저 추천)\nhttps://forms.gle/EityPLDpxd1XrK529\n\nTag\n#갤럭시S21 #아이폰12\n\n* (비즈니스 문의) itws8692@gmail.com\n* (일상/소통) https://www.instagram.com/at_the_endd/",
        "thumbnail": "https://i.ytimg.com/vi/wKH28VDNc_w/mqdefault.jpg",
        "youtubeVideoId": "wKH28VDNc_w",
        "uploadedDate": "2021-06-02T10:41:55Z",
        "viewCount": 2650,
        "isCommercial": "False"
    },
    {
        "id": "722f09f5-ff77-424e-a8ce-d5a8b913a523",
        "title": "갤럭시탭S7 FE 가격 얼마? S6 LITE를 잇는 가성비 갤럭시 태블릿이 될 수 있을까?",
        "description": "갤럭시탭 S7 FE 발표 소식 정리 영상입니다!\n과연 갤럭시탭 S6 LITE 처럼 스펙 이상의 무언가를 보여줄 수 있을지 궁금하네요.\n\n* 에이트에게 보고싶은 콘텐츠 추천하기\n\"이트야 이것좀 해보거라~\" ▼ (크롬 브라우저 추천)\nhttps://forms.gle/EityPLDpxd1XrK529\n\nTag\n#갤럭시탭S7FE #가성비태블릿 #갤럭시탭S6lite\n\n* (비즈니스 문의) itws8692@gmail.com\n* (일상/소통) https://www.instagram.com/at_the_endd/",
        "thumbnail": "https://i.ytimg.com/vi/oKeLjGJdfFw/mqdefault.jpg",
        "youtubeVideoId": "oKeLjGJdfFw",
        "uploadedDate": "2021-06-04T11:07:47Z",
        "viewCount": 1966,
        "isCommercial": "False"
    },
    {
        "id": "6c0970b3-57a0-4670-ab54-0894c1c0f431",
        "title": "아이패드 에어 4세대 사면 흑우라고? 정해드림. 아이패드 프로 5세대 m1 vs 에어 4세대 비교! 프로 12.9인치 리뷰",
        "description": "아이패드 프로 M1 5세대 12.4인치 vs 아이패드 에어 4세대\n비교 영상인데, 뭔가 M1 심층 리뷰가 더 많이 섞인 느낀적인 느낌..?\n\n* 에이트에게 보고싶은 콘텐츠 추천하기\n\"이트야 이것좀 해보거라~\" ▼ (크롬 브라우저 추천)\nhttps://forms.gle/EityPLDpxd1XrK529\n\nTag\n#아이패드프로m1 #아이패드에어4 #아이패드프로5세대\n\n* (비즈니스 문의) itws8692@gmail.com\n* (일상/소통) https://www.instagram.com/at_the_endd/",
        "thumbnail": "https://i.ytimg.com/vi/GtN5ReBDFDA/mqdefault.jpg",
        "youtubeVideoId": "GtN5ReBDFDA",
        "uploadedDate": "2021-06-05T11:34:53Z",
        "viewCount": 5097,
        "isCommercial": "False"
    },
    {
        "id": "ef032623-d944-43fc-bd74-46c0590ec90a",
        "title": "여기가 갤탭 장례식장인가요..? 아이패드 프로에 숨겨진 비밀!? M1 아이맥, 아이폰12 퍼플",
        "description": "아이맥에 대한 의견은 제가 실제로 사용해본 적 없는 제품이라, m1맥북프로와 성능적으로 큰 차이가 날지에 대한 개인 뇌피셜 입니닷.\n\n아이패드 프로로 인해서 꾸려질 새로운 생태계가 기대되네요.\n뭐뭐 사지..\n\n* 에이트에게 보고싶은 콘텐츠 추천하기\n\"이트야 이것좀 해보거라~\" ▼ (크롬 브라우저 추천)\nhttps://forms.gle/EityPLDpxd1XrK529\n\nTag\n#아이패드프로5세대 #아이폰12퍼플 #m1아이맥\n\n*협찬 : 해당 영상은 협찬사항 없습니다.\n* (비즈니스 문의) itws8692@gmail.com\n* (일상/소통) https://www.instagram.com/at_the_endd/\n\n*타임라인\n0:00 영상 시작쓰\n0:27 아이폰12 퍼플\n1:39 아이패드프로 5세대\n6:44 M1아이맥\n8:26 마무리 정리",
        "thumbnail": "https://i.ytimg.com/vi/MZN992XcyZs/mqdefault.jpg",
        "youtubeVideoId": "MZN992XcyZs",
        "uploadedDate": "2021-06-05T16:26:48Z",
        "viewCount": 27324,
        "isCommercial": "True"
    },
    {
        "id": "289a2025-5e0e-43b0-8665-b46b4a89eb4c",
        "title": "왜 이제 사용했을까.. S펜 7900원으로 업그레이드 하기! S펜 실리콘 케이스 나눔(완료)",
        "description": "S펜 많이 사용하는분들 정말 추천이에요!\n\n#S펜케이스 #갤럭시탭s7\n\n나눔 이벤트 하면 꼭 사칭하시는 사람들이 있기 때문에\n반드시 메일 확인할 때\n1. itws8692@gmail.com 메일로 온 것인지\n2. 에이트 채널 커뮤니티 탭 당첨 \n확인해주세요!\n(택배비도 제가 부담하기 때문에 배송을 위한 주소, 연락처, 성함 외에는 아무것도 요구하지 않습니다.)\n\n*타임라인\n0:00 세게 쳐보면..\n1:05 디자인\n1:56 장점 6가지\n7:17 단점 3가지\n9:15 나눔 이벤트 공지\n\n*협찬 : 해당영상은 협찬사항 없습니다.\n\n\"이트야 이것좀 해보거라~\" 보고싶은 콘텐츠 추천하기\nhttps://forms.gle/EityPLDpxd1XrK529\n\n* (비즈니스 문의) itws8692@gmail.com\n* (일상/소통) https://www.instagram.com/at_the_endd/",
        "thumbnail": "https://i.ytimg.com/vi/t38Y96Cmlgc/mqdefault.jpg",
        "youtubeVideoId": "t38Y96Cmlgc",
        "uploadedDate": "2021-06-05T16:26:48Z",
        "viewCount": 24509,
        "isCommercial": "False"
    },
    {
        "id": "ab8bea7b-fd93-4a06-a303-1fe1b5b8913a",
        "title": "갤럭시탭 vs 아이패드 상세비교, 둘다 써봐야 느껴지는 차이 I 팜리젝션",
        "description": "#갤럭시탭S7+ #아이패드에어4 #태블릿 #필기\n\n필기용 태블릿을 선택하시는데 도움이 되실거에요!\n\n0:00 태블릿 고민중?\n0:58 팜리젝션이란?\n3:20 실제 테스트 상황\n7:21 마무리\n\n*협찬 : 해당영상은 협찬사항 없습니다.\n\n\"이트야 이것좀 해보거라~\" 보고싶은 콘텐츠 추천하기\nhttps://forms.gle/EityPLDpxd1XrK529\n\n* (비즈니스 문의) itws8692@gmail.com\n* (일상/소통) https://www.instagram.com/at_the_endd/",
        "thumbnail": "https://i.ytimg.com/vi/iQQL1xb3WoQ/mqdefault.jpg",
        "youtubeVideoId": "iQQL1xb3WoQ",
        "uploadedDate": "2021-06-05T16:26:48Z",
        "viewCount": 33703,
        "isCommercial": "False"
    },
    {
        "id": "e1da45b7-2a6e-41b7-8a88-0e541a6709b7",
        "title": "갤럭시탭 S7, S7+ 완전 달라진 업데이트 One UI 3.1 사용기",
        "description": "완전 갬동쓰ㅠㅠ\n\n*협찬 : 해당영상은 협찬사항 없습니다.\n\n#갤럭시탭S7 #태블릿 #OneUI3.1\n안사면 0원 사면 영원!\n유용한 꿀팁/설정, 핫한 아이템, 신박한 물건, 최신 기기 리뷰의 모든 것!\n\n* (비즈니스 문의) itws8692@gmail.com\n* (일상/소통) https://www.instagram.com/at_the_endd/",
        "thumbnail": "https://i.ytimg.com/vi/w0UkhzrFO24/mqdefault.jpg",
        "youtubeVideoId": "w0UkhzrFO24",
        "uploadedDate": "2021-06-05T16:27:08Z",
        "viewCount": 80687,
        "isCommercial": "False"
    },
    {
        "id": "7d827226-0e30-45b3-8bc2-fb19b9653a28",
        "title": "갤럭시탭S7+ 선택한 6가지 이유 / 갤탭S7+ 3달 사용 vs 아이패드에어4 3주 사용기 장단점 비교",
        "description": "원래는 갤럭시탭S7 vs 아이패드에어4 특징비교로 기획했으나,\n다찍고 영상을 확인하니\n갤럭시탭S7+을 사용하는 이유라고 해야할것 같아서....ㅋㅋㅋㅋㅋ\n사실 태블릿을 사는 이유는 사고싶어서라구!\n\n#갤럭시탭S7+ #아이패드에어4 #태블릿\n\n*협찬 : 해당영상은 협찬사항 없습니다.\n\n*타임라인\n0:00 어차피..\n0:08 정답은 사고싶어서\n1:35 가격비교\n2:12 필기감 및 그립감\n3:46 멀티태스킹\n5:46 영상시청용\n6:37 생태계\n7:27 어플환경\n8:48 디스플레이\n9:41 키보드케이스\n11:23 생체인식\n12:15 매무리\n\n안사면 0원 사면 영원!\n유용한 꿀팁/설정, 핫한 아이템, 신박한 물건, 최신 기기 리뷰의 모든 것!\n\n* (비즈니스 문의) itws8692@gmail.com\n* (일상/소통) https://www.instagram.com/at_the_endd/",
        "thumbnail": "https://i.ytimg.com/vi/gpaE3r8soZo/mqdefault.jpg",
        "youtubeVideoId": "gpaE3r8soZo",
        "uploadedDate": "2021-06-05T16:27:50Z",
        "viewCount": 256104,
        "isCommercial": "False"
    },
    {
        "id": "db78212e-348f-4ad3-8f72-315fa0b2b03d",
        "title": "가성비 아이패드 나왔다!? 아이패드 에어4 I 8가지 변화 [아이패드 에어4 언박싱]",
        "description": "영상 오류로 재업했습니다ㅠㅠ\n지금은 애플펜슬 2세대 와서 사용중이지롱!\n꿀팁 많이 준비할게요~!\n\n#아이패드에어4 #ipad_air_4th #언박싱\n\n*협찬 : 해당영상은 협찬사항 없습니다.\n\n안사면 0원 사면 영원!\n유용한 꿀팁/설정, 핫한 아이템, 신박한 물건, 최신 기기 리뷰의 모든 것!\n\n* (비즈니스 문의) itws8692@gmail.com\n* (일상/소통) https://www.instagram.com/at_the_endd/",
        "thumbnail": "https://i.ytimg.com/vi/pkW296A7-n0/mqdefault.jpg",
        "youtubeVideoId": "pkW296A7-n0",
        "uploadedDate": "2021-06-05T16:27:50Z",
        "viewCount": 4197,
        "isCommercial": "False"
    },
    {
        "id": "a0502965-9c82-4fd2-9d7b-6afe2bcf5a64",
        "title": "\"애플 본업 : 급나누기\" 아이패드 에어4세대 / 8세대 / 마냥 반기기 어려운 이유",
        "description": "오늘은 살짝쿵 날로먹는 방송입니다~\n아이패드 신제품 공개에서 에어4세대와 아이패드 8세대를 살펴보았는데요,\n정말 좋아졌다고 소문난점과 \n그와중에 구입시 눈여겨 봐야할 점들에 대해서 알려드려요!\n이번 아이패드부터는 여러분들 요청대로 실사용하면서 꿀팁도 많이 전달 드릴게요!\n\n#아이패드에어4 #아이패드8세대 #애플\n\n*협찬 : 해당영상은 협찬사항 없습니다.\n\n*타임라인\n0:00 인트로\n1:04 아이패드 에어4세대 칩셋\n1:50 에어4세대 화면크기\n2:34 드디어 C타입단자\n3:14 애플펜슬2세대와 키보드\n3:39 없어진 홈버튼\n5:00 저장공간 실화임?\n5:40 가장 실망스러운점\n6:44 아이패드 8세대\n8:04 아이패드 디자인\n8:21 카메라너프가 장점\n9:34 마무리\n\n안사면 0원 사면 영원!\n유용한 꿀팁/설정, 핫한 아이템, 신박한 물건, 최신 기기 리뷰의 모든 것!\n\n* 구독하기 : https://bit.ly/37a8qvP\n* (비즈니스) itws8692@gmail.com\n* (일상/소통) https://www.instagram.com/at_the_endd/",
        "thumbnail": "https://i.ytimg.com/vi/UBIersQaX6I/mqdefault.jpg",
        "youtubeVideoId": "UBIersQaX6I",
        "uploadedDate": "2021-06-05T16:27:50Z",
        "viewCount": 14150,
        "isCommercial": "False"
    },
    {
        "id": "94e47640-53dc-4cbf-8566-aea58b46d322",
        "title": "갤럭시 탭 S7 처음보고 놀란 이유! 역대급 발전한 Galaxy Tab S7+ 첫인상",
        "description": "Galaxy tab s7+ 언박싱 하자마자 얼마 지나지 않아 느낀 후기에요!\n진짜 많이 개선되고 발전했다는게 느껴지네요.\nOne UI 2.5 탑재되면서 훨씬 강려크...ㄷㄷㄷ\n아직 첫인상이었으니, 키보드까지 오면 활용법 추가적으로 알려드릴게요!\n\n*스펙\n갤럭시탭S7+\n-디스플레이 : 12.4인치 AMOLED 16:10 비율\n-120Hz 지원\n-S펜 지연율9ms\n-스냅드래곤 865+\n-RAM 8GB / 256GB micro SD 지원\n-와이파이6 지원\n-배터리 10090mAh, 45W충전 지원 (45W 충전기 별매)\n-가격 1,249,600 원 (S7+ LTE 256GB 기준)\n\n\n#갤럭시탭s7 #galaxytabs7+ #탭S7플러스\n\n*협찬 : 해당영상은 협찬사항 없습니다.\n\n안사면 0원 사면 영원!\n유용한 꿀팁/설정, 핫한 아이템, 신박한 물건, 최신 기기 리뷰의 모든 것!\n\n* 구독하기 : https://bit.ly/37a8qvP\n* (비즈니스) itws8692@gmail.com\n* (일상/소통)인스타그램 : https://www.instagram.com/ate.youtube/",
        "thumbnail": "https://i.ytimg.com/vi/ivUw9Es-H1c/mqdefault.jpg",
        "youtubeVideoId": "ivUw9Es-H1c",
        "uploadedDate": "2021-06-05T16:27:50Z",
        "viewCount": 0,
        "isCommercial": "False"
    },
    {
        "id": "c592f322-ba9d-41bf-a68b-95d45dae45eb",
        "title": "S펜 4종 비교! 갤럭시탭S6 라이트 필기, 그림에 가장 좋은 S펜은?",
        "description": "갤럭시탭 S6와 S6 LITE에 사용할수있는 S펜 4개를 가지고와봤어요!\n원래는 보호 필름도 같이 촬영했는데, 녹음이 안돼서 다 날리고, 다시 구매했네요ㅠㅠ\n갤럭시탭 S6 라이트 보호필름 비교는 제품 도착하면, 다시 찍어서 보여드릴게요!\n궁금하신 점 있으시면 댓글로 알려주세요!\n\n#갤럭시탭S6 #탭S6라이트 #S6_LITE #S펜 #라미S펜 #스테들러S펜 #스타일러스펜\n\n*협찬 : 해당영상은 협찬사항 없습니다.\n\n안사면 0원 사면 영원!\n유용한 꿀팁/설정, 핫한 아이템, 신박한 물건, 최신 기기 리뷰의 모든 것!\n\n* 구독하기 : https://bit.ly/37a8qvP\n* (비즈니스) itws8692@gmail.com\n* (일상/소통) https://www.instagram.com/at_the_endd/",
        "thumbnail": "https://i.ytimg.com/vi/0gQzlOshGVE/mqdefault.jpg",
        "youtubeVideoId": "0gQzlOshGVE",
        "uploadedDate": "2021-06-05T16:27:50Z",
        "viewCount": 0,
        "isCommercial": "False"
    },
    {
        "id": "0a6573e9-a94f-499f-a879-5deafc1e4038",
        "title": "킹성비 미쳤다! 40만원 비싼 S6보다 더 좋아진 S6라이트? / Galaxy Tab S6 LITE vs S6",
        "description": "정말 기다리던 그 제품이 도착했어요!\n갓성비로 기대됐던 갤럭시 탭 S6 라이트인데요.\n저는 LTE 모델로 구입했고,\n처음 받아보고 galaxy tab s6와 비교해보았습니다!\n영상 시청 실제 크기비교\n개선된 S 펜 그립감과 필기감, 그리고 인식속도까지\n첫인상을 담아본 리뷰인데,\n몇주정도 더 진하게 사용해보면서,\n사용 후기와 꿀팁도 알려드릴게요!\n\n#갤럭시탭S6라이트 #탭S6lite #갤럭시탭S6 #태블릿\n\n*협찬 : 해당영상은 협찬사항 없습니다.\n\n안사면 0원 사면 영원!\n유용한 꿀팁/설정, 핫한 아이템, 신박한 물건, 최신 기기 리뷰의 모든 것!\n\n* 구독하기 : https://bit.ly/37a8qvP\n* (비즈니스) itws8692@gmail.com\n* (일상/소통) https://www.instagram.com/at_the_endd/",
        "thumbnail": "https://i.ytimg.com/vi/KFlfOClJJB0/mqdefault.jpg",
        "youtubeVideoId": "KFlfOClJJB0",
        "uploadedDate": "2021-06-05T16:28:16Z",
        "viewCount": 0,
        "isCommercial": "False"
    },
    {
        "id": "0084885c-827b-4056-8266-10e313f33a35",
        "title": "아마 구별 못할듯.. E북리더기 vs 종이책 비교 장단점! 북스 노바2 이북리더기 2주 사용기",
        "description": "*협찬 : 이노스페이스원에서 제품을 무상 제공 받았습니다.\n\n전자잉크를 탑재한 E북 리더기와 종이책을 비교해봤어요!\n실제로 화면부분만 따로 떼어내서 보면 종이랑 정말 비슷해요.\n사진으로 찍어서 다시 보니 진짜 더 놀람ㄷㄷㄷ...\n오닉스 북스 노바2 제품은 E북 리더기 중 E북 카페에서 인기가 많은 모델이더라구요!\n전자책 자주 읽으시는분들은 참고하시면 좋을 것 같아요!\n\n#오닉스북스노바2 #ONIX_BOOX_NOVA2 #E북리더기 #전자책\n\n* 제품 바로보기 : http://bitly.kr/i0GvFQ71\n\n안사면 0원 사면 영원!\n유용한 꿀팁/설정, 핫한 아이템, 신박한 물건, 최신 기기 리뷰의 모든 것!\n\n* 구독하기 : https://bit.ly/37a8qvP\n* (비즈니스) itws8692@gmail.com\n* (일상/소통)인스타그램 : https://www.instagram.com/ate.youtube/",
        "thumbnail": "https://i.ytimg.com/vi/g_qjJ_X2Eu0/mqdefault.jpg",
        "youtubeVideoId": "g_qjJ_X2Eu0",
        "uploadedDate": "2021-06-05T16:28:16Z",
        "viewCount": 0,
        "isCommercial": "False"
    },
    {
        "id": "47594ff9-9f4f-4545-a894-02aa3ba524b3",
        "title": "몇년만 더 빨리 쓸껄..! 갤럭시탭S6 40일 상세사용기[키보드커버를 반드시 사용해야하는 이유/필기감/S펜활용/삼성노트/배터리/덱스모드]",
        "description": "몇년만 더 빨리 쓸껄..! 갤럭시탭S6 40일 상세사용기[키보드커버를 반드시 사용해야하는 이유/필기감/S펜활용/삼성노트/배터리/덱스모드]\n갤럭시탭S6 를 사용한지 40일 조금 지난거 같네요!\n그동안 사용해보면서 느낀 장단점들, 그리고 갤탭S6에 꼭 키보드 커버를 사용해야하는 이유 등 직접 써보고 알게된 점에 대해서 알려드릴게요!\n\n#갤럭시탭s6 #갤탭s6 #태블릿\n\n------------------------------------------------------------------------------------------------------\nIntro Music\nMusic: Get Outside! - Jason Farnham: https://youtu.be/x1T6QFpd0J4\n\nEcho by Declan DP https://soundcloud.com/declandp\nLicensing Agreement: http://www.declandp.info/music-licensing\nFree Download / Stream:  https://bit.ly/echo-declan-dp\nMusic promoted by Audio Library https://youtu.be/XBPsmJEvzzw\n\n------------------------------------------------------------------------------------------------------\n안녕하세요\n IT 크리에이터 A.T.E입니다!\n\n여러분의 합리적인 소비를 위해 실속있는 리뷰를 하려고합니다~!\n항상 유용하고 재밌는 영상으로 찾아뵙겠습니다.\n구독과 좋아요 그리고 알림설정은 사랑입니다~\n\n메일문의 : itws8692@gmail.com\n인스타그램 : https://www.instagram.com/ate.youtube/\n------------------------------------------------------------------------------------------------------",
        "thumbnail": "https://i.ytimg.com/vi/5A2LXuU1Wn4/mqdefault.jpg",
        "youtubeVideoId": "5A2LXuU1Wn4",
        "uploadedDate": "2021-06-05T16:28:36Z",
        "viewCount": 0,
        "isCommercial": "False"
    },
    {
        "id": "9b43463f-a395-41b9-999b-0f07fee15a9f",
        "title": "아이패드 7세대 사면 안되는 이유! 6세대와 달라진 점[7세대 존버실패. 아이패드 에어3]",
        "description": "애플에서 발표한 키노트를 중심으로 정리해본 아이패드 7세대 사면 안되는 이유입니다.\n키보드를 제외하곤 6세대보다 메리트가 없어보여요!\n\n그래서 저는 에어3로 가렵니다~!~!\n\n#아이패드7세대 #아이패드에어3 #아이패드6세대\n\n------------------------------------------------------------------------------------------------------\nIntro Music\nMusic: Get Outside! - Jason Farnham: https://youtu.be/x1T6QFpd0J4\n\nLicense\nBreeze by MBB https://soundcloud.com/mbbofficial\nCreative Commons — Attribution-ShareAlike 3.0 Unported  — CC BY-SA 3.0 \nhttp://creativecommons.org/licenses/b...\nMusic promoted by Audio Library https://youtu.be/YqRO_qgBB1c\n\n------------------------------------------------------------------------------------------------------\n안녕하세요\n IT 크리에이터 A.T.E입니다!\n\n여러분의 합리적인 소비를 위해 실속있는 리뷰를 하려고합니다~!\n항상 유용하고 재밌는 영상으로 찾아뵙겠습니다.\n구독과 좋아요 그리고 알림설정은 사랑입니다~\n\n메일문의 : itws8692@gmail.com\n인스타그램 : https://www.instagram.com/ate.youtube/\n------------------------------------------------------------------------------------------------------",
        "thumbnail": "https://i.ytimg.com/vi/1qJDHbtLMl4/mqdefault.jpg",
        "youtubeVideoId": "1qJDHbtLMl4",
        "uploadedDate": "2021-06-05T16:28:36Z",
        "viewCount": 0,
        "isCommercial": "False"
    },
    {
        "id": "dfe201c2-e794-49c8-be0c-b5bfe887cd44",
        "title": "굉장히 핫하다는 갤럭시탭 S7 FE 언박싱",
        "description": "갤럭시탭 S7 FE 언박싱!\n궁금한거 물어봐주세요\n주말동안 테스트해보고 다룰 수 있는건 다룰게요!\n\nTag\n#shorts #갤럭시탭S7FE\n\n* (비즈니스 문의) itws8692@gmail.com\n* (일상/소통) https://www.instagram.com/at_the_endd/",
        "thumbnail": "https://i.ytimg.com/vi/4baEDWj0Hhk/mqdefault.jpg",
        "youtubeVideoId": "4baEDWj0Hhk",
        "uploadedDate": "2021-07-23T13:23:53Z",
        "viewCount": 566,
        "isCommercial": "False"
    },
    {
        "id": "fffdfa46-f1e2-4f3b-a378-a271170ec183",
        "title": "가격에 이상한 점을 발견했습니다... 갤럭시탭 S7 FE 팬 에디션? 뺀 에디션??",
        "description": "갤럭시탭 S7 FE는 과연 팬 에디션인가 뺀 에디션인가?\n가격 비교 해봤습니다.\n합리적으로 보이는 부분도 있고, 비합리적으로 보이는 부분도 있네요.\n가격비교는 모든제품 출고가 기준으로 했어요!\n혹시 틀린내용이 있다면 정정 댓글 부탁드립니닷!\n\n사운드 문제로 재업입니당ㅠㅠ\n\nTag\n#갤럭시탭S7FE #갤럭시탭S6lite\n\n* (비즈니스 문의) itws8692@gmail.com\n* (일상/소통) https://www.instagram.com/at_the_endd/",
        "thumbnail": "https://i.ytimg.com/vi/sYnVHgn0eWk/mqdefault.jpg",
        "youtubeVideoId": "sYnVHgn0eWk",
        "uploadedDate": "2021-07-25T17:12:47Z",
        "viewCount": 1982,
        "isCommercial": "False"
    },
    {
        "id": "af4456b1-f4de-4196-8897-5b00698652a6",
        "title": "뽑기운인줄 알았는데..전부 다?? 갤럭시탭 S7 FE 일주일 사용기 [성능, 필기감, S펜 레이턴시, 4K 이슈, 아이패드 에어4 비교, Q&A]",
        "description": "갤럭시탭S7FE를 일주일 조금 넘게 사용해본 사용기 입니다\n저는 50만원대 중반에 구입을 해서 꽤나 만족스러워요.\n그런데 지금 가격을 보니..!?\n\nTag\n#갤럭시탭S7FE #갤럭시탭S7+ #아이패드에어4\n\n*타임라인\n0:00 영상 시작쓰~\n0:25 뭐가 달라졌나?\n1:53 성능 어떤가?\n4:20 4K 논란?\n6:04 성능 어떤가?2\n7:28 S펜 레이턴시\n9:01 디스플레이\n9:53 아이패드 디스플레이 비교\n10:35 포고핀\n11:05 Q&A\n\n✔ 비즈니스 문의 : itws8692@gmail.com\n✔ 인스타그램 - https://www.instagram.com/at_the_endd/\n✔ 음원사이트 - https://artlist.io/HONG-1533409\n    (가입 시 2개월 추가 무료 혜택)",
        "thumbnail": "https://i.ytimg.com/vi/LksgeR1c_7M/mqdefault.jpg",
        "youtubeVideoId": "LksgeR1c_7M",
        "uploadedDate": "2021-08-03T07:43:17Z",
        "viewCount": 2111,
        "isCommercial": "False"
    },
    {
        "id": "6d454a77-811b-44e1-8059-deaffe172694",
        "title": "3세대는 다르네요. 갤럭시 Z폴드3, Z플립3 1,2세대와 차이점 [숨겨진 카메라, S펜, 화면주름, 버즈2, 워치4 핸즈온]",
        "description": "본 영상은 삼성전자의 지원으로 제작되었습니다. \n\n안녕하세요 에이트입니다.\n오늘은 삼성전자의 폴더블 스마트폰 3세대\n갤럭시 Z폴드3와 Z플립3를 사용해봤어요.\n\n짧게 반나절 정도 만져보고, 가장 눈에 띄는 특징만 살펴본거에요.\n자세한 사용기는 제가 구입한 제품이 오면 더 사용해보고 알려드릴게요.\n\n#Z폴드3 #Z플립3 #워치4 #워치4클래식 #버즈2\n\n✅8월 17일 오후7시 네이버 쇼핑라이브 확인하기! \nhttps://shoppinglive.naver.com/livebridge/217018\n\n0:00 폴더블폰 3세대\n0:50 Z폴드3 디자인\n1:27 카메라가 있는데 없어요\n3:27 폴드는 S펜이지\n4:36 화면주름 괜찮?\n5:04 외부 디스플레이\n5:35 그외 특징\n6:39 Z플립3\n7:14 Z플립3 디자인\n8:29 디스플레이\n9:27 화면주름 괜찮나?\n10:28 폴더블폰 QnA\n13:00 구매 혜택소개\n\n✔ 비즈니스 문의 : itws8692@gmail.com\n✔ 인스타그램 - https://www.instagram.com/at_the_endd/\n✔ 음원사이트 - https://artlist.io/HONG-1533409\n    (가입 시 2개월 추가 무료 혜택)",
        "thumbnail": "https://i.ytimg.com/vi/U2BBqWtHkgc/mqdefault.jpg",
        "youtubeVideoId": "U2BBqWtHkgc",
        "uploadedDate": "2021-08-12T03:01:04Z",
        "viewCount": 272169,
        "isCommercial": "True"
    },
    {
        "id": "292d693a-17c0-46f1-977b-6f241f6ba7f4",
        "title": "얼얼하네요. 단순히 칩셋 차이만 있는게 아닙니다. 갤럭시탭S7 FE 와이파이 vs LTE 성능비교",
        "description": "솔직히 와이파이 버전 가성비 아주 좋다고 생각합니다\n저는 이제 메인은 S7+, 서브는 S7 FE 와이파이 이렇게 사용할 것 같아요.\n그런데 LTE 사전예약으로 구매한 구매자로서,\n갤럭시 팬으로서 이번엔 너무 아쉽네요\n이런 일은 몇년동안 쌓은, 사전 구매 혜택이 좋다는 인식을 무너뜨리는 것 아닐까요?\n\nTag\n#갤럭시탭S7FE #갤럭시탭S7FE성능 #갤럭시탭S7FE_LTE\n\n*타임라인\n0:00 논란의 갤럭시탭 S7 FE\n1:35 LTE와 와이파이 성능차이\n3:35 S6 LITE 칩셋까지 같이 보니\n4:14 PC마크 테스트\n5:48 실제 체감\n7:35 칩셋 성능만 달라진게 아니애요\n8:34 와이파이 속도 차이 분석\n12:18 그외에 기타 성능 업글\n12:47 그나마 인정\n\n✔ 비즈니스 문의 : itws8692@gmail.com\n✔ 인스타그램 - https://www.instagram.com/at_the_endd/\n✔ 음원사이트 - https://artlist.io/HONG-1533409\n    (가입 시 2개월 추가 무료 혜택)",
        "thumbnail": "https://i.ytimg.com/vi/_WNAkhQh4AY/mqdefault.jpg",
        "youtubeVideoId": "_WNAkhQh4AY",
        "uploadedDate": "2021-09-09T08:47:38Z",
        "viewCount": 7170,
        "isCommercial": "False"
    },
    {
        "id": "954e4da4-742f-4e86-8107-d7babed0b1ec",
        "title": "Z폴드3 S펜 조합 얼마나 좋을까? 갤탭 S펜 vs 폴드 S펜 / 갤럭시탭 대체 가능?",
        "description": "오늘은 Z폴드3에 들어간 S펜 사용기를 가지고왔어요.\n좀 사용해보니 생각보다 더 괜찮네요.\n태블릿 대체는 아니지만, 잠깐의 대체는 가능한 정도?\n1:15쯤 두께 cm가 아니라 mm 인거 아시쥬?\n잘못 말했네요\n\n0:00 최초 폴더블 S펜\n0:42 S펜 디자인\n2:33 필기감\n4:27 S펜 Q&A\n7:37 폴드3 정품커버 사용기\n9:11 마치며\n\nTag\n#갤럭시z폴드3 #폴드s펜 #\n\n✔ 비즈니스 문의 : itws8692@gmail.com\n✔ 인스타그램 - https://www.instagram.com/at_the_endd/\n✔ 음원사이트 - https://artlist.io/HONG-1533409\n    (가입 시 2개월 추가 무료 혜택)",
        "thumbnail": "https://i.ytimg.com/vi/jdap24tqgyg/mqdefault.jpg",
        "youtubeVideoId": "jdap24tqgyg",
        "uploadedDate": "2021-09-12T08:33:03Z",
        "viewCount": 8202,
        "isCommercial": "False"
    },
    {
        "id": "58f45eea-642b-4a5d-9b09-1007832c48cc",
        "title": "다른 앱 필요 없겠는데요? 갤럭시탭 삼성노트 업데이트 어떤게 좋아졌나!?",
        "description": "얼마전 삼성 갤럭시 삼성노트 업데이트가 있었어요.\n점점 좋아지고 있는게 체감되네요.\n얼른 기본 가로 템플릿도 지원했으면 좋겠어요.\n\nTag\n#갤럭시탭 #삼성노트\n\n✔ 비즈니스 문의 : itws8692@gmail.com\n✔ 인스타그램 - https://www.instagram.com/at_the_endd/\n✔ 음원사이트 - https://artlist.io/HONG-1533409\n    (가입 시 2개월 추가 무료 혜택)",
        "thumbnail": "https://i.ytimg.com/vi/_gIrLXchLy0/mqdefault.jpg",
        "youtubeVideoId": "_gIrLXchLy0",
        "uploadedDate": "2021-10-07T08:50:08Z",
        "viewCount": 5910,
        "isCommercial": "False"
    },
    {
        "id": "070258e2-4e3f-4ca3-8932-0b138a6ccca2",
        "title": "이렇게 활용해보세요! 갤럭시 폴드3 키보드 마우스 같이 쓰면 좋은점. feat. k380 m350",
        "description": "로지텍의 지원을 받아 제작되었습니다.\n\n오늘은 최근에 굉장히 만족스럽게 쓰고있는 폴드3를\n블루투스 키보드와 블루투스 마우스\nk380 m350과 함께 써보면서 꿀팁들 전해드려요.\n\nTag\n#폴드3 #로지텍k380 #m350\n\n✔ 비즈니스 문의 : itws8692@gmail.com\n✔ 인스타그램 - https://www.instagram.com/at_the_endd/\n✔ 음원사이트 - https://artlist.io/HONG-1533409\n    (가입 시 2개월 추가 무료 혜택)",
        "thumbnail": "https://i.ytimg.com/vi/PUK8VWCpWDk/mqdefault.jpg",
        "youtubeVideoId": "PUK8VWCpWDk",
        "uploadedDate": "2021-10-07T10:26:36Z",
        "viewCount": 1639,
        "isCommercial": "False"
    },
    {
        "id": "a4843c7b-f844-4d63-8a1b-b197ec11bb6d",
        "title": "아이패드 미니 6세대 2주 사용기 : 누군가에게는 메인도 가능할 패드",
        "description": "Tag\n#아이패드미니6세대 #애플펜슬\n\n*타임라인\n0:00 영상 시작쓰\n1:00 휴대성\n2:36 젤리스크롤 현상\n5:11 필기용 가능?\n6:57 미니6에만 들어간 기능\n10:09 스피커\n10:49 갤럭시탭도 작고 좋은거좀..\n\n✔ 비즈니스 문의 : itws8692@gmail.com",
        "thumbnail": "https://i.ytimg.com/vi/vRee8-EEZdo/mqdefault.jpg",
        "youtubeVideoId": "vRee8-EEZdo",
        "uploadedDate": "2021-11-21T08:21:47Z",
        "viewCount": 2957,
        "isCommercial": "False"
    },
    {
        "id": "db486d61-67ca-4dca-aae0-6d5642121cd5",
        "title": "무조건 크고 비싼거? 나에게 맞는 태블릿 고르기 [갤럭시탭S7, 아이패드 미니6, 에어4, M1프로]",
        "description": "오늘은 태블릿 추천을 하려고 합니드아.\n태블릿이 없을때는 별로 필요없어보이지만, \n막상 사용해보면 생각보다 만족도가 크죠.\n\nTag\n#아이패드 #갤럭시탭 #태블릿추천\n\n*타임라인\n0:00 영상 시작쓰\n0:52 OS결정\n2:25 가장 중요한건 크기결정\n2:44 소형 8인치대 태블릿 미니6\n3:22 아이패드 미니6를 고려할때 가장 애매한것?\n6:14 중형 10인치대 아이패드, 에어4, 프로11, 갤탭S7\n6:42 중형 아이패드들 비교\n9:35 갤럭시탭S7\n10:32 대형 12인치대 M1 아이패드 프로, 갤럭시 탭S7+\n13:40 셀룰러 vs 와이파이\n14:16 마무리\n\n✔ 비즈니스 문의 : itws8692@gmail.com\n✔ 인스타그램 - https://www.instagram.com/at_the_endd/\n✔ 음원사이트 - https://artlist.io/HONG-1533409\n    (가입 시 2개월 추가 무료 혜택)",
        "thumbnail": "https://i.ytimg.com/vi/1RhZzV5ungY/mqdefault.jpg",
        "youtubeVideoId": "1RhZzV5ungY",
        "uploadedDate": "2022-01-16T11:24:10Z",
        "viewCount": 5690,
        "isCommercial": "False"
    },
    {
        "id": "84f775b2-b133-4132-ab40-d75c57e8a83b",
        "title": "발열 이슈..? 갤럭시탭 S8 울트라 14.6인치 이거 어떻게 활용하지? [S펜, 발열, 노치 첫인상]",
        "description": "갤럭시탭S8\nhttps://link.coupang.com/a/le6Ls\n위 링크에서 구매하시면 에이트ATE에게 소정의 수수료가 지급됩니다.\n\n갤럭시탭S8 울트라 첫 인상 및 간단히 살펴본 내용입니다.\n\n0:00 발열..?\n0:15 울트라 도착!\n1:24 언박싱\n3:15 14.6인치;;\n6:31 노치는 어떻지?\n8:12 세컨드스크린\n10:29 S펜\n12:45 발열이슈\n14:33 마무리\n\nTag\n#갤럭시탭S8울트라 #갤럭시탭 #갤럭시탭S펜\n\n✔ 비즈니스 문의 : itws8692@gmail.com\n✔ 인스타그램 - https://www.instagram.com/at_the_endd/\n✔ 음원사이트 - https://artlist.io/HONG-1533409\n    (가입 시 2개월 추가 무료 혜택)",
        "thumbnail": "https://i.ytimg.com/vi/HZj0yvimeqA/mqdefault.jpg",
        "youtubeVideoId": "HZj0yvimeqA",
        "uploadedDate": "2022-02-22T11:07:39Z",
        "viewCount": 5961,
        "isCommercial": "False"
    },
    {
        "id": "3ce8e57a-0594-4b11-b7ad-805d97eb03b3",
        "title": "맥북 아이패드를 연결하는 새로운 방법!? 애플 유니버설 컨트롤 사용법 및 설정 방법.",
        "description": "유니버설 컨트롤 진짜 좋네요.\n어떻게 이렇게 부드럽게 연결되지..?\n사이드카랑 다른점은?\n\n맥북에어 M1\nhttps://link.coupang.com/a/lt83I\n\n아이패드 프로 M1\nhttps://link.coupang.com/a/lt8Jz\n위 링크에서 구매하시면 에이트ATE에게 소정의 수수료가 지급됩니다.\n\nTag\n#유니버설컨트롤 #아이패드에어 #아이패드 #사이드카\n\n✔ 비즈니스 문의 : itws8692@gmail.com\n✔ 인스타그램 - https://www.instagram.com/at_the_endd/\n✔ 음원사이트 - https://artlist.io/HONG-1533409\n    (가입 시 2개월 추가 무료 혜택)",
        "thumbnail": "https://i.ytimg.com/vi/RdIInWSoaI8/mqdefault.jpg",
        "youtubeVideoId": "RdIInWSoaI8",
        "uploadedDate": "2022-03-28T11:32:26Z",
        "viewCount": 1256,
        "isCommercial": "False"
    },
    {
        "id": "3ff8529a-96cb-4f00-85fc-4ab766ce65a0",
        "title": "갤럭시탭 S7+ 18개월 쓰다가 갤럭시탭 S8 울트라로 넘어온 2개월 사용기 : 좋긴 좋은데 S7+ 못버리겠어요",
        "description": "갤럭시탭S7+를 출시이후부터 메인 탭으로 자주 들고다녔는데,\n갤럭시탭S8 울트라로 메인을 바꿔서 사용해보고 느낀 장단점입니당\n\n쿠팡 링크\nhttps://link.coupang.com/a/l9nbz\n위 링크에서 구매하시면 에이트ATE에게 소정의 수수료가 지급됩니다.\n\nTag\n#갤럭시탭S8울트라 #태블릿추천\n\n*타임라인\n0:00 영상 시작쓰\n1:05 화면이 커서 좋은점\n2:34 화면이 커서 좋은점2\n3:30 화면이 커서 좋은점3\n4:40 S펜 반응속도 체감?\n5:44 얄아진 베젤\n6:35 키보드 커버도 발전\n7:52 화면이 커서 안좋은점\n9:44 화면이 커서 안좋은점2\n10:28 S펜 아쉬운점\n10:53 노치\n11:38 마무리\n\n✔ 비즈니스 문의 : itws8692@gmail.com\n✔ 인스타그램 - https://www.instagram.com/at_the_endd/\n✔ 음원사이트 - https://artlist.io/HONG-1533409\n    (가입 시 2개월 추가 무료 혜택)",
        "thumbnail": "https://i.ytimg.com/vi/M75Rn4W2Grw/mqdefault.jpg",
        "youtubeVideoId": "M75Rn4W2Grw",
        "uploadedDate": "2022-04-16T10:32:06Z",
        "viewCount": 3541,
        "isCommercial": "False"
    },
    {
        "id": "babcc4e1-46ac-437a-b1e3-aadcc75e23d7",
        "title": "2만원으로 갤럭시탭S8 울트라를 PC에 연결해봤습니다. 갤럭시탭 S8 울트라 활용법 꿀팁",
        "description": "갤럭시탭S8\nhttps://link.coupang.com/a/mlekT\n탭S8 울트라\nhttps://link.coupang.com/a/mlemQ\n무선 USB 랜카드\nhttps://link.coupang.com/a/mlepQ\n\n위 링크에서 구매하시면 에이트ATE에게 소정의 수수료가 지급됩니다.\n\nTag\n#갤럭시탭S8 #세컨드스크린 #무선랜카드\n\n*타임라인\n0:00 세컨드스크린 활용법\n1:08 사용방법\n3:55 좋은 점\n6:28 아쉬운 점\n7:05 요약\n\n✔ 비즈니스 문의 : itws8692@gmail.com\n✔ 인스타그램 - https://www.instagram.com/at_the_endd/\n✔ 음원사이트 - https://artlist.io/HONG-1533409\n    (가입 시 2개월 추가 무료 혜택)",
        "thumbnail": "https://i.ytimg.com/vi/TdT0lDhLs8Y/mqdefault.jpg",
        "youtubeVideoId": "TdT0lDhLs8Y",
        "uploadedDate": "2022-04-23T09:47:35Z",
        "viewCount": 2228,
        "isCommercial": "False"
    },
    {
        "id": "d1b93e1a-db93-49e5-af08-b551c1e403ca",
        "title": "[갤문고 Part.1] 이거 불편하지 않으세요? 찐 갤럭시 유저가 본 개선해야 할 5가지 (갤럭시s22 갤럭시탭s8)",
        "description": "쿠팡 링크\nhttps://link.coupang.com/a/le5Oz\n위 링크에서 구매하시면 에이트ATE에게 소정의 수수료가 지급됩니다.\n\n오늘은 갤럭시를 메인기기로 사용하고있는 제가 느낀\n갤럭시s22 갤럭시탭s8 등\n고쳐야할점 개선할점 을 다뤄봤어요\n\n#갤럭시s22 #갤럭시탭s8\n\n✔ 비즈니스 문의 : itws8692@gmail.com\n✔ 인스타그램 - https://www.instagram.com/at_the_endd/\n✔ 음원사이트 - https://artlist.io/HONG-1533409\n    (가입 시 2개월 추가 무료 혜택)",
        "thumbnail": "https://i.ytimg.com/vi/qUer-eTwnbA/mqdefault.jpg",
        "youtubeVideoId": "qUer-eTwnbA",
        "uploadedDate": "2022-05-22T07:02:08Z",
        "viewCount": 3848,
        "isCommercial": "False"
    }
]