[
    {
        "id": "23893f60-362e-40fe-9381-722c22ae88ea",
        "title": "비쥬얼 가수 김범수, 유튜브 시작합니다! [범수의 세계]",
        "description": "#김범수 #취미 #자기소개\n\n범수로운 슬기생활, 김범수의 취미생활을 보여드립니다.\n저에게 어울리는 취미 생활을 추천해주세요.\n\n매주 금요일 오후 6시에 업로드 됩니다.\n\n🎥제작: 샌드박스네트워크\n💼비즈니스 문의: youngent05@daum.net",
        "thumbnail": "https://i.ytimg.com/vi/6ph7RNjBavQ/mqdefault.jpg",
        "youtubeVideoId": "6ph7RNjBavQ",
        "uploadedDate": "2021-03-08T04:02:18Z",
        "viewCount": 30448,
        "isCommercial": "False"
    },
    {
        "id": "072bd75a-df5b-4c39-a13d-7f185ce8fdd4",
        "title": "김범수는 김나박이를 알까? 나무위키 처음 읽어보는 범수형 현실 반응! 흑역사 공개ㅋㅋㅋㅋㅋㅋ [범수의 세계]",
        "description": "#김범수 #나무위키 #김나박이\n\n범수로운 슬기생활, 김범수의 취미생활을 보여드립니다.\n저에게 어울리는 취미 생활을 추천해주세요.\n\n매주 금요일 오후 6시에 업로드 됩니다.\n\n🎥제작: 샌드박스네트워크\n💼비즈니스 문의: youngent05@daum.net",
        "thumbnail": "https://i.ytimg.com/vi/7Ur3Ixho-z8/mqdefault.jpg",
        "youtubeVideoId": "7Ur3Ixho-z8",
        "uploadedDate": "2021-03-08T04:02:18Z",
        "viewCount": 451702,
        "isCommercial": "False"
    },
    {
        "id": "671a00b8-f2db-4a07-b87f-9daadf52cc0c",
        "title": "김범수가 비즈반지를 만들었다고??????? 남자 둘이서 비즈 꽃반지 DIY🌸 [범수의 세계]",
        "description": "#김범수 #취미 #비즈반지\n\n범수로운 슬기생활, 김범수의 취미생활을 보여드립니다.\n저에게 어울리는 취미 생활을 추천해주세요.\n\n매주 금요일 오후 7시에 업로드 됩니다.\n\n🎥제작: 샌드박스네트워크\n💼비즈니스 문의: youngent05@daum.net",
        "thumbnail": "https://i.ytimg.com/vi/CFgLcPe2Bk0/mqdefault.jpg",
        "youtubeVideoId": "CFgLcPe2Bk0",
        "uploadedDate": "2021-03-08T04:02:18Z",
        "viewCount": 6820,
        "isCommercial": "False"
    },
    {
        "id": "626252fc-99fd-40fe-87df-f1cc90e35aea",
        "title": "김범수의 홈카페에 초대합니다! 다 드루와~~~~~~~~🔥 [범수의 세계]",
        "description": "#김범수 #취미 #홈카페\n\n범수로운 슬기생활, 김범수의 취미생활을 보여드립니다.\n저에게 어울리는 취미 생활을 추천해주세요.\n\n매주 금요일 오후 6시에 업로드 됩니다.\n\n🎥제작: 샌드박스네트워크\n💼비즈니스 문의: youngent05@daum.net",
        "thumbnail": "https://i.ytimg.com/vi/hlBf3j3LxUg/mqdefault.jpg",
        "youtubeVideoId": "hlBf3j3LxUg",
        "uploadedDate": "2021-03-08T04:02:18Z",
        "viewCount": 15593,
        "isCommercial": "False"
    },
    {
        "id": "015c490f-3641-4fec-9536-1ec3fe50be73",
        "title": "여름이니까~ 티셔츠 리폼하기~👕타이다이 나염티셔츠 만들기 [범수의 세계]",
        "description": "#김범수 #취미 #자기소개\n\n범수로운 슬기생활, 김범수의 취미생활을 보여드립니다.\n저에게 어울리는 취미 생활을 추천해주세요.\n\n매주 금요일 오후 6시에 업로드 됩니다.\n\n🎥제작: 샌드박스네트워크\n💼비즈니스 문의: youngent05@daum.net",
        "thumbnail": "https://i.ytimg.com/vi/seYpufwlrcA/mqdefault.jpg",
        "youtubeVideoId": "seYpufwlrcA",
        "uploadedDate": "2021-03-08T04:02:18Z",
        "viewCount": 6593,
        "isCommercial": "False"
    },
    {
        "id": "7c8511b6-13b5-438b-9c8e-747d1c38553a",
        "title": "김범수 집 최초공개! 제주도 한라산뷰 룸투어🏡 [범수의 세계]",
        "description": "#김범수 #제주살이 #룸투어\n\n범수로운 슬기생활, 김범수의 취미생활을 보여드립니다.\n저에게 어울리는 취미 생활을 추천해주세요.\n\n매주 금요일 오후 6시에 업로드 됩니다.\n\n🎥제작: 샌드박스네트워크\n💼비즈니스 문의: youngent05@daum.net",
        "thumbnail": "https://i.ytimg.com/vi/fCvMa2jyrLU/mqdefault.jpg",
        "youtubeVideoId": "fCvMa2jyrLU",
        "uploadedDate": "2021-03-08T04:02:18Z",
        "viewCount": 336281,
        "isCommercial": "False"
    },
    {
        "id": "13e99ac4-6939-4c0b-9aa7-0e266846d820",
        "title": "가수 김범수, 제주도에서 생선 해체중인것으로 밝혀져...🐟 [범수의 세계]",
        "description": "#김범수 #취미 #회뜨기\n\n범수로운 슬기생활, 김범수의 취미생활을 보여드립니다.\n저에게 어울리는 취미 생활을 추천해주세요.\n\n매주 금요일 오후 6시에 업로드 됩니다.\n\n🎥제작: 샌드박스네트워크\n💼비즈니스 문의: youngent05@daum.net",
        "thumbnail": "https://i.ytimg.com/vi/En1ENNS7ErA/mqdefault.jpg",
        "youtubeVideoId": "En1ENNS7ErA",
        "uploadedDate": "2021-03-08T04:02:18Z",
        "viewCount": 13314,
        "isCommercial": "False"
    },
    {
        "id": "5fdd4032-9534-4c33-b81d-ff95f52f7cbc",
        "title": "연예인은 무슨 향수를 쓸까? 김범수의 인생 향수 추천✨  [범수의 세계]",
        "description": "#김범수 #취미 #자기소개\n\n범수로운 슬기생활, 김범수의 취미생활을 보여드립니다.\n저에게 어울리는 취미 생활을 추천해주세요.\n\n매주 금요일 오후 6시에 업로드 됩니다.\n\n🎥제작: 샌드박스네트워크\n💼비즈니스 문의: youngent05@daum.net",
        "thumbnail": "https://i.ytimg.com/vi/11uWSUkWvcI/mqdefault.jpg",
        "youtubeVideoId": "11uWSUkWvcI",
        "uploadedDate": "2021-03-08T04:02:18Z",
        "viewCount": 17577,
        "isCommercial": "False"
    },
    {
        "id": "830a77bc-253c-4bc9-8adf-337166e0ad34",
        "title": "범수왕 김댄스의 틱톡 챌린지 도전!(ft.when we disco + 눈누난나) [범수의 세계]",
        "description": "#김범수 #취미 #틱톡\n\n범수로운 슬기생활, 김범수의 취미생활을 보여드립니다.\n저에게 어울리는 취미 생활을 추천해주세요.\n\n매주 금요일 오후 6시에 업로드 됩니다.\n\n🎥제작: 샌드박스네트워크\n💼비즈니스 문의: youngent05@daum.net",
        "thumbnail": "https://i.ytimg.com/vi/9wkfDH3hXd0/mqdefault.jpg",
        "youtubeVideoId": "9wkfDH3hXd0",
        "uploadedDate": "2021-03-08T04:02:18Z",
        "viewCount": 9466,
        "isCommercial": "False"
    },
    {
        "id": "209637dd-bdb6-420c-850b-121b443b09f8",
        "title": "악플인듯 악플아닌 악플같은 댓글 읽기 도전!😈 [범수의 세계]",
        "description": "#김범수 #취미 #댓글읽기\n\n범수로운 슬기생활, 김범수의 취미생활을 보여드립니다.\n저에게 어울리는 취미 생활을 추천해주세요.\n\n매주 금요일 오후 6시에 업로드 됩니다.\n\n🎥제작: 샌드박스네트워크\n💼비즈니스 문의: youngent05@daum.net",
        "thumbnail": "https://i.ytimg.com/vi/JYSug1TAfxs/mqdefault.jpg",
        "youtubeVideoId": "JYSug1TAfxs",
        "uploadedDate": "2021-03-08T04:02:18Z",
        "viewCount": 114389,
        "isCommercial": "False"
    },
    {
        "id": "a53c3e26-6ed6-4aca-b2bc-e15561e963a2",
        "title": "전세계의 XX%...?! 김범수의 MBTI 성격 유형 테스트 도전! [범수의 세계]",
        "description": "#김범수 #취미 #MBTI\n\n범수로운 슬기생활, 김범수의 취미생활을 보여드립니다.\n저에게 어울리는 취미 생활을 추천해주세요.\n\n매주 금요일 오후 6시에 업로드 됩니다.\n\n🎥제작: 샌드박스네트워크\n💼비즈니스 문의: youngent05@daum.net",
        "thumbnail": "https://i.ytimg.com/vi/gMnrHVx2a2w/mqdefault.jpg",
        "youtubeVideoId": "gMnrHVx2a2w",
        "uploadedDate": "2021-03-08T04:02:18Z",
        "viewCount": 9217,
        "isCommercial": "False"
    },
    {
        "id": "5d6f1a3e-db7f-4d65-9c25-84b0ce46afad",
        "title": "VR 그거 누가 속아???? 좀비가 무서워??????  🔥김범수의 첫 VR 도전 🔥 [범수의 세계]",
        "description": "#김범수 #취미 #VR\n\n범수로운 슬기생활, 김범수의 취미생활을 보여드립니다.\n저에게 어울리는 취미 생활을 추천해주세요.\n\n매주 금요일 오후 6시에 업로드 됩니다.\n\n🎥제작: 샌드박스네트워크\n💼비즈니스 문의: youngent05@daum.net",
        "thumbnail": "https://i.ytimg.com/vi/jEEVzuBq2LA/mqdefault.jpg",
        "youtubeVideoId": "jEEVzuBq2LA",
        "uploadedDate": "2021-03-08T04:02:18Z",
        "viewCount": 6400,
        "isCommercial": "False"
    },
    {
        "id": "57ce3b44-5cf9-4770-bc8d-7d2f437ca5ea",
        "title": "김범수 SEXY BACK 공개!!!!!!!! 클라이밍 껌이네~ 1분컷 도전해봐~? [범수의 세계]",
        "description": "#김범수 #취미 #클라이밍\n\n범수로운 슬기생활, 김범수의 취미생활을 보여드립니다.\n저에게 어울리는 취미 생활을 추천해주세요.\n\n매주 금요일 오후 6시에 업로드 됩니다.\n\n🎥제작: 샌드박스네트워크\n💼비즈니스 문의: youngent05@daum.net",
        "thumbnail": "https://i.ytimg.com/vi/0YQioQzL5O4/mqdefault.jpg",
        "youtubeVideoId": "0YQioQzL5O4",
        "uploadedDate": "2021-03-08T04:02:18Z",
        "viewCount": 5861,
        "isCommercial": "False"
    },
    {
        "id": "ef8d99b7-a2ac-4352-95ad-dc9499f03bd4",
        "title": "제주 드웨인 존슨과 함께한 훌라 원데이 클래스(광고X) 훌라 춤을 춘다 탬버린~💫 [범수의 세계]",
        "description": "#김범수 #취미 #훌라\n\n범수로운 슬기생활, 김범수의 취미생활을 보여드립니다.\n저에게 어울리는 취미 생활을 추천해주세요.\n\n매주 금요일 오후 6시에 업로드 됩니다.\n\n🎥제작: 샌드박스네트워크\n💼비즈니스 문의: youngent05@daum.net",
        "thumbnail": "https://i.ytimg.com/vi/YkBTZqjgeQI/mqdefault.jpg",
        "youtubeVideoId": "YkBTZqjgeQI",
        "uploadedDate": "2021-03-08T04:02:18Z",
        "viewCount": 8160,
        "isCommercial": "False"
    },
    {
        "id": "a7752f7a-60d6-45d5-991c-1ef0c4166102",
        "title": "김범수가 네일아트를 한다고~?💅 오호라~? ✨ [범수의 세계]",
        "description": "#김범수 #취미 #네일아트\n\n범수로운 슬기생활, 김범수의 취미생활을 보여드립니다.\n저에게 어울리는 취미 생활을 추천해주세요.\n\n매주 금요일 오후 6시에 업로드 됩니다.\n\n🎥제작: 샌드박스네트워크\n💼비즈니스 문의: youngent05@daum.net",
        "thumbnail": "https://i.ytimg.com/vi/B5CGvfyumwI/mqdefault.jpg",
        "youtubeVideoId": "B5CGvfyumwI",
        "uploadedDate": "2021-03-08T04:02:18Z",
        "viewCount": 3893,
        "isCommercial": "False"
    },
    {
        "id": "08eec1f2-70d3-42ef-8499-e7dc510783f6",
        "title": "🔥김범수의 고통 챌린지🔥고통을 모르는 남자 🔥무통🔥 김범수의 첫 셀프 왁싱 도전! [범수의 세계]",
        "description": "#김범수 #취미 #셀프왁싱\n\n범수로운 슬기생활, 김범수의 취미생활을 보여드립니다.\n저에게 어울리는 취미 생활을 추천해주세요.\n\n매주 금요일 오후 6시에 업로드 됩니다.\n\n🎥제작: 샌드박스네트워크\n💼비즈니스 문의: youngent05@daum.net",
        "thumbnail": "https://i.ytimg.com/vi/nv2D9P3XttE/mqdefault.jpg",
        "youtubeVideoId": "nv2D9P3XttE",
        "uploadedDate": "2021-03-08T04:02:18Z",
        "viewCount": 7642,
        "isCommercial": "False"
    },
    {
        "id": "1278cc25-d652-49cb-86e1-e291e7db6eb3",
        "title": "별로 안 궁금한데 PD님이 시켜서 억지로 갔다가 존잼각 찍고 나온 김범수의 우당탕탕 퍼스널컬러 진단 받기🤣🤣🤣 [범수의 세계]",
        "description": "#김범수 #취미 #퍼스널컬러\n\n범수로운 슬기생활, 김범수의 취미생활을 보여드립니다.\n저에게 어울리는 취미 생활을 추천해주세요.\n\n매주 금요일 오후 6시에 업로드 됩니다.\n\n🎥제작: 샌드박스네트워크\n💼비즈니스 문의: youngent05@daum.net",
        "thumbnail": "https://i.ytimg.com/vi/2NOonjYikBE/mqdefault.jpg",
        "youtubeVideoId": "2NOonjYikBE",
        "uploadedDate": "2021-03-08T04:02:18Z",
        "viewCount": 12784,
        "isCommercial": "False"
    },
    {
        "id": "50e572be-16d4-4e82-aeca-ea50b9649e59",
        "title": "김범수의 세 번째 집 랜선 룸투어🏠루프탑, 온수풀장, 한라산뷰 다들 있는 거 아니에요?? 제주 럭셔리 하우스 대공개✨ [범수의 세계]",
        "description": "#김범수 #제주 #룸투어\n\n범수로운 슬기생활, 김범수의 취미생활을 보여드립니다.\n저에게 어울리는 취미 생활을 추천해주세요.\n\n매주 금요일 오후 6시에 업로드 됩니다.\n\n🎥제작: 샌드박스네트워크\n💼비즈니스 문의: youngent05@daum.net",
        "thumbnail": "https://i.ytimg.com/vi/drmPTR5hoOw/mqdefault.jpg",
        "youtubeVideoId": "drmPTR5hoOw",
        "uploadedDate": "2021-03-08T04:02:18Z",
        "viewCount": 257099,
        "isCommercial": "False"
    },
    {
        "id": "4cf1b1ce-9a86-4f79-98e4-790f871c0238",
        "title": "🔥범수의 도전🔥 제트보드 타면서 보고싶다 완창하기!!!!!!! in제주 함덕🌊 [범수의 세계]",
        "description": "#김범수 #취미 #제트보드\n\n범수로운 슬기생활, 김범수의 취미생활을 보여드립니다.\n저에게 어울리는 취미 생활을 추천해주세요.\n\n매주 금요일 오후 6시에 업로드 됩니다.\n\n🎥제작: 샌드박스네트워크\n💼비즈니스 문의: youngent05@daum.net",
        "thumbnail": "https://i.ytimg.com/vi/oe_-sRx1A84/mqdefault.jpg",
        "youtubeVideoId": "oe_-sRx1A84",
        "uploadedDate": "2021-03-08T04:02:18Z",
        "viewCount": 15012,
        "isCommercial": "False"
    },
    {
        "id": "4f05ca54-5b5e-4234-9f5e-d9cfc34a68b4",
        "title": "추억의 명곡 이상형 월드컵에 🔥김범수의 보고싶다🔥가 나온다면......??? [범수의 세계]",
        "description": "#김범수 #추억의명곡 #이상형월드컵\n\n범수로운 슬기생활, 김범수의 취미생활을 보여드립니다.\n저에게 어울리는 취미 생활을 추천해주세요.\n\n매주 금요일 오후 6시에 업로드 됩니다.\n\n🎥제작: 샌드박스네트워크\n💼비즈니스 문의: youngent05@daum.net",
        "thumbnail": "https://i.ytimg.com/vi/h_3qldvirc8/mqdefault.jpg",
        "youtubeVideoId": "h_3qldvirc8",
        "uploadedDate": "2021-03-08T04:02:18Z",
        "viewCount": 97611,
        "isCommercial": "False"
    },
    {
        "id": "f5fffb5f-d93a-4c2b-a85c-017107b6d0c8",
        "title": "범수토랑 2탄😋 제주도 왔으면 이건 먹어봐야지! 맛집 추천! ❌광고 없음❌ [범수의 세계]",
        "description": "#김범수 #먹방 #맛집\n\n범수로운 슬기생활, 김범수의 취미생활을 보여드립니다.\n저에게 어울리는 취미 생활을 추천해주세요.\n\n매주 금요일 오후 6시에 업로드 됩니다.\n\n🎥제작: 샌드박스네트워크\n💼비즈니스 문의: youngent05@daum.net",
        "thumbnail": "https://i.ytimg.com/vi/FewTPD1Q05M/mqdefault.jpg",
        "youtubeVideoId": "FewTPD1Q05M",
        "uploadedDate": "2021-03-08T04:02:18Z",
        "viewCount": 16993,
        "isCommercial": "False"
    },
    {
        "id": "1a0b77b1-a582-47ad-962d-e03fb3c9bf72",
        "title": "🔥제주도민 찐맛집🔥 목에 핏줄 보이지? 형 진심이다 [범수의 세계]",
        "description": "#김범수 #맛집 #먹방\n\n범수로운 슬기생활, 김범수의 취미생활을 보여드립니다.\n저에게 어울리는 취미 생활을 추천해주세요.\n\n매주 금요일 오후 6시에 업로드 됩니다.\n\n🎥제작: 샌드박스네트워크\n💼비즈니스 문의: youngent05@daum.net",
        "thumbnail": "https://i.ytimg.com/vi/1aiJ8ZKGn_4/mqdefault.jpg",
        "youtubeVideoId": "1aiJ8ZKGn_4",
        "uploadedDate": "2021-03-08T04:02:18Z",
        "viewCount": 71148,
        "isCommercial": "False"
    },
    {
        "id": "4d5ca9be-11b6-461e-b309-6c73bb058779",
        "title": "🔥최초공개🔥 이제는 말할 수 있다! 나가수 비하인드 썰 푼다~! [범수의 세계]",
        "description": "#김범수 #나가수 #비하인드\n\n범수로운 슬기생활, 김범수의 취미생활을 보여드립니다.\n저에게 어울리는 취미 생활을 추천해주세요.\n\n매주 금요일 오후 6시에 업로드 됩니다.\n\n🎥제작: 샌드박스네트워크\n💼비즈니스 문의: youngent05@daum.net",
        "thumbnail": "https://i.ytimg.com/vi/tUB1KsvlmE8/mqdefault.jpg",
        "youtubeVideoId": "tUB1KsvlmE8",
        "uploadedDate": "2021-03-08T04:02:18Z",
        "viewCount": 55679,
        "isCommercial": "False"
    },
    {
        "id": "ac0d49cb-f6ec-4a44-8d3a-5a3bd6167a3a",
        "title": "설마 아직도 안봤어????? 365일, 마인드헌터, 나르코스 딱 보면 각 나오지? 범수형 넷플 취향 대공개! [범수의 세계]",
        "description": "#김범수 #취미 #넷플릭스\n\n범수로운 슬기생활, 김범수의 취미생활을 보여드립니다.\n저에게 어울리는 취미 생활을 추천해주세요.\n\n매주 금요일 오후 6시에 업로드 됩니다.\n\n🎥제작: 샌드박스네트워크\n💼비즈니스 문의: youngent05@daum.net",
        "thumbnail": "https://i.ytimg.com/vi/TooE7obXcYU/mqdefault.jpg",
        "youtubeVideoId": "TooE7obXcYU",
        "uploadedDate": "2021-03-08T04:02:18Z",
        "viewCount": 17102,
        "isCommercial": "False"
    },
    {
        "id": "47a9c13f-830d-4924-8948-a7581018fb60",
        "title": "🔥안식년 끝! 범수 내려온다🔥 첫 유튜브 라이브! [범수의 세계]",
        "description": "#김범수 #라이브 #신곡소개\n\n범수로운 슬기생활, 김범수의 취미생활을 보여드립니다.\n저에게 어울리는 취미 생활을 추천해주세요.\n\n매주 금요일 오후 6시에 업로드 됩니다.\n\n🎥제작: 샌드박스네트워크\n💼비즈니스 문의: youngent05@daum.net",
        "thumbnail": "https://i.ytimg.com/vi/5WOt-NXuenA/mqdefault.jpg",
        "youtubeVideoId": "5WOt-NXuenA",
        "uploadedDate": "2021-03-08T04:02:18Z",
        "viewCount": 29716,
        "isCommercial": "False"
    },
    {
        "id": "18b7c2f0-26e6-4a77-b514-0fe740d127e1",
        "title": "김범수는 퇴근길에 무슨 노래를 들을까? (feat.신곡 라이브✨) [범수의 세계]",
        "description": "#김범수 #브이로그 #퇴근길\n\n🔥이벤트 참여하고 LG TONE Free 받자! 🔥\n\n1. 오래된 이어폰 & 처참히 망가진 이어폰 사진을 자신의 SNS에 올린다.\n2. LG 톤 프리가 왜 필요한지에 대한 사연을 적는다.\n3. 해시태그를 남긴다 (#LG 톤 프리 #범수의 세계)\n4. 아래의 링크에 상품 제공을 위한 개인 정보를 입력하면 끝!\n👉🏻https://forms.gle/SAaJ6yVjMvZKszCW6\n\n추첨을 통해 총 3분의 구독자님들께 범수님이 사용했던\n약 199,000원 상당의 LG TONE Free FN7(새제품)를 보내드리겠습니다! \n\n(*제세공과금 22%는 당첨자 본인 부담입니다) \n\n✔️이벤트 참여 가능 기간:   2/26(금) ~ 3/4(목)\n✔️당첨자 발표: 3/5(금) 6PM\n✔️채널 커뮤니티를 확인해주세요!\n\n🎥제작: 샌드박스네트워크\n💼비즈니스 문의: youngent05@daum.net",
        "thumbnail": "https://i.ytimg.com/vi/FksEj17Pbag/mqdefault.jpg",
        "youtubeVideoId": "FksEj17Pbag",
        "uploadedDate": "2021-03-08T04:02:18Z",
        "viewCount": 28311,
        "isCommercial": "True"
    },
    {
        "id": "10c1e12e-8b9d-4299-b858-d1157adb9d1b",
        "title": "김범수의 제주 옥탑 라이브 함께해요! [범수의 세계]",
        "description": "#김범수 #지나간다 #라이브\n\n범수로운 슬기생활, 김범수의 취미생활을 보여드립니다.\n저에게 어울리는 취미 생활을 추천해주세요.\n\n매주 금요일 오후 6시에 업로드 됩니다.\n\n🎥제작: 샌드박스네트워크\n💼비즈니스 문의: youngent05@daum.net",
        "thumbnail": "https://i.ytimg.com/vi/Mybd8947n9g/mqdefault.jpg",
        "youtubeVideoId": "Mybd8947n9g",
        "uploadedDate": "2021-03-08T04:02:18Z",
        "viewCount": 271890,
        "isCommercial": "False"
    },
    {
        "id": "31481f5d-e004-4367-bbdd-51dbff667bac",
        "title": "🤪김범수 화났쥬? 아무 것도 못하쥬?😁 2022년 트렌드 능력고사!",
        "description": "어쩔티비..? 저쩔티비....?!\n유행에 빠삭하다고 자부하는 범수형,\n\n2022년 트렌드 능력고사로 검증해봤습니다!\n\n매주 금요일 오후 6시에 업로드 됩니다.\n\n🎥제작: 트레져헌터\n💼비즈니스 문의: adm@treasurehunter.co.kr\n\n#김범수 #어쩔티비 #잼민이",
        "thumbnail": "https://i.ytimg.com/vi/0mpj-hPazTo/mqdefault.jpg",
        "youtubeVideoId": "0mpj-hPazTo",
        "uploadedDate": "2022-01-06T08:53:40Z",
        "viewCount": 5551,
        "isCommercial": "False"
    }
]