[
    {
        "id": "6f9dff00-bc66-4a00-9b00-3d7141b50556",
        "title": "나랑 같이 호캉스 갈래?👙 #Shorts",
        "description": "19일 올라갈 브이로그 맛보기 ෆ\n\n#youtubeshorts #쇼츠 #한갱\n\n❤ Instagram : https://www.instagram.com/han_kyung__/ ❤\n❤ Twitch : https://www.twitch.tv/woohankyung ❤\n❤ Facebook : https://www.facebook.com/whk0301 ❤\n\nBiz Mail  : adm@treasurehunter.co.kr\nPost : (주)트레져헌터\n서울특별시 성동구 성수이로20길 16 JK타워 2층 트레져헌터\n(우)04783",
        "thumbnail": "https://i.ytimg.com/vi/IFZjfQthaZM/mqdefault.jpg",
        "youtubeVideoId": "IFZjfQthaZM",
        "uploadedDate": "2022-01-07T06:36:15Z",
        "viewCount": 17966,
        "isCommercial": "False"
    },
    {
        "id": "41b8da45-f78d-4801-a765-381763f89bb1",
        "title": "이러려고 호캉스 왔는데?👯👙 #Shorts",
        "description": "19일 올라갈 브이로그 맛보기 ෆ\n\n#youtubeshorts #쇼츠 #한갱\n\n❤ Instagram : https://www.instagram.com/han_kyung__/ ❤\n❤ Twitch : https://www.twitch.tv/woohankyung ❤\n❤ Facebook : https://www.facebook.com/whk0301 ❤\n\nBiz Mail  : adm@treasurehunter.co.kr\nPost : (주)트레져헌터\n서울특별시 성동구 성수이로20길 16 JK타워 2층 트레져헌터\n(우)04783",
        "thumbnail": "https://i.ytimg.com/vi/ZbjuAgTH60g/mqdefault.jpg",
        "youtubeVideoId": "ZbjuAgTH60g",
        "uploadedDate": "2022-01-14T12:24:37Z",
        "viewCount": 48253,
        "isCommercial": "False"
    },
    {
        "id": "72e9f375-7396-41d0-889e-6485bdf46b63",
        "title": "섹시 웨이브 레전드 #shorts",
        "description": "❤ Instagram : https://www.instagram.com/han_kyung__/ ❤\n❤ Twitch : https://www.twitch.tv/woohankyung ❤\n❤ Facebook : https://www.facebook.com/whk0301 ❤\n\nBiz Mail  : adm@treasurehunter.co.kr\nPost : (주)트레져헌터\n서울특별시 성동구 성수이로20길 16 JK타워 2층 트레져헌터\n(우)04783\n\n편집 : 장단오",
        "thumbnail": "https://i.ytimg.com/vi/NcnRqbYwGls/mqdefault.jpg",
        "youtubeVideoId": "NcnRqbYwGls",
        "uploadedDate": "2022-09-24T02:36:20Z",
        "viewCount": 3558,
        "isCommercial": "False"
    },
    {
        "id": "0b62a8be-a6ba-41b0-a041-1b64c372d0e6",
        "title": "갓반인 몸ㅃㅐ 레전드  #shorts",
        "description": "❤ Instagram : https://www.instagram.com/han_kyung__/ ❤\n❤ Twitch : https://www.twitch.tv/woohankyung ❤\n❤ Facebook : https://www.facebook.com/whk0301 ❤\n\nBiz Mail  : adm@treasurehunter.co.kr\nPost : (주)트레져헌터\n서울특별시 성동구 성수이로20길 16 JK타워 2층 트레져헌터\n(우)04783",
        "thumbnail": "https://i.ytimg.com/vi/MNN5rV0ka18/mqdefault.jpg",
        "youtubeVideoId": "MNN5rV0ka18",
        "uploadedDate": "2022-09-24T12:19:19Z",
        "viewCount": 4297,
        "isCommercial": "False"
    },
    {
        "id": "84bf0cf2-df39-43d5-8307-f1f34ca70135",
        "title": "위처선정 레전드 #shorts",
        "description": "❤ Instagram : https://www.instagram.com/han_kyung__/ ❤\n❤ Twitch : https://www.twitch.tv/woohankyung ❤\n❤ Facebook : https://www.facebook.com/whk0301 ❤\n\nBiz Mail  : adm@treasurehunter.co.kr\nPost : (주)트레져헌터\n서울특별시 성동구 성수이로20길 16 JK타워 2층 트레져헌터\n(우)04783",
        "thumbnail": "https://i.ytimg.com/vi/eXpX4jB6j1o/mqdefault.jpg",
        "youtubeVideoId": "eXpX4jB6j1o",
        "uploadedDate": "2022-09-25T10:56:42Z",
        "viewCount": 4607,
        "isCommercial": "False"
    },
    {
        "id": "cbb733b8-651f-49a0-a953-f40203e4d648",
        "title": "한 번 잡으면 절대로 안 놔준다는 극강의 포식자 레전드 (feat. 600일 텐션)  #shorts",
        "description": "❤ Instagram : https://www.instagram.com/han_kyung__/ ❤\n❤ Twitch : https://www.twitch.tv/woohankyung ❤\n❤ Facebook : https://www.facebook.com/whk0301 ❤\n\nBiz Mail  : adm@treasurehunter.co.kr\nPost : (주)트레져헌터\n서울특별시 성동구 성수이로20길 16 JK타워 2층 트레져헌터\n(우)04783",
        "thumbnail": "https://i.ytimg.com/vi/bRvuGjd1yms/mqdefault.jpg",
        "youtubeVideoId": "bRvuGjd1yms",
        "uploadedDate": "2022-09-26T12:07:18Z",
        "viewCount": 7187,
        "isCommercial": "False"
    },
    {
        "id": "f36bfe9c-81e5-485c-bd38-67d3d51fa288",
        "title": "[충격] 보정 벗겨내자 드러난 실체 레전드... #shorts",
        "description": "❤ Instagram : https://www.instagram.com/han_kyung__/ ❤\n❤ Twitch : https://www.twitch.tv/woohankyung ❤\n❤ Facebook : https://www.facebook.com/whk0301 ❤\n\nBiz Mail  : adm@treasurehunter.co.kr\nPost : (주)트레져헌터\n서울특별시 성동구 성수이로20길 16 JK타워 2층 트레져헌터\n(우)04783",
        "thumbnail": "https://i.ytimg.com/vi/mc0xCMdONBU/mqdefault.jpg",
        "youtubeVideoId": "mc0xCMdONBU",
        "uploadedDate": "2022-10-01T06:50:33Z",
        "viewCount": 8062,
        "isCommercial": "False"
    },
    {
        "id": "941cfb4c-74cc-4e39-ace0-f18cd6ddf364",
        "title": "여캠 생방송 도중 브xx어 노출... #shorts",
        "description": "❤ Instagram : https://www.instagram.com/han_kyung__/ ❤\n❤ Twitch : https://www.twitch.tv/woohankyung ❤\n❤ Facebook : https://www.facebook.com/whk0301 ❤\n\nBiz Mail  : adm@treasurehunter.co.kr\nPost : (주)트레져헌터\n서울특별시 성동구 성수이로20길 16 JK타워 2층 트레져헌터\n(우)04783",
        "thumbnail": "https://i.ytimg.com/vi/Pwde3fBcXeM/mqdefault.jpg",
        "youtubeVideoId": "Pwde3fBcXeM",
        "uploadedDate": "2022-10-03T10:37:42Z",
        "viewCount": 8168,
        "isCommercial": "False"
    },
    {
        "id": "8cbcb448-c742-4034-a3e0-99672fda31b5",
        "title": "이 둘이랑 놀러 다닐 수 있는 분? #shorts",
        "description": "❤ Instagram : https://www.instagram.com/han_kyung__/ ❤\n❤ Twitch : https://www.twitch.tv/woohankyung ❤\n❤ Facebook : https://www.facebook.com/whk0301 ❤\n\nBiz Mail  : adm@treasurehunter.co.kr\nPost : (주)트레져헌터\n서울특별시 성동구 성수이로20길 16 JK타워 2층 트레져헌터\n(우)04783",
        "thumbnail": "https://i.ytimg.com/vi/2wOxxZnzbcM/mqdefault.jpg",
        "youtubeVideoId": "2wOxxZnzbcM",
        "uploadedDate": "2022-10-05T09:02:19Z",
        "viewCount": 6389,
        "isCommercial": "False"
    },
    {
        "id": "f31392b9-0c7e-41c1-b43b-b8f7a221b84b",
        "title": "준비물 : 킹 받을 결심...... #shorts",
        "description": "❤ Instagram : https://www.instagram.com/han_kyung__/ ❤\n❤ Twitch : https://www.twitch.tv/woohankyung ❤\n❤ Facebook : https://www.facebook.com/whk0301 ❤\n\nBiz Mail  : adm@treasurehunter.co.kr\nPost : (주)트레져헌터\n서울특별시 성동구 성수이로20길 16 JK타워 2층 트레져헌터\n(우)04783",
        "thumbnail": "https://i.ytimg.com/vi/zSjDpB1uZwY/mqdefault.jpg",
        "youtubeVideoId": "zSjDpB1uZwY",
        "uploadedDate": "2022-10-10T09:10:00Z",
        "viewCount": 7561,
        "isCommercial": "False"
    },
    {
        "id": "c6948c4c-d9a7-4559-836c-4ebf9effdeb8",
        "title": "편집자가 편집하다 웃겨서 마감 못 맞춘 리액션 #shorts",
        "description": "❤ Instagram : https://www.instagram.com/han_kyung__/ ❤\n❤ Twitch : https://www.twitch.tv/woohankyung ❤\n❤ Facebook : https://www.facebook.com/whk0301 ❤\n\nBiz Mail  : adm@treasurehunter.co.kr\nPost : (주)트레져헌터\n서울특별시 성동구 성수이로20길 16 JK타워 2층 트레져헌터\n(우)04783",
        "thumbnail": "https://i.ytimg.com/vi/Dq5KS4wFC1w/mqdefault.jpg",
        "youtubeVideoId": "Dq5KS4wFC1w",
        "uploadedDate": "2022-10-11T11:16:52Z",
        "viewCount": 3911,
        "isCommercial": "False"
    },
    {
        "id": "cb332157-3ace-4a0a-8d69-cd778e181c47",
        "title": "충격.. 모 인기 유튜버 사기행각 발각 #shorts",
        "description": "❤ Instagram : https://www.instagram.com/han_kyung__/ ❤\n❤ Twitch : https://www.twitch.tv/woohankyung ❤\n❤ Facebook : https://www.facebook.com/whk0301 ❤\n\nBiz Mail  : adm@treasurehunter.co.kr\nPost : (주)트레져헌터\n서울특별시 성동구 성수이로20길 16 JK타워 2층 트레져헌터\n(우)04783",
        "thumbnail": "https://i.ytimg.com/vi/y8fYbHt91Y4/mqdefault.jpg",
        "youtubeVideoId": "y8fYbHt91Y4",
        "uploadedDate": "2022-10-17T12:01:22Z",
        "viewCount": 5011,
        "isCommercial": "False"
    },
    {
        "id": "a29a1413-3e76-4e01-acbf-65479e81bdca",
        "title": "\" 뽀뽀형에 처한다 \" #shorts",
        "description": "❤ Instagram : https://www.instagram.com/han_kyung__/ ❤\n❤ Twitch : https://www.twitch.tv/woohankyung ❤\n❤ Facebook : https://www.facebook.com/whk0301 ❤\n\nBiz Mail  : adm@treasurehunter.co.kr\nPost : (주)트레져헌터\n서울특별시 성동구 성수이로20길 16 JK타워 2층 트레져헌터\n(우)04783",
        "thumbnail": "https://i.ytimg.com/vi/zuJXrhWJuyI/mqdefault.jpg",
        "youtubeVideoId": "zuJXrhWJuyI",
        "uploadedDate": "2022-10-20T09:32:30Z",
        "viewCount": 8999,
        "isCommercial": "False"
    },
    {
        "id": "b152c60a-f91c-4ff3-9904-215083287dce",
        "title": "\" 예상치 못하게 움직일 것 \" #shorts",
        "description": "❤ Instagram : https://www.instagram.com/han_kyung__/ ❤\n❤ Twitch : https://www.twitch.tv/woohankyung ❤\n❤ Facebook : https://www.facebook.com/whk0301 ❤\n\nBiz Mail  : adm@treasurehunter.co.kr\nPost : (주)트레져헌터\n서울특별시 성동구 성수이로20길 16 JK타워 2층 트레져헌터\n(우)04783",
        "thumbnail": "https://i.ytimg.com/vi/F1Th_337Dns/mqdefault.jpg",
        "youtubeVideoId": "F1Th_337Dns",
        "uploadedDate": "2022-10-21T10:06:27Z",
        "viewCount": 6400,
        "isCommercial": "False"
    },
    {
        "id": "fabbbd6c-ffa0-4132-a304-71aa510e80d0",
        "title": "눈에 먼지가 들어갔다구?ㅎㅎ 이리 와봐 ㅎㅎ #shorts",
        "description": "1\n2\n3\n#한갱 #VLOG #키워드\n\n❤ Instagram : https://www.instagram.com/han_kyung__/ ❤\n❤ Twitch : https://www.twitch.tv/woohankyung ❤\n❤ Facebook : https://www.facebook.com/whk0301 ❤\n\nBiz Mail  : adm@treasurehunter.co.kr\nPost : (주)트레져헌터\n서울특별시 성동구 성수이로20길 16 JK타워 2층 트레져헌터\n(우)04783",
        "thumbnail": "https://i.ytimg.com/vi/PJW3WPFELO8/mqdefault.jpg",
        "youtubeVideoId": "PJW3WPFELO8",
        "uploadedDate": "2022-10-22T11:54:26Z",
        "viewCount": 7272,
        "isCommercial": "False"
    },
    {
        "id": "285e0dcc-9c50-4c25-b967-7516555268f2",
        "title": "??? : 지 딸도 아닌 예나를 왜 달고 가? #shorts",
        "description": "❤ Instagram : https://www.instagram.com/han_kyung__/ ❤\n❤ Twitch : https://www.twitch.tv/woohankyung ❤\n❤ Facebook : https://www.facebook.com/whk0301 ❤\n\nBiz Mail  : adm@treasurehunter.co.kr\nPost : (주)트레져헌터\n서울특별시 성동구 성수이로20길 16 JK타워 2층 트레져헌터\n(우)04783",
        "thumbnail": "https://i.ytimg.com/vi/xmtC36xCpyI/mqdefault.jpg",
        "youtubeVideoId": "xmtC36xCpyI",
        "uploadedDate": "2022-10-24T09:46:14Z",
        "viewCount": 8192,
        "isCommercial": "False"
    },
    {
        "id": "90ad2924-fe6f-46dc-9e77-4ebc7f8bd9ca",
        "title": "이런 토끼가 다짜고짜 나에게 시끄럽다고 말을 건다면? #shorts",
        "description": "❤ Instagram : https://www.instagram.com/han_kyung__/ ❤\n❤ Twitch : https://www.twitch.tv/woohankyung ❤\n❤ Facebook : https://www.facebook.com/whk0301 ❤\n\nBiz Mail  : adm@treasurehunter.co.kr\nPost : (주)트레져헌터\n서울특별시 성동구 성수이로20길 16 JK타워 2층 트레져헌터\n(우)04783",
        "thumbnail": "https://i.ytimg.com/vi/Pv3fAmWkazo/mqdefault.jpg",
        "youtubeVideoId": "Pv3fAmWkazo",
        "uploadedDate": "2022-10-26T19:17:32Z",
        "viewCount": 4959,
        "isCommercial": "False"
    },
    {
        "id": "315586bc-a28c-46aa-bc5b-0c40f209ecd9",
        "title": "Trick or treat? #shorts",
        "description": "브금\n👍🏻Music provided by 찐브금[The Real BGM]\n👍🏻Track : 마녀의 초대장\n\n❤ Instagram : https://www.instagram.com/han_kyung__/ ❤\n❤ Twitch : https://www.twitch.tv/woohankyung ❤\n❤ Facebook : https://www.facebook.com/whk0301 ❤\n\nBiz Mail  : adm@treasurehunter.co.kr\nPost : (주)트레져헌터\n서울특별시 성동구 성수이로20길 16 JK타워 2층 트레져헌터\n(우)04783",
        "thumbnail": "https://i.ytimg.com/vi/qF67tXdUkSE/mqdefault.jpg",
        "youtubeVideoId": "qF67tXdUkSE",
        "uploadedDate": "2022-10-28T11:31:49Z",
        "viewCount": 5399,
        "isCommercial": "False"
    },
    {
        "id": "6e5cd088-ada5-413a-a577-3d44861a84a8",
        "title": "아니 뭔 자꾸 이런 리액션이 유행하나중에 볼 동영상에 추가 #shorts",
        "description": "❤ Instagram : https://www.instagram.com/han_kyung__/ ❤\n❤ Twitch : https://www.twitch.tv/woohankyung ❤\n❤ Facebook : https://www.facebook.com/whk0301 ❤\n\nBiz Mail  : adm@treasurehunter.co.kr\nPost : (주)트레져헌터\n서울특별시 성동구 성수이로20길 16 JK타워 2층 트레져헌터\n(우)04783",
        "thumbnail": "https://i.ytimg.com/vi/1rNNTs-dEgw/mqdefault.jpg",
        "youtubeVideoId": "1rNNTs-dEgw",
        "uploadedDate": "2022-11-08T09:47:43Z",
        "viewCount": 5187,
        "isCommercial": "False"
    }
]