[
    {
        "id": "4ec68306-f2c4-4f4a-a209-75fff32acb4d",
        "title": "【합방】 ep2 . 테이블탑시뮬레이터 : 누가 갈통이지..? (w강백대전멤버)",
        "description": "이번 영상은 강백대전 멤버들과 함께 한 \n테이블탑시뮬레이터(in스팀)입니다.\n갈통대전멤버들의 숨막히는 연기대결 함께 감상하시죠 .\n\n\n구독과 좋아요 감사합니다 :-)\n트위치로 가기 → https://www.twitch.tv/itsmejanna \n\n\n김달걀TV는 RixFont클라우드를 사용중 입니다.\n\n#테이블탑시뮬레이터 #강백대전 #김달걀",
        "thumbnail": "https://i.ytimg.com/vi/-2iheYn54GY/mqdefault.jpg",
        "youtubeVideoId": "-2iheYn54GY",
        "uploadedDate": "2020-10-27T12:23:19Z",
        "viewCount": 0,
        "isCommercial": "False"
    },
    {
        "id": "3e68c296-64a6-410d-b1f6-ca3f95f38987",
        "title": "【합방】 ep1 . 어몽어스 : 갈통대전의 시작..",
        "description": "어몽어스 : 갈통대전의 시작.. (하이라이트라고설명하면 조회수가 잘 나올지도..?)\n\n구독과 좋아요 감사합니다 :-)\n트위치로 가기 → https://www.twitch.tv/itsmejanna \n\n\n김달걀TV는 RixFont클라우드를 사용중 입니다.\n\n#어몽어스 #갈통대전 #김달걀",
        "thumbnail": "https://i.ytimg.com/vi/oyH_3CSHyzA/mqdefault.jpg",
        "youtubeVideoId": "oyH_3CSHyzA",
        "uploadedDate": "2020-10-27T12:23:19Z",
        "viewCount": 0,
        "isCommercial": "False"
    },
    {
        "id": "1eeda095-df32-4cf7-9e7a-23403e3eafda",
        "title": "【합방】 공포게임 ! 13일의 금요일 기~~~~~인 다르갸르~~",
        "description": "강소연 / 루다님 / 박옥자 / 백설양 / 스나랑 / 우정잉 / 이춘향 \n귀여운 우리 꼬마 아.가.씨 들과 함께한 \n13일의 금요일 합방 풀영상 입니다. \n\n\n\n\n구독과 좋아요 감사합니다 :-)\n트위치로 가기 → https://www.twitch.tv/itsmejanna \n\n\n김달걀TV는 RixFont클라우드를 사용중 입니다.",
        "thumbnail": "https://i.ytimg.com/vi/5edyQVbxPf4/mqdefault.jpg",
        "youtubeVideoId": "5edyQVbxPf4",
        "uploadedDate": "2020-12-09T00:20:09Z",
        "viewCount": 0,
        "isCommercial": "False"
    },
    {
        "id": "801f6300-d8d2-4344-a70b-fca9ea9807d3",
        "title": "【합방】 공포게임 ! 13일의 금요일 (부제: 우정잉 어딨어..?!)",
        "description": "강소연 / 루다님 / 박옥자 / 백설양 / 스나랑 / 우정잉 / 이춘향 \n귀여운 우리 꼬마 아.가.씨 들과 함께한 \n13일의 금요일 합방입니다. \n\n\n구독과 좋아요 감사합니다 :-)\n트위치로 가기 → https://www.twitch.tv/itsmejanna \n\n\n김달걀TV는 RixFont클라우드를 사용중 입니다.\n\n#공포게임 #합방 #13일의금요일",
        "thumbnail": "https://i.ytimg.com/vi/lmkExFsOw-s/mqdefault.jpg",
        "youtubeVideoId": "lmkExFsOw-s",
        "uploadedDate": "2020-12-09T00:20:52Z",
        "viewCount": 0,
        "isCommercial": "False"
    },
    {
        "id": "6e771db3-5cb6-41c4-b5a6-4e959915fc82",
        "title": "【합방】 마인크래프트 난리법석 눈물줄줄 크리스마스 합방!!! (w강백대전멤버)",
        "description": "크리스마스는 좀 지났지만 정말 재밌었고 \n뜻깊었던 강백 마크합방이었어요 !! \n재밌게 봐주세요 ! \n눈물줄줄은 뒷부분인데 뒷부분이 올라갈 수 있을까......과연..........\n\n구독😍과 좋아요👍는 김달걀의 열정을 꿈틀대게 합니다.\n\n생방의 묘미를 엿보기 ▶https://www.twitch.tv/itsmejanna \n달걀의 일상을 엿보기 ▶https://www.instagram.com/kimeggu_\n긴달걀TV      ▶https://www.youtube.com/channel/UCT8E3BCqE3WiuX1pZelBRKA\n\n\n김달걀TV는 RixFont클라우드를 사용중 입니다.\n\n\n#마인크래프트 #마크 #강백대전",
        "thumbnail": "https://i.ytimg.com/vi/zKqN-xNj91g/mqdefault.jpg",
        "youtubeVideoId": "zKqN-xNj91g",
        "uploadedDate": "2021-01-20T14:58:11Z",
        "viewCount": 0,
        "isCommercial": "False"
    },
    {
        "id": "721e020a-4a7b-444a-bc7b-68821469e54f",
        "title": "공포게임 합방도중 결국..(햇둡요달쫀)",
        "description": "#김달걀 #공포게임 #인사일런스 \n\n쫀득이 햇살살 요룰레히 연두부님과 함께한 공포게임 합방 영상입니다\n\n\n구독😍과 좋아요👍는 김달걀의 열정을 꿈틀대게 합니다.\n\n생방의 묘미를 엿보기 ▶https://www.twitch.tv/itsmejanna \n달걀의 일상을 엿보기 ▶https://www.instagram.com/kimeggu_\n긴달걀TV      ▶https://www.youtube.com/channel/UCT8E3BCqE3WiuX1pZelBRKA\n\n\n김달걀TV는 RixFont클라우드를 사용중 입니다.",
        "thumbnail": "https://i.ytimg.com/vi/kSgfPQZ-xYk/mqdefault.jpg",
        "youtubeVideoId": "kSgfPQZ-xYk",
        "uploadedDate": "2021-03-04T11:00:53Z",
        "viewCount": 14760,
        "isCommercial": "False"
    },
    {
        "id": "2574d6f3-2aa6-44d8-874c-87a802e8c3af",
        "title": "사람이 없어졌다 나왔다 없어졌다 x3 (햇둡요달쫀 합방 풀영상 인사일런스)",
        "description": "구독😍과 좋아요👍는 김달걀의 열정을 꿈틀대게 합니다.\n인사일런스라는 공포게임 합방영상입니다.\n... 다신안해\n생방의 묘미를 엿보기 ▶https://www.twitch.tv/itsmejanna \n달걀의 일상을 엿보기 ▶https://www.instagram.com/kimeggu_\n긴달걀TV      ▶https://www.youtube.com/channel/UCT8E3BCqE3WiuX1pZelBRKA\n\n\n김달걀TV는 RixFont클라우드를 사용중 입니다.\n\n#합방 #공포게임 #햇둡요달쫀",
        "thumbnail": "https://i.ytimg.com/vi/e4K4RwvOy44/mqdefault.jpg",
        "youtubeVideoId": "e4K4RwvOy44",
        "uploadedDate": "2021-03-12T13:05:03Z",
        "viewCount": 7268,
        "isCommercial": "False"
    },
    {
        "id": "edcd678a-79f4-459b-9a9f-d2c10ce4b0d1",
        "title": "지스타에서도 업신여김을 당하는 나..",
        "description": "#김달걀 #지스타 #야방\n\n거기 서 마젠타!!!!!!!!\n\n겸사겸사가게 되었던 부산에서 뜻밖의 힐링\n(같이가자 말해준 요룰이 고마워❤️)\n\n@요룰레히  @마젠타 \n\n\n구독😍과 좋아요👍는 김달걀의 열정을 꿈틀대게 합니다.\n\n🥚 김달걀 비지니스 문의 janna1712@naver.com\n\n🥚 김달걀 라이브 https://www.twitch.tv/itsmejanna \n🥚 김달걀 인스타 https://www.instagram.com/kimeggu_\n🥚 긴달걀TV         https://url.kr/ws8gtl",
        "thumbnail": "https://i.ytimg.com/vi/wSZV9SE4uWo/mqdefault.jpg",
        "youtubeVideoId": "wSZV9SE4uWo",
        "uploadedDate": "2021-11-25T09:27:38Z",
        "viewCount": 46037,
        "isCommercial": "False"
    },
    {
        "id": "9be5c623-3371-4233-bc9a-09b1b45123da",
        "title": "악질 채팅 유저를 직접 만나고 왔습니다",
        "description": "#김달걀 #현피 #참교육\n\n조롱군단장과의 현실 만남을 가진 광기군단장씨..\n@연두부 düb \n\n구독😍과 좋아요👍는 김달걀의 열정을 꿈틀대게 합니다.\n\n🥚 김달걀 비지니스 문의 janna1712@naver.com\n\n🥚 김달걀 라이브 https://www.twitch.tv/itsmejanna \n🥚 김달걀 인스타 https://www.instagram.com/kimeggu_\n🥚 긴달걀TV         https://url.kr/ws8gtl",
        "thumbnail": "https://i.ytimg.com/vi/yNGRpgIvC3k/mqdefault.jpg",
        "youtubeVideoId": "yNGRpgIvC3k",
        "uploadedDate": "2022-04-17T06:19:38Z",
        "viewCount": 42191,
        "isCommercial": "False"
    },
    {
        "id": "b89d36c7-fcfd-4cc3-bf9f-3a034ccefcac",
        "title": "서울 PC방에서 포착된 누이ㅋㅋㅋ",
        "description": "#NVIDIA #GeForce #iCafe #NVIDIAReflex\n\n\n\n사회적 거리두기 전면 해제! 이제 일상으로 돌아갈 시간입니다. 게이머들이 함께 즐겼던 그리운 공간, PC방으로 가보실까요?\n\n* 엔비디아 PC방으로 김달걀이 간다! 지포스 그래픽카드로 즐겁게 게임하고, 엔비디아 리플렉스로 승리를! \n\n본 콘텐츠는 컬러풀과 엔비디아 협찬과 지원으로 제작되었습니다.\n이 영상은 광.고.입.니.다\n\n낮은 레이턴시의 게이밍, NVIDIA REFLEX 밀리초 단위로 최적화! 승리의 비결!\nhttps://www.nvidia.com/ko-kr/geforce/technologies/reflex/",
        "thumbnail": "https://i.ytimg.com/vi/zhVUzBHPp1I/mqdefault.jpg",
        "youtubeVideoId": "zhVUzBHPp1I",
        "uploadedDate": "2022-04-23T09:19:38Z",
        "viewCount": 35603,
        "isCommercial": "True"
    },
    {
        "id": "38d93131-2df4-4565-a1b0-2a5e22e523dc",
        "title": "변치 않는 우리 사이.. ^^",
        "description": "#김달걀 #우정잉 #playstation \n\n걀♥잉\n\n\n\n이 영상은 소니인터랙티브엔터테인먼트코리아로부터 지원을 받아 제작되었습니다.\n\n\n\n\n구독😍과 좋아요👍는 김달걀의 열정을 꿈틀대게 합니다.\n\n🥚 김달걀 비지니스 문의 janna1712@naver.com\n\n🥚 김달걀 라이브 https://www.twitch.tv/itsmejanna \n🥚 김달걀 인스타 https://www.instagram.com/kimeggu_\n🥚 긴달걀TV         https://url.kr/ws8gtl",
        "thumbnail": "https://i.ytimg.com/vi/3WX3dCol3J8/mqdefault.jpg",
        "youtubeVideoId": "3WX3dCol3J8",
        "uploadedDate": "2022-06-29T08:43:57Z",
        "viewCount": 54057,
        "isCommercial": "True"
    }
]