[
    {
        "id": "ed885e94-5d0a-49a0-93f0-654ffc7cec1d",
        "title": "핫클립 동전 마술",
        "description": "트게더에서 핫클립으로 올라간\n\n동전 마술입니다!\n\n제가 다시 봐도 어마무지 신기하네요\n\n\n위 이야기는 사실과 아주 다를 수 있습니다\n\n댓글과 트위치로 함께 소통합시다\n\n많이 사랑합니다.\n\n트위치 : 마술사김준표\n월~토 오후 7시 방송\n\n마술 강의\nhttps://www.lnmagic.co.kr/goods/goods_search.php?keyword=%EA%B9%80%EC%A4%80%ED%91%9C&recentCount=10\n\nhttps://arcanamagic.com/goods/search?keyword_log_flag=Y&search_text=%EA%B9%80%EC%A4%80%ED%91%9C&x=0&y=0\n\n김준표 배우는 마술 클래스 101\nhttps://class101.app/e/junpyo-class\n\n비즈니스 & 합방 공연 & 강의 문의\nadm@treasurehunter.co.kr\n\n공연 및 강의 정보\nhttps://www.notion.so/kalidcerona/9f4490ab22414594874f7fbabe1bb59a\n\n영상을 퍼가실 경우 꼭 출처를 남겨주시길 바라며\n다른 영상과 합치지 마시길 바랍니다\n\n#shorts",
        "thumbnail": "https://i.ytimg.com/vi/xVij5SWsujQ/mqdefault.jpg",
        "youtubeVideoId": "xVij5SWsujQ",
        "uploadedDate": "2021-03-13T16:38:18Z",
        "viewCount": 600780,
        "isCommercial": "False"
    },
    {
        "id": "02fae82b-da28-4a17-9377-fd1e9eea7973",
        "title": "핫클립 돈복사 버그",
        "description": "위 이야기는 사실과 아주 다를 수 있습니다\n\n댓글과 트위치로 함께 소통합시다\n\n많이 사랑합니다.\n\n트위치 : 마술사김준표\n월~토 오후 7시 방송\n\n마술 강의\nhttps://www.lnmagic.co.kr/goods/goods_search.php?keyword=%EA%B9%80%EC%A4%80%ED%91%9C&recentCount=10\n\nhttps://arcanamagic.com/goods/search?keyword_log_flag=Y&search_text=%EA%B9%80%EC%A4%80%ED%91%9C&x=0&y=0\n\n김준표 배우는 마술 클래스 101\nhttps://class101.app/e/junpyo-class\n\n비즈니스 & 합방 공연 & 강의 문의\nadm@treasurehunter.co.kr\n\n공연 및 강의 정보\nhttps://www.notion.so/kalidcerona/9f4490ab22414594874f7fbabe1bb59a\n\n영상을 퍼가실 경우 꼭 출처를 남겨주시길 바라며\n다른 영상과 합치지 마시길 바랍니다\n\n#shorts",
        "thumbnail": "https://i.ytimg.com/vi/V0xIoCqEnYA/mqdefault.jpg",
        "youtubeVideoId": "V0xIoCqEnYA",
        "uploadedDate": "2021-03-22T10:12:06Z",
        "viewCount": 1529007,
        "isCommercial": "False"
    },
    {
        "id": "17ba9de1-e201-4fbf-bc35-2ef092214e6c",
        "title": "핫클립 지갑 속 카드",
        "description": "위 이야기는 사실과 아주 다를 수 있습니다\n\n댓글과 트위치로 함께 소통합시다\n\n많이 사랑합니다.\n\n트위치 : 마술사김준표\n월~토 오후 7시 방송\n\n마술 강의\nhttps://www.lnmagic.co.kr/goods/goods_search.php?keyword=%EA%B9%80%EC%A4%80%ED%91%9C&recentCount=10\n\nhttps://arcanamagic.com/goods/search?keyword_log_flag=Y&search_text=%EA%B9%80%EC%A4%80%ED%91%9C&x=0&y=0\n\n김준표 배우는 마술 클래스 101\nhttps://class101.app/e/junpyo-class\n\n비즈니스 & 합방 공연 & 강의 문의\nadm@treasurehunter.co.kr\n\n공연 및 강의 정보\nhttps://www.notion.so/kalidcerona/9f4490ab22414594874f7fbabe1bb59a\n\n영상을 퍼가실 경우 꼭 출처를 남겨주시길 바라며\n다른 영상과 합치지 마시길 바랍니다\n\n#shorts",
        "thumbnail": "https://i.ytimg.com/vi/g9mOj3cBjgc/mqdefault.jpg",
        "youtubeVideoId": "g9mOj3cBjgc",
        "uploadedDate": "2021-04-01T01:13:55Z",
        "viewCount": 931103,
        "isCommercial": "False"
    },
    {
        "id": "b8a3c363-0f7b-46e0-81d5-20502a746a99",
        "title": "핫클립 카드이동",
        "description": "위 이야기는 사실과 아주 다를 수 있습니다\n\n댓글과 트위치로 함께 소통합시다\n\n많이 사랑합니다.\n\n트위치 : 마술사김준표\n월~토 오후 7시 방송\n\n마술 강의\nhttps://www.lnmagic.co.kr/goods/goods_search.php?keyword=%EA%B9%80%EC%A4%80%ED%91%9C&recentCount=10\n\nhttps://arcanamagic.com/goods/search?keyword_log_flag=Y&search_text=%EA%B9%80%EC%A4%80%ED%91%9C&x=0&y=0\n\n김준표 배우는 마술 클래스 101\nhttps://class101.app/e/junpyo-class\n\n비즈니스 & 합방 공연 & 강의 문의\nadm@treasurehunter.co.kr\n\n공연 및 강의 정보\nhttps://www.notion.so/kalidcerona/9f4490ab22414594874f7fbabe1bb59a\n\n영상을 퍼가실 경우 꼭 출처를 남겨주시길 바라며\n다른 영상과 합치지 마시길 바랍니다\n\n#shorts",
        "thumbnail": "https://i.ytimg.com/vi/jE7e2Yn0As8/mqdefault.jpg",
        "youtubeVideoId": "jE7e2Yn0As8",
        "uploadedDate": "2021-04-08T02:21:39Z",
        "viewCount": 223090,
        "isCommercial": "False"
    },
    {
        "id": "d4ea3853-14b0-4006-9284-565504583810",
        "title": "핫클립 공중부양",
        "description": "위 이야기는 사실과 아주 다를 수 있습니다\n\n댓글과 트위치로 함께 소통합시다\n\n많이 사랑합니다.\n\n트위치 : 마술사김준표\n월~토 오후 7시 방송\n\n마술 강의\nhttps://www.lnmagic.co.kr/goods/goods_search.php?keyword=%EA%B9%80%EC%A4%80%ED%91%9C&recentCount=10\n\nhttps://arcanamagic.com/goods/search?keyword_log_flag=Y&search_text=%EA%B9%80%EC%A4%80%ED%91%9C&x=0&y=0\n\n김준표 배우는 마술 클래스 101\nhttps://class101.app/e/junpyo-class\n\n비즈니스 & 합방 공연 & 강의 문의\nadm@treasurehunter.co.kr\n\n공연 및 강의 정보\nhttps://www.notion.so/kalidcerona/9f4490ab22414594874f7fbabe1bb59a\n\n영상을 퍼가실 경우 꼭 출처를 남겨주시길 바라며\n다른 영상과 합치지 마시길 바랍니다\n\n#shorts",
        "thumbnail": "https://i.ytimg.com/vi/5l-Z3Sr3_wk/mqdefault.jpg",
        "youtubeVideoId": "5l-Z3Sr3_wk",
        "uploadedDate": "2021-04-15T02:15:18Z",
        "viewCount": 366238,
        "isCommercial": "False"
    },
    {
        "id": "73ef587d-67ac-453c-ae5e-cdad0f4d923c",
        "title": "세계대회에서 마법사들을 기겁시킨 놀라운 마술",
        "description": "위 이야기는 사실과 아주 다를 수 있습니다\n\n댓글과 트위치로 함께 소통합시다\n\n많이 사랑합니다.\n\n트위치 : 마술사김준표\n월~토 오후 7시 방송\n\n마술 강의\nhttps://www.lnmagic.co.kr/goods/goods_search.php?keyword=%EA%B9%80%EC%A4%80%ED%91%9C&recentCount=10\n\nhttps://arcanamagic.com/goods/search?keyword_log_flag=Y&search_text=%EA%B9%80%EC%A4%80%ED%91%9C&x=0&y=0\n\n김준표 배우는 마술 클래스 101\nhttps://class101.app/e/junpyo-class\n\n비즈니스 & 합방 공연 & 강의 문의\nadm@treasurehunter.co.kr\n\n공연 및 강의 정보\nhttps://www.notion.so/kalidcerona/9f4490ab22414594874f7fbabe1bb59a\n\n영상을 퍼가실 경우 꼭 출처를 남겨주시길 바라며\n다른 영상과 합치지 마시길 바랍니다\n\n#shorts",
        "thumbnail": "https://i.ytimg.com/vi/2TA8cduvuDs/mqdefault.jpg",
        "youtubeVideoId": "2TA8cduvuDs",
        "uploadedDate": "2021-04-22T03:18:47Z",
        "viewCount": 340883,
        "isCommercial": "False"
    },
    {
        "id": "73c05879-100e-4956-899c-8d3a6fcbcabd",
        "title": "사람을 가지고 노는 마법사",
        "description": "위 이야기는 사실과 아주 다를 수 있습니다\n\n댓글과 트위치로 함께 소통합시다\n\n많이 사랑합니다.\n\n트위치 : 마술사김준표\n월~토 오후 7시 방송\n\n마술 강의\nhttps://www.lnmagic.co.kr/goods/goods_search.php?keyword=%EA%B9%80%EC%A4%80%ED%91%9C&recentCount=10\n\nhttps://arcanamagic.com/goods/search?keyword_log_flag=Y&search_text=%EA%B9%80%EC%A4%80%ED%91%9C&x=0&y=0\n\n김준표 배우는 마술 클래스 101\nhttps://class101.app/e/junpyo-class\n\n비즈니스 & 합방 공연 & 강의 문의\nadm@treasurehunter.co.kr\n\n공연 및 강의 정보\nhttps://www.notion.so/kalidcerona/9f4490ab22414594874f7fbabe1bb59a\n\n영상을 퍼가실 경우 꼭 출처를 남겨주시길 바라며\n다른 영상과 합치지 마시길 바랍니다\n\n#shorts",
        "thumbnail": "https://i.ytimg.com/vi/b7wQATgprhs/mqdefault.jpg",
        "youtubeVideoId": "b7wQATgprhs",
        "uploadedDate": "2021-05-06T02:59:21Z",
        "viewCount": 199537,
        "isCommercial": "False"
    },
    {
        "id": "010d66b6-ab47-4cfd-b446-58c6ae82a094",
        "title": "종이의 집X흑마술사 김준표",
        "description": "위 이야기는 사실과 아주 다를 수 있습니다\n\n댓글과 트위치로 함께 소통합시다\n\n많이 사랑합니다.\n\n트위치 : 마술사김준표\n월수금토일 오후 7시 방송\n\n마술 강의\n\n렉쳐노트\nhttps://www.lnmagic.co.kr/goods/goods_search.php?keyword=%EA%B9%80%EC%A4%80%ED%91%9C&recentCount=10\n\n아르카나\nhttps://arcanamagic.com/?s=%EA%B9%80%EC%A4%80%ED%91%9C&post_type=course\n\n김준표 배우는 마술 클래스 101\nhttps://101.gg/junpyo-class\n\n비즈니스 & 합방 공연 & 강의 문의\nadm@treasurehunter.co.kr\n\n공연 및 강의 정보\nhttps://www.notion.so/kalidcerona/9f4490ab22414594874f7fbabe1bb59a\n\n영상을 퍼가실 경우 꼭 출처를 남겨주시길 바라며\n다른 영상과 합치지 마시길 바랍니다\n\n#종이의집_공동경제구역 #종이의집 #JoinTheHeist #넷플릭스",
        "thumbnail": "https://i.ytimg.com/vi/jVXCQ5R4tZ8/mqdefault.jpg",
        "youtubeVideoId": "jVXCQ5R4tZ8",
        "uploadedDate": "2022-06-27T10:49:21Z",
        "viewCount": 699063,
        "isCommercial": "True"
    }
]