[
    {
        "id": "edf85aaf-47c5-4ee0-85ca-65db7253fb2b",
        "title": "리액션 터지는 채채의 엄마를 피해 100층 탈출하기 (뒷북ㅈㅅ) [채채TV]",
        "description": "1년 전, 돈을 벌어 마이크를 사겠다던 채희선은 마이크를 사지 않았고, 다음번 게임영상에서는 마이크와 함께 등장하겠습니다. 고멘다사잇!!\n\n▶ 구독 youtube : https://www.youtube.com/chaechaetv\n▶ 팔로우 facebook : https://www.facebook.com/dolheesun\n▶ 팔로우 instagram : https://www.instagram.com/chaechaetv\n▶ 문의 e-mail : chaechaetv@naver.com\nMusic: http://www.bensound.com",
        "thumbnail": "https://i.ytimg.com/vi/e91oH2famiY/mqdefault.jpg",
        "youtubeVideoId": "e91oH2famiY",
        "uploadedDate": "2018-03-28T08:22:33Z",
        "viewCount": 0,
        "isCommercial": "False"
    },
    {
        "id": "06cf6d17-8ea2-4778-875a-6ce5bc78e729",
        "title": "14년만에 슈게임을 해보았다! 동심파괴..현실자각..[채채TV]",
        "description": "동심을 잃고 싶지 않았지만 이미 잃은지 오래인듯 흑흑.\n\n▶ 구독 youtube : https://goo.gl/IQHIBa \n▶ 팔로우 facebook : https://www.facebook.com/dolheesun\n▶ 팔로우 instagram : https://www.instagram.com/chaechaetv/\n▶ 문의 e-mail : chaechaetv@naver.com",
        "thumbnail": "https://i.ytimg.com/vi/Zh1_8l07SF4/mqdefault.jpg",
        "youtubeVideoId": "Zh1_8l07SF4",
        "uploadedDate": "2017-04-19T06:44:13Z",
        "viewCount": 0,
        "isCommercial": "False"
    },
    {
        "id": "63c3c467-bb10-4218-854a-228aba0feed9",
        "title": "눈 감지 않고 게임하기 도전! [채채TV/채희선]",
        "description": "^_ㅜ 여러분은 레벨 몇까지 가능하신가요? 껄껄\n채채와 함께 게임할 사람은 요기요기 붙어라!\n\n·        Android : https://goo.gl/HVdEoP\n·        iOS : https://goo.gl/qjGA8q\n·        페이스북팬페이지: https://goo.gl/ua6938\n\n▶ 구독 youtube : https://goo.gl/IQHIBa \n▶ 팔로우 facebook : https://www.facebook.com/dolheesun\n▶ 팔로우 instagram : https://www.instagram.com/chaechaetv/\n▶ 문의 e-mail : chaechaetv@naver.com \n\n구독/좋아요/공유 잊지말고 해주시면 감사하겠어요.\n유익하고 유쾌한 컨텐츠크리에이터 채희선에게 응원을 듬뿍해주실수록, 영상이 자주 올라갑니다♥!",
        "thumbnail": "https://i.ytimg.com/vi/tZj6zPcLgQI/mqdefault.jpg",
        "youtubeVideoId": "tZj6zPcLgQI",
        "uploadedDate": "2016-07-23T06:42:31Z",
        "viewCount": 0,
        "isCommercial": "False"
    },
    {
        "id": "130022a3-e962-40ee-ae3e-bb679cd27bd7",
        "title": "엄~청 작은 게임기 ★마이크로 아케이드 머신 리뷰★ [채채TV] Micro arcade machine Review",
        "description": "나도 게임 잘하고 싶다 헤헤..\n\n▶ 구독 youtube : https://goo.gl/IQHIBa \n▶ 팔로우 facebook : https://www.facebook.com/dolheesun\n▶ 팔로우 instagram : https://www.instagram.com/chaechaetv/\n▶ 취미기록 blog : http://blog.naver.com/chaechaetv\n▶ 문의 e-mail : chaechaetv@naver.com",
        "thumbnail": "https://i.ytimg.com/vi/wkYT0q8C_G0/mqdefault.jpg",
        "youtubeVideoId": "wkYT0q8C_G0",
        "uploadedDate": "2016-04-14T10:23:48Z",
        "viewCount": 0,
        "isCommercial": "False"
    },
    {
        "id": "57b45726-c806-4bba-bcf9-d91148d9e2d6",
        "title": "발로 게임 도전 x 하얀 고양이 프로젝트 [채채TV]",
        "description": "하고프에서 ㅊㅐ채랑 만나요! ^.^\n\n\"제공 : 주식회사 코로프라 ⓒ COLOPL, Inc\"\n\"이 영상은 광고를 포함하고 있습니다.\"\n▼ 하얀 고양이 프로젝트 다운로드 ▼ \nAndroid :  http://goo.gl/1OL2TN\niOS :  http://goo.gl/nm4NUI\n공식까페 :  http://cafe.naver.com/whitecatproject \n\n촬영일시: 2016.03.26",
        "thumbnail": "https://i.ytimg.com/vi/lRBe2XcHGMg/mqdefault.jpg",
        "youtubeVideoId": "lRBe2XcHGMg",
        "uploadedDate": "2016-03-31T13:52:35Z",
        "viewCount": 0,
        "isCommercial": "False"
    },
    {
        "id": "de884572-ef61-4dd5-9f15-882e42e699c7",
        "title": "세상 잔인한 해피휠즈게임 해봄 HAPPY WHEELS REVIEW (01.Happy green hills)",
        "description": "잔인하고 엽기적인 장면들이 많으니 심신미약자(아동/임산부/노약자)분들은 뒤로가기를 눌러주세요. \n\n▶ 구독 youtube : https://goo.gl/IQHIBa \n▶ 팔로우 facebook : https://www.facebook.com/dolheesun\n▶ 팔로우 instagram : https://www.instagram.com/chaechaetv/\n▶ 문의 e-mail : chaechaetv@naver.com \n\n구독/좋아요/공유 잊지말고 해주시면 감사하겠어요.\n유익하고 유쾌한 컨텐츠크리에이터 채희선에게 응원을 듬뿍해주실수록, 영상이 자주 올라갑니다♥!",
        "thumbnail": "https://i.ytimg.com/vi/Eh-erV8inKI/mqdefault.jpg",
        "youtubeVideoId": "Eh-erV8inKI",
        "uploadedDate": "2016-02-12T03:41:43Z",
        "viewCount": 0,
        "isCommercial": "False"
    }
]