[
    {
        "id": "a45e562d-67f1-4921-a657-283b42e19606",
        "title": "시작 10분만에 포기?! 싸움체력은 다르다.! | 가짜파이터 : 특전사 Ep.1",
        "description": "[구독]-[좋아요]는 큰! 큰! 힘이 됩니다🙏\n김동현 이메일:memikim88@gmail.com\n김동현 인스타그램 : https://www.instagram.com/stungunkim \n\n-팀스텀건 압구정( 인스타그램 https://www.instagram.com/teamstungun_seoul )\n: 서울시 강남구 신사동 556-28 b1 팀스턴건 \n\n(네이버에 팀스턴건 검색하시면 자세한 정보가 나옵니다🙏즐겁게 운동 함께 해요💪)\n \n-팀스턴건 대전 ( 인스타그램 https://www.instagram.com/teamstungun_daejeon )\n대전시 유성구 봉명동 548-12 5,6층 팀스턴건 대전\n\n#김동현 #가짜파이터 #특전사",
        "thumbnail": "https://i.ytimg.com/vi/ZmTe84z_72s/mqdefault.jpg",
        "youtubeVideoId": "ZmTe84z_72s",
        "uploadedDate": "2021-11-03T13:54:04Z",
        "viewCount": 91085,
        "isCommercial": "False"
    },
    {
        "id": "b491d6e7-eca3-40a5-ac0f-e17316708ad8",
        "title": "특수부대 vs 파이터 실전 스파링 대결! | 가짜파이터 : 특전사 Ep.2",
        "description": "[구독]-[좋아요]는 큰! 큰! 힘이 됩니다🙏\n김동현 이메일:memikim88@gmail.com\n김동현 인스타그램 : https://www.instagram.com/stungunkim \n\n-팀스텀건 압구정( 인스타그램 https://www.instagram.com/teamstungun_seoul )\n: 서울시 강남구 신사동 556-28 b1 팀스턴건 \n\n(네이버에 팀스턴건 검색하시면 자세한 정보가 나옵니다🙏즐겁게 운동 함께 해요💪)\n \n-팀스턴건 대전 ( 인스타그램 https://www.instagram.com/teamstungun_daejeon )\n대전시 유성구 봉명동 548-12 5,6층 팀스턴건 대전\n\n#매미킴tv #매미킴 #donghyunkim #kimdonghyun #donghyunkimufc #매미특공대 #팀스턴건 #stunguntv #stungun #tsg",
        "thumbnail": "https://i.ytimg.com/vi/httZZuWwaRE/mqdefault.jpg",
        "youtubeVideoId": "httZZuWwaRE",
        "uploadedDate": "2021-11-06T09:41:08Z",
        "viewCount": 283457,
        "isCommercial": "False"
    },
    {
        "id": "c3b73081-888d-4402-b22e-e36d8ce52bf1",
        "title": "가짜파이터 예고Teaser (Feat. 운지기, 지피티, 까로)",
        "description": "[구독]-[좋아요]는 큰! 큰! 힘이 됩니다🙏\n김동현 이메일:memikim88@gmail.com\n김동현 인스타그램 : https://www.instagram.com/stungunkim \n\n근육마사지의 정석! 속근육 마사지건!\n“트라택 액티브건”\nhttp://bit.ly/2BCtU6y (이 링크를 이용하시면 40% 할인됩니다)\n\n*팀스텀건 압구정본관 위치*\n: 서울시 강남구 신사동 556-28 b1 팀스턴건\n(네이버에 팀스턴건 검색하시면 자세한 정보가 나옵니다🙏즐겁게 운동 함께 해요💪)\n \n#가짜파이터 #TSG #훈련소 #매미킴tv #매미킴 #donghyunkim #kimdonghyun #donghyunkimufc #매미특공대 #팀스턴건 #stunguntv #stungun #tsg",
        "thumbnail": "https://i.ytimg.com/vi/Tuk5f_o2a8w/mqdefault.jpg",
        "youtubeVideoId": "Tuk5f_o2a8w",
        "uploadedDate": "2020-10-04T00:31:46Z",
        "viewCount": 184847,
        "isCommercial": "True"
    },
    {
        "id": "f4111dba-5c79-43fb-b95f-18bcc7d173d0",
        "title": "MMA선수 vs 운동유투버 3인 | 가짜파이터 Ep.1",
        "description": "[구독]-[좋아요]는 큰! 큰! 힘이 됩니다🙏\n김동현 이메일:memikim88@gmail.com\n김동현 인스타그램 : https://www.instagram.com/stungunkim \n\n근육마사지의 정석! 속근육 마사지건!\n“트라택 액티브건”\nhttp://bit.ly/2BCtU6y (이 링크를 이용하시면 40% 할인됩니다)\n\n*팀스텀건 압구정본관 위치*\n: 서울시 강남구 신사동 556-28 b1 팀스턴건\n(네이버에 팀스턴건 검색하시면 자세한 정보가 나옵니다🙏즐겁게 운동 함께 해요💪)\n \n#가짜파이터 #TSG #팀스턴건 #매미킴tv #매미킴 #donghyunkim #kimdonghyun #donghyunkimufc #매미특공대 #팀스턴건 #stunguntv #stungun #tsg",
        "thumbnail": "https://i.ytimg.com/vi/iCUFOHB_Zpo/mqdefault.jpg",
        "youtubeVideoId": "iCUFOHB_Zpo",
        "uploadedDate": "2020-10-04T00:31:46Z",
        "viewCount": 1402234,
        "isCommercial": "True"
    },
    {
        "id": "58922135-6e08-4dbd-a09d-ddd1a70fb877",
        "title": "헬스와 mma는 다르다 | 가짜파이터 Ep.2",
        "description": "[구독]-[좋아요]는 큰! 큰! 힘이 됩니다🙏\n김동현 이메일:memikim88@gmail.com\n김동현 인스타그램 : https://www.instagram.com/stungunkim \n\n근육마사지의 정석! 속근육 마사지건!\n“트라택 액티브건”\nhttp://bit.ly/2BCtU6y (이 링크를 이용하시면 40% 할인됩니다)\n\n*팀스텀건 압구정본관 위치*\n: 서울시 강남구 신사동 556-28 b1 팀스턴건\n(네이버에 팀스턴건 검색하시면 자세한 정보가 나옵니다🙏즐겁게 운동 함께 해요💪)\n \n#가짜파이터 #팀스턴건 #육체vs정신력 #매미킴tv #매미킴 #donghyunkim #kimdonghyun #donghyunkimufc #매미특공대 #팀스턴건 #stunguntv #stungun #tsg",
        "thumbnail": "https://i.ytimg.com/vi/2HL0DbMSjgs/mqdefault.jpg",
        "youtubeVideoId": "2HL0DbMSjgs",
        "uploadedDate": "2020-10-04T00:31:46Z",
        "viewCount": 959749,
        "isCommercial": "False"
    },
    {
        "id": "337e58f9-f157-434c-8388-79b79e366775",
        "title": "진짜 싸움의 기술을 배우다 | 가짜파이터 Ep.3",
        "description": "[구독]-[좋아요]는 큰! 큰! 힘이 됩니다🙏\n김동현 이메일:memikim88@gmail.com\n김동현 인스타그램 : https://www.instagram.com/stungunkim \n\n*팀스텀건 압구정본관 위치*\n: 서울시 강남구 신사동 556-28 b1 팀스턴건\n(네이버에 팀스턴건 검색하시면 자세한 정보가 나옵니다🙏즐겁게 운동 함께 해요💪)\n \n#가짜파이터 #매미킴tv #매미킴 #donghyunkim #kimdonghyun #donghyunkimufc #매미특공대 #팀스턴건 #stunguntv #stungun #tsg",
        "thumbnail": "https://i.ytimg.com/vi/HRVaa6UA8dE/mqdefault.jpg",
        "youtubeVideoId": "HRVaa6UA8dE",
        "uploadedDate": "2020-10-04T00:31:46Z",
        "viewCount": 592469,
        "isCommercial": "False"
    },
    {
        "id": "64e965fd-dcd9-48d3-b0d6-74a87220f61c",
        "title": "헬스유투버와 mma선수들의 첫 스파링!!  | 가짜파이터 Ep.4",
        "description": "[구독]-[좋아요]는 큰! 큰! 힘이 됩니다🙏\n김동현 이메일:memikim88@gmail.com\n김동현 인스타그램 : https://www.instagram.com/stungunkim \n\n-팀스텀건 압구정( 인스타그램 https://www.instagram.com/teamstungun_seoul )\n: 서울시 강남구 신사동 556-28 b1 팀스턴건 \n\n(네이버에 팀스턴건 검색하시면 자세한 정보가 나옵니다🙏즐겁게 운동 함께 해요💪)\n \n-팀스턴건 대전 ( 인스타그램 https://www.instagram.com/teamstungun_daejeon )\n대전시 유성구 봉명동 548-12 5,6층 팀스턴건 대전\n\n#가짜파이터 #팀스턴건 #매미킴tv #매미킴 #donghyunkim #kimdonghyun #donghyunkimufc #매미특공대 #팀스턴건 #stunguntv #stungun #tsg",
        "thumbnail": "https://i.ytimg.com/vi/BZwTiiA2Rz4/mqdefault.jpg",
        "youtubeVideoId": "BZwTiiA2Rz4",
        "uploadedDate": "2020-10-09T05:28:15Z",
        "viewCount": 580899,
        "isCommercial": "False"
    },
    {
        "id": "60f99f79-48db-4c66-be02-b57d23f133dc",
        "title": "인간의 몸은 쇠덩이가 아니다. 신세계의 연속🔥 (지피티,지기,까로) | 가짜파이터 Ep.5",
        "description": "[구독]-[좋아요]는 큰! 큰! 힘이 됩니다🙏\n김동현 이메일:memikim88@gmail.com\n김동현 인스타그램 : https://www.instagram.com/stungunkim \n\n-팀스텀건 압구정( 인스타그램 https://www.instagram.com/teamstungun_seoul )\n: 서울시 강남구 신사동 556-28 b1 팀스턴건 \n\n(네이버에 팀스턴건 검색하시면 자세한 정보가 나옵니다🙏즐겁게 운동 함께 해요💪)\n \n-팀스턴건 대전 ( 인스타그램 https://www.instagram.com/teamstungun_daejeon )\n대전시 유성구 봉명동 548-12 5,6층 팀스턴건 대전\n\n#가짜파이터 #팀스턴건 #종합격투기훈련 #매미킴tv #매미킴 #donghyunkim #kimdonghyun #donghyunkimufc #매미특공대 #팀스턴건 #stunguntv #stungun #tsg",
        "thumbnail": "https://i.ytimg.com/vi/olwhtcMXcRs/mqdefault.jpg",
        "youtubeVideoId": "olwhtcMXcRs",
        "uploadedDate": "2020-10-16T10:22:22Z",
        "viewCount": 389577,
        "isCommercial": "False"
    },
    {
        "id": "484d1285-c38d-47a0-9f96-686c23d00312",
        "title": "헬스 고수가 체력의 한계에 다다르면 일어나는 일☠️🔥 | 가짜파이터 Ep.6",
        "description": "[구독]-[좋아요]는 큰! 큰! 힘이 됩니다🙏\n김동현 이메일:memikim88@gmail.com\n김동현 인스타그램 : https://www.instagram.com/stungunkim \n\n-팀스텀건 압구정( 인스타그램 https://www.instagram.com/teamstungun_seoul )\n: 서울시 강남구 신사동 556-28 b1 팀스턴건 \n\n(네이버에 팀스턴건 검색하시면 자세한 정보가 나옵니다🙏즐겁게 운동 함께 해요💪)\n \n-팀스턴건 대전 ( 인스타그램 https://www.instagram.com/teamstungun_daejeon )\n대전시 유성구 봉명동 548-12 5,6층 팀스턴건 대전\n\n#가짜파이터 #팀스턴건 #훈련체험 #매미킴tv #매미킴 #donghyunkim #kimdonghyun #donghyunkimufc #매미특공대 #팀스턴건 #stunguntv #stungun #tsg",
        "thumbnail": "https://i.ytimg.com/vi/7TG-FL7rAuQ/mqdefault.jpg",
        "youtubeVideoId": "7TG-FL7rAuQ",
        "uploadedDate": "2020-10-23T09:11:30Z",
        "viewCount": 298998,
        "isCommercial": "False"
    },
    {
        "id": "c9cf2fce-baa4-4bde-989f-573c0dae041b",
        "title": "싸움은 타고나지 않는다. | 가짜파이터 Ep.7(최종화)",
        "description": "[구독]-[좋아요]는 큰! 큰! 힘이 됩니다🙏\n김동현 이메일:memikim88@gmail.com\n김동현 인스타그램 : https://www.instagram.com/stungunkim \n\n-팀스텀건 압구정( 인스타그램 https://www.instagram.com/teamstungun_seoul )\n: 서울시 강남구 신사동 556-28 b1 팀스턴건 \n\n(네이버에 팀스턴건 검색하시면 자세한 정보가 나옵니다🙏즐겁게 운동 함께 해요💪)\n \n-팀스턴건 대전 ( 인스타그램 https://www.instagram.com/teamstungun_daejeon )\n대전시 유성구 봉명동 548-12 5,6층 팀스턴건 대전\n\n#가짜파이터 #마지막편 #매미킴tv #매미킴 #donghyunkim #kimdonghyun #donghyunkimufc #매미특공대 #팀스턴건 #stunguntv #stungun #tsg",
        "thumbnail": "https://i.ytimg.com/vi/kiCYWNTsfKM/mqdefault.jpg",
        "youtubeVideoId": "kiCYWNTsfKM",
        "uploadedDate": "2020-10-31T07:44:44Z",
        "viewCount": 358637,
        "isCommercial": "False"
    },
    {
        "id": "29e7ead3-22d2-4df1-af95-5c84aa1d14b6",
        "title": "가짜파이터2_티저",
        "description": "[구독]-[좋아요]는 큰! 큰! 힘이 됩니다🙏\n김동현 이메일:memikim88@gmail.com\n김동현 인스타그램 : https://www.instagram.com/stungunkim \n\n-팀스텀건 압구정( 인스타그램 https://www.instagram.com/teamstungun_seoul )\n: 서울시 강남구 신사동 556-28 b1 팀스턴건 \n\n(네이버에 팀스턴건 검색하시면 자세한 정보가 나옵니다🙏즐겁게 운동 함께 해요💪)\n \n-팀스턴건 대전 ( 인스타그램 https://www.instagram.com/teamstungun_daejeon )\n대전시 유성구 봉명동 548-12 5,6층 팀스턴건 대전\n\n#매미킴tv #매미킴 #donghyunkim #kimdonghyun #donghyunkimufc #매미특공대 #팀스턴건 #stunguntv #stungun #tsg",
        "thumbnail": "https://i.ytimg.com/vi/NyrrUEW-FG4/mqdefault.jpg",
        "youtubeVideoId": "NyrrUEW-FG4",
        "uploadedDate": "2021-12-18T01:40:24Z",
        "viewCount": 37506,
        "isCommercial": "False"
    },
    {
        "id": "54332363-9301-4cf6-b1e1-6a2122a191c1",
        "title": "(특수부대는 역시 다르다ㄷㄷ)특수부대 vs 파이터 고강도 체력 훈련!! | 가짜파이터2_Ep.2",
        "description": "[구독]-[좋아요]는 큰! 큰! 힘이 됩니다🙏\n김동현 이메일:memikim88@gmail.com\n김동현 인스타그램 : https://www.instagram.com/stungunkim \n\n-팀스텀건 압구정( 인스타그램 https://www.instagram.com/teamstungun_seoul )\n: 서울시 강남구 신사동 556-28 b1 팀스턴건 \n\n(네이버에 팀스턴건 검색하시면 자세한 정보가 나옵니다🙏즐겁게 운동 함께 해요💪)\n \n-팀스턴건 대전 ( 인스타그램 https://www.instagram.com/teamstungun_daejeon )\n대전시 유성구 봉명동 548-12 5,6층 팀스턴건 대전\n\n#매미킴tv #특수부대 #가짜파이터 #kimdonghyun #donghyunkimufc #매미특공대 #팀스턴건 #stunguntv #stungun #tsg",
        "thumbnail": "https://i.ytimg.com/vi/ZEaLlTLcoGQ/mqdefault.jpg",
        "youtubeVideoId": "ZEaLlTLcoGQ",
        "uploadedDate": "2022-01-02T03:08:40Z",
        "viewCount": 55507,
        "isCommercial": "False"
    },
    {
        "id": "f828d9e7-1aad-48c2-8e64-ed4e57f45221",
        "title": "이제 시작이다! 특수부대 vs 파이터 MMA 스파링! | 가짜파이터2_Ep.3",
        "description": "[구독]-[좋아요]는 큰! 큰! 힘이 됩니다🙏\n김동현 이메일:memikim88@gmail.com\n김동현 인스타그램 : https://www.instagram.com/stungunkim \n\n-팀스텀건 압구정( 인스타그램 https://www.instagram.com/teamstungun_seoul )\n: 서울시 강남구 신사동 556-28 b1 팀스턴건 \n\n(네이버에 팀스턴건 검색하시면 자세한 정보가 나옵니다🙏즐겁게 운동 함께 해요💪)\n \n-팀스턴건 대전 ( 인스타그램 https://www.instagram.com/teamstungun_daejeon )\n대전시 유성구 봉명동 548-12 5,6층 팀스턴건 대전\n\n#매미킴tv #가짜파이터 #특수부대 #kimdonghyun #donghyunkimufc #매미특공대 #팀스턴건 #stunguntv #stungun #tsg",
        "thumbnail": "https://i.ytimg.com/vi/rASPCwnIih0/mqdefault.jpg",
        "youtubeVideoId": "rASPCwnIih0",
        "uploadedDate": "2022-01-03T06:49:51Z",
        "viewCount": 22702,
        "isCommercial": "False"
    },
    {
        "id": "ca0dbbe3-c37f-458e-9cae-16671c17da8f",
        "title": "첫 낙오자 발생?! 특수부대 vs 파이터 1일차 마지막 체력 훈련!  | 가짜파이터2_Ep.4",
        "description": "[구독]-[좋아요]는 큰! 큰! 힘이 됩니다🙏\n김동현 이메일:memikim88@gmail.com\n김동현 인스타그램 : https://www.instagram.com/stungunkim \n\n-팀스텀건 압구정( 인스타그램 https://www.instagram.com/teamstungun_seoul )\n: 서울시 강남구 신사동 556-28 b1 팀스턴건 \n\n(네이버에 팀스턴건 검색하시면 자세한 정보가 나옵니다🙏즐겁게 운동 함께 해요💪)\n \n-팀스턴건 대전 ( 인스타그램 https://www.instagram.com/teamstungun_daejeon )\n대전시 유성구 봉명동 548-12 5,6층 팀스턴건 대전\n\n#매미킴tv #가짜파이터 #특수부대 #kimdonghyun #donghyunkimufc #매미특공대 #팀스턴건 #stunguntv #stungun #tsg",
        "thumbnail": "https://i.ytimg.com/vi/eirdnnLERzA/mqdefault.jpg",
        "youtubeVideoId": "eirdnnLERzA",
        "uploadedDate": "2022-01-09T06:30:32Z",
        "viewCount": 29448,
        "isCommercial": "False"
    },
    {
        "id": "c2b5b4ea-c4ec-427b-8d2b-d417731d5298",
        "title": "악과 정신력은 만들어지는 것이다! 특수부대 vs 파이터 1일차 훈련 종료| 가짜파이터2_Ep.5",
        "description": "[구독]-[좋아요]는 큰! 큰! 힘이 됩니다🙏\n김동현 이메일:memikim88@gmail.com\n김동현 인스타그램 : https://www.instagram.com/stungunkim \n\n-팀스텀건 압구정( 인스타그램 https://www.instagram.com/teamstungun_seoul )\n: 서울시 강남구 신사동 556-28 b1 팀스턴건 \n\n(네이버에 팀스턴건 검색하시면 자세한 정보가 나옵니다🙏즐겁게 운동 함께 해요💪)\n \n-팀스턴건 대전 ( 인스타그램 https://www.instagram.com/teamstungun_daejeon )\n대전시 유성구 봉명동 548-12 5,6층 팀스턴건 대전\n\n#매미킴tv #가짜파이터 #특수부대 #kimdonghyun #donghyunkimufc #매미특공대 #팀스턴건 #stunguntv #stungun #tsg",
        "thumbnail": "https://i.ytimg.com/vi/xdA-HzFrZtM/mqdefault.jpg",
        "youtubeVideoId": "xdA-HzFrZtM",
        "uploadedDate": "2022-01-16T04:12:07Z",
        "viewCount": 21398,
        "isCommercial": "False"
    },
    {
        "id": "707b59fd-faa9-4190-b5e0-4f3c1d0bd6ec",
        "title": "특수부대 vs 올림픽 유도 메달리스트 김민수의 남산 지옥훈련 | 가짜파이터2_Ep.6",
        "description": "[구독]-[좋아요]는 큰! 큰! 힘이 됩니다🙏\n김동현 이메일:memikim88@gmail.com\n김동현 인스타그램 : https://www.instagram.com/stungunkim \n\n-팀스텀건 압구정( 인스타그램 https://www.instagram.com/teamstungun_seoul )\n: 서울시 강남구 신사동 556-28 b1 팀스턴건 \n\n(네이버에 팀스턴건 검색하시면 자세한 정보가 나옵니다🙏즐겁게 운동 함께 해요💪)\n \n-팀스턴건 대전 ( 인스타그램 https://www.instagram.com/teamstungun_daejeon )\n대전시 유성구 봉명동 548-12 5,6층 팀스턴건 대전\n\n#매미킴tv #UDT #김민수 #kimdonghyun #donghyunkimufc #매미특공대 #팀스턴건 #stunguntv #stungun #tsg",
        "thumbnail": "https://i.ytimg.com/vi/9xYEmJKFH2Q/mqdefault.jpg",
        "youtubeVideoId": "9xYEmJKFH2Q",
        "uploadedDate": "2022-01-22T07:13:30Z",
        "viewCount": 15572,
        "isCommercial": "False"
    },
    {
        "id": "67a98849-a974-487e-bac3-1be4adbaed0d",
        "title": "🔥특수부대 vs 김동현__복싱 스파링🥊 | 가짜파이터2 마지막화",
        "description": "[구독]-[좋아요]는 큰! 큰! 힘이 됩니다🙏\n김동현 이메일:memikim88@gmail.com\n김동현 인스타그램 : https://www.instagram.com/stungunkim \n\n-팀스텀건 압구정( 인스타그램 https://www.instagram.com/teamstungun_seoul )\n: 서울시 강남구 신사동 556-28 b1 팀스턴건 \n\n(네이버에 팀스턴건 검색하시면 자세한 정보가 나옵니다🙏즐겁게 운동 함께 해요💪)\n \n-팀스턴건 대전 ( 인스타그램 https://www.instagram.com/teamstungun_daejeon )\n대전시 유성구 봉명동 548-12 5,6층 팀스턴건 대전\n\n#매미킴tv #가짜파이터 #특수부대 #kimdonghyun #donghyunkimufc #매미특공대 #팀스턴건 #stunguntv #stungun #tsg",
        "thumbnail": "https://i.ytimg.com/vi/GSfmN0NMSfo/mqdefault.jpg",
        "youtubeVideoId": "GSfmN0NMSfo",
        "uploadedDate": "2022-01-28T08:22:50Z",
        "viewCount": 24414,
        "isCommercial": "False"
    }
]