[
    {
        "id": "d5e65daa-0da5-45e6-a649-17eb96df256f",
        "title": "친구들과 제주도 VLOG 오똔데?!",
        "description": "▶CONTACT ME\nInstagram : https://www.instagram.com/o4.18/\nFacebook : https://www.facebook.com/oo4.18​​​​\nAfreecaTV :  http://bj.afreecatv.com/smpk96​​",
        "thumbnail": "https://i.ytimg.com/vi/od7sLEJwBf8/mqdefault.jpg",
        "youtubeVideoId": "od7sLEJwBf8",
        "uploadedDate": "2021-08-17T09:20:14Z",
        "viewCount": 4916,
        "isCommercial": "False"
    },
    {
        "id": "48a9cd5a-ee56-457c-affa-f2c9ffc04cb7",
        "title": "박자매의 제주서부 여행기 2편",
        "description": "제주 서부 2~3째날 소개 영상과 함께 \n여행하면서 느꼈던 안전수칙에 대해 정리해보았습니다~~\n생각보다 방역시스템이 잘 구비되있었고 \n가게마다 함께 힘내자는 의미로 가격인하를 하거나 \n소독약이 곳곳마다 구비되있는걸 보고 더 안전한 여행을 할 수 있고\n그러기 위해서 수칙을 더더욱 잘 지켜야겠다 생각했어요 \n여러분들고 건강하고 안전하게 즐거운 여행되시길 바라겠습니다!_!\n\n\n★ 여행자 방역 5대 수칙\n1. 아프면 여행일정 미루기\n2. 여행내내 마스크착용하기\n3. 타인 접촉 최소한으로 줄이기\n4. 방역수칙을 꼭 지키며 여행하기\n5. 증상이 나타나면 즉시 신고하기(1339)",
        "thumbnail": "https://i.ytimg.com/vi/MjYctmEK1YU/mqdefault.jpg",
        "youtubeVideoId": "MjYctmEK1YU",
        "uploadedDate": "2020-07-27T08:26:25Z",
        "viewCount": 0,
        "isCommercial": "False"
    },
    {
        "id": "b2282e41-5cd5-49e1-8a75-b78ccafc8a39",
        "title": "박자매의 제주서부 여행기 1편",
        "description": "친언니와 함께하는 삐삐의 제주 여행기 였습니다!\n제주 여행 갈 일이 생겨 이참에 여행브이로그 보여드리고싶었는데 \n코로나19가 심각해지면서 연기하고 미루다가   \n예방 수칙들 잘 지키면서 조심히 여행에 다녀왔습니다!\n가기전에 안전수칙 잘 숙지하고 건강상태 잘 확인하고 \n여행다니시면서도 실시간으로 체크 하시면서 안전한 여행되시길 바라겠습니다~! \n제주 서부쪽으로 맛집이나 볼거리 들에대해 보여드리는 영상입니다 ㅎㅎ\n\n★ 여행자 방역 5대 수칙\n1. 아프면 여행일정 미루기\n2. 여행내내 마스크착용하기\n3. 타인 접촉 최소한으로 줄이기\n4. 방역수칙을 꼭 지키며 여행하기\n5. 증상이 나타나면 즉시 신고하기(1339)",
        "thumbnail": "https://i.ytimg.com/vi/ZW34di7u1mM/mqdefault.jpg",
        "youtubeVideoId": "ZW34di7u1mM",
        "uploadedDate": "2020-07-27T08:25:57Z",
        "viewCount": 0,
        "isCommercial": "False"
    },
    {
        "id": "3282f011-a883-43d1-971c-ed8cb51d45a0",
        "title": "삐삐로그) 방송외에 일하는 여자 박삐삐",
        "description": "다시보기\r\nhttp://v.afree.ca/ST/49505450\n\r\n\n인스타그램- https://www.instagram.com/o4.18/\n페이스북- https://www.facebook.com/oo4.18\n아프리카tv- http://bj.afreecatv.com/smpk96",
        "thumbnail": "https://i.ytimg.com/vi/QycbtVZ7sG0/mqdefault.jpg",
        "youtubeVideoId": "QycbtVZ7sG0",
        "uploadedDate": "2019-11-30T04:32:54Z",
        "viewCount": 0,
        "isCommercial": "False"
    },
    {
        "id": "46e0b9dc-1976-4059-91f0-98ac08562f48",
        "title": "삐삐로그) 서울에서 VLOG ) 촬영하러 스튜디오 갔다가 강릉 ㅠㅠㅠ",
        "description": "길진 않지만 일상 브이로그를 궁금해 하시는 분들을 위해\n서울에서 강릉으로 이동 전 촬영 다녀오는 브이로그 영상을\n만들어 봤어용 아직 미숙하지만 더 좋은 장비랑 편집연습으로  늘 레벨업 되는 영상으로 찾아뵐게요 🥰",
        "thumbnail": "https://i.ytimg.com/vi/DUTnwXvxG4g/mqdefault.jpg",
        "youtubeVideoId": "DUTnwXvxG4g",
        "uploadedDate": "2019-10-01T18:11:23Z",
        "viewCount": 0,
        "isCommercial": "False"
    },
    {
        "id": "2937539f-b62f-4fbe-9893-f37fab397ec2",
        "title": "삐삐로그 )말괄량이박삐삐의 일과 중의 고양이 친구들 그리고 먹부림 vlog",
        "description": "안녕하세요오옹 오늘도 삐삐로그로 찾아왔어요우\n저는 고양이 복이 참 많은 것 같아요 하하!\n후생에 저렇게 밥 잘주는 집에 돌아다니면서 \n해님 아래에서 멍때리는 고먐미가 되고파요...",
        "thumbnail": "https://i.ytimg.com/vi/0DV7Shh8OD0/mqdefault.jpg",
        "youtubeVideoId": "0DV7Shh8OD0",
        "uploadedDate": "2019-10-01T18:11:23Z",
        "viewCount": 0,
        "isCommercial": "False"
    },
    {
        "id": "fda842af-53a9-415b-a44f-6bf394bf09b2",
        "title": "삐삐로그) 상모고등학교 모교 교생실습 2주차 ) 체육교생실습 ) 스승의날",
        "description": "저의 모교 상모고등학교에서 1-3 담당을 하게되어서 \n2주차에 접어들었습니다 벌써 스승의날 행사까지 ㅠㅠ\n너무 고맙고 구독해준 학생들도 너무 고마워 \n남은 날도 즐겁게 보내자 ❤️",
        "thumbnail": "https://i.ytimg.com/vi/uRiEW5kBE74/mqdefault.jpg",
        "youtubeVideoId": "uRiEW5kBE74",
        "uploadedDate": "2019-10-01T18:11:23Z",
        "viewCount": 0,
        "isCommercial": "False"
    },
    {
        "id": "37ad7185-4510-4f1b-81ce-67108cc7e647",
        "title": "삐삐로그) 교생실습 2탄 ) 체육대회) 학생처럼 체육대회 즐기기",
        "description": "체육대회 두말 하지 않고 넘무 재밌었다 ..!!!!!!\n하지만 이제 쌤은... 학생 처럼 체력이.. 좋.. 지 않....아..",
        "thumbnail": "https://i.ytimg.com/vi/8pTLdA6cXTI/mqdefault.jpg",
        "youtubeVideoId": "8pTLdA6cXTI",
        "uploadedDate": "2019-10-01T18:11:23Z",
        "viewCount": 0,
        "isCommercial": "False"
    },
    {
        "id": "142129d1-13e4-4e53-9228-4506cde1d25b",
        "title": "삐삐로그) 유튜버가 속해있는 교육실습생들이 노는 방법) 인싸교생쌤들",
        "description": "체육대회 끝나고 금오산에서 막걸리를 버억 했습니닷!\n유튜버가 속해있어서 그런지 다들 인싸타이틀을 탐내네요^^!",
        "thumbnail": "https://i.ytimg.com/vi/CDFpG_yK2Kk/mqdefault.jpg",
        "youtubeVideoId": "CDFpG_yK2Kk",
        "uploadedDate": "2019-10-01T18:11:23Z",
        "viewCount": 0,
        "isCommercial": "False"
    },
    {
        "id": "fd686a51-873d-4a9c-95ad-14fe35feca86",
        "title": "교생실습 마지막날 광광 울어딱...",
        "description": "우리 3반 뽀시래기들이 서프라이즈 파티를 해주었습니당!\n유튜버 담당반 아니랄까봐 영상 만들어주는 센스!!\n그래서 이번 영상은 따로 자막이나 꾸미지 않고 고마운 마음 전하려 \n만들어 봅니다 . \n마지막까지 너무 고마웠어 얘들아 절대 잊지 못할 1학년 3반 (하트)",
        "thumbnail": "https://i.ytimg.com/vi/ayz5GdLVnaU/mqdefault.jpg",
        "youtubeVideoId": "ayz5GdLVnaU",
        "uploadedDate": "2019-10-01T18:11:23Z",
        "viewCount": 0,
        "isCommercial": "False"
    }
]