[
    {
        "id": "b1211688-9689-4cd4-9aeb-ebfd885137c4",
        "title": "928일만에 35kg에서 45kg으로 10kg 찌우기 성공",
        "description": "",
        "thumbnail": "https://i.ytimg.com/vi/R7qCbTSdM7o/mqdefault.jpg",
        "youtubeVideoId": "R7qCbTSdM7o",
        "uploadedDate": "2022-01-08T13:02:14Z",
        "viewCount": 58231,
        "isCommercial": "False"
    },
    {
        "id": "76668342-eb97-4f45-b361-2119fe814f59",
        "title": "1000원의 기적 #shorts",
        "description": "은 없다",
        "thumbnail": "https://i.ytimg.com/vi/kHo-wepvoq8/mqdefault.jpg",
        "youtubeVideoId": "kHo-wepvoq8",
        "uploadedDate": "2022-01-08T13:02:36Z",
        "viewCount": 7323,
        "isCommercial": "False"
    },
    {
        "id": "33a9c10b-9d05-4c0e-8bce-adaeda606473",
        "title": "10분컷 데일리 봉고데기 하는 법 l only고데기로만 앞머리 뽕 10시간(스프레이X)",
        "description": "",
        "thumbnail": "https://i.ytimg.com/vi/Qza3kViWFvw/mqdefault.jpg",
        "youtubeVideoId": "Qza3kViWFvw",
        "uploadedDate": "2022-01-08T13:02:53Z",
        "viewCount": 52199,
        "isCommercial": "False"
    },
    {
        "id": "591d6395-aff3-4875-ab7c-da1cb0311dcf",
        "title": "샴페인 트라우마 극복기",
        "description": "",
        "thumbnail": "https://i.ytimg.com/vi/uVHb1xx96uI/mqdefault.jpg",
        "youtubeVideoId": "uVHb1xx96uI",
        "uploadedDate": "2022-01-08T13:03:06Z",
        "viewCount": 15235,
        "isCommercial": "False"
    },
    {
        "id": "091cd5e0-142c-41fb-bf3e-e47e5b205392",
        "title": "일상 VLOG l 46kg달성 l 데이트 l 내돈내산 에이지알 l 2022버킷리스트 l 피오갓 에센셜 l 헬스장 l 초밥, 곱창",
        "description": "",
        "thumbnail": "https://i.ytimg.com/vi/INL2wAH7_dI/mqdefault.jpg",
        "youtubeVideoId": "INL2wAH7_dI",
        "uploadedDate": "2022-05-25T11:22:20Z",
        "viewCount": 14753,
        "isCommercial": "False"
    }
]