[
    {
        "id": "2818d881-15e9-4388-8f0f-db3d8ccd68b7",
        "title": "여캠화장? 다 알려줄게. ♡깻잎뷰티♡",
        "description": "김은별 생방송 주소 : https://www.twitch.tv/akvl1229\n\n\n\n\n#여캠 #화장 #뷰티",
        "thumbnail": "https://i.ytimg.com/vi/b-q8UQOswOs/mqdefault.jpg",
        "youtubeVideoId": "b-q8UQOswOs",
        "uploadedDate": "2022-01-30T21:28:56Z",
        "viewCount": 117867,
        "isCommercial": "False"
    },
    {
        "id": "72e6b516-c7ac-41c6-b680-a6f6b9c3bcc0",
        "title": "남자들 100% 넘어오게하는 방법 l 깻잎뷰티 소개팅편",
        "description": "#소개팅 #뷰티 #화장\n\n----------------------------------------------------------------------------------------------\n김은별 생방송 주소 : https://www.twitch.tv/akvl1229",
        "thumbnail": "https://i.ytimg.com/vi/RxbhjTkEYAI/mqdefault.jpg",
        "youtubeVideoId": "RxbhjTkEYAI",
        "uploadedDate": "2022-01-30T21:29:08Z",
        "viewCount": 173979,
        "isCommercial": "False"
    },
    {
        "id": "e207654f-4e0d-4c44-9367-97e0669d6b5e",
        "title": "🌸- 시원뿜뿜 여름 청량 메이크업 -🌸",
        "description": "#겟잇뷰티 #메이크업 #화장 \n-----------------------------------------------------\n김은별 생방송 주소 : https://www.twitch.tv/akvl1229",
        "thumbnail": "https://i.ytimg.com/vi/lXg6O29d4aU/mqdefault.jpg",
        "youtubeVideoId": "lXg6O29d4aU",
        "uploadedDate": "2022-07-18T20:33:32Z",
        "viewCount": 19486,
        "isCommercial": "False"
    }
]