[
    {
        "id": "df701b63-70a4-4553-8b1e-674ff18f7522",
        "title": "유럽 vlog • 코로나 없던 그 시절😭 여전히 잘 먹었던 스페인 세비야 여행.zip",
        "description": "𝐈𝐧𝐬𝐭𝐚𝐠𝐫𝐚𝐦 • https://www.instagram.com/somz_zi/\n𝐂𝐨𝐧𝐭𝐚𝐜𝐭 • ds02_28@naver.com \n\n*영상은 코로나 이전인 2019년에 촬영되었습니다*\n\n안녕 애들아 랜선언니 솜찌야!!!!\n동생이랑 한달간 떠난 유럽여행 \n총 10개국 중 6번째 도시인 세비야를 여행했던 \n어느 화창한 날을 담아봤어...!^^\n\n새삼 여행마렵다...\n즐거운 랜선 여행되고^^♡\n앞으로 여행 브이로그 꾸준히 올릴게에^^♡ \n\n\n#유럽여행 #세비야여행 #플라멩고",
        "thumbnail": "https://i.ytimg.com/vi/8GzOQK3mhPM/mqdefault.jpg",
        "youtubeVideoId": "8GzOQK3mhPM",
        "uploadedDate": "2021-10-20T08:31:51Z",
        "viewCount": 2881,
        "isCommercial": "False"
    },
    {
        "id": "7d0ada69-50be-483c-80b3-857bd10a67f0",
        "title": "딱 10분동안 코로나 없는 스페인 랜선여행 떠날래? ｜유럽여행 vlog",
        "description": "딱 10분동안 코로나 없는 스페인 랜선여행 떠날래? ｜유럽여행 vlog\n\n#스페인 #랜선여행 \n――――――――――――――\n💌 인스타 :  https://www.instagram.com/somz_zi/\n💌 메일 :  ds02_28@naver.com \n――――――――――――――\n본 영상은 코로나 이전에 촬영되었습니다!\n\n안녕 애들아 랜선언니 솜찌야\n벌써 리스본에서 세비야로 넘어왔구 \n여행 권태기도 탈출하구 \n오렌지 국가 세비야에서의 하루를 담은 쁘이로그v^^v\n오늘도 즐감^^♥",
        "thumbnail": "https://i.ytimg.com/vi/YoS62mkdXLc/mqdefault.jpg",
        "youtubeVideoId": "YoS62mkdXLc",
        "uploadedDate": "2021-04-06T07:20:57Z",
        "viewCount": 4463,
        "isCommercial": "False"
    },
    {
        "id": "853b3906-70f0-48cc-8f90-1f3834f3f3b7",
        "title": "어서와 스페인은 처음이지? 근데 왜 세비야에서 밥 4공기나 먹는건데ㄷㄷ;;[VLOG]",
        "description": "어서와 스페인은 처음이지? 근데 왜 세비야에서 밥 4공기나 먹는건데ㄷㄷ;;[VLOG]\n\n#스페인여행 #세비야여행\n――――――――――――――\n💌 인스타 :  https://www.instagram.com/somz_zi/\n💌 메일 :  ds02_28@naver.com \n――――――――――――――\n본 영상은 코로나 이전에 촬영되었습니다.\n\n안녕 애들아 랜선언니 솜찌야 \n리스본에서 여행 권태기를 쎄게 겪고 모든게 다 귀찮아질때쯤\n우리는 스페인 세비야로 넘어가 신세계를 맛보는데...!!\n나의 라임 오렌지나무 실사판같은 세비야 여행 브이로그\n즐~~~~~감♥",
        "thumbnail": "https://i.ytimg.com/vi/cCZFkehTRK8/mqdefault.jpg",
        "youtubeVideoId": "cCZFkehTRK8",
        "uploadedDate": "2021-03-29T10:22:51Z",
        "viewCount": 4713,
        "isCommercial": "False"
    },
    {
        "id": "1002a6b1-0d5a-4226-8645-b91681b2ddd8",
        "title": "먹는거빼고 다 귀찮으니까 일단 먹자!!!!!!!! 리스본 먹방모음.ZIP  [VLOG]",
        "description": "먹는거빼고 다 귀찮으니까 일단 먹자!!!!!!!! 리스본 먹방모음.ZIP  [VLOG]\n\n#리스본 #리스본여행 #유럽먹방\n――――――――――――――\n💌 인스타 :  https://www.instagram.com/somz_zi/\n💌 메일 :  ds02_28@naver.com \n――――――――――――――\n본 영상은 코로나 이전에 촬영되었습니다!\n\n안녕 애들아 랜선언니 솜찌야 \n1달 유럽여행중 벌써 15일정도 됐는데\n그래서 그런지 관광도 귀찮고 여행 권태기가 와버렸나봐\n한식은 점점...땡기고 먹는거빼고 다 귀찮은 리스본여행 브이로그를 담아봤어\n오늘도 즐감!!!!!!!!!",
        "thumbnail": "https://i.ytimg.com/vi/jlWlHBm3dCA/mqdefault.jpg",
        "youtubeVideoId": "jlWlHBm3dCA",
        "uploadedDate": "2021-04-29T06:32:15Z",
        "viewCount": 8323,
        "isCommercial": "False"
    },
    {
        "id": "c3568bae-6b2e-4639-9cb7-72f87ef0e6bf",
        "title": "유럽여행 vlog: 리스본가서 한식만 주구장창 먹는데(;;) 괜찮으시겠어요? [VLOG]",
        "description": "유럽여행 vlog: 리스본가서 한식만 주구장창 먹는데(;;;) 괜찮으시겠어요?\n\n#리스본 #유럽여행 \n――――――――――――――\n💌 인스타 :  https://www.instagram.com/somz_zi/\n💌 메일 :  ds02_28@naver.com \n――――――――――――――\n본 영상은 코로나 이전에 촬영된 영상입니다!\n\n안녕 애들아 랜선언니 솜찌야\n오늘은 포루투에서 리스본으로 넘어와 \n약간의 여행권태기와 함께... 주구장창 한식이 땡겼던 어느일상을 담아봤어 \n오늘도 즐감^^!!!",
        "thumbnail": "https://i.ytimg.com/vi/C1o0uw20t7k/mqdefault.jpg",
        "youtubeVideoId": "C1o0uw20t7k",
        "uploadedDate": "2021-04-29T06:32:30Z",
        "viewCount": 5244,
        "isCommercial": "False"
    },
    {
        "id": "f3759407-6d5f-4e99-95a3-980cd7db80ba",
        "title": "포르투여행 마지막날🎬 분위기에 한번 치이고 한식에 두번 치이는 랜선여행 브이로그 [VLOG]",
        "description": "포르투여행 마지막날🎬 분위기에 한번 치이고 한식에 두번 치이는 랜선여행 브이로그 [VLOG]\n\n#포르투여행 #유럽여행 \n――――――――――――――\n💌 인스타 :  https://www.instagram.com/somz_zi/\n💌 메일 :  ds02_28@naver.com \n――――――――――――――\n※본 영상은 코로나 이전에 촬영되었습니다 ※\n\n안녕  애들아 랜선언니 솜찌야 \n3박 4일 포르투..벌써 마지막날ㅠ_ㅠ \n우리는 곧 포르투에서 리스본으로 넘어가서 \n(스포)여행권태기가 올 예정이야....\n\n오늘도 즐감ㅎ_ㅎ",
        "thumbnail": "https://i.ytimg.com/vi/eUbvEgEHxjA/mqdefault.jpg",
        "youtubeVideoId": "eUbvEgEHxjA",
        "uploadedDate": "2021-03-03T04:04:13Z",
        "viewCount": 3450,
        "isCommercial": "False"
    },
    {
        "id": "80fe6be1-e1d8-4428-863d-c75ddd7e45af",
        "title": "(솔직)포루투에서 먹고 눕고 먹는 브이로그라 머쓱한데...봐주실거죠? 굽신[VLOG]",
        "description": "(솔직)포루투에서 먹고 눕고 먹는 브이로그라 머쓱한데...봐주실거죠? 굽신[VLOG]\n\n#유럽브이로그 #포루투여행 \n――――――――――――――\n💌 인스타 :  https://www.instagram.com/somz_zi/\n💌 메일 :  ds02_28@naver.com \n――――――――――――――\n본 영상은 코로나 이전에 촬영되었습니다 \n\n안녕 애들아 랜선언니 솜찌야\n유럽 1달여행 브이로그 중 \n런던, 파리를 지나 드디어 포루투!!!!!!! \n최애 여행지였던 포루투의 어느 하루를 예쁘게 담아봤어\n오늘도 즐감!!!!!!",
        "thumbnail": "https://i.ytimg.com/vi/Dqws3Bmcpok/mqdefault.jpg",
        "youtubeVideoId": "Dqws3Bmcpok",
        "uploadedDate": "2021-02-22T03:03:32Z",
        "viewCount": 7078,
        "isCommercial": "False"
    },
    {
        "id": "71dbc051-2793-4bff-a315-5216c67ecdc2",
        "title": "포르투가 인생 최애 여행지인 이유🎬  와인에 취하고 풍경에 치여버린 포르투 여행 쁘이로그 [VLOG]",
        "description": "포르투가 인생 최애 여행지인 이유🎬  와인에 취하고 풍경에 치여버린 포르투 여행 쁘이로그 [VLOG]\n\n――――――――――――――\n💌 인스타 :  https://www.instagram.com/somz_zi/\n💌 메일 :  ds02_28@naver.com \n――――――――――――――\n*본 영상은 코로나 이전에 촬영되었습니다*\n\n동생과 유럽여행 1달차중 \n런던-파리를 넘어 드디어 포르투 여행!!!!!\n이번 영상도 즐감즐감~~~♡",
        "thumbnail": "https://i.ytimg.com/vi/Aryl5qaqK1o/mqdefault.jpg",
        "youtubeVideoId": "Aryl5qaqK1o",
        "uploadedDate": "2021-01-22T02:19:29Z",
        "viewCount": 5111,
        "isCommercial": "False"
    },
    {
        "id": "f1919267-390f-46f9-8854-51f151be15c5",
        "title": "랜선 유럽여행✈️포루투 물가가 미쳤다!!!! 에그타르트랑 와인이 1유로??? [VLOG]",
        "description": "랜선 유럽여행✈️포루투 물가가 미쳤다!!!! 에그타르트랑 와인이 1유로??? [VLOG]\n\n#유럽여행 #포루투 \n――――――――――――――\n💌 인스타 :  https://www.instagram.com/somz_zi/\n💌 메일 :  ds02_28@naver.com \n――――――――――――――\n본 영상은 코로나 이전에 촬영되었습니다.",
        "thumbnail": "https://i.ytimg.com/vi/sJDyns4XS9E/mqdefault.jpg",
        "youtubeVideoId": "sJDyns4XS9E",
        "uploadedDate": "2021-01-14T04:27:54Z",
        "viewCount": 5744,
        "isCommercial": "False"
    },
    {
        "id": "224f43f6-10b7-4fba-b1b3-280138af2905",
        "title": "1일 2빵은 기본🍞 파리여행 마지막날 아쉬우니까 먹방으로 달려!!!! [VLOG]",
        "description": "1일 2빵은 기본🍞 파리여행 마지막날 아쉬우니까 먹방으로 달려!!!! [VLOG]",
        "thumbnail": "https://i.ytimg.com/vi/8affHjH_eKw/mqdefault.jpg",
        "youtubeVideoId": "8affHjH_eKw",
        "uploadedDate": "2020-12-30T08:07:40Z",
        "viewCount": 10704,
        "isCommercial": "False"
    },
    {
        "id": "d5e095d6-e353-4902-b111-4c46a79e09be",
        "title": "프랑스 디저트가 그렇게 유명하담서..🍰 어디 한번 먹어볼게요 Paris Travel [VLOG]",
        "description": "프랑스 디저트가 그렇게 유명하담서..🍰 어디 한번 먹어볼게요 Paris Travel [VLOG]\n\n#파리 #프랑스여행 #디저트 \n――――――――――――――\n💌 인스타 :  https://www.instagram.com/somz_zi/\n💌 메일 :  ds02_28@naver.com \n――――――――――――――\n*본 영상은 2019년 12월에 촬영되었습니다* \n\n안녕 애들아 랜선언니 솜찌야\n오늘은 파리여행 4일차!!!!\n\n디저트의 도시 파리에서 빵 먹방하고\n미술관 가고, 역시나 에펠탑 보고 오는 \n여행 브이로그를 담아봤어 오늘도 즐감!!",
        "thumbnail": "https://i.ytimg.com/vi/OTyZl13uqU0/mqdefault.jpg",
        "youtubeVideoId": "OTyZl13uqU0",
        "uploadedDate": "2020-12-23T05:38:48Z",
        "viewCount": 11416,
        "isCommercial": "False"
    },
    {
        "id": "c002e94b-949b-4ac7-90ad-14175758fa8b",
        "title": "빵&디저트의 도시, 프랑스 파리에서 먹방을 외치다...🍰 자매유럽여행｜Paris Travel Vlog",
        "description": "빵&디저트의 도시, 프랑스 파리에서 먹방을 외치다...🍰 자매유럽여행｜Paris Travel Vlog\n\n#파리여행 #유럽여행 \n――――――――――――――\n💌 인스타 :  https://www.instagram.com/somz_zi/\n💌 메일 :  ds02_28@naver.com \n――――――――――――――\n*본 영상은 2019년 12월에 촬영한 영상입니다",
        "thumbnail": "https://i.ytimg.com/vi/Rp0UP5btIHc/mqdefault.jpg",
        "youtubeVideoId": "Rp0UP5btIHc",
        "uploadedDate": "2020-12-14T02:30:09Z",
        "viewCount": 11872,
        "isCommercial": "False"
    },
    {
        "id": "45591a2b-4d48-4fb3-ac6a-9c8367c0d5ed",
        "title": "프랑스 사람들도 놀란;; 심각한 파업속 여행하면 생기는 일...ㅠㅠㅠ ｜파리여행 브이로그 paris vlog EP5",
        "description": "프랑스 사람들도 놀란;; 심각한 파업속 여행하면 생기는 일... ｜파리여행 브이로그 paris vlog EP5\n\n#프랑스 #파리여행 #파리브이로그 #파리총파업 \n――――――――――――――\n💘 인스타 :  https://www.instagram.com/somz_zi/\n💘 메일 :  ds02_28@naver.com \n―――――――――――――― \n안녕 애들아 랜선언니 솜찌야\n유럽한달여행 브이로그 벌써 5탄 \n\n오늘은 런던에서 드디어 파리로 넘어가는데 \n25년만에 최대로 큰 파업을 해버렸지뭐야 \n하하하하하핳 애증의 파리여행,,^^\n그 험난한 과정을 잘 이겨나갈 수 있을지 \n오늘도 즐감!!",
        "thumbnail": "https://i.ytimg.com/vi/-5Gy2hbAjdM/mqdefault.jpg",
        "youtubeVideoId": "-5Gy2hbAjdM",
        "uploadedDate": "2020-03-04T10:39:33Z",
        "viewCount": 1860,
        "isCommercial": "False"
    },
    {
        "id": "d053e10a-ca6f-42ab-8604-213ab8fe5f19",
        "title": "런던VLOG｜뭔 하루가 먹다 끝나네; 싶은 런던 먹방여행(?) + 힙한 핫플레이스 탐방｜한달 유럽여행 #4",
        "description": "런던VLOG｜뭔 하루가 먹다 끝나네; 싶은 런던 먹방여행(?) + 힙한 핫플레이스｜한달 유럽여행 #4\n\n――――――――――――――\n💘 인스타 :  https://www.instagram.com/somz_zi/\n💘 메일 :  ds02_28@naver.com \n―――――――――――――― \n\n안녕 애들아 랜선언니 솜찌야 \n작년 동생과 1달간 다녀온 유럽여행 벌써 4탄 \n런던의 힙한 지역 곳곳 다니면서,,,,먹고,, 먹고,, 먹는 요번 브이로그 \n즐감^^!!",
        "thumbnail": "https://i.ytimg.com/vi/4-igYFAJuRE/mqdefault.jpg",
        "youtubeVideoId": "4-igYFAJuRE",
        "uploadedDate": "2020-02-25T09:52:54Z",
        "viewCount": 1841,
        "isCommercial": "False"
    },
    {
        "id": "60093c22-d75b-49c8-8723-55f71b4f6fae",
        "title": "유럽감성 갈아만든, 먹고 쇼핑하고 핫플 찾아다니는 런던 브이로그｜한달 유럽여행 VLOG#3",
        "description": "유럽감성 갈아만든, 먹고 쇼핑하고 핫플 찾아다니는 런던 브이로그｜유럽여행 VLOG#3\n\n――――――――――――――\n💜 인스타 :  https://www.instagram.com/somz_zi/\n💜 메일 :  ds02_28@naver.com \n―――――――――――――― \n안뇽 애들아 랜선언니 솜찌야!!!\n오늘은 1달간 유럽여행, 런던 브이로그 벌써 3번째!!!\n사실 이것 저것 편집 스타일을 고민하다가 \n브이로그 스타일이 제일 나을 것 같아서 요번편은 이렇게 준비해봤어\n(앞으로도 이렇게 갈ㅇ ㅖ정!!!)\n\n꾸준히 매주마다 올릴테니까 다음편도 기대해줘라...♡",
        "thumbnail": "https://i.ytimg.com/vi/LzGgRqB31Eg/mqdefault.jpg",
        "youtubeVideoId": "LzGgRqB31Eg",
        "uploadedDate": "2020-02-18T10:58:03Z",
        "viewCount": 2380,
        "isCommercial": "False"
    },
    {
        "id": "39b86e17-8338-4e5b-827e-817ad6d4eb4a",
        "title": "🇬🇧인생 첫 런던이면서;; 무계획으로 여행해버리기  (대영박물관, 플랫아이언, 미술관)｜한달 유럽여행 VLOG#2",
        "description": "🇬🇧인생 첫 런던이면서;; 무계획으로 여행해버리기  \n(대영박물관, 플랫아이언, 미술관)｜한달 유럽여행 VLOG#2\n――――――――――――――\n💜 인스타 :  https://www.instagram.com/somz_zi/\n💜 메일 :  ds02_28@naver.com \n――――――――――――――\n\n안녕 애들아 \n랜선언니 솜찌야~~~!!!\n\n24시간 걸려서 런던 도착한 첫날\n하루를 담은 그리고 내 영혼을 갈아만든\n동생과 다녀온 한달 유럽여행 Ep.2편이야 \n(다음회 런던편도 재밌을 예정..찡긋 )\n\n오늘도 즐감!!!!!!!!!!!!",
        "thumbnail": "https://i.ytimg.com/vi/nY1nRs4tYq4/mqdefault.jpg",
        "youtubeVideoId": "nY1nRs4tYq4",
        "uploadedDate": "2020-02-18T10:57:38Z",
        "viewCount": 3301,
        "isCommercial": "False"
    },
    {
        "id": "30270dc2-2d40-49ac-a9f3-a592bdbdf5fa",
        "title": "55만원짜리 유럽 왕복 티켓끊고 한달동안 무계획 여행하기(ft.중국 경유) ｜한달 유럽여행 VLOG#1",
        "description": "55만원짜리 유럽 왕복 티켓끊고 한달동안 무계획 여행하기(ft.중국 경유) ｜자매 유럽여행 브이로그 ep.1 [VLOG]\n――――――――――――――\n💜 인스타 :  https://www.instagram.com/somz_zi/\n💜 메일 :  ds02_28@naver.com \n――――――――――――――\n안녕 애들아 랜선언니 솜찌야\n지난 2019년, 12월에 1달동안 다녀온 유럽여행 브이로그 드디어 시작한다!!!\n한달동안 통크게... 일도 쉬고 유튜브도 쉬고 다녀와서 열심히 찍어봤어 \n\n우리의 첫 여행지는 런던인데 그 전에 상하이에 경유했어! \n(코로나 바이러스 감염 전에 다녀옴)\n\n그럼 첫 편 즐감~~~~~~~~~!!!!",
        "thumbnail": "https://i.ytimg.com/vi/jCOwBtqCcLI/mqdefault.jpg",
        "youtubeVideoId": "jCOwBtqCcLI",
        "uploadedDate": "2020-02-18T10:56:25Z",
        "viewCount": 4873,
        "isCommercial": "False"
    }
]