[
    {
        "id": "bef28484-bb8f-49b1-b103-83eedd2f62b3",
        "title": "너무 많이 뽑았네! 야밤에 사장님까지 출동하게 만든 프링글스 뽑기 소동의 결과는? #90) 홍성오빠 Pringles Claw Machine UFOキャッチャ UFO CATCHER",
        "description": "프링글스 뽑기가 된 스위트박스! 너무 많이 뽑아서 결국 사장님까지 출동하게 되는데.. 많은 구독 및 좋아요 눌러주시면 매일 재미있는 뽑기영상 보실 수 있습니다!^^",
        "thumbnail": "https://i.ytimg.com/vi/apBAPjq-QJc/mqdefault.jpg",
        "youtubeVideoId": "apBAPjq-QJc",
        "uploadedDate": "2020-03-08T23:53:55Z",
        "viewCount": 0,
        "isCommercial": "False"
    },
    {
        "id": "7a163923-881f-4c4b-a28e-0349d29ceba0",
        "title": "지우개들은 꿀망 가득한 초대형 밀판뽑기를 공략하는 방법 | 대전 갈마동 인형뽑기 #956) 홍성오빠 Korean Claw Machine",
        "description": "예전에는 이 초대형 밀판뽑기로 주로 대형인형을 많이 뽑았었는데 요즘엔 인형보다 꿀망을 밀어내면서 뽑는 뽑기로 많이 바뀌었더라고요! 인형하고 사뭇다른 밀판 꿀망뽑기 공략법을 알려드립니다:)\n\n구독😍좋아요👍댓글💬 감사합니다!\n인스타그램 👍 https://www.instagram.com/hongseongobba/\n페이스북 👍 https://www.facebook.com/hongseongobba/ \n카카오톡 😀 홍성오빠 유튜브 오픈채팅방 official (인형뽑기)\n문의 📧 cafe_therapy@naver.com (촬영, 창업컨설팅, 스폰)\n택배 🚚 서울특별시 성동구 성수이로20길 16 JK타워 8층, 트레져헌터 (홍성오빠)\n만나는 곳 🙋‍♂️ 충청남도 홍성군 홍성읍 조양로205번길 67, 뽑기가 안되면 홍성스쿨\n\n♫intro music : Urban Fashion (from. envato elements)\n♫outro music : Hip Hop Chill and Swag 85 (from. envato elements)\n\n#밀판뽑기 #홍성오빠 #홍성유튜버",
        "thumbnail": "https://i.ytimg.com/vi/gYMj86ClHAI/mqdefault.jpg",
        "youtubeVideoId": "gYMj86ClHAI",
        "uploadedDate": "2020-03-09T06:40:18Z",
        "viewCount": 11224,
        "isCommercial": "False"
    },
    {
        "id": "217406ae-bce5-43c1-8fdf-6f19a19c345b",
        "title": "악마의 게임을 다시 해보았습니다 | 서산 인형뽑기 #828) 홍성오빠",
        "description": "** 매일 오후 5시 업로드 **\n인스타그램 ▶ https://www.instagram.com/hongseongobba/\n페이스북 ▶ https://www.facebook.com/hongseongobba/ \n카카오톡 ▶ 친구검색에서 '홍성오빠' 검색 후 친구추가\n\n소통하는 뽑기방송!! 많은 구독 및 좋아요 눌러주시면 매일 재미있는 뽑기영상 보실 수 있습니다!^^",
        "thumbnail": "https://i.ytimg.com/vi/mqKpkR4jAmw/mqdefault.jpg",
        "youtubeVideoId": "mqKpkR4jAmw",
        "uploadedDate": "2020-03-09T06:23:11Z",
        "viewCount": 0,
        "isCommercial": "False"
    },
    {
        "id": "0de28c1b-d027-47e5-b6f9-01e3de0e5a93",
        "title": "출구에서 위태위태하게 걸린 4마리 왕가오나시! 어서 구출하자 #183) 홍성오빠 Pringles Claw Machine",
        "description": "https://www.instagram.com/hongseongobba/ 여러분들과 소통하기 위해 홍성오빠 인스타그램 개설!! 영상 말고도 간단하게 소통해요 여러분들~! 많은 구독 및 좋아요 눌러주시면 매일 재미있는 뽑기영상 보실 수 있습니다!^^",
        "thumbnail": "https://i.ytimg.com/vi/DjI8qSl7WZk/mqdefault.jpg",
        "youtubeVideoId": "DjI8qSl7WZk",
        "uploadedDate": "2020-03-09T00:09:30Z",
        "viewCount": 0,
        "isCommercial": "False"
    },
    {
        "id": "9bc2d61a-7064-4d95-976c-2f54ac5003b6",
        "title": "오랜만에 짱크레인 커플뽑기! 남남커플이지만 인형 정말 잘 뽑는 케미 폭발 인형뽑기.. 뽑은 인형만 무려 수십개?｜평택 합정동 인형뽑기 #632) 홍성오빠",
        "description": "** 매일 오후 5시 업로드 **\n인스타그램 ▶ https://www.instagram.com/hongseongobba/\n페이스북 ▶ https://www.facebook.com/hongseongobba/ \n카카오톡 ▶ 친구검색에서 '홍성오빠' 검색 후 친구추가\n\n소통하는 뽑기방송!! 많은 구독 및 좋아요 눌러주시면 매일 재미있는 뽑기영상 보실 수 있습니다!^^",
        "thumbnail": "https://i.ytimg.com/vi/Mj1LbXajTWw/mqdefault.jpg",
        "youtubeVideoId": "Mj1LbXajTWw",
        "uploadedDate": "2020-03-09T05:56:40Z",
        "viewCount": 0,
        "isCommercial": "False"
    },
    {
        "id": "f48ee6ef-c591-43c6-b73f-3004c5b72c2d",
        "title": "밀판 인형뽑기에 공짜 인형 발견, 500원에 뽑아보자 #1) 홍성오빠",
        "description": "많은 구독 및 좋아요 눌러주시면 매일 재미있는 뽑기영상을 보실 수 있습니다!^^",
        "thumbnail": "https://i.ytimg.com/vi/i83-f5o6hVM/mqdefault.jpg",
        "youtubeVideoId": "i83-f5o6hVM",
        "uploadedDate": "2020-03-08T23:22:24Z",
        "viewCount": 0,
        "isCommercial": "False"
    },
    {
        "id": "ef59180b-d055-4545-af67-ce040e039b01",
        "title": "잡는 족족 놓치지 않는 역대급 초강력 멘토스 뽑기! 열쇠박스 남김없이 다 들었다 #25) 홍성오빠 Mentos Claw Machine メントス UFOキャッチャ UFO CATCHER",
        "description": "처음 접해보는 멘토스 뽑기, 초강력 신세계 뽑기를 경험한 홍성오빠. 많은 구독 및 좋아요 눌러주시면 매일 재미있는 뽑기영상 보실 수 있습니다!^^",
        "thumbnail": "https://i.ytimg.com/vi/D4TOzhMnNc4/mqdefault.jpg",
        "youtubeVideoId": "D4TOzhMnNc4",
        "uploadedDate": "2020-03-08T23:27:51Z",
        "viewCount": 0,
        "isCommercial": "False"
    },
    {
        "id": "9c7fe267-5327-4f8b-9307-09bbcd9da97a",
        "title": "멘토스 뽑기 멸망전 갔다가 역관광 당한 홍성오빠! 멘탈붕괴로 인한 사상 초유의 무편집본 공개 #41) 홍성오빠 Mentos Claw Machine メントス UFOキャッチャ",
        "description": "멘토스 멸망전...ㅠ 많은 구독 및 좋아요 눌러주시면 매일 재미있는 뽑기영상 보실 수 있습니다!^^",
        "thumbnail": "https://i.ytimg.com/vi/v4pfZjZ0ieE/mqdefault.jpg",
        "youtubeVideoId": "v4pfZjZ0ieE",
        "uploadedDate": "2020-03-08T23:42:57Z",
        "viewCount": 0,
        "isCommercial": "False"
    },
    {
        "id": "db94aebb-b82e-4ec4-8403-f45adafca308",
        "title": "신형 멘토스 뽑기가 홍성에 입성했다! 스위트박스 체험기 #56) 홍성오빠 Mentos Claw Machine メントス UFOキャッチャ UFO CATCHER",
        "description": "신형 멘토스 스위트박스 체험기! 많은 구독 및 좋아요 눌러주시면 매일 재미있는 뽑기영상 보실 수 있습니다!^^",
        "thumbnail": "https://i.ytimg.com/vi/hR6ZICeDHjM/mqdefault.jpg",
        "youtubeVideoId": "hR6ZICeDHjM",
        "uploadedDate": "2020-03-08T23:46:58Z",
        "viewCount": 0,
        "isCommercial": "False"
    },
    {
        "id": "ec96ca5a-cf9d-4f24-b8e9-14bb1fc1a084",
        "title": "대박사건! 멘토스 뽑기에서 원피스 미호크 POP 피규어 공짜 득템 #57) 홍성오빠 Mentos Claw Machine メントス UFOキャッチャ UFO CATCHER",
        "description": "소식을 들은 사장님도 껄껄껄~ 많은 구독 및 좋아요 눌러주시면 매일 재미있는 뽑기영상 보실 수 있습니다!^^",
        "thumbnail": "https://i.ytimg.com/vi/7f5M1yzdwdI/mqdefault.jpg",
        "youtubeVideoId": "7f5M1yzdwdI",
        "uploadedDate": "2020-03-08T23:47:04Z",
        "viewCount": 0,
        "isCommercial": "False"
    },
    {
        "id": "4989e6ac-baae-41b3-b22f-e550e5be72ad",
        "title": "멘토스 던져 뽑기 도전! 유튜브각이지 말입니다 #60) 홍성오빠",
        "description": "짧고 굵다! 많은 구독 및 좋아요 눌러주시면 매일 재미있는 뽑기영상 보실 수 있습니다!^^",
        "thumbnail": "https://i.ytimg.com/vi/o-0CdJGHEIo/mqdefault.jpg",
        "youtubeVideoId": "o-0CdJGHEIo",
        "uploadedDate": "2020-03-08T23:47:49Z",
        "viewCount": 0,
        "isCommercial": "False"
    },
    {
        "id": "ce85fd6e-fc97-459e-9de3-cbe0398c2a92",
        "title": "원조 멘토스 뽑기 기계 홍성 입성! 턱이 낮으니 멘토스가 우르르 쏟아진다 #65) 홍성오빠 Mentos Claw Machine メントス UFOキャッチャ UFO CATCHER",
        "description": "턱의 높이가 뽑는데 얼마나 중요한 역할을 하는지 잘 보여주는 영상입니다. 많은 구독 및 좋아요 눌러주시면 매일 재미있는 뽑기영상 보실 수 있습니다!^^",
        "thumbnail": "https://i.ytimg.com/vi/olmI_uOjDCI/mqdefault.jpg",
        "youtubeVideoId": "olmI_uOjDCI",
        "uploadedDate": "2020-03-08T23:49:23Z",
        "viewCount": 0,
        "isCommercial": "False"
    },
    {
        "id": "87983477-a495-4570-a5e7-076c2115580a",
        "title": "심신쇠약자는 시청주의! 악마의게임 그 이름하여 멘토스 뽑기 Part 1 #68) 홍성오빠 Mentos Claw Machine メントス UFOキャッチャ UFO CATCHER",
        "description": "악마의게임 멘토스 뽑기! 많은 구독 및 좋아요 눌러주시면 매일 재미있는 뽑기영상 보실 수 있습니다!^^",
        "thumbnail": "https://i.ytimg.com/vi/Hv2FCiSsT_E/mqdefault.jpg",
        "youtubeVideoId": "Hv2FCiSsT_E",
        "uploadedDate": "2020-03-08T23:49:41Z",
        "viewCount": 0,
        "isCommercial": "False"
    },
    {
        "id": "1a679e7a-2d00-46b0-b47d-3fb91edea7fe",
        "title": "심신쇠약자는 시청주의! 악마의게임 그 이름하여 멘토스 뽑기 Part 2 #69) 홍성오빠 Mentos Claw Machine メントス UFOキャッチャ UFO CATCHER",
        "description": "악마의게임 멘토스 뽑기! 많은 구독 및 좋아요 눌러주시면 매일 재미있는 뽑기영상 보실 수 있습니다!^^",
        "thumbnail": "https://i.ytimg.com/vi/vV-LLiKJxkk/mqdefault.jpg",
        "youtubeVideoId": "vV-LLiKJxkk",
        "uploadedDate": "2020-03-08T23:49:46Z",
        "viewCount": 0,
        "isCommercial": "False"
    },
    {
        "id": "d4896099-8d0a-4c07-8ae6-15c6621f826c",
        "title": "벌써 덥다! 멘토스 뽑기에서 공짜배기 USB 선풍기 뽑자 #73) 홍성오빠",
        "description": "단돈 2천원에 공짜배기 선풍기 득템! 많은 구독 및 좋아요 눌러주시면 매일 재미있는 뽑기영상을 보실 수 있습니다!^^",
        "thumbnail": "https://i.ytimg.com/vi/6XFBjOP4G4c/mqdefault.jpg",
        "youtubeVideoId": "6XFBjOP4G4c",
        "uploadedDate": "2020-03-08T23:50:22Z",
        "viewCount": 0,
        "isCommercial": "False"
    },
    {
        "id": "59bc4413-8533-4a61-ad55-3b253a4f54c8",
        "title": "스위트박스야 우리 친했잖아... 이와중에 홍성오빠의 팬이 등장했다! #76) 홍성오빠 Mentos Claw Machine メントス UFOキャッチャ UFO CATCHER",
        "description": "스위트박스는 그렇게 절 떠났습니다.. 홍성오빠 팬 등장은 42:46 부터! 많은 구독 및 좋아요 눌러주시면 매일 재미있는 뽑기영상 보실 수 있습니다!^^",
        "thumbnail": "https://i.ytimg.com/vi/Mn6Aurt3TrM/mqdefault.jpg",
        "youtubeVideoId": "Mn6Aurt3TrM",
        "uploadedDate": "2020-03-08T23:50:49Z",
        "viewCount": 0,
        "isCommercial": "False"
    },
    {
        "id": "9ef6fe23-a8d6-4282-8121-4e6f1e506ab2",
        "title": "멘토스가 안방을 내어주기 시작했다! 징징이들의 역습 #81) 홍성오빠 Mentos Claw Machine メントス UFOキャッチャ UFO CATCHER",
        "description": "불갈비맛 오징어 먹방해보자! 많은 구독 및 좋아요 눌러주시면 매일 재미있는 뽑기영상 보실 수 있습니다!^^",
        "thumbnail": "https://i.ytimg.com/vi/SJUAdcKnOmQ/mqdefault.jpg",
        "youtubeVideoId": "SJUAdcKnOmQ",
        "uploadedDate": "2020-03-08T23:51:43Z",
        "viewCount": 0,
        "isCommercial": "False"
    },
    {
        "id": "9e4db1cb-aee4-4c15-a296-6fd5a236edcd",
        "title": "멘토스 던져뽑기 처음으로 성공! 멘토스, 던지기, 성공적 #98) 홍성오빠 Mentos Claw Machine メントス UFOキャッチャ UFO CATCHER",
        "description": "멘토스, 던지기, 성공적! 많은 구독 및 좋아요 눌러주시면 매일 재미있는 뽑기영상 보실 수 있습니다!^^",
        "thumbnail": "https://i.ytimg.com/vi/nIZCovwVW5c/mqdefault.jpg",
        "youtubeVideoId": "nIZCovwVW5c",
        "uploadedDate": "2020-03-08T23:55:23Z",
        "viewCount": 0,
        "isCommercial": "False"
    },
    {
        "id": "2e593647-d8d3-48ae-9ef8-72130e13c57c",
        "title": "프링글스 뽑기에 행운의 열쇠박스가 5개나 올라가 있다! 과연 몇 개나 뽑을 수 있을까? #127) 홍성오빠 Pringles Claw Machine UFOキャッチャ",
        "description": "행운의 열쇠박스가 밀판에 5개나 올라가 있네? 과연 몇 개나 뽑을 수 있을지.. 많은 구독 및 좋아요 눌러주시면 매일 재미있는 뽑기영상 보실 수 있습니다!^^",
        "thumbnail": "https://i.ytimg.com/vi/DbaCNmPcI6M/mqdefault.jpg",
        "youtubeVideoId": "DbaCNmPcI6M",
        "uploadedDate": "2020-03-09T00:00:26Z",
        "viewCount": 0,
        "isCommercial": "False"
    },
    {
        "id": "244a723a-4b2c-4591-ab63-462a758357dd",
        "title": "손 안 대고 열쇠뽑기! 쓸데없이 프링글스 뽑기에 꽂힌 홍성오빠좀 말려주세요.. 상품 반전까지? #131) 홍성오빠 Pringles Claw Machine",
        "description": "이것은 매직인가? 셀프로 뽑혀준다..ㅋㅋ 많은 구독 및 좋아요 눌러주시면 매일 재미있는 뽑기영상 보실 수 있습니다!^^",
        "thumbnail": "https://i.ytimg.com/vi/LvcEeThi-YU/mqdefault.jpg",
        "youtubeVideoId": "LvcEeThi-YU",
        "uploadedDate": "2020-03-09T00:00:54Z",
        "viewCount": 0,
        "isCommercial": "False"
    },
    {
        "id": "bf855b03-f787-47c9-bb55-77f241a2f196",
        "title": "멘토스 던지기 했던 곳을 다시 찾았다! 상황도 좋다! 그런데... #132) 홍성오빠 Mentos Claw Machine メントス UFOキャッチャ UFO CATCHER",
        "description": "미끼를 물어 버렸구먼... 많은 구독 및 좋아요 눌러주시면 매일 재미있는 뽑기영상 보실 수 있습니다!^^",
        "thumbnail": "https://i.ytimg.com/vi/coR3ZG2ajA4/mqdefault.jpg",
        "youtubeVideoId": "coR3ZG2ajA4",
        "uploadedDate": "2020-03-09T00:01:00Z",
        "viewCount": 0,
        "isCommercial": "False"
    },
    {
        "id": "9de046d6-2727-4582-8bed-a7e3e96ee3fc",
        "title": "뽑으라는 열쇠는 안 뽑고ㅋㅋ 프링글스 사랑.. 스위트박스 프링글스로 바뀌던 날 #138) 홍성오빠 Pringles Claw Machine UFOキャッチャ UFO CATCHER",
        "description": "못말린다! 많은 구독 및 좋아요 눌러주시면 매일 재미있는 뽑기영상 보실 수 있습니다!^^",
        "thumbnail": "https://i.ytimg.com/vi/1siLvDsOl_o/mqdefault.jpg",
        "youtubeVideoId": "1siLvDsOl_o",
        "uploadedDate": "2020-03-09T00:02:49Z",
        "viewCount": 0,
        "isCommercial": "False"
    },
    {
        "id": "bf2f7793-0aaf-4716-9640-5e6f696f2728",
        "title": "프링글스야 출구에서 뭐하고 있니? 공중부양 중인 프링글스.. 미끼를 덥썩 문 홍성오빠 #139) 홍성오빠 Pringles Claw Machine UFOキャッチャ",
        "description": "절대 현혹되지 마라.. 많은 구독 및 좋아요 눌러주시면 매일 재미있는 뽑기영상 보실 수 있습니다!^^",
        "thumbnail": "https://i.ytimg.com/vi/WWCaMAd1Vps/mqdefault.jpg",
        "youtubeVideoId": "WWCaMAd1Vps",
        "uploadedDate": "2020-03-09T00:02:54Z",
        "viewCount": 0,
        "isCommercial": "False"
    },
    {
        "id": "9f22ead9-4480-41ca-8d76-e17a1740b0f4",
        "title": "대박! 멘토스 뽑기 밀판에 최고의 상품이 올라가 있다.. 암토스와 홍성오빠 한 판 대결 #161) 홍성오빠",
        "description": "원피스 페로나 POP 피규어가 딱!! 많은 구독 및 좋아요 눌러주시면 매일 재미있는 뽑기영상 보실 수 있습니다!^^",
        "thumbnail": "https://i.ytimg.com/vi/DF-1qoYRge0/mqdefault.jpg",
        "youtubeVideoId": "DF-1qoYRge0",
        "uploadedDate": "2020-03-09T00:05:29Z",
        "viewCount": 0,
        "isCommercial": "False"
    },
    {
        "id": "d61fe941-ecb5-4e7e-9e32-07009ef2ea0b",
        "title": "분명 DP용 상품이었는데..ㅋㅋㅋㅋ 춤추는 도라에몽 뽑았다! 도라에몽 귀여움 주의 #165) 홍성오빠",
        "description": "람바다! 도라에몽 핵귀ㅋㅋㅋ 많은 구독 및 좋아요 눌러주시면 매일 재미있는 뽑기영상 보실 수 있습니다!^^",
        "thumbnail": "https://i.ytimg.com/vi/ZfuMg8hmF_I/mqdefault.jpg",
        "youtubeVideoId": "ZfuMg8hmF_I",
        "uploadedDate": "2020-03-09T00:06:13Z",
        "viewCount": 0,
        "isCommercial": "False"
    },
    {
        "id": "fb4fd5f1-3726-4b66-a7b9-a6824ee8281e",
        "title": "커플들을 위한 더블 인형뽑기!? 새로 생긴 짱크레인에서 대형 도라에몽 인형 도전 #169) 홍성오빠 Double Claw Machine Win",
        "description": "솔로라 그랬나.. 짜증주의ㅠㅋ 많은 구독 및 좋아요 눌러주시면 매일 재미있는 뽑기영상 보실 수 있습니다!^^",
        "thumbnail": "https://i.ytimg.com/vi/yH7CusFVDlQ/mqdefault.jpg",
        "youtubeVideoId": "yH7CusFVDlQ",
        "uploadedDate": "2020-03-09T00:06:59Z",
        "viewCount": 0,
        "isCommercial": "False"
    },
    {
        "id": "28c0bbf5-c187-4119-a78e-8388e0911f10",
        "title": "행운의 열쇠박스가 달랑달랑한다! 딱 만원에 깔끔하게 고속 RC보트 뽑아봅시다 #174) 홍성오빠",
        "description": "아싸 깔끔해~ 많은 구독 및 좋아요 눌러주시면 매일 재미있는 뽑기영상 보실 수 있습니다!^^",
        "thumbnail": "https://i.ytimg.com/vi/u4CukyWq5eI/mqdefault.jpg",
        "youtubeVideoId": "u4CukyWq5eI",
        "uploadedDate": "2020-03-09T00:07:55Z",
        "viewCount": 0,
        "isCommercial": "False"
    },
    {
        "id": "d30674d6-0c1e-4221-a752-b37f04a8839f",
        "title": "프링글스 뽑기 답답한 길막! 엉빵으로 쉽게 해결해서 뽑으세욬ㅋㅋㅋㅋ #176) 홍성오빠",
        "description": "엉빵은 진리입니다 여러분들.. 많은 구독 및 좋아요 눌러주시면 매일 재미있는 뽑기영상 보실 수 있습니다!^^",
        "thumbnail": "https://i.ytimg.com/vi/az03HTFFGAs/mqdefault.jpg",
        "youtubeVideoId": "az03HTFFGAs",
        "uploadedDate": "2020-03-09T00:08:28Z",
        "viewCount": 0,
        "isCommercial": "False"
    },
    {
        "id": "7828152a-bc15-4146-8bc6-35bdd2dd6ba1",
        "title": "유튜브각 만들어 보자! 명장면(?)을 기대했던 홍성오빠.. 서산 팬 플레이의 결과는? #187) 홍성오빠",
        "description": "https://www.instagram.com/hongseongobba/ 여러분들과 소통하기 위해 홍성오빠 인스타그램 개설!! 영상 말고도 간단하게 소통해요 여러분들~! 많은 구독 및 좋아요 눌러주시면 매일 재미있는 뽑기영상 보실 수 있습니다!^^",
        "thumbnail": "https://i.ytimg.com/vi/7Atgh7cGSZs/mqdefault.jpg",
        "youtubeVideoId": "7Atgh7cGSZs",
        "uploadedDate": "2020-03-09T00:09:57Z",
        "viewCount": 0,
        "isCommercial": "False"
    },
    {
        "id": "e330511a-cd55-4743-84f6-3e1f1c7964e5",
        "title": "멘토스 던지기 성공! 그러나 전혀 예상치 못한 반전이 있었다 #199) 홍성오빠",
        "description": "https://www.instagram.com/hongseongobba/ 여러분들과 소통하기 위해 홍성오빠 인스타그램 개설!! 영상 말고도 간단하게 소통해요 여러분들~! 많은 구독 및 좋아요 눌러주시면 매일 재미있는 뽑기영상 보실 수 있습니다!^^",
        "thumbnail": "https://i.ytimg.com/vi/c-eZMG6tkY8/mqdefault.jpg",
        "youtubeVideoId": "c-eZMG6tkY8",
        "uploadedDate": "2020-03-09T00:12:51Z",
        "viewCount": 0,
        "isCommercial": "False"
    },
    {
        "id": "58abf668-6ff0-4876-af91-e1e974745d15",
        "title": "단 1회에 누르기로 한판승! 브라질 리우올림픽 금메달급의 깔끔하고 시원한 뽑기 갑니다 #202) 홍성오빠",
        "description": "https://www.instagram.com/hongseongobba/ 여러분들과 소통하기 위해 홍성오빠 인스타그램 개설!! 영상 말고도 간단하게 소통해요 여러분들~! 많은 구독 및 좋아요 눌러주시면 매일 재미있는 뽑기영상 보실 수 있습니다!^^",
        "thumbnail": "https://i.ytimg.com/vi/8Cr4UtT_Xj8/mqdefault.jpg",
        "youtubeVideoId": "8Cr4UtT_Xj8",
        "uploadedDate": "2020-03-09T00:13:13Z",
        "viewCount": 0,
        "isCommercial": "False"
    },
    {
        "id": "111937d4-3316-45cd-94c4-1c501a6346e7",
        "title": "망할 커플게임! 짱크레인은 나와 맞지 않는 게임인가봐.. 또 당했다 #210) 홍성오빠",
        "description": "https://www.instagram.com/hongseongobba/ 여러분들과 소통하기 위해 홍성오빠 인스타그램 개설!! 영상 말고도 간단하게 소통해요 여러분들~! 많은 구독 및 좋아요 눌러주시면 매일 재미있는 뽑기영상 보실 수 있습니다!^^",
        "thumbnail": "https://i.ytimg.com/vi/P1HyUaldhlU/mqdefault.jpg",
        "youtubeVideoId": "P1HyUaldhlU",
        "uploadedDate": "2020-03-09T00:14:14Z",
        "viewCount": 0,
        "isCommercial": "False"
    },
    {
        "id": "454f1d30-25df-4c1f-8ec8-5c40139cfb42",
        "title": "대형 미니마우스 인형을 멘토스로 뽑아 보자! #233) 홍성오빠",
        "description": "https://www.instagram.com/hongseongobba/ 여러분들과 소통하기 위해 홍성오빠 인스타그램 개설!! 영상 말고도 간단하게 소통해요 여러분들~! 많은 구독 및 좋아요 눌러주시면 매일 재미있는 뽑기영상 보실 수 있습니다!^^",
        "thumbnail": "https://i.ytimg.com/vi/7sy_RhS0OxE/mqdefault.jpg",
        "youtubeVideoId": "7sy_RhS0OxE",
        "uploadedDate": "2020-03-09T05:01:37Z",
        "viewCount": 0,
        "isCommercial": "False"
    },
    {
        "id": "d9c0776e-0340-4780-a1f3-6a50e6a8fc8a",
        "title": "개를 놀라게 해서는 안 돼! 히트친 개조심 복불복 장난감 뽑자 #234) 홍성오빠",
        "description": "https://www.instagram.com/hongseongobba/ 여러분들과 소통하기 위해 홍성오빠 인스타그램 개설!! 영상 말고도 간단하게 소통해요 여러분들~! 많은 구독 및 좋아요 눌러주시면 매일 재미있는 뽑기영상 보실 수 있습니다!^^",
        "thumbnail": "https://i.ytimg.com/vi/TxJTsqX3tw8/mqdefault.jpg",
        "youtubeVideoId": "TxJTsqX3tw8",
        "uploadedDate": "2020-03-09T05:01:43Z",
        "viewCount": 0,
        "isCommercial": "False"
    },
    {
        "id": "01870337-eb5f-4d40-ac39-cd3d7b494a44",
        "title": "품귀 현상을 일으킨 바로 그 인형! 초절정 인기의 카카오프렌즈 정품 60cm 후드 라이언 인형뽑기! #240) 홍성오빠 KaKao Friends Hoodie Ryan Doll",
        "description": "즐거운 추석명절 보내세요! 연휴에도 홍성오빠의 고급진 뽑기영상과 함께!\n\nhttps://www.instagram.com/hongseongobba/ 여러분들과 소통하기 위해 홍성오빠 인스타그램 개설!! 영상 말고도 간단하게 소통해요 여러분들~! 많은 구독 및 좋아요 눌러주시면 매일 재미있는 뽑기영상 보실 수 있습니다!^^",
        "thumbnail": "https://i.ytimg.com/vi/3S2frTVc4D0/mqdefault.jpg",
        "youtubeVideoId": "3S2frTVc4D0",
        "uploadedDate": "2020-03-09T05:02:16Z",
        "viewCount": 0,
        "isCommercial": "False"
    },
    {
        "id": "a14ee227-2abd-4f7e-bf4d-ece76aa2885e",
        "title": "이번엔 초대형 지방이다! 후드라이언 못지 않은 초절정 인기 인형 50cm 정품 지방이 인형뽑기 (Feat. 손 안대고 열쇠뽑기 시즌2) #257) 홍성오빠",
        "description": "https://www.instagram.com/hongseongobba/ 여러분들과 소통하기 위해 홍성오빠 인스타그램 개설!! 영상 말고도 간단하게 소통해요 여러분들~! 많은 구독 및 좋아요 눌러주시면 매일 재미있는 뽑기영상 보실 수 있습니다!^^",
        "thumbnail": "https://i.ytimg.com/vi/rO3Ww4nmKU0/mqdefault.jpg",
        "youtubeVideoId": "rO3Ww4nmKU0",
        "uploadedDate": "2020-03-09T05:04:03Z",
        "viewCount": 0,
        "isCommercial": "False"
    },
    {
        "id": "379a8654-535b-4556-b2f2-1d81462a21da",
        "title": "인형뽑기기계로 인형뽑기기계를 뽑는다!? 폭우 속 뽀통령 vs 홍성오빠 두근두근 선물뽑기 #267) 홍성오빠 Pororo Claw Machine Pick",
        "description": "https://www.instagram.com/hongseongobba/ 여러분들과 소통하기 위해 홍성오빠 인스타그램 개설!! https://www.facebook.com/hongseongobba/ 페이스북 페이지 개설!! 영상 말고도 간단하게 소통해요 여러분들~! 많은 구독 및 좋아요 눌러주시면 매일 재미있는 뽑기영상 보실 수 있습니다!^^",
        "thumbnail": "https://i.ytimg.com/vi/uoE1Zmyiodw/mqdefault.jpg",
        "youtubeVideoId": "uoE1Zmyiodw",
        "uploadedDate": "2020-03-09T05:05:42Z",
        "viewCount": 0,
        "isCommercial": "False"
    },
    {
        "id": "31dfa882-1fa9-4653-9139-19a026268ee9",
        "title": "그 땐 그랬지! 인형뽑기 대신 멘토스로 인형뽑고 다녔던 때가 엊그제 같았는데.. 이젠 추억이 된 스위트박스 #311) 홍성오빠",
        "description": "** 매일 평일 오후 5시, 주말 및 공휴일 오후 2시 업로드 **\n인스타그램 ▶ https://www.instagram.com/hongseongobba/\n페이스북 ▶ https://www.facebook.com/hongseongobba/ \n카카오톡 ▶ 친구검색에서 '홍성오빠' 검색 후 친구추가\n\n소통하는 뽑기방송!! 많은 구독 및 좋아요 눌러주시면 매일 재미있는 뽑기영상 보실 수 있습니다!^^",
        "thumbnail": "https://i.ytimg.com/vi/1g_DPdb8Ywo/mqdefault.jpg",
        "youtubeVideoId": "1g_DPdb8Ywo",
        "uploadedDate": "2020-03-09T05:12:42Z",
        "viewCount": 0,
        "isCommercial": "False"
    },
    {
        "id": "24fd73b6-61bd-42ab-85d9-f10aa2aa9239",
        "title": "이번엔 미니 초밥 인형이다! 홍성 뽀끼뽀끼에 들어온 새로운 인형뽑기 기계에서 개시 첫 날 수십마리 털었다 (Feat. 1타3피) #330) 홍성오빠",
        "description": "** 매일 평일 오후 5시, 주말 및 공휴일 오후 2시 업로드 **\n인스타그램 ▶ https://www.instagram.com/hongseongobba/\n페이스북 ▶ https://www.facebook.com/hongseongobba/ \n카카오톡 ▶ 친구검색에서 '홍성오빠' 검색 후 친구추가\n\n소통하는 뽑기방송!! 많은 구독 및 좋아요 눌러주시면 매일 재미있는 뽑기영상 보실 수 있습니다!^^",
        "thumbnail": "https://i.ytimg.com/vi/doLJS0QCO6s/mqdefault.jpg",
        "youtubeVideoId": "doLJS0QCO6s",
        "uploadedDate": "2020-03-09T05:14:08Z",
        "viewCount": 0,
        "isCommercial": "False"
    },
    {
        "id": "c084750a-48e5-4fbb-b724-8b3cc39572ce",
        "title": "지방이 신상인형 총출동! 지방이빵과 먹보지방이가 미니로 나왔다.. 지금은 지방흡입시간 #333) 홍성오빠",
        "description": "** 매일 평일 오후 5시, 주말 및 공휴일 오후 2시 업로드 **\n인스타그램 ▶ https://www.instagram.com/hongseongobba/\n페이스북 ▶ https://www.facebook.com/hongseongobba/ \n카카오톡 ▶ 친구검색에서 '홍성오빠' 검색 후 친구추가\n\n소통하는 뽑기방송!! 많은 구독 및 좋아요 눌러주시면 매일 재미있는 뽑기영상 보실 수 있습니다!^^",
        "thumbnail": "https://i.ytimg.com/vi/VfCVOrPCU4I/mqdefault.jpg",
        "youtubeVideoId": "VfCVOrPCU4I",
        "uploadedDate": "2020-03-09T05:14:08Z",
        "viewCount": 0,
        "isCommercial": "False"
    },
    {
        "id": "927f7ba7-dfa2-445c-a5ed-29f71eeaf808",
        "title": "색색별 후드라이언 다 있다! 우주의 기운을 모아 집중해야만 잭팟을 터뜨릴 수 있는 후드라이언 인형뽑기 함께 보시죠 #334) 홍성오빠",
        "description": "** 매일 평일 오후 5시, 주말 및 공휴일 오후 2시 업로드 **\n인스타그램 ▶ https://www.instagram.com/hongseongobba/\n페이스북 ▶ https://www.facebook.com/hongseongobba/ \n카카오톡 ▶ 친구검색에서 '홍성오빠' 검색 후 친구추가\n\n소통하는 뽑기방송!! 많은 구독 및 좋아요 눌러주시면 매일 재미있는 뽑기영상 보실 수 있습니다!^^",
        "thumbnail": "https://i.ytimg.com/vi/6w_TQDKSvQ8/mqdefault.jpg",
        "youtubeVideoId": "6w_TQDKSvQ8",
        "uploadedDate": "2020-03-09T05:14:08Z",
        "viewCount": 0,
        "isCommercial": "False"
    },
    {
        "id": "a23ab96c-4e0b-47aa-8086-e1da16d03d48",
        "title": "산타와 루돌프가 된 후드라이언! 울지 않는 착한 홍성오빠에게 오늘 밤 선물을 주세요 #336) 홍성오빠",
        "description": "** 매일 평일 오후 5시, 주말 및 공휴일 오후 2시 업로드 **\n인스타그램 ▶ https://www.instagram.com/hongseongobba/\n페이스북 ▶ https://www.facebook.com/hongseongobba/ \n카카오톡 ▶ 친구검색에서 '홍성오빠' 검색 후 친구추가\n\n소통하는 뽑기방송!! 많은 구독 및 좋아요 눌러주시면 매일 재미있는 뽑기영상 보실 수 있습니다!^^",
        "thumbnail": "https://i.ytimg.com/vi/UDvI_YF07RA/mqdefault.jpg",
        "youtubeVideoId": "UDvI_YF07RA",
        "uploadedDate": "2020-03-09T05:14:25Z",
        "viewCount": 0,
        "isCommercial": "False"
    },
    {
        "id": "e60c45a8-e469-4492-9e36-32968464066e",
        "title": "에비츄 뽑기가 쉽지 않츄? 홍성오빠가 인정하는 역대급 난이도의 미니 에비츄 인형뽑기 #341) 홍성오빠",
        "description": "** 매일 평일 오후 5시, 주말 및 공휴일 오후 2시 업로드 **\n인스타그램 ▶ https://www.instagram.com/hongseongobba/\n페이스북 ▶ https://www.facebook.com/hongseongobba/ \n카카오톡 ▶ 친구검색에서 '홍성오빠' 검색 후 친구추가\n\n소통하는 뽑기방송!! 많은 구독 및 좋아요 눌러주시면 매일 재미있는 뽑기영상 보실 수 있습니다!^^",
        "thumbnail": "https://i.ytimg.com/vi/QUjU52JUzPs/mqdefault.jpg",
        "youtubeVideoId": "QUjU52JUzPs",
        "uploadedDate": "2020-03-09T05:15:22Z",
        "viewCount": 0,
        "isCommercial": "False"
    },
    {
        "id": "ce5d2794-ea39-4a25-b022-7dafae1ab62f",
        "title": "고니두욘몬 IN 홍성! 홍성오빠X고니두욘몬 특급 컬래버레이션 인형뽑기 배틀이 지금 시작됩니다 (Editing by 경자TV) #367) 홍성오빠",
        "description": "** 매일 평일 오후 5시, 주말 및 공휴일 오후 2시 업로드 **\n인스타그램 ▶ https://www.instagram.com/hongseongobba/\n페이스북 ▶ https://www.facebook.com/hongseongobba/ \n카카오톡 ▶ 친구검색에서 '홍성오빠' 검색 후 친구추가\n\n소통하는 뽑기방송!! 많은 구독 및 좋아요 눌러주시면 매일 재미있는 뽑기영상 보실 수 있습니다!^^",
        "thumbnail": "https://i.ytimg.com/vi/nBMHY_piDDw/mqdefault.jpg",
        "youtubeVideoId": "nBMHY_piDDw",
        "uploadedDate": "2020-03-09T05:17:23Z",
        "viewCount": 0,
        "isCommercial": "False"
    },
    {
        "id": "d46ffeed-c965-4144-b5b1-90d62c1c7c16",
        "title": "75cm 라이언 인형이 행운의 열쇠박스 속에 있다!? 스위트박스 프링글스 미니로 또 뽑기에 도전 #374) 홍성오빠",
        "description": "** 매일 평일 오후 5시, 주말 및 공휴일 오후 2시 업로드 **\n인스타그램 ▶ https://www.instagram.com/hongseongobba/\n페이스북 ▶ https://www.facebook.com/hongseongobba/ \n카카오톡 ▶ 친구검색에서 '홍성오빠' 검색 후 친구추가\n\n소통하는 뽑기방송!! 많은 구독 및 좋아요 눌러주시면 매일 재미있는 뽑기영상 보실 수 있습니다!^^",
        "thumbnail": "https://i.ytimg.com/vi/2SDnCYjEHAc/mqdefault.jpg",
        "youtubeVideoId": "2SDnCYjEHAc",
        "uploadedDate": "2020-03-09T05:17:51Z",
        "viewCount": 0,
        "isCommercial": "False"
    },
    {
        "id": "50538483-23b2-45f9-86f5-6fbf89cd54c7",
        "title": "전지현 핑크문어가 가방고리 인형이 됐다! 오랜만에 도전하는 스위트박스 밀판 인형뽑기.. 강추위가 야속해 #381) 홍성오빠",
        "description": "** 매일 평일 오후 5시, 주말 및 공휴일 오후 2시 업로드 **\n인스타그램 ▶ https://www.instagram.com/hongseongobba/\n페이스북 ▶ https://www.facebook.com/hongseongobba/ \n카카오톡 ▶ 친구검색에서 '홍성오빠' 검색 후 친구추가\n\n소통하는 뽑기방송!! 많은 구독 및 좋아요 눌러주시면 매일 재미있는 뽑기영상 보실 수 있습니다!^^",
        "thumbnail": "https://i.ytimg.com/vi/NxMVM4M0VPk/mqdefault.jpg",
        "youtubeVideoId": "NxMVM4M0VPk",
        "uploadedDate": "2020-03-09T05:18:32Z",
        "viewCount": 0,
        "isCommercial": "False"
    },
    {
        "id": "c7290cec-01c8-408a-a795-9fb17a075e6e",
        "title": "스위트박스 프링글스 기계로 프링글스 과자를 뽑아 먹자! 충남 서산 토이랜드 탐방기 #395) 홍성오빠",
        "description": "** 매일 평일 오후 5시, 주말 및 공휴일 오후 2시 업로드 **\n인스타그램 ▶ https://www.instagram.com/hongseongobba/\n페이스북 ▶ https://www.facebook.com/hongseongobba/ \n카카오톡 ▶ 친구검색에서 '홍성오빠' 검색 후 친구추가\n\n소통하는 뽑기방송!! 많은 구독 및 좋아요 눌러주시면 매일 재미있는 뽑기영상 보실 수 있습니다!^^",
        "thumbnail": "https://i.ytimg.com/vi/dH95k_58bb0/mqdefault.jpg",
        "youtubeVideoId": "dH95k_58bb0",
        "uploadedDate": "2020-03-09T05:19:58Z",
        "viewCount": 0,
        "isCommercial": "False"
    },
    {
        "id": "ae91f8f3-fb49-4b16-a115-ed7226574db6",
        "title": "멘토스에 행운의 열쇠박스가 무려 다섯개나 올라가 있다! 별이 다섯개급 상품을 기대하며 멘토스 인형뽑기 갑니다 #398) 홍성오빠",
        "description": "** 매일 평일 오후 5시, 주말 및 공휴일 오후 2시 업로드 **\n인스타그램 ▶ https://www.instagram.com/hongseongobba/\n페이스북 ▶ https://www.facebook.com/hongseongobba/ \n카카오톡 ▶ 친구검색에서 '홍성오빠' 검색 후 친구추가\n\n소통하는 뽑기방송!! 많은 구독 및 좋아요 눌러주시면 매일 재미있는 뽑기영상 보실 수 있습니다!^^",
        "thumbnail": "https://i.ytimg.com/vi/pvLGqAJK7wg/mqdefault.jpg",
        "youtubeVideoId": "pvLGqAJK7wg",
        "uploadedDate": "2020-03-09T05:20:53Z",
        "viewCount": 0,
        "isCommercial": "False"
    },
    {
        "id": "31a3bab5-e711-4656-8b07-87425ebed673",
        "title": "방송 1주년 기념! 푸른 바다의 주작 시즌2? 멘토스로 대형 정품 전지현 핑크문어 인형뽑기 #402) 홍성오빠",
        "description": "** 매일 평일 오후 5시, 주말 및 공휴일 오후 2시 업로드 **\n인스타그램 ▶ https://www.instagram.com/hongseongobba/\n페이스북 ▶ https://www.facebook.com/hongseongobba/ \n카카오톡 ▶ 친구검색에서 '홍성오빠' 검색 후 친구추가\n\n소통하는 뽑기방송!! 많은 구독 및 좋아요 눌러주시면 매일 재미있는 뽑기영상 보실 수 있습니다!^^",
        "thumbnail": "https://i.ytimg.com/vi/kYiUPjHi_ZE/mqdefault.jpg",
        "youtubeVideoId": "kYiUPjHi_ZE",
        "uploadedDate": "2020-03-09T05:20:53Z",
        "viewCount": 0,
        "isCommercial": "False"
    },
    {
        "id": "e270e6dd-8583-4942-8104-a761cd979e62",
        "title": "회전 회오리 진기명기 도라에몽쇼!? 인형만 많았던 지난 여름의 멘토스.. 거대 배틀 탱크의 운명은? #409) 홍성오빠",
        "description": "** 매일 평일 오후 5시, 주말 및 공휴일 오후 2시 업로드 **\n인스타그램 ▶ https://www.instagram.com/hongseongobba/\n페이스북 ▶ https://www.facebook.com/hongseongobba/ \n카카오톡 ▶ 친구검색에서 '홍성오빠' 검색 후 친구추가\n\n소통하는 뽑기방송!! 많은 구독 및 좋아요 눌러주시면 매일 재미있는 뽑기영상 보실 수 있습니다!^^",
        "thumbnail": "https://i.ytimg.com/vi/vQmnU_P--zg/mqdefault.jpg",
        "youtubeVideoId": "vQmnU_P--zg",
        "uploadedDate": "2020-03-09T05:21:34Z",
        "viewCount": 0,
        "isCommercial": "False"
    }
]