[
    {
        "id": "f9375041-da15-4fd0-b461-2b4cbf07b44f",
        "title": "❤️ 운전만 해",
        "description": "트위치 - https://www.twitch.tv/sooflower\n인스타그램 - https://www.instagram.com/soo_flower\n수게더 - https://tgd.kr/sooflower",
        "thumbnail": "https://i.ytimg.com/vi/GkTKsTG-DPs/mqdefault.jpg",
        "youtubeVideoId": "GkTKsTG-DPs",
        "uploadedDate": "2021-09-02T07:01:25Z",
        "viewCount": 4473,
        "isCommercial": "False"
    },
    {
        "id": "b51ec9ef-8473-4dcc-9ec4-168f8dbb5632",
        "title": "💗 하이힐",
        "description": "트위치 - https://www.twitch.tv/sooflower\n인스타그램 - https://www.instagram.com/soo_flower\n수게더 - https://tgd.kr/sooflower\n\n#하이힐",
        "thumbnail": "https://i.ytimg.com/vi/Q0LI_twRyz0/mqdefault.jpg",
        "youtubeVideoId": "Q0LI_twRyz0",
        "uploadedDate": "2021-09-02T09:04:08Z",
        "viewCount": 15938,
        "isCommercial": "False"
    },
    {
        "id": "a27f92c9-a93b-4af2-bd1d-2b095f148ea6",
        "title": "⭐끈적끈적 【COVER.수련】",
        "description": "트위치 - https://www.twitch.tv/sooflower\n인스타그램 - https://www.instagram.com/soo_flower\n수게더 - https://tgd.kr/sooflower\n\n#헬로비너스",
        "thumbnail": "https://i.ytimg.com/vi/Mk1VRpRS0cc/mqdefault.jpg",
        "youtubeVideoId": "Mk1VRpRS0cc",
        "uploadedDate": "2021-09-02T09:04:08Z",
        "viewCount": 31802,
        "isCommercial": "False"
    },
    {
        "id": "eaf48ecc-af40-41f7-93ba-a67fa2efb859",
        "title": "[4K] 에이셉 내 빵쪼가리 냥냥펀치",
        "description": "트위치 - https://www.twitch.tv/sooflower\n인스타그램 - https://www.instagram.com/soo_flower\n수게더 - https://tgd.kr/sooflower\n\n#ASAP #직캠 #4K",
        "thumbnail": "https://i.ytimg.com/vi/CfBl7LcWuK4/mqdefault.jpg",
        "youtubeVideoId": "CfBl7LcWuK4",
        "uploadedDate": "2021-09-02T09:04:08Z",
        "viewCount": 27235,
        "isCommercial": "False"
    },
    {
        "id": "5e3a061c-bcf5-47f4-8889-42a3f317f98b",
        "title": "사장님 몰래 공개하는 4k 직캠",
        "description": "트위치 - https://www.twitch.tv/sooflower\n인스타그램 - https://www.instagram.com/soo_flower\n수게더 - https://tgd.kr/sooflower\n\n#넥스트레벨 #nextLevel #춤연습",
        "thumbnail": "https://i.ytimg.com/vi/8jRwursarLw/mqdefault.jpg",
        "youtubeVideoId": "8jRwursarLw",
        "uploadedDate": "2021-09-02T09:04:08Z",
        "viewCount": 30908,
        "isCommercial": "False"
    },
    {
        "id": "a08cd524-0bca-4667-940b-85393ffba6da",
        "title": "숙녀 (cover. 수련)",
        "description": "트위치 - https://www.twitch.tv/sooflower\n인스타그램 - https://www.instagram.com/soo_flower\n수게더 - https://tgd.kr/sooflower\n\n#유빈",
        "thumbnail": "https://i.ytimg.com/vi/s5uZpeDuYX0/mqdefault.jpg",
        "youtubeVideoId": "s5uZpeDuYX0",
        "uploadedDate": "2021-09-02T09:04:08Z",
        "viewCount": 26024,
        "isCommercial": "False"
    },
    {
        "id": "4a7cab15-4024-4e50-a24d-d406c9fd9365",
        "title": "던던 댄스 (cover.수련)",
        "description": "트위치 - https://www.twitch.tv/sooflower\n인스타그램 - https://www.instagram.com/soo_flower\n수게더 - https://tgd.kr/sooflower\n\n#오마이걸",
        "thumbnail": "https://i.ytimg.com/vi/BVBOBmF3c70/mqdefault.jpg",
        "youtubeVideoId": "BVBOBmF3c70",
        "uploadedDate": "2021-09-02T09:04:08Z",
        "viewCount": 16420,
        "isCommercial": "False"
    },
    {
        "id": "96b56041-40a7-4f1c-8547-66ddcd1b309e",
        "title": "오토바이 타는 모나",
        "description": "트위치 - https://www.twitch.tv/sooflower\n인스타그램 - https://www.instagram.com/soo_flower\n수게더 - https://tgd.kr/sooflower\n\n#원신 #모나 #shorts",
        "thumbnail": "https://i.ytimg.com/vi/mVIW38SFIX4/mqdefault.jpg",
        "youtubeVideoId": "mVIW38SFIX4",
        "uploadedDate": "2021-09-02T09:04:08Z",
        "viewCount": 20005,
        "isCommercial": "False"
    },
    {
        "id": "3fad66ed-b5d4-4b21-8bf8-6f64156a20bb",
        "title": "[4K] 바니걸 련토바이",
        "description": "트위치 - https://www.twitch.tv/sooflower\n인스타그램 - https://www.instagram.com/soo_flower\n수게더 - https://tgd.kr/sooflower\n\n#오토바이댄스",
        "thumbnail": "https://i.ytimg.com/vi/5HhRNQMYfbg/mqdefault.jpg",
        "youtubeVideoId": "5HhRNQMYfbg",
        "uploadedDate": "2021-09-02T09:04:08Z",
        "viewCount": 24416,
        "isCommercial": "False"
    },
    {
        "id": "6da3ebe6-97f2-4982-8995-6974d4ac67b1",
        "title": "🎈 넘어 (cover.수련)",
        "description": "트위치 - https://www.twitch.tv/sooflower\n인스타그램 - https://www.instagram.com/soo_flower\n수게더 - https://tgd.kr/sooflower",
        "thumbnail": "https://i.ytimg.com/vi/N06Wp30mWuU/mqdefault.jpg",
        "youtubeVideoId": "N06Wp30mWuU",
        "uploadedDate": "2021-09-02T09:04:08Z",
        "viewCount": 17828,
        "isCommercial": "False"
    },
    {
        "id": "bf515a68-884a-40d1-8510-16bb636d1fc1",
        "title": "❤️ 운전만 해",
        "description": "트위치 - https://www.twitch.tv/sooflower\n인스타그램 - https://www.instagram.com/soo_flower\n수게더 - https://tgd.kr/sooflower",
        "thumbnail": "https://i.ytimg.com/vi/GkTKsTG-DPs/mqdefault.jpg",
        "youtubeVideoId": "GkTKsTG-DPs",
        "uploadedDate": "2021-09-02T09:04:08Z",
        "viewCount": 4473,
        "isCommercial": "False"
    },
    {
        "id": "4081c1bc-e43f-4502-b82d-5485f8238709",
        "title": "웅장한 제로투",
        "description": "좋아요 눌러주시면 감사해요!\n#shorts",
        "thumbnail": "https://i.ytimg.com/vi/rs4taGLSvM4/mqdefault.jpg",
        "youtubeVideoId": "rs4taGLSvM4",
        "uploadedDate": "2021-09-02T09:04:08Z",
        "viewCount": 28853,
        "isCommercial": "False"
    },
    {
        "id": "071ec081-1aa8-477d-b1d7-9130b89c4b37",
        "title": "☕ 라라리라라",
        "description": "트위치 - https://www.twitch.tv/sooflower\n인스타그램 - https://www.instagram.com/soo_flower\n수게더 - https://tgd.kr/sooflower",
        "thumbnail": "https://i.ytimg.com/vi/RZga1nkUXsM/mqdefault.jpg",
        "youtubeVideoId": "RZga1nkUXsM",
        "uploadedDate": "2021-09-02T09:04:08Z",
        "viewCount": 9017,
        "isCommercial": "False"
    },
    {
        "id": "de81b11c-917b-463b-9c71-65c3e5f6c888",
        "title": "💕 비밀정원",
        "description": "트위치 - https://www.twitch.tv/sooflower\n인스타그램 - https://www.instagram.com/soo_flower\n수게더 - https://tgd.kr/sooflower",
        "thumbnail": "https://i.ytimg.com/vi/et9ixUVRpTA/mqdefault.jpg",
        "youtubeVideoId": "et9ixUVRpTA",
        "uploadedDate": "2021-09-02T09:04:08Z",
        "viewCount": 25912,
        "isCommercial": "False"
    },
    {
        "id": "29d8ccf5-b434-47f2-9a60-6d6a58495530",
        "title": "시선이 저절로 가는 영상2",
        "description": "트위치 - https://www.twitch.tv/sooflower\n인스타그램 - https://www.instagram.com/soo_flower\n수게더 - https://tgd.kr/sooflower\n\n#제로투",
        "thumbnail": "https://i.ytimg.com/vi/K3ZdXC9HkQ4/mqdefault.jpg",
        "youtubeVideoId": "K3ZdXC9HkQ4",
        "uploadedDate": "2021-09-02T09:04:08Z",
        "viewCount": 40184,
        "isCommercial": "False"
    },
    {
        "id": "30166b98-5837-45b1-b823-fcf767ec7fa0",
        "title": "✨넥스트 레벨 【COVER.수련】",
        "description": "트위치 - https://www.twitch.tv/sooflower\n인스타그램 - https://www.instagram.com/soo_flower\n수게더 - https://tgd.kr/sooflower\n\n#에스파 #넥스트레벨",
        "thumbnail": "https://i.ytimg.com/vi/fkSCXnpxeYc/mqdefault.jpg",
        "youtubeVideoId": "fkSCXnpxeYc",
        "uploadedDate": "2021-09-02T09:04:08Z",
        "viewCount": 16925,
        "isCommercial": "False"
    },
    {
        "id": "ac5ffaa4-14fe-4472-ad2d-c4746d4f358d",
        "title": "여름이었다..",
        "description": "트위치 - https://www.twitch.tv/sooflower\n인스타그램 - https://www.instagram.com/soo_flower\n수게더 - https://tgd.kr/sooflower\n\n#썸머타임 #Summertime #サマータイム",
        "thumbnail": "https://i.ytimg.com/vi/22FwO1zX7ho/mqdefault.jpg",
        "youtubeVideoId": "22FwO1zX7ho",
        "uploadedDate": "2021-09-02T09:04:08Z",
        "viewCount": 8636,
        "isCommercial": "False"
    },
    {
        "id": "34941f65-96aa-4a8d-a5d8-aea70b107408",
        "title": "이것이 미시룩 제로투? #shorts",
        "description": "트위치 - https://www.twitch.tv/sooflower\n인스타그램 - https://www.instagram.com/soo_flower\n수게더 - https://tgd.kr/sooflower",
        "thumbnail": "https://i.ytimg.com/vi/hJ8m0uOlUAA/mqdefault.jpg",
        "youtubeVideoId": "hJ8m0uOlUAA",
        "uploadedDate": "2021-09-02T09:05:03Z",
        "viewCount": 11973,
        "isCommercial": "False"
    },
    {
        "id": "dad10da8-2a97-4ba3-bbfb-321c40d8cb36",
        "title": "제로투 제일 잘 추는 사람",
        "description": "트위치 - https://www.twitch.tv/sooflower\n인스타그램 - https://www.instagram.com/soo_flower\n수게더 - https://tgd.kr/sooflower\n\n#zerotwodance",
        "thumbnail": "https://i.ytimg.com/vi/TyV_sZf6_mI/mqdefault.jpg",
        "youtubeVideoId": "TyV_sZf6_mI",
        "uploadedDate": "2021-09-02T09:05:03Z",
        "viewCount": 23589,
        "isCommercial": "False"
    },
    {
        "id": "bc1131af-8170-45f1-a130-019d4bc682d7",
        "title": "시선이 저절로 가는 영상",
        "description": "트위치 - https://www.twitch.tv/sooflower\n인스타그램 - https://www.instagram.com/soo_flower\n수게더 - https://tgd.kr/sooflower\n\n#제로투",
        "thumbnail": "https://i.ytimg.com/vi/mXGy1lovpTM/mqdefault.jpg",
        "youtubeVideoId": "mXGy1lovpTM",
        "uploadedDate": "2021-09-02T09:05:03Z",
        "viewCount": 41744,
        "isCommercial": "False"
    },
    {
        "id": "5eecb529-b03f-4e4a-b71b-3296e91112be",
        "title": "꾹꾹이춤은 커여워",
        "description": "트위치 - https://www.twitch.tv/sooflower\n인스타그램 - https://www.instagram.com/soo_flower\n수게더 - https://tgd.kr/sooflower\n\n#STAYC #ASAP",
        "thumbnail": "https://i.ytimg.com/vi/g41b118Ni1I/mqdefault.jpg",
        "youtubeVideoId": "g41b118Ni1I",
        "uploadedDate": "2021-09-02T09:05:03Z",
        "viewCount": 37064,
        "isCommercial": "False"
    },
    {
        "id": "953b004a-27eb-48f4-adec-09a06331bb4e",
        "title": "【DANCE】｜까탈레나 교차편집[수련수련]",
        "description": "트위치 - https://www.twitch.tv/sooflower\n인스타그램 - https://www.instagram.com/soo_flower\n수게더 - https://tgd.kr/sooflower\n\n#오렌지카라멜",
        "thumbnail": "https://i.ytimg.com/vi/U9MS95cnk_Q/mqdefault.jpg",
        "youtubeVideoId": "U9MS95cnk_Q",
        "uploadedDate": "2021-09-02T09:05:03Z",
        "viewCount": 15803,
        "isCommercial": "False"
    },
    {
        "id": "872a57ca-ce5f-4584-b915-54121ce8fa49",
        "title": "【DANCE】｜45초로 뭘 할 수 있지?",
        "description": "트위치 - https://www.twitch.tv/sooflower\n인스타그램 - https://www.instagram.com/soo_flower\n수게더 - https://tgd.kr/sooflower\n\n#踊ってみた #45秒",
        "thumbnail": "https://i.ytimg.com/vi/vmWRsRh6SQA/mqdefault.jpg",
        "youtubeVideoId": "vmWRsRh6SQA",
        "uploadedDate": "2021-09-02T09:05:03Z",
        "viewCount": 25432,
        "isCommercial": "False"
    },
    {
        "id": "11936792-971e-4d0e-b0cc-3ccaf8eae3c6",
        "title": "45초 제로투",
        "description": "트위치 - https://www.twitch.tv/sooflower\n인스타그램 - https://www.instagram.com/soo_flower\n수게더 - https://tgd.kr/sooflower\n\n\"본 영상은 수익을 창출하지 않습니다\"\n\nゼロツー | めい pixiv https://www.pixiv.net/artworks/67134830",
        "thumbnail": "https://i.ytimg.com/vi/4YpHBbl3U0I/mqdefault.jpg",
        "youtubeVideoId": "4YpHBbl3U0I",
        "uploadedDate": "2021-09-02T09:05:03Z",
        "viewCount": 56189,
        "isCommercial": "False"
    },
    {
        "id": "a3a26612-622b-4e17-94b0-a665339b53a3",
        "title": "[교차편집] 러시안 룰렛 하지 않을래?",
        "description": "트위치 - https://www.twitch.tv/sooflower\n인스타그램 - https://www.instagram.com/soo_flower\n수게더 - https://tgd.kr/sooflower\n\n#러시안룰렛",
        "thumbnail": "https://i.ytimg.com/vi/JbeiV1-Mksw/mqdefault.jpg",
        "youtubeVideoId": "JbeiV1-Mksw",
        "uploadedDate": "2021-09-02T09:05:03Z",
        "viewCount": 17639,
        "isCommercial": "False"
    },
    {
        "id": "9185c547-7c70-4cdd-8285-ad770f08a4ae",
        "title": "편집자가 겨폭입니다만, 문제라도?",
        "description": "트위치 - https://www.twitch.tv/sooflower\n인스타그램 - https://www.instagram.com/soo_flower\n수게더 - https://tgd.kr/sooflower\n\n#블랙맘바",
        "thumbnail": "https://i.ytimg.com/vi/sA1yQe4enhM/mqdefault.jpg",
        "youtubeVideoId": "sA1yQe4enhM",
        "uploadedDate": "2021-09-02T09:05:03Z",
        "viewCount": 42492,
        "isCommercial": "False"
    },
    {
        "id": "d1ec804c-230f-4725-b0b6-0b0a56b76521",
        "title": "이것이 미시룩 제로투? #shorts",
        "description": "트위치 - https://www.twitch.tv/sooflower\n인스타그램 - https://www.instagram.com/soo_flower\n수게더 - https://tgd.kr/sooflower",
        "thumbnail": "https://i.ytimg.com/vi/hJ8m0uOlUAA/mqdefault.jpg",
        "youtubeVideoId": "hJ8m0uOlUAA",
        "uploadedDate": "2021-09-02T09:05:30Z",
        "viewCount": 11973,
        "isCommercial": "False"
    },
    {
        "id": "70bae3d1-d88d-412c-bba0-5d2f0b1d1838",
        "title": "제로투 제일 잘 추는 사람",
        "description": "트위치 - https://www.twitch.tv/sooflower\n인스타그램 - https://www.instagram.com/soo_flower\n수게더 - https://tgd.kr/sooflower\n\n#zerotwodance",
        "thumbnail": "https://i.ytimg.com/vi/TyV_sZf6_mI/mqdefault.jpg",
        "youtubeVideoId": "TyV_sZf6_mI",
        "uploadedDate": "2021-09-02T09:05:30Z",
        "viewCount": 23589,
        "isCommercial": "False"
    },
    {
        "id": "9db80361-6df6-46b3-8957-8380521fd33b",
        "title": "시선이 저절로 가는 영상",
        "description": "트위치 - https://www.twitch.tv/sooflower\n인스타그램 - https://www.instagram.com/soo_flower\n수게더 - https://tgd.kr/sooflower\n\n#제로투",
        "thumbnail": "https://i.ytimg.com/vi/mXGy1lovpTM/mqdefault.jpg",
        "youtubeVideoId": "mXGy1lovpTM",
        "uploadedDate": "2021-09-02T09:05:30Z",
        "viewCount": 41744,
        "isCommercial": "False"
    },
    {
        "id": "8dc192d0-1211-43d4-977f-6581162dbfe0",
        "title": "꾹꾹이춤은 커여워",
        "description": "트위치 - https://www.twitch.tv/sooflower\n인스타그램 - https://www.instagram.com/soo_flower\n수게더 - https://tgd.kr/sooflower\n\n#STAYC #ASAP",
        "thumbnail": "https://i.ytimg.com/vi/g41b118Ni1I/mqdefault.jpg",
        "youtubeVideoId": "g41b118Ni1I",
        "uploadedDate": "2021-09-02T09:05:30Z",
        "viewCount": 37064,
        "isCommercial": "False"
    },
    {
        "id": "b73b141f-3524-41eb-a828-263a4674404c",
        "title": "【DANCE】｜까탈레나 교차편집[수련수련]",
        "description": "트위치 - https://www.twitch.tv/sooflower\n인스타그램 - https://www.instagram.com/soo_flower\n수게더 - https://tgd.kr/sooflower\n\n#오렌지카라멜",
        "thumbnail": "https://i.ytimg.com/vi/U9MS95cnk_Q/mqdefault.jpg",
        "youtubeVideoId": "U9MS95cnk_Q",
        "uploadedDate": "2021-09-02T09:05:30Z",
        "viewCount": 15803,
        "isCommercial": "False"
    },
    {
        "id": "61afa442-2c4c-4c66-a0b7-730e5ede9c67",
        "title": "【DANCE】｜45초로 뭘 할 수 있지?",
        "description": "트위치 - https://www.twitch.tv/sooflower\n인스타그램 - https://www.instagram.com/soo_flower\n수게더 - https://tgd.kr/sooflower\n\n#踊ってみた #45秒",
        "thumbnail": "https://i.ytimg.com/vi/vmWRsRh6SQA/mqdefault.jpg",
        "youtubeVideoId": "vmWRsRh6SQA",
        "uploadedDate": "2021-09-02T09:05:30Z",
        "viewCount": 25432,
        "isCommercial": "False"
    },
    {
        "id": "f5b4810c-9396-4bb0-bff3-d61ab8c99866",
        "title": "45초 제로투",
        "description": "트위치 - https://www.twitch.tv/sooflower\n인스타그램 - https://www.instagram.com/soo_flower\n수게더 - https://tgd.kr/sooflower\n\n\"본 영상은 수익을 창출하지 않습니다\"\n\nゼロツー | めい pixiv https://www.pixiv.net/artworks/67134830",
        "thumbnail": "https://i.ytimg.com/vi/4YpHBbl3U0I/mqdefault.jpg",
        "youtubeVideoId": "4YpHBbl3U0I",
        "uploadedDate": "2021-09-02T09:05:30Z",
        "viewCount": 56189,
        "isCommercial": "False"
    },
    {
        "id": "64efc461-a195-457c-80ac-b4bdc55473aa",
        "title": "[교차편집] 러시안 룰렛 하지 않을래?",
        "description": "트위치 - https://www.twitch.tv/sooflower\n인스타그램 - https://www.instagram.com/soo_flower\n수게더 - https://tgd.kr/sooflower\n\n#러시안룰렛",
        "thumbnail": "https://i.ytimg.com/vi/JbeiV1-Mksw/mqdefault.jpg",
        "youtubeVideoId": "JbeiV1-Mksw",
        "uploadedDate": "2021-09-02T09:05:30Z",
        "viewCount": 17639,
        "isCommercial": "False"
    },
    {
        "id": "b46ad5c1-6f1f-45e8-a582-7c47667352f8",
        "title": "편집자가 겨폭입니다만, 문제라도?",
        "description": "트위치 - https://www.twitch.tv/sooflower\n인스타그램 - https://www.instagram.com/soo_flower\n수게더 - https://tgd.kr/sooflower\n\n#블랙맘바",
        "thumbnail": "https://i.ytimg.com/vi/sA1yQe4enhM/mqdefault.jpg",
        "youtubeVideoId": "sA1yQe4enhM",
        "uploadedDate": "2021-09-02T09:05:30Z",
        "viewCount": 42492,
        "isCommercial": "False"
    },
    {
        "id": "2d10522e-49e4-41ec-95a7-3c45a93b3425",
        "title": "채찍으로 시청자의 마음을 앗아가는 춤",
        "description": "트위치 - https://www.twitch.tv/sooflower\n인스타그램 - https://www.instagram.com/soo_flower\n수게더 - https://tgd.kr/sooflower\n\n#차차",
        "thumbnail": "https://i.ytimg.com/vi/jSfVtM15Ngo/mqdefault.jpg",
        "youtubeVideoId": "jSfVtM15Ngo",
        "uploadedDate": "2021-09-02T09:05:30Z",
        "viewCount": 38804,
        "isCommercial": "False"
    },
    {
        "id": "6cef4a36-ae46-4bde-8177-b4bd90b20fee",
        "title": "군대에서 한 번은 보는 춤",
        "description": "트위치 - https://www.twitch.tv/sooflower\n인스타그램 - https://www.instagram.com/soo_flower\n수게더 - https://tgd.kr/sooflower\n\n#롤린 #브레이브걸스 #Rollin",
        "thumbnail": "https://i.ytimg.com/vi/7uz86v4rT7U/mqdefault.jpg",
        "youtubeVideoId": "7uz86v4rT7U",
        "uploadedDate": "2021-09-02T09:05:30Z",
        "viewCount": 54458,
        "isCommercial": "False"
    },
    {
        "id": "0457fecd-0a93-428a-9586-ce2f7cfdd52d",
        "title": "산타걸이  추는 디스코",
        "description": "트위치 - https://www.twitch.tv/sooflower\n인스타그램 - https://www.instagram.com/soo_flower\n수게더 - https://tgd.kr/sooflower",
        "thumbnail": "https://i.ytimg.com/vi/H1hrAAbgp0o/mqdefault.jpg",
        "youtubeVideoId": "H1hrAAbgp0o",
        "uploadedDate": "2021-09-02T09:05:30Z",
        "viewCount": 38660,
        "isCommercial": "False"
    },
    {
        "id": "abdf8e22-4a0d-4669-b5a5-7c2b999ea4d7",
        "title": "겨드랑이가 너무 잘보이는 춤",
        "description": "트위치 - https://www.twitch.tv/sooflower\n인스타그램 - https://www.instagram.com/soo_flower\n수게더 - https://tgd.kr/sooflower\n\n#레인보우 #whoo #교차편집",
        "thumbnail": "https://i.ytimg.com/vi/OHnD_oliIq4/mqdefault.jpg",
        "youtubeVideoId": "OHnD_oliIq4",
        "uploadedDate": "2021-09-02T09:05:30Z",
        "viewCount": 75342,
        "isCommercial": "False"
    },
    {
        "id": "df0276f1-7d8b-4394-8093-f11471404fe8",
        "title": "겨드랑이 빌런 집합!",
        "description": "트위치 - https://www.twitch.tv/sooflower\n인스타그램 - https://www.instagram.com/soo_flower\n수게더 - https://tgd.kr/sooflower\n\n#춤모음 #하이라이트\n\n0:00 EXID - 덜덜덜\n1:32 레인보우 블랙 - 차차\n3:23 에스파- 블랙맘바\n4:21 딸기우유 - OK\n5:40 박명수, 딘딘(DinDin), 대니 정 - 색소폰매직\n6:56 브레이브걸스 - 롤린\n8:20 썸머타임",
        "thumbnail": "https://i.ytimg.com/vi/FHDf1Hu389I/mqdefault.jpg",
        "youtubeVideoId": "FHDf1Hu389I",
        "uploadedDate": "2021-09-02T09:05:30Z",
        "viewCount": 87855,
        "isCommercial": "False"
    },
    {
        "id": "5e6fd212-d836-4933-864e-e2c9c0feb1d5",
        "title": "련월킹으로 시청자 참교육",
        "description": "트위치 - https://www.twitch.tv/sooflower\n인스타그램 - https://www.instagram.com/soo_flower\n수게더 - https://tgd.kr/sooflower\n\n#헬로비너스 #위글위글",
        "thumbnail": "https://i.ytimg.com/vi/K9fcac2lSAk/mqdefault.jpg",
        "youtubeVideoId": "K9fcac2lSAk",
        "uploadedDate": "2021-09-02T09:07:00Z",
        "viewCount": 51396,
        "isCommercial": "False"
    },
    {
        "id": "626184ff-f79e-4153-b3dc-0271587001f2",
        "title": "골반 튕기기 보고 개꿀잠자기",
        "description": "트위치 - https://www.twitch.tv/sooflower\n인스타그램 - https://www.instagram.com/soo_flower\n수게더 - https://tgd.kr/sooflower",
        "thumbnail": "https://i.ytimg.com/vi/6jKjSdOP8mw/mqdefault.jpg",
        "youtubeVideoId": "6jKjSdOP8mw",
        "uploadedDate": "2021-09-02T09:07:00Z",
        "viewCount": 52454,
        "isCommercial": "False"
    },
    {
        "id": "4b32bf9b-bfb7-42c8-8466-e7ef8b6d0ba1",
        "title": "징글벨 울리러 가는 산타걸",
        "description": "트위치 - https://www.twitch.tv/sooflower\n인스타그램 - https://www.instagram.com/soo_flower\n수게더 - https://tgd.kr/sooflower\n\n#크리스마스\n\n0:00 위글위글\n1:35 마리아\n2:53 라라리라라\n4:12 하이힐\n5:24 나는 토끼에용 \n7:12 19금 루돌프",
        "thumbnail": "https://i.ytimg.com/vi/q9-tkv8Bx7s/mqdefault.jpg",
        "youtubeVideoId": "q9-tkv8Bx7s",
        "uploadedDate": "2021-09-02T09:07:00Z",
        "viewCount": 33080,
        "isCommercial": "False"
    },
    {
        "id": "be749f61-2a9c-4cb4-b0e1-3e49f67aef4b",
        "title": "ㅅㅅ여캠의 ㅅㅅ폰매직",
        "description": "트위치 - https://www.twitch.tv/sooflower\n인스타그램 - https://www.instagram.com/soo_flower\n수게더 - https://tgd.kr/sooflower",
        "thumbnail": "https://i.ytimg.com/vi/jPBVXANFzL0/mqdefault.jpg",
        "youtubeVideoId": "jPBVXANFzL0",
        "uploadedDate": "2021-09-02T09:07:00Z",
        "viewCount": 59501,
        "isCommercial": "False"
    },
    {
        "id": "161d44c0-38f8-4275-83bf-4ee5dc6885e3",
        "title": "[사쿠란보]그러니까 내가 누군가를 좋아한다는 사실이 그 사람에게는 상처가 될 수도 있잖아요..",
        "description": "트위치 - https://www.twitch.tv/sooflower\n인스타그램 - https://www.instagram.com/soo_flower\n수게더 - https://tgd.kr/sooflower\n\nSong Title : さくらんぼ(사쿠란보)\nArtist : 오오츠카 아이 (おおつか あい | Otsuka Ai)\ndance : 김준수님과 안무팀 (참고영상 링크 첨부)\nhttps://www.youtube.com/watch?v=jGgAu...\n\n#사쿠란보",
        "thumbnail": "https://i.ytimg.com/vi/3zVoCifqK84/mqdefault.jpg",
        "youtubeVideoId": "3zVoCifqK84",
        "uploadedDate": "2021-09-02T09:07:00Z",
        "viewCount": 0,
        "isCommercial": "False"
    },
    {
        "id": "baee4a61-0701-4af5-a3ab-62eade45859c",
        "title": "바나나 좋아하는 여자",
        "description": "트위치 - https://www.twitch.tv/sooflower\n인스타그램 - https://www.instagram.com/soo_flower\n수게더 - https://tgd.kr/sooflower\n\n#바나나알러지원숭이",
        "thumbnail": "https://i.ytimg.com/vi/lWnc1L1l4ws/mqdefault.jpg",
        "youtubeVideoId": "lWnc1L1l4ws",
        "uploadedDate": "2021-09-02T09:07:00Z",
        "viewCount": 0,
        "isCommercial": "False"
    },
    {
        "id": "68dc01c8-9b11-4677-8962-c87f0c0dfa99",
        "title": "굿나잇키스로 트수들 기강 잡기 [교차편집]",
        "description": "트위치 - https://www.twitch.tv/sooflower\n인스타그램 - https://www.instagram.com/soo_flower\n수게더 - https://tgd.kr/sooflower\n\n#굿나잇키스",
        "thumbnail": "https://i.ytimg.com/vi/_resiy9YP10/mqdefault.jpg",
        "youtubeVideoId": "_resiy9YP10",
        "uploadedDate": "2021-09-02T09:08:38Z",
        "viewCount": 0,
        "isCommercial": "False"
    },
    {
        "id": "7f9705f7-ad52-49fd-90db-45a50bec7133",
        "title": "트위치 여캠 1선발녀의 우마우마 (Caramelldansen DANCE COVER)",
        "description": "트위치 - https://www.twitch.tv/sooflower\n인스타그램 - https://www.instagram.com/soo_flower\n수게더 - https://tgd.kr/sooflower\n\n#우마우마",
        "thumbnail": "https://i.ytimg.com/vi/BQ6Jxv67tIM/mqdefault.jpg",
        "youtubeVideoId": "BQ6Jxv67tIM",
        "uploadedDate": "2021-09-02T09:08:38Z",
        "viewCount": 0,
        "isCommercial": "False"
    },
    {
        "id": "84b2d9a7-d522-4f49-961d-a3cefec041d2",
        "title": "여캠 국룰 리액션 해보았습니다",
        "description": "트위치 - https://www.twitch.tv/sooflower\n인스타그램 - https://www.instagram.com/soo_flower\n수게더 - https://tgd.kr/sooflower\n\n#롤린 #브레이브걸스",
        "thumbnail": "https://i.ytimg.com/vi/a239YcOMnaw/mqdefault.jpg",
        "youtubeVideoId": "a239YcOMnaw",
        "uploadedDate": "2021-09-02T09:08:38Z",
        "viewCount": 0,
        "isCommercial": "False"
    },
    {
        "id": "6f8d9bdc-745c-4ff2-9efa-10d3ebc04b3e",
        "title": "밤에 보면 안되는 영상",
        "description": "트위치 - https://www.twitch.tv/sooflower\n인스타그램 - https://www.instagram.com/soo_flower\n수게더 - https://tgd.kr/sooflower\n\n#춤모음\n\n0:00 루돌프\n1:38 트와이스 - yes or yes\n 3:23 레드벨뱃 - 러시안룰렛\n4:32 바나나차차\n5:33 시크릿 - 포이즌 \n7:11 모모랜드 - 뿜뿜\n8:54 씨스타 - 나혼자\n10:34 스텔라 - 떨려요\n12:03 크레용팝(초아,웨이) - OK\n13:42 브라운아이드걸스 - 아브라카다브라\n14:56 지연 - 1분1초",
        "thumbnail": "https://i.ytimg.com/vi/gAnaV_sLx8w/mqdefault.jpg",
        "youtubeVideoId": "gAnaV_sLx8w",
        "uploadedDate": "2021-09-02T09:08:38Z",
        "viewCount": 0,
        "isCommercial": "False"
    }
]