[
    {
        "id": "e1b29b38-6049-44b6-866c-880aa5ac5d0f",
        "title": "제 아들 여친 구합니다!!",
        "description": "12월 9일 자정까지 받고 10일에 발표할거야!",
        "thumbnail": "https://i.ytimg.com/vi/lkdGw8n6gTU/mqdefault.jpg",
        "youtubeVideoId": "lkdGw8n6gTU",
        "uploadedDate": "2022-02-21T11:26:57Z",
        "viewCount": 288461,
        "isCommercial": "False"
    },
    {
        "id": "801324b3-5230-4c30-b40c-464d3b01a9ea",
        "title": "내 아들 우결 공모전 1부",
        "description": "많은 참가 감사",
        "thumbnail": "https://i.ytimg.com/vi/i7xRLD5e9Vk/mqdefault.jpg",
        "youtubeVideoId": "i7xRLD5e9Vk",
        "uploadedDate": "2022-02-21T11:27:18Z",
        "viewCount": 121461,
        "isCommercial": "False"
    },
    {
        "id": "1e1afa8a-aa6f-4dea-98d1-9ae2f98254cd",
        "title": "와 미쳤다 아들 우결 개 떡상이다",
        "description": "하하하",
        "thumbnail": "https://i.ytimg.com/vi/X2kpND9rcLw/mqdefault.jpg",
        "youtubeVideoId": "X2kpND9rcLw",
        "uploadedDate": "2022-02-21T11:27:39Z",
        "viewCount": 304853,
        "isCommercial": "False"
    },
    {
        "id": "a8d43c9b-dee5-4bb4-a069-be30e8a4d9d5",
        "title": "아들 우결의 순탄(?)한 시작",
        "description": "와우 mib신인 수연씨를 보려면 구글에 mib19를 검색 하시믄 댑니당! 참 가격은 영상 편당 1980원이라고 정정 말씀 드려여",
        "thumbnail": "https://i.ytimg.com/vi/axG8ulNPgD0/mqdefault.jpg",
        "youtubeVideoId": "axG8ulNPgD0",
        "uploadedDate": "2022-02-21T11:27:49Z",
        "viewCount": 409415,
        "isCommercial": "False"
    },
    {
        "id": "88916804-0026-41b4-9eeb-37c492ada049",
        "title": "아이고 내 방송 망한다 아이고",
        "description": "허허 녀석\n-----------------------\n구글에 'mib19'를 검색 하시면 나와융!!",
        "thumbnail": "https://i.ytimg.com/vi/ZU3vtoj1mP8/mqdefault.jpg",
        "youtubeVideoId": "ZU3vtoj1mP8",
        "uploadedDate": "2022-02-21T11:27:56Z",
        "viewCount": 220180,
        "isCommercial": "False"
    },
    {
        "id": "8d904a84-5898-4f87-985b-92cd86700d81",
        "title": "우결 시켜줘도 짜증을 내냐 넌",
        "description": "트위치 스트리머 도유밀님께 다시 한 번 감사 인사를 드립니다~!",
        "thumbnail": "https://i.ytimg.com/vi/-xoZe6DzEDc/mqdefault.jpg",
        "youtubeVideoId": "-xoZe6DzEDc",
        "uploadedDate": "2022-02-21T11:28:10Z",
        "viewCount": 130231,
        "isCommercial": "False"
    }
]