[
    {
        "id": "4954f0a8-c63a-449c-81e8-e95187c3e957",
        "title": "겨우디 한갱 마젠타 방송 끝나고 ㅗㅜㅑ...",
        "description": "젠타의 생방송을 보고싶다면 트위치로!\n마젠타 트위치 채널: https://www.twitch.tv/magenta62\n젠타 구독해주기! (*ฅ́˘ฅ̀*)♡: https://bit.ly/2vb9Mp4\n\n마젠타 인스타그램: https://www.instagram.com/magenta_6262\n\n마젠타 팬카페: https://cafe.naver.com/magentacafe\n\n매일 방송시간 팬카페 공지!\n\n광고문의 : biz@pixelnetwork.co.kr\n\n------------------------------------------\n#겨우디 #한갱 #마젠타\n------------------------------------------\n\nbyㄱㅎ\n\nBGM Info:",
        "thumbnail": "https://i.ytimg.com/vi/tZb8-fbrwkE/mqdefault.jpg",
        "youtubeVideoId": "tZb8-fbrwkE",
        "uploadedDate": "2022-09-02T12:06:32Z",
        "viewCount": 28199,
        "isCommercial": "False"
    },
    {
        "id": "8ed3fc29-d7e9-4d62-bd9a-882c569439f5",
        "title": "어릴때부터 제 소원은 H한테 안겨보기였어요 제발 안아주세요 언니",
        "description": "젠타의 생방송을 보고싶다면 트위치로!\n마젠타 트위치 채널: https://www.twitch.tv/magenta62\n젠타 구독해주기! (*ฅ́˘ฅ̀*)♡: https://bit.ly/2vb9Mp4\n\n마젠타 인스타그램: https://www.instagram.com/magenta_6262\n\n마젠타 팬카페: https://cafe.naver.com/magentacafe\n\n매일 방송시간 팬카페 공지!\n\n광고문의 : biz@pixelnetwork.co.kr\n\n------------------------------------------\n#합방 #트위치 #마젠타\n------------------------------------------\n\n\n편집:ㅂㅎ",
        "thumbnail": "https://i.ytimg.com/vi/dLPaxc-J1y0/mqdefault.jpg",
        "youtubeVideoId": "dLPaxc-J1y0",
        "uploadedDate": "2022-06-28T12:17:36Z",
        "viewCount": 129144,
        "isCommercial": "False"
    },
    {
        "id": "8af7b793-f96a-44c9-a577-852c56f924ab",
        "title": "T팬을 입고온 페북스타 섹시문신 여캠을 모쏠남한테 소개해줬더니..",
        "description": "젠타의 생방송을 보고싶다면 트위치로!\n마젠타 트위치 채널: https://www.twitch.tv/magenta62\n젠타 구독해주기! (*ฅ́˘ฅ̀*)♡: https://bit.ly/2vb9Mp4\n\n마젠타 인스타그램: https://www.instagram.com/magenta_6262\n\n마젠타 팬카페: https://cafe.naver.com/magentacafe\n\n매일 방송시간 팬카페 공지!\n\n광고문의 : biz@pixelnetwork.co.kr\n\n------------------------------------------\n#심자몬 #공파리파 #트위치 #마젠타\n------------------------------------------\nby ㅋㅁㅅ\n\n\n\nBGM Info:\n\n🎵Music provided by 브금대통령\n🎵Track : 도둑의 계획 - https://youtu.be/CKuI-6-Izhc\n\nTitle: Brain Trust\nArtist: Wayne Jones",
        "thumbnail": "https://i.ytimg.com/vi/MRjVmj9N9hY/mqdefault.jpg",
        "youtubeVideoId": "MRjVmj9N9hY",
        "uploadedDate": "2022-05-21T11:41:35Z",
        "viewCount": 34773,
        "isCommercial": "False"
    },
    {
        "id": "39ffe080-34d1-4d0c-9635-eca96948ac41",
        "title": "남자면 못참는 미시룩 빛베리의 왕큰 유혹..뒤돌면 죽는다 레전드 ㅋㅋㅋ - 마젠타",
        "description": "젠타의 생방송을 보고싶다면 트위치로!\n마젠타 트위치 채널: https://www.twitch.tv/magenta62\n젠타 구독해주기! (*ฅ́˘ฅ̀*)♡: https://bit.ly/2vb9Mp4\n\n마젠타 인스타그램: https://www.instagram.com/magenta_6262\n\n마젠타 팬카페: https://cafe.naver.com/magentacafe\n\n매일 방송시간 팬카페 공지!\n\n광고문의 : biz@pixelnetwork.co.kr\n\n------------------------------------------\n#빛베리 #쫀득  #마젠타\n------------------------------------------\nby ㅋㅁㅅ\n\n\n\n\n\nBGM Info:\n\n🎵Music provided by 브금대통령\n🎵Track : 도둑의 계획 - https://youtu.be/CKuI-6-Izhc\n\nTitle: Brain Trust\nArtist: Wayne Jones\n\nTitle: new day\nArtist: Daystar",
        "thumbnail": "https://i.ytimg.com/vi/dP9tQf2CGCQ/mqdefault.jpg",
        "youtubeVideoId": "dP9tQf2CGCQ",
        "uploadedDate": "2022-04-27T10:28:43Z",
        "viewCount": 65290,
        "isCommercial": "False"
    },
    {
        "id": "a9a11b36-806f-4478-809d-5fa091a4a56c",
        "title": "아프리카 레전드여캠과 룩북!지퍼가 왜여기있어?- 마젠타 겨우디 합방",
        "description": "젠타의 생방송을 보고싶다면 트위치로!\n마젠타 트위치 채널: https://www.twitch.tv/magenta62\n젠타 구독해주기! (*ฅ́˘ฅ̀*)♡: https://bit.ly/2vb9Mp4\n\n마젠타 인스타그램: https://www.instagram.com/magenta_6262\n\n마젠타 팬카페: https://cafe.naver.com/magentacafe\n\n매일 방송시간 팬카페 공지!\n\n광고문의 : biz@pixelnetwork.co.kr\n\n------------------------------------------\n# #트위치 #마젠타\n------------------------------------------\n\n\nBGM Info:\n\nTitle: Dance Of The Sugar Plum Fairies / Wagon Wheel \nArtist: Kevin Macleod\n\nTitle: Brain Trust\nArtist: Wayne Jones\n\nby.ㅊㅆ",
        "thumbnail": "https://i.ytimg.com/vi/dHcPObfIjTM/mqdefault.jpg",
        "youtubeVideoId": "dHcPObfIjTM",
        "uploadedDate": "2022-04-18T11:43:11Z",
        "viewCount": 145397,
        "isCommercial": "False"
    },
    {
        "id": "f1d1b7c0-fa8e-4e22-a2ff-25bdae604682",
        "title": "뽀구미야 야스하고싶단건 혼자말해..",
        "description": "젠타의 생방송을 보고싶다면 트위치로!\n마젠타 트위치 채널: https://www.twitch.tv/magenta62\n젠타 구독해주기! (*ฅ́˘ฅ̀*)♡: https://bit.ly/2vb9Mp4\n\n마젠타 인스타그램: https://www.instagram.com/magenta_6262\n\n마젠타 팬카페: https://cafe.naver.com/magentacafe\n\n매일 방송시간 팬카페 공지!\n\n광고문의 : biz@pixelnetwork.co.kr\n\n------------------------------------------\n#핫클립 #트위치 #마젠타\n------------------------------------------\n\n\n편집:ㅂㅎ",
        "thumbnail": "https://i.ytimg.com/vi/J-0cmBlH4Qk/mqdefault.jpg",
        "youtubeVideoId": "J-0cmBlH4Qk",
        "uploadedDate": "2022-02-17T11:37:38Z",
        "viewCount": 19887,
        "isCommercial": "False"
    },
    {
        "id": "cfec03a2-b344-4c2c-911d-91fdcbf66fe8",
        "title": "뽀구미까지 섹시여캠으로 만드는 마젠타 실력;;",
        "description": "젠타의 생방송을 보고싶다면 트위치로!\n마젠타 트위치 채널: https://www.twitch.tv/magenta62\n젠타 구독해주기! (*ฅ́˘ฅ̀*)♡: https://bit.ly/2vb9Mp4\n\n마젠타 인스타그램: https://www.instagram.com/magenta_6262\n\n마젠타 팬카페: https://cafe.naver.com/magentacafe\n\n매일 방송시간 팬카페 공지!\n\n광고문의 : biz@pixelnetwork.co.kr\n\n------------------------------------------\n#뽀구미 #트위치 #마젠타\n------------------------------------------\n\nby ㅋㅁㅅ\n\n\n\n\n\nBGM Info:\n\n🎵Music provided by 브금대통령\n🎵Track : 도둑의 계획 - https://youtu.be/CKuI-6-Izhc\n\nTitle: A new day\nArtist: starry attic\n\n[Video Source Support]\nYoutube channel \"freeticon\" : https://www.youtube.com/c/Freeticon",
        "thumbnail": "https://i.ytimg.com/vi/ePn01HWxDMI/mqdefault.jpg",
        "youtubeVideoId": "ePn01HWxDMI",
        "uploadedDate": "2022-02-11T10:28:19Z",
        "viewCount": 29045,
        "isCommercial": "False"
    },
    {
        "id": "322e2a82-c27c-4dbf-951a-8bd6ae971ec9",
        "title": "몸매 버그임?진자림 왜 많이 큼?힘숨찐챌린지중임? - 마젠타",
        "description": "젠타의 생방송을 보고싶다면 트위치로!\n마젠타 트위치 채널: https://www.twitch.tv/magenta62\n젠타 구독해주기! (*ฅ́˘ฅ̀*)♡: https://bit.ly/2vb9Mp4\n\n마젠타 인스타그램: https://www.instagram.com/magenta_6262\n\n마젠타 팬카페: https://cafe.naver.com/magentacafe\n\n매일 방송시간 팬카페 공지!\n\n광고문의 : biz@pixelnetwork.co.kr\n\n------------------------------------------\n#진자림 #트위치 #마젠타\n------------------------------------------\n\n\nBGM Info:\n\n🎵 Music provided by 브금저장소 [BGM Storage\n🎵Track : 귀여운 BGM 모음 - https://youtu.be/hgNrf9QqAA0\n\nTitle: Brain Trust\nArtist: Wayne Jones\n\n[Video Source Support]\nYoutube channel \"freeticon\" : https://www.youtube.com/c/Freeticon\n\nby  ㅋㅁㅅ",
        "thumbnail": "https://i.ytimg.com/vi/SdhgYXALuUg/mqdefault.jpg",
        "youtubeVideoId": "SdhgYXALuUg",
        "uploadedDate": "2022-01-20T10:26:58Z",
        "viewCount": 373826,
        "isCommercial": "False"
    },
    {
        "id": "871ea3f1-39d6-4545-b5bf-2bccbe4d91c1",
        "title": "오늘 집사람없어.?미시친구 남편 몰래 만지는 마젠타 - 수련수련 합방",
        "description": "젠타의 생방송을 보고싶다면 트위치로!\n마젠타 트위치 채널: https://www.twitch.tv/magenta62\n젠타 구독해주기! (*ฅ́˘ฅ̀*)♡: https://bit.ly/2vb9Mp4\n\n마젠타 인스타그램: https://www.instagram.com/magenta_6262\n\n마젠타 팬카페: https://cafe.naver.com/magentacafe\n\n매일 방송시간 팬카페 공지!\n\n광고문의 : biz@pixelnetwork.co.kr\n\n------------------------------------------\n#수련수련 #미시 #마젠타\n------------------------------------------\n\n\nBGM Info:\n\nTitle: Dance Of The Sugar Plum Fairies / Wagon Wheel \nArtist: Kevin Macleod\n\nTitle: Brain Trust\nArtist: Wayne Jones\n\n🎵Music provided by 브금대통령\n🎵Track : 엄마생각 - https://youtu.be/N2J1zYyPOUM\n\n🎵Music provided by 브금대통령\n🎵Track : You Are Fallen - https://youtu.be/1zMu5dhb7V0\n\nby.ㅊㅆ",
        "thumbnail": "https://i.ytimg.com/vi/hXufcOp6fjw/mqdefault.jpg",
        "youtubeVideoId": "hXufcOp6fjw",
        "uploadedDate": "2022-01-18T11:03:59Z",
        "viewCount": 51331,
        "isCommercial": "False"
    },
    {
        "id": "2d59c48b-06e6-43e3-89ee-16da0eee6a9d",
        "title": "나만 마귀씌인 쓰레기가 아냐!그 짤을 본 대기업 반응 레전드 ㅋㅋㅋㅋ",
        "description": "젠타의 생방송을 보고싶다면 트위치로!\n마젠타 트위치 채널: https://www.twitch.tv/magenta62\n젠타 구독해주기! (*ฅ́˘ฅ̀*)♡: https://bit.ly/2vb9Mp4\n\n마젠타 인스타그램: https://www.instagram.com/magenta_6262\n\n마젠타 팬카페: https://cafe.naver.com/magentacafe\n\n매일 방송시간 팬카페 공지!\n\n광고문의 : biz@pixelnetwork.co.kr\n\n------------------------------------------\n#뽀구미 #리액션 #마젠타\n------------------------------------------\n\n\nBGM Info:\n\nTitle: Dance Of The Sugar Plum Fairies / Wagon Wheel \nArtist: Kevin Macleod\n\nTitle: Brain Trust\nArtist: Wayne Jones\n\nby.ㅊㅆ",
        "thumbnail": "https://i.ytimg.com/vi/uz41q7HbgyY/mqdefault.jpg",
        "youtubeVideoId": "uz41q7HbgyY",
        "uploadedDate": "2022-01-07T10:55:58Z",
        "viewCount": 135481,
        "isCommercial": "False"
    },
    {
        "id": "3099f3ef-6520-4005-948c-efdea3ec3bc0",
        "title": "싱싱한 배우를 원정상에게 소개시켜봤는데 반응봐 죽겠어 ㅋㅋㅋ - 마젠타",
        "description": "젠타의 생방송을 보고싶다면 트위치로!\n마젠타 트위치 채널: https://www.twitch.tv/magenta62\n젠타 구독해주기! (*ฅ́˘ฅ̀*)♡: https://bit.ly/2vb9Mp4\n\n마젠타 인스타그램: https://www.instagram.com/magenta_6262\n\n마젠타 팬카페: https://cafe.naver.com/magentacafe\n\n매일 방송시간 팬카페 공지!\n\n광고문의 : biz@pixelnetwork.co.kr\n\n------------------------------------------\n#원정상 #mib #마젠타\n------------------------------------------\n\n\n\nby ㅋㅁㅅ",
        "thumbnail": "https://i.ytimg.com/vi/Z2nD_5rXJZo/mqdefault.jpg",
        "youtubeVideoId": "Z2nD_5rXJZo",
        "uploadedDate": "2022-01-05T11:04:52Z",
        "viewCount": 81811,
        "isCommercial": "False"
    },
    {
        "id": "ffbe0042-462a-40b6-80f7-d11788df1a59",
        "title": "뽀구미영상 이거 사기아니야..?본인앞에서 나도 여자야 챌린지 뭉탱이하기 - 마젠타",
        "description": "젠타의 생방송을 보고싶다면 트위치로!\n마젠타 트위치 채널: https://www.twitch.tv/magenta62\n젠타 구독해주기! (*ฅ́˘ฅ̀*)♡: https://bit.ly/2vb9Mp4\n\n마젠타 인스타그램: https://www.instagram.com/magenta_6262\n\n마젠타 팬카페: https://cafe.naver.com/magentacafe\n\n매일 방송시간 팬카페 공지!\n\n광고문의 : biz@pixelnetwork.co.kr\n\n------------------------------------------\n#뽀구미 #틱톡 #마젠타\n------------------------------------------\n\n\nBGM Info:\n\n🎵Music provided by 브금대통령\n🎵Track : 도둑의 계획 - https://youtu.be/CKuI-6-Izhc\n\nTitle: a new day\nArtist: starry attic\n\nby ㅋㅁㅅ",
        "thumbnail": "https://i.ytimg.com/vi/DQaacyU_c4A/mqdefault.jpg",
        "youtubeVideoId": "DQaacyU_c4A",
        "uploadedDate": "2022-01-04T11:41:43Z",
        "viewCount": 18296,
        "isCommercial": "False"
    },
    {
        "id": "1b02adf5-1b79-42f5-b665-78dc5469a8d1",
        "title": "뭐야 너 없다더니 있는데..? 거짓말 친거야??예쁘잖아 뽀구미 합방 회전목마 ㅋㅋㅋ",
        "description": "젠타의 생방송을 보고싶다면 트위치로!\n마젠타 트위치 채널: https://www.twitch.tv/magenta62\n젠타 구독해주기! (*ฅ́˘ฅ̀*)♡: https://bit.ly/2vb9Mp4\n\n마젠타 인스타그램: https://www.instagram.com/magenta_6262\n\n마젠타 팬카페: https://cafe.naver.com/magentacafe\n\n매일 방송시간 팬카페 공지!\n\n광고문의 : biz@pixelnetwork.co.kr\n\n------------------------------------------\n#뽀구미 #트위치 #마젠타\n------------------------------------------\n\n\nby ㅋㅁㅅ",
        "thumbnail": "https://i.ytimg.com/vi/keNAEv4fh3g/mqdefault.jpg",
        "youtubeVideoId": "keNAEv4fh3g",
        "uploadedDate": "2021-12-25T10:54:45Z",
        "viewCount": 54638,
        "isCommercial": "False"
    },
    {
        "id": "92d182a5-3a48-4176-a625-fc26e8dbe14e",
        "title": "학교에서 방송들키고 고백까지받은 최연소 스트리머 여고생 꽃감이 후욱후욱.. - 마젠타",
        "description": "젠타의 생방송을 보고싶다면 트위치로!\n마젠타 트위치 채널: https://www.twitch.tv/magenta62\n젠타 구독해주기! (*ฅ́˘ฅ̀*)♡: https://bit.ly/2vb9Mp4\n\n마젠타 인스타그램: https://www.instagram.com/magenta_6262\n\n마젠타 팬카페: https://cafe.naver.com/magentacafe\n\n매일 방송시간 팬카페 공지!\n\n광고문의 : biz@pixelnetwork.co.kr\n\n------------------------------------------\n#꽃감이 #트위치 #마젠타\n------------------------------------------\n\n\nBGM Info:\n\nTitle: Brain Trust\nArtist: Wayne Jones\n\n🎵Music provided by 브금대통령 \n🎵Track :댕청댕청, 도둑의 계획\n\nby ㅋㅁㅅ",
        "thumbnail": "https://i.ytimg.com/vi/UK8uJF4roVk/mqdefault.jpg",
        "youtubeVideoId": "UK8uJF4roVk",
        "uploadedDate": "2021-12-21T11:29:11Z",
        "viewCount": 29484,
        "isCommercial": "False"
    },
    {
        "id": "6feaa57e-c097-4350-927c-b6ca7c357826",
        "title": "우정잉언니 예민하네랑 야랄댄스로 잘나가면 다냐고!알려줘!! - 마젠타 지스타",
        "description": "젠타의 생방송을 보고싶다면 트위치로!\n마젠타 트위치 채널: https://www.twitch.tv/magenta62\n젠타 구독해주기! (*ฅ́˘ฅ̀*)♡: https://bit.ly/2vb9Mp4\n\n마젠타 인스타그램: https://www.instagram.com/magenta_6262\n\n마젠타 팬카페: https://cafe.naver.com/magentacafe\n\n매일 방송시간 팬카페 공지!\n\n광고문의 : biz@pixelnetwork.co.kr\n\n------------------------------------------\n#루다 #여푸 #마젠타\n------------------------------------------\n\n\nBGM Info:\n\nTitle: Dance Of The Sugar Plum Fairies / Wagon Wheel \nArtist: Kevin Macleod\n\nTitle: Brain Trust\nArtist: Wayne Jones\n\n편집 : ㅊㅆ",
        "thumbnail": "https://i.ytimg.com/vi/JsmVzGl2dzg/mqdefault.jpg",
        "youtubeVideoId": "JsmVzGl2dzg",
        "uploadedDate": "2021-12-20T11:24:42Z",
        "viewCount": 17960,
        "isCommercial": "False"
    },
    {
        "id": "1aa857ad-3c06-4c56-9c53-dee68485023b",
        "title": "케인님 그냥 게임방송 접으시고 돈이나 빌려주세요 제가 벌게요 - 마젠타 케인 섯다 합방",
        "description": "대한민국 No.1 섯다! 한게임 섯다!\n* 한게임 모바일 섯다는 무료로 제공되는 섯다 게임입니다.\n* 지금 한게임 모바일 섯다를 다운로드 하세요! : http://bit.ly/2JThgph\n\n젠타의 생방송을 보고싶다면 트위치로!\n마젠타 트위치 채널: https://www.twitch.tv/magenta62\n젠타 구독해주기! (*ฅ́˘ฅ̀*)♡: https://bit.ly/2vb9Mp4\n\n마젠타 인스타그램: https://www.instagram.com/magenta_6262\n\n마젠타 팬카페: https://cafe.naver.com/magentacafe\n\n매일 방송시간 팬카페 공지!\n\n광고문의 : biz@pixelnetwork.co.kr\n\n------------------------------------------\n#케인 #섯다 #한게임섯다\n------------------------------------------\n\n\nBGM Info:\n\nTitle: Dance Of The Sugar Plum Fairies / Wagon Wheel \nArtist: Kevin Macleod\n\nTitle: Brain Trust\nArtist: Wayne Jones\n\nby ㅋㅁㅅ",
        "thumbnail": "https://i.ytimg.com/vi/YbxYf21pJfc/mqdefault.jpg",
        "youtubeVideoId": "YbxYf21pJfc",
        "uploadedDate": "2021-12-18T09:57:39Z",
        "viewCount": 61054,
        "isCommercial": "True"
    },
    {
        "id": "13eca4c7-4f2b-4f2a-8710-59f13c666623",
        "title": "언니 돼요?..방송에서 타투 받아봤습니다 - 마젠타 안리나 합방",
        "description": "젠타의 생방송을 보고싶다면 트위치로!\n마젠타 트위치 채널: https://www.twitch.tv/magenta62\n젠타 구독해주기! (*ฅ́˘ฅ̀*)♡: https://bit.ly/2vb9Mp4\n\n마젠타 인스타그램: https://www.instagram.com/magenta_6262\n\n마젠타 팬카페: https://cafe.naver.com/magentacafe\n\n매일 방송시간 팬카페 공지!\n\n광고문의 : biz@pixelnetwork.co.kr\n\n------------------------------------------\n#문신 #트위치 #마젠타\n------------------------------------------\n\n\nBGM Info:\n\nTitle: Dance Of The Sugar Plum Fairies / Wagon Wheel \nArtist: Kevin Macleod\n\nTitle: Brain Trust\nArtist: Wayne Jones\n\nTitle: a new day\nArtist: starry attic\n\n편집:ㅋㅁㅅ",
        "thumbnail": "https://i.ytimg.com/vi/uVedGpJlJ-w/mqdefault.jpg",
        "youtubeVideoId": "uVedGpJlJ-w",
        "uploadedDate": "2021-12-15T10:44:51Z",
        "viewCount": 46296,
        "isCommercial": "False"
    },
    {
        "id": "f33122e1-ca6c-4390-98f3-b7492230b964",
        "title": "혹시 거기도 문신하셨나요?제가 이분 선배입니다..트위치 신입맞아?- 마젠타",
        "description": "젠타의 생방송을 보고싶다면 트위치로!\n마젠타 트위치 채널: https://www.twitch.tv/magenta62\n젠타 구독해주기! (*ฅ́˘ฅ̀*)♡: https://bit.ly/2vb9Mp4\n\n마젠타 인스타그램: https://www.instagram.com/magenta_6262\n\n마젠타 팬카페: https://cafe.naver.com/magentacafe\n\n매일 방송시간 팬카페 공지!\n\n광고문의 : biz@pixelnetwork.co.kr\n\n------------------------------------------\n#안리나 #트위치 #마젠타\n------------------------------------------\n\n\nBGM Info:\n\nTitle: Dance Of The Sugar Plum Fairies / Wagon Wheel \nArtist: Kevin Macleod\n\nTitle: Brain Trust\nArtist: Wayne Jones\n\nby ㅋㅁㅅ",
        "thumbnail": "https://i.ytimg.com/vi/4TO8r17Zq-s/mqdefault.jpg",
        "youtubeVideoId": "4TO8r17Zq-s",
        "uploadedDate": "2021-12-12T11:34:14Z",
        "viewCount": 32281,
        "isCommercial": "False"
    },
    {
        "id": "51bd0120-8bdf-4f13-9850-6239d3a54fc0",
        "title": "닮았는데 더이뻐!수능끝난 고3동생 드디어 공개합니다.마젠타보다 미모가ㄷ ㄷ",
        "description": "젠타의 생방송을 보고싶다면 트위치로!\n마젠타 트위치 채널: https://www.twitch.tv/magenta62\n젠타 구독해주기! (*ฅ́˘ฅ̀*)♡: https://bit.ly/2vb9Mp4\n\n마젠타 인스타그램: https://www.instagram.com/magenta_6262\n\n마젠타 팬카페: https://cafe.naver.com/magentacafe\n\n매일 방송시간 팬카페 공지!\n\n광고문의 : biz@pixelnetwork.co.kr\n\n------------------------------------------\n#혈육 #트위치 #마젠타\n------------------------------------------\n\n\nBGM Info:\n\nTitle: Dance Of The Sugar Plum Fairies / Wagon Wheel \nArtist: Kevin Macleod\n\nTitle: Brain Trust\nArtist: Wayne Jones\n\nTitle: A new day\nArtist: starry attic\n\nRoyalty Free Music - ForArtist                              \nA Good Day - https://youtu.be/YNohuLWZlL0     \n\nby ㅋㅁㅅ",
        "thumbnail": "https://i.ytimg.com/vi/j1p08PNWn20/mqdefault.jpg",
        "youtubeVideoId": "j1p08PNWn20",
        "uploadedDate": "2021-12-08T11:40:36Z",
        "viewCount": 30366,
        "isCommercial": "False"
    },
    {
        "id": "cf277793-a5b4-4ed5-ba06-eb84656abd03",
        "title": "주다사한테 역관광 당하는 마젠타 방송 모음집 - 핫클립",
        "description": "몇안되는 마젠타 카운터 ,,주다사,,,\n젠타의 생방송을 보고싶다면 트위치로!\n마젠타 트위치 채널: https://www.twitch.tv/magenta62\n젠타 구독해주기! (*ฅ́˘ฅ̀*)♡: https://bit.ly/2vb9Mp4\n\n마젠타 인스타그램: https://www.instagram.com/magenta_6262\n\n마젠타 팬카페: https://cafe.naver.com/magentacafe\n\n매일 방송시간 팬카페 공지!\n\n광고문의 : biz@pixelnetwork.co.kr\n\n------------------------------------------\n#핫클립 #트위치 #마젠타\n------------------------------------------\n\nbyㄱㅎ\n\nBGM Info:\n\nTrack : Party Tonight\nMusic by 브금대통령\nMusic provided by 브금대통령\nWatch : https://youtu.be/Tiq9aYe0v5I",
        "thumbnail": "https://i.ytimg.com/vi/0FFLRTXkfHQ/mqdefault.jpg",
        "youtubeVideoId": "0FFLRTXkfHQ",
        "uploadedDate": "2021-10-27T10:18:09Z",
        "viewCount": 153039,
        "isCommercial": "False"
    },
    {
        "id": "4d7d345d-0917-414c-9421-baa6b64bd35b",
        "title": "꺼져!청소중인데 옆에서 폭죽터뜨리고 노는 주다사한테 빡쳐서 때리는 마젠타",
        "description": "젠타의 생방송을 보고싶다면 트위치로!\n마젠타 트위치 채널: https://www.twitch.tv/magenta62\n젠타 구독해주기! (*ฅ́˘ฅ̀*)♡: https://bit.ly/2vb9Mp4\n\n마젠타 인스타그램: https://www.instagram.com/magenta_6262\n\n마젠타 팬카페: https://cafe.naver.com/magentacafe\n\n매일 방송시간 팬카페 공지!\n\n광고문의 : biz@pixelnetwork.co.kr\n\n------------------------------------------\n#주다사 #트위치 #마젠타\n------------------------------------------\n\n\n편집:ㅂㅎ",
        "thumbnail": "https://i.ytimg.com/vi/a6MbazZWL1c/mqdefault.jpg",
        "youtubeVideoId": "a6MbazZWL1c",
        "uploadedDate": "2021-10-19T09:52:32Z",
        "viewCount": 132636,
        "isCommercial": "False"
    },
    {
        "id": "bee15e28-b12f-49d2-b642-6a16597b38d4",
        "title": "주다사가 마젠타따라 우마우마 춤추는 희귀영상보고가세요!댄스 리액션  합방ㅋㅋㅋ",
        "description": "젠타의 생방송을 보고싶다면 트위치로!\n마젠타 트위치 채널: https://www.twitch.tv/magenta62\n젠타 구독해주기! (*ฅ́˘ฅ̀*)♡: https://bit.ly/2vb9Mp4\n\n마젠타 인스타그램: https://www.instagram.com/magenta_6262\n\n마젠타 팬카페: https://cafe.naver.com/magentacafe\n\n매일 방송시간 팬카페 공지!\n\n광고문의 : biz@pixelnetwork.co.kr\n\n------------------------------------------\n#주다사 #합방 #마젠타\n------------------------------------------\n\n\n편집:ㅂㅎ",
        "thumbnail": "https://i.ytimg.com/vi/DLDildoWQ5k/mqdefault.jpg",
        "youtubeVideoId": "DLDildoWQ5k",
        "uploadedDate": "2021-10-09T11:14:40Z",
        "viewCount": 27091,
        "isCommercial": "False"
    },
    {
        "id": "a143c9eb-f77f-4235-b205-c9de0842adfb",
        "title": "맥심의 나미 빛베리를 만져봤습니다?좋아죽는 공파리파 - 마젠타 합방",
        "description": "젠타의 생방송을 보고싶다면 트위치로!\n마젠타 트위치 채널: https://www.twitch.tv/magenta62\n젠타 구독해주기! (*ฅ́˘ฅ̀*)♡: https://bit.ly/2vb9Mp4\n\n마젠타 인스타그램: https://www.instagram.com/magenta_6262\n\n마젠타 팬카페: https://cafe.naver.com/magentacafe\n\n매일 방송시간 팬카페 공지!\n\n광고문의 : biz@pixelnetwork.co.kr\n\n------------------------------------------\n#빛베리 #공파리파 #마젠타\n------------------------------------------\n\nbyㄱㅎ\n\nBGM Info:",
        "thumbnail": "https://i.ytimg.com/vi/ZXcbqwzWLU4/mqdefault.jpg",
        "youtubeVideoId": "ZXcbqwzWLU4",
        "uploadedDate": "2021-10-05T11:24:58Z",
        "viewCount": 103628,
        "isCommercial": "False"
    },
    {
        "id": "c3335e70-f17f-4fb5-bc9a-c8db38075488",
        "title": "쫀득님 나 못참아..우리 우결그만하고 진짜 결혼해요. 프로포즈 - 마젠타 쫀득",
        "description": "젠타의 생방송을 보고싶다면 트위치로!\n마젠타 트위치 채널: https://www.twitch.tv/magenta62\n젠타 구독해주기! (*ฅ́˘ฅ̀*)♡: https://bit.ly/2vb9Mp4\n\n마젠타 인스타그램: https://www.instagram.com/magenta_6262\n\n마젠타 팬카페: https://cafe.naver.com/magentacafe\n\n매일 방송시간 팬카페 공지!\n\n광고문의 : biz@pixelnetwork.co.kr\n\n------------------------------------------\n#쫀득 #트위치 #마젠타\n------------------------------------------\n\n\n편집: ㅂㅎ",
        "thumbnail": "https://i.ytimg.com/vi/XVUKvFnml-Y/mqdefault.jpg",
        "youtubeVideoId": "XVUKvFnml-Y",
        "uploadedDate": "2021-09-28T09:11:35Z",
        "viewCount": 25741,
        "isCommercial": "False"
    },
    {
        "id": "a3fbcddf-80ce-4fed-85bc-1669e2c78278",
        "title": "쫀득님차 뒷자석에서 팬티스타킹 발견..저랑 우결한다더니ㅠ미워ㅠ- 합방",
        "description": "젠타의 생방송을 보고싶다면 트위치로!\n마젠타 트위치 채널: https://www.twitch.tv/magenta62\n젠타 구독해주기! (*ฅ́˘ฅ̀*)♡: https://bit.ly/2vb9Mp4\n\n마젠타 인스타그램: https://www.instagram.com/magenta_6262\n\n마젠타 팬카페: https://cafe.naver.com/magentacafe\n\n매일 방송시간 팬카페 공지!\n\n광고문의 : biz@pixelnetwork.co.kr\n\n------------------------------------------\n#쫀득 #트위치 #마젠타\n------------------------------------------\n\nby ㄱㅎ\n\nBGM Info:",
        "thumbnail": "https://i.ytimg.com/vi/IB30oY0bGEs/mqdefault.jpg",
        "youtubeVideoId": "IB30oY0bGEs",
        "uploadedDate": "2021-09-26T04:48:28Z",
        "viewCount": 52267,
        "isCommercial": "False"
    },
    {
        "id": "a7e46c24-62a5-4386-a21a-f55281084a50",
        "title": "제 실물이 뭐라구요..?이러는 남자는 처음이야! - 핑맨 술먹방 합방",
        "description": "젠타의 생방송을 보고싶다면 트위치로!\n마젠타 트위치 채널: https://www.twitch.tv/magenta62\n젠타 구독해주기! (*ฅ́˘ฅ̀*)♡: https://bit.ly/2vb9Mp4\n\n마젠타 인스타그램: https://www.instagram.com/magenta_6262\n\n마젠타 팬카페: https://cafe.naver.com/magentacafe\n\n매일 방송시간 팬카페 공지!\n\n광고문의 : biz@pixelnetwork.co.kr\n\n------------------------------------------\n#핑맨 #트위치 #마젠타\n------------------------------------------\n\nbyㄱㅎ\n\nBGM Info:\n\nSong : Purple Planet Music - Sweet Treats\nDownload : https://www.purple-planet.com\nCreative Commons — Attribution 3.0 Unported  — CC BY 3.0",
        "thumbnail": "https://i.ytimg.com/vi/bMuZz3HVikM/mqdefault.jpg",
        "youtubeVideoId": "bMuZz3HVikM",
        "uploadedDate": "2021-09-17T10:48:02Z",
        "viewCount": 46426,
        "isCommercial": "False"
    },
    {
        "id": "9cc85031-808f-4f7d-aa95-1f10c83f6d4d",
        "title": "이걸참아?!!좋아죽는 공파리파ㅋㅋ - 밍선하 모모88 합방",
        "description": "젠타의 생방송을 보고싶다면 트위치로!\n마젠타 트위치 채널: https://www.twitch.tv/magenta62\n젠타 구독해주기! (*ฅ́˘ฅ̀*)♡: https://bit.ly/2vb9Mp4\n\n마젠타 인스타그램: https://www.instagram.com/magenta_6262\n\n마젠타 팬카페: https://cafe.naver.com/magentacafe\n\n매일 방송시간 팬카페 공지!\n\n광고문의 : biz@pixelnetwork.co.kr\n\n------------------------------------------\n#모모88 #밍선하 #공파리파\n------------------------------------------\n\nbyㄱㅎ\n\nBGM Info:",
        "thumbnail": "https://i.ytimg.com/vi/ZVU3-s7Nes0/mqdefault.jpg",
        "youtubeVideoId": "ZVU3-s7Nes0",
        "uploadedDate": "2021-08-30T09:04:31Z",
        "viewCount": 181208,
        "isCommercial": "False"
    },
    {
        "id": "b7e48b4b-bcf1-4c38-89b4-11856cea57e7",
        "title": "사귀면 어디에 뭘 한다고?공파야 견자희언니 좋아하는거 아니었니? - 공파리파 합방",
        "description": "젠타의 생방송을 보고싶다면 트위치로!\n마젠타 트위치 채널: https://www.twitch.tv/magenta62\n젠타 구독해주기! (*ฅ́˘ฅ̀*)♡: https://bit.ly/2vb9Mp4\n\n마젠타 인스타그램: https://www.instagram.com/magenta_6262\n\n마젠타 팬카페: https://cafe.naver.com/magentacafe\n\n매일 방송시간 팬카페 공지!\n\n광고문의 : biz@pixelnetwork.co.kr\n\n------------------------------------------\n#미친넘 #공파리파 #마젠타\n------------------------------------------\n\n\n\n편집:반희",
        "thumbnail": "https://i.ytimg.com/vi/TD08CIIPzBY/mqdefault.jpg",
        "youtubeVideoId": "TD08CIIPzBY",
        "uploadedDate": "2021-08-20T09:25:50Z",
        "viewCount": 41018,
        "isCommercial": "False"
    },
    {
        "id": "c75e891d-3bb8-4900-90df-21fbfcebb925",
        "title": "동거하자고?근데 너 견자희언니는 어떡하고?ntr;; - 공파리파 합방",
        "description": "젠타의 생방송을 보고싶다면 트위치로!\n마젠타 트위치 채널: https://www.twitch.tv/magenta62\n젠타 구독해주기! (*ฅ́˘ฅ̀*)♡: https://bit.ly/2vb9Mp4\n\n마젠타 인스타그램: https://www.instagram.com/magenta_6262\n\n마젠타 팬카페: https://cafe.naver.com/magentacafe\n\n매일 방송시간 팬카페 공지!\n\n광고문의 : biz@pixelnetwork.co.kr\n\n------------------------------------------\n# #트위치 #마젠타\n------------------------------------------\n\nby ㄱㅎ\n\nBGM Info:\n\nSong : Purple Planet Music - Sweet Treats\nDownload : https://www.purple-planet.com\nCreative Commons — Attribution 3.0 Unported  — CC BY 3.0\n\nSong : Purple Planet Music - Bunny Garden\nDownload : https://www.purple-planet.com\nCreative Commons — Attribution 3.0 Unported  — CC BY 3.0\n\nSong : Purple Planet Music - Toys\nDownload : https://www.purple-planet.com\nCreative Commons — Attribution 3.0 Unported  — CC BY 3.0",
        "thumbnail": "https://i.ytimg.com/vi/Qpc1e29IfSM/mqdefault.jpg",
        "youtubeVideoId": "Qpc1e29IfSM",
        "uploadedDate": "2021-08-07T09:04:36Z",
        "viewCount": 69920,
        "isCommercial": "False"
    },
    {
        "id": "3382a669-3ff5-4ac9-9e72-061b5ad0c506",
        "title": "100만명을 속인 유명마술사의 최면마법!저한테 뭔짓한거에요? - 마젠타 김준표 합방",
        "description": "젠타의 생방송을 보고싶다면 트위치로!\n마젠타 트위치 채널: https://www.twitch.tv/magenta62\n젠타 구독해주기! (*ฅ́˘ฅ̀*)♡: https://bit.ly/2vb9Mp4\n\n마젠타 인스타그램: https://www.instagram.com/magenta_6262\n\n마젠타 팬카페: https://cafe.naver.com/magentacafe\n\n매일 방송시간 팬카페 공지!\n\n광고문의 : biz@pixelnetwork.co.kr\n\n------------------------------------------\n#마술 #김준표 #마젠타\n------------------------------------------\n\nby ㄱㅎ\n\nBGM Info:\n\nSong : Purple Planet Music - Sweet Treats\nDownload : https://www.purple-planet.com\nCreative Commons — Attribution 3.0 Unported  — CC BY 3.0\n\nSong : Purple Planet Music - Bunny Garden\nDownload : https://www.purple-planet.com\nCreative Commons — Attribution 3.0 Unported  — CC BY 3.0\n\nSong : Purple Planet Music - Toys\nDownload : https://www.purple-planet.com\nCreative Commons — Attribution 3.0 Unported  — CC BY 3.0",
        "thumbnail": "https://i.ytimg.com/vi/Y7JpsOg3YwA/mqdefault.jpg",
        "youtubeVideoId": "Y7JpsOg3YwA",
        "uploadedDate": "2021-07-26T11:09:44Z",
        "viewCount": 35223,
        "isCommercial": "False"
    },
    {
        "id": "8874b5a1-5ac5-43ff-aef2-9ef6bb7cacd3",
        "title": "저한테 겨드랑이 마술 해도돼요♥유명마술사에게 불량품 마술도구를 준 마젠타 ㄷㄷㄷ - 김준표",
        "description": "젠타의 생방송을 보고싶다면 트위치로!\n마젠타 트위치 채널: https://www.twitch.tv/magenta62\n젠타 구독해주기! (*ฅ́˘ฅ̀*)♡: https://bit.ly/2vb9Mp4\n\n00:00 마술사 소개 \n03:38 마술시작 \n\n마젠타 인스타그램: https://www.instagram.com/magenta_6262\n\n마젠타 팬카페: https://cafe.naver.com/magentacafe\n\n매일 방송시간 팬카페 공지!\n\n광고문의 : biz@pixelnetwork.co.kr\n\n------------------------------------------\n#마숳 #김준표 #마젠타\n------------------------------------------\n\n\nBGM Info:\n\nTitle: Dance Of The Sugar Plum Fairies / Wagon Wheel \nArtist: Kevin Macleod\n\nTitle: Brain Trust\nArtist: Wayne Jones\n\n편집 : 채씨",
        "thumbnail": "https://i.ytimg.com/vi/2G82qdsPy7Q/mqdefault.jpg",
        "youtubeVideoId": "2G82qdsPy7Q",
        "uploadedDate": "2021-07-24T10:21:58Z",
        "viewCount": 68918,
        "isCommercial": "False"
    },
    {
        "id": "53429929-f896-4210-b71e-ec8fceb10abc",
        "title": "주다사앞에서 물건부수며 제로투 추는 마젠타 ! - 합방",
        "description": "젠타의 생방송을 보고싶다면 트위치로!\n마젠타 트위치 채널: https://www.twitch.tv/magenta62\n젠타 구독해주기! (*ฅ́˘ฅ̀*)♡: https://bit.ly/2vb9Mp4\n\n마젠타 인스타그램: https://www.instagram.com/magenta_6262\n\n마젠타 팬카페: https://cafe.naver.com/magentacafe\n\n매일 방송시간 팬카페 공지!\n\n광고문의 : biz@pixelnetwork.co.kr\n\n------------------------------------------\n#주다사 #트위치 #마젠타\n------------------------------------------\n\n\n\n편집: 반희",
        "thumbnail": "https://i.ytimg.com/vi/BWy-eu-VpKk/mqdefault.jpg",
        "youtubeVideoId": "BWy-eu-VpKk",
        "uploadedDate": "2021-07-19T10:47:45Z",
        "viewCount": 159711,
        "isCommercial": "False"
    },
    {
        "id": "3ac77e10-3633-4562-bd04-ccb7caa6ced2",
        "title": "트위치에서 웃음소리가 제일 웃긴 여캠들이 웃음참기를 한다면?!  - 김은별 합방",
        "description": "젠타의 생방송을 보고싶다면 트위치로!\n마젠타 트위치 채널: https://www.twitch.tv/magenta62\n젠타 구독해주기! (*ฅ́˘ฅ̀*)♡: https://bit.ly/2vb9Mp4\n\n마젠타 인스타그램: https://www.instagram.com/magenta_6262\n\n마젠타 팬카페: https://cafe.naver.com/magentacafe\n\n매일 방송시간 팬카페 공지!\n\n광고문의 : biz@pixelnetwork.co.kr\n\n------------------------------------------\n#김은별 #트위치 #마젠타\n------------------------------------------\n\n\n\n편집:반희",
        "thumbnail": "https://i.ytimg.com/vi/ovIo6i1du0g/mqdefault.jpg",
        "youtubeVideoId": "ovIo6i1du0g",
        "uploadedDate": "2021-07-14T10:55:58Z",
        "viewCount": 21843,
        "isCommercial": "False"
    },
    {
        "id": "899f96d4-5654-4d23-9d73-d65f612f54a5",
        "title": "쏘대장아 그 주먹으로 때려줘.. - 고말숙 마젠타 합방",
        "description": "젠타의 생방송을 보고싶다면 트위치로!\n마젠타 트위치 채널: https://www.twitch.tv/magenta62\n젠타 구독해주기! (*ฅ́˘ฅ̀*)♡: https://bit.ly/2vb9Mp4\n\n마젠타 인스타그램: https://www.instagram.com/magenta_6262\n\n마젠타 팬카페: https://cafe.naver.com/magentacafe\n\n매일 방송시간 팬카페 공지!\n\n광고문의 : biz@pixelnetwork.co.kr\n\n------------------------------------------\n#쏘대장 #고말숙 #마젠타\n------------------------------------------\n\n\nBGM Info:\n\nTitle: Dance Of The Sugar Plum Fairies / Wagon Wheel \nArtist: Kevin Macleod\n\nTitle: Brain Trust\nArtist: Wayne Jones\n\n🎵Music provided by 브금대통령\n🎵Track : Summary - https://youtu.be/0v5q3wV8IUQ\n\n🎵Music provided by 브금대통령 \n🎵Track : Prisoner of Darkness - https://youtu.be/pQZ9zmJ8XOg \n\n편집 : 채씨",
        "thumbnail": "https://i.ytimg.com/vi/PZmNwTQV1n8/mqdefault.jpg",
        "youtubeVideoId": "PZmNwTQV1n8",
        "uploadedDate": "2021-07-09T09:32:37Z",
        "viewCount": 34039,
        "isCommercial": "False"
    },
    {
        "id": "14e4e590-5a62-41e1-ae94-1b8f67c1bde8",
        "title": "쏘대장 너 욕도 할줄알아..?말숙언니한테ㄷㄷ반전!젠타의 쏘대장 타락시키기 ! - 합방",
        "description": "젠타의 생방송을 보고싶다면 트위치로!\n마젠타 트위치 채널: https://www.twitch.tv/magenta62\n젠타 구독해주기! (*ฅ́˘ฅ̀*)♡: https://bit.ly/2vb9Mp4\n\n마젠타 인스타그램: https://www.instagram.com/magenta_6262\n\n마젠타 팬카페: https://cafe.naver.com/magentacafe\n\n매일 방송시간 팬카페 공지!\n\n광고문의 : biz@pixelnetwork.co.kr\n\n------------------------------------------\n#쏘대장 #고말숙 #마젠타\n------------------------------------------\n\n\nBGM Info:\n\nTitle: Dance Of The Sugar Plum Fairies / Wagon Wheel \nArtist: Kevin Macleod\n\nTitle: Brain Trust\nArtist: Wayne Jones\n\n편집 : 채씨",
        "thumbnail": "https://i.ytimg.com/vi/ytuEFe1JOs8/mqdefault.jpg",
        "youtubeVideoId": "ytuEFe1JOs8",
        "uploadedDate": "2021-07-06T10:46:46Z",
        "viewCount": 88559,
        "isCommercial": "False"
    },
    {
        "id": "85ecadcd-e620-430d-8fa8-57982e63b194",
        "title": "죄송합니다 준석씨랑 저는,,방송 꺼진줄알고 역대급 거짓말 자백 해버린 여캠 - 쫀득 마젠타",
        "description": "젠타의 생방송을 보고싶다면 트위치로!\n마젠타 트위치 채널: https://www.twitch.tv/magenta62\n젠타 구독해주기! (*ฅ́˘ฅ̀*)♡: https://bit.ly/2vb9Mp4\n\n마젠타 인스타그램: https://www.instagram.com/magenta_6262\n\n마젠타 팬카페: https://cafe.naver.com/magentacafe\n\n매일 방송시간 팬카페 공지!\n\n광고문의 : biz@pixelnetwork.co.kr\n\n------------------------------------------\n#쫀득 #사건#마젠타\n------------------------------------------\n\nby ㄱㅎ\n\nBGM Info:",
        "thumbnail": "https://i.ytimg.com/vi/xHL1f6BMJto/mqdefault.jpg",
        "youtubeVideoId": "xHL1f6BMJto",
        "uploadedDate": "2021-06-29T11:04:50Z",
        "viewCount": 58343,
        "isCommercial": "False"
    },
    {
        "id": "22c2b8f6-e79b-4620-a0cf-37f68b19397c",
        "title": "주다사네서 마젠타가?! 2년만에 친구집 뺏었습니다 - 합방 하이라이트",
        "description": "젠타의 생방송을 보고싶다면 트위치로!\n마젠타 트위치 채널: https://www.twitch.tv/magenta62\n젠타 구독해주기! (*ฅ́˘ฅ̀*)♡: https://bit.ly/2vb9Mp4\n\n마젠타 인스타그램: https://www.instagram.com/magenta_6262\n\n마젠타 팬카페: https://cafe.naver.com/magentacafe\n\n매일 방송시간 팬카페 공지!\n\n광고문의 : biz@pixelnetwork.co.kr\n\n------------------------------------------\n#주다사 #트위치 #마젠타\n------------------------------------------\n\n\n편집-반희",
        "thumbnail": "https://i.ytimg.com/vi/-sC3Ys8UOEQ/mqdefault.jpg",
        "youtubeVideoId": "-sC3Ys8UOEQ",
        "uploadedDate": "2021-06-24T10:30:51Z",
        "viewCount": 70270,
        "isCommercial": "False"
    },
    {
        "id": "bc154d55-2819-45da-a8ce-be0b6606a2cf",
        "title": "왜이러세요 민망해!제가 사귀자해서 이러는거에요? 뱃살얘기 그만! - 마젠타 쫀득 용형 합방",
        "description": "젠타의 생방송을 보고싶다면 트위치로!\n마젠타 트위치 채널: https://www.twitch.tv/magenta62\n젠타 구독해주기! (*ฅ́˘ฅ̀*)♡: https://bit.ly/2vb9Mp4\n\n마젠타 인스타그램: https://www.instagram.com/magenta_6262\n\n마젠타 팬카페: https://cafe.naver.com/magentacafe\n\n매일 방송시간 팬카페 공지!\n\n광고문의 : biz@pixelnetwork.co.kr\n\n------------------------------------------\n#쫀득 #용형 #마젠타\n------------------------------------------\n\n\n\n\n편집: 반희",
        "thumbnail": "https://i.ytimg.com/vi/MPN8mFlO31E/mqdefault.jpg",
        "youtubeVideoId": "MPN8mFlO31E",
        "uploadedDate": "2021-05-15T11:04:12Z",
        "viewCount": 131076,
        "isCommercial": "False"
    },
    {
        "id": "4f602234-c913-49ac-9522-2d0643eb3873",
        "title": "결혼기사 났어요..당신이랑!신부복입고 청혼하니까 역대급반응 ㅋㅋㅋ  마젠타 프로포즈 몰카",
        "description": "젠타의 생방송을 보고싶다면 트위치로!\n마젠타 트위치 채널: https://www.twitch.tv/magenta62\n젠타 구독해주기! (*ฅ́˘ฅ̀*)♡: https://bit.ly/2vb9Mp4\n\n마젠타 인스타그램: https://www.instagram.com/magenta_6262\n\n마젠타 팬카페: https://cafe.naver.com/magentacafe\n\n매일 방송시간 팬카페 공지!\n\n광고문의 : biz@pixelnetwork.co.kr\n\n------------------------------------------\n#결혼 #트위치 #마젠타\n------------------------------------------\n\n\nBGM Info:\n\nTitle: Dance Of The Sugar Plum Fairies / Wagon Wheel \nArtist: Kevin Macleod\n\nTitle: Brain Trust\nArtist: Wayne Jones\n\n편집 : 채씨트위치로!\n마젠타 트위치 채널: https://www.twitch.tv/magenta62\n젠타 구독해주기! (*ฅ́˘ฅ̀*)♡: https://bit.ly/2vb9Mp4\n\n마젠타 인스타그램: https://www.instagram.com/magenta_6262\n\n마젠타 팬카페: https://cafe.naver.com/magentacafe\n\n매일 방송시간 팬카페 공지!\n\n광고문의 : biz@pixelnetwork.co.kr\n\n------------------------------------------\n#몰카 #트위치 #마젠타\n------------------------------------------\n\n\nBGM Info:\n\nTitle: Dance Of The Sugar Plum Fairies / Wagon Wheel \nArtist: Kevin Macleod\n\nTitle: Brain Trust\nArtist: Wayne Jones\n\n🎵Music provided by 브금대통령 \n🎵Track : 지나간 여름의 꿈 - https://youtu.be/WUsYQ5N9VY8​ \n\n\n편집 : 채씨",
        "thumbnail": "https://i.ytimg.com/vi/nYIvydw-66A/mqdefault.jpg",
        "youtubeVideoId": "nYIvydw-66A",
        "uploadedDate": "2021-03-28T10:54:34Z",
        "viewCount": 80516,
        "isCommercial": "False"
    },
    {
        "id": "5d55b6ec-cbee-4a0e-a1b5-caf9585ea086",
        "title": "이렇게 잘 맞는데 14살차이가 무슨 소용이에요..! - 마젠타 케인 합방",
        "description": "젠타의 생방송을 보고싶다면 트위치로!\n마젠타 트위치 채널: https://www.twitch.tv/magenta62\n젠타 구독해주기! (*ฅ́˘ฅ̀*)♡: https://bit.ly/2vb9Mp4\n\n마젠타 인스타그램: https://www.instagram.com/magenta_6262\n\n마젠타 팬카페: https://cafe.naver.com/magentacafe\n\n매일 방송시간 팬카페 공지!\n\n광고문의 : biz@pixelnetwork.co.kr\n\n------------------------------------------\n# #트위치 #마젠타\n------------------------------------------\n\nmade by ㄱㅎ\n\nBGM Info:\n\nTitle: Investigations\nArtist: Kevin Macleod\n\nKevin MacLeod의 Investigations은(는) Creative Commons Attribution 라이선스(https://creativecommons.org/licenses/by/4.0/)에 따라 라이선스가 부여됩니다.\n출처: http://incompetech.com/music/royalty-free/index.html?isrc=USUAN1100646\n아티스트: http://incompetech.com/",
        "thumbnail": "https://i.ytimg.com/vi/rtba6lk7M0k/mqdefault.jpg",
        "youtubeVideoId": "rtba6lk7M0k",
        "uploadedDate": "2021-03-21T10:18:10Z",
        "viewCount": 91157,
        "isCommercial": "False"
    },
    {
        "id": "23c12998-e514-49d5-815d-ae21ccc1ad25",
        "title": "술취한 젠타의 진심..질투나 쫀득오빠.매번 다른 여자랑 연애해?나도 우결 - 루밍 요룰레히 쫀득 합방",
        "description": "젠타의 생방송을 보고싶다면 트위치로!\n마젠타 트위치 채널: https://www.twitch.tv/magenta62\n젠타 구독해주기! (*ฅ́˘ฅ̀*)♡: https://bit.ly/2vb9Mp4\n\n마젠타 인스타그램: https://www.instagram.com/magenta_6262\n\n마젠타 팬카페: https://cafe.naver.com/magentacafe\n\n매일 방송시간 팬카페 공지!\n\n------------------------------------------\n#쫀득 #우결 #마젠타\n------------------------------------------\n\n\nBGM Info:\n\nTitle: Dance Of The Sugar Plum Fairies / Wagon Wheel \nArtist: Kevin Macleod\n\nTitle: Brain Trust\nArtist: Wayne Jones\n\n\n편집: 티드_",
        "thumbnail": "https://i.ytimg.com/vi/muevssgcixc/mqdefault.jpg",
        "youtubeVideoId": "muevssgcixc",
        "uploadedDate": "2020-12-03T10:30:23Z",
        "viewCount": 118946,
        "isCommercial": "False"
    },
    {
        "id": "ee47698f-53c3-4c13-9dab-19205fa00694",
        "title": "소개팅남에게 섹시 간호사코스프레를 보여준 역대급 레전드 소개팅 ㅋㅋㅋ- 쫀득 마젠타 푸린 아바타 미팅!",
        "description": "여기 문제의 간호사 코스프레 영상 ~! https://youtu.be/VNzS3EMzPdE\n젠타의 생방송을 보고싶다면 트위치로!\n마젠타 트위치 채널: https://www.twitch.tv/magenta62\n젠타 구독해주기! (*ฅ́˘ฅ̀*)♡: https://bit.ly/2vb9Mp4\n\n마젠타 인스타그램: https://www.instagram.com/magenta_6262\n\n마젠타 트게더: https://tgd.kr/magenta62\n\n매일 방송시간 트게더 공지!\n\n------------------------------------------\n#푸린 #아바타소개팅 #마젠타\n------------------------------------------\n\n\nBGM Info:\n\n\n🎵Music provided by 브금대통령\n🎵Track : Piece of Cake - https://youtu.be/P0SfHRQY1A4\n\n🎵Music provided by 브금대통령\n🎵Track : Rabbit Hole  - https://youtu.be/Xb66dp1QxVY\n\n🎵Music provided by 브금대통령 \n🎵Track : Beagle's Plan - https://youtu.be/-7YrI98dgKg \n\n🎵Music provided by 브금대통령\n🎵Track : The Walking Cat - https://youtu.be/tA-t_wpcqlE\n\n🎵Music provided by 브금대통령\n🎵Track : 조별과제 - https://youtu.be/wLuWmPrJkSk\n\n🎵Music provided by 브금대통령\n🎵Track : 널 만나러 가는길 - https://youtu.be/F71EcRblej0\n\n🎵Music provided by 브금대통령\n🎵Track : 눈치게임 - https://youtu.be/zq8p0Rk6lRM\n\n\nTitle: Insvestigations\nArtist: Kevin Macleod",
        "thumbnail": "https://i.ytimg.com/vi/wflTpM_q8yc/mqdefault.jpg",
        "youtubeVideoId": "wflTpM_q8yc",
        "uploadedDate": "2020-09-04T10:01:30Z",
        "viewCount": 123413,
        "isCommercial": "False"
    },
    {
        "id": "ee8f1d23-4a48-4357-959c-e45678e83a1b",
        "title": "모쏠은 아니지만 외로워!드디어 마법사 탈출? 섹시여캠에게 우결이  -  마젠타 쫀득 소개팅",
        "description": "젠타의 생방송을 보고싶다면 트위치로!\n마젠타 트위치 채널: https://www.twitch.tv/magenta62\n젠타 구독해주기! (*ฅ́˘ฅ̀*)♡: https://bit.ly/2vb9Mp4\n\n마젠타 인스타그램: https://www.instagram.com/magenta_6262\n\n마젠타 트게더: https://tgd.kr/magenta62\n\n매일 방송시간 트게더 공지!\n\n------------------------------------------\n#소개팅 #쫀득 #마젠타\n------------------------------------------\n\n\nBGM Info:\n\nTitle: Rainy Day Games\nArtist: The Green Orbs\n\nTitle: Amazing Plan - Silent Film Dark\nArtist: Kevin Macleod\n\nTitle: Once\nArtist: Silent Partner\n\n🎵Music provided by 브금대통령\n🎵Track : 갑자기 멍때리기 - https://youtu.be/TdQYTw-jhw8\n\n🎵Music provided by 브금대통령\n🎵Track : The Walking Cat - https://youtu.be/tA-t_wpcqlE\n\n🎵Music provided by 브금대통령\n🎵Track : A Pleasant Step  - https://youtu.be/upVhvt3j4vo\n\n🎵Music provided by 브금대통령\n🎵Track : To My Goal - https://youtu.be/CfKoA1nr-0Q\n\n\n편집: 티드_",
        "thumbnail": "https://i.ytimg.com/vi/rA83hlGaRHc/mqdefault.jpg",
        "youtubeVideoId": "rA83hlGaRHc",
        "uploadedDate": "2020-08-30T10:01:38Z",
        "viewCount": 157289,
        "isCommercial": "False"
    },
    {
        "id": "9b712b06-8e6c-4629-8187-8122749cb1bb",
        "title": "키스의 맛이 어떤가요?14살연상의 케인님 집으로 처들어가 여캠의 화끈한 맛을 보여드렸습니다 ! - 마젠타 합방",
        "description": "젠타의 생방송을 보고싶다면 트위치로!\n마젠타 트위치 채널: https://www.twitch.tv/magenta62\n젠타 구독해주기! (*ฅ́˘ฅ̀*)♡: https://bit.ly/2vb9Mp4\n\n마젠타 인스타그램: https://www.instagram.com/magenta_6262\n\n마젠타 트게더: https://tgd.kr/magenta62\n\n매일 방송시간 트게더 공지!\n\n------------------------------------------\n#케인 #키스젤리 #마젠타\n------------------------------------------\n\n\nBGM Info:\n\nTitle: Dance Of The Sugar Plum Fairies / Wagon Wheel \nArtist: Kevin Macleod\n\nTitle: Brain Trust\nArtist: Wayne Jones\n\n🎵Music provided by 브금대통령\n🎵Track : Devil's Deal - https://youtu.be/NwGFOaCYgEc\n\n편집 : 채씨",
        "thumbnail": "https://i.ytimg.com/vi/6ogsiv-C0Fo/mqdefault.jpg",
        "youtubeVideoId": "6ogsiv-C0Fo",
        "uploadedDate": "2020-08-18T10:48:45Z",
        "viewCount": 237110,
        "isCommercial": "False"
    },
    {
        "id": "f34aa4b1-3d40-4ac4-bf0e-f13325c9eff1",
        "title": "사고?언니 속옷 뭐입었어?보여줘!쫀득님 여친 후보들을 술먹고 뺏었습니다 여자 좋아! - 마젠타 쫀득 남봉 땡지 술먹방 합방",
        "description": "젠타의 생방송을 보고싶다면 트위치로!\n마젠타 트위치 채널: https://www.twitch.tv/magenta62\n젠타 구독해주기! (*ฅ́˘ฅ̀*)♡: https://bit.ly/2vb9Mp4\n\n마젠타 인스타그램: https://www.instagram.com/magenta_6262\n\n마젠타 트게더: https://tgd.kr/magenta62\n\n매일 방송시간 트게더 공지!\n\n------------------------------------------\n#쫀득 #술먹방 #마젠타\n------------------------------------------\n\n\nBGM Info:\n\nTitle: Rainy Day Games\nArtist: The Green Orbs\n\nTitle: Do Do Do\nArtist: Silent Partner\n\nTitle: Amazing Plan - Silent Film Dark\nArtist: Kevin MacLeod\n\n🎵Music provided by 브금대통령\n🎵Track : 내 꿈은 말이지 - https://youtu.be/8US4NF1bzlE\n\n🎵Music provided by 브금대통령\n🎵Track : Ready To Nap - https://youtu.be/UZE2a9gTsDk\n\n🎵Music provided by 브금대통령\n🎵Track : 강아지같아 - https://youtu.be/tPxR7npln9w\n\n🎵Music provided by 브금대통령\n🎵Track : Confusing Road - https://youtu.be/ydPppyQQdPc\n\n🎵Music provided by 브금대통령\n🎵Track : A Pleasant Step  - https://youtu.be/upVhvt3j4vo\n\n\n편집: 티드_",
        "thumbnail": "https://i.ytimg.com/vi/m4Q_-rJhmNY/mqdefault.jpg",
        "youtubeVideoId": "m4Q_-rJhmNY",
        "uploadedDate": "2020-07-14T10:31:23Z",
        "viewCount": 278249,
        "isCommercial": "False"
    },
    {
        "id": "24a645ca-672d-4674-ae8c-10379cc89352",
        "title": "연애시작으로 스킨십을 시작했어요! 어장고백 레전드 ㅋㅋㅋ - 마젠타 쫀득 우결 합방",
        "description": "젠타의 생방송을 보고싶다면 트위치로!\n마젠타 트위치 채널: https://www.twitch.tv/magenta62\n젠타 구독해주기! (*ฅ́˘ฅ̀*)♡: https://bit.ly/2vb9Mp4\n\n마젠타 인스타그램: https://www.instagram.com/magenta_6262\n\n마젠타 트게더: https://tgd.kr/magenta62\n\n매일 방송시간 트게더 공지!\n\n------------------------------------------\n#쫀득 #우결 #마젠타\n------------------------------------------\n\n\nBGM Info:\n\nTitle: Amazing Plan - Silent Film Dark\nArtist: Kevin Macleod\n\nTitle: Jolly Old St Nicholas (Instrumental)\nArtist: E's Jammy Jams\n\n🎵Music provided by 브금대통령\n🎵Track : 봄 바람 - https://youtu.be/WZk_Yz5Ua-A\n\n🎵Music provided by 브금대통령\n🎵Track : 햄스터의 모험 - https://youtu.be/xfFzi-ryDVQ\n\n🎵Music provided by 브금대통령\n🎵Track : 소라게의 모험 - https://youtu.be/rtqwpjoRXNc\n\n🎵Music provided by 브금대통령\n🎵Track : Our Love Story - https://youtu.be/NVZDvCEdMV0\n\n🎵Music provided by 브금대통령\n🎵Track : 알수없는 9살인생 - https://youtu.be/vq9RxbWWWFo\n\n🎵Music provided by 브금대통령\n🎵Track : Confusing Road - https://youtu.be/ydPppyQQdPc\n\n🎵Music provided by 브금대통령\n🎵Track : 알쏭달쏭 - https://youtu.be/Q_F3O2h0xrg\n\n\n편집: 티드_",
        "thumbnail": "https://i.ytimg.com/vi/sOUnDYzhOSg/mqdefault.jpg",
        "youtubeVideoId": "sOUnDYzhOSg",
        "uploadedDate": "2020-06-20T08:56:20Z",
        "viewCount": 106092,
        "isCommercial": "False"
    },
    {
        "id": "e75c095e-933d-46f1-a9b3-1f9d79240db9",
        "title": "귀여운 여자친구가 너무 좋은 쫀득님! 쫀마코인의 끝! 준석씨 좋죠? - 마젠타 쫀득 합방 1부!",
        "description": "젠타의 생방송을 보고싶다면 트위치로!\n마젠타 트위치 채널: https://www.twitch.tv/magenta62\n젠타 구독해주기! (*ฅ́˘ฅ̀*)♡: https://bit.ly/2vb9Mp4\n\n마젠타 인스타그램: https://www.instagram.com/magenta_6262\n\n마젠타 트게더: https://tgd.kr/magenta62\n\n매일 방송시간 트게더 공지!\n\n------------------------------------------\n#쫀득 #우결 #마젠타\n------------------------------------------\n\n\nBGM Info:\n\nTitle: Dance Of The Sugar Plum Fairies / Wagon Wheel \nArtist: Kevin Macleod\n\nTitle: Brain Trust\nArtist: Wayne Jones",
        "thumbnail": "https://i.ytimg.com/vi/EUL6dBSx8v0/mqdefault.jpg",
        "youtubeVideoId": "EUL6dBSx8v0",
        "uploadedDate": "2020-06-18T11:26:05Z",
        "viewCount": 251432,
        "isCommercial": "False"
    },
    {
        "id": "7bdea1a8-10fc-4921-a51d-7ae81bbd4778",
        "title": "어장인거알아도 저는 좋아요.. 우결합시다 ! 쫀마코인 존버  - 마젠타 쫀득  억결 하이라이트!",
        "description": "젠타의 생방송을 보고싶다면 트위치로!\n마젠타 트위치 채널: https://www.twitch.tv/magenta62\n젠타 구독해주기! (*ฅ́˘ฅ̀*)♡: https://bit.ly/2vb9Mp4\n\n마젠타 인스타그램: https://www.instagram.com/magenta_6262\n\n마젠타 트게더: https://tgd.kr/magenta62\n\n매일 방송시간 트게더 공지!\n\n------------------------------------------\n#쫀득  #트위치 #마젠타\n------------------------------------------\n\n\nBGM Info:\n\nTitle: Dance Of The Sugar Plum Fairies / Wagon Wheel \nArtist: Kevin Macleod\n\nTitle: Brain Trust\nArtist: Wayne Jones\n\n편집 : 채씨",
        "thumbnail": "https://i.ytimg.com/vi/qelnHZwlphw/mqdefault.jpg",
        "youtubeVideoId": "qelnHZwlphw",
        "uploadedDate": "2020-05-31T10:06:35Z",
        "viewCount": 208552,
        "isCommercial": "False"
    },
    {
        "id": "a471a2ea-fde5-40b7-b8e2-5fea709bea9c",
        "title": "야 나랑 논란거리 만들고 싶어?딱대 ! 오우 선넘는 여자들 ㅋㅋㅋ  - 토마토 마젠타 술먹방 하이라이트",
        "description": "젠타의 생방송을 보고싶다면 트위치로!\n마젠타 트위치 채널: https://www.twitch.tv/magenta62\n젠타 구독해주기! (*ฅ́˘ฅ̀*)♡: https://bit.ly/2vb9Mp4\n\n마젠타 인스타그램: https://www.instagram.com/magenta_6262\n\n마젠타 트게더: https://tgd.kr/magenta62\n\n매일 방송시간 트게더 공지!\n\n------------------------------------------\n#토마토 #트위치 #마젠타\n------------------------------------------\n\n\nBGM Info:\n\nMusic provided by 브금대통령\nTrack : 뒤뚱뒤뚱 - https://youtu.be/X_88SH4Z_CQ\n\nMusic provided by 브금대통령\nTrack : I Wanna be a Rockstar - https://youtu.be/HC-ODkmRzfc\n\nMusic provided by 브금대통령\nTrack : 나를 소개하지 2 - https://youtu.be/82Ayly13vMM\n\nMusic provided by 브금대통령\nTrack : 알쏭달쏭 - https://youtu.be/Q_F3O2h0xrg\n\n\n편집: 티드_",
        "thumbnail": "https://i.ytimg.com/vi/xCZ-73yWnfg/mqdefault.jpg",
        "youtubeVideoId": "xCZ-73yWnfg",
        "uploadedDate": "2020-05-17T10:04:46Z",
        "viewCount": 257120,
        "isCommercial": "False"
    },
    {
        "id": "b4fa6dc0-4856-4e55-b277-fde421657366",
        "title": "그래 사귀자 오늘부터 1일이다! 쫀득님...그동안 저를..? - 마젠타 쫀득  하이라이트",
        "description": "해당 영상은 픽션입니다 (아마)\n젠타의 생방송을 보고싶다면 트위치로!\n마젠타 트위치 채널: https://www.twitch.tv/magenta62\n젠타 구독해주기! (*ฅ́˘ฅ̀*)♡: https://bit.ly/2vb9Mp4\n\n마젠타 인스타그램: https://www.instagram.com/magenta_6262\n\n마젠타 트게더: https://tgd.kr/magenta62\n\n매일 방송시간 트게더 공지!\n\n------------------------------------------\n#쫀득 #트위치 #마젠타\n------------------------------------------\n\n\nBGM Info:\n\nTitle: Dance Of The Sugar Plum Fairies / Wagon Wheel \nArtist: Kevin Macleod\n\nTitle: Brain Trust\nArtist: Wayne Jones\n\n🎵Music provided by 브금대통령\n🎵Track : 소라게의 모험 - https://youtu.be/rtqwpjoRXNc\n\n편집 : 채씨",
        "thumbnail": "https://i.ytimg.com/vi/yMilMtTWqxI/mqdefault.jpg",
        "youtubeVideoId": "yMilMtTWqxI",
        "uploadedDate": "2020-05-14T09:38:58Z",
        "viewCount": 222036,
        "isCommercial": "False"
    }
]