[
    {
        "id": "111c2601-7310-40de-9fb0-12f5f7cd6d31",
        "title": "[Game]눈물의 명작게임 투더문 (To the moon)FUll 5시간 영상 (스팀게임,감동게임,명작,슬픈게임,)",
        "description": "이번에는 방송중에 했던 투더문영상입니다.\n긴영상이라서 부담스럽지만 정말 한번쯤 다 보시면 좋으실것같습니다!중간중간 편집이 불가능했던점 양해바랍니다 ㅠㅠ\n\n[계정바뀜] 아프리카TV: http://afreecatv.com/ggulsuna\nSUNA Facebook: https://www.facebook.com/kyoung.jeon.92\nSUNA Instargram: https://www.instagram.com/ninanyny_/\nSUNA Twitch: https://www.twitch.tv/ggulsuna",
        "thumbnail": "https://i.ytimg.com/vi/JdJO3Tpl0m8/mqdefault.jpg",
        "youtubeVideoId": "JdJO3Tpl0m8",
        "uploadedDate": "2016-12-23T11:31:25Z",
        "viewCount": 0,
        "isCommercial": "False"
    }
]