[
    {
        "id": "cbe8a8be-b234-4ee1-a22b-fdbadbbd1b52",
        "title": "29살, 서울 상경해서 6개월만에 본가 내려오기까지 [준비생 EP4]",
        "description": "𝐈𝐧𝐬𝐭𝐚𝐠𝐫𝐚𝐦 • https://www.instagram.com/somz_zi/\n𝐂𝐨𝐧𝐭𝐚𝐜𝐭 • ds02_28@naver.com \n\n----\n안녕 얘들아 랜선언니 솜찌야 \n허헣... 6개월 서울 살고 내려왔는데 \n그동안 뭘 했는지 왜 그렇게 방황했는지 \n돌아보는 시간을 가졌어,,,, 그리고 내린 결론! \n\n오늘도 즐감!!!!! \n\n\n----\n✨ 𝐓𝐈𝐌𝐄𝐋𝐈𝐍𝐄\n0:00 인트로 \n0:10 지방러 서울 상경 \n1:18 서울 중도포기?  \n2:20 왜 그랬을까 \n3:58 중대 발표....",
        "thumbnail": "https://i.ytimg.com/vi/zFXpE98wkC0/mqdefault.jpg",
        "youtubeVideoId": "zFXpE98wkC0",
        "uploadedDate": "2022-10-08T01:35:12Z",
        "viewCount": 8108,
        "isCommercial": "False"
    },
    {
        "id": "360ff656-e115-4330-bbea-0a825814fa41",
        "title": "29살은 알바하면 안되나요...!? [준비생 EP3]",
        "description": "𝐈𝐧𝐬𝐭𝐚𝐠𝐫𝐚𝐦 • https://www.instagram.com/somz_zi/\n𝐂𝐨𝐧𝐭𝐚𝐜𝐭 • ds02_28@naver.com \n\n----\n안녕 얘들아 랜선언니 솜찌야\n2달간 준비생 영상이 뜸했지?\n\n생각정리도 좀 하고 \n그동안 이런걸...좀 해봤어!\n오늘도 즐감! ㅎㅎ",
        "thumbnail": "https://i.ytimg.com/vi/4wfaFWE9MwE/mqdefault.jpg",
        "youtubeVideoId": "4wfaFWE9MwE",
        "uploadedDate": "2022-07-28T08:12:54Z",
        "viewCount": 5518,
        "isCommercial": "False"
    },
    {
        "id": "c1872453-9a00-4eb1-9eff-e774f9443f87",
        "title": "(또 사고쳤다...)바디프로필 또 찍습니다 이번엔 하와이에서!..😳 [준비생 ep3]",
        "description": "𝐈𝐧𝐬𝐭𝐚𝐠𝐫𝐚𝐦 • https://www.instagram.com/somz_zi/\n𝐂𝐨𝐧𝐭𝐚𝐜𝐭 • ds02_28@naver.com \n\n---\n\n*랜선언니 컨셉으로 반말 사용하는 점 양해 부탁드립니다* \n\n안녕 얘들아 랜선언니 솜찌야!\n어느날 인스타그램에 올라온 '하와이 바디프로필 촬영자 모집'글을 보고 \n너무 가슴이 뛰어서 덥석...신청해버렸지 뭐야 \n\n왜 두근거렸을까? 왜 뒷일 생각 안하고 질렀을까?",
        "thumbnail": "https://i.ytimg.com/vi/ONWpuLzrmR0/mqdefault.jpg",
        "youtubeVideoId": "ONWpuLzrmR0",
        "uploadedDate": "2022-05-12T04:09:36Z",
        "viewCount": 3857,
        "isCommercial": "False"
    },
    {
        "id": "fd057dfb-e543-4512-a1c9-58e23386bf07",
        "title": "29살 백수, 일 구하겠다고 무작정 서울 상경해서 한달간 한 것들 [준비생 ep1]",
        "description": "𝐈𝐧𝐬𝐭𝐚𝐠𝐫𝐚𝐦 • https://www.instagram.com/somz_zi/\n𝐂𝐨𝐧𝐭𝐚𝐜𝐭 • ds02_28@naver.com \n\n⎽⎽⎽\n\n안녕 얘들아 랜선언니 솜찌야 \n서울 상경하고 한달간 했던 일들에 대한 영상을 시작으로 \n앞으로 하고픈 일을 찾는 과정을 솔직하게 담아보려해 \n\n본격... 준비생 콘텐츠 시작!\n앞으로 어떻게 성장할지 지켜봐줘 즐감 ♡\n\n⎽⎽⎽\n\n✨ 𝐓𝐈𝐌𝐄𝐋𝐈𝐍𝐄\n0:00 intro\n0:09 1 \n1:24 2\n3:01 3\n4:09 4\n5:11 5",
        "thumbnail": "https://i.ytimg.com/vi/tMtikaAkrPc/mqdefault.jpg",
        "youtubeVideoId": "tMtikaAkrPc",
        "uploadedDate": "2022-04-11T02:37:23Z",
        "viewCount": 10525,
        "isCommercial": "False"
    },
    {
        "id": "95a78454-751d-4a61-a311-95cc63064fa1",
        "title": "꾹 참다 꺼내보는 이야기...인생이란 뭘까? [준비생 ep0]",
        "description": "𝐈𝐧𝐬𝐭𝐚𝐠𝐫𝐚𝐦 • https://www.instagram.com/somz_zi/\n𝐂𝐨𝐧𝐭𝐚𝐜𝐭 • ds02_28@naver.com \n\n⎽⎽⎽\n\n안녕 얘들아 랜선언니 솜찌야\n이번 영상은 그간 말하지 못했던 나의 고민들을 \n랜선 동생들한테 그냥,,, 나 이렇다구 털어놓는 영상이야ㅠ_ㅠ \n\n참 인생이란 뭘까\n요즘 많은 생각이 들더라고\n\n어떤 생각으로 이런 결심을 하게됐는지\n앞으론 어떻게 살아갈지\n조심스럽게 영상으로 담아봤어\n\n오늘도 잘 봐줘!",
        "thumbnail": "https://i.ytimg.com/vi/OXb-r9V6_9w/mqdefault.jpg",
        "youtubeVideoId": "OXb-r9V6_9w",
        "uploadedDate": "2022-04-12T00:32:00Z",
        "viewCount": 20140,
        "isCommercial": "False"
    },
    {
        "id": "a06cf792-1fa3-414b-91ea-7bb08eda4493",
        "title": "Private video",
        "description": "This video is private.",
        "thumbnail": null,
        "youtubeVideoId": "MvQh8xHd8LM",
        "uploadedDate": "2022-05-03T09:12:08Z",
        "viewCount": 4296,
        "isCommercial": "False"
    }
]