[
    {
        "id": "d805e585-7b74-4f71-aa7f-b899efad596b",
        "title": "초코에몽 뺏어먹은 친구를 999.999999999m로 날려버렸다!! [마인크래프트 함정 상황극] Minecraft",
        "description": "트위치 생방 주소 ㄱ\nhttps://www.twitch.tv/pjs9073",
        "thumbnail": "https://i.ytimg.com/vi/n8RR0yDMAXY/mqdefault.jpg",
        "youtubeVideoId": "n8RR0yDMAXY",
        "uploadedDate": "2017-11-29T06:27:26Z",
        "viewCount": 0,
        "isCommercial": "False"
    },
    {
        "id": "053f8596-828c-4e04-901f-15a9cb8bbe8f",
        "title": "초강력 헐크 물약을 먹고 체력이 9999999만이 되어서 일찐을 물리치다!! [마인크래프트 함정 상황극] Minecraft",
        "description": "트위치 생방 주소 ㄱ\nhttps://www.twitch.tv/pjs9073",
        "thumbnail": "https://i.ytimg.com/vi/jeitdD_cO9E/mqdefault.jpg",
        "youtubeVideoId": "jeitdD_cO9E",
        "uploadedDate": "2017-12-06T05:33:50Z",
        "viewCount": 0,
        "isCommercial": "False"
    }
]