[
    {
        "id": "7467c4e1-bffd-4834-bed4-c30e8ff08099",
        "title": "앗.. 이게 우리 신혼집..?",
        "description": "집 가구 내가 다 해올 테니 너는 너만 와\n\n◇비즈니스 문의 : kimfriendshiping@gmail.com\n\n◆우정잉 팬카페 http://cafe.daum.net/ingsfriend\n◆트위치 생방송 https://www.twitch.tv/nanajam777 \n◆인스타그램 https://www.instagram.com/friendshiping94\n\n\n21.12.01 수요일 방송분입니다.\n#마인크래프트 #마크 #쫀득",
        "thumbnail": "https://i.ytimg.com/vi/qon3wZjmFA0/mqdefault.jpg",
        "youtubeVideoId": "qon3wZjmFA0",
        "uploadedDate": "2021-12-17T07:32:18Z",
        "viewCount": 51599,
        "isCommercial": "False"
    },
    {
        "id": "dd002333-a2c7-4468-95e9-c99f48e9119a",
        "title": "야생에서 땅굴 만들 준비의 준비의 준비의 준비",
        "description": "외쳐 휘용\n\n◇비즈니스 문의 : kimfriendshiping@gmail.com\n\n◆우정잉 팬카페 http://cafe.daum.net/ingsfriend\n◆트위치 생방송 https://www.twitch.tv/nanajam777 \n◆인스타그램 https://www.instagram.com/friendshiping94\n\n\n21.11.11 목요일 방송분입니다.\n#마인크래프트 #마크 #휘용",
        "thumbnail": "https://i.ytimg.com/vi/HNHzia5_47A/mqdefault.jpg",
        "youtubeVideoId": "HNHzia5_47A",
        "uploadedDate": "2021-12-16T04:42:50Z",
        "viewCount": 39988,
        "isCommercial": "False"
    },
    {
        "id": "780f978c-91c2-4e76-b3b7-9930a3c52137",
        "title": "강백멤버들과 함께 크리스마스 보내기!!",
        "description": "#크리스마스 #강백멤버 #마인크래프트\n----------------------\n우정잉 팬카페 http://cafe.daum.net/ingsfriend/\n트위치 생방송 https://www.twitch.tv/nanajam777\n----------------------",
        "thumbnail": "https://i.ytimg.com/vi/eWoZjnTBz6c/mqdefault.jpg",
        "youtubeVideoId": "eWoZjnTBz6c",
        "uploadedDate": "2021-01-09T06:36:35Z",
        "viewCount": 38909,
        "isCommercial": "False"
    },
    {
        "id": "eb92ed69-627a-41e4-8c2b-3650c96aa7df",
        "title": "인싸파티가 있다고 해서 가봤습니다...",
        "description": "#2020연말 #트위치파티 #마인크래프트\n----------------------\n우정잉 팬카페 http://cafe.daum.net/ingsfriend/\n트위치 생방송 https://www.twitch.tv/nanajam777\n----------------------",
        "thumbnail": "https://i.ytimg.com/vi/GtQSAMrgSi0/mqdefault.jpg",
        "youtubeVideoId": "GtQSAMrgSi0",
        "uploadedDate": "2021-01-08T06:28:21Z",
        "viewCount": 67953,
        "isCommercial": "False"
    },
    {
        "id": "f2e9ccc0-bcaf-4efa-b21a-5c69198cbc45",
        "title": "마린이 너무 커여워..후욱후욱..",
        "description": "우정잉의 생방송은 여기서 확인하세요!\n우정잉 트위치 https://www.twitch.tv/nanajam777\n#마인크래프트 #마린이 #우루사\n\nTrack : 귀여운 BGM 모음\nMusic by 브금대통령 \nMusic provided by 브금대통령\nWatch : https://youtu.be/hgNrf9QqAA0",
        "thumbnail": "https://i.ytimg.com/vi/-7JcJMUTZl0/mqdefault.jpg",
        "youtubeVideoId": "-7JcJMUTZl0",
        "uploadedDate": "2019-12-18T08:19:37Z",
        "viewCount": 123426,
        "isCommercial": "False"
    },
    {
        "id": "3763fd91-6388-498d-81d4-47bbc0dd5b15",
        "title": "엔더 드래곤을 잡았는데 마무리가..?",
        "description": "191003_마인크래프트\n\n우정잉의 생방송은 여기서 확인하세요!\n우정잉 트위치 https://www.twitch.tv/nanajam777\n#마인크래프트 #마크 #MINECRAFT\n\nMusic Provided by Mitch Music\nTitle: Funny Bone\nLink:  https://youtu.be/GoPfCriKrcY\n\n\nJay Man - OurMusicBox\nhttp://www.youtube.com/c/ourmusicbox\n\n\nNoWay2 by PeriTune https://soundcloud.com/sei_peridot\nCreative Commons ? Attribution 3.0 Unported  ? CC BY 3.0 \nhttp://creativecommons.org/licenses/b...\nMusic promoted by Audio Library https://youtu.be/2-o5lE9OdRY",
        "thumbnail": "https://i.ytimg.com/vi/kADecUAbm4s/mqdefault.jpg",
        "youtubeVideoId": "kADecUAbm4s",
        "uploadedDate": "2019-10-20T08:13:09Z",
        "viewCount": 97209,
        "isCommercial": "False"
    },
    {
        "id": "47e44d0e-042e-4660-bd27-38ff541bfd1e",
        "title": "어이-... 이것이 '친구'라는 거다-..",
        "description": "190930_마인크래프트\n\n우정잉의 생방송은 여기서 확인하세요!\n우정잉 트위치 https://www.twitch.tv/nanajam777\n#마인크래프트 #마크 #MINECRAFT\n\n\nNoWay2 by PeriTune https://soundcloud.com/sei_peridot\nCreative Commons ? Attribution 3.0 Unported  ? CC BY 3.0 \nhttp://creativecommons.org/licenses/b...\nMusic promoted by Audio Library https://youtu.be/2-o5lE9OdRY\n\n\nMusic by Jay Man - OurMusicBox\nhttp://www.youtube.com/c/ourmusicbox\nhttp://ourmusicbox.com/\n\n\nJay Man - OurMusicBox\nhttp://www.youtube.com/c/ourmusicbox\n\n\nMusic Provided by Mitch Music\nTitle: Funny Bone\nLink:  https://youtu.be/GoPfCriKrcY",
        "thumbnail": "https://i.ytimg.com/vi/IJuunCaEvrw/mqdefault.jpg",
        "youtubeVideoId": "IJuunCaEvrw",
        "uploadedDate": "2019-10-13T07:27:55Z",
        "viewCount": 130677,
        "isCommercial": "False"
    },
    {
        "id": "8b7650bd-dc61-4080-a96d-c3389b8ec209",
        "title": "26살 두명이 게임 가지고 싸운 사연",
        "description": "190925_마인크래프트\n\n우정잉의 생방송은 여기서 확인하세요!\n우정잉 트위치 https://www.twitch.tv/nanajam777\n#마크 #마인크래프트 #Minecraft\n\nMusic Provided by Mitch Music\nTitle: Funny Bone\nLink:  https://youtu.be/GoPfCriKrcY\n\n\nJay Man - OurMusicBox\nhttp://www.youtube.com/c/ourmusicbox\n\n\nMusic by Jay Man - OurMusicBox\nhttp://www.youtube.com/c/ourmusicbox\nhttp://ourmusicbox.com/\n\n\nNoWay2 by PeriTune https://soundcloud.com/sei_peridot\nCreative Commons ? Attribution 3.0 Unported  ? CC BY 3.0 \nhttp://creativecommons.org/licenses/b...\nMusic promoted by Audio Library https://youtu.be/2-o5lE9OdRY",
        "thumbnail": "https://i.ytimg.com/vi/o5wJ7bE-kxI/mqdefault.jpg",
        "youtubeVideoId": "o5wJ7bE-kxI",
        "uploadedDate": "2019-10-06T07:57:17Z",
        "viewCount": 171887,
        "isCommercial": "False"
    },
    {
        "id": "50123f3c-f650-48c0-9c1e-b6d55491cf58",
        "title": "안녕하세요 우엉징입니다.",
        "description": "사과영상 아닙니다\n\n190908_마인크래프트\n\n#마인크래프트 #마크 #마린이\n\n우정잉의 생방송은 여기서 확인하세요!\n우정잉 트위치 https://www.twitch.tv/nanajam777",
        "thumbnail": "https://i.ytimg.com/vi/B-oEhDvvR-8/mqdefault.jpg",
        "youtubeVideoId": "B-oEhDvvR-8",
        "uploadedDate": "2019-09-22T09:52:41Z",
        "viewCount": 319896,
        "isCommercial": "False"
    },
    {
        "id": "6d189a5f-c2a9-4490-bdb0-7f4788123b9d",
        "title": "제 소중한 엘리자베스를 죽인 범인을 찾습니다",
        "description": "190906_마인크래프트\n\n우정잉의 생방송은 여기서 확인하세요!\n우정잉 트위치 https://www.twitch.tv/nanajam777\n#마크 #마인크래프트 #멀티",
        "thumbnail": "https://i.ytimg.com/vi/h4bAFS75JfE/mqdefault.jpg",
        "youtubeVideoId": "h4bAFS75JfE",
        "uploadedDate": "2019-09-15T11:54:20Z",
        "viewCount": 106719,
        "isCommercial": "False"
    },
    {
        "id": "01b049bd-b0d4-4c49-bb8c-92fc8b5fcfb8",
        "title": "멀티에 초대 받았는데..여기 전쟁서버인가요?",
        "description": "190901_마인크래프트\n\n우정잉의 생방송은 여기서 확인하세요!\n우정잉 트위치 https://www.twitch.tv/nanajam777\n#마크 #마인크래프트 #멀티",
        "thumbnail": "https://i.ytimg.com/vi/JZvrhTEnnVA/mqdefault.jpg",
        "youtubeVideoId": "JZvrhTEnnVA",
        "uploadedDate": "2019-09-08T11:01:19Z",
        "viewCount": 124496,
        "isCommercial": "False"
    },
    {
        "id": "b5332598-fe27-4f48-98cc-953933a0632c",
        "title": "이런 게임 다시는..안 해... [마린이의 마인크래프트 생존기 5일차]",
        "description": "190826_마인크래프트\n\n지각을 씨게 했네요 죄송합니다 (_ _)\n\n우정잉의 생방송은 여기서 확인하세요!\n우정잉 트위치 https://www.twitch.tv/nanajam777\n#마크 #마인크래프트 #마린이",
        "thumbnail": "https://i.ytimg.com/vi/ngmJ9tRIReU/mqdefault.jpg",
        "youtubeVideoId": "ngmJ9tRIReU",
        "uploadedDate": "2019-09-07T14:23:44Z",
        "viewCount": 113257,
        "isCommercial": "False"
    },
    {
        "id": "7bb18e6e-7d81-46cf-ab3c-8afe015a27c2",
        "title": "오늘은 반드시 힐링하고 만다.. [마린이의 마인크래프트 생존기 4일차]",
        "description": "190823_마인크래프트\n\n우정잉의 생방송은 여기서 확인하세요!\n우정잉 트위치 https://www.twitch.tv/nanajam777\n#마크 #마인크래프트 #마린이",
        "thumbnail": "https://i.ytimg.com/vi/VE-dNoqQ3oc/mqdefault.jpg",
        "youtubeVideoId": "VE-dNoqQ3oc",
        "uploadedDate": "2019-08-31T14:32:59Z",
        "viewCount": 90128,
        "isCommercial": "False"
    },
    {
        "id": "26ec8002-8915-4837-91bf-bb01a8590715",
        "title": "(발암주의/레전드) 나는 3시간 동안 뭘 했는가  [마린이의 마인크래프트 생존기 3일차]",
        "description": "편) 분량이 조금 많아서 업로드가 늦었습니다 죄송합니다 (_ _)\n편집을 생각보다 못 살려서 기회가 된다면 전체 영상을 올려드리도록 하겠읍니다!\n\n우정잉의 생방송은 여기서 확인하세요!\n우정잉 트위치 https://www.twitch.tv/nanajam777\n#마인크래프트 #마린이 #힐링",
        "thumbnail": "https://i.ytimg.com/vi/BqwTYK8rEx8/mqdefault.jpg",
        "youtubeVideoId": "BqwTYK8rEx8",
        "uploadedDate": "2019-08-28T13:36:47Z",
        "viewCount": 108042,
        "isCommercial": "False"
    },
    {
        "id": "6b088216-8ee1-425a-a945-024885cbeadf",
        "title": "힐링게임 맞네요^^ (시청자만^^) [마린이의 마인크래프트 생존기 2일차]",
        "description": "우정잉의 생방송은 여기서 확인하세요!\n우정잉 트위치 https://www.twitch.tv/nanajam777\n#마인크래프트 #마린이 #힐링",
        "thumbnail": "https://i.ytimg.com/vi/U19VTQ4VGmc/mqdefault.jpg",
        "youtubeVideoId": "U19VTQ4VGmc",
        "uploadedDate": "2019-08-24T11:05:24Z",
        "viewCount": 108044,
        "isCommercial": "False"
    },
    {
        "id": "9d5ec244-cd2e-460a-91d9-cb19d8f06d93",
        "title": "이거 힐링게임 아니에요..? [마린이의 마인크래프트 생존기 1일차]",
        "description": "우정잉의 생방송은 여기서 확인하세요!\n우정잉 트위치 https://www.twitch.tv/nanajam777\n#마인크래프트 #마린이 #힐링",
        "thumbnail": "https://i.ytimg.com/vi/7du3SfnUZcU/mqdefault.jpg",
        "youtubeVideoId": "7du3SfnUZcU",
        "uploadedDate": "2019-08-22T13:23:07Z",
        "viewCount": 106027,
        "isCommercial": "False"
    }
]