[
    {
        "id": "a62d2e63-fd02-4e35-8996-249c53e4f453",
        "title": "1년 묵은 홍콩 & 마카오 여행 브이로그 (홍콩 뽑기는 내일 올라와요!) | #969) 홍성오빠 Hong Kong & Macau Tour V-log",
        "description": "코로나 바이러스도 없고.. 시위도 없었던 딱 작년 이맘 때 여행 겸 홍콩의 뽑기를 경험해보기 위해 3박4일의 일정으로 방문했던 홍콩 & 마카오의 짧은 브이로그 영상이에요! 내일 홍콩에서 경험한 뽑기영상 올라갑니다 :)\n\n* 대한민국을 비롯한 전 세계의 코로나 바이러스의 빠른 종식을 기원합니다.\n\n구독😍좋아요👍댓글💬 감사합니다!\n인스타그램 👍 https://www.instagram.com/hongseongobba/\n페이스북 👍 https://www.facebook.com/hongseongobba/ \n카카오톡 😀 홍성오빠 유튜브 오픈채팅방 official (인형뽑기)\n문의 📧 cafe_therapy@naver.com (촬영, 창업컨설팅, 스폰)\n택배 🚚 서울특별시 성동구 성수이로20길 16 JK타워 8층, 트레져헌터 (홍성오빠)\n만나는 곳 🙋‍♂️ 충청남도 홍성군 홍성읍 조양로205번길 67, 뽑기가 안되면 홍성스쿨\n\n♫intro music : Urban Fashion (from. envato elements)\n♫outro music : Hip Hop Chill and Swag 85 (from. envato elements)\n\n#홍콩여행 #마카오여행 #브이로그",
        "thumbnail": "https://i.ytimg.com/vi/bR_JcfOJ_kA/mqdefault.jpg",
        "youtubeVideoId": "bR_JcfOJ_kA",
        "uploadedDate": "2020-03-08T22:17:18Z",
        "viewCount": 1469,
        "isCommercial": "False"
    },
    {
        "id": "620b8fe9-d712-44bd-bdd4-0a177f2d6020",
        "title": "일본 도쿄를 가면 꼭 가봐야 할 곳! 아사쿠사 센소지에서 2019년도 운을 뽑기해봤습니다 | 아사쿠사 센소사(Sensoji Temple) V-log #847) 홍성오빠",
        "description": "** 매일 오후 5시 업로드 **\n인스타그램 ▶ https://www.instagram.com/hongseongobba/\n페이스북 ▶ https://www.facebook.com/hongseongobba/ \n카카오톡 ▶ 친구검색에서 '홍성오빠' 검색 후 친구추가\n\n소통하는 뽑기방송!! 많은 구독 및 좋아요 눌러주시면 매일 재미있는 뽑기영상 보실 수 있습니다!^^",
        "thumbnail": "https://i.ytimg.com/vi/BkbwFFqMzmY/mqdefault.jpg",
        "youtubeVideoId": "BkbwFFqMzmY",
        "uploadedDate": "2020-03-08T22:18:18Z",
        "viewCount": 0,
        "isCommercial": "False"
    },
    {
        "id": "a4bf7b87-b2a8-47f8-81f7-ca95d5ae4795",
        "title": "원피스 덕후 홍성오빠가 도쿄 원피스 타워를 가봤습니다! 실사판 롤로노아 조로 대박 | 도쿄 원피스 타워 & 도쿄 타워 전망대 V-log #846) 홍성오빠",
        "description": "** 매일 오후 5시 업로드 **\n인스타그램 ▶ https://www.instagram.com/hongseongobba/\n페이스북 ▶ https://www.facebook.com/hongseongobba/ \n카카오톡 ▶ 친구검색에서 '홍성오빠' 검색 후 친구추가\n\n소통하는 뽑기방송!! 많은 구독 및 좋아요 눌러주시면 매일 재미있는 뽑기영상 보실 수 있습니다!^^",
        "thumbnail": "https://i.ytimg.com/vi/rtI5w8CFWAU/mqdefault.jpg",
        "youtubeVideoId": "rtI5w8CFWAU",
        "uploadedDate": "2020-03-08T22:20:09Z",
        "viewCount": 0,
        "isCommercial": "False"
    },
    {
        "id": "b6f80372-072f-4aa6-ae81-29976ea83842",
        "title": "전 세계 신상 뽑기 기계 여기에 다 모여있었다! 2018 플레이엑스포(PlayX4) 리뷰 (기차를 끈 스트롱맨 홍성오빠)｜일산 킨텍스 #730) 홍성오빠",
        "description": "** 매일 오후 5시 업로드 **\n인스타그램 ▶ https://www.instagram.com/hongseongobba/\n페이스북 ▶ https://www.facebook.com/hongseongobba/ \n카카오톡 ▶ 친구검색에서 '홍성오빠' 검색 후 친구추가\n\n소통하는 뽑기방송!! 많은 구독 및 좋아요 눌러주시면 매일 재미있는 뽑기영상 보실 수 있습니다!^^",
        "thumbnail": "https://i.ytimg.com/vi/iAKq2tEDo2A/mqdefault.jpg",
        "youtubeVideoId": "iAKq2tEDo2A",
        "uploadedDate": "2020-03-08T22:34:44Z",
        "viewCount": 0,
        "isCommercial": "False"
    },
    {
        "id": "2da0dad4-1338-4284-b69c-7959698c83a0",
        "title": "2017 포켓몬 월드페스티벌 가다! 희귀 포켓몬 인형이 있다던데..? 포켓몬스토어 현장리뷰 + 지름신 강림한 홍성오빠 #482) Pokémon World Festival 2017",
        "description": "** 매일 밤 9시 업로드 **\n인스타그램 ▶ https://www.instagram.com/hongseongobba/\n페이스북 ▶ https://www.facebook.com/hongseongobba/ \n카카오톡 ▶ 친구검색에서 '홍성오빠' 검색 후 친구추가\n\n소통하는 뽑기방송!! 많은 구독 및 좋아요 눌러주시면 매일 재미있는 뽑기영상 보실 수 있습니다!^^",
        "thumbnail": "https://i.ytimg.com/vi/d4k-0Kq4UNA/mqdefault.jpg",
        "youtubeVideoId": "d4k-0Kq4UNA",
        "uploadedDate": "2020-03-08T22:34:44Z",
        "viewCount": 0,
        "isCommercial": "False"
    },
    {
        "id": "d19261aa-628f-453a-9a90-80ae38b60dd0",
        "title": "홍성오빠 전주월드컵경기장 가다! U20 월드컵 대한민국 vs 아르헨티나 리얼현장반응 + 직캠 (20170523) 이승우골장면 + 백승호골장면 반응 U20 WorldCup Korea",
        "description": "** 평일 오후5시, 주말 및 공휴일 오후2시 업로드 **\n인스타그램 ▶ https://www.instagram.com/hongseongobba/\n페이스북 ▶ https://www.facebook.com/hongseongobba/ \n카카오톡 ▶ 친구검색에서 '홍성오빠' 검색 후 친구추가\n\n소통하는 뽑기방송!! 많은 구독 및 좋아요 눌러주시면 매일 재미있는 뽑기영상 보실 수 있습니다!^^",
        "thumbnail": "https://i.ytimg.com/vi/ZAkrRKNNcjI/mqdefault.jpg",
        "youtubeVideoId": "ZAkrRKNNcjI",
        "uploadedDate": "2020-03-08T22:34:57Z",
        "viewCount": 0,
        "isCommercial": "False"
    },
    {
        "id": "cb00f259-69f3-4dda-9c36-f9231025f95e",
        "title": "홍성오빠 전주월드컵경기장 가다! U20 월드컵 대한민국 vs 아르헨티나 리얼현장반응 + 직캠 (20170523) 이승우골장면 + 백승호골장면 반응 U20 WorldCup Korea",
        "description": "** 평일 오후5시, 주말 및 공휴일 오후2시 업로드 **\n인스타그램 ▶ https://www.instagram.com/hongseongobba/\n페이스북 ▶ https://www.facebook.com/hongseongobba/ \n카카오톡 ▶ 친구검색에서 '홍성오빠' 검색 후 친구추가\n\n소통하는 뽑기방송!! 많은 구독 및 좋아요 눌러주시면 매일 재미있는 뽑기영상 보실 수 있습니다!^^",
        "thumbnail": "https://i.ytimg.com/vi/ZAkrRKNNcjI/mqdefault.jpg",
        "youtubeVideoId": "ZAkrRKNNcjI",
        "uploadedDate": "2020-03-08T22:35:14Z",
        "viewCount": 0,
        "isCommercial": "False"
    },
    {
        "id": "068b2948-459c-40b6-bdea-4daa0d3339ce",
        "title": "후드라이언의 성지! 홍성오빠 강남의 핫플레이스 카카오프렌즈샵 가다.. 카카오프렌즈샵 방문기와 인형 구매후기 Gangnam KaKao Friends Shop Epilogue",
        "description": "https://www.instagram.com/hongseongobba/ 여러분들과 소통하기 위해 홍성오빠 인스타그램 개설!! 영상 말고도 간단하게 소통해요 여러분들~! 많은 구독 및 좋아요 눌러주시면 매일 재미있는 뽑기영상 보실 수 있습니다!^^",
        "thumbnail": "https://i.ytimg.com/vi/XjmxC-d_0x8/mqdefault.jpg",
        "youtubeVideoId": "XjmxC-d_0x8",
        "uploadedDate": "2020-03-08T22:35:14Z",
        "viewCount": 0,
        "isCommercial": "False"
    },
    {
        "id": "58686597-0cdb-4da5-92d4-985edb6e328a",
        "title": "일본 오사카에 있는 유니버셜 스튜디오에서 공 던지고 인싸된 홍성오빠 (feat. 오사카 리액션왕) ユニバーサルスタジオジャパン | 일본 오사카 인형뽑기 #792) 홍성오빠",
        "description": "** 매일 오후 5시 업로드 **\n인스타그램 ▶ https://www.instagram.com/hongseongobba/\n페이스북 ▶ https://www.facebook.com/hongseongobba/ \n카카오톡 ▶ 친구검색에서 '홍성오빠' 검색 후 친구추가\n\n소통하는 뽑기방송!! 많은 구독 및 좋아요 눌러주시면 매일 재미있는 뽑기영상 보실 수 있습니다!^^",
        "thumbnail": "https://i.ytimg.com/vi/x2GRDYMySxU/mqdefault.jpg",
        "youtubeVideoId": "x2GRDYMySxU",
        "uploadedDate": "2020-03-08T22:40:46Z",
        "viewCount": 0,
        "isCommercial": "False"
    },
    {
        "id": "7959a0e6-7b87-473d-8bbc-fe28aea5ef93",
        "title": "정말 인형뽑기의 신이 있구나! 일본 유니버셜 스튜디오 도장깨기 마지막 이야기 (기립박수 주의) ユニバーサルスタジオジャパン | 일본 오사카 인형뽑기 #793) 홍성오빠",
        "description": "** 매일 오후 5시 업로드 **\n인스타그램 ▶ https://www.instagram.com/hongseongobba/\n페이스북 ▶ https://www.facebook.com/hongseongobba/ \n카카오톡 ▶ 친구검색에서 '홍성오빠' 검색 후 친구추가\n\n소통하는 뽑기방송!! 많은 구독 및 좋아요 눌러주시면 매일 재미있는 뽑기영상 보실 수 있습니다!^^",
        "thumbnail": "https://i.ytimg.com/vi/uVhMWQhZDP4/mqdefault.jpg",
        "youtubeVideoId": "uVhMWQhZDP4",
        "uploadedDate": "2020-03-08T22:40:46Z",
        "viewCount": 0,
        "isCommercial": "False"
    },
    {
        "id": "0273e129-6224-458a-9d80-b250df97a9e2",
        "title": "기껏 걸어왔더니 게임장이 폐허가 됐다! 홍성오빠 대천해수욕장 가다 #63) 홍성오빠",
        "description": "폐허라니... 폐허라니... 많은 구독 및 좋아요 눌러주시면 매일 재미있는 뽑기영상 보실 수 있습니다!^^",
        "thumbnail": "https://i.ytimg.com/vi/8eBuJ-6VfyI/mqdefault.jpg",
        "youtubeVideoId": "8eBuJ-6VfyI",
        "uploadedDate": "2020-03-08T23:48:30Z",
        "viewCount": 0,
        "isCommercial": "False"
    },
    {
        "id": "13b2b22e-2906-40f4-80ad-00f3ed55a04d",
        "title": "홍성오빠 2016 서울카페쇼 가다! 바리스타홍의 커피로드 무편집본 공개.. 카페쇼에서 일본식 뽑기까지 해 본 사연은? #324) 홍성오빠",
        "description": "** 매일 평일 오후 5시, 주말 및 공휴일 오후 2시 업로드 **\n인스타그램 ▶ https://www.instagram.com/hongseongobba/\n페이스북 ▶ https://www.facebook.com/hongseongobba/ \n카카오톡 ▶ 친구검색에서 '홍성오빠' 검색 후 친구추가\n\n소통하는 뽑기방송!! 많은 구독 및 좋아요 눌러주시면 매일 재미있는 뽑기영상 보실 수 있습니다!^^",
        "thumbnail": "https://i.ytimg.com/vi/vb2FhUwVqpI/mqdefault.jpg",
        "youtubeVideoId": "vb2FhUwVqpI",
        "uploadedDate": "2020-03-09T05:13:05Z",
        "viewCount": 0,
        "isCommercial": "False"
    }
]