[
    {
        "id": "5b4bc4da-c0de-4a89-908e-0d5b1409970c",
        "title": "Private video",
        "description": "This video is private.",
        "thumbnail": null,
        "youtubeVideoId": "m2LWP5ajsTI",
        "uploadedDate": "2016-07-15T17:02:11Z",
        "viewCount": 0,
        "isCommercial": "False"
    },
    {
        "id": "90bfc91c-4ae1-4e47-9102-1bc5dfb8107b",
        "title": "Private video",
        "description": "This video is private.",
        "thumbnail": null,
        "youtubeVideoId": "Bhi4_jVkN18",
        "uploadedDate": "2016-07-15T17:02:11Z",
        "viewCount": 0,
        "isCommercial": "False"
    },
    {
        "id": "1df8ebae-0065-4e38-ad7c-cda86c2d4cbd",
        "title": "붙임머리 질답시간!!!아는만큼 알려드렸어요ㅎㅎ드루와!!!!![여정을떠난여정]",
        "description": "붙임머리에대해 나도찾아보고 지인에게듣고 그런정보를\n여러분에게 알려드렸어요 도움이좀되었나유??\n도움이되었다면좋겠어용 ㅠㅠ\n콩고물친구들 구독잊지말라구!\n열심히노력하는 인절미여정이 될게♡\n 항상9시업로드니까 기억해달라굿!!",
        "thumbnail": "https://i.ytimg.com/vi/kpG179RckRs/mqdefault.jpg",
        "youtubeVideoId": "kpG179RckRs",
        "uploadedDate": "2016-07-15T17:02:11Z",
        "viewCount": 0,
        "isCommercial": "False"
    },
    {
        "id": "5f73b3fe-de55-441f-acc7-52ad3decc034",
        "title": "립타투처럼 안묻는다? 틴트같은 봉숭아물들이기!![여정을떠난여정]",
        "description": "보러와줘서 고마워 ㅠ ㅅ ㅠ  약속지킨 콩고물최고(하트백개)",
        "thumbnail": "https://i.ytimg.com/vi/yDa1MEeIaj4/mqdefault.jpg",
        "youtubeVideoId": "yDa1MEeIaj4",
        "uploadedDate": "2016-07-15T17:02:11Z",
        "viewCount": 0,
        "isCommercial": "False"
    },
    {
        "id": "d8028fb0-6bc6-499f-ad2a-a810c2814d92",
        "title": "Private video",
        "description": "This video is private.",
        "thumbnail": null,
        "youtubeVideoId": "5Up4psC2bUA",
        "uploadedDate": "2016-07-15T17:02:11Z",
        "viewCount": 0,
        "isCommercial": "False"
    },
    {
        "id": "f56906e7-b1e0-45c2-bda3-56b807c369f3",
        "title": "SNS핫!!픽싱쿠션VS블랙홀쿠션 비교하기!![여정을떠난여정]",
        "description": "콩고물친구들 구독잊지말라구!\n열심히노력하는 인절미여정이 될게♡\n 항상9시업로드니까 기억해달라굿!!",
        "thumbnail": "https://i.ytimg.com/vi/WgvsF8VRGBI/mqdefault.jpg",
        "youtubeVideoId": "WgvsF8VRGBI",
        "uploadedDate": "2016-07-15T17:02:11Z",
        "viewCount": 0,
        "isCommercial": "False"
    },
    {
        "id": "459dd381-a3b1-47e7-a7c2-92097256353b",
        "title": "풀 필요없는 자석 속눈썹 대대손손 물려줘도 거뜬함?? [여정을떠난여정]",
        "description": "왕대박 간지라이프 큐티 여정이 를 위해서 \n선물로 좋아요를 눌러주세요!!!\n구독도 눌러주시면  넘넘좋아서~~\n엉덩이춤추고 아파트뿌셔 지구뿌셔!!!!!!!",
        "thumbnail": "https://i.ytimg.com/vi/-XEgxhMlWyA/mqdefault.jpg",
        "youtubeVideoId": "-XEgxhMlWyA",
        "uploadedDate": "2017-12-03T02:14:21Z",
        "viewCount": 0,
        "isCommercial": "False"
    },
    {
        "id": "21ebd6b4-f643-4899-96f3-1b5a41227776",
        "title": "Private video",
        "description": "This video is private.",
        "thumbnail": null,
        "youtubeVideoId": "Bi2FtDFljCA",
        "uploadedDate": "2017-12-03T02:14:21Z",
        "viewCount": 0,
        "isCommercial": "False"
    },
    {
        "id": "067952c2-56a2-42c4-af86-6d8b265e264b",
        "title": "빼빼로 데이 기념 초코파티 음식 만들기 asmr[여정을떠난여정]",
        "description": "왕대박 간지라이프 큐티 여정이 를 위해서 \n선물로 좋아요를 눌러주세요!!!\n구독도 눌러주시면  넘넘좋아서~~\n엉덩이춤추고 아파트뿌셔 지구뿌셔!!!!!!!",
        "thumbnail": "https://i.ytimg.com/vi/MUKnWexQB8c/mqdefault.jpg",
        "youtubeVideoId": "MUKnWexQB8c",
        "uploadedDate": "2017-12-03T02:14:21Z",
        "viewCount": 0,
        "isCommercial": "False"
    },
    {
        "id": "aab810c9-8856-4434-bce9-eae96a28e9e1",
        "title": "콧구멍,귓구멍 클렌징 하는시대 다들해보시길[여정을떠난여정]",
        "description": "왕대박 간지라이프 큐티 여정이 를 위해서 \n선물로 좋아요를 눌러주세요!!!\n구독도 눌러주시면  넘넘좋아서~~\n엉덩이춤추고 아파트뿌셔 지구뿌셔!!!!!!!",
        "thumbnail": "https://i.ytimg.com/vi/j5J1SwX9liY/mqdefault.jpg",
        "youtubeVideoId": "j5J1SwX9liY",
        "uploadedDate": "2017-12-03T02:14:21Z",
        "viewCount": 0,
        "isCommercial": "False"
    },
    {
        "id": "4b9eb41e-f206-45d7-8d81-cc7620cd0098",
        "title": "피어싱홀 클리너 리뷰 곯은귀,고름 청소하기 [여정을떠난여정]",
        "description": "왕대박 간지라이프 큐티 여정이 를 위해서 \n선물로 좋아요를 눌러주세요!!!\n구독도 눌러주시면  넘넘좋아서~~\n엉덩이춤추고 아파트뿌셔 지구뿌셔!!!!!!!",
        "thumbnail": "https://i.ytimg.com/vi/ajYaGq8oTno/mqdefault.jpg",
        "youtubeVideoId": "ajYaGq8oTno",
        "uploadedDate": "2017-12-03T02:14:21Z",
        "viewCount": 0,
        "isCommercial": "False"
    },
    {
        "id": "0326765c-4471-4812-a3f9-361db07e3206",
        "title": "아이유 슬라임,인스타 액괴로 힐링하고 슬라임호신술 박살내기[여정을떠난여정]",
        "description": "왕대박 간지라이프 큐티 여정이 를 위해서 \n선물로 좋아요를 눌러주세요!!!\n구독도 눌러주시면  넘넘좋아서~~\n엉덩이춤추고 아파트뿌셔 지구뿌셔!!!!!!!",
        "thumbnail": "https://i.ytimg.com/vi/vqiG9c5W9TA/mqdefault.jpg",
        "youtubeVideoId": "vqiG9c5W9TA",
        "uploadedDate": "2017-12-03T02:14:21Z",
        "viewCount": 0,
        "isCommercial": "False"
    },
    {
        "id": "0f4807b1-3299-4198-93cc-ddc384bc90c1",
        "title": "하루동안 사장님이되어본 꿀잼보장!! 혼돈의영상 W/최마리 꼭 끝까지보세요!!! [여정을떠난여정]",
        "description": "앗!!여러분!!!!\n좋아요와 구독 누르셨나요!?  한번씩만 부탁드립니다ㅎㅎ\n또, 알림받을수있게 종모양 눌러주시면  \n아싸 호랑나비~",
        "thumbnail": "https://i.ytimg.com/vi/7dMO7at8s0s/mqdefault.jpg",
        "youtubeVideoId": "7dMO7at8s0s",
        "uploadedDate": "2017-12-03T02:14:21Z",
        "viewCount": 0,
        "isCommercial": "False"
    },
    {
        "id": "0c8ffbe1-3843-404e-b9fb-6f50ce111e7f",
        "title": "세부여행 뷰티템 소개!!화이트닝 각질파괴 수분촉촉 뺘샥!!![여정을떠난여정]",
        "description": "앗!!여러분!!!!\n좋아요와 구독 누르셨나요!?  한번씩만 부탁드립니다ㅎㅎ\n또, 알림받을수있게 종모양 눌러주시면  \n보람차고 행복할거것 같습니다 ㅎㅎㅎ",
        "thumbnail": "https://i.ytimg.com/vi/IJ4Ovzm0-iE/mqdefault.jpg",
        "youtubeVideoId": "IJ4Ovzm0-iE",
        "uploadedDate": "2017-12-03T02:14:21Z",
        "viewCount": 0,
        "isCommercial": "False"
    },
    {
        "id": "70d35349-0330-45fd-9b36-2a9589bb5813",
        "title": "골반뽕 직접사서 입어보는 리얼후기!!![여정을떠난여정]",
        "description": "앗!!여러분!!!!\n좋아요와 구독 누르셨나요!?  한번씩만 부탁드립니다ㅎㅎ\n또, 알림받을수있게 종모양 눌러주시면  \n보람차고 행복할거것 같습니다 ㅎㅎㅎ",
        "thumbnail": "https://i.ytimg.com/vi/_xqDFByeyWg/mqdefault.jpg",
        "youtubeVideoId": "_xqDFByeyWg",
        "uploadedDate": "2017-12-03T02:14:21Z",
        "viewCount": 0,
        "isCommercial": "False"
    },
    {
        "id": "b89da926-8947-45ff-a85b-659d1f005223",
        "title": "Private video",
        "description": "This video is private.",
        "thumbnail": null,
        "youtubeVideoId": "SIzAk-lUFo0",
        "uploadedDate": "2017-12-03T02:14:21Z",
        "viewCount": 0,
        "isCommercial": "False"
    },
    {
        "id": "9e074b54-08e0-4b62-afdd-948c70bc71e6",
        "title": "최화정님과 함께한 앰플하나로 물광피부 만드는법 [여정을 떠난 여정] (ENG SUB)",
        "description": "#유료광고포함\n인스타로 엄청 문의 많았던 물광톡톡, 플라멜엠디 더블유티엑스필 이펙티브 앰플!! 일명, 믿고쓰는 #최화정앰플 #믿쓰최앰플 이에요!\n이번에 공구도 진행하면서 최화정님이랑 같이 영상도 찍게 됐어요.\n최저가 공구하니까 기대 많이 해주세요~!\n기간 : 6.12 ~ 6.14\n\n▪Instagram☞ seon_y_j\n▪영상을 본 뒤 👍좋아요👍를 눌러주시는건\n다음 영상을 더 열심히 만들수있는 힘이됩니다! \n✔구독✔ 잊지말고 부탁드립니당💞",
        "thumbnail": "https://i.ytimg.com/vi/88sj5Blb5cU/mqdefault.jpg",
        "youtubeVideoId": "88sj5Blb5cU",
        "uploadedDate": "2019-06-11T10:42:26Z",
        "viewCount": 60651,
        "isCommercial": "False"
    },
    {
        "id": "62e945e9-6e48-4e7f-adae-d90ee8800cff",
        "title": "왕대박 천재 여떠여의 흉터치료제 (feat.노스카나겔) [여정을떠난여정]",
        "description": "▪Instagram☞ seon_y_j\n▪Facebook☞선여정 / 여정을떠난여정 페이지\n\n▪영상을 본 뒤 👍좋아요👍를 눌러주시는건\n다음 영상을 더 열심히 만들수있는 힘이됩니다! \n✔구독✔ 잊지말고 부탁드립니당💞\n\n*이 콘텐츠는 동아제약 노스카나겔과 함께합니다*\n\n동아제약 노스카나겔\nhttps://bit.ly/2WABeaY",
        "thumbnail": "https://i.ytimg.com/vi/B992LUJOvKY/mqdefault.jpg",
        "youtubeVideoId": "B992LUJOvKY",
        "uploadedDate": "2019-06-13T09:10:11Z",
        "viewCount": 46898,
        "isCommercial": "False"
    },
    {
        "id": "94101976-34ce-46bd-b855-0dadff058ec9",
        "title": "내돈내산 6만원짜리 다이어트 시리얼 리뷰해봄 [여정을떠난여정]",
        "description": "▪︎Instagram☞ seon_y_j\n▪︎영상을 본 뒤 👍좋아요👍를 눌러주시는건\n다음 영상을 더 열심히 만들수있는 힘이됩니다! \n✔구독✔ 잊지말고 부탁드립니당💞",
        "thumbnail": "https://i.ytimg.com/vi/3w9L9Cn4A5w/mqdefault.jpg",
        "youtubeVideoId": "3w9L9Cn4A5w",
        "uploadedDate": "2022-01-08T09:35:40Z",
        "viewCount": 46781,
        "isCommercial": "False"
    }
]