[
    {
        "id": "eae4f3ac-d925-4776-aaae-76277794a957",
        "title": "합법적으로 스트리머 패는 방법 #shorts",
        "description": "그만 때려ㅕㅕㅕㅕㅕㅕㅕㅕㅕㅕㅕㅕㅕㅕㅕㅕㅕㅕㅕ #shorts",
        "thumbnail": "https://i.ytimg.com/vi/6MrrASCX01g/mqdefault.jpg",
        "youtubeVideoId": "6MrrASCX01g",
        "uploadedDate": "2022-06-20T21:23:51Z",
        "viewCount": 4181,
        "isCommercial": "False"
    },
    {
        "id": "c3ebbef7-acf9-4bf0-9c24-f8c563b75ea8",
        "title": "Noot Noot meme (눗눗) #shorts",
        "description": "더레가 탄 코인 이름을 맞추신 분에게 추첨을 통해 축하를 드립니다...\n그림&영상 1116\n원본영상 https://youtu.be/bnmAi53H520",
        "thumbnail": "https://i.ytimg.com/vi/dFwbyvNB1zo/mqdefault.jpg",
        "youtubeVideoId": "dFwbyvNB1zo",
        "uploadedDate": "2022-06-20T21:23:51Z",
        "viewCount": 1033,
        "isCommercial": "False"
    },
    {
        "id": "9f185d4b-3617-4bc4-b649-c94465df59c2",
        "title": "성공한 가순이 더빙레이디 #shorts",
        "description": "가재맨님의 트헌 입성을 축하드립니다 (^^)\n#가재맨 #더빙레이디 #트레저헌터",
        "thumbnail": "https://i.ytimg.com/vi/u2GMiCKHlnQ/mqdefault.jpg",
        "youtubeVideoId": "u2GMiCKHlnQ",
        "uploadedDate": "2022-06-30T07:23:33Z",
        "viewCount": 3430,
        "isCommercial": "False"
    },
    {
        "id": "75c7151e-b264-46ca-9898-27ceb459041c",
        "title": "소울리스좌 아마존 랩 더빙레이디 버전 #shorts",
        "description": "애니메이션 : 1116\n#소울리스좌 #아마존랩 #더빙레이디",
        "thumbnail": "https://i.ytimg.com/vi/9XzbZjdWWZU/mqdefault.jpg",
        "youtubeVideoId": "9XzbZjdWWZU",
        "uploadedDate": "2022-07-01T00:06:32Z",
        "viewCount": 2801,
        "isCommercial": "False"
    },
    {
        "id": "5b6f7fed-b473-446d-a3d8-b8a51c3f06e1",
        "title": "스파이X패밀리 병맛더빙 - 할 말은 하는 아냐 #shorts",
        "description": "다미안~미안~\n영상 출처 : https://youtu.be/pNrUHmLoyUs\n#스파이패밀리 #더빙연습 #더빙레이디",
        "thumbnail": "https://i.ytimg.com/vi/LI_PUshEWcA/mqdefault.jpg",
        "youtubeVideoId": "LI_PUshEWcA",
        "uploadedDate": "2022-07-01T01:49:29Z",
        "viewCount": 1597,
        "isCommercial": "False"
    },
    {
        "id": "43b0aea5-f8ed-4013-b221-fa5e1138deaa",
        "title": "손가락에 겨땀 만지고 지워버릴게~ #shorts",
        "description": "#shorts",
        "thumbnail": "https://i.ytimg.com/vi/DvOUfK0dfP4/mqdefault.jpg",
        "youtubeVideoId": "DvOUfK0dfP4",
        "uploadedDate": "2022-08-17T07:51:30Z",
        "viewCount": 8286,
        "isCommercial": "False"
    },
    {
        "id": "d6b1ef19-74c7-4204-b47d-9461afb92ca5",
        "title": "난 집은 없지만 방은 잘 꾸미지 #소셜메타버스 #인사이드 #shorts",
        "description": "#소셜메타버스",
        "thumbnail": "https://i.ytimg.com/vi/92AwMazwSAw/mqdefault.jpg",
        "youtubeVideoId": "92AwMazwSAw",
        "uploadedDate": "2022-09-11T23:31:28Z",
        "viewCount": 25725,
        "isCommercial": "True"
    },
    {
        "id": "9baf565a-b53d-4c4b-a42d-7e9bbf953c01",
        "title": "진짜 우는 고양이 댄스 #shorts",
        "description": "〓〓〓〓〓〓〓〓〓〓〓〓〓〓〓〓〓〓〓〓〓〓〓〓〓〓〓〓〓〓\n더빙레이디 채널 구독❤ 좋아요👍 알림설정🔔 해 주실거죠~? 👀💕\n〓〓〓〓〓〓〓〓〓〓〓〓〓〓〓〓〓〓〓〓〓〓〓〓〓〓〓〓〓〓\n❤ 생방송 : https://www.twitch.tv/tinkerblond\n❤ 인스타 : https://www.instagram.com/dubbinglady\n❤ 페이스북 :  https://www.facebook.com/tinkerblond\n❤ 팬카페 : https://cafe.naver.com/dbevent\n❤ 굿즈샵 : https://bit.ly/31pqtxP\n❤ 이메일 : tinkerblond@naver.com\n광고/출연 등 비즈니스 문의: biz@treasurehunter.co.kr\n〓〓〓〓〓〓〓〓〓〓〓〓〓〓〓〓〓〓〓〓〓〓〓〓〓〓〓〓〓〓\n#우는고양이댄스 #우는고양이춤 #sadcat",
        "thumbnail": "https://i.ytimg.com/vi/6Um86-IV4gc/mqdefault.jpg",
        "youtubeVideoId": "6Um86-IV4gc",
        "uploadedDate": "2022-11-04T02:38:51Z",
        "viewCount": 6095,
        "isCommercial": "False"
    },
    {
        "id": "d3259744-6ae6-49da-82c5-17a48d6a6d72",
        "title": "우는 스핑크스 고양이 댄스 #shorts",
        "description": "〓〓〓〓〓〓〓〓〓〓〓〓〓〓〓〓〓〓〓〓〓〓〓〓〓〓〓〓〓〓\n더빙레이디 채널 구독❤ 좋아요👍 알림설정🔔 해 주실거죠~? 👀💕\n〓〓〓〓〓〓〓〓〓〓〓〓〓〓〓〓〓〓〓〓〓〓〓〓〓〓〓〓〓〓\n❤ 생방송 : https://www.twitch.tv/tinkerblond\n❤ 인스타 : https://www.instagram.com/dubbinglady\n❤ 페이스북 :  https://www.facebook.com/tinkerblond\n❤ 팬카페 : https://cafe.naver.com/dbevent\n❤ 굿즈샵 : https://bit.ly/31pqtxP\n❤ 이메일 : tinkerblond@naver.com\n광고/출연 등 비즈니스 문의: biz@treasurehunter.co.kr\n〓〓〓〓〓〓〓〓〓〓〓〓〓〓〓〓〓〓〓〓〓〓〓〓〓〓〓〓〓〓\n#우는고양이댄스 #우는고양이춤 #sadcat",
        "thumbnail": "https://i.ytimg.com/vi/p3bwm8BK1iQ/mqdefault.jpg",
        "youtubeVideoId": "p3bwm8BK1iQ",
        "uploadedDate": "2022-11-04T05:24:39Z",
        "viewCount": 2886,
        "isCommercial": "False"
    },
    {
        "id": "54ac205a-5a7e-4fb7-b05d-d4cbaa608e72",
        "title": "남동생 앞에서 애교를 부렸더니 #shorts",
        "description": "〓〓〓〓〓〓〓〓〓〓〓〓〓〓〓〓〓〓〓〓〓〓〓〓〓〓〓〓〓〓\n더빙레이디 채널 구독❤ 좋아요👍 알림설정🔔 해 주실거죠~? 👀💕\n〓〓〓〓〓〓〓〓〓〓〓〓〓〓〓〓〓〓〓〓〓〓〓〓〓〓〓〓〓〓\n❤ 생방송 : https://www.twitch.tv/tinkerblond\n❤ 인스타 : https://www.instagram.com/dubbinglady\n❤ 페이스북 :  https://www.facebook.com/tinkerblond\n❤ 팬카페 : https://cafe.naver.com/dbevent\n❤ 굿즈샵 : https://bit.ly/31pqtxP\n❤ 이메일 : tinkerblond@naver.com\n광고/출연 등 비즈니스 문의: biz@treasurehunter.co.kr\n〓〓〓〓〓〓〓〓〓〓〓〓〓〓〓〓〓〓〓〓〓〓〓〓〓〓〓〓〓〓",
        "thumbnail": "https://i.ytimg.com/vi/m43ZZP1cm4k/mqdefault.jpg",
        "youtubeVideoId": "m43ZZP1cm4k",
        "uploadedDate": "2022-11-07T12:09:00Z",
        "viewCount": 1723,
        "isCommercial": "False"
    }
]