[
    {
        "id": "89b476f2-2ff9-4f99-90fd-6dfc56f11000",
        "title": "개쫄보가 공포 참기 도전합니다 (심약자 주의)",
        "description": "♥방송 날짜: 2022. 9. 7.♥\n♥생방송은 트위치에서♥\n♥방송시간 및 중요 공지는 트게더에! (아래링크 참조)♥\n(https://tgd.kr/s/geguleee?category=60540644)\n\n트위치 생방송 : https://www.twitch.tv/geguleee \n인스타그램 : @bbo9_me\n틱톡 : @bbo9_me\n광고 문의 : biz@treasurehunter.co.kr\n\n#뽀구미 #공포 #깜놀",
        "thumbnail": "https://i.ytimg.com/vi/G-LztXT2UCc/mqdefault.jpg",
        "youtubeVideoId": "G-LztXT2UCc",
        "uploadedDate": "2022-10-18T09:58:17Z",
        "viewCount": 37621,
        "isCommercial": "False"
    }
]