[
    {
        "id": "6619154e-e32b-491b-8c2b-7c2b50d08ac6",
        "title": "ENG) 솔직히 바디프로필 찍은거 후회합니다(+내가 겪은 바디프로필 부작용)",
        "description": "솔직히 바디프로필 찍은거 후회합니다(+심각한 바디프로필 부작용)\n\n#바디프로필 #부작용 \n――――――――――――――\n💌 인스타 :  https://www.instagram.com/somz_zi/\n💌 메일 :  ds02_28@naver.com \n――――――――――――――\n안녕 애들아 랜선언니 솜찌야\n바디프로필 끝나고 내가 겪었던 \n아무도 말해주지 않았던ㅠ_ㅠ \n후유증과 부작용에 대해서 이야기를 해볼려고해 \n\n과하게 다이어트를 하고있거나, 바디프로필 준비중인 사람이면\n한번쯤 보면 좋을 것 같은 영상이야!\n오늘 영상도 즐감 ♥",
        "thumbnail": "https://i.ytimg.com/vi/smxCLhv1U0E/mqdefault.jpg",
        "youtubeVideoId": "smxCLhv1U0E",
        "uploadedDate": "2021-04-14T09:09:57Z",
        "viewCount": 954944,
        "isCommercial": "False"
    },
    {
        "id": "8a5cfcdc-43a6-4541-8279-3ffe344afa76",
        "title": "연락만으로 완.전 매력있게 느껴지는 방법 [랜선언니]",
        "description": "연락만으로 완.전 매력있게 느껴지는 방법 [랜선언니] \n\n안녕애들아 랜선언니 솜찌야!!!!\n오늘은 저번시간에 말했던 연락만해도 와...\n진짜 매력있네 이상하게 끌린다!!!!!!!!\n싶게 만드는 연락 방법을 가지고 왔어 \n\n ✨오늘 영상이 유익하다면 ✨\n 좋아요. 구독. 알림설정 알지!!! \n\n――――――――――――――\n💜 인스타 :  https://www.instagram.com/somz_zi/\n💜 메일 :  ds02_28@naver.com \n――――――――――――――",
        "thumbnail": "https://i.ytimg.com/vi/6IEo3L9fm1Q/mqdefault.jpg",
        "youtubeVideoId": "6IEo3L9fm1Q",
        "uploadedDate": "2019-09-05T00:23:22Z",
        "viewCount": 513021,
        "isCommercial": "False"
    },
    {
        "id": "6d572119-2e23-4595-8fb1-00f0b6e4b052",
        "title": "ENG) 나한테 이런 행동을 한다면 99% 관심 있다 [랜선언니]",
        "description": "나한테 이런 행동을 한다면 99% 관심 있다 [랜선언니] \n\n안녕 애들아 랜선언니 솜찌~야~\n오늘은 좋아하는지... 관심 있는지 헷갈릴 때!!! \n딱 알 수 있는 방법을 가지고 왔어!!!",
        "thumbnail": "https://i.ytimg.com/vi/Im8UCtsaWM0/mqdefault.jpg",
        "youtubeVideoId": "Im8UCtsaWM0",
        "uploadedDate": "2019-04-05T09:08:29Z",
        "viewCount": 0,
        "isCommercial": "False"
    },
    {
        "id": "06ab6134-e660-47fb-8cb6-0464dddc020a",
        "title": "마르면 좋은거 아냐? 마른 사람만 알 수 있는 치명적인 단점들",
        "description": "――――――――――――――\n💌 인스타 :  https://www.instagram.com/somz_zi/\n💌 메일 :  ds02_28@naver.com \n――――――――――――――",
        "thumbnail": "https://i.ytimg.com/vi/wjrcHGl3UbE/mqdefault.jpg",
        "youtubeVideoId": "wjrcHGl3UbE",
        "uploadedDate": "2020-12-17T07:30:20Z",
        "viewCount": 182299,
        "isCommercial": "False"
    },
    {
        "id": "4b762d1c-3818-4db4-a2b0-507b47392327",
        "title": "이런 행동을 한다면 나에게 관심이 없는게 확실하다 [랜선언니]",
        "description": "이런 행동을 한다면 나에게 관심이 없는게 확실하다 [랜선언니] \n\n[랜선언니] : 언니와 나누는 연애 이야기 / 매주 월, 금 PM10  \n￣￣￣￣￣￣￣￣￣￣￣￣￣￣￣￣￣￣￣￣￣￣￣￣￣￣￣\n좋아하는 사람이 있는데.. 얘가 나한테 관심 있는지 없는지 긴가민가 할 때!!!\n짝사랑하는 사람의 관심을 확인할 수 있는 방법\n이런 행동을 한다면 나에게 관심이 없는거..야....!",
        "thumbnail": "https://i.ytimg.com/vi/hkRyYGjYTT4/mqdefault.jpg",
        "youtubeVideoId": "hkRyYGjYTT4",
        "uploadedDate": "2018-10-04T14:46:29Z",
        "viewCount": 0,
        "isCommercial": "False"
    },
    {
        "id": "264a4716-6902-4daa-a2e8-70f9e4d96244",
        "title": "짝사랑 완전히 포기하는 3가지 방법 [랜선언니]",
        "description": "짝사랑 완전히 포기하는 3가지 방법 [랜선언니]\n\n[랜선언니] : 언니와 나누는 연애 이야기 / 매주 월, 수, 금 PM10  \n￣￣￣￣￣￣￣￣￣￣￣￣￣￣￣￣￣￣￣￣￣￣￣￣￣￣￣\n*이번 영상은 사연을 바탕으로 제작 되었습니다*\n짝사랑을 이제 그만 포기하고싶을때!\n완전히 짝사랑 포기하는 3가지 방법!!",
        "thumbnail": "https://i.ytimg.com/vi/PZt6tnEmL0s/mqdefault.jpg",
        "youtubeVideoId": "PZt6tnEmL0s",
        "uploadedDate": "2018-08-17T04:52:01Z",
        "viewCount": 0,
        "isCommercial": "False"
    },
    {
        "id": "3c688fbf-b8d2-4ccc-89b4-6fb4746b6352",
        "title": "ENG) -8KG 감량 후 바디프로필 찍은 운동&꿀팁 총정리 (+살 제일 잘빠졌던 운동)",
        "description": "-8KG 감량 후 바디프로필 찍은 운동&꿀팁 총정리 (+살 제일 잘빠졌던 운동)\n\n#다이어트 #운동\n――――――――――――――\n💌 인스타 :  https://www.instagram.com/somz_zi/\n💌 메일 :  ds02_28@naver.com \n――――――――――――――\n안녕 애들아 랜선언니 솜찌야 !",
        "thumbnail": "https://i.ytimg.com/vi/cKoBaEEAKxc/mqdefault.jpg",
        "youtubeVideoId": "cKoBaEEAKxc",
        "uploadedDate": "2020-11-05T05:11:58Z",
        "viewCount": 190377,
        "isCommercial": "False"
    },
    {
        "id": "42dc8e66-2a2c-484d-81dc-9446f9fd8f4c",
        "title": "나를 10kg 찌운^-^ 바디프로필 직후 빵먹방 1시간 모음.zip [VLOG]",
        "description": "나를 10kg 찌운^-^ 바디프로필 직후 빵먹방 1시간 모음.zip [VLOG] \n\n#빵먹방 #모음집 \n――――――――――――――\n💌 인스타 :  https://www.instagram.com/somz_zi/\n💌 메일 :  ds02_28@naver.com \n――――――――――――――\n\n안녕 애들아 랜선언니 솜찌야\n다들 빵먹방을 열혈하게 원하길래 \n기대에 부응코자.. 바디프로필 직후부터 먹었던 \n빵들을 다 묶어 빵먹방 1시간 모음집을 만들어봤어^^;\n\n참...\n다시 돌려보니 엄~~~~~청 먹었더라?\n(아직 더 많음^^; 반응 좋으면 2탄으로 올게)\n그럼 오늘도 즐감♥",
        "thumbnail": "https://i.ytimg.com/vi/Scr3kTqL6Ng/mqdefault.jpg",
        "youtubeVideoId": "Scr3kTqL6Ng",
        "uploadedDate": "2021-04-26T13:54:47Z",
        "viewCount": 80948,
        "isCommercial": "False"
    },
    {
        "id": "d54548ab-9585-470b-a901-a8ab3efe4f2a",
        "title": "3~5만원대 가성비 최고👜새내기&대학생 브랜드 가방 추천!(+코디 룩북은 덤) ｜7가지 daily bag haul [패션]",
        "description": "3~5만원대 가성비 최고👜새내기&대학생 가방 추천!(+코디 룩북은 덤) ｜7가지 daily bag haul [패션]\n\n――――――――――――――\n💜 인스타 :  https://www.instagram.com/somz_zi/\n💜 메일 :  ds02_28@naver.com \n――――――――――――――\n스펙 : 156cm 48kg  / 44.5사이즈 / 허리25\n\n본 영상은 서울스토어와 함께합니다! \n친구할인코드란에 \"솜뭉찌\" 입력하면 추가 5%할인! \n\n서울스토어 링크 : http://bit.ly/2QiIdUy\n솜찌 제품 리뷰 링크 : http://bit.ly/2Qhlh7Z\n\n――――――――――――――\n\n*가격은 할인코드(솜뭉찌)와 쿠폰 적용가입니다\n*마이큐레이션 지원을 받아  자유로운 상품 선택과 개인적 의견을 담은 콘텐츠 입니다\n\n✨. 1 \n돈키half-moon cross bag (brown) - D1017BR(32,300원)\nhttp://bit.ly/3brzKbO\n\n ✨. 2\n돈키elica bag (black) - D1019BK(36,350원)\nhttp://bit.ly/3bBrxSx\n\n ✨. 3\n앨리스마샤 Esder에스더(44,550원)\nhttp://bit.ly/2OXANGO\n\n ✨. 4\n언더컨트롤 스튜디오 3WAY STRING BAG(48,065원)\nhttp://bit.ly/2OJMsZH\n\n✨. 5\n잇츠백 DARLENE Mini Bag 5 Color purple(54,240원)\nhttp://bit.ly/2H9Ojmz\n\n ✨. 6\n디랩 D.LAB Candy Bag - Ivory (카드지갑SET) (39,990원)\nhttp://bit.ly/2mUD7n2\n\n ✨. 7\n버밀란 카인드백(KIND) - 레이어드 크림(55,000원)\nhttp://bit.ly/2OCufgH\n\n\n*본 영상에서 입었던 코디들 \nhttps://youtu.be/PL7JWvZ45hA",
        "thumbnail": "https://i.ytimg.com/vi/6jCgVVmCwUA/mqdefault.jpg",
        "youtubeVideoId": "6jCgVVmCwUA",
        "uploadedDate": "2020-02-18T11:01:45Z",
        "viewCount": 255102,
        "isCommercial": "True"
    },
    {
        "id": "2f683822-9203-42b3-b2f5-3e904735bbe7",
        "title": "체지방만 -8kg 감량▶바디프로필 촬영! 다이어트 식단 총정리(+성공비결&꿀팁)",
        "description": "체지방만 -8kg 감량▶바디프로필 촬영! 다이어트 식단 총정리(+성공비결&꿀팁)\n\n#바디프로필 #다이어트식단 \n――――――――――――――\n💌 인스타 :  https://www.instagram.com/somz_zi/\n💌 메일 :  ds02_28@naver.com \n――――――――――――――\n00:00 인트로\n01:27 1단계 식단 \n02:28 2단계 식단\n05:19 3단계 식단\n08:05 다이어트 성공비결 \n08:29 식욕 참는법\n09:23 체중감량TIP\n10:38 가장 중요한것\n11:21 마지막",
        "thumbnail": "https://i.ytimg.com/vi/mdPXCubV-OA/mqdefault.jpg",
        "youtubeVideoId": "mdPXCubV-OA",
        "uploadedDate": "2021-01-11T10:02:33Z",
        "viewCount": 130105,
        "isCommercial": "False"
    },
    {
        "id": "dd924eae-84cd-4461-9e71-60a99e15be5d",
        "title": "ENG) 딱 하나만 바꿔. 살 쭉쭉 빠지는 다이어트식단 짜는 TIP(+존맛 레시피 대방출)",
        "description": "딱 하나만 바꿔. 살 쭉쭉 빠지는 다이어트식단 짜는 TIP(+존맛 레시피 대방출)\n\n#다이어트 식단 #식단레시피 #요거보네 \n――――――――――――――\n💌 인스타 :  https://www.instagram.com/somz_zi/\n💌 메일 :  ds02_28@naver.com \n\n안녕 애들아 랜선언니 솜찌야!\n이번 영상은 딱 하나만 바꾸고 살 쭉~쭉 빼는 \n꿀팁 5가지를 소개하면서 존맛 다이어트 식단도 공유하는 영상이야!\n꿀팁 엄~~~~~~~청 대방출되니까 오늘도 즐감 ♡\n\n――――――――――――――\n\n본 영상은 '요거보네'의 유료광고가 포함되어 있습니다.\n\n👉요거보네 그릭요거트\nhttps://url.kr/bdkc5e\n👉요거보네 플레인요거트 \nhttps://url.kr/59pv8m\n\n\n[요거보네 이벤트 공지]\n👉이벤트 내용 \n총 10명 선정, 영상 속 요거보네 그릭요거트 100g x 4팩 선물! \n\n👉이벤트 참여 방법 \n1. 영상 마지막에 소개한 꿀팁을 댓글로 적는다(+메일주소 필수!) \n2. 당첨을 기다린다 두근두근 ♥\n\n👉이벤트 기간\n ~6/12일 자정 마감 \n\n👉당첨자 발표 \n20/06/13(일) 커뮤니티 공지 & 개별 메일 안내",
        "thumbnail": "https://i.ytimg.com/vi/rTWoZQXPcsE/mqdefault.jpg",
        "youtubeVideoId": "rTWoZQXPcsE",
        "uploadedDate": "2021-05-28T04:22:48Z",
        "viewCount": 230328,
        "isCommercial": "True"
    },
    {
        "id": "d5eee778-b023-4705-8a77-708de800a181",
        "title": "연락두절에서 칼답으로 만들 수 있는 연락법 총.정.리 [랜선언니]",
        "description": "설명",
        "thumbnail": "https://i.ytimg.com/vi/RC-1cefLMjs/mqdefault.jpg",
        "youtubeVideoId": "RC-1cefLMjs",
        "uploadedDate": "2019-08-09T00:25:13Z",
        "viewCount": 174869,
        "isCommercial": "False"
    },
    {
        "id": "1b73c43c-a1be-4f6b-9c50-abf7d85a5909",
        "title": "바디프로필 D-DAY🔥  2개월 -8KG 감량하고 복근과 함께 촬영한 날(+폭풍 먹방)",
        "description": "바디프로필 D-DAY🔥  2개월 -8KG 감량하고 복근과 함께 촬영한 날(+폭풍 먹방)\n\n――――――――――――――\n💌 인스타 :  https://www.instagram.com/somz_zi/\n💌 메일 :  ds02_28@naver.com \n――――――――――――――\n안녕 애들아 랜선언니 솜찌야\n오늘 드디어 대망의 바디프로필 당일날 브이로그!!!!!!!!!\n56일간의 길면 길고 짧으면 짧은 도전이었는데\n성공적으로 찍은 것 같아서 뿌듯...♡\n\n다음 브이로그부턴 폭.풍.먹.방이 기다리고 있다\n(진심 폭풍;;임ㅎㅎ)",
        "thumbnail": "https://i.ytimg.com/vi/tliM_Fi1asw/mqdefault.jpg",
        "youtubeVideoId": "tliM_Fi1asw",
        "uploadedDate": "2020-10-01T07:30:55Z",
        "viewCount": 109877,
        "isCommercial": "False"
    },
    {
        "id": "e1e8518e-82ff-4c43-8d3e-2022bdf195c4",
        "title": "바디프로필 찍은 거 후회한다면서 다시 준비하는 이유(다이어트 강박&폭식증)",
        "description": "바디프로필 찍은 거 후회한다면서 다시 준비하는 이유(다이어트 강박&폭식증)\n\n#바디프로필준비 #건강한다이어트 \n――――――――――――――\n💌 인스타 :  https://www.instagram.com/somz_zi/\n💌 메일 :  ds02_28@naver.com \n――――――――――――――\n안녕 애들아 랜선언니 솜찌야!\n내가,,, 바디프로필 찍은 거 후회한다 해놓고 \n왜 다시 바디프로필 찍기로 마음 먹었는지에 대한 영상이야!\n\n이번 바디프로필은 처절하지 않게 내 삶을 지켜가면서 해볼려고!\n바디프로필 끝나도 지속 가능한 방법들로!!!!!!! \n앞으로 바디프로필 준비 과정도 잘 지켜봐줘 ♡\n스스로 극복해 나가볼게",
        "thumbnail": "https://i.ytimg.com/vi/Bk_StmH4YkU/mqdefault.jpg",
        "youtubeVideoId": "Bk_StmH4YkU",
        "uploadedDate": "2021-04-21T06:11:25Z",
        "viewCount": 140507,
        "isCommercial": "False"
    },
    {
        "id": "c9c43833-7f62-4139-a20d-13eed46e563b",
        "title": "전혀 안친한 사람에게 호감을 얻는 방법 [랜선언니]",
        "description": "전혀 안친한 사람에게 호감을 얻는 방법 [랜선언니]\n\n안녕 애들아 오늘은!!!!\n1도 안친한 이성에게 자연스럽게 다가가는 방법과\n더 나아가서 호감을 얻는 방법에 대해  \n이야기를 나눠볼려고해 오늘도 즐~감~!",
        "thumbnail": "https://i.ytimg.com/vi/7BCcs8LmSbU/mqdefault.jpg",
        "youtubeVideoId": "7BCcs8LmSbU",
        "uploadedDate": "2019-01-09T07:31:24Z",
        "viewCount": 0,
        "isCommercial": "False"
    },
    {
        "id": "0cb4aeb6-955e-4adf-885d-2f1f98a7c712",
        "title": "체지방만 -5KG 감량한 사람이 말해주는 쉽게 살 빼는 방법",
        "description": "체지방만 -5KG 감량한 사람이 말해주는 쉽게 살 빼는 방법 \n――――――――――――――\n💌 인스타 :  https://www.instagram.com/somz_zi/\n💌 메일 :  ds02_28@naver.com \n――――――――――――――\n바디프로필 D-11일 남았구요..두구두구 \n\n※나처럼 절대 식단 따라하지말고※\n딱 한끼만 클린하게 탄단지 챙겨먹고\n스트레스만 안받아도 다이어트 성공할 수 있다!!!!!!",
        "thumbnail": "https://i.ytimg.com/vi/UBELc225z-M/mqdefault.jpg",
        "youtubeVideoId": "UBELc225z-M",
        "uploadedDate": "2020-09-16T07:36:35Z",
        "viewCount": 102126,
        "isCommercial": "False"
    },
    {
        "id": "e6e02497-8e97-4e91-8fc0-4ec8cc81b9f6",
        "title": "[ENG] 7일간 무슨일이..?!💦 최근 바꾼 운동&식단과 다이어트에 대한 생각들 [VLOG]",
        "description": "7일간 무슨일이..?!💦 최근 바꾼 운동&식단과 다이어트에 대한 생각들 [VLOG]\n\n#다이어트 #바디프로필준비 \n――――――――――――――\n💌 인스타 :  https://www.instagram.com/somz_zi/\n💌 메일 :  ds02_28@naver.com \n――――――――――――――\n안녕 애들아 랜선언니 솜찌야!\n최근 바꾼..(?) 사실 바뀐것도 별로 없고\n운동 좀 더 빡세게 하고 간식을 끊었는데 일주일간 변화가;;;;\n\n이번 영상은 바디프로필 준비를 하면서 \n그간 느낀 생각들을 공유해봤어! \n오늘도 즐!감! \n\n\n\n[Video Source Support]\nYoutube channel \"freeticon\" : https://www.youtube.com/c/Freeticon",
        "thumbnail": "https://i.ytimg.com/vi/0CTu7dxOPlw/mqdefault.jpg",
        "youtubeVideoId": "0CTu7dxOPlw",
        "uploadedDate": "2021-07-11T05:59:43Z",
        "viewCount": 39693,
        "isCommercial": "False"
    },
    {
        "id": "83159d3d-f012-41c1-95a5-b8f5246e5414",
        "title": "매력 없는 사람들의 공통적인 특징(ft. 매력적인 사람이 되려면) [랜선언니]",
        "description": "매력 없는 사람들의 공통적인 특징(ft. 매력적인 사람이 되려면) [랜선언니]\n\n안뇽 애드라 오늘은 매력 없는 사람들의 공통적인 특징과\n어떻게 하면 매력을 높일 수 있는지를 가지고 왔어\n오늘도 즐감!!",
        "thumbnail": "https://i.ytimg.com/vi/0OK4FdPeFfQ/mqdefault.jpg",
        "youtubeVideoId": "0OK4FdPeFfQ",
        "uploadedDate": "2018-12-09T12:25:40Z",
        "viewCount": 0,
        "isCommercial": "False"
    },
    {
        "id": "fa69504a-f743-4e3b-ad86-555f53af3001",
        "title": "좋아하는 사람이 날 좋아하게 만드는 법(ft.짝사랑 2탄) [랜선언니]",
        "description": "좋아하는 사람이 날 좋아하게 만드는 법(ft.짝사랑 2탄) [랜선언니]\n\n[랜선언니] : 언니와 나누는 연애 이야기 / 매주 월, 금 PM10  \n￣￣￣￣￣￣￣￣￣￣￣￣￣￣￣￣￣￣￣￣￣￣￣￣￣￣￣\n내가 좋아하는 사람이 날  좋아하게 만들고 싶은데..\n짝사랑하는 그 사람의 마음을 사는 법!!!!\n이거 하나만 명심해",
        "thumbnail": "https://i.ytimg.com/vi/Y3oo2CTOn5U/mqdefault.jpg",
        "youtubeVideoId": "Y3oo2CTOn5U",
        "uploadedDate": "2018-10-01T10:26:25Z",
        "viewCount": 0,
        "isCommercial": "False"
    },
    {
        "id": "9d76ba13-02b4-4606-b951-1cdbf9fa561a",
        "title": "꾹 참다 꺼내보는 이야기...인생이란 뭘까? [준비생 ep0]",
        "description": "𝐈𝐧𝐬𝐭𝐚𝐠𝐫𝐚𝐦 • https://www.instagram.com/somz_zi/\n𝐂𝐨𝐧𝐭𝐚𝐜𝐭 • ds02_28@naver.com \n\n⎽⎽⎽\n\n안녕 얘들아 랜선언니 솜찌야\n이번 영상은 그간 말하지 못했던 나의 고민들을 \n랜선 동생들한테 그냥,,, 나 이렇다구 털어놓는 영상이야ㅠ_ㅠ \n\n참 인생이란 뭘까\n요즘 많은 생각이 들더라고\n\n어떤 생각으로 이런 결심을 하게됐는지\n앞으론 어떻게 살아갈지\n조심스럽게 영상으로 담아봤어\n\n오늘도 잘 봐줘!",
        "thumbnail": "https://i.ytimg.com/vi/OXb-r9V6_9w/mqdefault.jpg",
        "youtubeVideoId": "OXb-r9V6_9w",
        "uploadedDate": "2022-02-23T08:54:15Z",
        "viewCount": 20140,
        "isCommercial": "False"
    },
    {
        "id": "81f439fe-7f67-4066-b660-64f44dc64d89",
        "title": "특정 부위 살빼기? -8kg 감량하며 살 빠졌던 순서 총정리!(+1년 눈바디)",
        "description": "특정 부위 살빼기? -8kg 감량하며 살 빠졌던 순서 총정리!(+1년 눈바디)\n\n#다이어트 #살빠지는순서\n――――――――――――――\n💌 인스타 :  https://www.instagram.com/somz_zi/\n💌 메일 :  ds02_28@naver.com \n――――――――――――――\n안녕 애들아 랜선언니 솜찌야 \n이번 영상은 그간 종종 물어보던!\n\n대체... 살은 어디부터 빠지는거야? 에 대한 대답!\n내가 빠졌던 데이터를 모아 이번 영상을 만들었어\n오늘도 즐~감!!",
        "thumbnail": "https://i.ytimg.com/vi/XsOmAHdTkqo/mqdefault.jpg",
        "youtubeVideoId": "XsOmAHdTkqo",
        "uploadedDate": "2021-05-28T06:26:48Z",
        "viewCount": 28782,
        "isCommercial": "False"
    },
    {
        "id": "cdc667f0-d516-4a32-9176-468b8d34d7ae",
        "title": "상대가 날 좋아하는지 아는 가장 확실한 방법 [랜선언니]",
        "description": "상대가 날 좋아하는지 아는 가장 확실한 방법 [랜선언니]\n\n[랜선언니] : 언니와 나누는 연애 이야기 / 매주 월, 수, 금 PM10  \n￣￣￣￣￣￣￣￣￣￣￣￣￣￣￣￣￣￣￣￣￣￣￣￣￣￣￣\n언니~~~~얘가 나 좋아하는건지 안좋아하는건지 헷갈려요\n말은 좋다고 그러는데,,,, \n\n이런 동생들을 위해!!!! 상대방이 나를 좋아하는지, 안좋아하는지\n얼만큼 좋아하는지 알 수 있는 가장 확실한 방법을\n가지고 왔어!!!!! 이것만 확인해봐",
        "thumbnail": "https://i.ytimg.com/vi/xktafJiqspw/mqdefault.jpg",
        "youtubeVideoId": "xktafJiqspw",
        "uploadedDate": "2018-09-04T14:31:06Z",
        "viewCount": 0,
        "isCommercial": "False"
    },
    {
        "id": "8ff6388d-6597-4bd0-8b55-9fceb86ca4eb",
        "title": "상대방이 날 신경쓰고 관심갖게 만드는 법 [랜선언니]",
        "description": "상대방이 날 신경쓰고 관심갖게 만드는 법 [랜선언니]\n\n안뇽 애드라!! 오늘은 내가 좋아하는 상대방이 날 좀 \n은근히 신경쓰이고 더 나아가 관심을 가지게끔 하는 \n방법을 가지고 왔어!!!!! 오늘도 궁금한거 있으면 댓글 남겨주고",
        "thumbnail": "https://i.ytimg.com/vi/NWmfuU-1esA/mqdefault.jpg",
        "youtubeVideoId": "NWmfuU-1esA",
        "uploadedDate": "2018-11-26T11:22:28Z",
        "viewCount": 0,
        "isCommercial": "False"
    },
    {
        "id": "c9cfebdc-afdc-4b1f-b5fc-e1ae86b9faf6",
        "title": "연락이 느릴때, 나에게 관심있는지 확인하는법 [랜선언니]",
        "description": "연락이 느릴때, 나에게 관심있는지 확인하는법 [랜선언니]\n\n[랜선언니] : 언니와 나누는 연애 이야기 / 매주 월, 수, 금 PM10  \n￣￣￣￣￣￣￣￣￣￣￣￣￣￣￣￣￣￣￣￣￣￣￣￣￣￣￣\n연락이 느린 그 남자!!!\n나에게 관심이 있는걸까 없는걸까? \n확인할 수 있는 3가지 방법!",
        "thumbnail": "https://i.ytimg.com/vi/ZuvSDgEGyuA/mqdefault.jpg",
        "youtubeVideoId": "ZuvSDgEGyuA",
        "uploadedDate": "2018-06-27T12:06:14Z",
        "viewCount": 0,
        "isCommercial": "False"
    },
    {
        "id": "854475b4-4888-4e95-a3b7-2bca1e65b0cf",
        "title": "외로워서 사귀고 싶은지, 좋아서인지 구분하는 방법 [연애]",
        "description": "외로워서 사귀고 싶은지, 좋아서인지 구분하는 방법 [연애]――――――――――――――\n💜 인스타 :  https://www.instagram.com/somz_zi/\n💜 메일 :  ds02_28@naver.com \n――――――――――――――\n\n안녕 애들아 오늘은 저번 콘텐츠의 베댓이었던!!!!\n외로워서 이 사람과 사귀고 싶은건지,\n정말 이 사람이 좋아서 사귀고 싶은건지 \n구분하는 방법을 가지고 왔어!!!!! \n하지만 상황과 사람따라 다르기 때문에 정답은 없는 점 참고!!!!",
        "thumbnail": "https://i.ytimg.com/vi/I0UwUcALoRo/mqdefault.jpg",
        "youtubeVideoId": "I0UwUcALoRo",
        "uploadedDate": "2019-09-17T05:50:29Z",
        "viewCount": 44378,
        "isCommercial": "False"
    },
    {
        "id": "e1c501b5-339c-441b-ac67-cbbecebdb223",
        "title": "생리전 식욕 폭발 나만 이래? 3일 연속 빵파티🍞 해버린 다이어트 일상 [VLOG]",
        "description": "생리전 식욕 폭발 나만 이래? 3일 연속 빵파티🍞 해버린 다이어트 일상 [VLOG]\n\n#생리 #식욕폭발 #다이어트\n――――――――――――――\n💌 인스타 :  https://www.instagram.com/somz_zi/\n💌 메일 :  ds02_28@naver.com \n――――――――――――――\n안녕 애들아 랜선언니 솜찌야\nㅎ ㅏ... 생리할때가 되더니 식욕이 폭발해버렸스 \n자꾸 빵생각나고.. 누워도 빵생각..\n앉아도 빵생각.. 샐러드 물기 제거하다가도 빵생각...\n빵빵... 그놈의 빵생각... \n빵으로 뒤덮힌 일상 브이로그 오늘도 즐감 ♥",
        "thumbnail": "https://i.ytimg.com/vi/HPRf531cB00/mqdefault.jpg",
        "youtubeVideoId": "HPRf531cB00",
        "uploadedDate": "2021-04-16T04:23:03Z",
        "viewCount": 85962,
        "isCommercial": "False"
    },
    {
        "id": "0a194028-1a3f-487c-8e2b-5658467189e5",
        "title": "썸일때 절대 해서는 안되는 배려 [랜선언니]",
        "description": "썸일때 절대 해서는 안되는 배려 [랜선언니]\n\n안녕 애들아 랜선언니 솜찌야~!\n오늘은 썸일때, 짝사랑 할때 특히 해서는 안되는 말!!\n에 대해서 가지고 왔어!! 오늘도 즐감 !!",
        "thumbnail": "https://i.ytimg.com/vi/Fu80aLt3vJ8/mqdefault.jpg",
        "youtubeVideoId": "Fu80aLt3vJ8",
        "uploadedDate": "2019-06-03T06:45:14Z",
        "viewCount": 71035,
        "isCommercial": "False"
    },
    {
        "id": "1cb4287c-c81c-4996-bf78-8dca3bcf0768",
        "title": "1만원~5만원대💸 가성비 짱짱한 브랜드 맨투맨 10가지 하울 (키르시, 게스, 타미힐피거, 테일러스튜디오 등)",
        "description": "1만원~5만원대💸 가성비 짱짱한 브랜드 맨투맨 10가지 하울 (키르시, 게스, 타미힐피거, 테일러스튜디오 등)\n\n#맨투맨하울 #가을겨울\n―――――――――――――\n💌 인스타 :  https://www.instagram.com/somz_zi/\n💌 메일 :  ds02_28@naver.com \n――――――――――――――\n스펙 : 156cm 48kg  / 44사이즈 / 허리25\n\n*본 영상은 서울스토어로부터 포인트를 제공받았으며 친구할인코드 사용에 따라 적립금을 제공받을 수 있습니다. \n*본 영상은 브랜드 PPL 영상이 아니며 제품 선택과 리뷰는 100% 개인의 견해로 제작된 영상입니다. \n\n\n친구할인코드란에 \"솜뭉찌\" 입력하면 추가 5%할인! \n서울스토어 링크 : http://bit.ly/2QiIdUy\n솜찌 제품 리뷰 링크 : http://bit.ly/2Qhlh7Z\n\n――――――――――――――\n*컨셉상 반말을 사용하는 점 양해 부탁드립니다..♡\n\n \n💖.1 \n키르시 MIDDLE CHERRY SWEATSHIRT JA(56,000원)\n1사이즈 \nhttps://bit.ly/3iarkaI\n\n\n💖.2\n무아무아 부클 라인 양기모 맨투맨(27,900원)\n그레이 FREE\nhttps://bit.ly/335cD4G\n\n\n💖.3\n테일러스튜디오 20FW 맨투맨 4종(49,900원)\n로만 (아이보리) WOMAN\nR.M (애쉬블루) WOMAN\nhttps://bit.ly/3cA2LmH\n\n\n💖.4\n게스 \n핸드라이팅 ▽ 맨투맨_MK3K9440(52,200원)\nIVY(아이보리) XS\nhttps://bit.ly/2G6q6An\n\n\n💖.5\n타미힐피거\n[한정수량]타미힐피거 남녀공용 가을 맨투맨티셔츠 4종(37,800원)\n블랙S \nhttps://bit.ly/338VY0b\n\n\n💖.6\n어커버\n[1+1] 포인트 사이드벤트 스웨트셔츠(31,900원)\n포인트 사이드벤트 스웨트셔츠_차콜 M\n포인트 사이드벤트 스웨트셔츠_크림 M\nhttps://bit.ly/36cF2aN\n\n\n💖.7\n어반에이지 [1+1] 센서티브 오버 기모 맨투맨(37,740원)\n네이비M 머스타드M\nhttps://bit.ly/2S3ha10",
        "thumbnail": "https://i.ytimg.com/vi/cLvZR0rW518/mqdefault.jpg",
        "youtubeVideoId": "cLvZR0rW518",
        "uploadedDate": "2020-09-28T08:40:12Z",
        "viewCount": 81112,
        "isCommercial": "False"
    },
    {
        "id": "27d1b570-d412-43f8-905a-78320928dffa",
        "title": "\"난 귀여워\" 은근히 어필하는 쉬운 방법 [랜선언니]",
        "description": "\"난 귀여워\" 은근히 어필하는 쉬운 방법 [랜선언니]\n\n대놓고 귀여운거말구 \n은근히 귀여운걸 어필하는 방~법",
        "thumbnail": "https://i.ytimg.com/vi/LPQ8M704Bj8/mqdefault.jpg",
        "youtubeVideoId": "LPQ8M704Bj8",
        "uploadedDate": "2019-02-01T10:24:15Z",
        "viewCount": 0,
        "isCommercial": "False"
    },
    {
        "id": "12f7c0f1-6bc8-4435-8ba0-f4d53738f94c",
        "title": "결국 10kg 찌고 충격에 다이어트 시작;;(부제: 케이크는 살안쪙♥) [VLOG]",
        "description": "결국 10kg 찌고 충격에 다이어트 시작;;(부제: 케이크는 살안쪙♥) [VLOG]\n\n#프로다이어터 #다이어트먹방\n――――――――――――――\n💌 인스타 :  https://www.instagram.com/somz_zi/\n💌 메일 :  ds02_28@naver.com \n――――――――――――――",
        "thumbnail": "https://i.ytimg.com/vi/2sSma9mFl8s/mqdefault.jpg",
        "youtubeVideoId": "2sSma9mFl8s",
        "uploadedDate": "2020-11-27T05:58:18Z",
        "viewCount": 104731,
        "isCommercial": "False"
    },
    {
        "id": "e1f2124f-7905-44e2-9588-be821edef985",
        "title": "빵으로 정체기 뚫은 그녀ㅋㅋㅋ 바디프로필 마지막 D-7일간의 기록 [VLOG]",
        "description": "빵으로 정체기 뚫은 그녀ㅋㅋㅋ 바디프로필 마지막 D-7일간의 기록 [VLOG]\n\n#정체기탈출 #바디프로필준비 \n――――――――――――――\n💌 인스타 :  https://www.instagram.com/somz_zi/\n💌 메일 :  ds02_28@naver.com \n――――――――――――――\n안녕 애들아 랜선언니 솜찌야\n저번에 단식할까 치팅할까 고민하다가 \n행복하게 빵 먹방 해버렸는디~~~~~~~~~\n\n뭐야뭐야 그 이후로 \n살 쭉쭉 빠지잖아 \n...난 정말 빵과 운명인걸까?\nㅋㅋㅋㅋㅋㅋㅋㅋㅋㅋㅋㅋㅋㅋㅋ\n\n동생이 나 빵만 먹으면\n얼굴이 좋아진다고 하던데\n..진짠가봐^^;;;; \n\n바디프로필 마지막 일주일간의 기록!\n(흐그ㅡ그그귝) \n오늘도 즐감!!!!\n\n––––––––––––––––––––––––––––––––––––––––––––––––––\n[Video Source Support]\nYoutube channel \"freeticon\" : https://www.youtube.com/c/Freeticon\n––––––––––––––––––––––––––––––––––––––––––––––––––",
        "thumbnail": "https://i.ytimg.com/vi/hptxkFahEKo/mqdefault.jpg",
        "youtubeVideoId": "hptxkFahEKo",
        "uploadedDate": "2021-08-06T04:40:35Z",
        "viewCount": 19025,
        "isCommercial": "False"
    },
    {
        "id": "82be3e3d-32e6-4732-ba03-2e7a58cfcc96",
        "title": "30일간 공복 유산소 운동, 얼마나 빠질까? #shorts",
        "description": "30일간 공복 유산소 운동, 얼마나 빠질까? #shorts\n――――――――――――――\n💌 인스타 :  https://www.instagram.com/somz_zi/\n💌 메일 :  ds02_28@naver.com \n――――――――――――――\n솜찌 생애 첫 쇼츠!~~~~~~~~",
        "thumbnail": "https://i.ytimg.com/vi/aAUKXuefQeQ/mqdefault.jpg",
        "youtubeVideoId": "aAUKXuefQeQ",
        "uploadedDate": "2021-08-23T09:46:37Z",
        "viewCount": 7542,
        "isCommercial": "False"
    },
    {
        "id": "e1138637-efdb-48b6-8743-910d6d1494bb",
        "title": "다이어트 2달 개고생(-7kg) ▶ 4일만에 원상복귀(+7kg)시키는 폭풍먹방 보실분... [VLOG]",
        "description": "다이어트 2달 개고생(-7kg) ▶ 4일만에 원상복귀(+7kg)시키는 폭풍먹방 보실분... [VLOG]\n#폭식 #살찌우기 \n\n――――――――――――――\n💌 인스타 :  https://www.instagram.com/somz_zi/\n💌 메일 :  ds02_28@naver.com \n――――――――――――――\n안녕 애들아 랜선언니 솜찌야 \n오늘은 바디프로필 끝나고...(아직도)먹는 ㅋㅋㅋㅋㅋㅋㅋㅋ\n폭풍먹방인데 뭔ㄷㅔ.. 내 몸 왜이런데...?\n근데 행복해 살은 또 빼면되지 히히",
        "thumbnail": "https://i.ytimg.com/vi/D3SjuEytEpQ/mqdefault.jpg",
        "youtubeVideoId": "D3SjuEytEpQ",
        "uploadedDate": "2020-10-23T01:54:59Z",
        "viewCount": 72300,
        "isCommercial": "False"
    },
    {
        "id": "845f88ac-faa7-4b71-8ae0-f2bc40401145",
        "title": "(후회)바디프로필 안찍을걸.. 이젠 말할 수 있는 강박증과 폭식증 극복기ing [VLOG]",
        "description": "(후회)바디프로필 안찍을걸.. 이젠 말할 수 있는 강박증과 폭식증 극복기ing [VLOG]  \n\n#강박증 #폭식증 \n――――――――――――――\n💌 인스타 :  https://www.instagram.com/somz_zi/\n💌 메일 :  ds02_28@naver.com \n―――――――――――――― \n안녕 애들아 랜선언니 솜찌야\n바디프로필 찍은지 벌써 4달이 지났는데\n사실은 바디프로필 찍고 강박증과 폭식증에 많이 시달렸(?)었어 \n근데 마인드를 바꾸고 조급함을 내려두니 \n꽤 강박과 폭식을 극복한 것 같아(물론 아직도 가끔... 과식을 하지만)\n\n오늘 영상은 솔직한 그간 이야기를 담았어 \n오늘도 즐감!!",
        "thumbnail": "https://i.ytimg.com/vi/_RDVl_oIIHY/mqdefault.jpg",
        "youtubeVideoId": "_RDVl_oIIHY",
        "uploadedDate": "2021-01-08T10:19:07Z",
        "viewCount": 102225,
        "isCommercial": "False"
    },
    {
        "id": "975f8783-934c-4bea-9af9-e904f61d93fc",
        "title": "1년 반 동안 꾸준히 운동 하면 바뀌는 놀라운 변화들(필라테스/요가/헬스 고민될 때)",
        "description": "1년 반 동안 꾸준히 운동 하면 바뀌는 놀라운 변화들(필라테스/요가/헬스 고민될 때)\n\n#필라테스 #헬스 #요가 \n――――――――――――――\n💌 인스타 :  https://www.instagram.com/somz_zi/\n💌 메일 :  ds02_28@naver.com \n――――――――――――――\n안녕 애들아 랜선언니 솜찌야\n운동한지 벌써 1년 반이 됐더라고?\n\n그래서 그간 어떤 변화가 있었나 생각해보다가\n꽤 많은 변화가 있어서 영상 한번 찍어봤어\n(운동 전도사^^ㅋㅋㅋㅋㅋㅋㅋㅋㅋㅋㅋ)\n\n다들~~~~운동하자~~~~~~\n운동~~~~~~~~~하~~~~~~~자악",
        "thumbnail": "https://i.ytimg.com/vi/V6U2Rq_S2C4/mqdefault.jpg",
        "youtubeVideoId": "V6U2Rq_S2C4",
        "uploadedDate": "2021-09-17T02:05:05Z",
        "viewCount": 8816,
        "isCommercial": "False"
    },
    {
        "id": "2ed9eccc-1352-4ff6-8fce-27ba9eb9542e",
        "title": "당신에게 관심이 없다는 확실한 신호 2가지 [랜선언니]",
        "description": "안녕 애들아 랜선언니 솜찌야 \n오늘은 라이브에서 다뤘던 내용을 갖구왔어 \n상대가 나한테 관심이 있나.. 없나 헷갈릴때 \n관심이 없다는 신호에 대해 이야기 해볼려구해!!!!!\n오늘도 영상이 유익했다면 좋아요와 구독을~~~!~",
        "thumbnail": "https://i.ytimg.com/vi/ZcQFCxY8fHc/mqdefault.jpg",
        "youtubeVideoId": "ZcQFCxY8fHc",
        "uploadedDate": "2019-07-09T15:04:43Z",
        "viewCount": 90655,
        "isCommercial": "False"
    },
    {
        "id": "789b9c34-a454-44ed-821a-512ee460e50a",
        "title": "💰내돈내산💰2년째 샐러드 먹는 다이어터의 드레싱 솔직리뷰(+칼로리,맛)",
        "description": "💰내돈내산💰2년째 샐러드 먹는 다이어터의 드레싱 솔직리뷰(+칼로리,맛)\n\n#내돈내산 #드레싱추천\n――――――――――――――\n💌 인스타 :  https://www.instagram.com/somz_zi/\n💌 메일 :  ds02_28@naver.com \n――――――――――――――\n안녕 애들아 랜선언니 솜찌야!\n2년째 풀때기를 챙겨먹고 있는데(건강건강)\n\n많이들 궁금해하고 물어봤던 드레싱...!\n찐추천 비추천^-ㅠ 솔직 후기를 갖고 왔어!\n\n오늘도 영상 즐감~♡",
        "thumbnail": "https://i.ytimg.com/vi/PmY0dydszh8/mqdefault.jpg",
        "youtubeVideoId": "PmY0dydszh8",
        "uploadedDate": "2021-07-15T05:58:34Z",
        "viewCount": 9749,
        "isCommercial": "False"
    },
    {
        "id": "27cefddf-47a6-4f53-b7c6-2c23d3be45cb",
        "title": "바디프로필 d-day🔥 두번째 바디프로필, 그 마지막 이야기 [VLOG]",
        "description": "바디프로필 d-day🔥 두번째 바디프로필, 그 마지막 이야기 [VLOG]\n\n#바디프로필 #당일 \n――――――――――――――\n💌 인스타 :  https://www.instagram.com/somz_zi/\n💌 메일 :  ds02_28@naver.com \n――――――――――――――\n나름 80일간 준비했던 바디프로필\n드디어 두번째 바디프로필 촬영날!\n\n아침부터 빵먹고 메이크업 받고~!\n재밋게 촬영했던 촬영 당일 브이로그 즐감!\n\n\n[Video Source Support]\nYoutube channel \"freeticon\" : https://www.youtube.com/c/Freeticon",
        "thumbnail": "https://i.ytimg.com/vi/LdfPpp4WH20/mqdefault.jpg",
        "youtubeVideoId": "LdfPpp4WH20",
        "uploadedDate": "2021-08-10T02:51:54Z",
        "viewCount": 24512,
        "isCommercial": "False"
    },
    {
        "id": "1a509236-6a65-4dfe-a0ff-ef0e09086d80",
        "title": "D-7▶D-day! 바디프로필, 처절한...일주일 기록(체지방율 15%?, 브라질리언, 의상점검, 단수)  [VLOG]",
        "description": "D-7▶D-day! 바디프로필, 처절한...일주일 기록(체지방율 15%?, 브라질리언, 의상점검, 단수)  [VLOG]\n\n――――――――――――――\n💌 인스타 :  https://www.instagram.com/somz_zi/\n💌 메일 :  ds02_28@naver.com \n――――――――――――――\n안녕 애들아 랜선언니 솜찌야\n드디어... 바디프로필 준비 마지막 일주일을 담은 \n브이로그를 공개한다!!!! 다음 영상은 바디프로필  당일 영상 준비되어 있어 ..♡\n오늘도 즐감즐감",
        "thumbnail": "https://i.ytimg.com/vi/UwBCrxA0OJA/mqdefault.jpg",
        "youtubeVideoId": "UwBCrxA0OJA",
        "uploadedDate": "2020-09-22T11:34:24Z",
        "viewCount": 32181,
        "isCommercial": "False"
    },
    {
        "id": "a20b44ad-11a9-4b92-9b80-11ee1c3e889a",
        "title": "바디프로필은 2주 남았고 입은 터졌습니다 yeah [VLOG]",
        "description": "바디프로필은 2주 남았고 입은 터졌습니다 yeah [VLOG]\n\n#바디프로필 #다이어트\n――――――――――――――\n💌 인스타 :  https://www.instagram.com/somz_zi/\n💌 메일 :  ds02_28@naver.com \n――――――――――――――\n뭐 그런날도 있는거지!\n하면서 맛있게 먹고 또 열심히 운동하는 \n바디프로필 D-14 기록들 히히",
        "thumbnail": "https://i.ytimg.com/vi/kedvumzKpVk/mqdefault.jpg",
        "youtubeVideoId": "kedvumzKpVk",
        "uploadedDate": "2021-07-24T07:08:53Z",
        "viewCount": 21121,
        "isCommercial": "False"
    },
    {
        "id": "a77f7d31-341f-4547-bb84-1278ab2e2f0c",
        "title": "호감에서 좋아함으로 무조건 발전시킬 수 있는 방법 [랜선언니]",
        "description": "호감에서 좋아함으로 무조건 발전시킬 수 있는 방법 [랜선언니]\n\n안녕 애들아 오늘은\n저번시간에 말했던!! 호감, 관심에서 좋아함으로 \n발전시킬 수 있는 방법을 가지고 왔어!!!!\n오늘도 영상 즐.감 하구 언제든 댓글 남겨조요",
        "thumbnail": "https://i.ytimg.com/vi/uVWqia2QxvY/mqdefault.jpg",
        "youtubeVideoId": "uVWqia2QxvY",
        "uploadedDate": "2019-03-24T14:24:52Z",
        "viewCount": 0,
        "isCommercial": "False"
    },
    {
        "id": "a07d7679-1601-41b0-932e-08fceef300b0",
        "title": "식단이랑 운동 놓으면 생기는 일... 깔끔하게 5kg 쪄버렸다^^@@@(매일매일 빵순이) [VLOG]",
        "description": "𝐈𝐧𝐬𝐭𝐚𝐠𝐫𝐚𝐦 • https://www.instagram.com/somz_zi/\n𝐂𝐨𝐧𝐭𝐚𝐜𝐭 • ds02_28@naver.com \n\n⎽⎽⎽\n\n안녕 얘들아 랜선언니 솜찌야 \n빵이 좋아서 빵 먹고,,\n추우니까 운동가기 귀찮아서 좀 덜가고,,,\n식단 안하고 밥 많이 먹고 했드니만,,, \n\n뭐여 5kg나 쪄버렸네 헤헿 \n뭐 살은 빼면 되니까\n오늘도 즐감^^♡\n\n⎽⎽⎽\n\n\n✨ 𝐓𝐈𝐌𝐄𝐋𝐈𝐍𝐄\n0:00 왜 5KG나 찐거야\n0:10 정성베이커리 큰손 \n1:19 다이어트 깨달음 \n2:05 배란일 축하파티 \n3:58 오늘의 하이라이트 \n6:31 오늘 야식은 XXX닷 \n8:00 존맛 볶음밥 레시피\n9:30 운동 하긴 했음 \n10:03 빵장고 털기\n12:38 미공개분",
        "thumbnail": "https://i.ytimg.com/vi/54Jj_HKT3y0/mqdefault.jpg",
        "youtubeVideoId": "54Jj_HKT3y0",
        "uploadedDate": "2022-01-21T08:45:38Z",
        "viewCount": 21200,
        "isCommercial": "False"
    },
    {
        "id": "c121a8af-d734-490d-8aef-36b567531c11",
        "title": "내 마음 확인하는 가장 확실한 방법 [랜선언니]",
        "description": "내 마음 확인하는 가장 확실한 방법 [랜선언니] \n\n그 사람을 좋아하는건가? 안좋아하는건가?\n내 마음을 모르겠어요 언니!!!!!!!!!! \n오늘은 내 마음을 확인할 수 있는 엄청~쉬우면서 \n가장 확실한 방법을 가지고 왔어!!!",
        "thumbnail": "https://i.ytimg.com/vi/Q-F5X3UEBVY/mqdefault.jpg",
        "youtubeVideoId": "Q-F5X3UEBVY",
        "uploadedDate": "2018-11-14T02:26:22Z",
        "viewCount": 0,
        "isCommercial": "False"
    },
    {
        "id": "6c296d30-47a2-4787-8c3f-18687067d287",
        "title": "주말동안 4KG가 쪘다고??? 디저트에 환장하는 빵순이의 식욕대폭발 먹방 [VLOG]",
        "description": "주말동안 4KG가 쪘다고??? 빵에 환장하는 빵순이의 식욕대폭발 먹방 [VLOG]\n\n――――――――――――――\n💌 인스타 :  https://www.instagram.com/somz_zi/\n💌 메일 :  ds02_28@naver.com \n――――――――――――――\n안녕 애들아 랜선언니 솜찌야 \n바디프로필 끝나고 식욕 폭발해서 엄청 잘 먹는 일상^^이야 하하하하 \n오늘도 즐감^^",
        "thumbnail": "https://i.ytimg.com/vi/sqje6t2MH6w/mqdefault.jpg",
        "youtubeVideoId": "sqje6t2MH6w",
        "uploadedDate": "2020-10-12T04:10:45Z",
        "viewCount": 48410,
        "isCommercial": "False"
    },
    {
        "id": "3701bb5a-b784-4fc3-8724-9406b5ef51a9",
        "title": "99% 사람들은 \"이것\"에 반한다... [랜선언니]",
        "description": "99% 사람들은 \"이것\"에 반한다... [랜선언니]\n\n언니!! 내가 좋아하는 사람이 어떻게 날 좋아하게햬????\n정말 수도 없이 많이 들은 이 질문에 대답할게 \n대부분의 사람들이 반하게 되는 포인트",
        "thumbnail": "https://i.ytimg.com/vi/7kQwgZRvzwA/mqdefault.jpg",
        "youtubeVideoId": "7kQwgZRvzwA",
        "uploadedDate": "2018-12-15T12:53:33Z",
        "viewCount": 0,
        "isCommercial": "False"
    },
    {
        "id": "779b146b-54fa-4743-ab39-0aa75b31a16f",
        "title": "이성에게 자연스럽게 데이트신청 성공하는 법 [랜선언니]",
        "description": "이성에게 자연스럽게 데이트신청 성공하는 법 [랜선언니]\n\n[랜선언니] : 언니와 나누는 연애 이야기 / 매주 월,, 금 PM10  \n￣￣￣￣￣￣￣￣￣￣￣￣￣￣￣￣￣￣￣￣￣￣￣￣￣￣￣\n이성에게 자연스럽게!! 거절당하지 않고 \n데이트신청해서 성공하는 방법~~~~! \n울 동생들 써먹으라고 무려 세가지나 가지고 왔어요~~~~",
        "thumbnail": "https://i.ytimg.com/vi/g_QM_R-NIe8/mqdefault.jpg",
        "youtubeVideoId": "g_QM_R-NIe8",
        "uploadedDate": "2018-09-23T15:47:24Z",
        "viewCount": 0,
        "isCommercial": "False"
    },
    {
        "id": "115b4c21-1158-418b-8c87-d563a0c8479b",
        "title": "스타벅스 디저트&명량핫도그 먹방하고 바디프로필 예약해버렸네? [VLOG]",
        "description": "스타벅스 디저트&명량핫도그 먹방하고 바디프로필 예약해버렸네? [VLOG]\n\n#디저트먹방 #바디프로필예약\n――――――――――――――\n💌 인스타 :  https://www.instagram.com/somz_zi/\n💌 메일 :  ds02_28@naver.com \n――――――――――――――\n본 영상은 설탕없는 과자공장 무상제품(협찬)이 포함되어 있습니다. \n\n\n안녕 애들아 랜선언니 솜찌야!\n생리 후 식욕 폭발해서 스타벅스 디저트 먹방하구 \n얼마 지나지않아... 바디프로필 예약 해버린 일상이야\n오늘도 즐감-♥",
        "thumbnail": "https://i.ytimg.com/vi/FnCIF26eggQ/mqdefault.jpg",
        "youtubeVideoId": "FnCIF26eggQ",
        "uploadedDate": "2021-04-23T04:43:39Z",
        "viewCount": 65461,
        "isCommercial": "False"
    },
    {
        "id": "d9982d6e-ed9d-4010-8b06-9c6978433520",
        "title": "운동복 부자의🥊 최근 구매한 신상 운동복 하울(ft.쫀쫀 레깅스/상의/크롭티) Fashion Haul",
        "description": "운동복 부자의🥊 최근 구매한 신상 운동복 하울(ft.쫀쫀 레깅스/상의/크롭티) Fashion Haul  \n\n#운동복하울 #필라테스 #요가 #헬스\n――――――――――――――\n💌 인스타 :  https://www.instagram.com/somz_zi/\n💌 메일 :  ds02_28@naver.com \n――――――――――――――\n안녕 애들아\n오늘은 내.돈.내.산 \n비교적 최근에 구매했던 운동복 하울이야!\n오늘도 즐감~~~~~~~~~~~~! \n\n\n\n🍒1 \n젝시믹스 헤바 크롭탑 1+1 \n블랙S 노티컬블루S 32,000원 \n\n\n🍒2 \n데비웨어 래브백 리본 티셔츠 \n베이지 24,000원 \n\n\n🍒3 \n젝시믹스 블랙라벨 시그니처 380 \n블랙S 캡틴네이비S 1+1 59,000원 \n\n\n🍒4 \n모어아웃 라이트 스트링 티셔츠 \n옐로우 블루 22,000원 \n\n\n🍒5 \n젝시믹스 프레쉬페더 트위스트  크롭 숏슬리브 \n블랙S 18,000원 \n\n\n🍒6\n데비웨어 익스틴 서포트 티 \n크림 레몬 (24,000원)\n\n\n🍒7\n젝시믹스 메쉬 스트링 숏슬리브 마린 \n네이비S 19,000원",
        "thumbnail": "https://i.ytimg.com/vi/a1XxHhBPFS4/mqdefault.jpg",
        "youtubeVideoId": "a1XxHhBPFS4",
        "uploadedDate": "2021-09-29T04:11:17Z",
        "viewCount": 4575,
        "isCommercial": "False"
    },
    {
        "id": "cfb9cc61-2cea-4b88-af29-e3d0bc01e390",
        "title": "좋아하는 사람과 사귀고 싶다면 \"이것\"부터  [랜선언니]",
        "description": "좋아하는 사람과 사귀고 싶다면 \"이것\"부터  [랜선언니]\n\n짝사랑한 상대, 좋아하는 사람이 날 좋아하게 만들고 싶다면 \n이것부터 시작해야한다! 상대방이 이상형과 취향을 아는 방법",
        "thumbnail": "https://i.ytimg.com/vi/PEWd9lGqF9M/mqdefault.jpg",
        "youtubeVideoId": "PEWd9lGqF9M",
        "uploadedDate": "2018-12-14T06:14:03Z",
        "viewCount": 0,
        "isCommercial": "False"
    },
    {
        "id": "045b7758-43e3-48bc-b623-1e028da089b8",
        "title": "연하남에게 어필할 땐 이거 하나만 기억하면 된다 [랜선언니]",
        "description": "언니... 연하남이 좋아.. 어떻게 하면돼!!!!???? \n라고 많은 동생들이 물어봐서 \n어떻게하면 연하남에게 매력을 어필 할 수 있을지 알려줄게 \n이거 하나만 기억해!!!!",
        "thumbnail": "https://i.ytimg.com/vi/_EKEZI5Cbpk/mqdefault.jpg",
        "youtubeVideoId": "_EKEZI5Cbpk",
        "uploadedDate": "2018-10-11T04:39:19Z",
        "viewCount": 0,
        "isCommercial": "False"
    }
]