[
    {
        "id": "9d1d9017-5e85-4266-bef1-0def133ccf75",
        "title": "김범수 - 시계태엽 (원곡: 임정희) 🎤임거박이 커버 시리즈 #1🎤 [범수의 세계]",
        "description": "#김범수 #라이브 #임정희\n\n🐯범수 내려온다🐯\n안식년을 끝내고 돌아온 대한민국 탑 비주얼 가수 김범수의 2021 NEW SEASON✨\n\n매주 금요일 오후 6시에 업로드 됩니다.\n\n🎥제작: 샌드박스네트워크\n💼비즈니스 문의: youngent05@daum.net",
        "thumbnail": "https://i.ytimg.com/vi/9ownjBUvn7o/mqdefault.jpg",
        "youtubeVideoId": "9ownjBUvn7o",
        "uploadedDate": "2021-05-31T07:32:09Z",
        "viewCount": 91253,
        "isCommercial": "False"
    },
    {
        "id": "d6abc5d0-8f94-4b43-a3ff-56263cd0a1d0",
        "title": "김범수 - 친구라도 될걸 그랬어 (원곡: 거미) 🎤임거박이 커버 시리즈 #2🎤 [범수의 세계]",
        "description": "#김범수 #라이브 #거미 \n\n🐯범수 내려온다🐯\n안식년을 끝내고 돌아온 대한민국 탑 비주얼 가수 김범수의 2021 NEW SEASON✨\n\n매주 금요일 오후 6시에 업로드 됩니다.\n\n🎥제작: 샌드박스네트워크\n💼비즈니스 문의: youngent05@daum.net",
        "thumbnail": "https://i.ytimg.com/vi/jZ255EhsBB4/mqdefault.jpg",
        "youtubeVideoId": "jZ255EhsBB4",
        "uploadedDate": "2021-07-04T08:33:04Z",
        "viewCount": 17772,
        "isCommercial": "False"
    },
    {
        "id": "fa76c33b-fd5d-425d-bef9-04e02875372c",
        "title": "김범수 - 꿈에 (원곡: 박정현) 🎤임거박이 커버 시리즈 #3🎤 [범수의 세계]",
        "description": "🐯범수 내려온다🐯\n안식년을 끝내고 돌아온 대한민국 탑 비주얼 가수 김범수의 2021 NEW SEASON✨\n\n매주 금요일 오후 6시에 업로드 됩니다.\n\n🎥제작: 샌드박스네트워크\n💼비즈니스 문의: youngent05@daum.net\n\n#김범수 #박정현 #빌라쥬드아난티",
        "thumbnail": "https://i.ytimg.com/vi/qWcAXW8urAs/mqdefault.jpg",
        "youtubeVideoId": "qWcAXW8urAs",
        "uploadedDate": "2021-08-20T13:27:19Z",
        "viewCount": 692288,
        "isCommercial": "True"
    },
    {
        "id": "a4d93c80-ceae-4659-aefc-9a1e3476bc04",
        "title": "김범수 - 체념 (원곡: 이영현) 🎤임거박이 커버 시리즈 #4🎤 [범수의 세계]",
        "description": "🐯범수 내려온다🐯\n안식년을 끝내고 돌아온 대한민국 탑 비주얼 가수 김범수의 2021 NEW SEASON✨\n\n매주 금요일 오후 6시에 업로드 됩니다.\n\n💼비즈니스 문의: youngent05@daum.net\n\n#김범수 #이영현 #빌라쥬드아난티",
        "thumbnail": "https://i.ytimg.com/vi/2zwbrOgz864/mqdefault.jpg",
        "youtubeVideoId": "2zwbrOgz864",
        "uploadedDate": "2021-10-12T09:46:47Z",
        "viewCount": 28755,
        "isCommercial": "False"
    },
    {
        "id": "891892bf-3470-4d60-9621-151c08b3ca80",
        "title": "🎵두 번째 커버 시리즈🎵 오래 기다렸지? 그만큼 신나신 거지~ 범야호🎉 [범수의 세계]",
        "description": "#김범수 #ㅇㄱㅂㅇ #커버시리즈\n\n🐯범수 내려온다🐯\n안식년을 끝내고 돌아온 대한민국 탑 비주얼 가수 김범수의 2021 NEW SEASON✨\n\n매주 금요일 오후 6시에 업로드 됩니다.\n\n🎥제작: 샌드박스네트워크\n💼비즈니스 문의: youngent05@daum.net",
        "thumbnail": "https://i.ytimg.com/vi/Yt71jKAz7kE/mqdefault.jpg",
        "youtubeVideoId": "Yt71jKAz7kE",
        "uploadedDate": "2021-05-31T07:39:19Z",
        "viewCount": 19740,
        "isCommercial": "False"
    }
]