[
    {
        "id": "97eaa300-c605-486f-a100-1e7410b5b934",
        "title": "트위치 최초 꽁트 \"시청자들의 선택\" 강도 막장 상황극 [ 쫀득 선택과 집중 ]",
        "description": "트위치 생방 주소 ㄱ\nhttps://www.twitch.tv/pjs9073",
        "thumbnail": "https://i.ytimg.com/vi/3p3Hj_dGL1k/mqdefault.jpg",
        "youtubeVideoId": "3p3Hj_dGL1k",
        "uploadedDate": "2018-10-17T06:54:02Z",
        "viewCount": 0,
        "isCommercial": "False"
    },
    {
        "id": "491df755-96b0-4342-843d-871cdea21afc",
        "title": "헤어진 여자가 술집(BAR)에 가다!! ㅗㅜㅑ.. 선택으로 바뀌는 상황극 [ 쫀득 선택과 집중 ]",
        "description": "트위치 생방 주소 ㄱ\nhttps://www.twitch.tv/pjs9073",
        "thumbnail": "https://i.ytimg.com/vi/m6lL-f71fZw/mqdefault.jpg",
        "youtubeVideoId": "m6lL-f71fZw",
        "uploadedDate": "2018-10-30T02:44:50Z",
        "viewCount": 0,
        "isCommercial": "False"
    }
]