[
    {
        "id": "40058e94-de1c-477a-be2e-372ed01224ef",
        "title": "홍성오빠 인형뽑기의신 방송 출연하고 최초 얼굴 공개! 홍성오빠 vs 고니두욘몬 vs 뽑선생 vs 광순언니 사대천왕전에서 승리할 최고의 뽑기왕은 누구? 다이아TV 인형뽑기의신 보자",
        "description": "자료제공 : CJ E&M 다이아TV\n\n구독😍좋아요👍댓글💬 감사합니다!\n인스타그램 👍 https://www.instagram.com/hongseongobba/\n페이스북 👍 https://www.facebook.com/hongseongobba/ \n카카오톡 😀 홍성오빠 유튜브 오픈채팅방 official (인형뽑기)\n문의 📧 cafe_therapy@naver.com (촬영, 창업컨설팅, 스폰)\n택배 🚚 서울특별시 성동구 성수이로20길 16 JK타워 8층, 트레져헌터 (홍성오빠)\n만나는 곳 🙋‍♂️ 충청남도 홍성군 홍성읍 조양로205번길 67, 뽑기가 안되면 홍성스쿨\n\n♫intro music : Carvan Palace - Je Mamuse (R.O Remix)\n♫outro music : The Farmer In The Dell (Instrumental)\n\n#인형뽑기의신 #홍성오빠 #홍성유튜버",
        "thumbnail": "https://i.ytimg.com/vi/-YUXYoGZxFs/mqdefault.jpg",
        "youtubeVideoId": "-YUXYoGZxFs",
        "uploadedDate": "2020-03-08T22:08:59Z",
        "viewCount": 0,
        "isCommercial": "False"
    },
    {
        "id": "b0ba0fe7-e179-4a8d-9324-8032f445e339",
        "title": "[LIVE] CJ E&M 다이아TV 인형뽑기의 신 2회 생방송 - 홍성오빠 타이틀 방어전 생중계",
        "description": "[LIVE] CJ E&M 다이아TV 인형뽑기의 신 2회 생방송 - 홍성오빠 타이틀 방어전 생중계",
        "thumbnail": "https://i.ytimg.com/vi/yDNv8Q6z8uA/mqdefault.jpg",
        "youtubeVideoId": "yDNv8Q6z8uA",
        "uploadedDate": "2020-03-08T22:08:59Z",
        "viewCount": 0,
        "isCommercial": "False"
    },
    {
        "id": "dc389ee3-5111-4538-9bcd-59c7a051607e",
        "title": "홍성오빠 얼굴 최초 공개! 홍성오빠가 직접 스티브잡스가 되어 알려주는 인형뽑기 잘하는법 총 공략집",
        "description": "** 매일 오후 5시 업로드 **\n인스타그램 ▶ https://www.instagram.com/hongseongobba/\n페이스북 ▶ https://www.facebook.com/hongseongobba/ \n카카오톡 ▶ 친구검색에서 '홍성오빠' 검색 후 친구추가\n\n소통하는 뽑기방송!! 많은 구독 및 좋아요 눌러주시면 매일 재미있는 뽑기영상 보실 수 있습니다!^^",
        "thumbnail": "https://i.ytimg.com/vi/z-AAlXS2ML8/mqdefault.jpg",
        "youtubeVideoId": "z-AAlXS2ML8",
        "uploadedDate": "2020-03-08T22:08:59Z",
        "viewCount": 0,
        "isCommercial": "False"
    },
    {
        "id": "6a48d5f2-4d12-4e20-9d68-3ac38d974eb5",
        "title": "마술사 니키 님과 함께한 커플 인형뽑기! 정말 마술같았던 통털이 수준의 주말용 꿀잼 뽑기 갑니다｜홍성스쿨 인형뽑기 #721) 홍성오빠",
        "description": "** 매일 오후 5시 업로드 **\n인스타그램 ▶ https://www.instagram.com/hongseongobba/\n페이스북 ▶ https://www.facebook.com/hongseongobba/ \n카카오톡 ▶ 친구검색에서 '홍성오빠' 검색 후 친구추가\n\n소통하는 뽑기방송!! 많은 구독 및 좋아요 눌러주시면 매일 재미있는 뽑기영상 보실 수 있습니다!^^",
        "thumbnail": "https://i.ytimg.com/vi/cF_QYEtSjv0/mqdefault.jpg",
        "youtubeVideoId": "cF_QYEtSjv0",
        "uploadedDate": "2020-03-08T21:56:51Z",
        "viewCount": 0,
        "isCommercial": "False"
    },
    {
        "id": "3482f9cb-046f-4d4e-a2cf-fc0bb6c274ad",
        "title": "인형뽑기에서 세계 최초로 마술뽑기를 만들어 보았다!! 엄청 잘뽑힘 ㅋㅋ - 니키",
        "description": "세계 최초의 마술 뽑기! 너무 잘뽑힌다고 한번에 많이 뽑아가진 말아주세요 ㅠㅠ 다른 분들도 뽑아야하니까요 ㅎㅎㅎ\n[니키 NICKY] 구독하기▶ https://goo.gl/Ac7ZAw ☆\n\n안녕하세요! 매직 크리에이터 니키(Nicky)입니다!\n\n마술영상이나 컨텐츠에 대한 아이디어들은 댓글에 남겨주세요!\n그 외에도 다루고 싶은 물건이 있으면 역시 댓글로!\n마술만이 아니라 다양한 무엇이든 괜찮습니다~\n\n구독해 주시면 더욱더 즐겁고 재밌는 영상 보실수 있도록 노력할게요!^^\n감사합니다.\n\n★니키 인스타그램 : https://www.instagram.com/nickyyang7777/\n☆니키 페이스북 : https://www.facebook.com/Nickyyang7777\n★니키 마술 카페 : https://goo.gl/uPR2vE\n☆비즈니스 문의 : nickyative@gmail.com\n★니키 스토어팜 : https://smartstore.naver.com/nickyms\n\nCopyright 2019. Nickyative(NickyMagicStudio) All Rights Reserved.\n해당 영상의 저작권은 니키아티브(니키매직스튜디오)에게 있습니다. 이 영상을 공유하는 것은 가능하나 허가 없이 변경/배포는 불가합니다.",
        "thumbnail": "https://i.ytimg.com/vi/I2yrrQo0YW4/mqdefault.jpg",
        "youtubeVideoId": "I2yrrQo0YW4",
        "uploadedDate": "2020-03-08T22:05:21Z",
        "viewCount": 0,
        "isCommercial": "False"
    },
    {
        "id": "4a070416-703a-4135-a9fd-e094c8cc2870",
        "title": "저주인형으로 인형뽑기 프로인 홍성오빠님에게 저주를 걸어보았다ㅋㅋ 마술몰카! - 니키",
        "description": "인형뽑기 가게를 운영하고 계시는 유튜버 홍성오빠님께 저주 인형을 들고가서 저주를 거는 몰카를 해봤습니다!\n인형이 많은 곳에서 저주 인형으로 몰카라니.. 과연 믿으실까요?\n꿀잼 저주 인형 몰카!ㅋㅋㅋㅋ\n[니키 NICKY] 구독하기▶ https://goo.gl/Ac7ZAw ☆\n\n안녕하세요! 매직 크리에이터 니키(Nicky)입니다!\n\n마술영상이나 컨텐츠에 대한 아이디어들은 댓글에 남겨주세요!\n그 외에도 다루고 싶은 물건이 있으면 역시 댓글로!\n마술만이 아니라 다양한 무엇이든 괜찮습니다~\n\n구독해 주시면 더욱더 즐겁고 재밌는 영상 보실수 있도록 노력할게요!^^\n감사합니다.\n\n★니키 인스타그램 : https://www.instagram.com/nickyyang7777/\n☆니키 페이스북 : https://www.facebook.com/Nickyyang7777\n★니키 마술 카페 : https://goo.gl/uPR2vE\n☆비즈니스 문의 : nickyative@gmail.com\n★니키 스토어팜 : https://smartstore.naver.com/nickyms\n\nCopyright 2019. Nickyative(NickyMagicStudio) All Rights Reserved.\n해당 영상의 저작권은 니키아티브(니키매직스튜디오)에게 있습니다. 이 영상을 공유하는 것은 가능하나 허가 없이 변경/배포는 불가합니다.",
        "thumbnail": "https://i.ytimg.com/vi/gZixchw_K5c/mqdefault.jpg",
        "youtubeVideoId": "gZixchw_K5c",
        "uploadedDate": "2020-03-08T22:05:33Z",
        "viewCount": 0,
        "isCommercial": "False"
    },
    {
        "id": "352b99c4-dd1f-499e-81de-dae46a94dbac",
        "title": "드디어 만났다! 이제 승부를 내시죠~! [성난파도]",
        "description": "#제일복권 #홍성오빠 #성난파도\n\nKing of 꽝손 그 대결의 승자는...?\n\n구독&좋아요는 영상제작에 크다란 힘이 됩니다~ 촤!\n취미는 취미답게! 게임은 항상 즐겁게~\n\n간단한 소통과 소식은 네이버 밴드에서 해요~\nhttps://band.us/@angrywave",
        "thumbnail": "https://i.ytimg.com/vi/eI4kjXA0Pcg/mqdefault.jpg",
        "youtubeVideoId": "eI4kjXA0Pcg",
        "uploadedDate": "2020-08-08T04:29:18Z",
        "viewCount": 0,
        "isCommercial": "False"
    },
    {
        "id": "91bb3360-34c0-48ec-82a3-720e65c83837",
        "title": "풀파워로 무장한 짱크레인에서 인형 차고 넘칠 때까지 뽑아보기 (with 츠댕)｜홍성 인형뽑기 #714) 홍성오빠",
        "description": "** 매일 오후 5시 업로드 **\n인스타그램 ▶ https://www.instagram.com/hongseongobba/\n페이스북 ▶ https://www.facebook.com/hongseongobba/ \n카카오톡 ▶ 친구검색에서 '홍성오빠' 검색 후 친구추가\n\n소통하는 뽑기방송!! 많은 구독 및 좋아요 눌러주시면 매일 재미있는 뽑기영상 보실 수 있습니다!^^",
        "thumbnail": "https://i.ytimg.com/vi/vG1l1lKYrb8/mqdefault.jpg",
        "youtubeVideoId": "vG1l1lKYrb8",
        "uploadedDate": "2020-03-08T21:56:37Z",
        "viewCount": 0,
        "isCommercial": "False"
    },
    {
        "id": "4dc1ba60-7428-4009-a248-aab554465740",
        "title": "Private video",
        "description": "This video is private.",
        "thumbnail": null,
        "youtubeVideoId": "KaOo3db6u7o",
        "uploadedDate": "2020-03-08T22:04:43Z",
        "viewCount": 21346,
        "isCommercial": "False"
    },
    {
        "id": "12cf0107-c2c5-492c-b1f1-0ef63593c94e",
        "title": "홍성오빠 채널A 김현욱의 굿모닝 '인형뽑기의 달인'으로 출연? 홍성오빠를 찾아라ㅠㅠ (방송국놈들 주의)｜평택 지산동 인형뽑기 #709) 홍성오빠",
        "description": "자료제공 ▶채널A\n방송일자 ▶2017.01.31",
        "thumbnail": "https://i.ytimg.com/vi/VTKVyBfWmNw/mqdefault.jpg",
        "youtubeVideoId": "VTKVyBfWmNw",
        "uploadedDate": "2020-03-08T22:06:37Z",
        "viewCount": 0,
        "isCommercial": "False"
    },
    {
        "id": "7e223508-e38b-4ccf-a901-b1b6477839f7",
        "title": "EBS 제작진 홍성오빠 촬영오다! 나 혼자 산다에 나오는 거대 윌슨 인형뽑기에 도전 #454) 홍성오빠 Claw Machine",
        "description": "** 매일 평일 오후 5시, 주말 및 공휴일 오후 2시 업로드 **\n인스타그램 ▶ https://www.instagram.com/hongseongobba/\n페이스북 ▶ https://www.facebook.com/hongseongobba/ \n카카오톡 ▶ 친구검색에서 '홍성오빠' 검색 후 친구추가\n\n소통하는 뽑기방송!! 많은 구독 및 좋아요 눌러주시면 매일 재미있는 뽑기영상 보실 수 있습니다!^^",
        "thumbnail": "https://i.ytimg.com/vi/6oxxPiPIbms/mqdefault.jpg",
        "youtubeVideoId": "6oxxPiPIbms",
        "uploadedDate": "2020-03-08T22:07:18Z",
        "viewCount": 0,
        "isCommercial": "False"
    },
    {
        "id": "d6287104-f660-4a32-888c-5b5f9446f546",
        "title": "EBS 촬영 도중 대리뽑기 요청을 받은 홍성오빠! 진성 리액션의 정석인 아줌마 팬이 생겼어요.. 건대 짱오락실 인형뽑기 #455) 홍성오빠 Claw Machine",
        "description": "** 매일 평일 오후 5시, 주말 및 공휴일 오후 2시 업로드 **\n인스타그램 ▶ https://www.instagram.com/hongseongobba/\n페이스북 ▶ https://www.facebook.com/hongseongobba/ \n카카오톡 ▶ 친구검색에서 '홍성오빠' 검색 후 친구추가\n\n소통하는 뽑기방송!! 많은 구독 및 좋아요 눌러주시면 매일 재미있는 뽑기영상 보실 수 있습니다!^^",
        "thumbnail": "https://i.ytimg.com/vi/ymbtWgOG-5g/mqdefault.jpg",
        "youtubeVideoId": "ymbtWgOG-5g",
        "uploadedDate": "2020-03-08T22:08:00Z",
        "viewCount": 0,
        "isCommercial": "False"
    },
    {
        "id": "b4e5f062-03f2-4d5d-920d-aacd7b605113",
        "title": "고니두욘몬 IN 홍성! 홍성오빠X고니두욘몬 특급 컬래버레이션 인형뽑기 배틀이 지금 시작됩니다 (Editing by 경자TV) #367) 홍성오빠",
        "description": "** 매일 평일 오후 5시, 주말 및 공휴일 오후 2시 업로드 **\n인스타그램 ▶ https://www.instagram.com/hongseongobba/\n페이스북 ▶ https://www.facebook.com/hongseongobba/ \n카카오톡 ▶ 친구검색에서 '홍성오빠' 검색 후 친구추가\n\n소통하는 뽑기방송!! 많은 구독 및 좋아요 눌러주시면 매일 재미있는 뽑기영상 보실 수 있습니다!^^",
        "thumbnail": "https://i.ytimg.com/vi/nBMHY_piDDw/mqdefault.jpg",
        "youtubeVideoId": "nBMHY_piDDw",
        "uploadedDate": "2020-03-08T21:55:50Z",
        "viewCount": 0,
        "isCommercial": "False"
    },
    {
        "id": "ce1e013a-f539-4a8b-9c61-5ec642e0cabb",
        "title": "제 1회 뽀끼뽀끼배 홍성올림픽! 홍성오빠X고니두욘몬 특급 컬래버레이션 2탄 철인 5종 경기로 한 판 대결.. 과연 승자는? #382) 홍성오빠",
        "description": "** 매일 평일 오후 5시, 주말 및 공휴일 오후 2시 업로드 **\n인스타그램 ▶ https://www.instagram.com/hongseongobba/\n페이스북 ▶ https://www.facebook.com/hongseongobba/ \n카카오톡 ▶ 친구검색에서 '홍성오빠' 검색 후 친구추가\n\n소통하는 뽑기방송!! 많은 구독 및 좋아요 눌러주시면 매일 재미있는 뽑기영상 보실 수 있습니다!^^",
        "thumbnail": "https://i.ytimg.com/vi/R2YrbJRU8uI/mqdefault.jpg",
        "youtubeVideoId": "R2YrbJRU8uI",
        "uploadedDate": "2020-03-08T21:55:50Z",
        "viewCount": 0,
        "isCommercial": "False"
    },
    {
        "id": "0e45da70-9434-46b9-bea0-1b139af88f32",
        "title": "홍성오빠 유튜브 접습니다.. 고니두욘몬과 홍성오빠가 커플로 다시 만났다! 건대 짱오락실에서 짱크레인 커플 인형뽑기 하다 #452) 홍성오빠",
        "description": "** 매일 평일 오후 5시, 주말 및 공휴일 오후 2시 업로드 **\n인스타그램 ▶ https://www.instagram.com/hongseongobba/\n페이스북 ▶ https://www.facebook.com/hongseongobba/ \n카카오톡 ▶ 친구검색에서 '홍성오빠' 검색 후 친구추가\n\n소통하는 뽑기방송!! 많은 구독 및 좋아요 눌러주시면 매일 재미있는 뽑기영상 보실 수 있습니다!^^",
        "thumbnail": "https://i.ytimg.com/vi/X_3cr_4eENY/mqdefault.jpg",
        "youtubeVideoId": "X_3cr_4eENY",
        "uploadedDate": "2020-03-08T21:56:21Z",
        "viewCount": 0,
        "isCommercial": "False"
    },
    {
        "id": "a40a4498-3954-4a58-a89f-fc3fe573e217",
        "title": "인형뽑기의 달인 광순언니샵 가다! 광순언니도 하지 못한 철망뽑기 최초로 통털이를 하고 마는데... (feat. 광순언니) #597) 홍성오빠",
        "description": "** 매일 오후 5시 업로드 **\n인스타그램 ▶ https://www.instagram.com/hongseongobba/\n페이스북 ▶ https://www.facebook.com/hongseongobba/ \n카카오톡 ▶ 친구검색에서 '홍성오빠' 검색 후 친구추가\n\n소통하는 뽑기방송!! 많은 구독 및 좋아요 눌러주시면 매일 재미있는 뽑기영상 보실 수 있습니다!^^",
        "thumbnail": "https://i.ytimg.com/vi/i8qafeeVgEk/mqdefault.jpg",
        "youtubeVideoId": "i8qafeeVgEk",
        "uploadedDate": "2020-03-08T22:00:51Z",
        "viewCount": 0,
        "isCommercial": "False"
    },
    {
        "id": "1af4d03c-71ad-4770-a1f4-4416e93fddae",
        "title": "만 원에 12개 뽑는 미션을 하다가 결국 통털이까지 해버린 사연!? 광순언니 몬스터 크레인샵 털기 + 수제 팔찌 이벤트｜서울 행당동 인형뽑기 #653) 홍성오빠",
        "description": "** 매일 오후 5시 업로드 **\n인스타그램 ▶ https://www.instagram.com/hongseongobba/\n페이스북 ▶ https://www.facebook.com/hongseongobba/ \n카카오톡 ▶ 친구검색에서 '홍성오빠' 검색 후 친구추가\n\n소통하는 뽑기방송!! 많은 구독 및 좋아요 눌러주시면 매일 재미있는 뽑기영상 보실 수 있습니다!^^",
        "thumbnail": "https://i.ytimg.com/vi/sQ3bBrerSwE/mqdefault.jpg",
        "youtubeVideoId": "sQ3bBrerSwE",
        "uploadedDate": "2020-03-08T22:00:51Z",
        "viewCount": 0,
        "isCommercial": "False"
    },
    {
        "id": "a7e773c2-aefa-48d0-9e85-4425c48bb2fb",
        "title": "메이ZONE IN 홍성! 홍성오빠X메이존 특급 꿀보이스 컬래버레이션 인형뽑기 배틀 함께 하시죠 #432) 홍성오빠",
        "description": "** 매일 평일 오후 5시, 주말 및 공휴일 오후 2시 업로드 **\n인스타그램 ▶ https://www.instagram.com/hongseongobba/\n페이스북 ▶ https://www.facebook.com/hongseongobba/ \n카카오톡 ▶ 친구검색에서 '홍성오빠' 검색 후 친구추가\n\n소통하는 뽑기방송!! 많은 구독 및 좋아요 눌러주시면 매일 재미있는 뽑기영상 보실 수 있습니다!^^",
        "thumbnail": "https://i.ytimg.com/vi/RHHWdJDVh6U/mqdefault.jpg",
        "youtubeVideoId": "RHHWdJDVh6U",
        "uploadedDate": "2020-03-08T21:55:50Z",
        "viewCount": 0,
        "isCommercial": "False"
    },
    {
        "id": "616319a2-c8eb-4491-8dd3-8f10b203a2e6",
        "title": "지금으로부터 1년 전! 홍성오빠와 뽀블팝 몽심이의 짠내나는 배틀뽑기 (뿜뿜 주의)｜홍성 인형뽑기 #760) 홍성오빠",
        "description": "** 매일 오후 5시 업로드 **\n인스타그램 ▶ https://www.instagram.com/hongseongobba/\n페이스북 ▶ https://www.facebook.com/hongseongobba/ \n카카오톡 ▶ 친구검색에서 '홍성오빠' 검색 후 친구추가\n\n소통하는 뽑기방송!! 많은 구독 및 좋아요 눌러주시면 매일 재미있는 뽑기영상 보실 수 있습니다!^^",
        "thumbnail": "https://i.ytimg.com/vi/lv5D6sRFMXc/mqdefault.jpg",
        "youtubeVideoId": "lv5D6sRFMXc",
        "uploadedDate": "2020-03-08T21:58:09Z",
        "viewCount": 0,
        "isCommercial": "False"
    },
    {
        "id": "51f64a84-7427-475a-b507-d62885a247fc",
        "title": "홍성오빠 부천뽑기샵 가다! 아프리카TV BJ현율과 함께하는 원피스 쿠마 POP 피규어 뽑기 #134) 홍성오빠",
        "description": "POP 쿠마와 루피 & 로우 관절 피규어 뽑기 도전! 많은 구독 및 좋아요 눌러주시면 매일 재미있는 뽑기영상 보실 수 있습니다!^^",
        "thumbnail": "https://i.ytimg.com/vi/jqpEpQX8v5M/mqdefault.jpg",
        "youtubeVideoId": "jqpEpQX8v5M",
        "uploadedDate": "2020-03-08T21:57:03Z",
        "viewCount": 0,
        "isCommercial": "False"
    },
    {
        "id": "6d3fa384-92e3-4a94-93ab-009364815c8f",
        "title": "누가 누가 멀리가나!? 전직 아프리카BJ 출신 사장님의 통큰 이벤트로 진행된 윷놀이 멀리뛰기.. 초대형 키티 인형의 주인공은 과연? #539) 홍성오빠 Claw Machine",
        "description": "** 매일 오후 5시 업로드 **\n인스타그램 ▶ https://www.instagram.com/hongseongobba/\n페이스북 ▶ https://www.facebook.com/hongseongobba/ \n카카오톡 ▶ 친구검색에서 '홍성오빠' 검색 후 친구추가\n\n소통하는 뽑기방송!! 많은 구독 및 좋아요 눌러주시면 매일 재미있는 뽑기영상 보실 수 있습니다!^^",
        "thumbnail": "https://i.ytimg.com/vi/dyvn-UKITOw/mqdefault.jpg",
        "youtubeVideoId": "dyvn-UKITOw",
        "uploadedDate": "2020-03-08T22:28:27Z",
        "viewCount": 0,
        "isCommercial": "False"
    },
    {
        "id": "36028d45-bc0c-4cfe-883c-6a18e7178aee",
        "title": "캐쳐크루 에버랜드 가다! 18년 전 홍성오빠가 즐겨했던 추억의 인형뽑기와 감격 상봉.. 역시 꿈과 환상의 나라 에버랜드 #450) 홍성오빠 Everland Claw Machine",
        "description": "** 매일 평일 오후 5시, 주말 및 공휴일 오후 2시 업로드 **\n인스타그램 ▶ https://www.instagram.com/hongseongobba/\n페이스북 ▶ https://www.facebook.com/hongseongobba/ \n카카오톡 ▶ 친구검색에서 '홍성오빠' 검색 후 친구추가\n\n소통하는 뽑기방송!! 많은 구독 및 좋아요 눌러주시면 매일 재미있는 뽑기영상 보실 수 있습니다!^^",
        "thumbnail": "https://i.ytimg.com/vi/Xo93cieiU2A/mqdefault.jpg",
        "youtubeVideoId": "Xo93cieiU2A",
        "uploadedDate": "2020-03-08T21:57:44Z",
        "viewCount": 0,
        "isCommercial": "False"
    },
    {
        "id": "0a3fba36-4e03-4540-8751-28961114b830",
        "title": "캐쳐크루 인형뽑기 배틀! 배틀을 위해 부산에서 홍성까지 온 인형뽑는챠우와 가방고리 인형뽑기 한 판 대결 #444) 홍성오빠",
        "description": "** 매일 평일 오후 5시, 주말 및 공휴일 오후 2시 업로드 **\n인스타그램 ▶ https://www.instagram.com/hongseongobba/\n페이스북 ▶ https://www.facebook.com/hongseongobba/ \n카카오톡 ▶ 친구검색에서 '홍성오빠' 검색 후 친구추가\n\n소통하는 뽑기방송!! 많은 구독 및 좋아요 눌러주시면 매일 재미있는 뽑기영상 보실 수 있습니다!^^",
        "thumbnail": "https://i.ytimg.com/vi/We_XYz8frT0/mqdefault.jpg",
        "youtubeVideoId": "We_XYz8frT0",
        "uploadedDate": "2020-03-08T21:57:22Z",
        "viewCount": 0,
        "isCommercial": "False"
    },
    {
        "id": "2e3c1f88-2645-4abd-98fc-3d73fd2cd61a",
        "title": "캐쳐크루와 함께 서울 로드 나들이! 수유리에 있는 길거리 뽑기는 어떨까? 로드 멘토스 인형뽑기 도전 #457) 홍성오빠 Mentos Claw Machine",
        "description": "** 매일 평일 오후 5시, 주말 및 공휴일 오후 2시 업로드 **\n인스타그램 ▶ https://www.instagram.com/hongseongobba/\n페이스북 ▶ https://www.facebook.com/hongseongobba/ \n카카오톡 ▶ 친구검색에서 '홍성오빠' 검색 후 친구추가\n\n소통하는 뽑기방송!! 많은 구독 및 좋아요 눌러주시면 매일 재미있는 뽑기영상 보실 수 있습니다!^^",
        "thumbnail": "https://i.ytimg.com/vi/l9ztIdUniJw/mqdefault.jpg",
        "youtubeVideoId": "l9ztIdUniJw",
        "uploadedDate": "2020-03-08T21:57:44Z",
        "viewCount": 0,
        "isCommercial": "False"
    },
    {
        "id": "36542454-040b-4cd4-990d-a61ea449580b",
        "title": "건대 통틀어 힘은 최강인 이 곳 코코짱! 가득찼던 쵸파 인형과 햄스 인형은 다 어디로? 캐쳐크루 총동원 인형뽑기 #461) 홍성오빠 Korea Claw Machine",
        "description": "** 매일 평일 오후 5시, 주말 및 공휴일 오후 2시 업로드 **\n인스타그램 ▶ https://www.instagram.com/hongseongobba/\n페이스북 ▶ https://www.facebook.com/hongseongobba/ \n카카오톡 ▶ 친구검색에서 '홍성오빠' 검색 후 친구추가\n\n소통하는 뽑기방송!! 많은 구독 및 좋아요 눌러주시면 매일 재미있는 뽑기영상 보실 수 있습니다!^^",
        "thumbnail": "https://i.ytimg.com/vi/xz1hkO08NV8/mqdefault.jpg",
        "youtubeVideoId": "xz1hkO08NV8",
        "uploadedDate": "2020-03-08T21:57:44Z",
        "viewCount": 0,
        "isCommercial": "False"
    },
    {
        "id": "b2d99e31-e9da-49ce-9de8-622ba4d13aae",
        "title": "부산에서의 마지막 인형뽑기! 미남 뽀꼬뽀꼬에서 사장님 vs 홍성오빠 vs 챠우 vs 홍성오빠 일행 4파전 인형뽑기 배틀.. 과연 결과는? #549) 홍성오빠",
        "description": "** 매일 오후 5시 업로드 **\n인스타그램 ▶ https://www.instagram.com/hongseongobba/\n페이스북 ▶ https://www.facebook.com/hongseongobba/ \n카카오톡 ▶ 친구검색에서 '홍성오빠' 검색 후 친구추가\n\n소통하는 뽑기방송!! 많은 구독 및 좋아요 눌러주시면 매일 재미있는 뽑기영상 보실 수 있습니다!^^",
        "thumbnail": "https://i.ytimg.com/vi/dlbFG_269OA/mqdefault.jpg",
        "youtubeVideoId": "dlbFG_269OA",
        "uploadedDate": "2020-03-08T21:57:22Z",
        "viewCount": 0,
        "isCommercial": "False"
    },
    {
        "id": "963b6271-d368-4730-b904-bd760f40c209",
        "title": "홍성스쿨 문찡 입학하다(!?)교장선생님 홍성오빠선배님 만나고 행복!!일본식 피규어뽑기 초등부 중형뽑기 혜자샵#유명샵#홍성스쿨#피규어#중형뽑기#36",
        "description": "홍성오빠 교장님 만나뵈고 즐거운 뽑기시간이였습니다♥",
        "thumbnail": "https://i.ytimg.com/vi/Z_I49sLASZQ/mqdefault.jpg",
        "youtubeVideoId": "Z_I49sLASZQ",
        "uploadedDate": "2020-03-08T22:02:15Z",
        "viewCount": 0,
        "isCommercial": "False"
    },
    {
        "id": "d04e4825-b3a3-415b-b877-5a8c2e56b8ce",
        "title": "# 홍성오빠의 인형뽑기 유투브 동영상은 이렇게 만들어진다",
        "description": "인사차 찾아온 홍성오빠의 방문에 이어 유투브 동영상 촬영 모습을\n아프리카 방송중 실시간으로 방송... 여러분들 처음보시죠?\n홍성오빠의 촬영은 이렇게 만들어집니다",
        "thumbnail": "https://i.ytimg.com/vi/0-W9XAJBW9g/mqdefault.jpg",
        "youtubeVideoId": "0-W9XAJBW9g",
        "uploadedDate": "2020-03-08T22:02:52Z",
        "viewCount": 0,
        "isCommercial": "False"
    },
    {
        "id": "3dda41d9-7f4a-4c59-b3a9-5ff21493888f",
        "title": "홍성스쿨에서 뽑기를 배워보자!! 선배님과 함께하는 인형기부 예고까지?! 엽이의 홍성 탐방기! - 엽이인형뽑서[인형뽑기]",
        "description": "안녕하세요!! 오늘은 저희 뽑스 회원님들과 홍성에가서 촬영한 영상을 들고왔습니다!\n\n홍성오빠 선배님이 오픈하신 홍성스쿨! 정말 재미나게 놀다왔네요~\n\n밝은 모습으로 즐겨주셔서 감사했고 번창하세요!!\n\n또 놀러가겠습니다!!",
        "thumbnail": "https://i.ytimg.com/vi/rpmLEOxZBH4/mqdefault.jpg",
        "youtubeVideoId": "rpmLEOxZBH4",
        "uploadedDate": "2020-03-08T22:03:29Z",
        "viewCount": 0,
        "isCommercial": "False"
    },
    {
        "id": "96f874bf-849c-4d0a-9458-0954f76f1da9",
        "title": "가장 뽑기 어려운 인형은 무슨 인형일까? 라프라스, 잠만보, 마릴을 뽑고 싶어요.. 인형뽑기 잘하는법 대망의 마지막! 난이도 상 인형별 공략방법 (Narration by 유준호)",
        "description": "** 매일 오후 5시 업로드 **\n인스타그램 ▶ https://www.instagram.com/hongseongobba/\n페이스북 ▶ https://www.facebook.com/hongseongobba/ \n카카오톡 ▶ 친구검색에서 '홍성오빠' 검색 후 친구추가\n\n소통하는 뽑기방송!! 많은 구독 및 좋아요 눌러주시면 매일 재미있는 뽑기영상 보실 수 있습니다!^^",
        "thumbnail": "https://i.ytimg.com/vi/1GsT5wBr8gk/mqdefault.jpg",
        "youtubeVideoId": "1GsT5wBr8gk",
        "uploadedDate": "2020-03-08T22:08:59Z",
        "viewCount": 0,
        "isCommercial": "False"
    },
    {
        "id": "861687e5-2020-4f57-a24a-9c1f645d3d34",
        "title": "프로인뽑러가 되기 위한 패션이 존재 한다!? 인형뽑기 잘하는법 입문편 - 인뽑패션 (Narration by 유준호)",
        "description": "* CJ E&M 다이아TV 인형뽑기의 신 대회 안내\n\n일반인 예선전 신청 ▶https://goo.gl/BN48L1 \n인형뽑기의 신 페이스북 페이지 ▶ https://goo.gl/6ykrMS\n\n* 6월 10일 홍대 짱오락실에서 예선전\n\n인스타그램 ▶ https://www.instagram.com/hongseongobba/\n페이스북 ▶ https://www.facebook.com/hongseongobba/ \n카카오톡 ▶ 친구검색에서 '홍성오빠' 검색 후 친구추가\n\n소통하는 뽑기방송!! 많은 구독 및 좋아요 눌러주시면 매일 재미있는 뽑기영상 보실 수 있습니다!^^",
        "thumbnail": "https://i.ytimg.com/vi/k-9PXY-ZfiA/mqdefault.jpg",
        "youtubeVideoId": "k-9PXY-ZfiA",
        "uploadedDate": "2020-03-08T22:08:59Z",
        "viewCount": 0,
        "isCommercial": "False"
    },
    {
        "id": "c0ae6e8d-0a87-4f44-881e-63abf8541d79",
        "title": "십분만 보면 장소불문 생초짜도 가능! 인형뽑기 잘하는법 입문편 - 명당을 찾아라 (Narration by 유준호)",
        "description": "* CJ E&M 다이아TV 인형뽑기의 신 대회 안내\n\n일반인 예선전 신청 ▶https://goo.gl/BN48L1 \n인형뽑기의 신 페이스북 페이지 ▶ https://goo.gl/6ykrMS\n\n* 6월 10일 홍대 짱오락실에서 예선전\n\n인스타그램 ▶ https://www.instagram.com/hongseongobba/\n페이스북 ▶ https://www.facebook.com/hongseongobba/ \n카카오톡 ▶ 친구검색에서 '홍성오빠' 검색 후 친구추가\n\n소통하는 뽑기방송!! 많은 구독 및 좋아요 눌러주시면 매일 재미있는 뽑기영상 보실 수 있습니다!^^",
        "thumbnail": "https://i.ytimg.com/vi/anT2hVILLNE/mqdefault.jpg",
        "youtubeVideoId": "anT2hVILLNE",
        "uploadedDate": "2020-03-08T22:08:59Z",
        "viewCount": 0,
        "isCommercial": "False"
    },
    {
        "id": "b3c36ad0-8141-4cd0-9bfa-07a6644d9629",
        "title": "인형을 잘 뽑기 위한 운동 방법!? 인형뽑기 잘하는법 입문편 - 뽑기 체조 (Narration by 유준호)",
        "description": "* CJ E&M 다이아TV 인형뽑기의 신 대회 안내\n\n일반인 예선전 신청 ▶https://goo.gl/BN48L1 \n인형뽑기의 신 페이스북 페이지 ▶ https://goo.gl/6ykrMS\n\n* 6월 10일 홍대 짱오락실에서 예선전\n\n인스타그램 ▶ https://www.instagram.com/hongseongobba/\n페이스북 ▶ https://www.facebook.com/hongseongobba/ \n카카오톡 ▶ 친구검색에서 '홍성오빠' 검색 후 친구추가\n\n소통하는 뽑기방송!! 많은 구독 및 좋아요 눌러주시면 매일 재미있는 뽑기영상 보실 수 있습니다!^^",
        "thumbnail": "https://i.ytimg.com/vi/btHtHFJQoXc/mqdefault.jpg",
        "youtubeVideoId": "btHtHFJQoXc",
        "uploadedDate": "2020-03-08T22:08:59Z",
        "viewCount": 0,
        "isCommercial": "False"
    },
    {
        "id": "70db7f61-1cb4-41d3-8a54-52e3ea06c373",
        "title": "가장 뽑기 쉬운 인형은 무슨 인형일까? 인형뽑기 잘하는법 2탄! 난이도 하 인형별 공략방법 (Narration by 유준호)",
        "description": "* CJ E&M 다이아TV 인형뽑기의 신 대회 안내\n\n일반인 예선전 신청 ▶https://goo.gl/BN48L1 \n인형뽑기의 신 페이스북 페이지 ▶ https://goo.gl/6ykrMS\n\n* 6월 10일 홍대 짱오락실에서 예선전\n\n인스타그램 ▶ https://www.instagram.com/hongseongobba/\n페이스북 ▶ https://www.facebook.com/hongseongobba/ \n카카오톡 ▶ 친구검색에서 '홍성오빠' 검색 후 친구추가\n\n소통하는 뽑기방송!! 많은 구독 및 좋아요 눌러주시면 매일 재미있는 뽑기영상 보실 수 있습니다!^^",
        "thumbnail": "https://i.ytimg.com/vi/Soo5t_Iq0Oo/mqdefault.jpg",
        "youtubeVideoId": "Soo5t_Iq0Oo",
        "uploadedDate": "2020-03-08T22:08:59Z",
        "viewCount": 0,
        "isCommercial": "False"
    },
    {
        "id": "8f5cf71c-4483-4c21-a8f4-08eff581748d",
        "title": "트레져 아일랜드 페스티벌! 남이섬에서 팬들과 인형뽑기 대결해봤습니다 | 춘천 남이섬 인형뽑기 #799) 홍성오빠",
        "description": "** 매일 오후 5시 업로드 **\n인스타그램 ▶ https://www.instagram.com/hongseongobba/\n페이스북 ▶ https://www.facebook.com/hongseongobba/ \n카카오톡 ▶ 친구검색에서 '홍성오빠' 검색 후 친구추가\n\n소통하는 뽑기방송!! 많은 구독 및 좋아요 눌러주시면 매일 재미있는 뽑기영상 보실 수 있습니다!^^",
        "thumbnail": "https://i.ytimg.com/vi/eEeOHCA2RxM/mqdefault.jpg",
        "youtubeVideoId": "eEeOHCA2RxM",
        "uploadedDate": "2020-03-08T23:16:05Z",
        "viewCount": 0,
        "isCommercial": "False"
    },
    {
        "id": "9a9a2237-472d-440f-8a4b-5a513b9394fe",
        "title": "고니두욘몬 IN 홍성! 홍성오빠X고니두욘몬 특급 컬레버레이션 인형뽑기 배틀 대망의 최종 3차전을 통해 가리는 승부.. 과연 최종 승자는? #396) 홍성오빠",
        "description": "** 매일 평일 오후 5시, 주말 및 공휴일 오후 2시 업로드 **\n인스타그램 ▶ https://www.instagram.com/hongseongobba/\n페이스북 ▶ https://www.facebook.com/hongseongobba/ \n카카오톡 ▶ 친구검색에서 '홍성오빠' 검색 후 친구추가\n\n소통하는 뽑기방송!! 많은 구독 및 좋아요 눌러주시면 매일 재미있는 뽑기영상 보실 수 있습니다!^^",
        "thumbnail": "https://i.ytimg.com/vi/qQTx2fSgPHU/mqdefault.jpg",
        "youtubeVideoId": "qQTx2fSgPHU",
        "uploadedDate": "2020-03-09T05:20:19Z",
        "viewCount": 0,
        "isCommercial": "False"
    },
    {
        "id": "a5a21e34-0f28-4d6c-bd25-e1882c160301",
        "title": "[LIVE] CJ E&M 다이아TV 인형뽑기의 신 3회 생방송 - 홍성오빠 타이틀 방어전 생중계",
        "description": "[LIVE] CJ E&M 다이아TV 인형뽑기의 신 3회 생방송 - 홍성오빠 타이틀 방어전 생중계",
        "thumbnail": "https://i.ytimg.com/vi/rH19Y5tGfHc/mqdefault.jpg",
        "youtubeVideoId": "rH19Y5tGfHc",
        "uploadedDate": "2020-03-09T05:42:59Z",
        "viewCount": 0,
        "isCommercial": "False"
    },
    {
        "id": "2f9a0180-e224-456b-b801-888642bc7ab9",
        "title": "누가 🤴왕이 될 손인가? 🌊성난파도 vs 💩홍성오빠 킹 오브 꽝손 결정전 | 홍성스쿨 인형뽑기 #1016) 홍성오빠",
        "description": "시청자가 인정한 공식 現 절대꽝손 홍성오빠와 新 꽝손유망주 성난파도 간 킹 오브 꽝손 결정전이 얼마 전 홍성스쿨에서 있었습니다. 홍성오빠는 과연 현직을 지킬 수 있을 것인지!\n\n구독😍좋아요👍댓글💬 감사합니다!\n정기후원 👍 https://bit.ly/33Jc5lV\n인스타그램 👍 https://www.instagram.com/hongseongobba/\n페이스북 👍 https://www.facebook.com/hongseongobba/ \n카카오톡 😀 홍성오빠 유튜브 오픈채팅방 official (인형뽑기)\n문의 📧 cafe_therapy@naver.com (촬영, 창업컨설팅, 스폰)\n택배 🚚 서울특별시 성동구 성수이로20길 16 JK타워 8층, 트레져헌터 (홍성오빠)\n만나는 곳 🙋‍♂️ 충청남도 홍성군 홍성읍 조양로205번길 67, 뽑기가 안되면 홍성스쿨\n\n♫intro music : Urban Fashion (from. envato elements)\n♫outro music : Hip Hop Chill and Swag 85 (from. envato elements)\n\n#성난파도 #홍성오빠 #인형뽑기 #제일복권 #뽑기가안되면홍성스쿨",
        "thumbnail": "https://i.ytimg.com/vi/qcGgZqGuV-I/mqdefault.jpg",
        "youtubeVideoId": "qcGgZqGuV-I",
        "uploadedDate": "2020-08-08T05:15:20Z",
        "viewCount": 4418,
        "isCommercial": "False"
    }
]