[
    {
        "id": "b11e9d34-7e9d-4d85-a0f4-3516ad3e710e",
        "title": "귀멸의 칼날 3기 대장장이 마을편 12화 미리보기│무이치로 VS 십이귀월 굣코 마지막 전투",
        "description": "귀멸의 칼날 3기 대장장이 마을편 미리보기로 귀칼 덕질 렛츠고!!\n\n[구독 좋아요 알림설정은 유진씨에게 큰 힘이 됩니다]\n\n영상 타임라인\n0:00 인트로\n0:07 귀멸의 칼날 3기 9화 \n\n썸네일 일러스트 - 오쿠징크\n\n편집 - 하쿠\n\n문의/광고/협찬 ask.endevor@gmail.com (넷플릭스 기다린다)\n\n#귀멸의칼날3기 #대장장이마을편 #귀멸의칼날 \n#유진씨 #무한열차 #귀멸의칼날무한열차 #대장장이마을\n#귀칼2기 #유곽편 #환락의거리편 #귀칼 #귀멸 \n#귀멸의_칼날 #무이치로 #토키토무이치로 #렌고쿠",
        "thumbnail": "https://i.ytimg.com/vi/3PhQ3UFCGnI/mqdefault.jpg",
        "youtubeVideoId": "3PhQ3UFCGnI",
        "uploadedDate": "2022-06-18T05:14:06Z",
        "viewCount": 7371,
        "isCommercial": "False"
    },
    {
        "id": "e89d7ae6-cd26-4734-ae8d-594bab04b881",
        "title": "귀멸의 칼날 3기 대장장이 마을편 1부 (1화~11화) 한눈에보기 [애니리뷰]",
        "description": "귀멸의칼날 대장장이 마을편 3기를 처음부터 결말까지! 한눈에 즐겨주세요\n\n[구독 좋아요 알림설정은 유진씨에게 큰 힘이 됩니다]\n\n귀멸의 타임라인\n00:00 1화\n08:28 2화\n16:57 3화\n26:53 4화\n35:20 5화\n42:27 6화\n48:10 7화\n55:06 8화\n59:23 9화\n01:06:55 10화\n01:13:20 11화\n\n썸네일 일러스트 - 오쿠징크\n\n편집 - 하쿠\n\n문의/광고/협찬 ask.endevor@gmail.com (넷플릭스 기다린다)\n\n#귀멸의칼날3기 #대장장이마을편 #귀멸3기 #결말포함\n#귀멸의칼날대장장이마을편 #무이치로 #미츠리",
        "thumbnail": "https://i.ytimg.com/vi/vAoYovtIuTM/mqdefault.jpg",
        "youtubeVideoId": "vAoYovtIuTM",
        "uploadedDate": "2022-05-14T02:55:25Z",
        "viewCount": 3674,
        "isCommercial": "False"
    },
    {
        "id": "a1ffeead-186e-429a-89a8-2f432f240b23",
        "title": "귀멸의 칼날 3기 대장장이 마을편 11화 미리보기│죽음에서 돌아온 자, 공명하는 반점발현",
        "description": "귀멸의 칼날 3기 대장장이 마을편 미리보기로 귀칼 덕질 렛츠고!!\n\n[구독 좋아요 알림설정은 유진씨에게 큰 힘이 됩니다]\n\n썸네일 일러스트 - 오쿠징크\n\n편집 - 하쿠\n\n문의/광고/협찬 ask.endevor@gmail.com (넷플릭스 기다린다)\n\n#귀멸의칼날3기 #대장장이마을편 #귀멸3기",
        "thumbnail": "https://i.ytimg.com/vi/TzNauzGLIts/mqdefault.jpg",
        "youtubeVideoId": "TzNauzGLIts",
        "uploadedDate": "2022-05-06T18:26:28Z",
        "viewCount": 9090,
        "isCommercial": "False"
    },
    {
        "id": "40e1356e-76aa-48a5-81fc-9d90b8e38748",
        "title": "귀멸의 칼날 3기 대장장이 마을편 10화 미리보기│각성, 무이치로의 \"무한대\"",
        "description": "귀멸의 칼날 3기 대장장이 마을편 미리보기로 귀칼 덕질 렛츠고!!\n\n[구독 좋아요 알림설정은 유진씨에게 큰 힘이 됩니다]\n\n영상 타임라인\n0:00 인트로\n0:07 귀멸의 칼날 3기 10화\n\n썸네일 일러스트 - 오쿠징크\n\n편집 - 하쿠\n\n문의/광고/협찬 ask.endevor@gmail.com (넷플릭스 기다린다)\n\n#귀멸의칼날3기 #대장장이마을편 #귀멸3기",
        "thumbnail": "https://i.ytimg.com/vi/oUber7hCIw0/mqdefault.jpg",
        "youtubeVideoId": "oUber7hCIw0",
        "uploadedDate": "2022-04-22T22:50:48Z",
        "viewCount": 27860,
        "isCommercial": "False"
    },
    {
        "id": "bb10a28a-41d5-48c6-b813-fdb62b38cb0f",
        "title": "귀멸의 칼날 3기 대장장이 마을편 9화 스토리 리뷰│마지막 상현 4 조하쿠텐의 등장│지옥 끝에서",
        "description": "귀멸의 칼날 3기 대장장이 마을편 미리보기로 귀칼 덕질 렛츠고!!\n\n[구독 좋아요 알림설정은 유진씨에게 큰 힘이 됩니다]\n\n영상 타임라인\n0:00 인트로\n0:07 귀멸의 칼날 3기 9화 \n\n썸네일 일러스트 - 오쿠징크\n\n편집 - 하쿠\n\n문의/광고/협찬 ask.endevor@gmail.com (넷플릭스 기다린다)\n\n#귀멸의칼날3기 #대장장이마을편 #귀칼3기\n#유진씨 #무한열차 #귀멸의칼날무한열차 #대장장이마을",
        "thumbnail": "https://i.ytimg.com/vi/goncFR11ZiU/mqdefault.jpg",
        "youtubeVideoId": "goncFR11ZiU",
        "uploadedDate": "2022-04-16T00:57:52Z",
        "viewCount": 25407,
        "isCommercial": "False"
    },
    {
        "id": "8f681966-8403-42d4-8eee-92315345e896",
        "title": "귀멸의 칼날 3기 8화 대장장이 마을편 미리보기│그저 인정받고 싶었다│겐야의 이야기",
        "description": "귀멸의 칼날 2기의 뜨거운 열기를 대장장이 마을편 미리보기 유진씨 유튜브에서 이어가세요!\n\n[구독 좋아요 알림설정은 유진씨에게 큰 힘이 됩니다]\n\n영상 타임라인\n0:00 인트로\n0:33 귀칼 3기 8화 미리 보기\n\n썸네일 일러스트 - 오쿠징크\n\n편집 - 하쿠\n\n문의/광고/협찬 ask.endevor@gmail.com (넷플릭스 기다린다)\n\n#귀멸의칼날 #귀칼3기 #유진씨",
        "thumbnail": "https://i.ytimg.com/vi/9quzih_efsM/mqdefault.jpg",
        "youtubeVideoId": "9quzih_efsM",
        "uploadedDate": "2022-04-08T22:52:35Z",
        "viewCount": 13472,
        "isCommercial": "False"
    },
    {
        "id": "f1bca8e4-2d5b-4190-8a7d-7764121c47ef",
        "title": "귀멸의 칼날 3기 7화 대장장이 마을편 미리보기│불타는 칼날 \"혁도\"",
        "description": "귀멸의 칼날 2기의 뜨거운 열기를 유진씨 유튜브에서 이어가세요!\n\n대장장이 마을에서의 전투는 뜨거워져만 가고\n상현들의 힘 앞에 처참히 쓰러져가는 대원들\n하지만, 이 희망의 빛은 기둥이 죽지않는한\n사라지지 않는다!! 과연 그들의 운명은??\n\n[구독 좋아요 알림설정은 유진씨에게 큰 힘이 됩니다]\n\n영상 타임라인\n0:00 인트로\n0:33 귀칼 3기 7화 미리 보기\n\n썸네일 일러스트 - 오쿠징크\n\n편집 - 하쿠\n\n문의/광고/협찬 ask.endevor@gmail.com (넷플릭스 기다린다)",
        "thumbnail": "https://i.ytimg.com/vi/Tt1sZxVyInA/mqdefault.jpg",
        "youtubeVideoId": "Tt1sZxVyInA",
        "uploadedDate": "2022-04-01T22:27:43Z",
        "viewCount": 30852,
        "isCommercial": "False"
    },
    {
        "id": "7069694c-4ceb-4e23-ae0f-020ef632c42a",
        "title": "귀멸의 칼날 3기 6화 대장장이 마을편 미리보기│사냥하는 자와 사냥 당하는 자│한텐구의 분신 \"희로애락\"",
        "description": "귀멸의 칼날 2기의 뜨거운 열기를 유진씨 유튜브에서 이어가세요!\n\n대장장이 마을에 갑작스럽게 습격한 새로운 십이귀월\n탄지로와 귀살대의 기둥들은 그 전투에 맞서 싸워간다\n하지만 점점 분열하며 위력이 커져가는 그들의 혈귀술..\n과연 귀살대의 운명은 어디로 흘러가는 것일까\n\n[구독 좋아요 알림설정은 유진씨에게 큰 힘이 됩니다]\n\n영상 타임라인\n0:00 인트로\n0:33 귀칼 3기 6화 미리 보기\n\n썸네일 일러스트 - 오쿠징크\n\n편집자 - 하쿠\n\n문의/광고/협찬 ask.endevor@gmail.com (넷플릭스 기다린다)",
        "thumbnail": "https://i.ytimg.com/vi/jLFUxMqdV-w/mqdefault.jpg",
        "youtubeVideoId": "jLFUxMqdV-w",
        "uploadedDate": "2022-03-26T03:11:14Z",
        "viewCount": 17031,
        "isCommercial": "False"
    },
    {
        "id": "01e8148c-f05f-4986-b9ef-f01866723f7e",
        "title": "귀멸의 칼날 3기 5화 대장장이 마을편 미리보기│방해되니까 얼른 도망쳐주지 않을래?",
        "description": "[구독 좋아요 알림설정은 유진씨에게 큰 힘이 됩니다]\n\n매주 즐거운 귀칼리뷰 영상 정기 업로드\n\n새롭게 모습을 드러낸 십이귀월 한텐구와 굣코\n그리고 시작되는 귀살대의 정면승부!\n과연 이 대장장이 마을에서 펼쳐지는\n숨막히는 사투의 끝은 어떻게 될것인가!\n\n썸네일 일러스트 - 오쿠징크\n\n영상 타임라인\n0:00 인트로\n0:26 귀칼 3기 5화 미리 보기\n\n문의/광고/협찬 ask.endevor@gmail.com (넷플릭스 기다린다)",
        "thumbnail": "https://i.ytimg.com/vi/MzsnrG4Sq6w/mqdefault.jpg",
        "youtubeVideoId": "MzsnrG4Sq6w",
        "uploadedDate": "2022-03-26T03:11:28Z",
        "viewCount": 43094,
        "isCommercial": "False"
    },
    {
        "id": "d962e0c2-d7af-4d5f-8ff9-698831dffabe",
        "title": "귀멸의 칼날 3기 4화 대장장이 마을편│새로운 혈귀들의 습격, 시작돼버린 마을의 비극..!",
        "description": "[구독 좋아요 알림설정은 유진씨에게 큰 힘이 됩니다]\n\n매주 즐거운 귀칼리뷰 영상 정기 업로드\n\n코테츠와 탄지로는 훈련을 통해 새로운 비밀\n그리고 300년이 넘은 일륜도를 찾게 되는데..\n갑작스럽게 침략한 새로운 상현오니와의 전투!\n흥미진진한 전투의 향연을 유진씨와 함께\n귀칼 미리보기 영상으로 예습해봅시다!\n\n썸네일 일러스트 - 오쿠징크\n\n영상 타임라인\n0:00 인트로\n0:35 귀칼 3기 4화 미리 보기\n\n문의/광고/협찬 ask.endevor@gmail.com (넷플릭스 기다린다)",
        "thumbnail": "https://i.ytimg.com/vi/Bo3oVAH4Kvo/mqdefault.jpg",
        "youtubeVideoId": "Bo3oVAH4Kvo",
        "uploadedDate": "2022-03-26T03:11:28Z",
        "viewCount": 52831,
        "isCommercial": "False"
    },
    {
        "id": "1caee44a-f052-45d9-a9b9-5bba1c47061c",
        "title": "귀멸의 칼날 3기 3화 대장장이 마을편│격돌!? 무이치로 VS 고대병기 \"요리이치 영식\"",
        "description": "[구독 좋아요 알림설정은 유진씨에게 큰 힘이 됩니다]\n \n매주 즐거운 귀칼리뷰 영상 정기 업로드\n\n드디어 탄지로와 무이치로의 첫 만남..\n대장장이 마을엔 사람을 강하게 \n만들어주는 고대병기가 있다는데..\n그 스펙타클한 에피소드를 유진씨와 함께\n미리 보기 영상으로 예습해봅시다!\n\n썸네일 일러스트 - 오쿠징크\n\n영상 타임라인\n0:00 인트로\n0:33 귀칼 3기 3화 미리 보기\n\n문의/광고/협찬 ask.endevor@gmail.com (넷플릭스 기다린다)",
        "thumbnail": "https://i.ytimg.com/vi/fWVGHnsRYJU/mqdefault.jpg",
        "youtubeVideoId": "fWVGHnsRYJU",
        "uploadedDate": "2022-03-26T03:11:28Z",
        "viewCount": 89579,
        "isCommercial": "False"
    },
    {
        "id": "0832bf28-e178-44c4-a9e8-4f8244aaa58f",
        "title": "귀멸의 칼날 3기 2화 대장장이 마을편 미리보기│안개의 기둥 토키토 무이치로와 숨겨진 마을의 비밀",
        "description": "[구독 좋아요 알림설정은 유진씨에게 큰 힘이 됩니다]\n\n매주 즐거운 귀칼리뷰 영상 정기 업로드\n\n하주 토키토 무이치로와 진정한 도공마을의 모습!\n\"귀칼 3기 대장장이 마을편 2화\"\n그 첫시작의 에피소드를 유진씨와 함께\n미리보기 영상으로 예습해봅시다!\n\n썸네일 일러스트 - 오쿠징크\n\n영상 타임라인\n0:00 인트로\n0:51 귀칼 3기 2화 미리보기\n\n문의/광고/협찬 ask.endevor@gmail.com (넷플릭스 기다린다)",
        "thumbnail": "https://i.ytimg.com/vi/oaF-63jtFIs/mqdefault.jpg",
        "youtubeVideoId": "oaF-63jtFIs",
        "uploadedDate": "2022-03-26T03:11:28Z",
        "viewCount": 62484,
        "isCommercial": "False"
    },
    {
        "id": "48c7b03e-c4e2-46fc-85cc-575c56ddabe5",
        "title": "귀멸의 칼날 3기 1화 대장장이 마을편 미리보기│최초의 호흡검사와 도공마을의 전설",
        "description": "[구독 좋아요 알림설정은 유진씨에게 큰 힘이 됩니다]\n\n매주 즐거운 귀칼리뷰 영상 정기 업로드\n\n앞으로 험난한 대장정의 스토리를 이끌어갈\n\"귀멸의칼날 3기 대장장이마을편\"\n그 첫시작 귀칼 3기 1화 에피소드를 유진씨와 함께\n미리보기 영상으로 예습해봅시다!\n\n썸네일 일러스트 - 오쿠징크\n\n영상 타임라인\n0:00 인트로\n1:02 상현소집 파트\n6:55 귀멸 3기 1화 본편\n\n문의/광고/협찬 ask.endevor@gmail.com (넷플릭스 기다린다)",
        "thumbnail": "https://i.ytimg.com/vi/nq-4AhUSIUw/mqdefault.jpg",
        "youtubeVideoId": "nq-4AhUSIUw",
        "uploadedDate": "2022-03-26T03:11:36Z",
        "viewCount": 88355,
        "isCommercial": "False"
    }
]