[
    {
        "id": "ee88ee9b-7ec2-4edb-8477-6c50a11304d4",
        "title": "Private video",
        "description": "This video is private.",
        "thumbnail": null,
        "youtubeVideoId": "GiLlcFFWeV4",
        "uploadedDate": "2018-01-21T15:43:55Z",
        "viewCount": 0,
        "isCommercial": "False"
    },
    {
        "id": "24d035fc-9733-41d9-9ecf-01eb54224f1f",
        "title": "Private video",
        "description": "This video is private.",
        "thumbnail": null,
        "youtubeVideoId": "ViDG5PzqkII",
        "uploadedDate": "2018-01-21T15:48:07Z",
        "viewCount": 0,
        "isCommercial": "False"
    },
    {
        "id": "7ef0b3f5-1511-4f33-9941-102bc6a01896",
        "title": "Private video",
        "description": "This video is private.",
        "thumbnail": null,
        "youtubeVideoId": "WU84550EbpM",
        "uploadedDate": "2018-01-21T15:52:05Z",
        "viewCount": 0,
        "isCommercial": "False"
    },
    {
        "id": "11056061-95d4-450c-8a86-068690160ad2",
        "title": "Private video",
        "description": "This video is private.",
        "thumbnail": null,
        "youtubeVideoId": "NODu_UxCY74",
        "uploadedDate": "2018-01-21T15:55:33Z",
        "viewCount": 0,
        "isCommercial": "False"
    },
    {
        "id": "6321e614-ed7f-46ac-ac12-624e0c3841ab",
        "title": "Private video",
        "description": "This video is private.",
        "thumbnail": null,
        "youtubeVideoId": "AHCCHf8mXwo",
        "uploadedDate": "2018-01-22T07:12:53Z",
        "viewCount": 0,
        "isCommercial": "False"
    },
    {
        "id": "ef031654-0ebf-4454-9044-254934117424",
        "title": "Private video",
        "description": "This video is private.",
        "thumbnail": null,
        "youtubeVideoId": "XCUZbcG7tLc",
        "uploadedDate": "2018-01-22T07:19:30Z",
        "viewCount": 0,
        "isCommercial": "False"
    },
    {
        "id": "4479a3fd-3c1a-4697-bd41-ffd547b6c46d",
        "title": "Private video",
        "description": "This video is private.",
        "thumbnail": null,
        "youtubeVideoId": "Rq6a4axHd1c",
        "uploadedDate": "2018-02-08T13:47:23Z",
        "viewCount": 0,
        "isCommercial": "False"
    },
    {
        "id": "01b4aee7-d6df-45d4-a6de-0b9c81b8530b",
        "title": "Private video",
        "description": "This video is private.",
        "thumbnail": null,
        "youtubeVideoId": "Ho6q4uvHwo8",
        "uploadedDate": "2018-02-08T13:48:26Z",
        "viewCount": 0,
        "isCommercial": "False"
    },
    {
        "id": "db90882a-09a3-49b2-9166-8f55c5336427",
        "title": "Private video",
        "description": "This video is private.",
        "thumbnail": null,
        "youtubeVideoId": "wTXWHysOFGQ",
        "uploadedDate": "2018-02-08T13:49:07Z",
        "viewCount": 0,
        "isCommercial": "False"
    },
    {
        "id": "ab6b1319-1f86-42c7-bdb7-f5df9a45ff81",
        "title": "Private video",
        "description": "This video is private.",
        "thumbnail": null,
        "youtubeVideoId": "BuO9sNjJu_w",
        "uploadedDate": "2018-02-19T14:56:48Z",
        "viewCount": 0,
        "isCommercial": "False"
    },
    {
        "id": "7ff7c96b-ed4a-4d95-b734-2b3b1274d9ed",
        "title": "Private video",
        "description": "This video is private.",
        "thumbnail": null,
        "youtubeVideoId": "C7ckgStlITU",
        "uploadedDate": "2018-02-19T14:57:15Z",
        "viewCount": 0,
        "isCommercial": "False"
    },
    {
        "id": "7d1b42be-3f36-4450-8b43-f532e542af38",
        "title": "Private video",
        "description": "This video is private.",
        "thumbnail": null,
        "youtubeVideoId": "svT3tH86VKM",
        "uploadedDate": "2018-02-19T14:57:44Z",
        "viewCount": 0,
        "isCommercial": "False"
    },
    {
        "id": "ab656263-b4b5-4702-bfe7-51e5cd2cef85",
        "title": "Private video",
        "description": "This video is private.",
        "thumbnail": null,
        "youtubeVideoId": "0OdTcw8QuJs",
        "uploadedDate": "2018-02-19T14:58:01Z",
        "viewCount": 0,
        "isCommercial": "False"
    },
    {
        "id": "c41da65e-a8dc-467c-aac9-da13471c14ad",
        "title": "Private video",
        "description": "This video is private.",
        "thumbnail": null,
        "youtubeVideoId": "ouhRtykT3Kw",
        "uploadedDate": "2018-02-19T14:58:20Z",
        "viewCount": 0,
        "isCommercial": "False"
    },
    {
        "id": "77cf97e8-3ce1-4871-bafa-e6614173d345",
        "title": "Private video",
        "description": "This video is private.",
        "thumbnail": null,
        "youtubeVideoId": "m5AKYt0yxLg",
        "uploadedDate": "2018-02-19T14:58:35Z",
        "viewCount": 0,
        "isCommercial": "False"
    },
    {
        "id": "79ef9b79-b162-4185-828e-7a4a36eb768e",
        "title": "Private video",
        "description": "This video is private.",
        "thumbnail": null,
        "youtubeVideoId": "2OX5qGrwYJ8",
        "uploadedDate": "2018-02-21T08:07:08Z",
        "viewCount": 0,
        "isCommercial": "False"
    },
    {
        "id": "6dd11217-31ab-4f97-b905-8af6dd8de491",
        "title": "Private video",
        "description": "This video is private.",
        "thumbnail": null,
        "youtubeVideoId": "rsPoGSVeuZY",
        "uploadedDate": "2018-03-02T14:52:15Z",
        "viewCount": 0,
        "isCommercial": "False"
    },
    {
        "id": "860f9fb0-85e4-41fd-8402-0683f7496770",
        "title": "Private video",
        "description": "This video is private.",
        "thumbnail": null,
        "youtubeVideoId": "3cZ-KBek1gU",
        "uploadedDate": "2018-03-02T14:52:44Z",
        "viewCount": 0,
        "isCommercial": "False"
    },
    {
        "id": "162d4223-4c40-415d-a511-a8710cf46962",
        "title": "Private video",
        "description": "This video is private.",
        "thumbnail": null,
        "youtubeVideoId": "6qOuxT6d8h8",
        "uploadedDate": "2018-03-02T14:53:13Z",
        "viewCount": 0,
        "isCommercial": "False"
    },
    {
        "id": "fbdaa843-6110-4683-930f-f2fa8aba102c",
        "title": "Private video",
        "description": "This video is private.",
        "thumbnail": null,
        "youtubeVideoId": "GtmnrJiUi70",
        "uploadedDate": "2018-03-02T14:53:35Z",
        "viewCount": 0,
        "isCommercial": "False"
    },
    {
        "id": "fcef9719-979d-4760-9265-84d7bda3d0a6",
        "title": "Private video",
        "description": "This video is private.",
        "thumbnail": null,
        "youtubeVideoId": "uIRHzPHYF0w",
        "uploadedDate": "2018-03-02T14:53:57Z",
        "viewCount": 0,
        "isCommercial": "False"
    },
    {
        "id": "2a6e213f-e54a-4266-8772-ad718048d418",
        "title": "Private video",
        "description": "This video is private.",
        "thumbnail": null,
        "youtubeVideoId": "16TzYTrS-Ww",
        "uploadedDate": "2018-03-07T00:34:55Z",
        "viewCount": 0,
        "isCommercial": "False"
    },
    {
        "id": "605186a4-6396-4c1c-ae9e-79596ed98254",
        "title": "Private video",
        "description": "This video is private.",
        "thumbnail": null,
        "youtubeVideoId": "ylJGm-WUqfE",
        "uploadedDate": "2018-03-11T14:48:55Z",
        "viewCount": 0,
        "isCommercial": "False"
    },
    {
        "id": "cd2ae3f7-19f0-40bc-b50c-abcbcbffe83a",
        "title": "Private video",
        "description": "This video is private.",
        "thumbnail": null,
        "youtubeVideoId": "epgAboFFKwc",
        "uploadedDate": "2018-03-11T14:49:50Z",
        "viewCount": 0,
        "isCommercial": "False"
    },
    {
        "id": "a1e59a89-1825-4209-81be-ee1a51ec9a07",
        "title": "Private video",
        "description": "This video is private.",
        "thumbnail": null,
        "youtubeVideoId": "IknXzWSvz84",
        "uploadedDate": "2018-03-11T14:52:44Z",
        "viewCount": 0,
        "isCommercial": "False"
    },
    {
        "id": "ba54f7bb-0d03-408f-9aae-7945bd3b9b56",
        "title": "Private video",
        "description": "This video is private.",
        "thumbnail": null,
        "youtubeVideoId": "7qHr85U5uk8",
        "uploadedDate": "2018-03-11T14:53:37Z",
        "viewCount": 0,
        "isCommercial": "False"
    },
    {
        "id": "eb11e442-5ad7-4ade-a392-2df0b0570ba3",
        "title": "Private video",
        "description": "This video is private.",
        "thumbnail": null,
        "youtubeVideoId": "6hLLt3GOmWY",
        "uploadedDate": "2018-03-11T14:54:38Z",
        "viewCount": 0,
        "isCommercial": "False"
    },
    {
        "id": "3d149e6c-ac62-46cd-a055-f117065989a2",
        "title": "Private video",
        "description": "This video is private.",
        "thumbnail": null,
        "youtubeVideoId": "Ke0f0nAeKcE",
        "uploadedDate": "2018-03-11T14:55:28Z",
        "viewCount": 0,
        "isCommercial": "False"
    },
    {
        "id": "6a6b58a4-2af4-4c1e-a569-113e6efde0f8",
        "title": "Private video",
        "description": "This video is private.",
        "thumbnail": null,
        "youtubeVideoId": "j2GA9xG7iME",
        "uploadedDate": "2018-03-11T14:56:32Z",
        "viewCount": 0,
        "isCommercial": "False"
    },
    {
        "id": "9000f405-fd5b-493b-87df-26c05288bd36",
        "title": "Private video",
        "description": "This video is private.",
        "thumbnail": null,
        "youtubeVideoId": "nmjc5rJYJgU",
        "uploadedDate": "2018-03-11T14:56:50Z",
        "viewCount": 0,
        "isCommercial": "False"
    },
    {
        "id": "0d5a2078-81f4-4c16-9f5a-bec9b1ea76c0",
        "title": "Private video",
        "description": "This video is private.",
        "thumbnail": null,
        "youtubeVideoId": "n9RXhIieGVA",
        "uploadedDate": "2018-03-12T05:40:25Z",
        "viewCount": 0,
        "isCommercial": "False"
    },
    {
        "id": "268cf333-cca2-4855-88df-db02346da7aa",
        "title": "Private video",
        "description": "This video is private.",
        "thumbnail": null,
        "youtubeVideoId": "0Hf3F_8vyfo",
        "uploadedDate": "2018-03-12T07:03:02Z",
        "viewCount": 0,
        "isCommercial": "False"
    },
    {
        "id": "7fb104eb-0857-459e-896a-6bef04405d3e",
        "title": "Private video",
        "description": "This video is private.",
        "thumbnail": null,
        "youtubeVideoId": "V1haNEQbxIQ",
        "uploadedDate": "2018-03-12T07:35:17Z",
        "viewCount": 0,
        "isCommercial": "False"
    },
    {
        "id": "a3f2cd27-14dc-4247-b7b8-86c4f75a623a",
        "title": "Private video",
        "description": "This video is private.",
        "thumbnail": null,
        "youtubeVideoId": "bkCZ90jQ1QQ",
        "uploadedDate": "2018-03-13T09:59:15Z",
        "viewCount": 0,
        "isCommercial": "False"
    },
    {
        "id": "97395ee1-67eb-4369-a6ac-32321ab7b297",
        "title": "Private video",
        "description": "This video is private.",
        "thumbnail": null,
        "youtubeVideoId": "aa8o3wqOEVw",
        "uploadedDate": "2018-03-14T06:05:30Z",
        "viewCount": 0,
        "isCommercial": "False"
    },
    {
        "id": "0b39434e-c2c8-4b45-b4b1-72e32b7ac4d2",
        "title": "Private video",
        "description": "This video is private.",
        "thumbnail": null,
        "youtubeVideoId": "Vqrncu7zw2g",
        "uploadedDate": "2018-03-14T07:39:33Z",
        "viewCount": 0,
        "isCommercial": "False"
    },
    {
        "id": "2b1e5f77-8a5c-4b91-8d9c-2517e97232d1",
        "title": "Private video",
        "description": "This video is private.",
        "thumbnail": null,
        "youtubeVideoId": "3NroxHyxfOQ",
        "uploadedDate": "2018-03-14T07:53:06Z",
        "viewCount": 0,
        "isCommercial": "False"
    },
    {
        "id": "5fc7ea50-7722-4d8a-b657-c30df7def626",
        "title": "Private video",
        "description": "This video is private.",
        "thumbnail": null,
        "youtubeVideoId": "ugWX3nd1Z4A",
        "uploadedDate": "2018-03-14T08:31:51Z",
        "viewCount": 0,
        "isCommercial": "False"
    },
    {
        "id": "c7213458-b879-457a-b04b-aa170bba8d3d",
        "title": "Private video",
        "description": "This video is private.",
        "thumbnail": null,
        "youtubeVideoId": "juAbmfyPm84",
        "uploadedDate": "2018-03-25T13:06:52Z",
        "viewCount": 0,
        "isCommercial": "False"
    }
]