[
    {
        "id": "3fc51604-345d-4b95-a7fb-0697175607d1",
        "title": "형독,견자희,와나나와 함께하는 노래방!",
        "description": "착한 와나나의 착한 노래",
        "thumbnail": "https://i.ytimg.com/vi/1zEOH5FG9ss/mqdefault.jpg",
        "youtubeVideoId": "1zEOH5FG9ss",
        "uploadedDate": "2019-05-08T11:34:13Z",
        "viewCount": 0,
        "isCommercial": "False"
    },
    {
        "id": "0daab5fb-1bb2-410a-9466-c3ed46404d2e",
        "title": "합방 마지막 편! 대체 누가 견자희지!?",
        "description": "저는 왼쪽인줄",
        "thumbnail": "https://i.ytimg.com/vi/EXLCbkSwgU4/mqdefault.jpg",
        "youtubeVideoId": "EXLCbkSwgU4",
        "uploadedDate": "2019-05-08T11:34:24Z",
        "viewCount": 0,
        "isCommercial": "False"
    },
    {
        "id": "59f8e504-8517-4c98-bf15-31756849211c",
        "title": "전설의 3닌자 드디어 올라오다",
        "description": "더러웡",
        "thumbnail": "https://i.ytimg.com/vi/3He_12gTr8c/mqdefault.jpg",
        "youtubeVideoId": "3He_12gTr8c",
        "uploadedDate": "2019-05-08T11:34:49Z",
        "viewCount": 0,
        "isCommercial": "False"
    },
    {
        "id": "2ec2cf33-b973-4208-a7f1-3d6d705f0a6b",
        "title": "전설의 맴버 다시 뭉치다",
        "description": "조만간 또 보자!",
        "thumbnail": "https://i.ytimg.com/vi/9k3500DjeHo/mqdefault.jpg",
        "youtubeVideoId": "9k3500DjeHo",
        "uploadedDate": "2019-12-02T10:38:54Z",
        "viewCount": 234198,
        "isCommercial": "False"
    },
    {
        "id": "0e630f47-9ea2-4efa-8754-6b048f75e8e8",
        "title": "견와(머)독",
        "description": "음?",
        "thumbnail": "https://i.ytimg.com/vi/SZerVjAUITs/mqdefault.jpg",
        "youtubeVideoId": "SZerVjAUITs",
        "uploadedDate": "2022-01-02T11:44:24Z",
        "viewCount": 302096,
        "isCommercial": "False"
    },
    {
        "id": "a80c18d4-3526-4aa1-af3b-dc9356cdda4b",
        "title": "견와(머)독 2부 티저",
        "description": "사정이 생겨 2부 업로드가 지연 되어서 티저 업데이트!\n내일 여덟시 반 2부 업로드!",
        "thumbnail": "https://i.ytimg.com/vi/RvaNRoODgYg/mqdefault.jpg",
        "youtubeVideoId": "RvaNRoODgYg",
        "uploadedDate": "2022-01-04T10:37:05Z",
        "viewCount": 83217,
        "isCommercial": "False"
    }
]