[
    {
        "id": "bea5b98b-d191-486d-b660-d90163444956",
        "title": "됐어... 이혼해...",
        "description": "#김파맨 #신혼여행 #사랑의봇듀오\n◇비즈니스 문의 : kimfriendshiping@gmail.com\n\n◆우정잉 팬카페 http://cafe.daum.net/ingsfriend\n◆트위치 생방송 https://www.twitch.tv/nanajam777 \n◆인스타그램 https://www.instagram.com/friendshiping94",
        "thumbnail": "https://i.ytimg.com/vi/nQ8Q9eNm4_U/mqdefault.jpg",
        "youtubeVideoId": "nQ8Q9eNm4_U",
        "uploadedDate": "2021-03-14T12:19:24Z",
        "viewCount": 229946,
        "isCommercial": "False"
    },
    {
        "id": "ebfa344c-5f2b-4648-ac68-2f8b959fa5ac",
        "title": "하아... 축하해주세요...^^",
        "description": "#김파맨 #결혼식 #웨딩드레스\n편) 늦어서 죄송합니다...\n◇비즈니스 문의 : kimfriendshiping@gmail.com\n\n◆우정잉 팬카페 http://cafe.daum.net/ingsfriend\n◆트위치 생방송 https://www.twitch.tv/nanajam777 \n◆인스타그램 https://www.instagram.com/friendshiping94",
        "thumbnail": "https://i.ytimg.com/vi/2pJn6kIinHs/mqdefault.jpg",
        "youtubeVideoId": "2pJn6kIinHs",
        "uploadedDate": "2021-03-10T16:00:49Z",
        "viewCount": 217369,
        "isCommercial": "False"
    },
    {
        "id": "5d3d1d82-b543-4974-9e90-b179d689d904",
        "title": "여러분... 저 결혼합니다...",
        "description": "#김파맨 #결혼 #청접장\n◇비즈니스 문의 : kimfriendshiping@gmail.com\n\n◆우정잉 팬카페 http://cafe.daum.net/ingsfriend\n◆트위치 생방송 https://www.twitch.tv/nanajam777 \n◆인스타그램 https://www.instagram.com/friendshiping94",
        "thumbnail": "https://i.ytimg.com/vi/e5AO-eg7mjM/mqdefault.jpg",
        "youtubeVideoId": "e5AO-eg7mjM",
        "uploadedDate": "2021-03-10T16:00:49Z",
        "viewCount": 258431,
        "isCommercial": "False"
    },
    {
        "id": "cb90a2c0-510c-4988-a780-5868d3925015",
        "title": "( 김파맨 조회수 공약 영상 ) 클릭 금지",
        "description": "#김파맨석방 #조회수 #20만공약\n편) 드디어 구독팔이소녀 인트로 1회 사용 허락을 받았습니다\n◇비즈니스 문의 : kimfriendshiping@gmail.com\n\n◆우정잉 팬카페 http://cafe.daum.net/ingsfriend\n◆트위치 생방송 https://www.twitch.tv/nanajam777 \n◆인스타그램 https://www.instagram.com/friendshiping94",
        "thumbnail": "https://i.ytimg.com/vi/nmIjB26PU4c/mqdefault.jpg",
        "youtubeVideoId": "nmIjB26PU4c",
        "uploadedDate": "2021-03-10T16:00:49Z",
        "viewCount": 304023,
        "isCommercial": "False"
    },
    {
        "id": "d607f6a5-dd61-44c0-9990-ba7c4a32ae1d",
        "title": "우리... 얘기 좀 해요...",
        "description": "#김파맨 #당신을 #기다립니다\n◇비즈니스 문의 : kimfriendshiping@gmail.com\n\n◆우정잉 팬카페 http://cafe.daum.net/ingsfriend\n◆트위치 생방송 https://www.twitch.tv/nanajam777 \n◆인스타그램 https://www.instagram.com/friendshiping94",
        "thumbnail": "https://i.ytimg.com/vi/a16bA2LMD8U/mqdefault.jpg",
        "youtubeVideoId": "a16bA2LMD8U",
        "uploadedDate": "2021-03-10T16:00:49Z",
        "viewCount": 149861,
        "isCommercial": "False"
    },
    {
        "id": "435c9a8d-8401-4bde-9299-f9c9e649ebe1",
        "title": "결혼 그까짓거 한번 해주면 되는데 쪼잔하게 구네 ㅉㅉ(포상주의)",
        "description": "우정잉의 생방송은 여기서 확인하세요!\n우정잉 트위치 https://www.twitch.tv/nanajam777\n#토크 #혼모노 #업계포상",
        "thumbnail": "https://i.ytimg.com/vi/wilHr2xs1A4/mqdefault.jpg",
        "youtubeVideoId": "wilHr2xs1A4",
        "uploadedDate": "2021-03-10T16:01:49Z",
        "viewCount": 0,
        "isCommercial": "False"
    }
]