[
    {
        "id": "8cdd8146-b539-43b4-9cdf-8e7ec1a9c193",
        "title": "아유미와 함께하는 힙업 운동시간! (누구나 하루 4분이면 된다💪)",
        "description": "[구독]-[좋아요]는 큰! 큰! 힘이 됩니다🙏\n김동현 이메일:memikim88@gmail.com\n김동현 인스타그램 : https://www.instagram.com/stungunkim \n\n-팀스텀건 압구정( 인스타그램 https://www.instagram.com/teamstungun_seoul )\n: 서울시 강남구 신사동 556-28 b1 팀스턴건 \n\n(네이버에 팀스턴건 검색하시면 자세한 정보가 나옵니다🙏즐겁게 운동 함께 해요💪)\n \n-팀스턴건 대전 ( 인스타그램 https://www.instagram.com/teamstungun_daejeon )\n대전시 유성구 봉명동 548-12 5,6층 팀스턴건 대전\n\n#아유미 #홈트 #힙업 #매미킴tv #매미킴 #donghyunkim #kimdonghyun #donghyunkimufc #매미특공대 #팀스턴건 #stunguntv #stungun #tsg",
        "thumbnail": "https://i.ytimg.com/vi/ysiskAX-l9M/mqdefault.jpg",
        "youtubeVideoId": "ysiskAX-l9M",
        "uploadedDate": "2020-10-12T10:30:41Z",
        "viewCount": 100144,
        "isCommercial": "False"
    },
    {
        "id": "4c2d389b-4622-4607-b7ff-ab8f668abffa",
        "title": "요즘 핫한 대박 시원한 마사지건 언박싱! 관심있는 분은 클릭!!💪(feat. 트라택 액티브건)",
        "description": "[구독]-[좋아요]는 큰! 큰! 힘이 됩니다🙏\n김동현 이메일:memikim88@gmail.com\n김동현 인스타그램 : https://www.instagram.com/stungunkim \n\n근육마사지의 정석! 속근육 마사지건!\n“트라택 액티브건”\nhttp://bit.ly/2BCtU6y  (이 링크를 이용하시면 40% 할인됩니다)\n\n*팀스텀건 압구정본관 위치*\n: 서울시 강남구 신사동 556-28 b1 팀스턴건\n(네이버에 압구정팀매드 or 팀스턴건 검색하시면 자세한 정보가 나옵니다🙏즐겁게 운동 함께 해요💪)\n \n #매미킴 #donghyunkim #kimdonghyun #donghyunkimufc #매미특공대 #팀스턴건 #stunguntv #stungun #tsg",
        "thumbnail": "https://i.ytimg.com/vi/UbtfdGIE8QY/mqdefault.jpg",
        "youtubeVideoId": "UbtfdGIE8QY",
        "uploadedDate": "2020-03-09T11:01:53Z",
        "viewCount": 73774,
        "isCommercial": "True"
    },
    {
        "id": "4edbc3f5-dc8a-4ddd-861a-c2a9fc198042",
        "title": "짐볼로 식스팩 만드는 비법 (이렇게 하는거 사람들 거의 모름👍)",
        "description": "[구독]-[좋아요]는 큰! 큰! 힘이 됩니다🙏\n김동현 이메일:memikim88@gmail.com\n김동현 인스타그램 : https://www.instagram.com/stungunkim \n\n근육마사지의 정석! 속근육 마사지건!\n“트라택 액티브건”\nhttp://bit.ly/2BCtU6y  (이 링크를 이용하시면 40% 할인됩니다)\n\n*팀스텀건 압구정본관 위치*\n: 서울시 강남구 신사동 556-28 b1 팀스턴건\n(네이버에 압구정팀매드 or 팀스턴건 검색하시면 자세한 정보가 나옵니다🙏즐겁게 운동 함께 해요💪)\n \n #매미킴 #donghyunkim #kimdonghyun #donghyunkimufc #매미특공대 #팀스턴건 #stunguntv #stungun #tsg",
        "thumbnail": "https://i.ytimg.com/vi/Vh8wtRaN_lE/mqdefault.jpg",
        "youtubeVideoId": "Vh8wtRaN_lE",
        "uploadedDate": "2020-02-26T04:33:13Z",
        "viewCount": 136073,
        "isCommercial": "True"
    },
    {
        "id": "8d463b2f-a748-49f4-97ac-33e906c09769",
        "title": "살빼기 달인 김동현! 하루 5분 김동현다이어트 비법!_”치아시드”",
        "description": "[구독]-[좋아요]는 큰! 큰! 힘이 됩니다🙏\n김동현 이메일:memikim88@gmail.com\n김동현 인스타그램 : https://www.instagram.com/stungunkim \n\n근육마사지의 정석! 속근육 마사지건!\n“트라택 액티브건”\nhttp://bit.ly/2BCtU6y  (이 링크를 이용하시면 40% 할인됩니다)\n\n*팀스텀건 압구정본관 위치*\n: 서울시 강남구 신사동 556-28 b1 팀스턴건\n(네이버에 압구정팀매드 or 팀스턴건 검색하시면 자세한 정보가 나옵니다🙏즐겁게 운동 함께 해요💪)\n \n #매미킴 #donghyunkim #kimdonghyun #donghyunkimufc #매미특공대 #팀스턴건 #stunguntv #stungun #tsg",
        "thumbnail": "https://i.ytimg.com/vi/3Wbom8JjyBE/mqdefault.jpg",
        "youtubeVideoId": "3Wbom8JjyBE",
        "uploadedDate": "2019-09-03T17:21:13Z",
        "viewCount": 42236,
        "isCommercial": "False"
    },
    {
        "id": "f4e168e7-bd1a-441d-8d90-db34ec44a1a3",
        "title": "(SUB)살빼기 달인 김동현! 하루 5분 김동현다이어트 비법!",
        "description": "[구독]-[좋아요]는 큰! 큰! 힘이 됩니다🙏\n김동현 이메일:memikim88@gmail.com\n김동현 인스타그램 : https://www.instagram.com/stungunkim \n\n근육마사지의 정석! 속근육 마사지건!\n“트라택 액티브건”\nhttp://bit.ly/2BCtU6y  (이 링크를 이용하시면 40% 할인됩니다)\n\n*팀스텀건 압구정본관 위치*\n: 서울시 강남구 신사동 556-28 b1 팀스턴건\n(네이버에 압구정팀매드 or 팀스턴건 검색하시면 자세한 정보가 나옵니다🙏즐겁게 운동 함께 해요💪)\n \n #매미킴 #donghyunkim #kimdonghyun #donghyunkimufc #매미특공대 #팀스턴건 #stunguntv #stungun #tsg",
        "thumbnail": "https://i.ytimg.com/vi/Wf8LR-BJcPk/mqdefault.jpg",
        "youtubeVideoId": "Wf8LR-BJcPk",
        "uploadedDate": "2020-02-26T04:34:43Z",
        "viewCount": 771305,
        "isCommercial": "False"
    },
    {
        "id": "68e24cdb-d033-4fad-bf18-fcc7bcf18a49",
        "title": "김동현이 추천하는 남자 스테미너 강화 특별 비법 제2탄!누구나 정력왕이 될 수 있다",
        "description": "[구독]-[좋아요]는 큰! 큰! 힘이 됩니다🙏\n김동현 이메일:memikim88@gmail.com\n김동현 인스타그램 : https://www.instagram.com/stungunkim \n\n근육마사지의 정석! 속근육 마사지건!\n“트라택 액티브건”\nhttp://bit.ly/2BCtU6y  (이 링크를 이용하시면 40% 할인됩니다)\n\n*팀스텀건 압구정본관 위치*\n: 서울시 강남구 신사동 556-28 b1 팀스턴건\n(네이버에 압구정팀매드 or 팀스턴건 검색하시면 자세한 정보가 나옵니다🙏즐겁게 운동 함께 해요💪)\n \n #매미킴 #donghyunkim #kimdonghyun #donghyunkimufc #매미특공대 #팀스턴건 #stunguntv #stungun #tsg",
        "thumbnail": "https://i.ytimg.com/vi/ntZn-67fjbk/mqdefault.jpg",
        "youtubeVideoId": "ntZn-67fjbk",
        "uploadedDate": "2019-07-08T13:10:14Z",
        "viewCount": 41896,
        "isCommercial": "False"
    },
    {
        "id": "fc9dcfc9-2b66-44c5-a2a2-7f57146ed5b4",
        "title": "중독되는 전신 스트레칭! 하루 10분 딱!! 3일만 해보세요~!!",
        "description": "[구독]-[좋아요]는 큰! 큰! 힘이 됩니다🙏\n김동현 이메일:memikim88@gmail.com\n김동현 인스타그램 : https://www.instagram.com/stungunkim \n\n근육마사지의 정석! 속근육 마사지건!\n“트라택 액티브건”\nhttp://bit.ly/2BCtU6y  (이 링크를 이용하시면 40% 할인됩니다)\n\n*팀스텀건 압구정본관 위치*\n: 서울시 강남구 신사동 556-28 b1 팀스턴건\n(네이버에 압구정팀매드 or 팀스턴건 검색하시면 자세한 정보가 나옵니다🙏즐겁게 운동 함께 해요💪)\n \n #매미킴 #donghyunkim #kimdonghyun #donghyunkimufc #매미특공대 #팀스턴건 #stunguntv #stungun #tsg",
        "thumbnail": "https://i.ytimg.com/vi/1HwI363_1Mo/mqdefault.jpg",
        "youtubeVideoId": "1HwI363_1Mo",
        "uploadedDate": "2019-06-04T15:22:16Z",
        "viewCount": 61123,
        "isCommercial": "False"
    },
    {
        "id": "f918a6ac-4639-4776-9452-f38a0ace0026",
        "title": "전신 및 골반 스트레칭!! 김동현의 하루 10분 홈트!!",
        "description": "[구독]-[좋아요]는 큰! 큰! 힘이 됩니다🙏\n김동현 이메일:memikim88@gmail.com\n김동현 인스타그램 : https://www.instagram.com/stungunkim \n\n근육마사지의 정석! 속근육 마사지건!\n“트라택 액티브건”\nhttp://bit.ly/2BCtU6y  (이 링크를 이용하시면 40% 할인됩니다)\n\n*팀스텀건 압구정본관 위치*\n: 서울시 강남구 신사동 556-28 b1 팀스턴건\n(네이버에 압구정팀매드 or 팀스턴건 검색하시면 자세한 정보가 나옵니다🙏즐겁게 운동 함께 해요💪)\n \n #매미킴 #donghyunkim #kimdonghyun #donghyunkimufc #매미특공대 #팀스턴건 #stunguntv #stungun #tsg",
        "thumbnail": "https://i.ytimg.com/vi/bTF-qfXDrwU/mqdefault.jpg",
        "youtubeVideoId": "bTF-qfXDrwU",
        "uploadedDate": "2019-04-17T15:00:48Z",
        "viewCount": 53199,
        "isCommercial": "False"
    },
    {
        "id": "d4263eab-6104-4201-b4c6-8263fc5e99b8",
        "title": "김동현이 추천하는 남자 스테미너 강화 특별 비법!!",
        "description": "[구독]-[좋아요]는 큰! 큰! 힘이 됩니다🙏\n김동현 이메일:memikim88@gmail.com\n김동현 인스타그램 : https://www.instagram.com/stungunkim \n\n근육마사지의 정석! 속근육 마사지건!\n“트라택 액티브건”\nhttp://bit.ly/2BCtU6y  (이 링크를 이용하시면 40% 할인됩니다)\n\n*팀스텀건 압구정본관 위치*\n: 서울시 강남구 신사동 556-28 b1 팀스턴건\n(네이버에 압구정팀매드 or 팀스턴건 검색하시면 자세한 정보가 나옵니다🙏즐겁게 운동 함께 해요💪)\n \n #매미킴 #donghyunkim #kimdonghyun #donghyunkimufc #매미특공대 #팀스턴건 #stunguntv #stungun #tsg",
        "thumbnail": "https://i.ytimg.com/vi/05Zjn-iVlz0/mqdefault.jpg",
        "youtubeVideoId": "05Zjn-iVlz0",
        "uploadedDate": "2019-04-08T17:04:12Z",
        "viewCount": 37634,
        "isCommercial": "False"
    },
    {
        "id": "c8acae66-aa13-4e53-8d5c-b0274b977978",
        "title": "집에서 어깨깡패 만들기! 팔뚝살 없애기!",
        "description": "[구독]-[좋아요]는 큰! 큰! 힘이 됩니다🙏\n김동현 이메일:memikim88@gmail.com\n김동현 인스타그램 : https://www.instagram.com/stungunkim \n\n근육마사지의 정석! 속근육 마사지건!\n“트라택 액티브건”\nhttp://bit.ly/2BCtU6y  (이 링크를 이용하시면 40% 할인됩니다)\n\n*팀스텀건 압구정본관 위치*\n: 서울시 강남구 신사동 556-28 b1 팀스턴건\n(네이버에 압구정팀매드 or 팀스턴건 검색하시면 자세한 정보가 나옵니다🙏즐겁게 운동 함께 해요💪)\n \n #매미킴 #donghyunkim #kimdonghyun #donghyunkimufc #매미특공대 #팀스턴건 #stunguntv #stungun #tsg",
        "thumbnail": "https://i.ytimg.com/vi/-jKB38ltxUg/mqdefault.jpg",
        "youtubeVideoId": "-jKB38ltxUg",
        "uploadedDate": "2019-03-30T07:44:20Z",
        "viewCount": 73837,
        "isCommercial": "False"
    },
    {
        "id": "ef93a358-1a8a-4867-9af4-2ff0189c4146",
        "title": "10분만에 애플힙&일자복근 만들기!!",
        "description": "[구독]-[좋아요]는 큰! 큰! 힘이 됩니다🙏\n김동현 이메일:memikim88@gmail.com\n김동현 인스타그램 : https://www.instagram.com/stungunkim \n\n근육마사지의 정석! 속근육 마사지건!\n“트라택 액티브건”\nhttp://bit.ly/2BCtU6y  (이 링크를 이용하시면 40% 할인됩니다)\n\n*팀스텀건 압구정본관 위치*\n: 서울시 강남구 신사동 556-28 b1 팀스턴건\n(네이버에 압구정팀매드 or 팀스턴건 검색하시면 자세한 정보가 나옵니다🙏즐겁게 운동 함께 해요💪)\n \n #매미킴 #donghyunkim #kimdonghyun #donghyunkimufc #매미특공대 #팀스턴건 #stunguntv #stungun #tsg",
        "thumbnail": "https://i.ytimg.com/vi/aUodd-NTH5E/mqdefault.jpg",
        "youtubeVideoId": "aUodd-NTH5E",
        "uploadedDate": "2019-03-29T12:41:50Z",
        "viewCount": 27127,
        "isCommercial": "False"
    },
    {
        "id": "adbb4caa-ff53-4492-8cbc-f0b4757a9ace",
        "title": "(SUB) 김동현의 시나몬물 만드는 방법과 다이어트효능",
        "description": "[구독]-[좋아요]는 큰! 큰! 힘이 됩니다🙏\n김동현 이메일:memikim88@gmail.com\n김동현 인스타그램 : https://www.instagram.com/stungunkim \n\n근육마사지의 정석! 속근육 마사지건!\n“트라택 액티브건”\nhttp://bit.ly/2BCtU6y  (이 링크를 이용하시면 40% 할인됩니다)\n\n*팀스텀건 압구정본관 위치*\n: 서울시 강남구 신사동 556-28 b1 팀스턴건\n(네이버에 압구정팀매드 or 팀스턴건 검색하시면 자세한 정보가 나옵니다🙏즐겁게 운동 함께 해요💪)\n \n #매미킴 #donghyunkim #kimdonghyun #donghyunkimufc #매미특공대 #팀스턴건 #stunguntv #stungun #tsg",
        "thumbnail": "https://i.ytimg.com/vi/H6BlYVn3-Vw/mqdefault.jpg",
        "youtubeVideoId": "H6BlYVn3-Vw",
        "uploadedDate": "2019-03-16T16:28:12Z",
        "viewCount": 219485,
        "isCommercial": "False"
    },
    {
        "id": "0e990ea6-fd18-484a-9481-805a2b7ff57b",
        "title": "Private video",
        "description": "This video is private.",
        "thumbnail": null,
        "youtubeVideoId": "F9xjAa9QU_I",
        "uploadedDate": "2020-11-04T03:15:46Z",
        "viewCount": 241538,
        "isCommercial": "False"
    }
]