[
    {
        "id": "673dd793-d153-4388-bcb2-e81cae78ebb4",
        "title": "넷플릭스에서 상단을 찍어버리는 역대급 반전이 있는 애니 [애니리뷰]",
        "description": "[유진씨 채널 구독 좋아요 알림설정은 매우 큰힘이 됩니다]\n\n오늘 리뷰해드릴 띵작 애니메이션은?\n\"나만이 없는 거리\"입니다\n\n1화부터 손쉽게 볼수있지만 그 속은 꽉차있는\n정말 매 장면이 소름돋는 그런 애니입니다.\n추리 좋아하시면 너무 추천해요 증말!!\n\n사용BGM 브금대통령\n🎵Track : Endless Tunnel - https://youtu.be/bhdxpXmcacw\n\n영상 타임라인\n0:00 애니리뷰\n9:25 설명충 유진씨\n\n문의/광고/협찬 ask.endevor@gmail.com",
        "thumbnail": "https://i.ytimg.com/vi/Z1TTFjTBhng/mqdefault.jpg",
        "youtubeVideoId": "Z1TTFjTBhng",
        "uploadedDate": "2022-02-12T07:13:56Z",
        "viewCount": 6751,
        "isCommercial": "False"
    }
]