[
    {
        "id": "15c5a97e-1ebe-4c03-918b-02efe2c08a58",
        "title": "비싼 장비 멈춰! 1만원~100만원 까지! 2년 사용한 유튜버 가성비 장비 소개 (카메라, 삼각대, 조명, 마이크)",
        "description": "제가 사용하는 유튜브 장비들을 소개해드립니다.\n비싼게 좋다고는 느끼지만 \n처음부터 많은 투자를 할 필요는 없다고 생각해요!\n저도 장비충이라 계속 더 업그레이드 하고싶은데, 이 영상 보면서 참으려구요.\n그래도 좋은 제품샷을 보여주거나 업그레이드가 필요할때는 하려고 합니닷.\n\n영상에 어떤 제품인지 소개를 안드려서 간략히 제품명 적어드립니닷.\n(정확한 이름이 기억 안나는 것들도 있어요)\n\n카메라\n캐논 m50 (15-45mm, 22mm, 32mm 사용)\n소니 zv-1\n\n삼각대\n이름모를 수직 삼각대\n맨프로토 픽시? 삼각대\n호루스벤누 의 이름 기억 안나는 유압식 삼각대 - 메인 삼각대 (10만원쯤 이었던거로 기억나네요)\n\n조명\n고독스 SL-60W\n대한 링조명? (이름이 정확히 기억안나요)\n\n마이크\n보야 m1 마이크\n소니 녹음기\n슈어 mv7\n\n* 에이트에게 보고싶은 콘텐츠 추천하기\n\"이트야 이것좀 해보거라~\" ▼ (크롬 브라우저 추천)\nhttps://forms.gle/EityPLDpxd1XrK529\n\nTag\n#유튜브카메라 #삼각대 #조명 #수직샷\n\n* (비즈니스 문의) itws8692@gmail.com\n* (일상/소통) https://www.instagram.com/at_the_endd/\n\n*타임라인\n0:00 영상 시작쓰\n0:32 카메라\n2:45 삼각대\n6:32 조명\n9:26 마이크\n12:24 매무리",
        "thumbnail": "https://i.ytimg.com/vi/rjVm5IYkJvo/mqdefault.jpg",
        "youtubeVideoId": "rjVm5IYkJvo",
        "uploadedDate": "2021-04-18T11:21:05Z",
        "viewCount": 2789,
        "isCommercial": "False"
    },
    {
        "id": "25a68e87-2166-4213-b2be-89013e163bc4",
        "title": "풀프레임 카메라를 사야하는 이유 / 가성비 풀프레임 카메라 A7C 2개월 리뷰",
        "description": "드디어 2년만에 업그레이드한 카메라!\n오랜만에 유튜브 장비 업글했네요\n나도 이제 풀프레임 유저닷!\n\n 카메라 사고나니까 드는 생각\n- 렌즈 더 사고싶다.\n- 카메라 더 사고싶다.\n\nTag\n#유튜브카메라 #A7C #소니 #캐논 #후지필름\n\n*타임라인\n0:00 영상 시작쓰\n1:00 압도적인 4K\n1:55 30분 제한이 없네?\n2:34 어두워도 괜츈\n3:47 아웃포커싱\n4:36 측면 포트\n5:35 색감은 캐논 아니었나?\n6:32 완벽초점\n7:12 컴퓨터 연결할분 주목!\n8:20 C타입\n8:30 4K 60p가 안된다고?\n9:00 4K 크롭?\n9:27 듀얼메모리..\n10:04 그립감.. 메뉴위치는 왜 여기에?\n10:44 비쌈 그냥 비쌈\n11:30 그래도 맨족맨족\n\n* (비즈니스 문의) itws8692@gmail.com\n* (일상/소통) https://www.instagram.com/at_the_endd/",
        "thumbnail": "https://i.ytimg.com/vi/B_7rllAYW2g/mqdefault.jpg",
        "youtubeVideoId": "B_7rllAYW2g",
        "uploadedDate": "2021-07-28T10:04:29Z",
        "viewCount": 644,
        "isCommercial": "False"
    },
    {
        "id": "9e3d3e22-5124-4bd5-9df8-8c2644eeee5a",
        "title": "들고 다니지마세요 이제 입으세요. 입고 찍는 웨어러블 카메라 사용기 캐논코리아 비즈니스 솔루션 FITT 360 PB 장단점",
        "description": "캐논코리아 비즈니스 솔루션의 지원을 받아 제작되었습니다.\n \n오늘은 웨어러블 블랙박스 캐논코리아 비즈니스 솔루션 FITT 360 PB를 소개해드려요.\n목걸이형 블랙박스는 처음 사용해본 제품군이였는데,\n상황에 따라서 괜찮게 사용할 수 있겠구나 싶네요.\n간편하게 앱연동도 가능해서 다양한 활용도 많이 나올 것 같아요.\n \n#FITT360PB #핸즈프리블랙박스 #캐논코리아비즈니스솔루션\n \n캐논코리아 비즈니스 솔루션 FITT 360 PB 더 알아보기\nhttps://smartstore.naver.com/canon_shop/products/5536808428\n\n✔ 비즈니스 문의 : itws8692@gmail.com\n✔ 인스타그램 - https://www.instagram.com/at_the_endd/\n✔ 음원사이트 - https://artlist.io/HONG-1533409\n    (가입 시 2개월 추가 무료 혜택)",
        "thumbnail": "https://i.ytimg.com/vi/owLzYFT5DnY/mqdefault.jpg",
        "youtubeVideoId": "owLzYFT5DnY",
        "uploadedDate": "2021-10-20T11:49:19Z",
        "viewCount": 3488,
        "isCommercial": "False"
    }
]