[
    {
        "id": "6c218a1f-85fb-45ea-b02e-d9594d08d144",
        "title": "[LIVE] 🔥불금🔥 인형뽑기 가즈앙 (211210)",
        "description": "구독😍좋아요👍댓글💬 감사합니다!\n정기후원 👍 https://bit.ly/33Jc5lV\n인스타그램 👍 https://www.instagram.com/hongseongobba/\n페이스북 👍 https://www.facebook.com/hongseongobba/ \n카카오톡 😀 홍성오빠 유튜브 오픈채팅방 official (인형뽑기)\n문의 📧 cafe_therapy@naver.com (촬영, 창업컨설팅, 스폰)\n택배 🚚 서울특별시 성동구 성수이로20길 16 JK타워 8층, 트레져헌터 (홍성오빠)\n\n🎵intro music : Urban Fashion (from. envato elements)\n🎵outro music : FORTRESS 2 BLUE OST 'SERVER' 中\n\n#인형뽑기 #홍성오빠 #홍성유튜버",
        "thumbnail": "https://i.ytimg.com/vi/-5LKBtWpcK8/mqdefault.jpg",
        "youtubeVideoId": "-5LKBtWpcK8",
        "uploadedDate": "2021-12-10T18:06:22Z",
        "viewCount": 3670,
        "isCommercial": "False"
    },
    {
        "id": "64c4db29-1e90-429c-a617-4f3b421e0c14",
        "title": "[LIVE] 피카츄 넌 내꺼야 (211124 인형뽑기 생방송)",
        "description": "구독😍좋아요👍댓글💬 감사합니다!\n정기후원 👍 https://bit.ly/33Jc5lV\n인스타그램 👍 https://www.instagram.com/hongseongobba/\n페이스북 👍 https://www.facebook.com/hongseongobba/ \n카카오톡 😀 홍성오빠 유튜브 오픈채팅방 official (인형뽑기)\n문의 📧 cafe_therapy@naver.com (촬영, 창업컨설팅, 스폰)\n택배 🚚 서울특별시 성동구 성수이로20길 16 JK타워 8층, 트레져헌터 (홍성오빠)\n\n🎵intro music : Urban Fashion (from. envato elements)\n🎵outro music : FORTRESS 2 BLUE OST 'SERVER' 中\n\n#인형뽑기 #홍성오빠 #홍성유튜버",
        "thumbnail": "https://i.ytimg.com/vi/FfDqpA53AtY/mqdefault.jpg",
        "youtubeVideoId": "FfDqpA53AtY",
        "uploadedDate": "2021-11-25T11:00:11Z",
        "viewCount": 1914,
        "isCommercial": "False"
    },
    {
        "id": "a817f476-4393-49ae-91bf-9589439ee728",
        "title": "[LIVE] 일요일엔 인형뽑기지! (211107)",
        "description": "구독😍좋아요👍댓글💬 감사합니다!\n정기후원 👍 https://bit.ly/33Jc5lV\n인스타그램 👍 https://www.instagram.com/hongseongobba/\n페이스북 👍 https://www.facebook.com/hongseongobba/ \n카카오톡 😀 홍성오빠 유튜브 오픈채팅방 official (인형뽑기)\n문의 📧 cafe_therapy@naver.com (촬영, 창업컨설팅, 스폰)\n택배 🚚 서울특별시 성동구 성수이로20길 16 JK타워 8층, 트레져헌터 (홍성오빠)\n\n🎵intro music : Urban Fashion (from. envato elements)\n🎵outro music : FORTRESS 2 BLUE OST 'SERVER' 中\n\n#인형뽑기 #홍성오빠 #홍성유튜버",
        "thumbnail": "https://i.ytimg.com/vi/uwgXx-fWQVY/mqdefault.jpg",
        "youtubeVideoId": "uwgXx-fWQVY",
        "uploadedDate": "2021-11-10T04:17:32Z",
        "viewCount": 4144,
        "isCommercial": "False"
    },
    {
        "id": "feb7f88d-509a-4afc-9480-3e293a6fd740",
        "title": "[LIVE] 장마에.. 바이러스에.. 집에서 인형뽑기나 해야겠습니다 | 크레인팝 유료광고",
        "description": "* 본 방송은 크레인팝(Crane POP)의 유료광고를 포함하고 있습니다.\n[리얼 인형뽑기 온라인 크레인게임 'CranePOP' 어플 설치]\n방법1) 구글 플레이스토어에서 '인형뽑기 크레인팝' 또는 ‘cranepop’ 으로 검색하여 설치\n방법2) 아래 플레이스토어 다이렉트 링크를 눌러 설치\nshorturl.at/pyLR9\n\n#크레인팝 #홍성오빠 #cranepop\n\n구독😍좋아요👍댓글💬 감사합니다!\n정기후원 👍 https://bit.ly/33Jc5lV\n인스타그램 👍 https://www.instagram.com/hongseongobba/\n페이스북 👍 https://www.facebook.com/hongseongobba/ \n카카오톡 😀 홍성오빠 유튜브 오픈채팅방 official (인형뽑기)\n문의 📧 cafe_therapy@naver.com (촬영, 창업컨설팅, 스폰)\n택배 🚚 서울특별시 성동구 성수이로20길 16 JK타워 8층, 트레져헌터 (홍성오빠)\n만나는 곳 🙋‍♂️ 충청남도 홍성군 홍성읍 조양로205번길 67, 뽑기가 안되면 홍성스쿨\n\n♫intro music : Urban Fashion (from. envato elements)\n♫outro music : FORTRESS 2 BLUE OST 'SERVER' 中",
        "thumbnail": "https://i.ytimg.com/vi/RpwMcQUdzQ0/mqdefault.jpg",
        "youtubeVideoId": "RpwMcQUdzQ0",
        "uploadedDate": "2021-07-09T06:57:59Z",
        "viewCount": 0,
        "isCommercial": "False"
    },
    {
        "id": "b2499ee4-1f0c-44ed-88e6-537371411b8f",
        "title": "[LIVE] 생일 D+1 버프 끝나나!? 그래도 탕진잼 (210424, 대전2부)",
        "description": "구독😍좋아요👍댓글💬 감사합니다!\n정기후원 👍 https://bit.ly/33Jc5lV\n인스타그램 👍 https://www.instagram.com/hongseongobba/\n페이스북 👍 https://www.facebook.com/hongseongobba/ \n카카오톡 😀 홍성오빠 유튜브 오픈채팅방 official (인형뽑기)\n문의 📧 cafe_therapy@naver.com (촬영, 창업컨설팅, 스폰)\n택배 🚚 서울특별시 성동구 성수이로20길 16 JK타워 8층, 트레져헌터 (홍성오빠)\n만나는 곳 🙋‍♂️ 충청남도 홍성군 홍성읍 조양로205번길 67, 뽑기가 안되면 홍성스쿨\n\n♫intro music : Urban Fashion (from. envato elements)\n♫outro music : FORTRESS 2 BLUE OST 'SERVER' 中\n\n#인형뽑기 #홍성오빠 #홍성유튜버",
        "thumbnail": "https://i.ytimg.com/vi/BewctacU4GU/mqdefault.jpg",
        "youtubeVideoId": "BewctacU4GU",
        "uploadedDate": "2021-04-24T14:45:07Z",
        "viewCount": 2542,
        "isCommercial": "False"
    },
    {
        "id": "27874e10-7cee-4bf8-8377-ecd51d23c3d8",
        "title": "[LIVE] 생일엔 뽑기지! 탕진잼 가즈아 (210423, 대전)",
        "description": "구독😍좋아요👍댓글💬 감사합니다!\n정기후원 👍 https://bit.ly/33Jc5lV\n인스타그램 👍 https://www.instagram.com/hongseongobba/\n페이스북 👍 https://www.facebook.com/hongseongobba/ \n카카오톡 😀 홍성오빠 유튜브 오픈채팅방 official (인형뽑기)\n문의 📧 cafe_therapy@naver.com (촬영, 창업컨설팅, 스폰)\n택배 🚚 서울특별시 성동구 성수이로20길 16 JK타워 8층, 트레져헌터 (홍성오빠)\n만나는 곳 🙋‍♂️ 충청남도 홍성군 홍성읍 조양로205번길 67, 뽑기가 안되면 홍성스쿨\n\n♫intro music : Urban Fashion (from. envato elements)\n♫outro music : FORTRESS 2 BLUE OST 'SERVER' 中\n\n#인형뽑기 #홍성오빠 #홍성유튜버",
        "thumbnail": "https://i.ytimg.com/vi/leVl29ey89g/mqdefault.jpg",
        "youtubeVideoId": "leVl29ey89g",
        "uploadedDate": "2021-04-24T14:44:51Z",
        "viewCount": 3486,
        "isCommercial": "False"
    },
    {
        "id": "c0dd47fa-e9fe-4527-8724-16c0e8e7e673",
        "title": "[LIVE] 오늘은 극대노 하지 말자는 주의 (210214, 인형뽑기)",
        "description": "구독😍좋아요👍댓글💬 감사합니다!\n정기후원 👍 https://bit.ly/33Jc5lV\n인스타그램 👍 https://www.instagram.com/hongseongobba/\n페이스북 👍 https://www.facebook.com/hongseongobba/ \n카카오톡 😀 홍성오빠 유튜브 오픈채팅방 official (인형뽑기)\n문의 📧 cafe_therapy@naver.com (촬영, 창업컨설팅, 스폰)\n택배 🚚 서울특별시 성동구 성수이로20길 16 JK타워 8층, 트레져헌터 (홍성오빠)\n만나는 곳 🙋‍♂️ 충청남도 홍성군 홍성읍 조양로205번길 67, 뽑기가 안되면 홍성스쿨\n\n♫intro music : Urban Fashion (from. envato elements)\n♫outro music : FORTRESS 2 BLUE OST 'SERVER' 中\n\n#인형뽑기 #홍성오빠 #홍성유튜버",
        "thumbnail": "https://i.ytimg.com/vi/l8X6pNeFUsk/mqdefault.jpg",
        "youtubeVideoId": "l8X6pNeFUsk",
        "uploadedDate": "2021-02-14T07:19:21Z",
        "viewCount": 5743,
        "isCommercial": "False"
    },
    {
        "id": "d4c65890-956a-4ced-807b-d837b76b7bed",
        "title": "[LIVE] 김해에서 잠깐만 놀아봅니다 (210128, 인형뽑기)",
        "description": "구독😍좋아요👍댓글💬 감사합니다!\n정기후원 👍 https://bit.ly/33Jc5lV\n인스타그램 👍 https://www.instagram.com/hongseongobba/\n페이스북 👍 https://www.facebook.com/hongseongobba/ \n카카오톡 😀 홍성오빠 유튜브 오픈채팅방 official (인형뽑기)\n문의 📧 cafe_therapy@naver.com (촬영, 창업컨설팅, 스폰)\n택배 🚚 서울특별시 성동구 성수이로20길 16 JK타워 8층, 트레져헌터 (홍성오빠)\n만나는 곳 🙋‍♂️ 충청남도 홍성군 홍성읍 조양로205번길 67, 뽑기가 안되면 홍성스쿨\n\n♫intro music : Urban Fashion (from. envato elements)\n♫outro music : Hip Hop Chill and Swag 85 (from. envato elements)\n\n#인형뽑기 #홍성오빠 #홍성유튜버",
        "thumbnail": "https://i.ytimg.com/vi/jDjjc-Td13M/mqdefault.jpg",
        "youtubeVideoId": "jDjjc-Td13M",
        "uploadedDate": "2021-02-01T19:09:28Z",
        "viewCount": 3693,
        "isCommercial": "False"
    },
    {
        "id": "3eee0882-1752-4457-ad8d-bc80fb10a7a1",
        "title": "[LIVE] 밤을 잊은 그대에게 8시간동안 생방송 인형뽑기 (210123, 인형뽑기)",
        "description": "구독😍좋아요👍댓글💬 감사합니다!\n정기후원 👍 https://bit.ly/33Jc5lV\n인스타그램 👍 https://www.instagram.com/hongseongobba/\n페이스북 👍 https://www.facebook.com/hongseongobba/ \n카카오톡 😀 홍성오빠 유튜브 오픈채팅방 official (인형뽑기)\n문의 📧 cafe_therapy@naver.com (촬영, 창업컨설팅, 스폰)\n택배 🚚 서울특별시 성동구 성수이로20길 16 JK타워 8층, 트레져헌터 (홍성오빠)\n만나는 곳 🙋‍♂️ 충청남도 홍성군 홍성읍 조양로205번길 67, 뽑기가 안되면 홍성스쿨\n\n♫intro music : Urban Fashion (from. envato elements)\n♫outro music : Hip Hop Chill and Swag 85 (from. envato elements)\n\n#인형뽑기 #홍성오빠 #홍성유튜버",
        "thumbnail": "https://i.ytimg.com/vi/qUr3MKclSH0/mqdefault.jpg",
        "youtubeVideoId": "qUr3MKclSH0",
        "uploadedDate": "2021-01-24T00:05:58Z",
        "viewCount": 6124,
        "isCommercial": "False"
    },
    {
        "id": "9bc8ab0e-1a5a-4677-9e90-3307269209f1",
        "title": "[LIVE] 아마도 올해의 마지막 방송 (20201230, 대전 인형뽑기 생방송)",
        "description": "구독😍좋아요👍댓글💬 감사합니다!\n정기후원 👍 https://bit.ly/33Jc5lV\n인스타그램 👍 https://www.instagram.com/hongseongobba/\n페이스북 👍 https://www.facebook.com/hongseongobba/ \n카카오톡 😀 홍성오빠 유튜브 오픈채팅방 official (인형뽑기)\n문의 📧 cafe_therapy@naver.com (촬영, 창업컨설팅, 스폰)\n택배 🚚 서울특별시 성동구 성수이로20길 16 JK타워 8층, 트레져헌터 (홍성오빠)\n만나는 곳 🙋‍♂️ 충청남도 홍성군 홍성읍 조양로205번길 67, 뽑기가 안되면 홍성스쿨\n\n♫intro music : Urban Fashion (from. envato elements)\n♫outro music : Hip Hop Chill and Swag 85 (from. envato elements)\n\n#인형뽑기 #홍성오빠 #홍성유튜버",
        "thumbnail": "https://i.ytimg.com/vi/VGpoMY4BhsU/mqdefault.jpg",
        "youtubeVideoId": "VGpoMY4BhsU",
        "uploadedDate": "2021-01-05T05:21:48Z",
        "viewCount": 9976,
        "isCommercial": "False"
    },
    {
        "id": "e20f025c-c510-4f40-816e-c6ea4a7f1f9e",
        "title": "[LIVE] 대전에서 2부ㄷㄷ (201212 인형뽑기)",
        "description": "구독😍좋아요👍댓글💬 감사합니다!\n정기후원 👍 https://bit.ly/33Jc5lV\n인스타그램 👍 https://www.instagram.com/hongseongobba/\n페이스북 👍 https://www.facebook.com/hongseongobba/ \n카카오톡 😀 홍성오빠 유튜브 오픈채팅방 official (인형뽑기)\n문의 📧 cafe_therapy@naver.com (촬영, 창업컨설팅, 스폰)\n택배 🚚 서울특별시 성동구 성수이로20길 16 JK타워 8층, 트레져헌터 (홍성오빠)\n만나는 곳 🙋‍♂️ 충청남도 홍성군 홍성읍 조양로205번길 67, 뽑기가 안되면 홍성스쿨\n\n♫intro music : Urban Fashion (from. envato elements)\n♫outro music : Hip Hop Chill and Swag 85 (from. envato elements)\n\n#인형뽑기 #홍성오빠 #홍성유튜버",
        "thumbnail": "https://i.ytimg.com/vi/MiSnJp692Bs/mqdefault.jpg",
        "youtubeVideoId": "MiSnJp692Bs",
        "uploadedDate": "2021-01-05T05:21:38Z",
        "viewCount": 5695,
        "isCommercial": "False"
    },
    {
        "id": "e46a5cd8-ff05-4095-a6dd-d964ea5f747e",
        "title": "[LIVE] 맥시멈 카이도우 POP 뽑기 도전 (201211 대전 인형뽑기)",
        "description": "구독😍좋아요👍댓글💬 감사합니다!\n정기후원 👍 https://bit.ly/33Jc5lV\n인스타그램 👍 https://www.instagram.com/hongseongobba/\n페이스북 👍 https://www.facebook.com/hongseongobba/ \n카카오톡 😀 홍성오빠 유튜브 오픈채팅방 official (인형뽑기)\n문의 📧 cafe_therapy@naver.com (촬영, 창업컨설팅, 스폰)\n택배 🚚 서울특별시 성동구 성수이로20길 16 JK타워 8층, 트레져헌터 (홍성오빠)\n만나는 곳 🙋‍♂️ 충청남도 홍성군 홍성읍 조양로205번길 67, 뽑기가 안되면 홍성스쿨\n\n♫intro music : Urban Fashion (from. envato elements)\n♫outro music : Hip Hop Chill and Swag 85 (from. envato elements)\n\n#인형뽑기 #홍성오빠 #홍성유튜버",
        "thumbnail": "https://i.ytimg.com/vi/XVWpT917bko/mqdefault.jpg",
        "youtubeVideoId": "XVWpT917bko",
        "uploadedDate": "2021-01-05T05:21:27Z",
        "viewCount": 9389,
        "isCommercial": "False"
    },
    {
        "id": "ec406797-d818-469e-8a63-c13e4c92d1a7",
        "title": "[LIVE] 오늘 휴방 사죄 의미로 남양주 별내에서 라이브 인형뽑기 (201204)",
        "description": "구독😍좋아요👍댓글💬 감사합니다!\n정기후원 👍 https://bit.ly/33Jc5lV\n인스타그램 👍 https://www.instagram.com/hongseongobba/\n페이스북 👍 https://www.facebook.com/hongseongobba/ \n카카오톡 😀 홍성오빠 유튜브 오픈채팅방 official (인형뽑기)\n문의 📧 cafe_therapy@naver.com (촬영, 창업컨설팅, 스폰)\n택배 🚚 서울특별시 성동구 성수이로20길 16 JK타워 8층, 트레져헌터 (홍성오빠)\n만나는 곳 🙋‍♂️ 충청남도 홍성군 홍성읍 조양로205번길 67, 뽑기가 안되면 홍성스쿨\n\n♫intro music : Urban Fashion (from. envato elements)\n♫outro music : Hip Hop Chill and Swag 85 (from. envato elements)\n\n#인형뽑기 #홍성오빠 #홍성유튜버",
        "thumbnail": "https://i.ytimg.com/vi/odX27ghdp_k/mqdefault.jpg",
        "youtubeVideoId": "odX27ghdp_k",
        "uploadedDate": "2021-01-05T05:21:05Z",
        "viewCount": 7580,
        "isCommercial": "False"
    },
    {
        "id": "1c81af34-85d1-4d46-94a1-c77dd0a033bc",
        "title": "[LIVE] 여우형네 복수하러 인천 왔습니다 (인형뽑기 생방송 201201)",
        "description": "여우스쿨 여우스쿨, 여우스쿨 털어보자!\n\n구독😍좋아요👍댓글💬 감사합니다!\n정기후원 👍 https://bit.ly/33Jc5lV\n인스타그램 👍 https://www.instagram.com/hongseongobba/\n페이스북 👍 https://www.facebook.com/hongseongobba/ \n카카오톡 😀 홍성오빠 유튜브 오픈채팅방 official (인형뽑기)\n문의 📧 cafe_therapy@naver.com (촬영, 창업컨설팅, 스폰)\n택배 🚚 서울특별시 성동구 성수이로20길 16 JK타워 8층, 트레져헌터 (홍성오빠)\n만나는 곳 🙋‍♂️ 충청남도 홍성군 홍성읍 조양로205번길 67, 뽑기가 안되면 홍성스쿨\n\n♫intro music : Urban Fashion (from. envato elements)\n♫outro music : Hip Hop Chill and Swag 85 (from. envato elements)\n\n#인형뽑기 #홍성오빠 #홍성유튜버",
        "thumbnail": "https://i.ytimg.com/vi/ILn_3fTe-os/mqdefault.jpg",
        "youtubeVideoId": "ILn_3fTe-os",
        "uploadedDate": "2020-12-01T10:45:27Z",
        "viewCount": 9695,
        "isCommercial": "False"
    },
    {
        "id": "fafe0e64-e9c3-4732-b295-ce1897bafa74",
        "title": "[LIVE] 랜덤박스 자판기 번호좀 골라주세요. 짧은 생방송!",
        "description": "",
        "thumbnail": "https://i.ytimg.com/vi/XAkDGukzPPY/mqdefault.jpg",
        "youtubeVideoId": "XAkDGukzPPY",
        "uploadedDate": "2020-12-01T10:45:48Z",
        "viewCount": 4696,
        "isCommercial": "False"
    },
    {
        "id": "656a4b8a-eca9-41e3-b255-10d1fff3e1f4",
        "title": "[LIVE] 시청자 참여형 인형뽑기",
        "description": "구독😍좋아요👍댓글💬 감사합니다!\n정기후원 👍 https://bit.ly/33Jc5lV\n인스타그램 👍 https://www.instagram.com/hongseongobba/\n페이스북 👍 https://www.facebook.com/hongseongobba/ \n카카오톡 😀 홍성오빠 유튜브 오픈채팅방 official (인형뽑기)\n문의 📧 cafe_therapy@naver.com (촬영, 창업컨설팅, 스폰)\n택배 🚚 서울특별시 성동구 성수이로20길 16 JK타워 8층, 트레져헌터 (홍성오빠)\n만나는 곳 🙋‍♂️ 충청남도 홍성군 홍성읍 조양로205번길 67, 뽑기가 안되면 홍성스쿨\n\n♫intro music : Urban Fashion (from. envato elements)\n♫outro music : Hip Hop Chill and Swag 85 (from. envato elements)\n\n#인형뽑기 #홍성오빠 #홍성유튜버",
        "thumbnail": "https://i.ytimg.com/vi/Ev8tvA7C-eU/mqdefault.jpg",
        "youtubeVideoId": "Ev8tvA7C-eU",
        "uploadedDate": "2020-09-12T19:50:05Z",
        "viewCount": 5270,
        "isCommercial": "False"
    },
    {
        "id": "811cf799-de95-4b8e-828b-98c12a3ad330",
        "title": "[LIVE] 오랜만에 아크릴좀 쳐볼까요? (인형뽑기)",
        "description": "구독😍좋아요👍댓글💬 감사합니다!\n정기후원 👍 http://bitly.kr/L40QdmkV\n인스타그램 👍 https://www.instagram.com/hongseongobba/\n페이스북 👍 https://www.facebook.com/hongseongobba/ \n카카오톡 😀 홍성오빠 유튜브 오픈채팅방 official (인형뽑기)\n문의 📧 cafe_therapy@naver.com (촬영, 창업컨설팅, 스폰)\n택배 🚚 서울특별시 성동구 성수이로20길 16 JK타워 8층, 트레져헌터 (홍성오빠)\n만나는 곳 🙋‍♂️ 충청남도 홍성군 홍성읍 조양로205번길 67, 뽑기가 안되면 홍성스쿨\n\n♫intro music : Urban Fashion (from. envato elements)\n♫outro music : Hip Hop Chill and Swag 85 (from. envato elements)\n\n#인형뽑기 #홍성오빠 #홍성유튜버",
        "thumbnail": "https://i.ytimg.com/vi/HHvG551vsSI/mqdefault.jpg",
        "youtubeVideoId": "HHvG551vsSI",
        "uploadedDate": "2020-06-29T04:27:39Z",
        "viewCount": 5074,
        "isCommercial": "False"
    },
    {
        "id": "e9184ad0-b39d-468e-ad08-aece65c7e343",
        "title": "[LIVE] 서산에서 뽑기해요!",
        "description": "구독😍좋아요👍댓글💬 감사합니다!\n정기후원 👍 http://bitly.kr/L40QdmkV\n인스타그램 👍 https://www.instagram.com/hongseongobba/\n페이스북 👍 https://www.facebook.com/hongseongobba/ \n카카오톡 😀 홍성오빠 유튜브 오픈채팅방 official (인형뽑기)\n문의 📧 cafe_therapy@naver.com (촬영, 창업컨설팅, 스폰)\n택배 🚚 서울특별시 성동구 성수이로20길 16 JK타워 8층, 트레져헌터 (홍성오빠)\n만나는 곳 🙋‍♂️ 충청남도 홍성군 홍성읍 조양로205번길 67, 뽑기가 안되면 홍성스쿨\n\n♫intro music : Urban Fashion (from. envato elements)\n♫outro music : Hip Hop Chill and Swag 85 (from. envato elements)\n\n#인형뽑기 #홍성오빠 #홍성유튜버",
        "thumbnail": "https://i.ytimg.com/vi/xC5YjNG0ELM/mqdefault.jpg",
        "youtubeVideoId": "xC5YjNG0ELM",
        "uploadedDate": "2020-03-08T21:51:49Z",
        "viewCount": 7251,
        "isCommercial": "False"
    },
    {
        "id": "62073752-efb2-46a9-9402-ee0e105f87fb",
        "title": "[LIVE] 천하제일 와리대회 In 서산",
        "description": "구독😍좋아요👍댓글💬 감사합니다!\n정기후원 👍 http://bitly.kr/L40QdmkV\n인스타그램 👍 https://www.instagram.com/hongseongobba/\n페이스북 👍 https://www.facebook.com/hongseongobba/ \n카카오톡 😀 홍성오빠 유튜브 오픈채팅방 official (인형뽑기)\n문의 📧 cafe_therapy@naver.com (촬영, 창업컨설팅, 스폰)\n택배 🚚 서울특별시 성동구 성수이로20길 16 JK타워 8층, 트레져헌터 (홍성오빠)\n만나는 곳 🙋‍♂️ 충청남도 홍성군 홍성읍 조양로205번길 67, 뽑기가 안되면 홍성스쿨\n\n♫intro music : Urban Fashion (from. envato elements)\n♫outro music : Hip Hop Chill and Swag 85 (from. envato elements)\n\n#인형뽑기 #홍성오빠 #홍성유튜버",
        "thumbnail": "https://i.ytimg.com/vi/H9rJI33FAfE/mqdefault.jpg",
        "youtubeVideoId": "H9rJI33FAfE",
        "uploadedDate": "2020-03-08T21:51:49Z",
        "viewCount": 6051,
        "isCommercial": "False"
    },
    {
        "id": "341d29e6-c219-4ba4-a7a6-e718f987c3e7",
        "title": "[LIVE] 뽑기하러 대전왔습니다",
        "description": "구독😍좋아요👍댓글💬 감사합니다!\n정기후원 👍 http://bitly.kr/L40QdmkV\n인스타그램 👍 https://www.instagram.com/hongseongobba/\n페이스북 👍 https://www.facebook.com/hongseongobba/ \n카카오톡 😀 홍성오빠 유튜브 오픈채팅방 official (인형뽑기)\n문의 📧 cafe_therapy@naver.com (촬영, 창업컨설팅, 스폰)\n택배 🚚 서울특별시 성동구 성수이로20길 16 JK타워 8층, 트레져헌터 (홍성오빠)\n만나는 곳 🙋‍♂️ 충청남도 홍성군 홍성읍 조양로205번길 67, 뽑기가 안되면 홍성스쿨\n\n♫intro music : Urban Fashion (from. envato elements)\n♫outro music : Hip Hop Chill and Swag 85 (from. envato elements)\n\n#인형뽑기 #홍성오빠 #홍성유튜버",
        "thumbnail": "https://i.ytimg.com/vi/7zcLJMe-FrY/mqdefault.jpg",
        "youtubeVideoId": "7zcLJMe-FrY",
        "uploadedDate": "2020-03-08T21:51:49Z",
        "viewCount": 7765,
        "isCommercial": "False"
    },
    {
        "id": "bb0ad3a0-e7ab-48e2-9d7a-dff7d3b094a2",
        "title": "[LIVE] 100만원 갑니다! 국제전자센터에서 드래곤볼 돗칸배틀 제일복권 뽑기",
        "description": "#홍성오빠 #인형뽑기 #제일복권 #이치방쿠지\n구독😍좋아요👍댓글💬 감사합니다!\n정기후원 👍 http://bitly.kr/L40QdmkV\n인스타그램 👍 https://www.instagram.com/hongseongobba/\n페이스북 👍 https://www.facebook.com/hongseongobba/ \n카카오톡 😀 홍성오빠 유튜브 오픈채팅방 official (인형뽑기)\n문의 📧 cafe_therapy@naver.com (촬영, 창업컨설팅, 스폰)\n택배 🚚 서울특별시 성동구 성수이로20길 16 JK타워 8층, 트레져헌터 (홍성오빠)\n만나는 곳 🙋‍♂️ 충청남도 홍성군 홍성읍 조양로205번길 67, 뽑기가 안되면 홍성스쿨\n\n♫intro music : Urban Fashion (from. envato elements)\n♫outro music : Hip Hop Chill and Swag 85 (from. envato elements)",
        "thumbnail": "https://i.ytimg.com/vi/3_YDqWqjJBo/mqdefault.jpg",
        "youtubeVideoId": "3_YDqWqjJBo",
        "uploadedDate": "2020-03-08T21:51:49Z",
        "viewCount": 13624,
        "isCommercial": "False"
    },
    {
        "id": "dc1dde56-ed4a-454a-866b-2d18488a936f",
        "title": "[LIVE] 비오는 날 갬성돋는 인형뽑기 가봐요 (예산-덕산-해미-서산)",
        "description": "구독😍좋아요👍댓글💬 감사합니다!\n정기후원 👍 http://bitly.kr/L40QdmkV\n인스타그램 👍 https://www.instagram.com/hongseongobba/\n페이스북 👍 https://www.facebook.com/hongseongobba/ \n카카오톡 😀 홍성오빠 유튜브 오픈채팅방 official (인형뽑기)\n문의 📧 cafe_therapy@naver.com (촬영, 창업컨설팅, 스폰)\n택배 🚚 서울특별시 성동구 성수이로20길 16 JK타워 8층, 트레져헌터 (홍성오빠)\n만나는 곳 🙋‍♂️ 충청남도 홍성군 홍성읍 조양로205번길 67, 뽑기가 안되면 홍성스쿨\n\n♫intro music : Urban Fashion (from. envato elements)\n♫outro music : Hip Hop Chill and Swag 85 (from. envato elements)\n\n#인형뽑기 #홍성오빠 #홍성유튜버",
        "thumbnail": "https://i.ytimg.com/vi/FY6OaOgvI8g/mqdefault.jpg",
        "youtubeVideoId": "FY6OaOgvI8g",
        "uploadedDate": "2020-03-08T21:51:49Z",
        "viewCount": 8242,
        "isCommercial": "False"
    },
    {
        "id": "8e65d413-a595-4869-9e65-91fb34996133",
        "title": "[LIVE] 새벽 뽑기 같이가요!!ㅋㅋ (덕산으로 가즈아)",
        "description": "구독😍좋아요👍댓글💬 감사합니다!\n정기후원 👍 http://bitly.kr/L40QdmkV\n인스타그램 👍 https://www.instagram.com/hongseongobba/\n페이스북 👍 https://www.facebook.com/hongseongobba/ \n카카오톡 😀 홍성오빠 유튜브 오픈채팅방 official (인형뽑기)\n문의 📧 cafe_therapy@naver.com (촬영, 창업컨설팅, 스폰)\n택배 🚚 서울특별시 성동구 성수이로20길 16 JK타워 8층, 트레져헌터 (홍성오빠)\n만나는 곳 🙋‍♂️ 충청남도 홍성군 홍성읍 조양로205번길 67, 뽑기가 안되면 홍성스쿨\n\n♫intro music : Urban Fashion (from. envato elements)\n♫outro music : Hip Hop Chill and Swag 85 (from. envato elements)\n\n#인형뽑기 #홍성오빠 #홍성유튜버",
        "thumbnail": "https://i.ytimg.com/vi/y6wzs_put8w/mqdefault.jpg",
        "youtubeVideoId": "y6wzs_put8w",
        "uploadedDate": "2020-03-08T21:51:49Z",
        "viewCount": 9756,
        "isCommercial": "False"
    },
    {
        "id": "77ced9c8-a59d-48e1-8ba3-01dc0582528c",
        "title": "[LIVE] 새벽 뽑기 같이나가요!!ㅋㅋ (홍성, 예산, 서산)",
        "description": "구독😍좋아요👍댓글💬 감사합니다!\n정기후원 👍 http://bitly.kr/L40QdmkV\n인스타그램 👍 https://www.instagram.com/hongseongobba/\n페이스북 👍 https://www.facebook.com/hongseongobba/ \n카카오톡 😀 홍성오빠 유튜브 오픈채팅방 official (인형뽑기)\n문의 📧 cafe_therapy@naver.com (촬영, 창업컨설팅, 스폰)\n택배 🚚 서울특별시 성동구 성수이로20길 16 JK타워 8층, 트레져헌터 (홍성오빠)\n만나는 곳 🙋‍♂️ 충청남도 홍성군 홍성읍 조양로205번길 67, 뽑기가 안되면 홍성스쿨\n\n♫intro music : Urban Fashion (from. envato elements)\n♫outro music : Hip Hop Chill and Swag 85 (from. envato elements)\n\n#인형뽑기 #홍성오빠 #홍성유튜버",
        "thumbnail": "https://i.ytimg.com/vi/32QAssiQYRo/mqdefault.jpg",
        "youtubeVideoId": "32QAssiQYRo",
        "uploadedDate": "2020-03-08T21:51:49Z",
        "viewCount": 3340,
        "isCommercial": "False"
    },
    {
        "id": "f0658e33-fdac-4da9-ad9e-953e0e6845cc",
        "title": "[LIVE] 제주앞바다 모닝 힐링 방송 (바다소리, 새소리)",
        "description": "구독😍좋아요👍댓글💬 감사합니다!\n정기후원 👍 http://bitly.kr/L40QdmkV\n인스타그램 👍 https://www.instagram.com/hongseongobba/\n페이스북 👍 https://www.facebook.com/hongseongobba/ \n카카오톡 😀 홍성오빠 유튜브 오픈채팅방 official (인형뽑기)\n문의 📧 cafe_therapy@naver.com (촬영, 창업컨설팅, 스폰)\n택배 🚚 서울특별시 성동구 성수이로20길 16 JK타워 8층, 트레져헌터 (홍성오빠)\n만나는 곳 🙋‍♂️ 충청남도 홍성군 홍성읍 조양로205번길 67, 뽑기가 안되면 홍성스쿨\n\n♫intro music : Urban Fashion (from. envato elements)\n♫outro music : Hip Hop Chill and Swag 85 (from. envato elements)\n\n#인형뽑기 #홍성오빠 #홍성유튜버",
        "thumbnail": "https://i.ytimg.com/vi/EZXahLjcxVg/mqdefault.jpg",
        "youtubeVideoId": "EZXahLjcxVg",
        "uploadedDate": "2020-03-08T21:51:49Z",
        "viewCount": 702,
        "isCommercial": "False"
    },
    {
        "id": "c70ef37f-8206-4bc3-bd24-a4cf1a4c9dad",
        "title": "[LIVE] 공기좋은 제주도에서 고기꿉는먹방",
        "description": "구독😍좋아요👍댓글💬 감사합니다!\n정기후원 👍 http://bitly.kr/L40QdmkV\n인스타그램 👍 https://www.instagram.com/hongseongobba/\n페이스북 👍 https://www.facebook.com/hongseongobba/ \n카카오톡 😀 홍성오빠 유튜브 오픈채팅방 official (인형뽑기)\n문의 📧 cafe_therapy@naver.com (촬영, 창업컨설팅, 스폰)\n택배 🚚 서울특별시 성동구 성수이로20길 16 JK타워 8층, 트레져헌터 (홍성오빠)\n만나는 곳 🙋‍♂️ 충청남도 홍성군 홍성읍 조양로205번길 67, 뽑기가 안되면 홍성스쿨\n\n♫intro music : Urban Fashion (from. envato elements)\n♫outro music : Hip Hop Chill and Swag 85 (from. envato elements)\n\n#인형뽑기 #홍성오빠 #홍성유튜버",
        "thumbnail": "https://i.ytimg.com/vi/ulRm6WMjumE/mqdefault.jpg",
        "youtubeVideoId": "ulRm6WMjumE",
        "uploadedDate": "2020-03-08T21:51:49Z",
        "viewCount": 1836,
        "isCommercial": "False"
    },
    {
        "id": "171b4b6c-4d6a-4162-9f36-33e64d4f42a6",
        "title": "[LIVE] 국제전자센터에서 제일복권 100만원어치 뽑기! 한 판에 5만원짜리 뽑기 도전",
        "description": "구독😍좋아요👍댓글💬 감사합니다!\n정기후원 👍 http://bitly.kr/L40QdmkV\n인스타그램 👍 https://www.instagram.com/hongseongobba/\n페이스북 👍 https://www.facebook.com/hongseongobba/ \n카카오톡 😀 홍성오빠 유튜브 오픈채팅방 official (인형뽑기)\n문의 📧 cafe_therapy@naver.com (촬영, 창업컨설팅, 스폰)\n택배 🚚 서울특별시 성동구 성수이로20길 16 JK타워 8층, 트레져헌터 (홍성오빠)\n만나는 곳 🙋‍♂️ 충청남도 홍성군 홍성읍 조양로205번길 67, 뽑기가 안되면 홍성스쿨\n\n♫intro music : Urban Fashion (from. envato elements)\n♫outro music : Hip Hop Chill and Swag 85 (from. envato elements)\n\n#인형뽑기 #홍성오빠 #홍성유튜버",
        "thumbnail": "https://i.ytimg.com/vi/uVEs0Lsa16M/mqdefault.jpg",
        "youtubeVideoId": "uVEs0Lsa16M",
        "uploadedDate": "2020-03-08T21:51:49Z",
        "viewCount": 23037,
        "isCommercial": "False"
    },
    {
        "id": "181e4b4b-656e-4e2e-b016-54f9cc3dbcfd",
        "title": "[LIVE] 홍성스쿨 매장 세팅하면서 소통해요!!",
        "description": "구독😍좋아요👍댓글💬 감사합니다!\n정기후원 👍 http://bitly.kr/L40QdmkV\n인스타그램 👍 https://www.instagram.com/hongseongobba/\n페이스북 👍 https://www.facebook.com/hongseongobba/ \n카카오톡 😀 홍성오빠 유튜브 오픈채팅방 official (인형뽑기)\n문의 📧 cafe_therapy@naver.com (촬영, 창업컨설팅, 스폰)\n택배 🚚 서울특별시 성동구 성수이로20길 16 JK타워 8층, 트레져헌터 (홍성오빠)\n만나는 곳 🙋‍♂️ 충청남도 홍성군 홍성읍 조양로205번길 67, 뽑기가 안되면 홍성스쿨\n\n♫intro music : Urban Fashion (from. envato elements)\n♫outro music : Hip Hop Chill and Swag 85 (from. envato elements)\n\n#인형뽑기 #홍성오빠 #홍성유튜버",
        "thumbnail": "https://i.ytimg.com/vi/k5jymBwojuw/mqdefault.jpg",
        "youtubeVideoId": "k5jymBwojuw",
        "uploadedDate": "2020-03-08T21:51:49Z",
        "viewCount": 7882,
        "isCommercial": "False"
    },
    {
        "id": "6bc50409-526f-4464-b4c5-f951b3d35647",
        "title": "[LIVE] 홍성스쿨 3호점 개업식에 왔습니다!",
        "description": "구독😍좋아요👍댓글💬 감사합니다!\n정기후원 👍 http://bitly.kr/L40QdmkV\n인스타그램 👍 https://www.instagram.com/hongseongobba/\n페이스북 👍 https://www.facebook.com/hongseongobba/ \n카카오톡 😀 홍성오빠 유튜브 오픈채팅방 official (인형뽑기)\n문의 📧 cafe_therapy@naver.com (촬영, 창업컨설팅, 스폰)\n택배 🚚 서울특별시 성동구 성수이로20길 16 JK타워 8층, 트레져헌터 (홍성오빠)\n만나는 곳 🙋‍♂️ 충청남도 홍성군 홍성읍 조양로205번길 67, 뽑기가 안되면 홍성스쿨\n\n♫intro music : Urban Fashion (from. envato elements)\n♫outro music : Hip Hop Chill and Swag 85 (from. envato elements)\n\n#인형뽑기 #홍성오빠 #홍성유튜버",
        "thumbnail": "https://i.ytimg.com/vi/HcZa2i3lT3M/mqdefault.jpg",
        "youtubeVideoId": "HcZa2i3lT3M",
        "uploadedDate": "2020-03-08T21:51:49Z",
        "viewCount": 0,
        "isCommercial": "False"
    },
    {
        "id": "f2ef9ef4-f470-4ef6-8419-b1478584d397",
        "title": "홍성스쿨에서 인형뽑기대회해요!",
        "description": "홍성스쿨배 인형뽑기대회가 열려요!!\n\n7월 28일 인형뽑기대회 예선전 참가신청(사전등록)\nhttps://tinyurl.com/y7bamj95\n(위 링크로 이동하셔서 잘 읽어보시고 참가신청 해 주시면 됩니다!!^^)\n문의 : 홍성스쿨 밴드 https://band.us/band/66526056\n\n충남 홍성군 홍성읍 조양로205번길 67",
        "thumbnail": "https://i.ytimg.com/vi/R2oZozdbYM0/mqdefault.jpg",
        "youtubeVideoId": "R2oZozdbYM0",
        "uploadedDate": "2020-03-08T21:51:49Z",
        "viewCount": 0,
        "isCommercial": "False"
    },
    {
        "id": "2bf5049c-e707-41ac-82c6-f1976885246f",
        "title": "일본 사이타마 기네스에 오른 세계최대규모 뽑기방 '에브리데이'에서 뽑기생방송",
        "description": "** 일본 사이타마 기네스에 오른 세계최대규모 뽑기방 '에브리데이'에서 뽑기생방송\n\r\n인스타그램 ▶ https://www.instagram.com/hongseongobba/\r\n페이스북 ▶ https://www.facebook.com/hongseongobba/ \r\n카카오톡 ▶ 친구검색에서 '홍성오빠' 검색 후 친구추가\r\n\r\n소통하는 뽑기방송!! 많은 구독 및 좋아요 눌러주시면 매일 재미있는 뽑기영상 보실 수 있습니다!^^",
        "thumbnail": "https://i.ytimg.com/vi/ghoGXxNdzsE/mqdefault.jpg",
        "youtubeVideoId": "ghoGXxNdzsE",
        "uploadedDate": "2020-03-08T21:51:49Z",
        "viewCount": 0,
        "isCommercial": "False"
    },
    {
        "id": "6af57cdb-5f9c-469c-aa65-1bc4875714fb",
        "title": "[LIVE] CJ E&M 다이아TV 인형뽑기의 신 3회 생방송 - 홍성오빠 타이틀 방어전 생중계",
        "description": "[LIVE] CJ E&M 다이아TV 인형뽑기의 신 3회 생방송 - 홍성오빠 타이틀 방어전 생중계",
        "thumbnail": "https://i.ytimg.com/vi/rH19Y5tGfHc/mqdefault.jpg",
        "youtubeVideoId": "rH19Y5tGfHc",
        "uploadedDate": "2020-03-08T21:51:49Z",
        "viewCount": 0,
        "isCommercial": "False"
    },
    {
        "id": "13ea4e21-d14b-4a38-b422-e4db92e668c1",
        "title": "[LIVE] CJ E&M 다이아TV 인형뽑기의 신 2회 생방송 - 홍성오빠 타이틀 방어전 생중계",
        "description": "[LIVE] CJ E&M 다이아TV 인형뽑기의 신 2회 생방송 - 홍성오빠 타이틀 방어전 생중계",
        "thumbnail": "https://i.ytimg.com/vi/yDNv8Q6z8uA/mqdefault.jpg",
        "youtubeVideoId": "yDNv8Q6z8uA",
        "uploadedDate": "2020-03-08T21:51:49Z",
        "viewCount": 0,
        "isCommercial": "False"
    },
    {
        "id": "48b2afc6-ec06-4fbc-8cbb-af1a7d5bc417",
        "title": "하나대장군 산본 네일샵 실시간 네일아트 방송, 캐릭터 추천받습니다. (20170429)",
        "description": "",
        "thumbnail": "https://i.ytimg.com/vi/FfhAaNPpGKo/mqdefault.jpg",
        "youtubeVideoId": "FfhAaNPpGKo",
        "uploadedDate": "2020-03-08T21:51:49Z",
        "viewCount": 0,
        "isCommercial": "False"
    },
    {
        "id": "cc4487af-ae83-4d6b-a760-38734ad0e787",
        "title": "생일 10분 남았다, 생일기념 소통 할래요? (인형뽑기X)  (2017/04/23)",
        "description": "** 매일 평일 오후 5시, 주말 및 공휴일 오후 2시 업로드 **\n인스타그램 ▶ https://www.instagram.com/hongseongobba/\n페이스북 ▶ https://www.facebook.com/hongseongobba/ \n카카오톡 ▶ 친구검색에서 '홍성오빠' 검색 후 친구추가\n\n소통하는 뽑기방송!! 많은 구독 및 좋아요 눌러주시면 매일 재미있는 뽑기영상 보실 수 있습니다!^",
        "thumbnail": "https://i.ytimg.com/vi/wIF-g1IrwrA/mqdefault.jpg",
        "youtubeVideoId": "wIF-g1IrwrA",
        "uploadedDate": "2020-03-08T21:51:49Z",
        "viewCount": 0,
        "isCommercial": "False"
    },
    {
        "id": "cdc955f2-464a-4528-ae99-c273e21db9c8",
        "title": "갤럭시8+ 개통기념 인형뽑기 생방송 (20170419)",
        "description": "갤럭시8+ 개통기념 인형뽑기 생방송 (20170419)",
        "thumbnail": "https://i.ytimg.com/vi/MLb-7-hRgX0/mqdefault.jpg",
        "youtubeVideoId": "MLb-7-hRgX0",
        "uploadedDate": "2020-03-08T21:51:49Z",
        "viewCount": 0,
        "isCommercial": "False"
    },
    {
        "id": "d29426b4-683c-4353-91e7-b03bec999a9a",
        "title": "서울 상암동 가는중.. 뽑기방 제보받습니다",
        "description": "",
        "thumbnail": "https://i.ytimg.com/vi/GvJDUWyL94s/mqdefault.jpg",
        "youtubeVideoId": "GvJDUWyL94s",
        "uploadedDate": "2020-03-08T21:51:49Z",
        "viewCount": 0,
        "isCommercial": "False"
    },
    {
        "id": "3ede6fd0-f8ac-46e0-8497-adec2ec69d67",
        "title": "한 달만에  라디오 소통방송 (인형뽑기x)20170326",
        "description": "",
        "thumbnail": "https://i.ytimg.com/vi/2jE8VlwD9ks/mqdefault.jpg",
        "youtubeVideoId": "2jE8VlwD9ks",
        "uploadedDate": "2020-03-08T21:51:49Z",
        "viewCount": 0,
        "isCommercial": "False"
    },
    {
        "id": "9fa49c0e-0a0d-4075-ba92-dbf567d1d83e",
        "title": "대전 가는 길.. 제보 받기위한 잠깐 생방송",
        "description": "** 매일 평일 오후 5시, 주말 및 공휴일 오후 2시 업로드 **\r\n인스타그램 ▶ https://www.instagram.com/hongseongobba/\r\n페이스북 ▶ https://www.facebook.com/hongseongobba/ \r\n카카오톡 ▶ 친구검색에서 '홍성오빠' 검색 후 친구추가\r\n\r\n소통하는 뽑기방송!! 많은 구독 및 좋아요 눌러주시면 매일 재미있는 뽑기영상 보실 수 있습니다!^^",
        "thumbnail": "https://i.ytimg.com/vi/C2Z_K08nLtk/mqdefault.jpg",
        "youtubeVideoId": "C2Z_K08nLtk",
        "uploadedDate": "2020-03-08T21:51:49Z",
        "viewCount": 0,
        "isCommercial": "False"
    },
    {
        "id": "d3306813-371b-436a-8791-54742e220f00",
        "title": "인형뽑기 크리에이터 7인  모임 생방송 (홍성오빠, 고니두욘몬, 경자TV, 인뽑하는호씨, 인형뽑는챠우, 메이ZONE, 하나의인형뽑기)",
        "description": "안형뽑기 크리에이터 7인  모임 생방송\nwith CameraFi Live",
        "thumbnail": "https://i.ytimg.com/vi/eriNT8s7ugM/mqdefault.jpg",
        "youtubeVideoId": "eriNT8s7ugM",
        "uploadedDate": "2020-03-08T21:51:49Z",
        "viewCount": 0,
        "isCommercial": "False"
    },
    {
        "id": "4f416e43-3b8a-4b17-99b2-b6de5d26037f",
        "title": "SBS 뉴스 인형뽑기 조작 논란에 대한 홍성오빠의 생각 라디오 썰토크 생방송 (2017/02/23)",
        "description": "** 매일 평일 오후 5시, 주말 및 공휴일 오후 2시 업로드 **\n인스타그램 ▶ https://www.instagram.com/hongseongobba/\n페이스북 ▶ https://www.facebook.com/hongseongobba/ \n카카오톡 ▶ 친구검색에서 '홍성오빠' 검색 후 친구추가\n\n소통하는 뽑기방송!! 많은 구독 및 좋아요 눌러주시면 매일 재미있는 뽑기영상 보실 수 있습니다!^",
        "thumbnail": "https://i.ytimg.com/vi/N70MSY2VzJY/mqdefault.jpg",
        "youtubeVideoId": "N70MSY2VzJY",
        "uploadedDate": "2020-03-08T21:51:49Z",
        "viewCount": 0,
        "isCommercial": "False"
    },
    {
        "id": "90369b87-f5c9-46c1-9fd9-39cc50abbab4",
        "title": "홍성 뽀끼뽀끼 라이브 인형뽑기  17/2/18",
        "description": "",
        "thumbnail": "https://i.ytimg.com/vi/cSChM-8dmF0/mqdefault.jpg",
        "youtubeVideoId": "cSChM-8dmF0",
        "uploadedDate": "2020-03-08T21:51:49Z",
        "viewCount": 0,
        "isCommercial": "False"
    },
    {
        "id": "18bce030-19c8-4d03-a344-3d2aa754714f",
        "title": "홍성 뽀끼뽀끼 라이브 인형뽑기  17/2/17",
        "description": "",
        "thumbnail": "https://i.ytimg.com/vi/hKPANr6hURc/mqdefault.jpg",
        "youtubeVideoId": "hKPANr6hURc",
        "uploadedDate": "2020-03-08T21:52:45Z",
        "viewCount": 0,
        "isCommercial": "False"
    },
    {
        "id": "d7880175-cfe3-4007-8fdf-26591979e65e",
        "title": "홍성오빠의 새벽 소통 후 생방송 인형뽑기",
        "description": "",
        "thumbnail": "https://i.ytimg.com/vi/_JFjuB22png/mqdefault.jpg",
        "youtubeVideoId": "_JFjuB22png",
        "uploadedDate": "2020-03-08T21:52:45Z",
        "viewCount": 0,
        "isCommercial": "False"
    },
    {
        "id": "15ac1f5a-5962-4f48-8b0f-e631236a3c39",
        "title": "아아 마이크테스트 소통 라디오 생방송 (2016/12/05)",
        "description": "** 매일 평일 오후 5시, 주말 및 공휴일 오후 2시 업로드 **\n인스타그램 ▶ https://www.instagram.com/hongseongobba/\n페이스북 ▶ https://www.facebook.com/hongseongobba/ \n카카오톡 ▶ 친구검색에서 '홍성오빠' 검색 후 친구추가\n\n소통하는 뽑기방송!! 많은 구독 및 좋아요 눌러주시면 매일 재미있는 뽑기영상 보실 수 있습니다!^^",
        "thumbnail": "https://i.ytimg.com/vi/PmGUKFA6-14/mqdefault.jpg",
        "youtubeVideoId": "PmGUKFA6-14",
        "uploadedDate": "2020-03-08T21:52:45Z",
        "viewCount": 0,
        "isCommercial": "False"
    },
    {
        "id": "3b25737b-b985-45ae-b52d-00e8745a58d2",
        "title": "홍성오빠 일요인형뽑기 생방송! 꾹오리 멸망전 - 꾹TV님 헌정 인형뽑기 (2016/11/27, 홍성 뽀끼뽀끼)",
        "description": "홍성오빠 꾹오리 일요뽑기 생방송  (2016/11/27)\nwith CameraFi Live",
        "thumbnail": "https://i.ytimg.com/vi/JN4zv8nv7cw/mqdefault.jpg",
        "youtubeVideoId": "JN4zv8nv7cw",
        "uploadedDate": "2020-03-08T21:52:45Z",
        "viewCount": 0,
        "isCommercial": "False"
    },
    {
        "id": "dc1ab7fb-7d86-491a-b45b-4e1cd78d8c04",
        "title": "홍성오빠의 인형뽑기 생방송 (2016/11/22, 홍성 뽀끼뽀끼)",
        "description": "** 매일 평일 오후 5시, 주말 및 공휴일 오후 2시 업로드 **\n인스타그램 ▶ https://www.instagram.com/hongseongobba/\n페이스북 ▶ https://www.facebook.com/hongseongobba/ \n카카오톡 ▶ 친구검색에서 '홍성오빠' 검색 후 친구추가\n\n소통하는 뽑기방송!! 많은 구독 및 좋아요 눌러주시면 매일 재미있는 뽑기영상 보실 수 있습니다!^^",
        "thumbnail": "https://i.ytimg.com/vi/ryk_rji9btU/mqdefault.jpg",
        "youtubeVideoId": "ryk_rji9btU",
        "uploadedDate": "2020-03-08T21:52:45Z",
        "viewCount": 0,
        "isCommercial": "False"
    },
    {
        "id": "63c958c9-1f32-4fd7-9539-4c136d64038a",
        "title": "Private video",
        "description": "This video is private.",
        "thumbnail": null,
        "youtubeVideoId": "Nq-Yg5S5Sbs",
        "uploadedDate": "2020-03-08T21:52:45Z",
        "viewCount": 0,
        "isCommercial": "False"
    },
    {
        "id": "6019d50d-548c-49b4-9a65-c455a6e94770",
        "title": "Private video",
        "description": "This video is private.",
        "thumbnail": null,
        "youtubeVideoId": "x407ZhVUSXs",
        "uploadedDate": "2020-03-08T21:51:49Z",
        "viewCount": 0,
        "isCommercial": "False"
    },
    {
        "id": "82fa8542-d452-4901-8447-ab26e3471d11",
        "title": "Private video",
        "description": "This video is private.",
        "thumbnail": null,
        "youtubeVideoId": "5cTlKB0Cvlk",
        "uploadedDate": "2020-03-08T21:51:49Z",
        "viewCount": 0,
        "isCommercial": "False"
    }
]