[
    {
        "id": "bb8204bf-d192-42c8-9ccc-9671507c920e",
        "title": "투명인간이되어 친구를 괴롭히다!!  투명인간 상황극 제 1화 [ 마인크래프트 스토리 상황극 ] Minecraft",
        "description": "아프리카 주소 ㄱ\nafreeca.com/azsxdcff\n생방 5시반, 11시반",
        "thumbnail": "https://i.ytimg.com/vi/iPSwnP9F1eQ/mqdefault.jpg",
        "youtubeVideoId": "iPSwnP9F1eQ",
        "uploadedDate": "2016-09-29T22:14:26Z",
        "viewCount": 0,
        "isCommercial": "False"
    },
    {
        "id": "698e77ec-cf58-4561-85a0-b5520bd74ea1",
        "title": "투명인간이 되어 여탕에서 무슨짓을..!? 야함주의 투명인간 상황극 제 2화 [ 마인크래프트 스토리 상황극 ] Minecraft",
        "description": "아프리카 주소 ㄱ\nafreeca.com/azsxdcff\n생방 5시반, 11시반",
        "thumbnail": "https://i.ytimg.com/vi/XoUaLq8xjPc/mqdefault.jpg",
        "youtubeVideoId": "XoUaLq8xjPc",
        "uploadedDate": "2016-10-13T07:02:05Z",
        "viewCount": 0,
        "isCommercial": "False"
    },
    {
        "id": "0bf975bb-4e15-430b-bc7e-1028cc40d424",
        "title": "투명인간이 되어 대저택 은행 금고를 털다!?!? 투명인간 상황극 제 3화 [ 마인크래프트 스토리 상황극 ] Minecraft",
        "description": "아프리카 주소 ㄱ\nafreeca.com/azsxdcff\n생방 5시반, 11시반",
        "thumbnail": "https://i.ytimg.com/vi/vOGq1HRxsWs/mqdefault.jpg",
        "youtubeVideoId": "vOGq1HRxsWs",
        "uploadedDate": "2016-10-20T06:57:27Z",
        "viewCount": 0,
        "isCommercial": "False"
    }
]