[
    {
        "id": "80804326-d31c-46f3-8395-c0e306739e38",
        "title": "게임 속 '악당'으로 환생한 여주인공이 사이다 제대로 보여주는 애니(개꿀잼)",
        "description": "애니제목 : 악역 영애이기 때문에 최종보스를 길러보았습니다\n1화 무료보기 - https://vo.la/RiUyDi\n라프텔에서 시청하실 수 있습니다!\n\n덕양소 인스타그램: https://www.instagram.com/dukyangso/\n\n문의 및 팬아트 : yyyjhong7@naver.com\n\n덕양소에게 선물하기 - https://vo.la/YppfP\n\n편집자: 다희님\n\n사용된 bgm\n🎵Music provided by 브금대통령\n🎵Track : Love Affair in Budapest - https://youtu.be/Uhoa-0MU2Xg\n🎵Track : 인생의 회전초밥 - https://youtu.be/0H-nSaK53iI \n🎵Track : 사랑의 서약 - https://youtu.be/vVgiRCLFerw \n🎵Track : A Boring Day - https://youtu.be/RJNakI_wb5U \n\n#덕양소 #애니리뷰 #애니추천",
        "thumbnail": "https://i.ytimg.com/vi/uuMJJK3kS1E/mqdefault.jpg",
        "youtubeVideoId": "uuMJJK3kS1E",
        "uploadedDate": "2022-11-06T09:59:36Z",
        "viewCount": 81947,
        "isCommercial": "False"
    }
]