[
    {
        "id": "fdab82d4-f786-41ba-9d22-7b11bb8e6ff8",
        "title": "여기가 바로.. 지옥인가..?  [24시간 방송 2부]",
        "description": "#24시간방송 #2부 #알트에프포\n◇비즈니스 문의 : kimfriendshiping@gmail.com\n\n◆우정잉 팬카페 http://cafe.daum.net/ingsfriend\n◆트위치 생방송 https://www.twitch.tv/nanajam777 \n◆인스타그램 https://www.instagram.com/friendshiping94",
        "thumbnail": "https://i.ytimg.com/vi/JAB6nyPH19o/mqdefault.jpg",
        "youtubeVideoId": "JAB6nyPH19o",
        "uploadedDate": "2021-05-12T10:32:55Z",
        "viewCount": 90122,
        "isCommercial": "False"
    },
    {
        "id": "a70d2643-3a13-4925-bbba-09029fb25ab9",
        "title": "인간은.. 같은 실수를 반복한다.. [24시간 방송 1부]",
        "description": "#24시간방송 #우정나라 #땅분양\n◇비즈니스 문의 : kimfriendshiping@gmail.com\n\n◆우정잉 팬카페 http://cafe.daum.net/ingsfriend\n◆트위치 생방송 https://www.twitch.tv/nanajam777 \n◆인스타그램 https://www.instagram.com/friendshiping94",
        "thumbnail": "https://i.ytimg.com/vi/46OqudSurFU/mqdefault.jpg",
        "youtubeVideoId": "46OqudSurFU",
        "uploadedDate": "2021-05-12T10:32:55Z",
        "viewCount": 90817,
        "isCommercial": "False"
    },
    {
        "id": "83b570e6-d835-453c-83da-e10e101908c1",
        "title": "그녀가 잠시 잠든 그 시간의 CCTV 기록.. [24시간 방송 3부]",
        "description": "#24시간방송 #3부 #세계최초3분할잠방 #CCTV #잠방송 #눕방\n※ 영상에 문제가 있어 수정 후 재업로드했습니다 😥\n\n◇비즈니스 문의 : kimfriendshiping@gmail.com\n\n◆우정잉 팬카페 http://cafe.daum.net/ingsfriend\n◆트위치 생방송 https://www.twitch.tv/nanajam777 \n◆인스타그램 https://www.instagram.com/friendshiping94",
        "thumbnail": "https://i.ytimg.com/vi/ZI3bXouaa6o/mqdefault.jpg",
        "youtubeVideoId": "ZI3bXouaa6o",
        "uploadedDate": "2021-05-12T10:53:09Z",
        "viewCount": 73317,
        "isCommercial": "False"
    },
    {
        "id": "34734bff-8ddc-47ca-84c8-74d8fe7898fa",
        "title": "이거 완전 미친 사람이네.. [24시간 방송 4부]",
        "description": "#24시간방송 #4부 #왈칵 #감동 #토크하이라이트\n◇비즈니스 문의 : kimfriendshiping@gmail.com\n\n◆우정잉 팬카페 http://cafe.daum.net/ingsfriend\n◆트위치 생방송 https://www.twitch.tv/nanajam777 \n◆인스타그램 https://www.instagram.com/friendshiping94",
        "thumbnail": "https://i.ytimg.com/vi/f3p1m_ifVDo/mqdefault.jpg",
        "youtubeVideoId": "f3p1m_ifVDo",
        "uploadedDate": "2021-05-16T09:40:15Z",
        "viewCount": 70603,
        "isCommercial": "False"
    }
]