[
    {
        "id": "3d12dec2-2af3-4f9f-90cb-c6063ba615b0",
        "title": "혼종공룡 끝판왕 쥬라기월드 인도미누스 샀어요",
        "description": "프라임1스튜디오 쥬라기월드 인도미누스 렉스 공룡피규어 리뷰입니다.\n영화 속 하이브리드 공룡과 안킬로사우루스 초식공룡 베이스까지 대단히 멋지네요. 소장각\n\n#히히튜브",
        "thumbnail": "https://i.ytimg.com/vi/8pPSp2PGU5Q/mqdefault.jpg",
        "youtubeVideoId": "8pPSp2PGU5Q",
        "uploadedDate": "2022-04-20T17:02:48Z",
        "viewCount": 37979,
        "isCommercial": "False"
    },
    {
        "id": "93dac031-000a-4fc2-9b3c-3cf490d97882",
        "title": "100만원짜리 인도랩터 피규어 질렀습니다. 쥬라기월드2 폴른킹덤 영화속 그 장면 꿀잼리뷰. prime1studio indoraptor | 히히튜브",
        "description": "프라임원스튜디오에서 나온 인도랩터 꿀잼 리뷰입니다.\n쥬라기월드3 도미니언이 2021년에 개봉한다니 그때도 새로운 피규어 나오겠죠? 이 제품의 정식 명칭은 아래와 같습니다.\nprime1studio indoraptor (jurassic world 2)\n영상 초반에 짧게 dino stopmotion 블루 넣어봄\n\n#히히튜브 구독 : https://goo.gl/s688oP",
        "thumbnail": "https://i.ytimg.com/vi/CJeJGzoHDZ8/mqdefault.jpg",
        "youtubeVideoId": "CJeJGzoHDZ8",
        "uploadedDate": "2022-04-20T17:03:07Z",
        "viewCount": 630778,
        "isCommercial": "False"
    }
]