[
    {
        "id": "f6aabac7-7913-44e0-a5ba-81f4befe5e9a",
        "title": "Private video",
        "description": "This video is private.",
        "thumbnail": null,
        "youtubeVideoId": "hWg8DssnsSI",
        "uploadedDate": "2020-08-22T18:10:30Z",
        "viewCount": 0,
        "isCommercial": "False"
    },
    {
        "id": "5e1b25fe-cc05-4576-bdb5-ce21fc08fbfb",
        "title": "Private video",
        "description": "This video is private.",
        "thumbnail": null,
        "youtubeVideoId": "hfCJm6JC1gI",
        "uploadedDate": "2020-08-22T18:12:47Z",
        "viewCount": 0,
        "isCommercial": "False"
    },
    {
        "id": "5270fd15-befe-46fc-8015-b15e5f369efe",
        "title": "오버워치 경쟁전 돌리다가 멘탈 터져서 노래부르는 더빙레이디",
        "description": "점수는.. 1700대입니다...\n늘 골드는 가뿐하게 찍었는데 이상하게 이번 시즌은 왜...\n아니 그것보다 왜 우리 아군이 브리핑할땐 1도 말 없던 애들이\n내가 펭쉰짓하니까 불쑥불쑥 나오는건지 거 참\n\n\n더빙레이디 방송국 http://www.afreecatv.com/tinkerblond\n더빙레이디 트위치 https://www.twitch.tv/tinkerblond\n더빙레이디 페북 https://www.facebook.com/dubbinglady123",
        "thumbnail": "https://i.ytimg.com/vi/TW9b5lwdp-w/mqdefault.jpg",
        "youtubeVideoId": "TW9b5lwdp-w",
        "uploadedDate": "2020-08-22T18:15:01Z",
        "viewCount": 0,
        "isCommercial": "False"
    },
    {
        "id": "8576ca7d-132f-4787-a73d-d7d6f7710917",
        "title": "오버워치 눔바니 맵에서 하염없이 ' 얄롤리~ ' 거려보았다.",
        "description": "얄롤리~~~~~~~",
        "thumbnail": "https://i.ytimg.com/vi/DrF7hoCYklo/mqdefault.jpg",
        "youtubeVideoId": "DrF7hoCYklo",
        "uploadedDate": "2020-08-22T18:16:03Z",
        "viewCount": 0,
        "isCommercial": "False"
    },
    {
        "id": "00d24c15-9bbf-43f0-970d-f57817dcf6ef",
        "title": "Private video",
        "description": "This video is private.",
        "thumbnail": null,
        "youtubeVideoId": "iZa7sjPNvHQ",
        "uploadedDate": "2020-08-22T18:17:40Z",
        "viewCount": 0,
        "isCommercial": "False"
    },
    {
        "id": "e6bc16e6-877f-4200-b8d7-54935bd84619",
        "title": "오버워치 심해에서 전체채팅으로 Alt+F4 낚시! 과연...?",
        "description": "날도 넘 덥고 \n옵치는 요새 넘 재미가 없어요 ㅠㅠ 헝헝\n\n\n더빙레이디 방송국 http://www.afreecatv.com/tinkerblond\n더빙레이디 트위치 https://www.twitch.tv/tinkerblond\n더빙레이디 페북 https://www.facebook.com/dubbinglady123",
        "thumbnail": "https://i.ytimg.com/vi/UX2OZdn_L_Q/mqdefault.jpg",
        "youtubeVideoId": "UX2OZdn_L_Q",
        "uploadedDate": "2020-08-22T18:19:08Z",
        "viewCount": 0,
        "isCommercial": "False"
    },
    {
        "id": "c7897110-7817-4ae5-85be-de567bf92783",
        "title": "노노노노노노노노노노노노노노노노노노노노노노 (with 놀꽃)",
        "description": "더빙레이디 트위치 https://www.twitch.tv/tinkerblond",
        "thumbnail": "https://i.ytimg.com/vi/vLZ1Emr7398/mqdefault.jpg",
        "youtubeVideoId": "vLZ1Emr7398",
        "uploadedDate": "2020-08-22T18:20:19Z",
        "viewCount": 0,
        "isCommercial": "False"
    },
    {
        "id": "9ab68fc8-c83f-469e-82fc-f14ec8910b03",
        "title": "오버워치에 원장선생님과 짱아가?! / 더빙레이디 컨셉워치",
        "description": "'멜로'님과 컨셉워치를 해보았습니다.\n멜로님 유튜브도 구독해주세요! https://www.youtube.com/channel/UCbs4W3lzsIIrqypPHRzU-GA\n\n\n더빙레이디 방송국 http://www.afreecatv.com/tinkerblond\n더빙레이디 트위치 https://www.twitch.tv/tinkerblond\n더빙레이디 페북 https://www.facebook.com/dubbinglady123",
        "thumbnail": "https://i.ytimg.com/vi/J2jiOgcowa0/mqdefault.jpg",
        "youtubeVideoId": "J2jiOgcowa0",
        "uploadedDate": "2020-08-22T18:20:34Z",
        "viewCount": 0,
        "isCommercial": "False"
    },
    {
        "id": "84164a6e-cd12-4562-83f4-7341c136d826",
        "title": "오버워치에서 만난 더빙레이디의 이상형",
        "description": "미녀꽃님께서 그려주신 예쁜 캐릭터로 썸네일 만들었지룽 :3\n후반 영상후원 원곡 출처 :  https://youtu.be/74tZ5jv2gWM\n\n\n더빙레이디 방송국 http://www.afreecatv.com/tinkerblond\n더빙레이디 트위치 https://www.twitch.tv/tinkerblond\n더빙레이디 페북 https://www.facebook.com/dubbinglady123",
        "thumbnail": "https://i.ytimg.com/vi/zAc81L1wdE8/mqdefault.jpg",
        "youtubeVideoId": "zAc81L1wdE8",
        "uploadedDate": "2020-08-22T18:22:06Z",
        "viewCount": 0,
        "isCommercial": "False"
    },
    {
        "id": "8e7b1ed0-0647-4914-8328-8bf4698a0e1f",
        "title": "Private video",
        "description": "This video is private.",
        "thumbnail": null,
        "youtubeVideoId": "nB7uqvRTUo0",
        "uploadedDate": "2020-08-22T18:22:33Z",
        "viewCount": 0,
        "isCommercial": "False"
    },
    {
        "id": "afca9b70-0470-4947-b838-d6f44950b6dc",
        "title": "콩콩콩콩콩콩콩콩콩콩콩콩콩콩콩콩콩콩콩콩콩콩",
        "description": "노노노에 이어서 콩콩콩콩콩콩콩콩콩콩콩콩콩콩\n\n\n\n더빙레이디 생방송(트위치) https://www.twitch.tv/tinkerblond\n더레에게 밥 사주는 방법 https://twip.kr/donate/tinkerblond\n더빙레이디 페북 https://www.facebook.com/dubbinglady123\n이메일 tinkerblond@naver.com",
        "thumbnail": "https://i.ytimg.com/vi/fcen3qSpDrM/mqdefault.jpg",
        "youtubeVideoId": "fcen3qSpDrM",
        "uploadedDate": "2020-08-22T18:24:39Z",
        "viewCount": 0,
        "isCommercial": "False"
    },
    {
        "id": "956bbc75-d742-4fe4-9396-48d318bcf638",
        "title": "[극혐주의] 경쟁전에서 패드립치는 초딩 5인큐를 만나다 (with 놀꽃)",
        "description": "요즘... 애들... 너무.... 무섭다....\n다신...... 만나지... 말..ㅈ...ㅏ......\n\n\n\n더빙레이디 생방송(트위치) https://www.twitch.tv/tinkerblond\n더레에게 밥 사주는 방법 https://twip.kr/donate/tinkerblond\n더빙레이디 페북 https://www.facebook.com/dubbinglady123\n이메일 tinkerblond@naver.com",
        "thumbnail": "https://i.ytimg.com/vi/G00Iob87qdI/mqdefault.jpg",
        "youtubeVideoId": "G00Iob87qdI",
        "uploadedDate": "2020-08-22T18:24:39Z",
        "viewCount": 0,
        "isCommercial": "False"
    },
    {
        "id": "bee420cc-c41a-44b8-8969-1305074c0139",
        "title": "오버워치에서 더빙레이디를 알아본 사람들의 반응은?!",
        "description": "다들 넘나 초 카와이~\n썸네일 오른쪽 위 작고 귀여운 일러스트는 죽순빵님이 그려주셨어용!\n\n\n\n더빙레이디 생방송(트위치) https://www.twitch.tv/tinkerblond\n더레에게 밥 사주는 방법 https://twip.kr/donate/tinkerblond\n더빙레이디 페북 https://www.facebook.com/dubbinglady123\n이메일 tinkerblond@naver.com",
        "thumbnail": "https://i.ytimg.com/vi/WcP_h4BkZvY/mqdefault.jpg",
        "youtubeVideoId": "WcP_h4BkZvY",
        "uploadedDate": "2020-08-22T18:29:39Z",
        "viewCount": 0,
        "isCommercial": "False"
    },
    {
        "id": "a77e5f11-fb32-47c6-8e4a-e72aabbd7176",
        "title": "오버워치 할로윈 상자깡 100개!! 믿을 수 없는 결과! 더빙레이디의 뽑기  운은~? (with 놀꽃)",
        "description": "버구님 ydm0824님 감사합니다! 영상 뽑았습니다!\n\n더빙레이디 생방송(트위치) https://www.twitch.tv/tinkerblond\n더레에게 밥 사주는 방법 https://twip.kr/donate/tinkerblond\n더빙레이디 페북 https://www.facebook.com/dubbinglady123\n이메일 tinkerblond@naver.com",
        "thumbnail": "https://i.ytimg.com/vi/tori1IjRiP8/mqdefault.jpg",
        "youtubeVideoId": "tori1IjRiP8",
        "uploadedDate": "2020-08-22T18:29:39Z",
        "viewCount": 0,
        "isCommercial": "False"
    },
    {
        "id": "ea89dd4b-f291-48be-89cc-a47d881c660c",
        "title": "오버워치에서 목소리만으로 더빙레이디를 알아본다!? 이제 완전 유명인이자너~",
        "description": "완전 인싸 다 됐자너~~~~~~~\n\n\n\n더빙레이디 생방송(트위치) https://www.twitch.tv/tinkerblond\n더레에게 밥 사주는 방법 https://twip.kr/donate/tinkerblond\n더빙레이디 페북 https://www.facebook.com/dubbinglady123\n이메일 tinkerblond@naver.com",
        "thumbnail": "https://i.ytimg.com/vi/Gzo8Jl1TEvs/mqdefault.jpg",
        "youtubeVideoId": "Gzo8Jl1TEvs",
        "uploadedDate": "2020-08-22T18:29:39Z",
        "viewCount": 0,
        "isCommercial": "False"
    },
    {
        "id": "d41e69de-514b-41ba-baae-119cdad325af",
        "title": "Private video",
        "description": "This video is private.",
        "thumbnail": null,
        "youtubeVideoId": "95wGhUKnXFI",
        "uploadedDate": "2020-08-22T18:29:39Z",
        "viewCount": 0,
        "isCommercial": "False"
    },
    {
        "id": "57751f75-0b41-4062-902f-9591c9551a62",
        "title": "오버워치 경쟁전에서 또 초딩을 만났다!? 너네 이 시간에 어떻게 게임하니?",
        "description": "카와이하니깐 봐주기로 합시다.\n\n\n더빙레이디 생방송(트위치) https://www.twitch.tv/tinkerblond\n더레에게 밥 사주는 방법 https://twip.kr/donate/tinkerblond\n더빙레이디 페북 https://www.facebook.com/dubbinglady123\n이메일 tinkerblond@naver.com",
        "thumbnail": "https://i.ytimg.com/vi/LFkWYQ1aWKY/mqdefault.jpg",
        "youtubeVideoId": "LFkWYQ1aWKY",
        "uploadedDate": "2020-08-22T18:29:39Z",
        "viewCount": 0,
        "isCommercial": "False"
    },
    {
        "id": "5abcf534-e8c5-4ecf-8a66-9fa6d23bf570",
        "title": "소름 주의! 남자?여자? 중성매력 크리에이터 로첼리와 오버워치!",
        "description": "로첼리 유튜브 https://www.youtube.com/channel/UC_nWnMfuizqJz0-SvaqaqPg\n\n\n\n더빙레이디 생방송(트위치) https://www.twitch.tv/tinkerblond\n더레에게 밥 사주는 방법 https://twip.kr/donate/tinkerblond\n더빙레이디 페북 https://www.facebook.com/dubbinglady123\n이메일 tinkerblond@naver.com",
        "thumbnail": "https://i.ytimg.com/vi/ql47KwVwzUw/mqdefault.jpg",
        "youtubeVideoId": "ql47KwVwzUw",
        "uploadedDate": "2020-08-22T18:30:44Z",
        "viewCount": 0,
        "isCommercial": "False"
    },
    {
        "id": "891aacfc-920c-44b9-a214-0b63945b978d",
        "title": "이보다 유쾌할 수 없다! 더빙레이디의 시즌7 배치고사! 그 결과는~?",
        "description": "난 게임을 너무 잘 해 \n\n\n더빙레이디 생방송(트위치) https://www.twitch.tv/tinkerblond\n더레에게 밥 사주는 방법 https://twip.kr/donate/tinkerblond\n더빙레이디 페북 https://www.facebook.com/dubbinglady123\n이메일 tinkerblond@naver.com",
        "thumbnail": "https://i.ytimg.com/vi/nPru2Hb_DAg/mqdefault.jpg",
        "youtubeVideoId": "nPru2Hb_DAg",
        "uploadedDate": "2020-09-06T10:19:47Z",
        "viewCount": 0,
        "isCommercial": "False"
    },
    {
        "id": "657bd146-773e-4689-a795-d144b9695d15",
        "title": "오버워치 유튜버 최강자전(김재원x이녕x보물창고 주최) - 더빙레이디 하이라이트! (with 놀꽃)",
        "description": "(김재원x이녕x보물창고) 주최로 10월 29일 진행했었던 컨텐츠입니다.",
        "thumbnail": "https://i.ytimg.com/vi/M0vRbsWEDQE/mqdefault.jpg",
        "youtubeVideoId": "M0vRbsWEDQE",
        "uploadedDate": "2020-09-06T10:19:47Z",
        "viewCount": 0,
        "isCommercial": "False"
    },
    {
        "id": "757e6810-add3-4e3f-84f5-3a92389614b8",
        "title": "오버워치 심해 여왕 더빙레이디의 실버로 가는 머나먼 여정!",
        "description": "심해.. 여왕.. 브론즈.. 레이디...",
        "thumbnail": "https://i.ytimg.com/vi/42PX6d8Bk30/mqdefault.jpg",
        "youtubeVideoId": "42PX6d8Bk30",
        "uploadedDate": "2020-09-06T10:19:47Z",
        "viewCount": 0,
        "isCommercial": "False"
    },
    {
        "id": "bb36c6cb-a14a-44a6-8d31-75fca9251660",
        "title": "[클립] 완벽한 POTG......?",
        "description": "응.. 아니야..",
        "thumbnail": "https://i.ytimg.com/vi/R6t8DEPW88s/mqdefault.jpg",
        "youtubeVideoId": "R6t8DEPW88s",
        "uploadedDate": "2020-09-06T10:19:47Z",
        "viewCount": 0,
        "isCommercial": "False"
    },
    {
        "id": "b5bd9139-c3f8-4903-a1eb-ec43a56b8513",
        "title": "오버워치 1499점 실화냐? 실버가 너무 가고싶었던 더빙레이디.... (with 놀꽃)",
        "description": "켠 김에 실버까지!",
        "thumbnail": "https://i.ytimg.com/vi/IZjKM7QllyU/mqdefault.jpg",
        "youtubeVideoId": "IZjKM7QllyU",
        "uploadedDate": "2020-09-06T10:19:47Z",
        "viewCount": 0,
        "isCommercial": "False"
    },
    {
        "id": "a5088e69-b5ac-46b2-a74e-c9a9652145c3",
        "title": "Private video",
        "description": "This video is private.",
        "thumbnail": null,
        "youtubeVideoId": "LMlGwRJ51Ls",
        "uploadedDate": "2020-09-06T10:19:47Z",
        "viewCount": 0,
        "isCommercial": "False"
    },
    {
        "id": "aa18d0be-8c48-4fc5-82b7-24ed699f5400",
        "title": "Private video",
        "description": "This video is private.",
        "thumbnail": null,
        "youtubeVideoId": "8CvLKYnu8io",
        "uploadedDate": "2020-09-06T10:19:47Z",
        "viewCount": 0,
        "isCommercial": "False"
    },
    {
        "id": "95935d4c-8916-4cdc-9d7c-560c8f4dd350",
        "title": "현실의 솜브라에게 해킹당했다!? 캐릭터가 혼자서 막 움직여!!!",
        "description": "",
        "thumbnail": "https://i.ytimg.com/vi/HYGGgebtkMQ/mqdefault.jpg",
        "youtubeVideoId": "HYGGgebtkMQ",
        "uploadedDate": "2020-09-06T10:19:47Z",
        "viewCount": 0,
        "isCommercial": "False"
    },
    {
        "id": "d22583d1-33be-477e-b8b7-bfc8dde36ca7",
        "title": "더빙레이디의 음주워치 - 이거 완전 개판이네? (with 놀꽃)",
        "description": "18-19 지스타에서 만나요!\n\n\n♥ 더빙레이디 Live : https://www.twitch.tv/tinkerblond\n♥ 비즈니스 메일 : tinkerblond@naver.com\n♥ 더빙레이디 후원하기 : https://twip.kr/donate/tinkerblond\n\n♥ 구독&좋아요는 사랑입니다 ♥",
        "thumbnail": "https://i.ytimg.com/vi/ETSpPds07Gs/mqdefault.jpg",
        "youtubeVideoId": "ETSpPds07Gs",
        "uploadedDate": "2020-09-06T10:19:47Z",
        "viewCount": 0,
        "isCommercial": "False"
    },
    {
        "id": "df38a356-9ab1-4a88-a214-4887184e7fc5",
        "title": "정크랫 플레이하다가 팀원으로부터 신고 협박을 받았습니다... (+Badmouth)",
        "description": "제목 어그로 ㅈㅅㅈㅅ\n\n\n♥ 더빙레이디 Live : https://www.twitch.tv/tinkerblond\n♥ 비즈니스 메일 : tinkerblond@naver.com\n♥ 더빙레이디 후원하기 : https://twip.kr/donate/tinkerblond\n\n♥ 구독&좋아요는 사랑입니다 ♥",
        "thumbnail": "https://i.ytimg.com/vi/ffP24fYJe4I/mqdefault.jpg",
        "youtubeVideoId": "ffP24fYJe4I",
        "uploadedDate": "2020-09-06T10:19:47Z",
        "viewCount": 0,
        "isCommercial": "False"
    },
    {
        "id": "e9783d7b-894f-48e3-a86c-88f7a74444bd",
        "title": "Private video",
        "description": "This video is private.",
        "thumbnail": null,
        "youtubeVideoId": "UDRnR6_q5Js",
        "uploadedDate": "2020-09-06T10:30:02Z",
        "viewCount": 0,
        "isCommercial": "False"
    },
    {
        "id": "de14e6c1-5d34-4ccc-abcc-e999a1fef71a",
        "title": "헐 방금 본섭에 메르시 신스킨 나왔는데 개예쁨 [더빙레이디]",
        "description": "재밌게 보셨다면 구독&좋아요&알림설정(필수ㅠㅠ) 부탁드려요!\n\n♥ 더빙레이디 Live : https://www.twitch.tv/tinkerblond\n♥ 더빙레이디 팬카페 : http://cafe.naver.com/dbevent\n♥ 비즈니스 메일 : tinkerblond@naver.com\n♥ 더빙레이디 후원하기 : https://twip.kr/donate/tinkerblond",
        "thumbnail": "https://i.ytimg.com/vi/1LC7OMlrvNQ/mqdefault.jpg",
        "youtubeVideoId": "1LC7OMlrvNQ",
        "uploadedDate": "2020-09-06T10:30:02Z",
        "viewCount": 0,
        "isCommercial": "False"
    },
    {
        "id": "6473fae1-3b74-435f-b470-5a83f2a18151",
        "title": "블리자드... 정말 너무합니다...!!! 오버워치 사설방 체험 후기 [더빙레이디]",
        "description": "♥ 더빙레이디 Live : https://www.twitch.tv/tinkerblond\n♥ 더빙레이디 팬카페 : http://cafe.naver.com/dbevent\n♥ 비즈니스 메일 : tinkerblond@naver.com\n♥ 더빙레이디 후원하기 : https://twip.kr/donate/tinkerblond\n\n♥ 구독&좋아요는 사랑입니다 ♥",
        "thumbnail": "https://i.ytimg.com/vi/kuPM1KPNwJk/mqdefault.jpg",
        "youtubeVideoId": "kuPM1KPNwJk",
        "uploadedDate": "2020-09-06T10:30:02Z",
        "viewCount": 0,
        "isCommercial": "False"
    },
    {
        "id": "7d3260e2-7b1e-4b07-8b9c-52e597835120",
        "title": "오버워치 할 맛 안 난다... [더빙레이디]",
        "description": "♥ 더빙레이디 Live : https://www.twitch.tv/tinkerblond\n♥ 더빙레이디 팬카페 : http://cafe.naver.com/dbevent\n♥ 비즈니스 메일 : tinkerblond@naver.com\n♥ 더빙레이디 후원하기 : https://twip.kr/donate/tinkerblond\n\n♥ 구독&좋아요는 사랑입니다 ♥",
        "thumbnail": "https://i.ytimg.com/vi/t95quA2_fN0/mqdefault.jpg",
        "youtubeVideoId": "t95quA2_fN0",
        "uploadedDate": "2020-09-06T10:30:02Z",
        "viewCount": 0,
        "isCommercial": "False"
    },
    {
        "id": "19209ad4-3b86-4d05-9a1e-98b3b9bcf010",
        "title": "오랜만에 오버워치에서 또라이를 만났습니다ㅋㅋㅋ [더빙레이디]",
        "description": "♥ 더빙레이디 Live : https://www.twitch.tv/tinkerblond\n♥ 더빙레이디 팬카페 : http://cafe.naver.com/dbevent\n♥ 비즈니스 메일 : tinkerblond@naver.com\n♥ 더빙레이디 후원하기 : https://twip.kr/donate/tinkerblond\n\n♥ 구독&좋아요는 사랑입니다 ♥",
        "thumbnail": "https://i.ytimg.com/vi/y_v47Ri1Lm4/mqdefault.jpg",
        "youtubeVideoId": "y_v47Ri1Lm4",
        "uploadedDate": "2020-09-06T10:30:02Z",
        "viewCount": 0,
        "isCommercial": "False"
    },
    {
        "id": "9870e93c-412e-4029-9bd1-080d2cccdc09",
        "title": "Private video",
        "description": "This video is private.",
        "thumbnail": null,
        "youtubeVideoId": "gEh0JTIN_rg",
        "uploadedDate": "2020-09-06T10:34:53Z",
        "viewCount": 0,
        "isCommercial": "False"
    },
    {
        "id": "005cdbb1-9aea-4054-a88f-2e02f07c40b3",
        "title": "맥크리 밸런스 붕괴패치... 탄창이 20발로 늘어났다구요? ! (with 놀꽃)",
        "description": "재밌게 보셨다면 구독&좋아요&알림설정(필수ㅠㅠ) 부탁드려요!\n\n♥ 더빙레이디 Live : https://www.twitch.tv/tinkerblond\n♥ 더빙레이디 팬카페 : http://cafe.naver.com/dbevent\n♥ 비즈니스 메일 : tinkerblond@naver.com\n♥ 더빙레이디 후원하기 : https://twip.kr/donate/tinkerblond",
        "thumbnail": "https://i.ytimg.com/vi/6FnUIXJWN_g/mqdefault.jpg",
        "youtubeVideoId": "6FnUIXJWN_g",
        "uploadedDate": "2020-09-06T10:34:53Z",
        "viewCount": 0,
        "isCommercial": "False"
    },
    {
        "id": "4563a792-4463-4892-b160-85728b28cb75",
        "title": "2주년 감사제 상자깡 무려 150개!? 과연 전설스킨은 몇개나 나올까? [OVERWATCH]",
        "description": "재밌게 보셨다면 구독&좋아요&알림설정(필수ㅠㅠ) 부탁드려요!\n\n♥ 더빙레이디 Live : https://www.twitch.tv/tinkerblond\n♥ 더빙레이디 팬카페 : http://cafe.naver.com/dbevent\n♥ 비즈니스 메일 : tinkerblond@naver.com\n♥ 더빙레이디 후원하기 : https://twip.kr/donate/tinkerblond",
        "thumbnail": "https://i.ytimg.com/vi/MldaDV0WvTE/mqdefault.jpg",
        "youtubeVideoId": "MldaDV0WvTE",
        "uploadedDate": "2020-09-06T10:34:53Z",
        "viewCount": 0,
        "isCommercial": "False"
    },
    {
        "id": "a23358bc-8e7c-4252-b7f4-a32a06a4e30e",
        "title": "[오버워치] 실버로 강등 시 10만원을 드립니다! 설마 내려가겠어?",
        "description": "재밌게 보셨다면 구독&좋아요&알림설정(필수ㅠㅠ) 부탁드려요!\n\n\n#10만원 #문상이벤트 #오버워치\n♥ 더빙레이디 Live : https://www.twitch.tv/tinkerblond\n♥ 더빙레이디 팬카페 : http://cafe.naver.com/dbevent\n♥ 비즈니스 메일 : tinkerblond@naver.com\n♥ 더빙레이디 후원하기 : https://twip.kr/donate/tinkerblond",
        "thumbnail": "https://i.ytimg.com/vi/EHTnFX44noQ/mqdefault.jpg",
        "youtubeVideoId": "EHTnFX44noQ",
        "uploadedDate": "2020-09-06T10:34:53Z",
        "viewCount": 0,
        "isCommercial": "False"
    },
    {
        "id": "98d3763a-9c98-4981-87b6-770ab5746cc9",
        "title": "팀보이스에서 귀엽게 '치즈김밥♥' 을 외친다면? (with 놀꽃)",
        "description": "재밌게 보셨다면 구독&좋아요&알림설정(필수ㅠㅠ) 부탁드려요!\n\n#컨셉워치 #치즈김밥 #오버워치\n\n♥ 더빙레이디 Live : https://www.twitch.tv/tinkerblond\n♥ 더빙레이디 팬카페 : http://cafe.naver.com/dbevent\n♥ 비즈니스 메일 : tinkerblond@naver.com\n♥ 더빙레이디 후원하기 : https://twip.kr/donate/tinkerblond",
        "thumbnail": "https://i.ytimg.com/vi/GLcIoDX0A0Q/mqdefault.jpg",
        "youtubeVideoId": "GLcIoDX0A0Q",
        "uploadedDate": "2020-09-06T10:34:53Z",
        "viewCount": 0,
        "isCommercial": "False"
    },
    {
        "id": "f4a015a5-dbc9-41e1-9fc7-29cf7a1c90b9",
        "title": "555시간만에 플래티넘으로 승급... 실화냐~?",
        "description": "재밌게 보셨다면 구독&좋아요&알림설정(필수ㅠㅠ) 부탁드려요!\n\n♥ 더빙레이디 Live : https://www.twitch.tv/tinkerblond\n♥ 더빙레이디 팬카페 : http://cafe.naver.com/dbevent\n♥ 비즈니스 메일 : tinkerblond@naver.com\n♥ 더빙레이디 후원하기 : https://twip.kr/donate/tinkerblond",
        "thumbnail": "https://i.ytimg.com/vi/jBmyT58b4V4/mqdefault.jpg",
        "youtubeVideoId": "jBmyT58b4V4",
        "uploadedDate": "2020-09-06T10:34:53Z",
        "viewCount": 0,
        "isCommercial": "False"
    },
    {
        "id": "ce636c14-4215-4598-8d16-4f327a0a4eb0",
        "title": "2018 오버워치 팬 페스티벌 스트리머 대전 더빙레이디 하이라이트!",
        "description": "내일이나 모레 쯤 오버워치 팬 페스티벌 현장에서 촬영한 VLOG도 업로드 될 예정이에요!\n\n♥ 더빙레이디 Live : https://www.twitch.tv/tinkerblond\n♥ 더빙레이디 팬카페 : http://cafe.naver.com/dbevent\n♥ 비즈니스 메일 : tinkerblond@naver.com\n♥ 더빙레이디 후원하기 : https://twip.kr/donate/tinkerblond",
        "thumbnail": "https://i.ytimg.com/vi/ouBQyJbckxU/mqdefault.jpg",
        "youtubeVideoId": "ouBQyJbckxU",
        "uploadedDate": "2020-09-06T10:34:53Z",
        "viewCount": 0,
        "isCommercial": "False"
    },
    {
        "id": "e4c7d67f-8220-4d8b-afa2-761bf8e3c621",
        "title": "[VLOG] 2018 다이아 페스티벌 (with 놀꽃)에서 캐리하고 왔습니다 ^^ㅋㅋㅋ",
        "description": "재밌게 보셨다면 구독&좋아요&알림설정(필수ㅠㅠ) 부탁드려요!\n이 영상은 DIA의 제작 지원을 받았습니다!\n\n♥ 더빙레이디 Live : https://www.twitch.tv/tinkerblond\n♥ 더빙레이디 팬카페 : http://cafe.naver.com/dbevent\n♥ 비즈니스 메일 : tinkerblond@naver.com\n♥ 더빙레이디 후원하기 : https://twip.kr/donate/tinkerblond",
        "thumbnail": "https://i.ytimg.com/vi/I4UtOtR50sA/mqdefault.jpg",
        "youtubeVideoId": "I4UtOtR50sA",
        "uploadedDate": "2020-09-06T10:44:48Z",
        "viewCount": 0,
        "isCommercial": "False"
    },
    {
        "id": "939ca12c-aa76-4891-b5e2-db1e405abee9",
        "title": "오버워치 팬 페스티벌! 이번엔 진짜 캐리하고 왔습니다 ㅎ^^(with 놀꽃)",
        "description": "재밌게 보셨다면 구독&좋아요&알림설정(필수ㅠㅠ) 부탁드려요!\n\n♥ 더빙레이디 Live : https://www.twitch.tv/tinkerblond\n♥ 더빙레이디 팬카페 : http://cafe.naver.com/dbevent\n♥ 비즈니스 메일 : tinkerblond@naver.com\n♥ 더빙레이디 후원하기 : https://twip.kr/donate/tinkerblond",
        "thumbnail": "https://i.ytimg.com/vi/TDV_EddbtQY/mqdefault.jpg",
        "youtubeVideoId": "TDV_EddbtQY",
        "uploadedDate": "2020-09-06T10:44:48Z",
        "viewCount": 0,
        "isCommercial": "False"
    },
    {
        "id": "d72051aa-bae0-4903-aa30-a080c1e92ca3",
        "title": "오빠! 내 위도우메이커 실력 볼래?  o.(+･`ω･+).o",
        "description": "트위치에서 '더빙레이디'를 검색하면 \n생방송을 볼 수 있다구! d( ･ω´･+) \n\n비즈니스 이메일 : tinkerblond@naver.com\n팬카페 : cafe.naver.com/dbevent \n페이스북 : facebook.com/dubbinglady123 \n인스타그램 : instagram.com/tinkerblond \n트위터 : twitter.com/tinkerblond16 \n\n우리 스폰서 놀꽃 앱 다운로드 해주러 가기 : http://www.nolggot.com/market​",
        "thumbnail": "https://i.ytimg.com/vi/jwvkRJq5kus/mqdefault.jpg",
        "youtubeVideoId": "jwvkRJq5kus",
        "uploadedDate": "2020-09-06T10:44:48Z",
        "viewCount": 0,
        "isCommercial": "False"
    },
    {
        "id": "f286d755-78dd-42fc-b1a8-0ad48727e04a",
        "title": "서브힐러장인 루나에게 '아나'를 배우면 어떻게 될까?",
        "description": "트위치에서 '더빙레이디'를 검색하면 \n생방송을 볼 수 있다구! d( ･ω´･+) \n\n비즈니스 이메일 : tinkerblond@naver.com\n팬카페 : cafe.naver.com/dbevent \n페이스북 : facebook.com/dubbinglady123 \n인스타그램 : instagram.com/tinkerblond \n트위터 : twitter.com/tinkerblond16 \n\n우리 스폰서 놀꽃 앱 다운로드 해주러 가기 : http://www.nolggot.com/market​",
        "thumbnail": "https://i.ytimg.com/vi/YHJLw2bIw1w/mqdefault.jpg",
        "youtubeVideoId": "YHJLw2bIw1w",
        "uploadedDate": "2020-09-06T10:44:48Z",
        "viewCount": 0,
        "isCommercial": "False"
    },
    {
        "id": "0512eff0-4b74-4d6b-8e74-b4ef48821d67",
        "title": "오버워치 부캐 만들 건데 딜러 잘할 것 같은 닉네임 추천좀~",
        "description": "트위치에서 '더빙레이디'를 검색하면 \n생방송을 볼 수 있다구! d( ･ω´･+) \n\n비즈니스 이메일 : tinkerblond@naver.com\n팬카페 : cafe.naver.com/dbevent \n페이스북 : facebook.com/dubbinglady123 \n인스타그램 : instagram.com/tinkerblond \n트위터 : twitter.com/tinkerblond16 \n\n우리 스폰서 놀꽃 앱 다운로드 해주러 가기 : http://www.nolggot.com/market​",
        "thumbnail": "https://i.ytimg.com/vi/dN5OMBq1mOs/mqdefault.jpg",
        "youtubeVideoId": "dN5OMBq1mOs",
        "uploadedDate": "2020-09-06T10:44:48Z",
        "viewCount": 0,
        "isCommercial": "False"
    },
    {
        "id": "fe72eabc-fdfa-4dd7-b813-8bee0968bb37",
        "title": "오버워치 부캐로 게임하면 생기는 일ㅋㅋㅋ",
        "description": "트위치에서 '더빙레이디'를 검색하면 \n생방송을 볼 수 있다구! d( ･ω´･+) \n\n비즈니스 이메일 : tinkerblond@naver.com\n팬카페 : cafe.naver.com/dbevent \n페이스북 : facebook.com/dubbinglady123 \n인스타그램 : instagram.com/tinkerblond \n트위터 : twitter.com/tinkerblond16 \n\n우리 스폰서 놀꽃 앱 다운로드 해주러 가기 : http://www.nolggot.com/market​",
        "thumbnail": "https://i.ytimg.com/vi/xSZBz_62IXE/mqdefault.jpg",
        "youtubeVideoId": "xSZBz_62IXE",
        "uploadedDate": "2020-09-06T10:44:48Z",
        "viewCount": 0,
        "isCommercial": "False"
    },
    {
        "id": "0b05e513-0494-4861-a51c-419c37d744f0",
        "title": "[노래워치] 옆에서 고소한다는데 그러거나 말거나 노래 불러봤다 [헤이즈 - AND JULY]",
        "description": "트위치에서 '더빙레이디'를 검색하면 \n생방송을 볼 수 있다구! d( ･ω´･+) \n\n비즈니스 이메일 : tinkerblond@naver.com\n팬카페 : cafe.naver.com/dbevent \n페이스북 : facebook.com/dubbinglady123 \n인스타그램 : instagram.com/tinkerblond \n트위터 : twitter.com/tinkerblond16 \n\n우리 스폰서 놀꽃 앱 다운로드 해주러 가기 : http://www.nolggot.com/market​",
        "thumbnail": "https://i.ytimg.com/vi/WsUhQqQMGZA/mqdefault.jpg",
        "youtubeVideoId": "WsUhQqQMGZA",
        "uploadedDate": "2020-09-06T10:44:48Z",
        "viewCount": 0,
        "isCommercial": "False"
    },
    {
        "id": "cc5de71b-6534-4164-b016-a2f71985ac0d",
        "title": "[노래워치] 요즘 핫한 '고양이 소리를 따라해보자'를 불러보았다!ㅋㅋㅋ",
        "description": "가사는 '천랑'님의 가사를 참고했어요! \n\n비즈니스 이메일 : tinkerblond@naver.com\n팬카페 : cafe.naver.com/dbevent \n페이스북 : facebook.com/dubbinglady123 \n인스타그램 : instagram.com/tinkerblond \n트위터 : twitter.com/tinkerblond16 \n\n우리 스폰서 놀꽃 앱 다운로드 해주러 가기 : http://www.nolggot.com/market​",
        "thumbnail": "https://i.ytimg.com/vi/S9gSRjCqCPk/mqdefault.jpg",
        "youtubeVideoId": "S9gSRjCqCPk",
        "uploadedDate": "2020-09-06T10:44:48Z",
        "viewCount": 0,
        "isCommercial": "False"
    },
    {
        "id": "9c21f7db-a135-4a64-be9c-e202f5748ebd",
        "title": "요즘 애들이랑 게임하기 힘들죠? 오버워치에서 게임 안 하는 애들 데리고 이기는 방법!",
        "description": "트위치에서 '더빙레이디'를 검색하면 \n생방송을 볼 수 있다구! d( ･ω´･+) \n\n비즈니스 이메일 : tinkerblond@naver.com\n팬카페 : cafe.naver.com/dbevent \n페이스북 : facebook.com/dubbinglady123 \n인스타그램 : instagram.com/tinkerblond \n트위터 : twitter.com/tinkerblond16 \n\n우리 스폰서 놀꽃 앱 다운로드 해주러 가기 : http://www.nolggot.com/market​",
        "thumbnail": "https://i.ytimg.com/vi/IZB9nVmrZ3A/mqdefault.jpg",
        "youtubeVideoId": "IZB9nVmrZ3A",
        "uploadedDate": "2020-09-06T10:44:48Z",
        "viewCount": 0,
        "isCommercial": "False"
    },
    {
        "id": "f0f3cbf5-206c-40ea-9353-062d01657ab0",
        "title": "이게 경쟁전이야 빠른대전이야..? 오버워치 웃긴 유저들 모음ㅋㅋㅋ",
        "description": "트위치에서 '더빙레이디'를 검색하면 \n생방송을 볼 수 있다구! d( ･ω´･+) \n\n비즈니스 이메일 : tinkerblond@naver.com\n팬카페 : cafe.naver.com/dbevent \n페이스북 : facebook.com/dubbinglady123 \n인스타그램 : instagram.com/tinkerblond \n트위터 : twitter.com/tinkerblond16 \n\n우리 스폰서 놀꽃 앱 다운로드 해주러 가기 : http://www.nolggot.com/market​",
        "thumbnail": "https://i.ytimg.com/vi/DY6IUx3KyE0/mqdefault.jpg",
        "youtubeVideoId": "DY6IUx3KyE0",
        "uploadedDate": "2020-09-06T10:44:48Z",
        "viewCount": 0,
        "isCommercial": "False"
    }
]