[
    {
        "id": "4db6ff61-4399-4487-8e9b-6eb4185d0a74",
        "title": "미친 가성비 블루투스 스피커 JBL FLIP5! [FLIP5 vs FLIP4 vs BOSE Soundlink Mini2 소리 비교]",
        "description": "가성비 너무 좋은 블루투스 스피커! 기존에 FLIP4를 사용중이었지만 새로운 신상품이 나와서 업그레이드 할겸 구입해봤어요!\n휴대용으로도 좋고, 집에서 듣기에도 좋은 블루투스 스피커!\n\n#가성비블루투스스피커 #JBLFLIP5 #FLIP4 #soundlink_mini_4 #블루투스스피커\n------------------------------------------------------------------------------------------------------\n[Intro Music]\nMusic: Get Outside! - Jason Farnham: https://youtu.be/x1T6QFpd0J4\n[BGM]\nSong: Ikson - Paradise (Vlog No Copyright Music)\nMusic promoted by Vlog No Copyright Music.\nVideo Link: https://youtu.be/glMhD3EU46k\n[Test MUSIC 1]\nFunk City by Reatch https://soundcloud.com/reatch\nCreative Commons — Attribution 3.0 Unported— CC BY 3.0 \nFree Download / Stream: http://bit.ly/2RAKidX\n[Test MUSIC 2]\nSay Good Night by Joakim Karud https://soundcloud.com/joakimkarud\nCreative Commons — Attribution-ShareAlike 3.0 Unported— CC BY-SA 3.0 \nFree Download / Stream: http://bit.ly/2RzhBOn\n------------------------------------------------------------------------------------------------------\n안녕하세요\n IT 크리에이터 A.T.E입니다!\n\n여러분의 합리적인 소비를 위해 실속있는 리뷰를 하려고합니다~!\n항상 유용하고 재밌는 영상으로 찾아뵙겠습니다.\n구독과 좋아요 그리고 알림설정은 사랑입니다~\n\n메일문의 : itws8692@gmail.com\n인스타그램 : https://www.instagram.com/ate.youtube/\n------------------------------------------------------------------------------------------------------",
        "thumbnail": "https://i.ytimg.com/vi/HDwXvWZb8B0/mqdefault.jpg",
        "youtubeVideoId": "HDwXvWZb8B0",
        "uploadedDate": "2020-01-18T16:30:36Z",
        "viewCount": 0,
        "isCommercial": "False"
    },
    {
        "id": "d91fac27-d8f7-4f59-96fb-8f698af5d9ac",
        "title": "짝퉁이 9만원대? 역대급 정식(?)차이팟프로!! 음질 노이즈캔슬링 디자인 비교!",
        "description": "짝퉁이 9만원대? 역대급 정식(?)차이팟프로!! 음질 노이즈캔슬링 디자인 비교!\n\n3주나 기다려서 받은 에어팟프로 짝퉁인데 성능이... \n매우 속상하네요ㅠㅠㅠㅠ\n나름 가격이 좀 있어서 기대했는데 가격만 프로였네요\nㅎㅎㅎ휴ㅠㅠㅠㅠㅠㅠㅠ.\n\n\n#에어팟프로 #에어팟프로짝퉁 #차이팟프로\n------------------------------------------------------------------------------------------------------\nIntro Music\nMusic: Get Outside! - Jason Farnham: https://youtu.be/x1T6QFpd0J4\n\nEcho by Declan DP https://soundcloud.com/declandp\nLicensing Agreement: http://www.declandp.info/music-licensing\n------------------------------------------------------------------------------------------------------\n여러분의 합리적인 소비를 위해 실속있는 리뷰를 하려고합니다~!\n항상 유용하고 재밌는 영상으로 찾아뵙겠습니다.\n구독과 좋아요 그리고 알림설정은 사랑입니다~\n\n메일문의 : itws8692@gmail.com\n인스타그램 : https://www.instagram.com/ate.youtube/\n------------------------------------------------------------------------------------------------------",
        "thumbnail": "https://i.ytimg.com/vi/lHrYGysJtoA/mqdefault.jpg",
        "youtubeVideoId": "lHrYGysJtoA",
        "uploadedDate": "2020-01-18T16:30:36Z",
        "viewCount": 0,
        "isCommercial": "False"
    },
    {
        "id": "90f8a5e9-3f90-4084-b8f7-37d329c1a64d",
        "title": "에어팟프로 기본필수설정! /안드로이드에서 배터리확인 [노캔 설정/이름설정/페어링된 기기간 전환]",
        "description": "에어팟프로 기본설정/안드로이드에서 배터리확인 [노캔 설정/이름설정/연결가져오기]\n\n오늘은 에어팟프로 기본 필수설정에 대해서 말씀드리는데요,\n이름설정, 노이즈 컨트롤 설정부터 안드로이드에서 배터리 확인하는 법까지! 그리고 추가 꿀팁으로 연결해제 없이 페어링된 다른 기기로 바로 연결하는 방법! 가져왔습니다.\n+ 감기걸려서 목소리가 조금 안좋은데 양해부탁드릴게요!\n감기조심하세요~!\n\n\n#에어팟프로 #에어팟프로설정 #에어팟프로배터리확인 #안드로이드 #노이즈캔슬링 #노이즈수용 #에어팟프로페어링\n\n------------------------------------------------------------------------------------------------------\nIntro Music\nMusic: Get Outside! - Jason Farnham: https://youtu.be/x1T6QFpd0J4\n\nEcho by Declan DP https://soundcloud.com/declandp\nLicensing Agreement: http://www.declandp.info/music-licensing\nFree Download / Stream:  https://bit.ly/echo-declan-dp\nMusic promoted by Audio Library https://youtu.be/XBPsmJEvzzw\n\n------------------------------------------------------------------------------------------------------\n안녕하세요\n IT 크리에이터 A.T.E입니다!\n\n여러분의 합리적인 소비를 위해 실속있는 리뷰를 하려고합니다~!\n항상 유용하고 재밌는 영상으로 찾아뵙겠습니다.\n구독과 좋아요 그리고 알림설정은 사랑입니다~\n\n메일문의 : itws8692@gmail.com\n인스타그램 : https://www.instagram.com/ate.youtube/\n------------------------------------------------------------------------------------------------------",
        "thumbnail": "https://i.ytimg.com/vi/BTl_SoXogzI/mqdefault.jpg",
        "youtubeVideoId": "BTl_SoXogzI",
        "uploadedDate": "2020-01-18T16:30:36Z",
        "viewCount": 0,
        "isCommercial": "False"
    },
    {
        "id": "25a8f118-7310-4e21-a97b-847f7ead5606",
        "title": "들려? 안들려? 에어팟프로 노이즈캔슬링 체험 [노이즈캔슬링,노이즈수용/소니WF-1000XM3비교]",
        "description": "들려? 안들려? 에어팟프로 노이즈캔슬링 체험 [노이즈캔슬링,노이즈수용/소니WF-1000XM3비교]\n\n여러분들 직접 들려드리기위해 테스트를 준비해봤는데 완벽하지는 않지만 전반적으로\n에어팟 프로의 노이즈캔슬링은 이런식으로 되는구나, 이정도 효과가 있구나,\n노이즈 수용을 하면 이렇게 들리는구나 라고 감을 잡으실 수 있을 것 같아요!\n감사합니다~!\n\n#에어팟프로 #노이즈캔슬링체험 #airpodspro #노이즈캔슬링테스트 #노이즈캔슬링블루투스이어폰 #wf-1000xm3\n------------------------------------------------------------------------------------------------------\nIntro Music\nMusic: Get Outside! - Jason Farnham: https://youtu.be/x1T6QFpd0J4\n\nMusic: Bright Future - Silent Partner https://youtu.be/j-eUXXW95Rg\n\nEcho by Declan DP https://soundcloud.com/declandp\nLicensing Agreement: http://www.declandp.info/music-licensing\nFree Download / Stream:  https://bit.ly/echo-declan-dp\nMusic promoted by Audio Library https://youtu.be/XBPsmJEvzzw\n------------------------------------------------------------------------------------------------------\n안녕하세요\n IT 크리에이터 A.T.E입니다!\n\n여러분의 합리적인 소비를 위해 실속있는 리뷰를 하려고합니다~!\n항상 유용하고 재밌는 영상으로 찾아뵙겠습니다.\n구독과 좋아요 그리고 알림설정은 사랑입니다!\n\n메일문의 : itws8692@gmail.com\n인스타그램 : https://www.instagram.com/ate.youtube/\n------------------------------------------------------------------------------------------------------",
        "thumbnail": "https://i.ytimg.com/vi/XaYlU-Vj8lU/mqdefault.jpg",
        "youtubeVideoId": "XaYlU-Vj8lU",
        "uploadedDate": "2020-01-18T16:30:36Z",
        "viewCount": 0,
        "isCommercial": "False"
    },
    {
        "id": "21af2d6f-2a79-4494-9435-6fb28054be7f",
        "title": "에어팟프로 이정도면 가성비야!! 미친텐션!! [개봉기/노이즈캔슬링/노이즈수용/안드로이드/통화품질/음질/디자인]",
        "description": "이정도면 가성비야! 에어팟 프로 개봉기 [노이즈캔슬링/노이즈수용/안드로이드/디자인]\n\n장난없네요. 노캔보다 노이즈 수용이 더 대박이에요...ㄷㄷㄷ\n곧 있을 2만 이벤트 때 2등 상품으로 얘로 정했어요!!\n너무좋아서 드리고싶어요!!!\n구독 좋아요 알람 설정하고 곧 이벤트 때 봐요!!\n\n\n#에어팟프로 #리뷰 #언박싱 #구독자이벤트 #에어팟프로노이즈캔슬링 #에어팟프로안드로이드\n------------------------------------------------------------------------------------------------------\nIntro Music\nMusic: Get Outside! - Jason Farnham: https://youtu.be/x1T6QFpd0J4\nEcho by Declan DP https://soundcloud.com/declandp\nLicensing Agreement: http://www.declandp.info/music-licensing\nFree Download / Stream:  https://bit.ly/echo-declan-dp\nMusic promoted by Audio Library https://youtu.be/XBPsmJEvzzw\n------------------------------------------------------------------------------------------------------\n안녕하세요\n IT 크리에이터 A.T.E입니다!\n\n여러분의 합리적인 소비를 위해 실속있는 리뷰를 하려고합니다~!\n항상 유용하고 재밌는 영상으로 찾아뵙겠습니다.\n구독과 좋아요 그리고 알림설정은 사랑입니다~\n\n메일문의 : itws8692@gmail.com\n인스타그램 : https://www.instagram.com/ate.youtube/\n------------------------------------------------------------------------------------------------------",
        "thumbnail": "https://i.ytimg.com/vi/bycbKY0gQHQ/mqdefault.jpg",
        "youtubeVideoId": "bycbKY0gQHQ",
        "uploadedDate": "2020-01-18T16:30:36Z",
        "viewCount": 0,
        "isCommercial": "False"
    },
    {
        "id": "4b0c7525-ad99-4978-8efb-ffbac79c245e",
        "title": "자신있다! QCY T5 꼭 사야해요!! QCY T1 뛰어넘는 가성비!! [통화품질/레이턴시/음질/가성비/착용감]",
        "description": "자신있다! QCY T5 꼭 사야해요!! QCY T1 명성 잇는 가성비 블루투스 이어폰[통화품질/레이턴시/음질/가성비/착용감]\n\n지금까지 이렇게 강조했던 적은 없는데, 이번에는 QCY T1의 명성을 되찾지 않을까 싶네요!\n\n#QCYT5 #가성비블루투스이어폰 #QCYT1 #QCYT3\n\n------------------------------------------------------------------------------------------------------\nIntro Music\nMusic: Get Outside! - Jason Farnham: https://youtu.be/x1T6QFpd0J4\n\nBreeze by MBB https://soundcloud.com/mbbofficial\nCreative Commons — Attribution-ShareAlike 3.0 Unported  — CC BY-SA 3.0 \nhttp://creativecommons.org/licenses/b...\nMusic promoted by Audio Library https://youtu.be/YqRO_qgBB1c\n------------------------------------------------------------------------------------------------------\n안녕하세요\n IT 크리에이터 A.T.E입니다!\n\n여러분의 합리적인 소비를 위해 실속있는 리뷰를 하려고합니다~!\n항상 유용하고 재밌는 영상으로 찾아뵙겠습니다.\n구독과 좋아요 그리고 알림설정은 사랑입니다~\n\n메일문의 : itws8692@gmail.com\n인스타그램 : https://www.instagram.com/ate.youtube/\n------------------------------------------------------------------------------------------------------",
        "thumbnail": "https://i.ytimg.com/vi/B9YEefYRg2k/mqdefault.jpg",
        "youtubeVideoId": "B9YEefYRg2k",
        "uploadedDate": "2020-01-18T16:30:36Z",
        "viewCount": 0,
        "isCommercial": "False"
    },
    {
        "id": "74c9a97c-e6f7-438d-8220-6b877aee5a24",
        "title": "에어팟 손절각!! 오픈형 블루투스 이어폰 Sabbat X12 PRO! 10일 사용후기 (통화품질비교/디자인/가성비)",
        "description": "오픈형 코드리스 이어폰하면 에어팟이 먼저 떠오르죠?\n대부분 커널형(인이어) 이어폰으로 나오기 때문에 오픈형에서는 선택권이 많이 없습니다.ㅠㅠ\n저도 오픈형을 좋아하는 유저이기 때문에 가성비로 소문난 이친구를 구입해 봤는데요, 정말 좋네요.\n\n중간에 통화품질 직접 들어보시면서 판단해보세요.\n제 주관적인 생각은 통화도 쓸만 한거같네요!\n\n\n------------------------------------------------------------------------------------------------------\nIntro Music\nMusic: Get Outside! - Jason Farnham: https://youtu.be/x1T6QFpd0J4\n\nLicense\nBreeze by MBB https://soundcloud.com/mbbofficial\nCreative Commons — Attribution-ShareAlike 3.0 Unported  — CC BY-SA 3.0 \nhttp://creativecommons.org/licenses/b...\nMusic promoted by Audio Library https://youtu.be/YqRO_qgBB1c\n–––\nFantastic by MBB https://soundcloud.com/mbbofficial\nCreative Commons — Attribution-ShareAlike 3.0 Unported  — CC BY-SA 3.0 \nhttp://creativecommons.org/licenses/b...\nMusic promoted by Audio Library https://youtu.be/YqRO_qgBB1c\n–––\nFresh by MBB https://soundcloud.com/mbbofficial\nCreative Commons — Attribution-ShareAlike 3.0 Unported  — CC BY-SA 3.0 \nhttp://creativecommons.org/licenses/b...\nMusic promoted by Audio Library https://youtu.be/YqRO_qgBB1c \n------------------------------------------------------------------------------------------------------\n안녕하세요\n IT 크리에이터 A.T.E입니다!\n\n여러분의 합리적인 소비를 위해 실속있는 리뷰를 하려고합니다~!\n항상 유용하고 재밌는 영상으로 찾아뵙겠습니다.\n구독과 좋아요 그리고 알림설정은 사랑입니다~\n\n메일문의 : itws8692@gmail.com\n인스타그램 : https://www.instagram.com/ate.youtube/\n------------------------------------------------------------------------------------------------------",
        "thumbnail": "https://i.ytimg.com/vi/uze2ri20zBs/mqdefault.jpg",
        "youtubeVideoId": "uze2ri20zBs",
        "uploadedDate": "2020-01-18T16:30:36Z",
        "viewCount": 0,
        "isCommercial": "False"
    },
    {
        "id": "075cd92d-a929-4865-8869-4616165cf4f3",
        "title": "Private video",
        "description": "This video is private.",
        "thumbnail": null,
        "youtubeVideoId": "Mxx8p3ZlhWA",
        "uploadedDate": "2020-01-18T16:30:36Z",
        "viewCount": 0,
        "isCommercial": "False"
    },
    {
        "id": "702b469e-f352-4832-bdba-c2d870dc33f3",
        "title": "혹시 여러분도 그래요? 갤럭시 버즈플러스 개봉기/사용기 [구성품 오류/버즈 비교/디자인/통화품질/음질]",
        "description": "혹시 여러분도 그래요? 갤럭시 버즈플러스 개봉기/사용기 [버즈 비교/디자인/통화품질/음질]\n\n#갤럭시버즈플러스 #버즈+ #갤럭시\n\n사전구매로 받았는데 구성품에 이어팁 짝이 안맞네요ㅠㅠ\n저는 L사이즈 사용자라 다행이지만,\n다른분들이라면 화가 많이 날 상황이겠네요.\n빨리 사용해보려고 사전예약을 한건데ㅠㅠ\n\n\n\n\n+) 더보기를 읽으신분이 몇분계실지 모르지만,\n편집스타일을 좀 타이트하게 시도중인데, 어떤것같나요??\nDM으로 살짝 알려주시면 도움이 될것같아요!\n\n------------------------------------------------------------------------------------------------------\n안사면 0원 사면 영원!\n항상 유용하고 재밌는 영상으로 찾아뵙겠습니다.\n구독과 좋아요 그리고 알림설정은 사랑입니다~\n* 인스타그램 : https://www.instagram.com/ate.youtube/\n* 구독하기 : https://bit.ly/37a8qvP\n* 문의 메일 : itws8692@gmail.com",
        "thumbnail": "https://i.ytimg.com/vi/H2Gq1kzPB34/mqdefault.jpg",
        "youtubeVideoId": "H2Gq1kzPB34",
        "uploadedDate": "2020-02-23T07:37:17Z",
        "viewCount": 0,
        "isCommercial": "False"
    },
    {
        "id": "35082c6d-5b74-4a7b-afac-b8587cb38282",
        "title": "이가격에 노이즈캔슬링까지 넣는다고? 음질 끝판왕. AKG N400",
        "description": "*협찬 : 본 영상은 Harman International로부터 제품 대여 및 원고료를 지원받아 제작되었습니다.\n\n20만원 초반대에 액티브 노이즈 캔슬링까지!!\n음질적으로 풍부해지고,\n액티브 노이즈 캔슬링까지 탑재된 바로 그 제품!\nAKG N400 1주일 사용기 리뷰입니다!\n8.2mm 드라이버 탑재로 중저음부가 굉장히 풍부한게 특징이에요!\n\n#AKG_N400 #노이즈캔슬링이어폰 #블루투스이어폰\n\n안사면 0원 사면 영원!\n유용한 꿀팁/설정, 핫한 아이템, 신박한 물건, 최신 기기 리뷰의 모든 것!\n* 구독하기 : https://bit.ly/37a8qvP\n* (비즈니스) itws8692@gmail.com\n* (일상/소통)인스타그램 : https://www.instagram.com/ate.youtube/",
        "thumbnail": "https://i.ytimg.com/vi/VpGb0C6xXpg/mqdefault.jpg",
        "youtubeVideoId": "VpGb0C6xXpg",
        "uploadedDate": "2020-04-13T09:10:15Z",
        "viewCount": 0,
        "isCommercial": "False"
    },
    {
        "id": "95dfdf2f-b1fa-424c-88af-4a14e9e2b903",
        "title": "\"내가 이랬다고?\" 에어팟 버즈 쓸때 나만 몰랐던 실수! 커널형 vs 오픈형 뭐가 더 안전!?",
        "description": "#에어팟프로 #갤럭시버즈+ #커널형 #오픈형 이어폰\n\n커널형 이어폰을 사용할때 나도모르게 발음이 뭉개질 것과\n커널형 오픈형 중에서 어떤게 더 청각 보호에 유리할지 알려드려요!\n\n\n*협찬 : 해당영상은 협찬사항 없습니다.\n\n안사면 0원 사면 영원!\n유용한 꿀팁/설정, 핫한 아이템, 신박한 물건, 최신 기기 리뷰의 모든 것!\n\n* 구독하기 : https://bit.ly/37a8qvP\n* (비즈니스) itws8692@gmail.com\n* (일상/소통)인스타그램 : https://www.instagram.com/ate.youtube/",
        "thumbnail": "https://i.ytimg.com/vi/Z2bd9XVSKoQ/mqdefault.jpg",
        "youtubeVideoId": "Z2bd9XVSKoQ",
        "uploadedDate": "2020-06-24T09:34:20Z",
        "viewCount": 0,
        "isCommercial": "False"
    },
    {
        "id": "95c063c6-1e3d-46e3-9f13-b7f1d3edf3bf",
        "title": "LG 톤 프리가 복병이 되다니! 언박싱, 디자인, 음질, 통화품질 리뷰",
        "description": "*협찬 : 이 영상은 LG전자로부터 소정의 제작비와 함께 리뷰용 제품을 무상 제공받아 제작했습니다.\n\nLG Tone Free 리뷰입니다!\n언박싱 개봉기부터 음질, 통화품질까지\n며칠동안 사용해본 후기인데요.\n(의미없을) 정가는 199,000원으로 나왔지만, 출시 후에는 오픈마켓에서 좀 더 저렴하게 판매되지 않을까 싶어요!\n사전예약 혜택이 너무 좋아서, 기왕 구매하실 분들이라면, 사전예약도 괜찮을 것 같아요!\n[톤 프리 예약판매처]\nURL: https://url.kr/8BTfMJ\n\n#LG_TONE_FREE #톤프리 #통화품질\n\n안사면 0원 사면 영원!\n유용한 꿀팁/설정, 핫한 아이템, 신박한 물건, 최신 기기 리뷰의 모든 것!\n* 구독하기 : https://bit.ly/37a8qvP\n* (비즈니스) itws8692@gmail.com\n* (일상/소통)인스타그램 : https://www.instagram.com/ate.youtube/",
        "thumbnail": "https://i.ytimg.com/vi/sfUKCFjs0d0/mqdefault.jpg",
        "youtubeVideoId": "sfUKCFjs0d0",
        "uploadedDate": "2020-07-09T14:51:46Z",
        "viewCount": 0,
        "isCommercial": "False"
    },
    {
        "id": "8435d10a-af6e-489b-9e5f-a3ecf941b34c",
        "title": "LG 톤 프리가 복병이 되다니! 언박싱, 디자인, 음질, 통화품질 리뷰",
        "description": "*협찬 : 이 영상은 LG전자로부터 소정의 제작비와 함께 리뷰용 제품을 무상 제공받아 제작했습니다.\n\nLG Tone Free 리뷰입니다!\n언박싱 개봉기부터 음질, 통화품질까지\n며칠동안 사용해본 후기인데요.\n(의미없을) 정가는 199,000원으로 나왔지만, 출시 후에는 오픈마켓에서 좀 더 저렴하게 판매되지 않을까 싶어요!\n사전예약 혜택이 너무 좋아서, 기왕 구매하실 분들이라면, 사전예약도 괜찮을 것 같아요!\n[톤 프리 예약판매처]\nURL: https://url.kr/8BTfMJ\n\n#LG_TONE_FREE #톤프리 #통화품질\n\n안사면 0원 사면 영원!\n유용한 꿀팁/설정, 핫한 아이템, 신박한 물건, 최신 기기 리뷰의 모든 것!\n* 구독하기 : https://bit.ly/37a8qvP\n* (비즈니스) itws8692@gmail.com\n* (일상/소통)인스타그램 : https://www.instagram.com/ate.youtube/",
        "thumbnail": "https://i.ytimg.com/vi/sfUKCFjs0d0/mqdefault.jpg",
        "youtubeVideoId": "sfUKCFjs0d0",
        "uploadedDate": "2020-07-09T14:52:16Z",
        "viewCount": 0,
        "isCommercial": "False"
    },
    {
        "id": "6663e6f2-ac15-46e9-bafa-d8611dcfcc2e",
        "title": "비싼 이어폰에 지친 요즘, 3만원대 qcy를 넘는 가성비 블루투스 이어폰! 요이치 엘도라 이어폰",
        "description": "*협찬 : 요이치의 지원을 받아 제작되었습니다.\n\n#가성비블루투스이어폰 #코드리스이어폰 #요이치엘도라 #QCY\n\n10만원대 이어폰을 알아보자니 가격이 부담되고,\n저렴한 블루투스 이어폰을 찾자니 품질이 걱정되고...\n그럴땐 요이치 엘도라 블루투스 이어폰!\n국내 기업 요이치에서 AS까지 보장하기때문에, 품질문제는 걱정안해도 되고, 음질도 준수한 녀석이에요!\n\n*요이치 엘도라 구매링크!\nhttp://bitly.kr/QORJOBAZf7N\n\n*이벤트 발표는 커뮤니티를 통해 발표할꺼구요, 메일로 전달 드릴겁니다.\nitws8692@gmail.com 을 통해 연락 드릴것이니, 꼭 사칭에 주의해 주시구요!\n발표 날짜는 8월 22일 토요일 저녁 10~11시 사이 입니다!\n\n안사면 0원 사면 영원!\n유용한 꿀팁/설정, 핫한 아이템, 신박한 물건, 최신 기기 리뷰의 모든 것!\n\n* 구독하기 : https://bit.ly/37a8qvP\n* (비즈니스) itws8692@gmail.com\n* (일상/소통)인스타그램 : https://www.instagram.com/ate.youtube/",
        "thumbnail": "https://i.ytimg.com/vi/I3wNp_KysVs/mqdefault.jpg",
        "youtubeVideoId": "I3wNp_KysVs",
        "uploadedDate": "2020-08-10T15:21:17Z",
        "viewCount": 0,
        "isCommercial": "False"
    },
    {
        "id": "a476f08a-fc34-4b38-bfe0-e29e6559a0ff",
        "title": "갤럭시 버즈 라이브 사용기, 오픈형 노이즈 캔슬링 이어폰에 \"이건 대박이고, 이건 좀.. 치명적인데?\"",
        "description": "사전예약으로 구매한 갤럭시 버즈 라이브 리뷰입니당!\n언박싱부터 통화품질 테스트, 음질, 노이즈캔슬링까지!\n살펴보았구요,\n과연 어떤분들이 버즈 라이브를 구매하면 안되는지까지 다뤄봤습니당!\n\n#갤럭시버즈라이브 #모나카 #노이즈캔슬링 #오픈형이어폰\n\n*협찬 : 해당영상은 협찬사항 없습니다.\n\n안사면 0원 사면 영원!\n유용한 꿀팁/설정, 핫한 아이템, 신박한 물건, 최신 기기 리뷰의 모든 것!\n\n* 구독하기 : https://bit.ly/37a8qvP\n* (비즈니스) itws8692@gmail.com\n* (일상/소통) https://www.instagram.com/at_the_endd/",
        "thumbnail": "https://i.ytimg.com/vi/Ux8Ed-tnXwA/mqdefault.jpg",
        "youtubeVideoId": "Ux8Ed-tnXwA",
        "uploadedDate": "2020-08-12T15:17:32Z",
        "viewCount": 0,
        "isCommercial": "False"
    },
    {
        "id": "66d44b33-79e9-43c0-a972-456d25ea614a",
        "title": "블루투스 이어폰 고민된다면? 에어팟프로 vs 갤럭시 버즈 라이브 vs 버즈 플러스 / 3종 선택 기준",
        "description": "이어폰 뭐 고를지 모르겠다면..?\n에어팟프로 vs 갤럭시 버즈+ vs 갤럭시 버즈 라이브\n세가지에 대해서 간단하게 어떤 기준으로 고르면 될지 알려드려요!\n\n버즈 플러스랑 라이브는 아직 가격 차이가 꽤나 있네요.\n예상보다 라이브 가격방어가 잘 되는 느낌!?\n\n*타임라인\n0:00 인트로\n1:05 버즈플러스 vs 버즈라이브\n3:18 에어팟프로 vs 버즈라이브\n6:21 버즈플러스 방출 이유?\n7:25 마무리 철가루?\n\n#에어팟프로 #버즈라이브 #버즈플러스 #이어폰비교\n\n*협찬 : 해당영상은 협찬사항 없습니다.\n\n안사면 0원 사면 영원!\n유용한 꿀팁/설정, 핫한 아이템, 신박한 물건, 최신 기기 리뷰의 모든 것!\n\n* 구독하기 : https://bit.ly/37a8qvP\n* (비즈니스) itws8692@gmail.com\n* (일상/소통) https://www.instagram.com/at_the_endd/",
        "thumbnail": "https://i.ytimg.com/vi/2hhh2LmWYNk/mqdefault.jpg",
        "youtubeVideoId": "2hhh2LmWYNk",
        "uploadedDate": "2020-10-10T02:06:48Z",
        "viewCount": 36919,
        "isCommercial": "False"
    },
    {
        "id": "b00de7d9-f362-4de1-a95b-b63afcefd0d9",
        "title": "이게 노이즈캔슬링이지! 한단계 뛰어넘은 노캔 이어폰, 자브라 엘리트 85T 75T",
        "description": "*협찬 : 자브라로부터 제작비 지원을 받아 제작되었습니다.\n\n에어팟프로 이후로 처음으로 노캔성능에서 더 뛰어나다고 인정한 제품입니다.\n음질도 좋고, 편의기능도 있는게 정말 만족스럽네요.\n\n#자브라 #엘리트 #노이즈캔슬링이어폰\n\n안사면 0원 사면 영원!\n유용한 꿀팁/설정, 핫한 아이템, 신박한 물건, 최신 기기 리뷰의 모든 것!\n\n* (비즈니스 문의) itws8692@gmail.com\n* (일상/소통) https://www.instagram.com/at_the_endd/",
        "thumbnail": "https://i.ytimg.com/vi/WZMwSGUf0Po/mqdefault.jpg",
        "youtubeVideoId": "WZMwSGUf0Po",
        "uploadedDate": "2020-11-24T07:06:49Z",
        "viewCount": 23173,
        "isCommercial": "True"
    },
    {
        "id": "674dde8a-5e0b-4422-9712-4bc6465aeaf0",
        "title": "Private video",
        "description": "This video is private.",
        "thumbnail": null,
        "youtubeVideoId": "uJD7qjIF5gM",
        "uploadedDate": "2020-12-14T08:57:12Z",
        "viewCount": 0,
        "isCommercial": "False"
    },
    {
        "id": "ab47610a-fa71-4656-a924-28d56b4f2bac",
        "title": "이건 인정.. 노이즈 캔슬링 끝판왕 이어폰 [보스 QC 이어버드] 리뷰",
        "description": "노이즈캔슬링 끝판왕 이어폰이라는 보스 QC 이어버드 리뷰입니다.\n디자인은 안예쁘지만 노캔 맛집 인정.\n(영상 초반에 올해라고 표현한것은 2020년에 촬영한거라 그래요!)\n\n*협찬 : 해당영상은 협찬사항 없습니다.\n\n*타임라인\n0:00 안녕하세요\n0:39 디자인\n2:39 노이즈 캔슬링\n5:48 음질\n7:12 어플\n8:32 매무리\n\n#보스QC #boseQC #블루투스이어폰\n\n안사면 0원 사면 영원!\n유용한 꿀팁/설정, 핫한 아이템, 신박한 물건, 최신 기기 리뷰의 모든 것!\n\n* (비즈니스 문의) itws8692@gmail.com\n* (일상/소통) https://www.instagram.com/at_the_endd/",
        "thumbnail": "https://i.ytimg.com/vi/rEs-bncDIxU/mqdefault.jpg",
        "youtubeVideoId": "rEs-bncDIxU",
        "uploadedDate": "2021-01-10T10:23:57Z",
        "viewCount": 12650,
        "isCommercial": "False"
    },
    {
        "id": "92e593a3-a252-49ed-9da6-451ae48a53c7",
        "title": "갤럭시 버즈 프로 사용기 / 장점 단점 애매한거 다 알려드릴게요 / 음질, 노캔, 주변소리",
        "description": "존버 성공\n\n*협찬 : 해당영상은 협찬사항 없습니다.\n\n*타임라인\n0:00 인트로\n1:06 언박싱\n1:42 모나카 디자인\n2:25 착용감\n3:23 음질\n5:03 노이즈 캔슬링\n7:07 주변 소리 단점\n8:00 대화 감지 모드\n9:57 그외 스픽 마무리\n\n안사면 0원 사면 영원!\n유용한 꿀팁/설정, 핫한 아이템, 신박한 물건, 최신 기기 리뷰의 모든 것!\n\n* (비즈니스 문의) itws8692@gmail.com\n* (일상/소통) https://www.instagram.com/at_the_endd/",
        "thumbnail": "https://i.ytimg.com/vi/VV4ZnGqdM48/mqdefault.jpg",
        "youtubeVideoId": "VV4ZnGqdM48",
        "uploadedDate": "2021-01-16T02:23:34Z",
        "viewCount": 67597,
        "isCommercial": "False"
    },
    {
        "id": "0d5acd4f-f037-406a-8d44-0c9e9c478b5f",
        "title": "샤워하면서 음악듣기 가능? 갤럭시 버즈 프로 완전 방수 3단계 극한 테스트",
        "description": "3단계로 방수테스트를 진행해 봤습니다.\n\n*협찬 : 해당영상은 협찬사항 없습니다.\n\n#갤럭시버즈프로 #방수테스트 #IP등급\n\n0:00 인트로\n1:16 IP등급\n2:16 테스트1\n3:42 테스트2\n5:20 테스트3\n7:00 마무리\n\n안사면 0원 사면 영원!\n유용한 꿀팁/설정, 핫한 아이템, 신박한 물건, 최신 기기 리뷰의 모든 것!\n\n* (비즈니스 문의) itws8692@gmail.com\n* (일상/소통) https://www.instagram.com/at_the_endd/",
        "thumbnail": "https://i.ytimg.com/vi/GAauB-RXGkg/mqdefault.jpg",
        "youtubeVideoId": "GAauB-RXGkg",
        "uploadedDate": "2021-01-18T04:22:20Z",
        "viewCount": 48997,
        "isCommercial": "False"
    },
    {
        "id": "a33f8091-cbc9-4041-a215-0e39dd4b843c",
        "title": "불면증 해결!? 30만원짜리 귀마개 사용해봤습니다. 솔직 리뷰. 보스 슬립버드2",
        "description": "노이즈 마스킹이라고 해서 특별한건줄 알았는데, 그냥 백색소음같아요.\n가격만 생각 안하면, 만족쓰\n\n*협찬 : 해당영상은 협찬사항 없습니다.\n\n안사면 0원 사면 영원!\n유용한 꿀팁/설정, 핫한 아이템, 신박한 물건, 최신 기기 리뷰의 모든 것!\n\n* (비즈니스 문의) itws8692@gmail.com\n* (일상/소통) https://www.instagram.com/at_the_endd/",
        "thumbnail": "https://i.ytimg.com/vi/NxdnikjhbnU/mqdefault.jpg",
        "youtubeVideoId": "NxdnikjhbnU",
        "uploadedDate": "2021-02-20T03:31:57Z",
        "viewCount": 9479,
        "isCommercial": "False"
    },
    {
        "id": "9b36e550-615e-41e4-b028-4b650254911a",
        "title": "심쿵사 주의! 역대급 디자인! 갤럭시 버즈 프로 with 아디다스 오리지널스 케이스",
        "description": "*협찬 : 본 영상은 지원을 받아 제작되었습니다.\n\n삼성전자랑 아디다스에서 이번 콜라보 너무 센스있게 했네요ㅋㅋㅋㅋㅋㅋㅋ\n갤럭시 버즈 프로 with 아디다스 오리지널스 스페셜 팩 관심있으시다면\n4월7일 저녁 7시30분 카카오 라이브에서 만나요!\n\n#갤럭시버즈프로​ #아디다스스탠스미스​ #버즈프로케이스​\n\n* 스탠 스미스 구매 쿠폰은 사이즈별 한정된 수량으로 운영되어, 재고 상황에 따라 예고 없이 조기 품절될 수 있습니다.\n * NFC 태그 지원 갤럭시 스마트폰 : 갤럭시 S8, S9, S10, S20, S21 시리즈 / Z플립 LTE, Z플립 5G / 노트8, 노트9, 노트10, 노트20 시리즈 / A7(2017), A8/A8+(2018), A8 Star, A9(2018), A30, A40, A50, A80 단말 이후 (Q OS) 이상 버전에서 작동됩니다.\n * 오토 스위치 기능은 삼성 One UI 3.1 버전 이상의 스마트폰, 태블릿에 지원합니다.\n\n\"이트야 이것좀 해보거라~\" 보고싶은 콘텐츠 추천하기\nhttps://forms.gle/EityPLDpxd1XrK529\n\n* (비즈니스 문의) itws8692@gmail.com\n* (일상/소통) https://www.instagram.com/at_the_endd/",
        "thumbnail": "https://i.ytimg.com/vi/9bziib82ciY/mqdefault.jpg",
        "youtubeVideoId": "9bziib82ciY",
        "uploadedDate": "2021-04-04T06:57:40Z",
        "viewCount": 25274,
        "isCommercial": "True"
    },
    {
        "id": "caddaf75-d019-4947-a2ec-fb159c9729d0",
        "title": "성능 끝장나네요..! 노이즈 캔슬링 블루투스 이어폰 끝판왕 소니 WF-1000XM4 사용기",
        "description": "해당 영상은 소니코리아의 지원을 받아 제작되었습니다.\n\n재고 확보되자마자 계속해서 품절된다는 소니의 WF-1000XM4\n기존 작인 WF-1000XM3는 아쉬움이 컸는데, 이번엔 과연?\n직접 사용해봤을 때 과연 어느정도길래 그런지 궁금하시죠?\n리뷰로 확인해주세요!\n\nTag\n#WF1000XM4 #노이즈캔슬링이어폰 #블루투스이어폰\n\n* (비즈니스 문의) itws8692@gmail.com\n* (일상/소통) https://www.instagram.com/at_the_endd/",
        "thumbnail": "https://i.ytimg.com/vi/uo7rJN721C0/mqdefault.jpg",
        "youtubeVideoId": "uo7rJN721C0",
        "uploadedDate": "2021-07-13T08:59:48Z",
        "viewCount": 23739,
        "isCommercial": "True"
    },
    {
        "id": "0b906dcc-e84e-4d4d-ac2c-fba838a88258",
        "title": "단돈 5천원으로 컴퓨터에서 블루투스 이어폰 연결하는 방법! (마이크, 끊김, 딜레이)",
        "description": "오늘은 데스크탑 PC 컴퓨터에서 블루투스 이어폰을 연결해서 사용하는 방법을 알려드려요!\n간단한 장치 하나로 끝나지만 하나 있으면 정말 유용하다는거!\n에어팟프로 뿐만 아니라 버즈, 소니 WF1000 등 블루투스 무선이어폰들 전부 가능하다는거! \n\nTag\n#컴퓨터블루투스이어폰 #pc블루투스이어폰연결 #블루투스동글\n\n* (비즈니스 문의) itws8692@gmail.com\n* (일상/소통) https://www.instagram.com/at_the_endd/",
        "thumbnail": "https://i.ytimg.com/vi/ZstJ2Eo0M-o/mqdefault.jpg",
        "youtubeVideoId": "ZstJ2Eo0M-o",
        "uploadedDate": "2021-07-22T11:00:36Z",
        "viewCount": 917,
        "isCommercial": "False"
    },
    {
        "id": "52a132df-6334-4aad-8bf1-24fff06a39f2",
        "title": "진짜 들릴까..? 네 들려요. 뼈로 듣는 골전도 블루투스 이어폰, 에어로펙스 사용기",
        "description": "애프터샥으로부터 지원을 받아 제작되었습니다.\n\n가격 및 제품 더 알아보기\nhttps://bit.ly/3hRIgWK\n\n오늘은 오픈형중에 오픈형? 이라고 할수있는 골전도 블루투스 이어폰을 사용해봤는데요,\n음질은 일반 이어폰에 비하면 확실히 아쉽지만,\n운동하면서 안전하게 음악을 들을 수 있다는 의미에서는 좋더라구요.\n요즘에 가볍게 러닝할때 쓰니까 찝찝하지도 않고 좋네요.\n\nTag\n#애프터샥 #에어로펙스 #골전도이어폰 #블루투스이어폰\n\n✔ 비즈니스 문의 : itws8692@gmail.com\n✔ 인스타그램 - https://www.instagram.com/at_the_endd/\n✔ 음원사이트 - https://artlist.io/HONG-1533409\n    (가입 시 2개월 추가 무료 혜택)",
        "thumbnail": "https://i.ytimg.com/vi/DQ1Stn1_RYg/mqdefault.jpg",
        "youtubeVideoId": "DQ1Stn1_RYg",
        "uploadedDate": "2021-08-22T06:11:50Z",
        "viewCount": 2848,
        "isCommercial": "False"
    },
    {
        "id": "b41c1495-c9fc-4f46-ab2f-eebdb7370054",
        "title": "삼성이 이 가격에 내놓다니..? 9만원 더 비싼 프로보다 버즈2가 좋은점!? 갤럭시 버즈2 간단 사용기",
        "description": "오늘은 버즈2 vs 버즈프로 사용기를 가지고 왔어요\n통화품질은 거의 비슷하게 느껴져서 따로 포함시키지 않았습니다\n전반적으로 음질, 노캔은 프로보다 떨어지지만, 다른 부수적인 것들 때문에 손이 더 자주가네요.\n\nTag\n#버즈2 #갤럭시버즈프로\n\n✔ 비즈니스 문의 : itws8692@gmail.com\n✔ 인스타그램 - https://www.instagram.com/at_the_endd/\n✔ 음원사이트 - https://artlist.io/HONG-1533409\n    (가입 시 2개월 추가 무료 혜택)",
        "thumbnail": "https://i.ytimg.com/vi/yEJiGt0ZX6I/mqdefault.jpg",
        "youtubeVideoId": "yEJiGt0ZX6I",
        "uploadedDate": "2021-09-01T03:46:01Z",
        "viewCount": 4592,
        "isCommercial": "False"
    },
    {
        "id": "a9eea0b2-6e5f-434d-b983-53139db53901",
        "title": "가성비 좋은거? 성능 끝판왕? 블루투스 이어폰 써보고 느낀 제품별 특징",
        "description": "오늘은 이어폰 종합 정리 리뷰입니다!\n다음 이어폰 리뷰는 에어팟3 일것 같아요!\n\nTag\n#블루투스이어폰 #이어폰추천\n\n*타임라인\n0:00 영상 시작쓰\n0:43 가성비 제품\n3:00 성능 제품1\n5:10 성능 제품2\n7:03 성능 제품3\n8:10 ios 제품\n10:15 운동용 제품1\n11:31 운동용 제품2\n12:47 마무리\n\n✔ 비즈니스 문의 : itws8692@gmail.com\n✔ 인스타그램 - https://www.instagram.com/at_the_endd/\n✔ 음원사이트 - https://artlist.io/HONG-1533409\n    (가입 시 2개월 추가 무료 혜택)",
        "thumbnail": "https://i.ytimg.com/vi/gEyGScy1atQ/mqdefault.jpg",
        "youtubeVideoId": "gEyGScy1atQ",
        "uploadedDate": "2021-10-31T10:34:13Z",
        "viewCount": 2223,
        "isCommercial": "False"
    },
    {
        "id": "b1a70241-2f74-40d4-85a6-78737b1677be",
        "title": "에어팟 3세대 사용기, \"이건 좋고, 이건 치명적이에요\" 에어팟3 vs 에어팟프로 Q&A",
        "description": "에어팟3 사용기 입니다.\n정말 좋기도 한데, 적극 추천하긴 어려울 것 같아요.\n노캔 없이 못살아 정말 못살아ㅠㅠ\n\nTag\n#에어팟3 #에어팟프로 #오픈형이어폰\n\n*타임라인\n0:00 영상 시작쓰\n1:06 디자인\n2:27 착용감\n3:28 음질 좋아요\n7:03 피부 감지 센서 테스트\n9:45 통화품질 테스트\n10:45 에어팟프로 vs 에어팟3세대\n11:58 에어팟프로에서 이어팁 빼면 에어팟3?\n13:24 에어팟3세대 가성비는?\n14:05 배터리, 나의 찾기\n14:52 종합평\n\n✔ 비즈니스 문의 : itws8692@gmail.com\n✔ 음원사이트 - https://artlist.io/HONG-1533409\n    (가입 시 2개월 추가 무료 혜택)",
        "thumbnail": "https://i.ytimg.com/vi/XmfQzS58CCI/mqdefault.jpg",
        "youtubeVideoId": "XmfQzS58CCI",
        "uploadedDate": "2021-11-07T07:21:37Z",
        "viewCount": 1926,
        "isCommercial": "False"
    },
    {
        "id": "d615360f-35eb-424a-88d5-8d19b6ebdfed",
        "title": "이런게 10만원대에 나와주면 땡큐지! 리버티3 프로 블루투스 이어폰 사용기",
        "description": "앤커의 지원을 받아 제작되었습니다.\n\n제품 더 알아보기\nhttps://bit.ly/3CN5zIt\n\n개인적으로 크기 빼고 거의 다 마음에 드네요.\n\n리버티3 프로를 청음할 수 있는 팝업스토어를 열었다고해요!\n직접 체험해보고 구매를 고려하시는 것도 좋을 것 같아요\n- 운영 기간: 12/2 ~ 12/26(일)까지\n- 운영 시간: 오전 11시 ~ 오후 8시\n- 장소: 성수동 프로젝트 렌트 3호점\n- 참고 링크: https://ankerkorea.com/pop-up\n\nTag\n#앤커 #리버티3프로 #블루투스이어폰\n\n0:00 영상 시작\n0:32 구성품 디자인\n2:34 음질\n3:29 이퀄라이저가...?\n5:28 프로다운 기능\n6:20 노이즈캔슬링\n7:31 멀티포인트\n8:09 통화품질은 베스트\n8:52 아쉬운점 4가지\n10:37 마무리\n\n✔ 비즈니스 문의 : itws8692@gmail.com\n✔ 인스타그램 - https://www.instagram.com/at_the_endd/\n✔ 음원사이트 - https://artlist.io/HONG-1533409\n    (가입 시 2개월 추가 무료 혜택)",
        "thumbnail": "https://i.ytimg.com/vi/V6ckcGl-kD4/mqdefault.jpg",
        "youtubeVideoId": "V6ckcGl-kD4",
        "uploadedDate": "2021-12-03T08:14:42Z",
        "viewCount": 11654,
        "isCommercial": "False"
    },
    {
        "id": "db5c50b8-e5a1-4d38-989f-4fd0d1a24bff",
        "title": "여러분도 이거 확인해보세요. 에어팟 프로 리콜 교환 받는법 / 불량 확인하는 방법 / 리콜 후기",
        "description": "제가 쓰던 에어팟 프로가 불량에 당첨되었더라구요.\n리콜에 해당하는 불량 증상 대부분이 나타났습니다.\n서비스센터에 가보니 불량으로 나와서, 리콜 받고왔습니다.\n어떤 분들이 대상이고, 어떤 증상이 있고, 어떻게 리콜 받는지 알려드릴게요.\n\nTag\n#에어팟프로 #리콜 #에어팟프로불량확인\n\nhttps://link.coupang.com/a/oDZdK\n위 링크에서 구매하시면 에이트ATE에게 소정의 수수료가 지급됩니다.\n\n✔ 비즈니스 문의 : itws8692@gmail.com\n✔ 인스타그램 - https://www.instagram.com/at_the_endd/\n✔ 음원사이트 - https://artlist.io/HONG-1533409\n    (가입 시 2개월 추가 무료 혜택)",
        "thumbnail": "https://i.ytimg.com/vi/A_L9BMan7QA/mqdefault.jpg",
        "youtubeVideoId": "A_L9BMan7QA",
        "uploadedDate": "2022-06-04T08:41:00Z",
        "viewCount": 2282,
        "isCommercial": "False"
    },
    {
        "id": "8fa84a4e-212c-4c4c-b863-bbcf0e0ffbd4",
        "title": "에어팟프로만 고집하지마세요. 노이즈캔슬링 이어폰 사기전에 꼭 봐야할 영상 / 가격대별 5개 이어폰 비교",
        "description": "장비로 녹음한 소리를 들려드리는 거라, 실제와 차이가 있을 수 있습니다.\n(개인 체감으론 소니 WF-1000XM4가 실제보다 조금 성능이 덜하게 측정된 것 같아요. 메모리 폼이 좀 안맞았나..)\n\n영상에 나온 이어폰들\n\n갤럭시버즈2\nhttps://link.coupang.com/a/pkVsB\n\n자브라 엘리트 85T\nhttps://link.coupang.com/a/pkVw8\n\n에어팟프로\nhttps://link.coupang.com/a/pkVCy\n\n보스 QC 이어버드\nhttps://link.coupang.com/a/pkVFK\n\n소니 WF-1000MX4\nhttps://link.coupang.com/a/pkVUP\n\n링크에서 구매하시면 에이트ATE에게 소정의 수수료가 지급됩니다.\n\nTag\n#노이즈캔슬링이어폰 #노이즈캔슬링체험 #노이즈캔슬링원리\n\n✔ 비즈니스 문의 : itws8692@gmail.com\n✔ 인스타그램 - https://www.instagram.com/at_the_endd/\n✔ 음원사이트 - https://artlist.io/HONG-1533409\n    (가입 시 2개월 추가 무료 혜택)",
        "thumbnail": "https://i.ytimg.com/vi/HQzUyRzHdT8/mqdefault.jpg",
        "youtubeVideoId": "HQzUyRzHdT8",
        "uploadedDate": "2022-06-12T08:59:45Z",
        "viewCount": 2429,
        "isCommercial": "False"
    },
    {
        "id": "66824bbb-0e87-4e74-8b43-12923f94e83c",
        "title": "써보니 너무 좋은데요? 새로 출시한 LG 톤 프리 UT90Q 사용기 (노캔, 헤드트래킹, 돌비)",
        "description": "톤 프리 UT90Q\n제품 정보: https://www.lge.co.kr/home-audio/tone-ut90q-white\n\n*LG전자의 지원을 받아 제작되었습니다.\n\n쿠팡 링크 \nhttps://link.coupang.com/a/w2ik3\n위 링크에서 구매하시면 에이트ATE에게 소정의 수수료가 지급됩니다.\n\nTag\n#LG톤프리 #톤프리 #UT90Q #블루투스이어폰 #무선이어폰 #노이즈캔슬링 #무선이어폰추천 #노이즈캔슬링이어폰 #블루투스이어폰추천\n\n*타임라인\n0:00 새로운 LG전자 최상위라인업 이어폰\n0:40 구성품\n1:55 디자인\n2:47 음질\n5:13 헤드트래킹 기술?\n7:35 노이즈캔슬링 성능\r\n9:25 골전도 마이크 통화품질\n10:57 UV 살균 및 멀티포인트\n12:12 마무리\n\n✔ 비즈니스 문의 : itws8692@gmail.com\n✔ 인스타그램 - https://www.instagram.com/at_the_endd/\n✔ 음원사이트 - https://artlist.io/HONG-1533409\n    (가입 시 2개월 추가 무료 혜택)",
        "thumbnail": "https://i.ytimg.com/vi/WIgPxuZJ3LQ/mqdefault.jpg",
        "youtubeVideoId": "WIgPxuZJ3LQ",
        "uploadedDate": "2022-08-29T08:53:14Z",
        "viewCount": 16501,
        "isCommercial": "True"
    }
]