[
    {
        "id": "d318bb95-b441-4948-8b06-6450a90f5e06",
        "title": "뽀구미의 화참기 챌린지! 성공하면 문상지급",
        "description": "제 시청자 좀 혼내주세요ㅜㅠ\n-\n안녕하세요트위치 스트리머 뽀구미 입니당!\n구독과 좋아요 많이 부탁드립니다.\n-\ninstargram: https://www.instagram.com/bbo9_me/?hl...​\ntwitch: https://www.twitch.tv/geguleee​​​​​​​\n\n\n#뽀구미​​ #화참기 #챌린지",
        "thumbnail": "https://i.ytimg.com/vi/rsLB7ee1-jA/mqdefault.jpg",
        "youtubeVideoId": "rsLB7ee1-jA",
        "uploadedDate": "2022-04-30T17:09:58Z",
        "viewCount": 38239,
        "isCommercial": "False"
    }
]