[
    {
        "id": "75cb7824-b74d-4c84-903c-0e4167293892",
        "title": "[주의] 이 영상은  ASMR이 아닙니다....",
        "description": "다음에 잘 준비해서 오겠습니다 T_T\n절대 ASMR이라는 컨텐츠를 무시하거나 우습게 생각해서 한 것이 아니며... 그냥 원래 다 어설픕니다.. 예쁘게 봐주세요..\n\n#ASMR #먹방 #역겹\n\n우정잉의 생방송은 여기서 확인하세요!\n우정잉 트위치 https://www.twitch.tv/nanajam777",
        "thumbnail": "https://i.ytimg.com/vi/XkXz__Obj0I/mqdefault.jpg",
        "youtubeVideoId": "XkXz__Obj0I",
        "uploadedDate": "2019-02-22T12:42:09Z",
        "viewCount": 0,
        "isCommercial": "False"
    },
    {
        "id": "0380dc73-4d04-47b0-b8d5-f08c29c4924d",
        "title": "ASMR 잘 돼서 기분 좋은 사람",
        "description": "명랑핫도그 ASMR입니다!\n\n우정잉의 생방송은 여기서 확인하세요!\n우정잉 트위치 https://www.twitch.tv/nanajam777\n#ASMR #으스므르 #트름",
        "thumbnail": "https://i.ytimg.com/vi/0gQXPGHBsvY/mqdefault.jpg",
        "youtubeVideoId": "0gQXPGHBsvY",
        "uploadedDate": "2019-02-26T12:09:02Z",
        "viewCount": 0,
        "isCommercial": "False"
    },
    {
        "id": "997eef15-089f-427b-8851-13155c103162",
        "title": "8수생 우정이와 함께 공부해요^^｜Study with me｜공부하는 척 ASMR 독서실 상황극",
        "description": "191009_ASMR\n\n우정잉의 생방송은 여기서 확인하세요!\n우정잉 트위치 https://www.twitch.tv/nanajam777\n#ASMR #아님 #귀테러",
        "thumbnail": "https://i.ytimg.com/vi/NlAQLXCHPo4/mqdefault.jpg",
        "youtubeVideoId": "NlAQLXCHPo4",
        "uploadedDate": "2019-10-11T12:17:50Z",
        "viewCount": 309685,
        "isCommercial": "False"
    },
    {
        "id": "fc322df1-54ce-42da-b7d7-08795212d268",
        "title": "와 진짜 잘먹는다 [치킨 가라아게 새우초밥 asmr]",
        "description": "안녕하세요 오랜만에 영상을 올려요 \n기다려 주셔서 감사합니다! \n오늘은 새우초밥이랑 가라아게를 먹어봤습니다 \n#먹방 #ASMR",
        "thumbnail": "https://i.ytimg.com/vi/ftgKktqJO20/mqdefault.jpg",
        "youtubeVideoId": "ftgKktqJO20",
        "uploadedDate": "2020-12-10T09:32:11Z",
        "viewCount": 132077,
        "isCommercial": "False"
    },
    {
        "id": "3bae1398-b36a-4fd7-a1ee-1f5aa484232a",
        "title": "30년 전통 타로맛집 [ASMR]",
        "description": "#타로 #ASMR #상황극\n----------------------\n우정잉 팬카페 http://cafe.daum.net/ingsfriend/\n트위치 생방송 https://www.twitch.tv/nanajam777\n----------------------",
        "thumbnail": "https://i.ytimg.com/vi/gRkIanMK25I/mqdefault.jpg",
        "youtubeVideoId": "gRkIanMK25I",
        "uploadedDate": "2021-01-28T07:49:31Z",
        "viewCount": 46791,
        "isCommercial": "False"
    },
    {
        "id": "055efda9-a065-4572-8f99-c3728d2f2bfb",
        "title": "채식 주의 아니라고요..!!! [우정잉의 ASMR 먹방]",
        "description": "#ASMR #먹방 #비건아님\n◇비즈니스 문의 : kimfriendshiping@gmail.com\n\n◆우정잉 팬카페 http://cafe.daum.net/ingsfriend\n◆트위치 생방송 https://www.twitch.tv/nanajam777 \n◆인스타그램 https://www.instagram.com/friendshiping94",
        "thumbnail": "https://i.ytimg.com/vi/WURBK5_4yS8/mqdefault.jpg",
        "youtubeVideoId": "WURBK5_4yS8",
        "uploadedDate": "2021-05-13T09:41:42Z",
        "viewCount": 61644,
        "isCommercial": "False"
    },
    {
        "id": "793c5c75-fdc4-4ec2-b041-56d9d0ac8bf6",
        "title": "인싸들 하길래 훔쳐옴 l [꿀젤리 ASMR]",
        "description": "매) 저는 행복합니다\n편) 진짜 행복하세요?\n\n◇비즈니스 문의 : kimfriendshiping@gmail.com\n\n◆우정잉 팬카페 http://cafe.daum.net/ingsfriend\n◆트위치 생방송 https://www.twitch.tv/nanajam777 \n◆인스타그램 https://www.instagram.com/friendshiping94\n\n\n#ASMR #젤리 #꿀젤리",
        "thumbnail": "https://i.ytimg.com/vi/ZCgmZrj5OjA/mqdefault.jpg",
        "youtubeVideoId": "ZCgmZrj5OjA",
        "uploadedDate": "2021-07-21T07:53:03Z",
        "viewCount": 48899,
        "isCommercial": "False"
    },
    {
        "id": "642ff46a-a67c-4074-b768-ed6f747caf63",
        "title": "이 이야기는 스페인으로부터 시작되어",
        "description": "다음 ASMR도 기대해 얘들아 ^^\n\n#종이의집_공동경제구역 #종이의집 #JoinTheHeist #넷플릭스\n이 영상은 넷플릭스의 지원을 받아 제작되었습니다.\n\n◇비즈니스 문의 : biz@treasurehunter.co.kr\n\n◆우정잉 팬카페 http://cafe.daum.net/ingsfriend\n◆트위치 생방송 https://www.twitch.tv/nanajam777 \n◆인스타그램 https://www.instagram.com/friendshiping94\n\n\n22.6.18 토요일 방송분입니다.\n\n음원출처 브금대통령:\nhttps://www.youtube.com/user/GwooA",
        "thumbnail": "https://i.ytimg.com/vi/oqr6ht7erYQ/mqdefault.jpg",
        "youtubeVideoId": "oqr6ht7erYQ",
        "uploadedDate": "2022-08-23T09:27:25Z",
        "viewCount": 82249,
        "isCommercial": "True"
    },
    {
        "id": "addddb7e-1f55-4439-9fe0-b0985adf6231",
        "title": "와 우정잉 먹방 중 먹뱉 논란;;",
        "description": "당연함 사탕수수임\n\n◇비즈니스 문의 : biz@treasurehunter.co.kr\n\n◆우정잉 팬카페 http://cafe.daum.net/ingsfriend\n◆트위치 생방송 https://www.twitch.tv/nanajam777 \n◆인스타그램 https://www.instagram.com/friendshiping94\n\n\n22.8.13 토요일 방송분입니다.\n#asmr #사탕수수 #판다\n\n음원출처 브금대통령:\nhttps://www.youtube.com/user/GwooA",
        "thumbnail": "https://i.ytimg.com/vi/NHAcDaod3ek/mqdefault.jpg",
        "youtubeVideoId": "NHAcDaod3ek",
        "uploadedDate": "2022-08-26T05:05:55Z",
        "viewCount": 50759,
        "isCommercial": "False"
    }
]