[
    {
        "id": "b25d07dc-0569-4310-b73b-ddde95add441",
        "title": "[걀튭] 2월 2차 하이라이트",
        "description": "예전 클립들 먼저 썼나봄 ㅎㅎ;;ㅋㅋ ㅈㅅ\n\n\n\n\n트위치로 가기 → https://www.twitch.tv/itsmejanna \n\n구독과 좋아요 감사합니다 :-)",
        "thumbnail": "https://i.ytimg.com/vi/SORiikweFvc/mqdefault.jpg",
        "youtubeVideoId": "SORiikweFvc",
        "uploadedDate": "2019-03-08T01:54:41Z",
        "viewCount": 0,
        "isCommercial": "False"
    },
    {
        "id": "d4d992f7-a06d-412d-abd4-d090f44bd1f6",
        "title": "[걀튭] 1월 3주차 하이라이트",
        "description": "트위치로 가기 → https://www.twitch.tv/itsmejanna \n\n구독과 좋아요 감사합니다 :-)\n\n\n\n옛날영상이 껴있는거 같은건 님들 착각임..\n엣헴..\n\n\n\n\n\n새로운 편집자님께서 해주신것 아닙니다요! \n\n(유튭에 new가 안뜨는 절 불쌍히 여긴 친구의 두번째 선무ㄹ...고마워....)",
        "thumbnail": "https://i.ytimg.com/vi/Y7fQIsJsj-Q/mqdefault.jpg",
        "youtubeVideoId": "Y7fQIsJsj-Q",
        "uploadedDate": "2019-03-08T01:55:17Z",
        "viewCount": 0,
        "isCommercial": "False"
    },
    {
        "id": "c0cb0d36-a1fc-4dab-8264-0bfedbc3e7ec",
        "title": "[걀튭] 1월 마지막주 하이라이트 클립",
        "description": "트위치로 가기 → https://www.twitch.tv/itsmejanna \n\n구독과 좋아요 감사합니다 :-)",
        "thumbnail": "https://i.ytimg.com/vi/Fx7f_CItFu4/mqdefault.jpg",
        "youtubeVideoId": "Fx7f_CItFu4",
        "uploadedDate": "2019-03-08T01:55:17Z",
        "viewCount": 0,
        "isCommercial": "False"
    },
    {
        "id": "08384506-2de8-4c45-9de8-9e8293e3a42b",
        "title": "주간 '여캠'김달걀",
        "description": "하이라이트 입니다 ! \n보셨으면 좋아요와 구독!! 부탁드린데숭 !!!!!!!\n\n트위치로 가기 → https://www.twitch.tv/itsmejanna \r\n\r\n구독과 좋아요 감사합니다 :-)\n#김달걀 #하이라이트 #트위치",
        "thumbnail": "https://i.ytimg.com/vi/w2iTZIyDE2g/mqdefault.jpg",
        "youtubeVideoId": "w2iTZIyDE2g",
        "uploadedDate": "2020-08-30T07:45:08Z",
        "viewCount": 0,
        "isCommercial": "False"
    },
    {
        "id": "7d114802-409a-4cb9-91df-ac8780fb2fe8",
        "title": "【하이라이트】 모듬세트 이것만 보면 일주일방송 다본거임 아ㅋㅋ",
        "description": "클립영상을 모듬으로 준비해봤습니다.\n모듬초밥 먹고싶네요 ㄹㅇ\n\n\n구독과 좋아요 감사합니다 :-)\n트위치로 가기 → https://www.twitch.tv/itsmejanna \n\n\n김달걀TV는 RixFont클라우드를 사용중 입니다.\n\n#우냐 #김달걀 #강아지",
        "thumbnail": "https://i.ytimg.com/vi/vgTVQfyTF7c/mqdefault.jpg",
        "youtubeVideoId": "vgTVQfyTF7c",
        "uploadedDate": "2020-10-25T11:02:12Z",
        "viewCount": 0,
        "isCommercial": "False"
    },
    {
        "id": "6e34ddd7-47f3-45f4-9f0d-587aa36ee1b7",
        "title": "【하이라이트】 핫클립 모음 (5252이거만 봐도 아봉손실이 채워진다구!!)",
        "description": "저번 핫클립 하이라이트는 반응이 좋았는데 \n킹봉이 까지 들어간 이번껀 어떨런지..?\n(근데 어떨련지도 어떨런지도 정확한 맞춤법이 아닌모양..?)\n\n구독과 좋아요 감사합니다 :-)\n트위치로 가기 → https://www.twitch.tv/itsmejanna \n\n\n김달걀TV는 RixFont클라우드를 사용중 입니다.\n\n#하이라이트 #아봉이 #핫클립",
        "thumbnail": "https://i.ytimg.com/vi/JA1qigv7ln0/mqdefault.jpg",
        "youtubeVideoId": "JA1qigv7ln0",
        "uploadedDate": "2020-10-25T11:02:30Z",
        "viewCount": 0,
        "isCommercial": "False"
    },
    {
        "id": "706558f8-dedd-4ad8-8762-36335757d100",
        "title": "【하이라이트】 핫클립을 모아모아 일주일 총망라 !",
        "description": "하이라이트) 핫클립을 모아모아 일주일 총망라 ! \n한 영상입니다 !!! 재밌게 봐주세요 !!\n\n구독과 좋아요 감사합니다 :-)\n트위치로 가기 → https://www.twitch.tv/itsmejanna \n\n\n김달걀TV는 RixFont클라우드를 사용중 입니다.\n\n#하이라이트 #핫클립 #트위치",
        "thumbnail": "https://i.ytimg.com/vi/7t3yAid72AY/mqdefault.jpg",
        "youtubeVideoId": "7t3yAid72AY",
        "uploadedDate": "2020-10-25T11:02:51Z",
        "viewCount": 0,
        "isCommercial": "False"
    },
    {
        "id": "552a0425-1e30-4a3d-87a8-ed555c5c6a3a",
        "title": "【하이라이트】김달걀이 눈물을 쏟은 이유는 ?! 김달걀의 핫클립모음 !!!",
        "description": "김달걀의 지난 일주일은 ? 핫클립을 모아모아 !!\n일주일 + 쪼.끔 예전의 클립을 모은 금주의 핫클립 입니다 여러분 \n많은 시청 부탁!\n\n\n구독과 좋아요 감사합니다 :-)\n트위치로 가기 → https://www.twitch.tv/itsmejanna \n\n#하이라이트 #핫클립 #김달걀\n\n김달걀TV는 RixFont클라우드를 사용중 입니다.",
        "thumbnail": "https://i.ytimg.com/vi/yhgp_nGAyFM/mqdefault.jpg",
        "youtubeVideoId": "yhgp_nGAyFM",
        "uploadedDate": "2020-11-22T08:53:27Z",
        "viewCount": 0,
        "isCommercial": "False"
    },
    {
        "id": "392c6203-9dc4-4b71-a760-680a073e79d8",
        "title": "【하이라이트】 진짜 꼴배기쉴톼~ 핫클립모음!",
        "description": "진짜 꼬~올~뵈귀쉴투ㅏ~ 핫클립모음!\n\n구독과 좋아요 감사합니다 :-)\n트위치로 가기 → https://www.twitch.tv/itsmejanna \n\n\n김달걀TV는 RixFont클라우드를 사용중 입니다.\n\n#스트리머 #핫클립 #하이라이트",
        "thumbnail": "https://i.ytimg.com/vi/47kGBzcinc4/mqdefault.jpg",
        "youtubeVideoId": "47kGBzcinc4",
        "uploadedDate": "2020-12-09T00:19:37Z",
        "viewCount": 0,
        "isCommercial": "False"
    },
    {
        "id": "9dc0fa64-9dce-45db-9fdc-fbfb110e185f",
        "title": "【하이라이트】 주간 하이라이트클립 모음!",
        "description": "토크할때 재밌었던 클립을 하이라이트로 편집해 보았습니다.\n재밌게 봐주세요 ! 감사합니다 ! \n\n충치 아닙니다. 아말감으로 떼워서 까만겁니다 !!\n\n구독과 좋아요 감사합니다 :-)\n트위치로 가기 → https://www.twitch.tv/itsmejanna \n\n\n김달걀TV는 RixFont클라우드를 사용중 입니다.\n\n#하이라이트 #핫클립 #토크",
        "thumbnail": "https://i.ytimg.com/vi/ecfmzVtvHoo/mqdefault.jpg",
        "youtubeVideoId": "ecfmzVtvHoo",
        "uploadedDate": "2020-12-18T10:59:53Z",
        "viewCount": 0,
        "isCommercial": "False"
    },
    {
        "id": "8f8b4893-bf0d-453b-8e8a-444d92c3c6fb",
        "title": "【하이라이트】 야....스..?",
        "description": "합체가 영어로 뭡니까 여러분 \n이 들어가있는 하이라이트 모~음\n\n\n구독😍과 좋아요👍는 김달걀의 열정을 꿈틀대게 합니다.\n\n생방의 묘미를 엿보기 ▶https://www.twitch.tv/itsmejanna \n달걀의 일상을 엿보기 ▶https://www.instagram.com/kimeggu_\n긴달걀TV      ▶https://www.youtube.com/channel/UCT8E3BCqE3WiuX1pZelBRKA\n\n\n김달걀TV는 RixFont클라우드를 사용중 입니다.\n\n#하이라이트 #핫클립 #트위치클립",
        "thumbnail": "https://i.ytimg.com/vi/m8-_KeAAGEk/mqdefault.jpg",
        "youtubeVideoId": "m8-_KeAAGEk",
        "uploadedDate": "2021-01-20T14:58:29Z",
        "viewCount": 0,
        "isCommercial": "False"
    },
    {
        "id": "0d12f72e-512f-4fbf-b5ac-fc957dc24aeb",
        "title": "너희가 나의 핫클립을 알까 !",
        "description": "구독😍과 좋아요👍는 김달걀의 열정을 꿈틀대게 합니다.\n\n생방의 묘미를 엿보기 ▶https://www.twitch.tv/itsmejanna \n달걀의 일상을 엿보기 ▶https://www.instagram.com/kimeggu_\n긴달걀TV      ▶https://www.youtube.com/channel/UCT8E3BCqE3WiuX1pZelBRKA\n\n\n김달걀TV는 RixFont클라우드를 사용중 입니다.\n\n#핫클립 #하이라이트 #클립",
        "thumbnail": "https://i.ytimg.com/vi/dAYkgyRwM5c/mqdefault.jpg",
        "youtubeVideoId": "dAYkgyRwM5c",
        "uploadedDate": "2021-03-22T11:31:07Z",
        "viewCount": 22724,
        "isCommercial": "False"
    },
    {
        "id": "385b4061-8fd2-4f98-a792-e518aa8c6649",
        "title": "사실은 오래전부터 당신같은 스트리머를 기다려왔다우 / 하이라이트",
        "description": "구독😍과 좋아요👍는 김달걀의 열정을 꿈틀대게 합니다.\n\n생방의 묘미를 엿보기 ▶https://www.twitch.tv/itsmejanna \n달걀의 일상을 엿보기 ▶https://www.instagram.com/kimeggu_\n긴달걀TV      ▶https://www.youtube.com/channel/UCT8E3BCqE3WiuX1pZelBRKA\n\n\n김달걀TV는 RixFont클라우드를 사용중 입니다.\n\n#핫클립 #하이라이트 #클립모음",
        "thumbnail": "https://i.ytimg.com/vi/95_q4JBICDg/mqdefault.jpg",
        "youtubeVideoId": "95_q4JBICDg",
        "uploadedDate": "2021-04-04T10:10:31Z",
        "viewCount": 16286,
        "isCommercial": "False"
    },
    {
        "id": "71283cc1-9d7b-4d47-a82c-f21da34005a0",
        "title": "다 깨어져 버린 흥을 책임지는 하이라이트 / 핫클립",
        "description": "구독😍과 좋아요👍는 김달걀의 열정을 꿈틀대게 합니다.\n\n생방의 묘미를 엿보기 ▶https://www.twitch.tv/itsmejanna \n달걀의 일상을 엿보기 ▶https://www.instagram.com/kimeggu_\n긴달걀TV      ▶https://www.youtube.com/channel/UCT8E3BCqE3WiuX1pZelBRKA\n\n\n김달걀TV는 RixFont클라우드를 사용중 입니다.\n\n#김달걀 #핫클립 #피식대학",
        "thumbnail": "https://i.ytimg.com/vi/fC3cf0l27Ko/mqdefault.jpg",
        "youtubeVideoId": "fC3cf0l27Ko",
        "uploadedDate": "2021-04-13T06:29:19Z",
        "viewCount": 18979,
        "isCommercial": "False"
    },
    {
        "id": "11a1128e-a027-407c-990d-82f8c16990bc",
        "title": "이젠 편집자님이 저를 싫어하시는지 좋아하시는지 모르겠습니다.",
        "description": "너네도 김달걀 영상 숨어서 보니?\n\n구독😍과 좋아요👍는 김달걀의 열정을 꿈틀대게 합니다.\n\n생방의 묘미를 엿보기 ▶https://www.twitch.tv/itsmejanna \n달걀의 일상을 엿보기 ▶https://www.instagram.com/kimeggu_\n긴달걀TV      ▶https://www.youtube.com/channel/UCT8E3BCqE3WiuX1pZelBRKA\n\n\n김달걀TV는 RixFont클라우드를 사용중 입니다.\n\n#섹시 #아웃트로맛집 #롤린",
        "thumbnail": "https://i.ytimg.com/vi/RwOBBtGPR8Y/mqdefault.jpg",
        "youtubeVideoId": "RwOBBtGPR8Y",
        "uploadedDate": "2021-04-19T10:18:29Z",
        "viewCount": 16191,
        "isCommercial": "False"
    },
    {
        "id": "a71db945-44e6-4bd7-92cd-7e54a1979e0d",
        "title": "크롭티에 레깅스를 입은 섹시여캠의 핫클립",
        "description": "구독😍과 좋아요👍는 김달걀의 열정을 꿈틀대게 합니다.\n\n생방의 묘미를 엿보기 ▶https://www.twitch.tv/itsmejanna \n달걀의 일상을 엿보기 ▶https://www.instagram.com/kimeggu_\n긴달걀TV      ▶https://www.youtube.com/channel/UCT8E3BCqE3WiuX1pZelBRKA\n\n\n김달걀TV는 RixFont클라우드를 사용중 입니다.\n\n\n#섹시 #여캠 #핫클립",
        "thumbnail": "https://i.ytimg.com/vi/6Bb83JtsILE/mqdefault.jpg",
        "youtubeVideoId": "6Bb83JtsILE",
        "uploadedDate": "2021-04-27T10:06:31Z",
        "viewCount": 35921,
        "isCommercial": "False"
    },
    {
        "id": "2d2b037b-799c-4002-8412-6acfaeeee38f",
        "title": "넴 539층에 사람있어요!!! 구조대 오나요?",
        "description": "저는 개뿔 코인은 모르는 사람이므로 여러분은 \n절 참고하시면 안됩니다.\n이날 요상하게 노이즈가 심해진 점 양해 부탁드립니다.\n\n\n\n구독😍과 좋아요👍는 김달걀의 열정을 꿈틀대게 합니다.\n\n생방의 묘미를 엿보기 ▶https://www.twitch.tv/itsmejanna \n달걀의 일상을 엿보기 ▶https://www.instagram.com/kimeggu_\n긴달걀TV      ▶https://www.youtube.com/channel/UCT8E3BCqE3WiuX1pZelBRKA\n\n\n김달걀TV는 RixFont클라우드를 사용중 입니다.\n\n#코린이 #코인 #방방봐",
        "thumbnail": "https://i.ytimg.com/vi/Dvl8Xa5PxrY/mqdefault.jpg",
        "youtubeVideoId": "Dvl8Xa5PxrY",
        "uploadedDate": "2021-05-09T11:23:43Z",
        "viewCount": 16098,
        "isCommercial": "False"
    },
    {
        "id": "84230cd4-5f75-4acb-bcdf-1f988a3cbf5b",
        "title": "어디서 말대꾸를 따박따박해애~?",
        "description": "구독😍과 좋아요👍는 김달걀의 열정을 꿈틀대게 합니다.\n\n생방의 묘미를 엿보기 ▶https://www.twitch.tv/itsmejanna \n달걀의 일상을 엿보기 ▶https://www.instagram.com/kimeggu_\n긴달걀TV      ▶https://www.youtube.com/channel/UCT8E3BCqE3WiuX1pZelBRKA\n\n\n김달걀TV는 RixFont클라우드를 사용중 입니다.\n\n#하이라이트 #핫클립 #어르신",
        "thumbnail": "https://i.ytimg.com/vi/81cCR9ng0nU/mqdefault.jpg",
        "youtubeVideoId": "81cCR9ng0nU",
        "uploadedDate": "2021-05-20T10:30:39Z",
        "viewCount": 8482,
        "isCommercial": "False"
    },
    {
        "id": "86470871-bfad-4cef-baff-49896d7199ff",
        "title": "반성하겠습니다.",
        "description": "아웃트로 쯤 꿀잼\n\n구독😍과 좋아요👍는 김달걀의 열정을 꿈틀대게 합니다.\n\n생방의 묘미를 엿보기 ▶https://www.twitch.tv/itsmejanna \n달걀의 일상을 엿보기 ▶https://www.instagram.com/kimeggu_\n긴달걀TV      ▶https://www.youtube.com/channel/UCT8E3BCqE3WiuX1pZelBRKA\n\n\n김달걀TV는 RixFont클라우드를 사용중 입니다.\n\n#토크 #핫클립 #하이라이트",
        "thumbnail": "https://i.ytimg.com/vi/Ocz7mmRqtsk/mqdefault.jpg",
        "youtubeVideoId": "Ocz7mmRqtsk",
        "uploadedDate": "2021-05-30T11:08:43Z",
        "viewCount": 10003,
        "isCommercial": "False"
    },
    {
        "id": "7268b20f-d48b-4ff9-8c8f-0f8a4d09f9cd",
        "title": "당신의 누이에 투표하세요",
        "description": "김달걀 이상형월드컵 하러가기\nhttps://www.piku.co.kr/w/1qtPPb\n\n\n\n구독😍과 좋아요👍는 김달걀의 열정을 꿈틀대게 합니다.\n\n생방의 묘미를 엿보기 ▶https://www.twitch.tv/itsmejanna \n달걀의 일상을 엿보기 ▶https://www.instagram.com/kimeggu_\n긴달걀TV      ▶https://www.youtube.com/channel/UCT8E3BCqE3WiuX1pZelBRKA\n\n\n김달걀TV는 RixFont클라우드를 사용중 입니다.\n\n\n#이상형월드컵 #재밌는월드컵 #웃긴월드컵",
        "thumbnail": "https://i.ytimg.com/vi/ymQ98dDu-CE/mqdefault.jpg",
        "youtubeVideoId": "ymQ98dDu-CE",
        "uploadedDate": "2021-06-02T12:22:50Z",
        "viewCount": 2551,
        "isCommercial": "False"
    },
    {
        "id": "5f0d7a0a-2ded-4ba4-8e92-68c1aaff2a81",
        "title": "발.. 좋아하세요 ..?",
        "description": "구독😍과 좋아요👍는 김달걀의 열정을 꿈틀대게 합니다.\n\n생방의 묘미를 엿보기 ▶https://www.twitch.tv/itsmejanna \n달걀의 일상을 엿보기 ▶https://www.instagram.com/kimeggu_\n긴달걀TV      ▶https://www.youtube.com/channel/UCT8E3BCqE3WiuX1pZelBRKA\n\n\n김달걀TV는 RixFont클라우드를 사용중 입니다.\n\n#발좋아 #취향 #존중",
        "thumbnail": "https://i.ytimg.com/vi/r5kR77-1w58/mqdefault.jpg",
        "youtubeVideoId": "r5kR77-1w58",
        "uploadedDate": "2021-06-13T13:20:51Z",
        "viewCount": 7389,
        "isCommercial": "False"
    },
    {
        "id": "72c9a475-ea67-476f-91dd-3d1bf8a21c8b",
        "title": "Yes I can : 나는 캔이다 (feat.긍정달걀)",
        "description": "#예의범절 #긍정왕 #싸없새\n\n구독😍과 좋아요👍는 김달걀의 열정을 꿈틀대게 합니다.\n\n생방의 묘미를 엿보기 ▶https://www.twitch.tv/itsmejanna \n달걀의 일상을 엿보기 ▶https://www.instagram.com/kimeggu_\n긴달걀TV      ▶https://www.youtube.com/channel/UCT8E3BCqE3WiuX1pZelBRKA\n\n\n김달걀TV는 RixFont클라우드를 사용중 입니다.",
        "thumbnail": "https://i.ytimg.com/vi/ajvSDG_83wU/mqdefault.jpg",
        "youtubeVideoId": "ajvSDG_83wU",
        "uploadedDate": "2021-06-22T09:56:31Z",
        "viewCount": 8891,
        "isCommercial": "False"
    },
    {
        "id": "0428dd4b-226f-40dd-a488-2c2f224aa49c",
        "title": "제발 이 영상을 봐 주길 바란다.",
        "description": "근데 저작권외않걸리조?\n\n구독😍과 좋아요👍는 김달걀의 열정을 꿈틀대게 합니다.\n\n생방의 묘미를 엿보기 ▶https://www.twitch.tv/itsmejanna \n달걀의 일상을 엿보기 ▶https://www.instagram.com/kimeggu_\n긴달걀TV      ▶https://www.youtube.com/channel/UCT8E3BCqE3WiuX1pZelBRKA\n\n\n김달걀TV는 RixFont클라우드를 사용중 입니다.\n\n#토크 #하이라이트 #핫클립",
        "thumbnail": "https://i.ytimg.com/vi/yoMximCqHQ4/mqdefault.jpg",
        "youtubeVideoId": "yoMximCqHQ4",
        "uploadedDate": "2021-06-29T12:49:07Z",
        "viewCount": 2224,
        "isCommercial": "False"
    },
    {
        "id": "d5b68fc1-d624-46b3-8fa7-2ba504ec0fa4",
        "title": "이제 정말 버티기 힘드네요..",
        "description": "구독😍과 좋아요👍는 김달걀의 열정을 꿈틀대게 합니다.\n\n생방의 묘미를 엿보기 ▶https://www.twitch.tv/itsmejanna \n달걀의 일상을 엿보기 ▶https://www.instagram.com/kimeggu_\n긴달걀TV      ▶https://www.youtube.com/channel/UCT8E3BCqE3WiuX1pZelBRKA\n\n\n김달걀TV는 RixFont클라우드를 사용중 입니다.\n\n#야리돌림 #업신여김 #나를무시",
        "thumbnail": "https://i.ytimg.com/vi/AKBqejUPsJ8/mqdefault.jpg",
        "youtubeVideoId": "AKBqejUPsJ8",
        "uploadedDate": "2021-07-01T11:18:05Z",
        "viewCount": 5606,
        "isCommercial": "False"
    },
    {
        "id": "173046a4-44ac-4083-893d-f5847079d6fa",
        "title": "김달걀인데요 살려주세요",
        "description": "#김달걀 #총몇명 #공포게임\n\n병원에서 탈출하라고 했더니\n의자에서 현실 탈출해버리는 김누이씨\n혜자방송 ㅇㅈ?\n\n구독😍과 좋아요👍는 김달걀의 열정을 꿈틀대게 합니다.\n\n생방의 묘미를 엿보기 ▶https://www.twitch.tv/itsmejanna \n달걀의 일상을 엿보기 ▶https://www.instagram.com/kimeggu_\n긴달걀TV      ▶https://www.youtube.com/channel/UCT8E3BCqE3WiuX1pZelBRKA\n\n\n김달걀TV는 RixFont클라우드를 사용중 입니다.",
        "thumbnail": "https://i.ytimg.com/vi/ixvvYVWPZFI/mqdefault.jpg",
        "youtubeVideoId": "ixvvYVWPZFI",
        "uploadedDate": "2021-07-15T03:40:57Z",
        "viewCount": 13177,
        "isCommercial": "False"
    },
    {
        "id": "33c4238d-aa54-4d10-8dda-3d984d6bbcbd",
        "title": "안 쉽죠?",
        "description": "#김달걀 #유화 #그림방송\n\n유화유화!\n\n구독😍과 좋아요👍는 김달걀의 열정을 꿈틀대게 합니다.\n\n생방의 묘미를 엿보기 ▶https://www.twitch.tv/itsmejanna \n달걀의 일상을 엿보기 ▶https://www.instagram.com/kimeggu_\n긴달걀TV      ▶https://www.youtube.com/channel/UCT8E3BCqE3WiuX1pZelBRKA\n\n\n김달걀TV는 RixFont클라우드를 사용중 입니다.",
        "thumbnail": "https://i.ytimg.com/vi/lCPo0hTTPgg/mqdefault.jpg",
        "youtubeVideoId": "lCPo0hTTPgg",
        "uploadedDate": "2021-07-17T13:01:10Z",
        "viewCount": 9214,
        "isCommercial": "False"
    },
    {
        "id": "92dad28c-2751-44d7-a8ae-b146c389c46a",
        "title": "트수들의 눈에 비친 나",
        "description": "오늘은 인싸들의 게임이라고 불리는 갈틱폰을\n시청자들과 함께 해 보았어요\n\n근데 사실 김달걀은 닭을 안 좋아할 뿐이라\n억울한가봐요\n\n\n구독😍과 좋아요👍는 김달걀의 열정을 꿈틀대게 합니다.\n\n생방의 묘미를 엿보기 ▶https://www.twitch.tv/itsmejanna \n달걀의 일상을 엿보기 ▶https://www.instagram.com/kimeggu_\n긴달걀TV      ▶https://www.youtube.com/channel/UCT8E3BCqE3WiuX1pZelBRKA\n\n\n김달걀TV는 RixFont클라우드를 사용중 입니다.\n\n#김달걀 #트수 #갈틱폰",
        "thumbnail": "https://i.ytimg.com/vi/WiFcX6THtwM/mqdefault.jpg",
        "youtubeVideoId": "WiFcX6THtwM",
        "uploadedDate": "2021-07-19T12:53:34Z",
        "viewCount": 6952,
        "isCommercial": "False"
    },
    {
        "id": "e4433eb9-f71e-44c0-923a-b652881c499c",
        "title": "[1.9K][GyalingVoice]걀링보이스를 라이브로! - 삭제,빨간맛 외 9곡",
        "description": "#김달걀 #킬링보이스\n\n저는 걀사탕이 제일 맘에드네요.\n\n\n구독😍과 좋아요👍는 김달걀의 열정을 꿈틀대게 합니다.\n\n생방의 묘미를 엿보기 ▶https://www.twitch.tv/itsmejanna \n달걀의 일상을 엿보기 ▶https://www.instagram.com/kimeggu_\n긴달걀TV      ▶https://www.youtube.com/channel/UCT8E3BCqE3WiuX1pZelBRKA\n\n\n김달걀TV는 RixFont클라우드를 사용중 입니다.",
        "thumbnail": "https://i.ytimg.com/vi/RZpGOc-xyUY/mqdefault.jpg",
        "youtubeVideoId": "RZpGOc-xyUY",
        "uploadedDate": "2021-07-21T13:05:35Z",
        "viewCount": 1778,
        "isCommercial": "False"
    },
    {
        "id": "6a2233e3-780e-47d5-93e8-687ab44d2da5",
        "title": "7월 마지막주 하이라이트(핫클립) +  Beauty tip❤️",
        "description": "#김달걀  #핫클립 #하이라이트\n\n\n\n구독😍과 좋아요👍는 김달걀의 열정을 꿈틀대게 합니다.\n\n생방의 묘미를 엿보기 ▶https://www.twitch.tv/itsmejanna \n달걀의 일상을 엿보기 ▶https://www.instagram.com/kimeggu_\n긴달걀TV      ▶https://www.youtube.com/channel/UCT8E3BCqE3WiuX1pZelBRKA\n\n\n김달걀TV는 RixFont클라우드를 사용중 입니다.",
        "thumbnail": "https://i.ytimg.com/vi/JqYr-2IsXQA/mqdefault.jpg",
        "youtubeVideoId": "JqYr-2IsXQA",
        "uploadedDate": "2021-07-31T12:47:40Z",
        "viewCount": 1894,
        "isCommercial": "False"
    },
    {
        "id": "ecde507f-2109-4fa5-90ab-7229b10a1cd4",
        "title": "현실에서 하기 힘든 애니 속 행동..을 해내는 김달걀",
        "description": "#김달걀 #이상형월드컵 #애니월드컵\n\n구독😍과 좋아요👍는 김달걀의 열정을 꿈틀대게 합니다.\n\n생방의 묘미를 엿보기 ▶https://www.twitch.tv/itsmejanna \n달걀의 일상을 엿보기 ▶https://www.instagram.com/kimeggu_\n긴달걀TV      ▶https://www.youtube.com/channel/UCT8E3BCqE3WiuX1pZelBRKA",
        "thumbnail": "https://i.ytimg.com/vi/T-kW4oNYQSw/mqdefault.jpg",
        "youtubeVideoId": "T-kW4oNYQSw",
        "uploadedDate": "2021-08-03T12:11:41Z",
        "viewCount": 3256,
        "isCommercial": "False"
    },
    {
        "id": "8ae81150-640e-4601-aacc-018ec6b4fad0",
        "title": "그.. 좌표에 관하여",
        "description": "#김달걀 #자작곡 #둥둥다라 #아웃트로\n\n당신의 최애 둥둥다라에 제목을 지어서\n좌표와 함께 댓글로 알려주세요! 💗\n\n의외로 둥둥다라의 텐션에도 몇가지 버젼이 있답니다\n여러분도 그 미묘한 차이가 느껴지시나요? 홀홀홀...\n\n\n구독😍과 좋아요👍는 김달걀의 열정을 꿈틀대게 합니다.\n\n생방의 묘미를 엿보기 ▶https://www.twitch.tv/itsmejanna \n달걀의 일상을 엿보기 ▶https://www.instagram.com/kimeggu_\n긴달걀TV      ▶https://www.youtube.com/channel/UCT8E3BCqE3WiuX1pZelBRKA\n\n\n김달걀TV는 RixFont클라우드를 사용중 입니다.",
        "thumbnail": "https://i.ytimg.com/vi/sM8XN1bMvVw/mqdefault.jpg",
        "youtubeVideoId": "sM8XN1bMvVw",
        "uploadedDate": "2021-08-27T11:34:13Z",
        "viewCount": 6123,
        "isCommercial": "False"
    },
    {
        "id": "4cc575dc-141a-42a5-9db0-0d2bedfce42e",
        "title": "왔슈 ? 물어볼게있슈",
        "description": "#김달걀 #인트로 #아이디어\n\n오늘 영상에서 특별히 마음에 드는 소스가 있으셨나요!?\n이 씬이 인트로로 정해졌으면 좋겠다 생각 되는 부분이 있다면\n자유롭게 댓글에 남겨주세요! 제작 진행에 큰 힘이 된답니다!💗\n\n구독😍과 좋아요👍는 김달걀의 열정을 꿈틀대게 합니다.\n\n생방의 묘미를 엿보기 ▶https://www.twitch.tv/itsmejanna \n달걀의 일상을 엿보기 ▶https://www.instagram.com/kimeggu_\n긴달걀TV      ▶https://www.youtube.com/channel/UCT8E3BCqE3WiuX1pZelBRKA\n\n\n김달걀TV는 RixFont클라우드를 사용중 입니다.",
        "thumbnail": "https://i.ytimg.com/vi/IBQSbn3T1AI/mqdefault.jpg",
        "youtubeVideoId": "IBQSbn3T1AI",
        "uploadedDate": "2021-08-30T12:52:03Z",
        "viewCount": 5778,
        "isCommercial": "False"
    },
    {
        "id": "5e1e1a0a-fb60-4940-ba61-c4101e8238eb",
        "title": "김달걀 라이브 '핑크채팅' 의 실체..",
        "description": "#김달걀 #트위치\n\n핑크곤듀들을 모시는 김달걀 나부랭이...힘들당..\n\n구독😍과 좋아요👍는 김달걀의 열정을 꿈틀대게 합니다.\n\n생방의 묘미를 엿보기 ▶https://www.twitch.tv/itsmejanna \n달걀의 일상을 엿보기 ▶https://www.instagram.com/kimeggu_\n긴달걀TV      ▶https://www.youtube.com/channel/UCT8E3BCqE3WiuX1pZelBRKA",
        "thumbnail": "https://i.ytimg.com/vi/OT7zpvyIdfs/mqdefault.jpg",
        "youtubeVideoId": "OT7zpvyIdfs",
        "uploadedDate": "2021-09-02T13:19:25Z",
        "viewCount": 11325,
        "isCommercial": "False"
    },
    {
        "id": "7f11bf04-0625-4224-8285-a67dd7c2ed2f",
        "title": "앞머리 자르고 싶을 때 보세요",
        "description": "#김달걀 #셀프앞머리 #처피뱅\n\n파라솔 아닙니다.\n\n구독😍과 좋아요👍는 김달걀의 열정을 꿈틀대게 합니다.\n\n🥚 김달걀 비지니스 문의 janna1712@naver.com\n\n🥚 김달걀 라이브 https://www.twitch.tv/itsmejanna \n🥚 김달걀 인스타 https://www.instagram.com/kimeggu_\n🥚 긴달걀TV         https://url.kr/ws8gtl",
        "thumbnail": "https://i.ytimg.com/vi/-WwF2A_87D0/mqdefault.jpg",
        "youtubeVideoId": "-WwF2A_87D0",
        "uploadedDate": "2021-09-22T11:31:14Z",
        "viewCount": 7190,
        "isCommercial": "False"
    },
    {
        "id": "2531a6a0-4cff-4366-92e9-e51ccffbcbe1",
        "title": "김달걀 담당 일진들 (ft.달걀 깨는 연두부)",
        "description": "#김달걀 #윷놀이 #조롱군단장\n\n@연두부 하이라이트  \n@햇살살 \n@요룰레히 \n\n구독😍과 좋아요👍는 김달걀의 열정을 꿈틀대게 합니다.\n\n🥚 김달걀 비지니스 문의 janna1712@naver.com\n\n🥚 김달걀 라이브 https://www.twitch.tv/itsmejanna \n🥚 김달걀 인스타 https://www.instagram.com/kimeggu_\n🥚 긴달걀TV         https://url.kr/ws8gtl",
        "thumbnail": "https://i.ytimg.com/vi/JN2L7pBgX_4/mqdefault.jpg",
        "youtubeVideoId": "JN2L7pBgX_4",
        "uploadedDate": "2021-09-24T13:50:46Z",
        "viewCount": 8236,
        "isCommercial": "False"
    },
    {
        "id": "f6d67984-0c64-46dc-aa8a-7ca9bbd3d386",
        "title": "의외의 머쓱한 재능",
        "description": "#김달걀 #로스트아크 #아이클레이\n\n심하게 머쓱한 일을 겪은 모코코와 코코모\n\n\n모코코 이미지 출처 - https://blog.daum.net/coconut-emoji\n\n구독😍과 좋아요👍는 김달걀의 열정을 꿈틀대게 합니다.\n\n🥚 김달걀 비지니스 문의 janna1712@naver.com\n\n🥚 김달걀 라이브 https://www.twitch.tv/itsmejanna \n🥚 김달걀 인스타 https://www.instagram.com/kimeggu_\n🥚 긴달걀TV         https://url.kr/ws8gtl",
        "thumbnail": "https://i.ytimg.com/vi/dAgsBv2VPhY/mqdefault.jpg",
        "youtubeVideoId": "dAgsBv2VPhY",
        "uploadedDate": "2021-09-30T11:44:27Z",
        "viewCount": 7283,
        "isCommercial": "False"
    },
    {
        "id": "b0b74f7a-9e33-47c3-ace9-40397c025f0c",
        "title": "어휴 귀여운 거 봐",
        "description": "#김달걀 #아봉이 #백신후기\n\n구독😍과 좋아요👍는 김달걀의 열정을 꿈틀대게 합니다.\n\n🥚 김달걀 비지니스 문의 janna1712@naver.com\n\n🥚 김달걀 라이브 https://www.twitch.tv/itsmejanna \n🥚 김달걀 인스타 https://www.instagram.com/kimeggu_\n🥚 긴달걀TV         https://url.kr/ws8gtl",
        "thumbnail": "https://i.ytimg.com/vi/SouiOOQFCAA/mqdefault.jpg",
        "youtubeVideoId": "SouiOOQFCAA",
        "uploadedDate": "2021-10-09T12:35:17Z",
        "viewCount": 8900,
        "isCommercial": "False"
    },
    {
        "id": "20bf3191-30e8-4ed6-b30f-8b9285e12433",
        "title": "달걀님, 어깨에 그 새는 키우시는 건가요?",
        "description": "#김달걀 #핫클립 \n\n구독😍과 좋아요👍는 김달걀의 열정을 꿈틀대게 합니다.\n\n🥚 김달걀 비지니스 문의 janna1712@naver.com\n\n🥚 김달걀 라이브 https://www.twitch.tv/itsmejanna \n🥚 김달걀 인스타 https://www.instagram.com/kimeggu_\n🥚 긴달걀TV         https://url.kr/ws8gtl",
        "thumbnail": "https://i.ytimg.com/vi/v8YV2koTKQ8/mqdefault.jpg",
        "youtubeVideoId": "v8YV2koTKQ8",
        "uploadedDate": "2021-10-13T08:35:13Z",
        "viewCount": 52866,
        "isCommercial": "False"
    },
    {
        "id": "acdda674-43ab-4c7b-a319-5d0f7899b73c",
        "title": "5분 순삭",
        "description": "#김달걀 #웃참 #종합게임\n\n구독😍과 좋아요👍는 김달걀의 열정을 꿈틀대게 합니다.\n\n🥚 김달걀 비지니스 문의 janna1712@naver.com\n\n🥚 김달걀 라이브 https://www.twitch.tv/itsmejanna \n🥚 김달걀 인스타 https://www.instagram.com/kimeggu_\n🥚 긴달걀TV         https://url.kr/ws8gtl",
        "thumbnail": "https://i.ytimg.com/vi/X8a7dcm7wvA/mqdefault.jpg",
        "youtubeVideoId": "X8a7dcm7wvA",
        "uploadedDate": "2021-10-20T10:13:47Z",
        "viewCount": 21982,
        "isCommercial": "False"
    },
    {
        "id": "73ba9cd2-c887-48d6-aa24-cb76a8d354bb",
        "title": "광기군단장 vs 조롱군단장",
        "description": "#김달걀 #연두부 #천원펀치\n\n@연두부 하이라이트 \n\n구독😍과 좋아요👍는 김달걀의 열정을 꿈틀대게 합니다.\n\n🥚 김달걀 비지니스 문의 janna1712@naver.com\n\n🥚 김달걀 라이브 https://www.twitch.tv/itsmejanna \n🥚 김달걀 인스타 https://www.instagram.com/kimeggu_\n🥚 긴달걀TV         https://url.kr/ws8gtl",
        "thumbnail": "https://i.ytimg.com/vi/2h5S_eeScrA/mqdefault.jpg",
        "youtubeVideoId": "2h5S_eeScrA",
        "uploadedDate": "2021-10-28T11:47:14Z",
        "viewCount": 85895,
        "isCommercial": "False"
    },
    {
        "id": "fe5ca0e2-ff27-464e-89b7-ff1cfb252350",
        "title": "김씨, 정말 아직도 사람을 믿나?",
        "description": "#김달걀  #오징어게임 #마인크래프트 #squidgame\n\n(자막과 화면의 참가자 명단 순서는 무의식의 흐름대로 적은 것)\n\n주최자  @건곤  \n참가자 @량양 @망치와응팔 @사나고 Sanago @짠발 @휘용 Hwiyong \n\n구독😍과 좋아요👍는 김달걀의 열정을 꿈틀대게 합니다.\n\n🥚 김달걀 비지니스 문의 janna1712@naver.com\n\n🥚 김달걀 라이브 https://www.twitch.tv/itsmejanna \n🥚 김달걀 인스타 https://www.instagram.com/kimeggu_\n🥚 긴달걀TV         https://url.kr/ws8gtl",
        "thumbnail": "https://i.ytimg.com/vi/-mDJjVih8Dg/mqdefault.jpg",
        "youtubeVideoId": "-mDJjVih8Dg",
        "uploadedDate": "2021-10-31T13:08:26Z",
        "viewCount": 14623,
        "isCommercial": "False"
    },
    {
        "id": "f4faadee-8ce6-4884-8b98-86742921d133",
        "title": "정답 꽃잎!!",
        "description": "#김달걀 #웃긴영상 \n\n구독😍과 좋아요👍는 김달걀의 열정을 꿈틀대게 합니다.\n\n🥚 김달걀 비지니스 문의 janna1712@naver.com\n\n🥚 김달걀 라이브 https://www.twitch.tv/itsmejanna \n🥚 김달걀 인스타 https://www.instagram.com/kimeggu_\n🥚 긴달걀TV         https://url.kr/ws8gtl",
        "thumbnail": "https://i.ytimg.com/vi/181fw21krBo/mqdefault.jpg",
        "youtubeVideoId": "181fw21krBo",
        "uploadedDate": "2021-11-05T11:03:08Z",
        "viewCount": 12457,
        "isCommercial": "False"
    },
    {
        "id": "53aa2c4d-ae0d-4293-bd52-d3a3824bf177",
        "title": "김달걀'만' 안 웃긴 영상ㅋㅋㅋㅋㅋㅋㅋㅋ",
        "description": "#김달걀 #웃긴영상 #헤이마마\n\nㅋㅋㅋㅋㅋㅋㅋㅋㅋㅋㅋㅋㅋㅋ\n\n구독😍과 좋아요👍는 김달걀의 열정을 꿈틀대게 합니다.\n\n🥚 김달걀 비지니스 문의 janna1712@naver.com\n\n🥚 김달걀 라이브 https://www.twitch.tv/itsmejanna \n🥚 김달걀 인스타 https://www.instagram.com/kimeggu_\n🥚 긴달걀TV         https://url.kr/ws8gtl",
        "thumbnail": "https://i.ytimg.com/vi/cU_Vek1Hqrs/mqdefault.jpg",
        "youtubeVideoId": "cU_Vek1Hqrs",
        "uploadedDate": "2021-11-13T11:26:39Z",
        "viewCount": 39762,
        "isCommercial": "False"
    },
    {
        "id": "af149958-cd59-45c4-bd8a-4975277acc00",
        "title": "호되게 맞아야 정신을 차릴테지!",
        "description": "#김달걀 #가구조립 #섹시\n\n걀머니 화면 밖에서 등짝 스매싱 준비 중\n\n구독😍과 좋아요👍는 김달걀의 열정을 꿈틀대게 합니다.\n\n🥚 김달걀 비지니스 문의 janna1712@naver.com\n\n🥚 김달걀 라이브 https://www.twitch.tv/itsmejanna \n🥚 김달걀 인스타 https://www.instagram.com/kimeggu_\n🥚 긴달걀TV         https://url.kr/ws8gtl",
        "thumbnail": "https://i.ytimg.com/vi/Pbb-89YcMXY/mqdefault.jpg",
        "youtubeVideoId": "Pbb-89YcMXY",
        "uploadedDate": "2021-11-16T10:31:00Z",
        "viewCount": 20533,
        "isCommercial": "False"
    },
    {
        "id": "303bf147-c746-4116-a82a-c06094ae1afd",
        "title": "김장은 내가 할게 간은 누가볼래?",
        "description": "#김달걀 #시트콤 #웃긴영상\n\n\n구독😍과 좋아요👍는 김달걀의 열정을 꿈틀대게 합니다.\n\n🥚 김달걀 비지니스 문의 janna1712@naver.com\n\n🥚 김달걀 라이브 https://www.twitch.tv/itsmejanna \n🥚 김달걀 인스타 https://www.instagram.com/kimeggu_\n🥚 긴달걀TV         https://url.kr/ws8gtl",
        "thumbnail": "https://i.ytimg.com/vi/1Bgz5irplaY/mqdefault.jpg",
        "youtubeVideoId": "1Bgz5irplaY",
        "uploadedDate": "2021-11-17T12:46:28Z",
        "viewCount": 26914,
        "isCommercial": "False"
    },
    {
        "id": "eafe62d3-82c8-4937-8cb9-0bdd4d7031b3",
        "title": "지스타에서도 업신여김을 당하는 나..",
        "description": "#김달걀 #지스타 #야방\n\n거기 서 마젠타!!!!!!!!\n\n겸사겸사가게 되었던 부산에서 뜻밖의 힐링\n(같이가자 말해준 요룰이 고마워❤️)\n\n@요룰레히  @마젠타 \n\n\n구독😍과 좋아요👍는 김달걀의 열정을 꿈틀대게 합니다.\n\n🥚 김달걀 비지니스 문의 janna1712@naver.com\n\n🥚 김달걀 라이브 https://www.twitch.tv/itsmejanna \n🥚 김달걀 인스타 https://www.instagram.com/kimeggu_\n🥚 긴달걀TV         https://url.kr/ws8gtl",
        "thumbnail": "https://i.ytimg.com/vi/wSZV9SE4uWo/mqdefault.jpg",
        "youtubeVideoId": "wSZV9SE4uWo",
        "uploadedDate": "2021-11-25T09:27:38Z",
        "viewCount": 46037,
        "isCommercial": "False"
    },
    {
        "id": "ca32ef9b-1e76-46fc-bf45-1013cf616e91",
        "title": "카톡 고백 레전드ㅋㅋㅋㅋㅋ",
        "description": "#김달걀 #카톡고백 #레전드\n\n안녕하세요 편집자입니다 오타가 있었네요\n지긋히→지그시 \n죄송합니다 더욱 열심히 하는 김달걀 유튜브가 되겠습니다\n\n구독😍과 좋아요👍는 김달걀의 열정을 꿈틀대게 합니다.\n\n🥚 김달걀 비지니스 문의 janna1712@naver.com\n\n🥚 김달걀 라이브 https://www.twitch.tv/itsmejanna \n🥚 김달걀 인스타 https://www.instagram.com/kimeggu_\n🥚 긴달걀TV         https://url.kr/ws8gtl",
        "thumbnail": "https://i.ytimg.com/vi/JRl_XrUdPhs/mqdefault.jpg",
        "youtubeVideoId": "JRl_XrUdPhs",
        "uploadedDate": "2021-11-30T04:38:49Z",
        "viewCount": 9889,
        "isCommercial": "False"
    },
    {
        "id": "466b0072-e51e-45f4-98d5-30a10b732b39",
        "title": "남동생 일 하는데 옆에서 리액션 하는 김달걀ㅋㅋㅋㅋㅋㅋ",
        "description": "#김달걀 #현실남매 #가족시트콤\n\n정겹구먼\n\n\n구독😍과 좋아요👍는 김달걀의 열정을 꿈틀대게 합니다.\n\n🥚 김달걀 비지니스 문의 janna1712@naver.com\n\n🥚 김달걀 라이브 https://www.twitch.tv/itsmejanna \n🥚 김달걀 인스타 https://www.instagram.com/kimeggu_\n🥚 긴달걀TV         https://url.kr/ws8gtl",
        "thumbnail": "https://i.ytimg.com/vi/nMb3xX5_gPc/mqdefault.jpg",
        "youtubeVideoId": "nMb3xX5_gPc",
        "uploadedDate": "2021-12-05T12:51:03Z",
        "viewCount": 32779,
        "isCommercial": "False"
    },
    {
        "id": "46420bb8-f530-4480-a137-2d2774c37ba0",
        "title": "【하이라이트】 사과는 이렇게 하는 겁니다",
        "description": "#아이패드꿀팁 #하이라이트 #핫클립\n\n핫클립에 올라갔던 클립들 모음입니다요!!\n재밌게 봐주십쇼!!!!\n\n구독😍과 좋아요👍는 김달걀의 열정을 꿈틀대게 합니다.\n\n생방의 묘미를 엿보기 ▶https://www.twitch.tv/itsmejanna \n달걀의 일상을 엿보기 ▶https://www.instagram.com/kimeggu_\n긴달걀TV      ▶https://www.youtube.com/channel/UCT8E3BCqE3WiuX1pZelBRKA\n\n\n김달걀TV는 RixFont클라우드를 사용중 입니다.",
        "thumbnail": "https://i.ytimg.com/vi/IKZVdDbtWH4/mqdefault.jpg",
        "youtubeVideoId": "IKZVdDbtWH4",
        "uploadedDate": "2021-12-07T02:57:16Z",
        "viewCount": 31969,
        "isCommercial": "False"
    },
    {
        "id": "6795bfc3-38b1-4d41-b0a1-6dd0c0d9efcd",
        "title": "최준? 안늬엉 난 걀준이야",
        "description": "예뻐요 당싄 그 눈이 .. ㅎ\n\n\n구독😍과 좋아요👍는 김달걀의 열정을 꿈틀대게 합니다.\n\n생방의 묘미를 엿보기 ▶https://www.twitch.tv/itsmejanna \n달걀의 일상을 엿보기 ▶https://www.instagram.com/kimeggu_\n긴달걀TV      ▶https://www.youtube.com/channel/UCT8E3BCqE3WiuX1pZelBRKA\n\n\n김달걀TV는 RixFont클라우드를 사용중 입니다.\n\n#최준 #별보러가자 #영상통화",
        "thumbnail": "https://i.ytimg.com/vi/BOPaj5r604c/mqdefault.jpg",
        "youtubeVideoId": "BOPaj5r604c",
        "uploadedDate": "2021-12-07T03:02:41Z",
        "viewCount": 16497,
        "isCommercial": "False"
    }
]