[
    {
        "id": "0cf5a70d-7900-4650-ab64-de4bb33afe48",
        "title": "50년 컷",
        "description": "#와나나 #김은별 #와밀리\n-----------------------------------------------------\n김은별 생방송 주소 : https://www.twitch.tv/akvl1229\n와나나 생방송 주소 : https://www.twitch.tv/box930205\n\n\n\n\nㅡㅡㅡㅡㅡㅡㅡㅡㅡㅡㅡㅡㅡㅡ\nhttps://typecast.ai/ko\n타입캐스트의 찬혁 주원 덕춘의 목소리가 사용되었습니다 \nㅡㅡㅡㅡㅡㅡㅡㅡㅡㅡㅡㅡㅡㅡㅡㅡ",
        "thumbnail": "https://i.ytimg.com/vi/9_yfCBjxqJQ/mqdefault.jpg",
        "youtubeVideoId": "9_yfCBjxqJQ",
        "uploadedDate": "2022-01-30T21:27:06Z",
        "viewCount": 75414,
        "isCommercial": "False"
    },
    {
        "id": "0d1543a2-1858-4614-a029-d7bc82c7d9ba",
        "title": "합방 도중에 백만원을 받았습ㄴ",
        "description": "#김은별 #와빌리지 #김왼팔\n-----------------------------------------------------\n김은별 생방송 주소 : https://www.twitch.tv/akvl1229\n와나나 생방송 주소 : https://www.twitch.tv/box930205\n워노구 생방송 주소 : https://www.twitch.tv/1ho9\n김왼팔 생방송 주소 : https://www.twitch.tv/rladhlsvkf\n이담향 생방송 주소 : https://www.twitch.tv/damhyang\n봄수 생방송 주소 : https://www.twitch.tv/bomsoo\n아구이뽀 생방송 주소 : https://www.twitch.tv/agueppo\n공파리파 생방송 주소 : https://www.twitch.tv/gongparipa",
        "thumbnail": "https://i.ytimg.com/vi/lNYSOW_iC_0/mqdefault.jpg",
        "youtubeVideoId": "lNYSOW_iC_0",
        "uploadedDate": "2022-01-30T21:27:06Z",
        "viewCount": 66786,
        "isCommercial": "False"
    },
    {
        "id": "91189cf7-50de-41d8-84e6-1ec26edc4a02",
        "title": "제가 게임에 나온댔는데 ., 이거 맞아요?",
        "description": "#겟앰프드 #겟앰 #큐티릴라\n\n* 겟앰프드 스트리머 콜라보 자세히 보러가기 *\nhttp://getamped.juneinter.com/bbs/board.php?bo_table=update&wr_id=1124\n-----------------------------------------------------\n김은별 생방송 주소 : https://www.twitch.tv/akvl1229\n와나나 생방송 주소 : https://www.twitch.tv/box930205",
        "thumbnail": "https://i.ytimg.com/vi/eKIz4KDOm9o/mqdefault.jpg",
        "youtubeVideoId": "eKIz4KDOm9o",
        "uploadedDate": "2022-01-30T21:27:06Z",
        "viewCount": 48221,
        "isCommercial": "False"
    },
    {
        "id": "fe889ebe-710b-4171-a927-9f27b0d6faa4",
        "title": "나 언니야 ... 괴롭히지마아 ....",
        "description": "#김은별 #망개 #푸린\n-----------------------------------------------------\n김은별 생방송 주소 : https://www.twitch.tv/akvl1229\n꽃감이 생방송 주소 : https://www.twitch.tv/flowergam0326\n망개 생방송 주소 : https://www.twitch.tv/mmange2\n푸린 생방송 주소 : https://www.twitch.tv/rngudwnswkd",
        "thumbnail": "https://i.ytimg.com/vi/my54nTxe_VY/mqdefault.jpg",
        "youtubeVideoId": "my54nTxe_VY",
        "uploadedDate": "2022-01-30T21:27:06Z",
        "viewCount": 35688,
        "isCommercial": "False"
    },
    {
        "id": "f421081e-b776-4325-beb8-f311910e6cf9",
        "title": "열심히 살아서 깡통 산 사람 만들지마",
        "description": "#김은별 #망개 #푸린\n-----------------------------------------------------\n김은별 생방송 주소 : https://www.twitch.tv/akvl1229\n꽃감이 생방송 주소 : https://www.twitch.tv/flowergam0326\n망개 생방송 주소 : https://www.twitch.tv/mmange2\n푸린 생방송 주소 : https://www.twitch.tv/rngudwnswkd",
        "thumbnail": "https://i.ytimg.com/vi/Cr1twcqiigc/mqdefault.jpg",
        "youtubeVideoId": "Cr1twcqiigc",
        "uploadedDate": "2022-01-30T21:27:06Z",
        "viewCount": 61814,
        "isCommercial": "False"
    },
    {
        "id": "8bb51473-e91c-4faa-ae1b-dad1e62f6ded",
        "title": "편의점 알바를 해봤는데 별 거 없었어요!",
        "description": "#김은별 #공포게임 \n-----------------------------------------------------\n김은별 생방송 주소 : https://www.twitch.tv/akvl1229",
        "thumbnail": "https://i.ytimg.com/vi/wZIMGeEo1Ug/mqdefault.jpg",
        "youtubeVideoId": "wZIMGeEo1Ug",
        "uploadedDate": "2022-01-30T21:27:06Z",
        "viewCount": 35501,
        "isCommercial": "False"
    },
    {
        "id": "35121f4d-f3d0-4daa-b5ca-71df28cbe86e",
        "title": "이 판 제일 가는 미녀",
        "description": "#섯다 #한게임섯다 #김은별\n-----------------------------------------------------\n김은별 생방송 주소 : https://www.twitch.tv/akvl1229\n\n대한민국 No.1 섯다! 한게임 섯다!\n* 한게임 모바일 섯다는 무료로 제공되는 섯다 게임입니다.\n* 지금 한게임 모바일 섯다를 다운로드 하세요! : https://bit.ly/3C9ZAxF",
        "thumbnail": "https://i.ytimg.com/vi/UwvhP1v9zwI/mqdefault.jpg",
        "youtubeVideoId": "UwvhP1v9zwI",
        "uploadedDate": "2022-01-30T21:27:06Z",
        "viewCount": 204951,
        "isCommercial": "True"
    },
    {
        "id": "4744bfe6-5be9-4fcb-b994-e76cfedcaa3e",
        "title": "그걸 왜 주고있어 미친놈아",
        "description": "#김은별 #마크 #마크러끼서버\n-----------------------------------------------------\n김은별 생방송 주소 : https://www.twitch.tv/akvl1229\n러끼 생방송 주소     : https://www.twitch.tv/luck22222\n류으미 생방송 주소 : https://www.twitch.tv/ryueumi1\n블개 생방송 주소     : https://www.twitch.tv/bleg111\n밍기덕 생방송 주소 : https://www.twitch.tv/minggiduck\n김규식 생방송 주소 : https://www.twitch.tv/kks9292",
        "thumbnail": "https://i.ytimg.com/vi/CuEOlE5GoPo/mqdefault.jpg",
        "youtubeVideoId": "CuEOlE5GoPo",
        "uploadedDate": "2022-01-30T21:27:06Z",
        "viewCount": 97028,
        "isCommercial": "False"
    },
    {
        "id": "e5a00865-3b75-4aae-b097-ac134ad62839",
        "title": "마크 처음해봥 !",
        "description": "#김은별 #김은별마크 #마크러끼\n-----------------------------------------------------\n김은별 생방송 주소 : https://www.twitch.tv/akvl1229\n러끼 생방송 주소     : https://www.twitch.tv/luck22222\n류으미 생방송 주소 : https://www.twitch.tv/ryueumi1\n블개 생방송 주소     : https://www.twitch.tv/bleg111\n밍기덕 생방송 주소 : https://www.twitch.tv/minggiduck\n김규식 생방송 주소 : https://www.twitch.tv/kks9292",
        "thumbnail": "https://i.ytimg.com/vi/zginWt-RrmI/mqdefault.jpg",
        "youtubeVideoId": "zginWt-RrmI",
        "uploadedDate": "2022-01-30T21:27:06Z",
        "viewCount": 43357,
        "isCommercial": "False"
    },
    {
        "id": "e1cca379-e7ac-4162-8d73-f4b4e6f155ab",
        "title": "코인 이름으로 점프킹을 해보았습니다.",
        "description": "#김은별 #코인 #점프킹\n-----------------------------------------------------\n김은별 생방송 주소 : https://www.twitch.tv/akvl1229",
        "thumbnail": "https://i.ytimg.com/vi/CRqwpwlQGXo/mqdefault.jpg",
        "youtubeVideoId": "CRqwpwlQGXo",
        "uploadedDate": "2022-01-30T21:27:06Z",
        "viewCount": 13951,
        "isCommercial": "False"
    },
    {
        "id": "5e9c1d7b-99f0-4169-ab96-4db6d0ba8bb3",
        "title": "숨바꼭질을 처음해보는 나",
        "description": "#와나나 #워노구 #김은별\n-----------------------------------------------------\n김은별 생방송 주소 : https://www.twitch.tv/akvl1229",
        "thumbnail": "https://i.ytimg.com/vi/OC2gjoJjStY/mqdefault.jpg",
        "youtubeVideoId": "OC2gjoJjStY",
        "uploadedDate": "2022-01-30T21:27:06Z",
        "viewCount": 59570,
        "isCommercial": "False"
    },
    {
        "id": "3eef234f-a46a-4529-802e-f0d17d61739f",
        "title": "xㅣ발",
        "description": "#와나나 #김왼팔 #김은별\n-----------------------------------------------------\n김은별 생방송 주소 : https://www.twitch.tv/akvl1229",
        "thumbnail": "https://i.ytimg.com/vi/oyouid-39j8/mqdefault.jpg",
        "youtubeVideoId": "oyouid-39j8",
        "uploadedDate": "2022-01-30T21:27:06Z",
        "viewCount": 115792,
        "isCommercial": "False"
    },
    {
        "id": "d643070b-7db5-4d8f-9a34-6167331a8cf2",
        "title": "진짜싫어진짜싫어진짜싫어진짜싫어진짜싫어진짜싫어진짜싫어진짜싫어진짜싫어진짜싫어진짜싫어진짜싫어진짜싫어진짜싫어진짜싫어진짜싫어진짜싫어진짜싫어",
        "description": "#와나나 #김왼팔 #김은별#와나나 #김왼팔 #김은별\n-----------------------------------------------------\n김은별 생방송 주소 : https://www.twitch.tv/akvl1229",
        "thumbnail": "https://i.ytimg.com/vi/vRe1ebMmaho/mqdefault.jpg",
        "youtubeVideoId": "vRe1ebMmaho",
        "uploadedDate": "2022-01-30T21:27:06Z",
        "viewCount": 92815,
        "isCommercial": "False"
    },
    {
        "id": "41319abb-8e16-4f2a-90ac-cf611545038b",
        "title": "죽여줘 ...",
        "description": "#악녀 #김왼팔 #서강수\n\n--------------------------------------------------------------------------------\n김은별 생방송 주소 : https://www.twitch.tv/akvl1229\n김왼팔 생방송 주소 : https://www.twitch.tv/rladhlsvkf\n서강수 생방송 주소 : https://www.twitch.tv/se0kang\n악녀 생방송 주소 : https://www.twitch.tv/bgirl_0",
        "thumbnail": "https://i.ytimg.com/vi/noeWVbaSRv8/mqdefault.jpg",
        "youtubeVideoId": "noeWVbaSRv8",
        "uploadedDate": "2022-01-30T21:27:06Z",
        "viewCount": 109756,
        "isCommercial": "False"
    },
    {
        "id": "896ead63-4f97-48fd-8b30-ac5c757e486b",
        "title": "난 언제나 강한자의 편이야",
        "description": "#김왼팔 #강수 #악녀\n\n김은별 생방송 주소 : https://www.twitch.tv/akvl1229\n김왼팔 생방송 주소 : https://www.twitch.tv/rladhlsvkf\n서강수 생방송 주소 : https://www.twitch.tv/se0kang\n악녀 생방송 주소 : https://www.twitch.tv/bgirl_0",
        "thumbnail": "https://i.ytimg.com/vi/1OQ8E0uJu_U/mqdefault.jpg",
        "youtubeVideoId": "1OQ8E0uJu_U",
        "uploadedDate": "2022-01-30T21:27:06Z",
        "viewCount": 104073,
        "isCommercial": "False"
    },
    {
        "id": "e5b25150-98db-467c-b553-c2e07d3b3f83",
        "title": "섯다 룰을 모르는 막내깡패",
        "description": "#왈도쿤 #아구이뽀 #봄수\n\n-----------------------------------------------------------------\n김은별 생방송 다시보기 : https://www.twitch.tv/akvl1229\n아구이뽀 생방송 다시보기 : https://www.twitch.tv/agueppo\n봄수 생방송 다시보기 : https://www.twitch.tv/bomsoo\n왈도쿤 생방송 다시보기 : https://www.twitch.tv/dokun",
        "thumbnail": "https://i.ytimg.com/vi/03B95W0uFSA/mqdefault.jpg",
        "youtubeVideoId": "03B95W0uFSA",
        "uploadedDate": "2022-01-30T21:27:06Z",
        "viewCount": 223711,
        "isCommercial": "False"
    },
    {
        "id": "ba02a7b0-b383-4674-a588-5e60bcb8208a",
        "title": "쉿. 소리내면 가짜코가 찾아와..",
        "description": "#와나나 #아구이뽀 #공파리파\n\n---------------------------------------------------------------\n김은별 생방송 다시보기 : https://www.twitch.tv/akvl1229\n와나나 생방송 다시보기 : https://www.twitch.tv/box930205\n아구이뽀 생방송 다시보기 : https://www.twitch.tv/agueppo\n공파리파 생방송 다시보기 : https://www.twitch.tv/gongparipa\n만득 생방송 다시보기 : https://www.twitch.tv/esstree\n푸린 생방송 다시보기 :  https://www.twitch.tv/rngudwnswkd",
        "thumbnail": "https://i.ytimg.com/vi/A-At8-SH07U/mqdefault.jpg",
        "youtubeVideoId": "A-At8-SH07U",
        "uploadedDate": "2022-01-30T21:27:06Z",
        "viewCount": 75278,
        "isCommercial": "False"
    },
    {
        "id": "8a192f9b-cb8f-40ca-86de-cc0984a68318",
        "title": "이런데서 누가 일을해",
        "description": "#cctv #공포게임 #감시\n김은별 생방송 주소 : https://www.twitch.tv/akvl1229",
        "thumbnail": "https://i.ytimg.com/vi/ghnwNkQDC6s/mqdefault.jpg",
        "youtubeVideoId": "ghnwNkQDC6s",
        "uploadedDate": "2022-01-30T21:27:06Z",
        "viewCount": 70775,
        "isCommercial": "False"
    },
    {
        "id": "44ea66da-1b7a-4831-8055-f3e1861d2bc4",
        "title": "내가 살 수 있었던 이유",
        "description": "#찐따 #아싸 #거기너\n\n-------------------------------------------------------------------------------\n김은별 생방송 주소 : https://www.twitch.tv/akvl1229",
        "thumbnail": "https://i.ytimg.com/vi/k2hwysSFd_Y/mqdefault.jpg",
        "youtubeVideoId": "k2hwysSFd_Y",
        "uploadedDate": "2022-01-30T21:27:06Z",
        "viewCount": 54974,
        "isCommercial": "False"
    },
    {
        "id": "5a937088-9943-4cbe-a9eb-8de3abf3b7ea",
        "title": "어몽어스 이렇게 하는 거 아니었어?",
        "description": "#어몽어스 #마피아 #임포스터\n\n#공파리파 #봄수 #서농 #아구이뽀 #로아 #블개 #눈쟁이 #김왼팔 #유키드\n\n-------------------------------------------------------------------------------------------------------------------------\n\n김은별 생방송 주소 :  https://www.twitch.tv/akvl1229\n블개 생방송 주소 :  https://www.twitch.tv/bleg111\n공파리파 생방송 주소 :  https://www.twitch.tv/gongparipa\n김왼팔 생방송 주소 :  https://www.twitch.tv/rladhlsvkf\n눈쟁이 생방송 주소 :  https://www.twitch.tv/eyejoker7\n서농 생방송 주소 :  https://www.twitch.tv/snsn__\n유키드 생방송 주소 :  https://www.twitch.tv/yuukid__\n로아 생방송 주소 :  https://www.twitch.tv/s2kimroa\n아구이뽀 생방송 주소 :  https://www.twitch.tv/agueppo\n봄수 생방송 주소 :  https://www.twitch.tv/bomsoo",
        "thumbnail": "https://i.ytimg.com/vi/LZBNpm22Y60/mqdefault.jpg",
        "youtubeVideoId": "LZBNpm22Y60",
        "uploadedDate": "2022-01-30T21:27:06Z",
        "viewCount": 75120,
        "isCommercial": "False"
    },
    {
        "id": "0bc0af98-5e80-4327-91a1-b70b3c3b9e32",
        "title": "이 우주선 일진은 나야",
        "description": "#어몽어스 #마피아 \n\n------------------------------------------------\n영상 내에 나오는 모든 스트리머 캐릭터 일러스트는 제가 직접 제작했으며 사용 원하시는 분은 (스트리머 본인 외에 상업적 이용x) 김은별컴퍼니 트위치 의뢰 배너를 통해 따로 연락 주시면 파일 드리겠습니당 :3\n-------------------------------------------------\n\n김은별 생방송 주소 :  https://www.twitch.tv/akvl1229\n블개 생방송 주소 :  https://www.twitch.tv/bleg111\n공파리파 생방송 주소 :  https://www.twitch.tv/gongparipa\n김왼팔 생방송 주소 :  https://www.twitch.tv/rladhlsvkf\n눈쟁이 생방송 주소 :  https://www.twitch.tv/eyejoker7\n서농 생방송 주소 :  https://www.twitch.tv/snsn__\n유키드 생방송 주소 :  https://www.twitch.tv/yuukid__\n로아 생방송 주소 :  https://www.twitch.tv/s2kimroa\n아구이뽀 생방송 주소 :  https://www.twitch.tv/agueppo\n봄수 생방송 주소 :  https://www.twitch.tv/bomsoo\n\n---------------------------------------------",
        "thumbnail": "https://i.ytimg.com/vi/r1Wx5d_TUcY/mqdefault.jpg",
        "youtubeVideoId": "r1Wx5d_TUcY",
        "uploadedDate": "2022-01-30T21:27:06Z",
        "viewCount": 46067,
        "isCommercial": "False"
    },
    {
        "id": "4f6a5e09-abde-4233-b032-2cbd4933e1f1",
        "title": "나는 공주고 너는 내 왕자를 찾아줭",
        "description": "정말 유익한 게임이었습니다.\n---------------------------------------------------------\n김은별 생방송 주소 : https://www.twitch.tv/akvl1229\n\n\n\n\n#지니키즈 #공주 #왕자",
        "thumbnail": "https://i.ytimg.com/vi/khFVj1DMVpQ/mqdefault.jpg",
        "youtubeVideoId": "khFVj1DMVpQ",
        "uploadedDate": "2022-01-30T21:27:06Z",
        "viewCount": 52021,
        "isCommercial": "False"
    },
    {
        "id": "2f63425d-b656-4037-8ad2-295e2075339a",
        "title": "망할 꼬맹이 비위맞춰주기",
        "description": "화질오류로인해 재업합니당\n\n------------------------------------------\n김은별생방송주소 : https://www.twitch.tv/akvl1229\n\n---------------------------------------\n\n\n\n\n#카운셀링 #공포게임 #심리상담",
        "thumbnail": "https://i.ytimg.com/vi/Bc6YZTVEIDg/mqdefault.jpg",
        "youtubeVideoId": "Bc6YZTVEIDg",
        "uploadedDate": "2022-01-30T21:27:06Z",
        "viewCount": 0,
        "isCommercial": "False"
    },
    {
        "id": "92ae53f2-005b-480a-9650-d6a355ffc727",
        "title": "행복하십니까?..",
        "description": "김은별 생방송주소 : https://www.twitch.tv/akvl1229\n-------------------------------------------------------\n오늘도 기다려주셔서 감사합니다!",
        "thumbnail": "https://i.ytimg.com/vi/-AvHtD5jiQ4/mqdefault.jpg",
        "youtubeVideoId": "-AvHtD5jiQ4",
        "uploadedDate": "2022-01-30T21:27:06Z",
        "viewCount": 0,
        "isCommercial": "False"
    },
    {
        "id": "8c4efc25-6000-4d08-8633-62b4047ae62e",
        "title": "어릴 때부터 확고했던 나의 취향",
        "description": "#심포니오브에픽 #김은별 #ㅗㅜㅑ \n-----------------------------------------------------\n김은별 생방송 주소 : https://www.twitch.tv/akvl1229\n\n아니 갓겜이자나 ~ 당장 다운로드하러 가야겠는걸 ^0^ !! \n다운로드 링크 : https://bit.ly/3oPwzT2",
        "thumbnail": "https://i.ytimg.com/vi/Qg1ebK-gWwo/mqdefault.jpg",
        "youtubeVideoId": "Qg1ebK-gWwo",
        "uploadedDate": "2022-08-02T23:17:44Z",
        "viewCount": 113011,
        "isCommercial": "True"
    },
    {
        "id": "09608114-9fc4-4c7a-96fb-d081b01ddf6b",
        "title": "[티비냥] 오늘도 평화로운 석호빌라 B 02호😂영고진호ㅋㅋㅋㅋ | #코미디빅리그",
        "description": "#티비냥 #코미디빅리그 #석포빌라B02호\n구작이 명작인 tvN 맛집의 콘텐츠를 마음껏 볼 수 있는 tvN D CLASSIC : https://bit.ly/2PoHd0B\n\ntvN [코미디빅리그] : 대한민국 웃음의 대세 '코미디빅리그'. 대세 '코미디언'들의 웃음 사냥을 위한 치열한 코너 경쟁은 계속된다!\n공식 홈페이지 : http://program.tving.com/tvn/cobig",
        "thumbnail": "https://i.ytimg.com/vi/9tIVl5OB_xQ/mqdefault.jpg",
        "youtubeVideoId": "9tIVl5OB_xQ",
        "uploadedDate": "2022-08-03T16:04:13Z",
        "viewCount": 2292,
        "isCommercial": "False"
    }
]