[
    {
        "id": "be79fda1-fa2d-47ef-b0a6-79a6b990a6f1",
        "title": "도대체 어떻게 하는겁니까..? 얼불춤 레전드 비웬님 ㄷㄷ 보이긴하나요;;?  고인물 초빙석 비웬편",
        "description": "편집자 by 영팍\n\n썸네일 by 영팍\n\n고인물 초빙석 신청하기!\n자신이 어떤 분야의 고인물인지 간략한 소개와 내용을 \na2449072@naver.com 로 보내주세요!\n\n트위치 생방 주소 ㄱ\nhttps://www.twitch.tv/pjs9073\n\n후원\nhttps://toon.at/donate/636948819261097211",
        "thumbnail": "https://i.ytimg.com/vi/oU6CE5oEtXo/mqdefault.jpg",
        "youtubeVideoId": "oU6CE5oEtXo",
        "uploadedDate": "2021-03-22T02:46:45Z",
        "viewCount": 809455,
        "isCommercial": "False"
    },
    {
        "id": "e667c4d9-b1ca-452b-9f55-b16822fc47de",
        "title": "얼불춤 레전드 비웬님 고인물 초빙석 ;;;; 진짜 사람 맞냐...? 레전드다 ㄹㅇ",
        "description": "고인물 초빙석 신청하기!\n자신이 어떤 분야의 고인물인지 간략한 소개와 내용을 \na2449072@naver.com 로 보내주세요!\n\n트위치 생방 주소 ㄱ\nhttps://www.twitch.tv/pjs9073\n\n후원\nhttps://toon.at/donate/636948819261097211",
        "thumbnail": "https://i.ytimg.com/vi/mjdmfUFUemI/mqdefault.jpg",
        "youtubeVideoId": "mjdmfUFUemI",
        "uploadedDate": "2021-01-28T04:42:50Z",
        "viewCount": 695667,
        "isCommercial": "False"
    },
    {
        "id": "009d994f-028d-40db-a1fd-6da65b0bb18b",
        "title": "실제로 지건을 연마에서 수박을 뚫는사람ㅋㅋㅋㅋㅋㅋㄹㅇ 레전드 학창시절ptsd 주의",
        "description": "트위치 생방 주소 ㄱ\nhttps://www.twitch.tv/pjs9073\n\n죽순곤봉님 유튜브\nhttps://www.youtube.com/user/rlawkdwls123\n\n고인물 초빙석 신청하기!\n자신이 어떤 분야의 고인물인지 간략한 소개와 내용을 \na2449072@naver.com 로 보내주세요!\n\n편집자 : 자프쿤",
        "thumbnail": "https://i.ytimg.com/vi/UtZpZctVmFM/mqdefault.jpg",
        "youtubeVideoId": "UtZpZctVmFM",
        "uploadedDate": "2020-04-12T04:03:43Z",
        "viewCount": 643952,
        "isCommercial": "False"
    },
    {
        "id": "b1776d28-bb71-4112-a96e-30ec843190e1",
        "title": "타짜 영화 기술 재현하는 타짜;; 10분순삭 ㄷㄷ 어케했냐 진짜; (w.김슬기)",
        "description": "#쫀득 #김슬기 #타짜\n편집자 by 콩석 \n\n썸네일 by 콩석\n\n고인물 초빙석 신청하기!\n자신이 어떤 분야의 고인물인지 간략한 소개와 내용을 \na2449072@naver.com 로 보내주세요!\n\n트위치 생방 주소 ㄱ\nhttps://www.twitch.tv/pjs9073\n\n후원\nhttps://toon.at/donate/636948819261097211",
        "thumbnail": "https://i.ytimg.com/vi/882inVsPaM8/mqdefault.jpg",
        "youtubeVideoId": "882inVsPaM8",
        "uploadedDate": "2021-08-30T07:00:45Z",
        "viewCount": 192626,
        "isCommercial": "False"
    },
    {
        "id": "9a43ab2c-7b69-490e-afd8-45d3fcdb7dd9",
        "title": "신기함 참기 999LV 트위치 최고의 마술사 초빙석 ;; 진짜 ㄹㅇ 어떻게 한거야 개신기하네",
        "description": "트위치 생방 주소 ㄱ\nhttps://www.twitch.tv/pjs9073\n\n후원\nhttps://toon.at/donate/636948819261097211\n\n고인물 초빙석 신청하기!\n자신이 어떤 분야의 고인물인지 간략한 소개와 내용을 \na2449072@naver.com 로 보내주세요!",
        "thumbnail": "https://i.ytimg.com/vi/zUxihTFwpNQ/mqdefault.jpg",
        "youtubeVideoId": "zUxihTFwpNQ",
        "uploadedDate": "2020-12-27T04:14:30Z",
        "viewCount": 234723,
        "isCommercial": "False"
    },
    {
        "id": "605b611e-9bd3-4b40-b89a-bf5f2471af1e",
        "title": "리듬게임 마스터 올맥스 풀콤 미친거 아니야 진짜ㄷㄷ ;;? 고인물 초빙석 레밀리아편",
        "description": "편집자 by 콩석\n\n썸네일 by 영팍\n\n고인물 초빙석 신청하기!\n자신이 어떤 분야의 고인물인지 간략한 소개와 내용을 \na2449072@naver.com 로 보내주세요!\n\n트위치 생방 주소 ㄱ\nhttps://www.twitch.tv/pjs9073\n\n후원\nhttps://toon.at/donate/636948819261097211",
        "thumbnail": "https://i.ytimg.com/vi/WoK8QDZxX1o/mqdefault.jpg",
        "youtubeVideoId": "WoK8QDZxX1o",
        "uploadedDate": "2021-03-22T02:56:24Z",
        "viewCount": 502498,
        "isCommercial": "False"
    },
    {
        "id": "8917c502-5401-4506-8550-b590bc608f6e",
        "title": "푸린의 아웃라스트 10분컷 하는법 ;;",
        "description": "트위치 생방 주소 ㄱ\nhttps://www.twitch.tv/pjs9073\n\n고인물 초빙석 신청하기!\n자신이 어떤 분야의 고인물인지 간략한 소개와 내용을 \na2449072@naver.com 로 보내주세요!",
        "thumbnail": "https://i.ytimg.com/vi/wC_2V67ZSEk/mqdefault.jpg",
        "youtubeVideoId": "wC_2V67ZSEk",
        "uploadedDate": "2019-08-26T04:26:56Z",
        "viewCount": 257692,
        "isCommercial": "False"
    },
    {
        "id": "85f63484-2e0e-4325-819d-2789a667127b",
        "title": "와 진짜 미쳤다;; 메탈슬러그 세계1위 초고수 메탈 1~5 초스피드런 ;; 레전드영상",
        "description": "트위치 생방 주소 ㄱ\r\nhttps://www.twitch.tv/pjs9073\n\n고인물 초빙석 신청하기!\n자신이 어떤 분야의 고인물인지 간략한 소개와 내용을 \na2449072@naver.com 로 보내주세요!",
        "thumbnail": "https://i.ytimg.com/vi/2XSERdRhIa4/mqdefault.jpg",
        "youtubeVideoId": "2XSERdRhIa4",
        "uploadedDate": "2020-05-22T04:34:15Z",
        "viewCount": 548028,
        "isCommercial": "False"
    },
    {
        "id": "3a48d80c-36f1-4b90-889e-7102ab6c2e70",
        "title": "아빠킹의 철권으로 사람 열받게 하는 10가지 방법ㅋㅋㅋㅋㅋㅋㅋㅋ 미치겠네 개웃겨 진짜",
        "description": "#쫀득 #아빠킹 #철권\n편집자 by 홈랜드\n\n썸네일 by 홈랜드\n\n트위치 생방 주소 ㄱ\nhttps://www.twitch.tv/pjs9073\n\n후원\nhttps://toon.at/donate/636948819261097211",
        "thumbnail": "https://i.ytimg.com/vi/bQkDS-ID2es/mqdefault.jpg",
        "youtubeVideoId": "bQkDS-ID2es",
        "uploadedDate": "2021-11-22T07:00:13Z",
        "viewCount": 270684,
        "isCommercial": "False"
    },
    {
        "id": "899fef31-42bf-42b5-80f4-397514015116",
        "title": "바이오하자드8 세계랭커 푸린의 스피드런 ;;; 미쳤다 진짜ㅋㅋㅋㅋ 고인물초빙석 푸린편",
        "description": "편집자 by 콩석\n\n썸네일 by 콩석\n\n고인물 초빙석 신청하기!\n자신이 어떤 분야의 고인물인지 간략한 소개와 내용을 \na2449072@naver.com 로 보내주세요!\n\n트위치 생방 주소 ㄱ\nhttps://www.twitch.tv/pjs9073\n\n후원\nhttps://toon.at/donate/636948819261097211",
        "thumbnail": "https://i.ytimg.com/vi/4FuuASt_MyY/mqdefault.jpg",
        "youtubeVideoId": "4FuuASt_MyY",
        "uploadedDate": "2021-05-19T10:38:01Z",
        "viewCount": 8385,
        "isCommercial": "False"
    },
    {
        "id": "37e15794-ac27-4b05-8b51-33a5875d2ff3",
        "title": "마인크래프트 고인물은 진짜 빠르게 다하는군요ㅋㅋㅋㅋ이거 뭐냐 진짜ㅋㅋㅋㅋㅋㅋㅋㅋ",
        "description": "편집자 by 영팍\n\n썸네일 by 영팍\n\n고인물 초빙석 신청하기!\n자신이 어떤 분야의 고인물인지 간략한 소개와 내용을 \na2449072@naver.com 로 보내주세요!\n\n트위치 생방 주소 ㄱ\nhttps://www.twitch.tv/pjs9073\n\n후원\nhttps://toon.at/donate/636948819261097211",
        "thumbnail": "https://i.ytimg.com/vi/Fd7_mQ1zedg/mqdefault.jpg",
        "youtubeVideoId": "Fd7_mQ1zedg",
        "uploadedDate": "2021-05-16T05:21:59Z",
        "viewCount": 250709,
        "isCommercial": "False"
    },
    {
        "id": "5eea3cf3-e80f-4211-a86d-b71c9df7f383",
        "title": "고인물 초빙석 철권 최강자 아빠킹님 시청자 패기 20연승 ;;",
        "description": "트위치 생방 주소 ㄱ\nhttps://www.twitch.tv/pjs9073\n\n아빠킹님 유튜브\nhttps://www.youtube.com/user/rkaekw\n\n고인물 초빙석 신청하기!\n자신이 어떤 분야의 고인물인지 간략한 소개와 내용을 \na2449072@naver.com 로 보내주세요!",
        "thumbnail": "https://i.ytimg.com/vi/VYRfIvxxRhI/mqdefault.jpg",
        "youtubeVideoId": "VYRfIvxxRhI",
        "uploadedDate": "2019-09-29T04:16:35Z",
        "viewCount": 266121,
        "isCommercial": "False"
    },
    {
        "id": "ff0456f0-0376-4edc-abae-5c42ba126915",
        "title": "죽으면 다 벗어서 정지먹는 야겜을 스피드런한다고..? 푸린이 무친놈아 제발!!!",
        "description": "편집자 by 콩석\n\n썸네일 by 콩석\n\n트위치 생방 주소 ㄱ\nhttps://www.twitch.tv/pjs9073\n\n후원\nhttps://toon.at/donate/636948819261097211\n\n고인물 초빙석 신청하기!\n자신이 어떤 분야의 고인물인지 간략한 소개와 내용을 \na2449072@naver.com 로 보내주세요!",
        "thumbnail": "https://i.ytimg.com/vi/qA0V6OVDUhg/mqdefault.jpg",
        "youtubeVideoId": "qA0V6OVDUhg",
        "uploadedDate": "2021-05-10T04:40:53Z",
        "viewCount": 412312,
        "isCommercial": "False"
    },
    {
        "id": "cfd5a7b9-1205-4366-aa6c-c4373b059f91",
        "title": "고인물 난이도 최상;; 제작자도 예측 못한 미친 플레이! 리나메2 푸린 초빙석",
        "description": "#쫀득 #푸린 #고인물초빙석\n편집자 by 콩석\n\n썸네일 by 콩석\n\n고인물 초빙석 신청하기!\n자신이 어떤 분야의 고인물인지 간략한 소개와 내용을 \na2449072@naver.com 로 보내주세요!\n\n트위치 생방 주소 ㄱ\nhttps://www.twitch.tv/pjs9073\n\n후원\nhttps://toon.at/donate/636948819261097211",
        "thumbnail": "https://i.ytimg.com/vi/VWbv3ffdaLs/mqdefault.jpg",
        "youtubeVideoId": "VWbv3ffdaLs",
        "uploadedDate": "2021-11-30T07:00:02Z",
        "viewCount": 86278,
        "isCommercial": "False"
    },
    {
        "id": "b7fe5da1-9d26-4977-8224-ba5f6053893b",
        "title": "타짜랑 카드게임 하면 안되는 이유ㅋㅋㅋㅋ 도박 하지 마십쇼 여러분들...",
        "description": "#쫀득 #타짜 #김슬기\n편집자 by 콩석\n\n썸네일 by 콩석\n\n고인물 초빙석 신청하기!\n자신이 어떤 분야의 고인물인지 간략한 소개와 내용을 \na2449072@naver.com 로 보내주세요!\n\n트위치 생방 주소 ㄱ\nhttps://www.twitch.tv/pjs9073\n\n후원\nhttps://toon.at/donate/636948819261097211",
        "thumbnail": "https://i.ytimg.com/vi/ad2982EXM0I/mqdefault.jpg",
        "youtubeVideoId": "ad2982EXM0I",
        "uploadedDate": "2021-08-30T07:01:15Z",
        "viewCount": 154629,
        "isCommercial": "False"
    },
    {
        "id": "75e66097-fe43-4225-ad0f-8782569af11f",
        "title": "최고난도 레벨을 무기없이 안들키고 클리어하네;;; 디스아너드1 고인물 초빙석 푸린편",
        "description": "#디스아너드 #푸린 #고인물초빙석\n\n편집자 by 콩석\n\n썸네일 by 콩석\n\n고인물 초빙석 신청하기!\n자신이 어떤 분야의 고인물인지 간략한 소개와 내용을 \na2449072@naver.com 로 보내주세요!\n\n트위치 생방 주소 ㄱ\nhttps://www.twitch.tv/pjs9073\n\n후원\nhttps://toon.at/donate/636948819261097211",
        "thumbnail": "https://i.ytimg.com/vi/cZnqt4ZU45Y/mqdefault.jpg",
        "youtubeVideoId": "cZnqt4ZU45Y",
        "uploadedDate": "2021-07-13T05:37:32Z",
        "viewCount": 175455,
        "isCommercial": "False"
    },
    {
        "id": "9a0499ec-a6f6-464d-9465-faf02790148a",
        "title": "제작자오열ㅋㅋㅋㅋ 잇 테이크 투 맵 뚫어버리는 고인물들;; 12시간 짜리 겜 2시간만에 ;;",
        "description": "#쫀득 #푸린 #쬬호호\n편집자 by 콩석\n\n썸네일 by 콩석\n\n고인물 초빙석 신청하기!\n자신이 어떤 분야의 고인물인지 간략한 소개와 내용을 \na2449072@naver.com 로 보내주세요!\n\n트위치 생방 주소 ㄱ\nhttps://www.twitch.tv/pjs9073\n\n후원\nhttps://toon.at/donate/636948819261097211",
        "thumbnail": "https://i.ytimg.com/vi/yWb2pbTtiA8/mqdefault.jpg",
        "youtubeVideoId": "yWb2pbTtiA8",
        "uploadedDate": "2021-10-06T08:30:16Z",
        "viewCount": 17415,
        "isCommercial": "False"
    },
    {
        "id": "c9615003-c8ec-4b36-8edc-01710ad14301",
        "title": "고인물 초빙석 나루토의 아시아 1등!! 호카게 아빠킹 시청자 패기 20연승도전!!",
        "description": "트위치 생방 주소 ㄱ\nhttps://www.twitch.tv/pjs9073\n\n고인물 초빙석 신청하기!\n자신이 어떤 분야의 고인물인지 간략한 소개와 내용을 \na2449072@naver.com 로 보내주세요!",
        "thumbnail": "https://i.ytimg.com/vi/yTAmdZ4fWq4/mqdefault.jpg",
        "youtubeVideoId": "yTAmdZ4fWq4",
        "uploadedDate": "2019-11-16T04:28:38Z",
        "viewCount": 199201,
        "isCommercial": "False"
    },
    {
        "id": "55118ca3-089d-403a-a33f-3f5f7b5f6dcf",
        "title": "메탈 슬러그 세계 랭킹 1위의 스피드런 플레이 ;;",
        "description": "트위치 생방 주소 ㄱ\r\nhttps://www.twitch.tv/pjs9073\n\n고인물 초빙석 신청하기!\n자신이 어떤 분야의 고인물인지 간략한 소개와 내용을 \na2449072@naver.com 로 보내주세요!",
        "thumbnail": "https://i.ytimg.com/vi/qPv-F8gluCw/mqdefault.jpg",
        "youtubeVideoId": "qPv-F8gluCw",
        "uploadedDate": "2020-08-01T04:22:39Z",
        "viewCount": 205981,
        "isCommercial": "False"
    },
    {
        "id": "5b336377-d4cd-4b4d-bcd8-6f78ab9a0d0c",
        "title": "외국인들 앞에서 세상에서 가장 어려운게임 스피드런 보여줬다;; 레전드",
        "description": "트위치 생방 주소 ㄱ\nhttps://www.twitch.tv/pjs9073\n\n편집자 : 톤트\n\n고인물 초빙석 신청하기!\n자신이 어떤 분야의 고인물인지 간략한 소개와 내용을 \na2449072@naver.com 로 보내주세요!",
        "thumbnail": "https://i.ytimg.com/vi/W9UWbXVfiVI/mqdefault.jpg",
        "youtubeVideoId": "W9UWbXVfiVI",
        "uploadedDate": "2020-02-04T08:19:26Z",
        "viewCount": 526021,
        "isCommercial": "False"
    },
    {
        "id": "b0c25475-2fb7-43fa-89d9-fcdc3ad83c7b",
        "title": "전 세계 1등 푸린의 몬스트럼 ;; 최고 기록 갱신; 미쳤다 진짜",
        "description": "트위치 생방 주소 ㄱ\nhttps://www.twitch.tv/pjs9073\n\n고인물 초빙석 신청하기!\n자신이 어떤 분야의 고인물인지 간략한 소개와 내용을 \na2449072@naver.com 로 보내주세요!",
        "thumbnail": "https://i.ytimg.com/vi/pMcJmRetKxY/mqdefault.jpg",
        "youtubeVideoId": "pMcJmRetKxY",
        "uploadedDate": "2019-10-28T04:24:59Z",
        "viewCount": 218520,
        "isCommercial": "False"
    },
    {
        "id": "8d9fe103-8127-4eb5-ac04-1f82eb1b7f08",
        "title": "히트맨3 초초초 고난이도 플레이를 이렇게 잘할 수 있다고...? 미친거아니냐 진짜..?",
        "description": "편집자 by 콩석\n\n썸네일 by 콩석\n\n고인물 초빙석 신청하기!\n자신이 어떤 분야의 고인물인지 간략한 소개와 내용을 \na2449072@naver.com 로 보내주세요!\n\n트위치 생방 주소 ㄱ\nhttps://www.twitch.tv/pjs9073\n\n후원\nhttps://toon.at/donate/636948819261097211",
        "thumbnail": "https://i.ytimg.com/vi/NHvq8yOf0ME/mqdefault.jpg",
        "youtubeVideoId": "NHvq8yOf0ME",
        "uploadedDate": "2021-05-25T06:48:04Z",
        "viewCount": 76132,
        "isCommercial": "False"
    },
    {
        "id": "479e34c1-b673-428f-b6ad-d8bfbb05ba40",
        "title": "바이오하자드2 엔딩까지 다 보고 환불하는법;;; 세계 기록 보유자의 환불런",
        "description": "트위치 생방 주소 ㄱ\r\nhttps://www.twitch.tv/pjs9073",
        "thumbnail": "https://i.ytimg.com/vi/x9KDgwT2O3k/mqdefault.jpg",
        "youtubeVideoId": "x9KDgwT2O3k",
        "uploadedDate": "2020-08-16T03:20:29Z",
        "viewCount": 222752,
        "isCommercial": "False"
    },
    {
        "id": "58c64782-5d61-4ee1-abd1-0bd980870bc0",
        "title": "디제이맥스 1위 레밀리아님의 풀콤 판정 77 77;;;  진짜 어이없어서 말이 안나옴 ㄹㅇ ;;",
        "description": "트위치 생방 주소 ㄱ\r\nhttps://www.twitch.tv/pjs9073\n\n고인물 초빙석 신청하기!\n자신이 어떤 분야의 고인물인지 간략한 소개와 내용을 \na2449072@naver.com 로 보내주세요!",
        "thumbnail": "https://i.ytimg.com/vi/ul-bq1_lTGc/mqdefault.jpg",
        "youtubeVideoId": "ul-bq1_lTGc",
        "uploadedDate": "2020-08-01T04:27:46Z",
        "viewCount": 179314,
        "isCommercial": "False"
    },
    {
        "id": "d9bf862f-d17e-4c15-aae5-2d3f810e16f2",
        "title": "최고난이도 20시간 걸리는거 3시간만에 깨는 푸린;; 에일리언 아이솔레이션",
        "description": "트위치 생방 주소 ㄱ\nhttps://www.twitch.tv/pjs9073\n\n고인물 초빙석 신청하기!\n자신이 어떤 분야의 고인물인지 간략한 소개와 내용을 \na2449072@naver.com 로 보내주세요!",
        "thumbnail": "https://i.ytimg.com/vi/LSc8YyiWcO0/mqdefault.jpg",
        "youtubeVideoId": "LSc8YyiWcO0",
        "uploadedDate": "2020-02-09T04:34:41Z",
        "viewCount": 174497,
        "isCommercial": "False"
    },
    {
        "id": "31d8ec28-142c-4d3b-b30f-14c90e811394",
        "title": "배틀필드 마스터 표림누나의 트롤링 고인물 초빙석 레전드 모음ㅋㅋㅋㅋㅋㅋㅋㅋㅋㅋㅋㅋ 개꿀잼",
        "description": "트위치 생방 주소 ㄱ\nhttps://www.twitch.tv/pjs9073\n\n고인물 초빙석 신청하기!\n자신이 어떤 분야의 고인물인지 간략한 소개와 내용을 \na2449072@naver.com 로 보내주세요!",
        "thumbnail": "https://i.ytimg.com/vi/Lb93EmbLKlQ/mqdefault.jpg",
        "youtubeVideoId": "Lb93EmbLKlQ",
        "uploadedDate": "2020-03-11T04:06:27Z",
        "viewCount": 248326,
        "isCommercial": "False"
    },
    {
        "id": "969e847b-cf99-4b7e-906e-59b646afed5a",
        "title": "철권 초고수의 뉴비 괴롭히는법ㅋㅋㅋㅋㅋㅋㅋㅋㅋㅋㅋㅋㅋㅋㅋㅋ w.아빠킹",
        "description": "#쫀득 #아빠킹 #철권\n편집자 by 콩석\n\n썸네일 by 콩석\n\n트위치 생방 주소 ㄱ\nhttps://www.twitch.tv/pjs9073\n\n후원\nhttps://toon.at/donate/636948819261097211",
        "thumbnail": "https://i.ytimg.com/vi/ZWsoennoMXw/mqdefault.jpg",
        "youtubeVideoId": "ZWsoennoMXw",
        "uploadedDate": "2022-01-20T06:59:58Z",
        "viewCount": 112501,
        "isCommercial": "False"
    },
    {
        "id": "ddb08cd4-f4bd-4ef1-b7e5-66a44f4ce1fa",
        "title": "전국 1위 디제이맥스 초고수 기계인간 레밀리아!! ㄹㅇ지림 고인물 초빙석 디제이맥스",
        "description": "고인물 초빙석 신청하기!\n자신이 어떤 분야의 고인물인지 간략한 소개와 내용을 \na2449072@naver.com 로 보내주세요!\n\n트위치 생방 주소 ㄱ\r\nhttps://www.twitch.tv/pjs9073",
        "thumbnail": "https://i.ytimg.com/vi/DmfREhdw1-c/mqdefault.jpg",
        "youtubeVideoId": "DmfREhdw1-c",
        "uploadedDate": "2020-06-18T04:44:17Z",
        "viewCount": 266507,
        "isCommercial": "False"
    },
    {
        "id": "828a08b7-c749-400e-a65f-96856b27013d",
        "title": "fps프로들은 진짜 다르구나;; 차원이 다른 미친 에임 게임플레이;; w.된모,갓데드,너불",
        "description": "#갓데드 #김된모 #너불\n편집자 by 홈랜드\n\n썸네일 by 홈랜드\n\n트위치 생방 주소 ㄱ\nhttps://www.twitch.tv/pjs9073\n\n후원\nhttps://toon.at/donate/636948819261097211",
        "thumbnail": "https://i.ytimg.com/vi/eWTbFJNPJF4/mqdefault.jpg",
        "youtubeVideoId": "eWTbFJNPJF4",
        "uploadedDate": "2022-06-27T06:59:24Z",
        "viewCount": 61128,
        "isCommercial": "False"
    },
    {
        "id": "44597204-ad59-4d73-8f69-acc0a1b4ca13",
        "title": "고인물은 바하7을 이렇게 빨리 깹니다ㄷㄷ;;? 전 세계 1등 기록 보유자 등장 ㄷㄷ 고인물 초빙석 푸린편",
        "description": "편집자 by 영팍\n\n썸네일 by 영팍\n\n고인물 초빙석 신청하기!\n자신이 어떤 분야의 고인물인지 간략한 소개와 내용을 \na2449072@naver.com 로 보내주세요!\n\n트위치 생방 주소 ㄱ\nhttps://www.twitch.tv/pjs9073\n\n후원\nhttps://toon.at/donate/636948819261097211",
        "thumbnail": "https://i.ytimg.com/vi/05442-QZVa0/mqdefault.jpg",
        "youtubeVideoId": "05442-QZVa0",
        "uploadedDate": "2021-03-25T03:08:46Z",
        "viewCount": 150817,
        "isCommercial": "False"
    },
    {
        "id": "98199823-7980-43d2-91a4-938cdb34ef3c",
        "title": "아니 암네시아를 무슨 40분만에 깨냐고 ㅋㅋㅋㅋㅋ 고인물 초빙석 푸린편",
        "description": "트위치 생방 주소 ㄱ\nhttps://www.twitch.tv/pjs9073\n\n고인물 초빙석 신청하기!\n자신이 어떤 분야의 고인물인지 간략한 소개와 내용을 \na2449072@naver.com 로 보내주세요!",
        "thumbnail": "https://i.ytimg.com/vi/Bh81HCH9_as/mqdefault.jpg",
        "youtubeVideoId": "Bh81HCH9_as",
        "uploadedDate": "2019-10-27T03:58:54Z",
        "viewCount": 175322,
        "isCommercial": "False"
    },
    {
        "id": "ede3b415-b312-45e4-b683-67da8ef14703",
        "title": "추억의 그 게임 데몬프론트 초고수 초빙석 왤케 잘하냐 진짜 ;;; 고인물 초빙석 데몬프론트 천제누구",
        "description": "고인물 초빙석 신청하기!\n자신이 어떤 분야의 고인물인지 간략한 소개와 내용을 \na2449072@naver.com 로 보내주세요!\n\n트위치 생방 주소 ㄱ\nhttps://www.twitch.tv/pjs9073\n\n후원\nhttps://toon.at/donate/636948819261097211",
        "thumbnail": "https://i.ytimg.com/vi/8NCIIlxgrVM/mqdefault.jpg",
        "youtubeVideoId": "8NCIIlxgrVM",
        "uploadedDate": "2021-01-15T04:30:36Z",
        "viewCount": 202255,
        "isCommercial": "False"
    },
    {
        "id": "ea06fc5c-f690-4a39-ab47-9e546d27f0d4",
        "title": "현실시간 400시간 걸리는 한국인은 절대로 못 깨는 게임 스피드런ㅋㅋㅋㅋㅋㅋ 개웃기네 진짜",
        "description": "트위치 생방 주소 ㄱ\r\nhttps://www.twitch.tv/pjs9073\n\n고인물 초빙석 신청하기!\n자신이 어떤 분야의 고인물인지 간략한 소개와 내용을 \na2449072@naver.com 로 보내주세요!",
        "thumbnail": "https://i.ytimg.com/vi/z01kC9hAK_s/mqdefault.jpg",
        "youtubeVideoId": "z01kC9hAK_s",
        "uploadedDate": "2020-06-08T04:27:16Z",
        "viewCount": 143051,
        "isCommercial": "False"
    },
    {
        "id": "48156daa-5666-40c5-993e-596582042b43",
        "title": "ㄹㅇ 레전드 카트 고인물 초빙석 형독의  민 수 모 드  카트라이더편",
        "description": "트위치 생방 주소 ㄱ\nhttps://www.twitch.tv/pjs9073\n\n고인물 초빙석 신청하기!\n자신이 어떤 분야의 고인물인지 간략한 소개와 내용을 \na2449072@naver.com 로 보내주세요!",
        "thumbnail": "https://i.ytimg.com/vi/xqVazcHCvz0/mqdefault.jpg",
        "youtubeVideoId": "xqVazcHCvz0",
        "uploadedDate": "2020-03-01T05:22:38Z",
        "viewCount": 153762,
        "isCommercial": "False"
    },
    {
        "id": "67d5a43b-fae1-4fb2-9262-11292cca8ab0",
        "title": "이 여자가 뭐길래 그를 이렇게 까지 하게 만들었을까..? w.푸린",
        "description": "트위치 생방 주소 ㄱ\nhttps://www.twitch.tv/pjs9073\n\n고인물 초빙석 신청하기!\n자신이 어떤 분야의 고인물인지 간략한 소개와 내용을 \na2449072@naver.com 로 보내주세요!",
        "thumbnail": "https://i.ytimg.com/vi/FM0e0FSzY-4/mqdefault.jpg",
        "youtubeVideoId": "FM0e0FSzY-4",
        "uploadedDate": "2019-08-24T03:30:29Z",
        "viewCount": 112974,
        "isCommercial": "False"
    },
    {
        "id": "bee752a3-7214-4ce8-bb1b-5172704389fb",
        "title": "바이오하자드2 초고수의 초스피드런 공략 ;;; 어케 이렇게 잘하냐",
        "description": "트위치 생방 주소 ㄱ\nhttps://www.twitch.tv/pjs9073\n\n고인물 초빙석 신청하기!\n자신이 어떤 분야의 고인물인지 간략한 소개와 내용을 \na2449072@naver.com 로 보내주세요!",
        "thumbnail": "https://i.ytimg.com/vi/uTLMQ9pnhD4/mqdefault.jpg",
        "youtubeVideoId": "uTLMQ9pnhD4",
        "uploadedDate": "2020-03-22T04:00:13Z",
        "viewCount": 175033,
        "isCommercial": "False"
    },
    {
        "id": "5ae97dd3-54a6-487a-a59e-9a11ac331051",
        "title": "철권 고인물의 상대를 열받게 하는 10가지 방법 2탄ㅋㅋㅋㅋㅋㅋㅋㅋㅋㅋ w.아빠킹",
        "description": "#철권 #아빠킹 #고인물\n편집자 by 콩석\n\n썸네일 by 콩석\n\n트위치 생방 주소 ㄱ\nhttps://www.twitch.tv/pjs9073\n\n후원\nhttps://toon.at/donate/636948819261097211",
        "thumbnail": "https://i.ytimg.com/vi/l9Ib2cJBvu8/mqdefault.jpg",
        "youtubeVideoId": "l9Ib2cJBvu8",
        "uploadedDate": "2022-01-19T06:01:14Z",
        "viewCount": 69770,
        "isCommercial": "False"
    },
    {
        "id": "56c97d7d-ad10-4914-a2ff-a9462cb77f6c",
        "title": "외국인들에게 한국인의 무서운 게임실력을 보여줬다",
        "description": "트위치 생방 주소 ㄱ\nhttps://www.twitch.tv/pjs9073\n\n고인물 초빙석 신청하기!\n자신이 어떤 분야의 고인물인지 간략한 소개와 내용을 \na2449072@naver.com 로 보내주세요!",
        "thumbnail": "https://i.ytimg.com/vi/B0xbMGKlrnQ/mqdefault.jpg",
        "youtubeVideoId": "B0xbMGKlrnQ",
        "uploadedDate": "2020-01-29T04:45:11Z",
        "viewCount": 316666,
        "isCommercial": "False"
    },
    {
        "id": "7a6f3692-765e-4799-942b-995a09053385",
        "title": "와 살면서 아웃라스트2 이렇게 잘하는사람 처음봄 ;;; ㄹㅇ레전드 고인물 스피드런",
        "description": "트위치 생방 주소 ㄱ\nhttps://www.twitch.tv/pjs9073\n\n고인물 초빙석 신청하기!\n자신이 어떤 분야의 고인물인지 간략한 소개와 내용을 \na2449072@naver.com 로 보내주세요!\n\n영상. 양하",
        "thumbnail": "https://i.ytimg.com/vi/Rl2jbGSOCuc/mqdefault.jpg",
        "youtubeVideoId": "Rl2jbGSOCuc",
        "uploadedDate": "2021-07-10T06:02:03Z",
        "viewCount": 147166,
        "isCommercial": "False"
    },
    {
        "id": "e2c7ea9f-3d90-431d-bac5-2f34f8d916c4",
        "title": "ㄹㅇ 공포게임 최강자 푸린 루시우스 초스피드 공략 레전드 ;;; 개쩐다 진짜로",
        "description": "트위치 생방 주소 ㄱ\nhttps://www.twitch.tv/pjs9073\n\n고인물 초빙석 신청하기!\n자신이 어떤 분야의 고인물인지 간략한 소개와 내용을 \na2449072@naver.com 로 보내주세요!",
        "thumbnail": "https://i.ytimg.com/vi/4ql6FNQx16w/mqdefault.jpg",
        "youtubeVideoId": "4ql6FNQx16w",
        "uploadedDate": "2020-05-02T03:45:31Z",
        "viewCount": 180204,
        "isCommercial": "False"
    },
    {
        "id": "43c66c0c-4ff3-4bbf-8581-d62c1fc0d9d0",
        "title": "디스아너드 초고수 ;; ㅁㅊ 개잘하네 진짜 고인물 초빙석 푸린편",
        "description": "트위치 생방 주소 ㄱ\nhttps://www.twitch.tv/pjs9073\n\n고인물 초빙석 신청하기!\n자신이 어떤 분야의 고인물인지 간략한 소개와 내용을 \na2449072@naver.com 로 보내주세요!",
        "thumbnail": "https://i.ytimg.com/vi/B9I1HIZTsb8/mqdefault.jpg",
        "youtubeVideoId": "B9I1HIZTsb8",
        "uploadedDate": "2020-01-23T03:47:26Z",
        "viewCount": 152520,
        "isCommercial": "False"
    },
    {
        "id": "c1d8c8f0-42b1-4fab-9a9f-afd6c2768cf9",
        "title": "아웃라스트를 7분만에 클리어 한다고ㅋㅋㅋㅋㅋㅋㅋ?? 미쳤다 진짜 풀영상 간다!",
        "description": "#쫀득 #푸린 #아웃라스트\n편집자 by 콩석\n\n썸네일 by 콩석\n\n고인물 초빙석 신청하기!\n자신이 어떤 분야의 고인물인지 간략한 소개와 내용을 \na2449072@naver.com 로 보내주세요!\n\n트위치 생방 주소 ㄱ\nhttps://www.twitch.tv/pjs9073\n\n후원\nhttps://toon.at/donate/636948819261097211",
        "thumbnail": "https://i.ytimg.com/vi/XZ6PfCrHOWU/mqdefault.jpg",
        "youtubeVideoId": "XZ6PfCrHOWU",
        "uploadedDate": "2021-10-05T07:01:09Z",
        "viewCount": 73099,
        "isCommercial": "False"
    },
    {
        "id": "525c415b-697a-4c10-84d8-8c24f3231fe8",
        "title": "엔더드래곤을 3분대에 잡을 수 있다고..?;; 버근가..? 마인크래프트 고인물 초빙석 르마편",
        "description": "편집자 by 영팍\n\n썸네일 by 영팍\n\n고인물 초빙석 신청하기!\n자신이 어떤 분야의 고인물인지 간략한 소개와 내용을 \na2449072@naver.com 로 보내주세요!\n\n트위치 생방 주소 ㄱ\nhttps://www.twitch.tv/pjs9073\n\n후원\nhttps://toon.at/donate/636948819261097211",
        "thumbnail": "https://i.ytimg.com/vi/VSOqhbQzv2k/mqdefault.jpg",
        "youtubeVideoId": "VSOqhbQzv2k",
        "uploadedDate": "2021-05-15T04:35:39Z",
        "viewCount": 169210,
        "isCommercial": "False"
    },
    {
        "id": "ecaac508-b57f-4be6-8824-0f17caa77a96",
        "title": "푸린이가 또 제 방송에서 다 벗는 야겜을 했습니다 ;;;",
        "description": "#푸린 #또린물푸린석 #노딱\n편집자 by 홈랜드\n\n썸네일 by 홈랜드\n\n트위치 생방 주소 ㄱ\nhttps://www.twitch.tv/pjs9073\n\n후원\nhttps://toon.at/donate/636948819261097211",
        "thumbnail": "https://i.ytimg.com/vi/uzW1Cno_CPM/mqdefault.jpg",
        "youtubeVideoId": "uzW1Cno_CPM",
        "uploadedDate": "2022-03-11T07:03:31Z",
        "viewCount": 178708,
        "isCommercial": "False"
    },
    {
        "id": "3c5c56a8-d9e5-4939-8bf1-238770426f15",
        "title": "몬스터헌터 쌍검 세계 기록 보유자 기본 갑옷 으로 최고난이도 몬스터잡기ㅋㅋㅋㅋㅋ 미쳤네 진짜 ㄷㄷㄷ",
        "description": "편집자 by 양하\n\n썸네일 by 이춘식\n\n트위치 생방 주소 ㄱ\nhttps://www.twitch.tv/pjs9073\n\n후원\nhttps://toon.at/donate/636948819261097211",
        "thumbnail": "https://i.ytimg.com/vi/qJVsv8qcIGk/mqdefault.jpg",
        "youtubeVideoId": "qJVsv8qcIGk",
        "uploadedDate": "2021-03-02T04:14:56Z",
        "viewCount": 151994,
        "isCommercial": "False"
    },
    {
        "id": "80d0c54b-ed2f-4afa-9884-a24ad81f9580",
        "title": "제작자도 놀란 더 포레스트 6분만에 클리어하는법 ㅋㅋㅋㅋㅋㅋ미쳤다 진짜",
        "description": "#쫀득 #푸린 #또린물푸린석\n편집자 by 콩석\n\n썸네일 by 콩석\n\n고인물 초빙석 신청하기!\n자신이 어떤 분야의 고인물인지 간략한 소개와 내용을 \na2449072@naver.com 로 보내주세요!\n\n트위치 생방 주소 ㄱ\nhttps://www.twitch.tv/pjs9073\n\n후원\nhttps://toon.at/donate/636948819261097211",
        "thumbnail": "https://i.ytimg.com/vi/pdYlv1GS2Mk/mqdefault.jpg",
        "youtubeVideoId": "pdYlv1GS2Mk",
        "uploadedDate": "2021-10-19T07:05:48Z",
        "viewCount": 99933,
        "isCommercial": "False"
    },
    {
        "id": "2233c369-b562-4c4b-a9f3-bdd03491d73a",
        "title": "일반 게이머들은 어려워하는걸 이렇게 깬다고;;??  암네시아 리버스 고인물초빙석 푸린",
        "description": "고인물 초빙석 신청하기!\n자신이 어떤 분야의 고인물인지 간략한 소개와 내용을 \na2449072@naver.com 로 보내주세요!\n\n트위치 생방 주소 ㄱ\nhttps://www.twitch.tv/pjs9073\n\n후원\nhttps://toon.at/donate/636948819261097211",
        "thumbnail": "https://i.ytimg.com/vi/oO0Adfc7jKw/mqdefault.jpg",
        "youtubeVideoId": "oO0Adfc7jKw",
        "uploadedDate": "2020-11-27T19:42:03Z",
        "viewCount": 144680,
        "isCommercial": "False"
    },
    {
        "id": "c6d374be-3996-4501-b39c-729b63bf7de5",
        "title": "아구님의 스타2 도합 400만 조회수짜리 엽 기 전 략 하울 ,DMZ, 올 마린 등등[ 고인물 스피드런 ]",
        "description": "트위치 생방 주소 ㄱ\nhttps://www.twitch.tv/pjs9073\n\n고인물 초빙석 신청하기!\n자신이 어떤 분야의 고인물인지 간략한 소개와 내용을 \na2449072@naver.com 로 보내주세요!",
        "thumbnail": "https://i.ytimg.com/vi/rhFXTupJD90/mqdefault.jpg",
        "youtubeVideoId": "rhFXTupJD90",
        "uploadedDate": "2019-08-10T03:11:22Z",
        "viewCount": 73522,
        "isCommercial": "False"
    },
    {
        "id": "eabb78ba-5d91-4315-9d8f-8eaff71a8b9f",
        "title": "저게 다 좀비야..??? 제작자도 놀랄 고인물의 개쩌는 플레이 ㄷㄷ;; 데아빌 고인물 초빙석",
        "description": "#쫀득 #데아빌 #비행돼지\n편집자 by 콩석\n\n썸네일 by 콩석\n\n편안하게 즐길 수 있는 데아빌 풀버전 영상링크\nhttps://youtu.be/6RNXdQugsX0\n\n고인물 초빙석 신청하기!\n자신이 어떤 분야의 고인물인지 간략한 소개와 내용을 \na2449072@naver.com 로 보내주세요!\n\n트위치 생방 주소 ㄱ\nhttps://www.twitch.tv/pjs9073\n\n후원\nhttps://toon.at/donate/636948819261097211",
        "thumbnail": "https://i.ytimg.com/vi/mNsfM-PCINM/mqdefault.jpg",
        "youtubeVideoId": "mNsfM-PCINM",
        "uploadedDate": "2021-10-18T07:00:48Z",
        "viewCount": 87490,
        "isCommercial": "False"
    },
    {
        "id": "a5eea2f4-23e3-4222-8a12-4db3b97d6f05",
        "title": "국내최초 디스아너드2 노살상,유령,노스킬 스피드런 ;;;; 미쳤다진짜 고인물초빙석",
        "description": "트위치 생방 주소 ㄱ\nhttps://www.twitch.tv/pjs9073\n\n고인물 초빙석 신청하기!\n자신이 어떤 분야의 고인물인지 간략한 소개와 내용을 \na2449072@naver.com 로 보내주세요!",
        "thumbnail": "https://i.ytimg.com/vi/aFlJjoSYSlg/mqdefault.jpg",
        "youtubeVideoId": "aFlJjoSYSlg",
        "uploadedDate": "2020-03-02T04:10:22Z",
        "viewCount": 168221,
        "isCommercial": "False"
    }
]