[
    {
        "id": "2e0812bc-5abc-46bb-b537-eff0dba707d5",
        "title": "쫀득의 큐티댄스.. 이건 그닥 안귀하네요..#Shorts",
        "description": "#Shorts #쫀득 #파티시엘\n편집자 by 효똘이\n\n썸네일 by 숏츠라 없엉\n\n트위치 생방 주소 ㄱ\nhttps://www.twitch.tv/pjs9073\n\n후원\nhttps://toon.at/donate/636948819261097211",
        "thumbnail": "https://i.ytimg.com/vi/g69BtigclZ8/mqdefault.jpg",
        "youtubeVideoId": "g69BtigclZ8",
        "uploadedDate": "2021-10-02T01:14:15Z",
        "viewCount": 17345,
        "isCommercial": "False"
    },
    {
        "id": "4ea5a908-e581-4f81-83a9-cbebcbf3b969",
        "title": "로아 밈섬 박제 하이라이트ㅋㅋㅋㅋ 빛강선 고마워!!",
        "description": "#Shorts #쫀득 #로스트아크\n편집자 by 콩석\n\n썸네일 by 콩석\n\n트위치 생방 주소 ㄱ\nhttps://www.twitch.tv/pjs9073\n\n후원\nhttps://toon.at/donate/636948819261097211",
        "thumbnail": "https://i.ytimg.com/vi/dj8TTZv4yVo/mqdefault.jpg",
        "youtubeVideoId": "dj8TTZv4yVo",
        "uploadedDate": "2021-11-06T09:33:47Z",
        "viewCount": 47016,
        "isCommercial": "False"
    },
    {
        "id": "cca0fc71-18e0-49e1-817a-97fd6281c84e",
        "title": "서로가 흥건해지는 거북알 크로 수엑스",
        "description": "#Shorts #쫀득 #딕헌터\n편집자 by 콩석\n\n썸네일 by 콩석\n\n트위치 생방 주소 ㄱ\nhttps://www.twitch.tv/pjs9073\n\n후원\nhttps://toon.at/donate/636948819261097211",
        "thumbnail": "https://i.ytimg.com/vi/fygrDdFGP6o/mqdefault.jpg",
        "youtubeVideoId": "fygrDdFGP6o",
        "uploadedDate": "2021-11-15T03:28:22Z",
        "viewCount": 37430,
        "isCommercial": "False"
    },
    {
        "id": "9a91f736-4601-4b80-98fe-ebc7b5ae2ea1",
        "title": "마술사랑 같이있으니까 나도 마술사 될 수 있음ㅋㅋㅋㅋㅋ #Shorts",
        "description": "#Shorts #마술 #김준표\n편집자 by 콩석\n\n썸네일 by 콩석\n\n트위치 생방 주소 ㄱ\nhttps://www.twitch.tv/pjs9073\n\n후원\nhttps://toon.at/donate/636948819261097211",
        "thumbnail": "https://i.ytimg.com/vi/z6ATTY6TZBs/mqdefault.jpg",
        "youtubeVideoId": "z6ATTY6TZBs",
        "uploadedDate": "2021-12-29T03:16:09Z",
        "viewCount": 114497,
        "isCommercial": "False"
    },
    {
        "id": "f017ef6a-448e-4a5e-9d49-8f6e34789d54",
        "title": "철권에 루피가 나타나면 생기는일ㅋㅋㅋㅋㅋㅋㅋ #Shorts",
        "description": "#Shorts #철권 #아빠킹\n\n편집자 by 콩석\n\n썸네일 by 콩석\n\n트위치 생방 주소 ㄱ\nhttps://www.twitch.tv/pjs9073\n\n후원\nhttps://toon.at/donate/636948819261097211",
        "thumbnail": "https://i.ytimg.com/vi/KqkODEsAuHA/mqdefault.jpg",
        "youtubeVideoId": "KqkODEsAuHA",
        "uploadedDate": "2022-01-21T03:31:02Z",
        "viewCount": 28410,
        "isCommercial": "False"
    },
    {
        "id": "38ee11a9-6dbb-49fe-ad6f-8c7ac8864d5b",
        "title": "트위치 1티어 여캠한테 마술 보여주기ㅋㅋ",
        "description": "#Shorts #한갱 #마술\n편집자 by 콩석\n\n썸네일 by 콩석\n\n트위치 생방 주소 ㄱ\nhttps://www.twitch.tv/pjs9073\n\n후원\nhttps://toon.at/donate/636948819261097211",
        "thumbnail": "https://i.ytimg.com/vi/kv6nunPJEK8/mqdefault.jpg",
        "youtubeVideoId": "kv6nunPJEK8",
        "uploadedDate": "2022-03-18T02:13:30Z",
        "viewCount": 64912,
        "isCommercial": "False"
    },
    {
        "id": "ff26dd46-a6ed-45d8-86f2-ed9ef972f9a5",
        "title": "여자 스트리머에게 모든걸 다 시킬수 있다면?ㅋㅋㅋㅋㅋㅋㅋㅋㅋㅋㅋㅋ",
        "description": "#임나은 #맛있어지는주문 #모에모에큥\n구성 by 콩석\n\n편집 by 콩석\n\n트위치 생방 주소 ㄱ\nhttps://www.twitch.tv/pjs9073\n\n후원\nhttps://toon.at/donate/636948819261097211",
        "thumbnail": "https://i.ytimg.com/vi/QILTXvmvGOw/mqdefault.jpg",
        "youtubeVideoId": "QILTXvmvGOw",
        "uploadedDate": "2022-06-08T03:01:10Z",
        "viewCount": 30559,
        "isCommercial": "False"
    },
    {
        "id": "72056986-17fe-4e12-9cf0-eebc58488d39",
        "title": "능숙하고 젠틀하게 새를 부리는 드루이드 원ㅋㅋㅋㅋㅋㅋㅋ(w.원정상)",
        "description": "구성 by 홈랜드\n\n편집 by 홈랜드\n\n트위치 생방 주소 ㄱ\nhttps://www.twitch.tv/pjs9073\n\n후원\nhttps://toon.at/donate/636948819261097211",
        "thumbnail": "https://i.ytimg.com/vi/vs77JknKBJ4/mqdefault.jpg",
        "youtubeVideoId": "vs77JknKBJ4",
        "uploadedDate": "2022-06-13T03:00:46Z",
        "viewCount": 33220,
        "isCommercial": "False"
    },
    {
        "id": "d3867dee-fcf3-4325-934f-37ffde222f1e",
        "title": "시청자 13,000명을 웃긴 수박 빨리 먹기ㅋㅋㅋㅋㅋㅋㅋㅋㅋㅋ",
        "description": "#앵그리보이 #수박빨리먹기 #틱톡\n구성 by 콩석\n\n편집 by 콩석\n\n트위치 생방 주소 ㄱ\nhttps://www.twitch.tv/pjs9073\n\n후원\nhttps://toon.at/donate/636948819261097211",
        "thumbnail": "https://i.ytimg.com/vi/1VUGz0r-8M0/mqdefault.jpg",
        "youtubeVideoId": "1VUGz0r-8M0",
        "uploadedDate": "2022-06-15T03:00:39Z",
        "viewCount": 117145,
        "isCommercial": "False"
    },
    {
        "id": "7200c6a3-0e6e-432c-9b3f-bf1f77c041e7",
        "title": "모코코가 되어버린 와꾸바바의 라일라이ㅋㅋㅋㅋㅋㅋㅋㅋㅋㅋ",
        "description": "#코스프레 #모코코 #라일라이\n구성 by 홈랜드\n\n편집 by 홈랜드\n\n트위치 생방 주소 ㄱ\nhttps://www.twitch.tv/pjs9073\n\n후원\nhttps://toon.at/donate/636948819261097211",
        "thumbnail": "https://i.ytimg.com/vi/jq-D45pRWhE/mqdefault.jpg",
        "youtubeVideoId": "jq-D45pRWhE",
        "uploadedDate": "2022-06-17T03:01:06Z",
        "viewCount": 14194,
        "isCommercial": "False"
    },
    {
        "id": "1646bece-9559-4ece-9994-cf4712414d93",
        "title": "캠핑 중 돌판에 바로 구운 삽겹살 구이... 와 김치까지...!!!",
        "description": "#먹방 #돌판 #삼겹살\n구성 by 콩석\n\n편집 by 콩석\n\n트위치 생방 주소 ㄱ\nhttps://www.twitch.tv/pjs9073\n\n후원\nhttps://toon.at/donate/636948819261097211",
        "thumbnail": "https://i.ytimg.com/vi/wXXu1u9jLXA/mqdefault.jpg",
        "youtubeVideoId": "wXXu1u9jLXA",
        "uploadedDate": "2022-06-20T03:00:41Z",
        "viewCount": 19188,
        "isCommercial": "False"
    },
    {
        "id": "da13f811-b0ae-42e5-9952-3a20fad13f2b",
        "title": "카페에 납신 중전 마마ㅋㅋㅋㅋ 부끄러워서 돌아가는 거 개웃기네ㅋㅋㅋㅋㅋ",
        "description": "구성 by 콩석\n\n편집 by 콩석\n\n트위치 생방 주소 ㄱ\nhttps://www.twitch.tv/pjs9073\n\n후원\nhttps://toon.at/donate/636948819261097211",
        "thumbnail": "https://i.ytimg.com/vi/4r1SgkAyVEI/mqdefault.jpg",
        "youtubeVideoId": "4r1SgkAyVEI",
        "uploadedDate": "2022-06-22T02:59:55Z",
        "viewCount": 39509,
        "isCommercial": "False"
    },
    {
        "id": "c864cb5e-f924-49a8-a473-2d625b63b855",
        "title": "절대 웃음 못 참는 레전드 눈썰매 영상ㅋㅋㅋㅋㅋㅋ 아니 뭔데 저게 ㅋㅋㅋㅋㅋ",
        "description": "#웃참 #눈썰매 #쫀득\n구성 by 홈랜드 \n\n편집 by 홈랜드 \n\n트위치 생방 주소 ㄱ\nhttps://www.twitch.tv/pjs9073\n\n후원\nhttps://toon.at/donate/636948819261097211",
        "thumbnail": "https://i.ytimg.com/vi/QbswU1u2Jsw/mqdefault.jpg",
        "youtubeVideoId": "QbswU1u2Jsw",
        "uploadedDate": "2022-06-23T03:03:32Z",
        "viewCount": 19714,
        "isCommercial": "False"
    },
    {
        "id": "577dc74e-358a-4e38-b6f1-9b3e6d3b3e1b",
        "title": "아니 선풍기 회전초밥 뭔데ㅋㅋㅋㅋ 미풍초밥 오픈ㅋㅋㅋㅋㅋㅋㅋ",
        "description": "#이녕 #회전초밥 #웃음참기\n구성 by 콩석\n\n편집 by 콩석\n\n트위치 생방 주소 ㄱ\nhttps://www.twitch.tv/pjs9073\n\n후원\nhttps://toon.at/donate/636948819261097211",
        "thumbnail": "https://i.ytimg.com/vi/IXuTCLFI4_o/mqdefault.jpg",
        "youtubeVideoId": "IXuTCLFI4_o",
        "uploadedDate": "2022-07-01T03:00:09Z",
        "viewCount": 52500,
        "isCommercial": "False"
    },
    {
        "id": "ac021cc7-ff3a-40a3-a1ab-e89fbaad0f4d",
        "title": "위치를 자유자재로 바꾸는 마술사의 야바위;; 이거 뭐냐 진짜...?",
        "description": "#김준표 #마술 #야바위\n구성 by 콩석\n\n편집 by 콩석\n\n트위치 생방 주소 ㄱ\nhttps://www.twitch.tv/pjs9073\n\n후원\nhttps://toon.at/donate/636948819261097211",
        "thumbnail": "https://i.ytimg.com/vi/y5grMjMkTw8/mqdefault.jpg",
        "youtubeVideoId": "y5grMjMkTw8",
        "uploadedDate": "2022-07-04T03:03:05Z",
        "viewCount": 30593,
        "isCommercial": "False"
    },
    {
        "id": "26436d72-ecb6-4ce9-9d2f-337065f39b55",
        "title": "일반인은 절대 이해 못하는 3단컵 야바위! 아니 언제 이동시킨거야...??",
        "description": "#김준표 #야바위 #마술\n구성 by 콩석\n\n편집 by 콩석\n\n트위치 생방 주소 ㄱ\nhttps://www.twitch.tv/pjs9073\n\n후원\nhttps://toon.at/donate/636948819261097211",
        "thumbnail": "https://i.ytimg.com/vi/xUpMHlb5D7E/mqdefault.jpg",
        "youtubeVideoId": "xUpMHlb5D7E",
        "uploadedDate": "2022-07-06T03:00:10Z",
        "viewCount": 29029,
        "isCommercial": "False"
    },
    {
        "id": "3877bbdb-e3b2-429f-a745-cd8805198bd3",
        "title": "세상이 버그 난 거 같은 카드 야바위... 아니 왜 거기서 나와??",
        "description": "#김준표 #야바위 #마술\n구성 by 콩석\n\n편집 by 콩석\n\n트위치 생방 주소 ㄱ\nhttps://www.twitch.tv/pjs9073\n\n후원\nhttps://toon.at/donate/636948819261097211",
        "thumbnail": "https://i.ytimg.com/vi/ozqaNi-GAUg/mqdefault.jpg",
        "youtubeVideoId": "ozqaNi-GAUg",
        "uploadedDate": "2022-07-08T03:00:31Z",
        "viewCount": 24222,
        "isCommercial": "False"
    },
    {
        "id": "73aa9401-0077-4cd2-8a8f-19316db62dee",
        "title": "공포 게임 하다가 기절해버린 달걀누이ㅋㅋㅋㅋㅋ 아니 진짜 죽은 거 아니야...?ㅋㅋㅋㅋ",
        "description": "#김달걀 #웃참 #shorts \n구성 by 콩석\n\n편집 by 콩석\n\n트위치 생방 주소 ㄱ\nhttps://www.twitch.tv/pjs9073\n\n후원\nhttps://toon.at/donate/636948819261097211",
        "thumbnail": "https://i.ytimg.com/vi/3UwxGkvoREs/mqdefault.jpg",
        "youtubeVideoId": "3UwxGkvoREs",
        "uploadedDate": "2022-07-13T03:02:52Z",
        "viewCount": 37662,
        "isCommercial": "False"
    },
    {
        "id": "fbb4d42f-6327-4c60-9940-810e6e5c2cc9",
        "title": "마술사랑 카드게임 하면 안되는 이유ㅋㅋㅋㅋㅋㅋㅋ",
        "description": "#김준표 #카라미 #마술\n구성 by 콩석 \n\n편집 by 콩석 \n\n트위치 생방 주소 ㄱ\nhttps://www.twitch.tv/pjs9073\n\n후원\nhttps://toon.at/donate/636948819261097211",
        "thumbnail": "https://i.ytimg.com/vi/9Zeq8ix_-fU/mqdefault.jpg",
        "youtubeVideoId": "9Zeq8ix_-fU",
        "uploadedDate": "2022-07-15T03:00:43Z",
        "viewCount": 44528,
        "isCommercial": "False"
    },
    {
        "id": "57d52fd4-ddbf-46dd-9ae3-e3e6dd16eaec",
        "title": "철권에서 택견으로 날먹하는 법ㅋㅋㅋㅋㅋ 이크 에크 파크 개웃기네 진짜ㅋㅋㅋㅋㅋㅋ",
        "description": "#아빠킹 #철권 #날먹\n구성 by 콩석\n\n편집 by 콩석\n\n트위치 생방 주소 ㄱ\nhttps://www.twitch.tv/pjs9073\n\n후원\nhttps://toon.at/donate/636948819261097211",
        "thumbnail": "https://i.ytimg.com/vi/iGvAsiabqMM/mqdefault.jpg",
        "youtubeVideoId": "iGvAsiabqMM",
        "uploadedDate": "2022-07-18T03:00:16Z",
        "viewCount": 25630,
        "isCommercial": "False"
    },
    {
        "id": "10ce8897-9de4-469f-8d02-cd0919593a9e",
        "title": "킹오파 초고수 여캠ㅋㅋㅋㅋ 아니 옆에서 입딜 계속 넣네ㅋㅋㅋㅋㅋ",
        "description": "#짬타수아 #킹오파 #shorts\n구성 by 홈랜드\n\n편집 by 홈랜드\n\n트위치 생방 주소 ㄱ\nhttps://www.twitch.tv/pjs9073\n\n후원\nhttps://toon.at/donate/636948819261097211",
        "thumbnail": "https://i.ytimg.com/vi/O3nb8QobMO8/mqdefault.jpg",
        "youtubeVideoId": "O3nb8QobMO8",
        "uploadedDate": "2022-07-20T03:00:12Z",
        "viewCount": 28338,
        "isCommercial": "False"
    },
    {
        "id": "c617d64e-d368-4ed1-b850-3b979631286d",
        "title": "수백 번 돌려봐도 이해 안 가는 타짜의 카드 야바위....",
        "description": "#김슬기 #타짜 #야바위\n구성 by 콩석\n\n편집 by 콩석\n\n트위치 생방 주소 ㄱ\nhttps://www.twitch.tv/pjs9073\n\n후원\nhttps://toon.at/donate/636948819261097211",
        "thumbnail": "https://i.ytimg.com/vi/FFV6j_YMXc8/mqdefault.jpg",
        "youtubeVideoId": "FFV6j_YMXc8",
        "uploadedDate": "2022-07-22T03:00:18Z",
        "viewCount": 48937,
        "isCommercial": "False"
    },
    {
        "id": "ebe43b60-63a4-4cf2-ace3-4e6b98dc6642",
        "title": "일반인은 전혀 알아차릴 수 없는 타짜의 밑장 빼기...  아니 진짜 어떻게 빼는 거야;;;??",
        "description": "#타짜 #김슬기 #밑장빼기\n구성 by 콩석\n\n편집 by 콩석\n\n트위치 생방 주소 ㄱ\nhttps://www.twitch.tv/pjs9073\n\n후원\nhttps://toon.at/donate/636948819261097211",
        "thumbnail": "https://i.ytimg.com/vi/1aEQZFRn5mU/mqdefault.jpg",
        "youtubeVideoId": "1aEQZFRn5mU",
        "uploadedDate": "2022-07-25T03:00:23Z",
        "viewCount": 43115,
        "isCommercial": "False"
    },
    {
        "id": "d932fc74-091e-4e5a-9735-732dcd8d213d",
        "title": "타짜의 놀라운 중장 빼기 기술... 아니 중간에 있는 걸 뺄 수 있어...?!!",
        "description": "#김슬기 #타짜 #마술\n구성 by 콩석\n\n편집 by 콩석\n\n트위치 생방 주소 ㄱ\nhttps://www.twitch.tv/pjs9073\n\n후원\nhttps://toon.at/donate/636948819261097211",
        "thumbnail": "https://i.ytimg.com/vi/nsDZRxjeio8/mqdefault.jpg",
        "youtubeVideoId": "nsDZRxjeio8",
        "uploadedDate": "2022-07-27T03:00:59Z",
        "viewCount": 55152,
        "isCommercial": "False"
    },
    {
        "id": "a9bbb736-9371-4473-8902-a2f42734c2c7",
        "title": "타짜랑 도박하면 안 되는 이유...",
        "description": "#김슬기 #타짜 #마술\n구성 by 콩석\n\n편집 by 콩석\n\n트위치 생방 주소 ㄱ\nhttps://www.twitch.tv/pjs9073\n\n후원\nhttps://toon.at/donate/636948819261097211",
        "thumbnail": "https://i.ytimg.com/vi/7XP1fXEs0Bk/mqdefault.jpg",
        "youtubeVideoId": "7XP1fXEs0Bk",
        "uploadedDate": "2022-07-29T03:01:54Z",
        "viewCount": 46513,
        "isCommercial": "False"
    },
    {
        "id": "6d5f882e-717d-46d9-8fe7-8f9718b111c2",
        "title": "자연스러운 스킨십이 가능한 동전 마술ㅋㅋㅋ 여러분도 따라해 보세요~",
        "description": "#김준표 #마젠타 #마술\n구성 by 콩석\n\n편집 by 콩석\n\n트위치 생방 주소 ㄱ\nhttps://www.twitch.tv/pjs9073\n\n후원\nhttps://toon.at/donate/636948819261097211",
        "thumbnail": "https://i.ytimg.com/vi/h6TktEMOg6Y/mqdefault.jpg",
        "youtubeVideoId": "h6TktEMOg6Y",
        "uploadedDate": "2022-08-01T03:01:10Z",
        "viewCount": 67037,
        "isCommercial": "False"
    },
    {
        "id": "0de25aa2-685f-452e-b89b-102eccfe343b",
        "title": "모르는 사람 헌팅 거절하려 했는데 너무 웃긴 사람일 때 ㅋㅋㅋㅋㅋㅋㅋ",
        "description": "#주둥이 #이녕 #shorts\n구성 by 쫀득\n\n편집 by 콩석\n\n트위치 생방 주소 ㄱ\nhttps://www.twitch.tv/pjs9073\n\n후원\nhttps://toon.at/donate/636948819261097211",
        "thumbnail": "https://i.ytimg.com/vi/AMX-kebBgOk/mqdefault.jpg",
        "youtubeVideoId": "AMX-kebBgOk",
        "uploadedDate": "2022-08-03T03:01:49Z",
        "viewCount": 49088,
        "isCommercial": "False"
    },
    {
        "id": "fd27f5b5-ca30-431e-8be2-3ba5761b21fc",
        "title": "손가락이랑 컵 손잡이로 하는 링 마술... 아니 언제 통과하는 거야??????",
        "description": "#임마술 #김준표 #마술\n구성 by 콩석\n\n편집 by 콩석\n\n트위치 생방 주소 ㄱ\nhttps://www.twitch.tv/pjs9073\n\n후원\nhttps://toon.at/donate/636948819261097211",
        "thumbnail": "https://i.ytimg.com/vi/OGt-imyHV8U/mqdefault.jpg",
        "youtubeVideoId": "OGt-imyHV8U",
        "uploadedDate": "2022-08-08T03:00:11Z",
        "viewCount": 48922,
        "isCommercial": "False"
    },
    {
        "id": "e42fde58-ee45-4544-9bb0-4169d9350c61",
        "title": "손가락 단 하나로 카드 찾는 마술... 아니 원터치로 찾아버리네ㅋㅋㅋㅋ",
        "description": "#임마술 #김준표 #마술 \n구성 by 콩석\n\n편집 by 콩석\n\n트위치 생방 주소 ㄱ\nhttps://www.twitch.tv/pjs9073\n\n후원\nhttps://toon.at/donate/636948819261097211",
        "thumbnail": "https://i.ytimg.com/vi/AVgIkqNbP_8/mqdefault.jpg",
        "youtubeVideoId": "AVgIkqNbP_8",
        "uploadedDate": "2022-08-10T03:00:19Z",
        "viewCount": 58363,
        "isCommercial": "False"
    },
    {
        "id": "f58db22f-1702-465d-9eea-0d513af3a8c1",
        "title": "마술사도 놀라는 동전 마술... 아니 어떻게 사라지는 거야...?????",
        "description": "#김준표 #임마술 #마술\n구성 by 콩석\n\n편집 by 콩석\n\n트위치 생방 주소 ㄱ\nhttps://www.twitch.tv/pjs9073\n\n후원\nhttps://toon.at/donate/636948819261097211",
        "thumbnail": "https://i.ytimg.com/vi/U9-pYDZ5XNk/mqdefault.jpg",
        "youtubeVideoId": "U9-pYDZ5XNk",
        "uploadedDate": "2022-08-12T03:00:14Z",
        "viewCount": 67906,
        "isCommercial": "False"
    },
    {
        "id": "277854b6-cf65-4396-b6a0-f67317ecc2b9",
        "title": "마술왕의 기가 막힌 입으로 카드 찾기ㅋㅋㅋㅋ 이걸 보험으로 찾아버리네ㅋㅋㅋㅋㅋㅋㅋ",
        "description": "#마술왕 #김유정국 #마술\n구성 by 콩석 \n\n편집 by 콩석 \n\n트위치 생방 주소 ㄱ\nhttps://www.twitch.tv/pjs9073\n\n후원\nhttps://toon.at/donate/636948819261097211",
        "thumbnail": "https://i.ytimg.com/vi/fTGa6yUOC7s/mqdefault.jpg",
        "youtubeVideoId": "fTGa6yUOC7s",
        "uploadedDate": "2022-08-17T03:00:54Z",
        "viewCount": 56049,
        "isCommercial": "False"
    },
    {
        "id": "537daf85-0a54-498b-bd2d-4fb17077dc2e",
        "title": "순식간에 바뀌는 카드 뒷면 색ㅋㅋㅋㅋㅋ 아니 언제 바뀌는 거야",
        "description": "#쫀득 #마술 #임마술 \n구성 by 콩석\n\n편집 by 콩석\n\n트위치 생방 주소 ㄱ\nhttps://www.twitch.tv/pjs9073\n\n후원\nhttps://toon.at/donate/636948819261097211",
        "thumbnail": "https://i.ytimg.com/vi/V87okbmX5mc/mqdefault.jpg",
        "youtubeVideoId": "V87okbmX5mc",
        "uploadedDate": "2022-08-19T03:02:39Z",
        "viewCount": 42785,
        "isCommercial": "False"
    },
    {
        "id": "5b9079b0-90e8-4e53-8bbc-08b85c65b4c4",
        "title": "톡 건드리면 바뀌는 카드... 아니 진짜 마법인가...?",
        "description": "#마술왕 #마술 #김유정국\n구성 by 콩석\n\n편집 by 콩석\n\n트위치 생방 주소 ㄱ\nhttps://www.twitch.tv/pjs9073\n\n후원\nhttps://toon.at/donate/636948819261097211",
        "thumbnail": "https://i.ytimg.com/vi/xgk0zENHEAI/mqdefault.jpg",
        "youtubeVideoId": "xgk0zENHEAI",
        "uploadedDate": "2022-08-24T03:00:25Z",
        "viewCount": 24299,
        "isCommercial": "False"
    },
    {
        "id": "8274d9a9-48a2-45c9-8627-060bc6d3de17",
        "title": "카드 사이를 자유자재로 순간이동하는 동전 마술...(마지막 주의)",
        "description": "#임마술 #마술 #동전마술\n구성 by 콩석\n\n편집 by 콩석\n\n트위치 생방 주소 ㄱ\nhttps://www.twitch.tv/pjs9073\n\n후원\nhttps://toon.at/donate/636948819261097211",
        "thumbnail": "https://i.ytimg.com/vi/trjwj8Z-n3Q/mqdefault.jpg",
        "youtubeVideoId": "trjwj8Z-n3Q",
        "uploadedDate": "2022-08-26T03:01:10Z",
        "viewCount": 42985,
        "isCommercial": "False"
    },
    {
        "id": "8a2a3232-5be6-408b-808c-9127b53d90a3",
        "title": "예상을 비트는 최고의 동전 마술... 아니 마지막 반전 뭔데?!",
        "description": "#임마술 #마술 #동전마술\n구성 by 콩석\n\n편집 by 콩석\n\n트위치 생방 주소 ㄱ\nhttps://www.twitch.tv/pjs9073\n\n후원\nhttps://toon.at/donate/636948819261097211",
        "thumbnail": "https://i.ytimg.com/vi/KfCHVInXFcc/mqdefault.jpg",
        "youtubeVideoId": "KfCHVInXFcc",
        "uploadedDate": "2022-08-29T03:00:27Z",
        "viewCount": 30240,
        "isCommercial": "False"
    },
    {
        "id": "6b0c0dbc-af85-46f5-8ab6-a2113f62707e",
        "title": "병 안에 열쇠 집어넣는 마술... 아니 이게 간단하다고요???",
        "description": "#마술 #임마술 #병마술\n구성 by 콩석\n\n편집 by 콩석\n\n트위치 생방 주소 ㄱ\nhttps://www.twitch.tv/pjs9073\n\n후원\nhttps://toon.at/donate/636948819261097211",
        "thumbnail": "https://i.ytimg.com/vi/gKtQYdjHteA/mqdefault.jpg",
        "youtubeVideoId": "gKtQYdjHteA",
        "uploadedDate": "2022-08-31T03:08:57Z",
        "viewCount": 32708,
        "isCommercial": "False"
    },
    {
        "id": "bb12b984-cb02-4f12-ad24-776a9d820fc1",
        "title": "미친 빌드업의 가스라이팅 마술...",
        "description": "#마술 #카드마술 #임마술\n구성 by 유도비\n\n편집 by 유도비\n\n트위치 생방 주소 ㄱ\nhttps://www.twitch.tv/pjs9073\n\n후원\nhttps://toon.at/donate/636948819261097211",
        "thumbnail": "https://i.ytimg.com/vi/DTjieohPz4c/mqdefault.jpg",
        "youtubeVideoId": "DTjieohPz4c",
        "uploadedDate": "2022-09-02T03:00:01Z",
        "viewCount": 66048,
        "isCommercial": "False"
    },
    {
        "id": "17b0c75a-dd5b-42cf-bf19-520e58ffc46e",
        "title": "혼자 게임하는 아빠킹식 철권ㅋㅋㅋㅋㅋㅋㅋㅋ이게머야",
        "description": "#철권7 #아빠킹 #날먹\n구성 by 콩석\n\n편집 by 콩석\n\n트위치 생방 주소 ㄱ\nhttps://www.twitch.tv/pjs9073\n\n후원\nhttps://toon.at/donate/636948819261097211",
        "thumbnail": "https://i.ytimg.com/vi/ignv5KCtek0/mqdefault.jpg",
        "youtubeVideoId": "ignv5KCtek0",
        "uploadedDate": "2022-09-05T03:00:32Z",
        "viewCount": 17442,
        "isCommercial": "False"
    },
    {
        "id": "83e28a27-f602-4f91-980b-e506ce8f9e5f",
        "title": "철권에서 닭발로 패는 사람ㅋㅋㅋㅋㅋㅋㅋㅋㅋㅋㅋㅋ",
        "description": "#철권7 #아빠킹 #파쿰람\n구성 by 콩석 \n\n편집 by 콩석\n\n트위치 생방 주소 ㄱ\nhttps://www.twitch.tv/pjs9073\n\n후원\nhttps://toon.at/donate/636948819261097211",
        "thumbnail": "https://i.ytimg.com/vi/BpmRFjOQ4rc/mqdefault.jpg",
        "youtubeVideoId": "BpmRFjOQ4rc",
        "uploadedDate": "2022-09-07T03:00:29Z",
        "viewCount": 40087,
        "isCommercial": "False"
    },
    {
        "id": "73ca4781-db52-4784-88f2-dccc7e780866",
        "title": "보는 사람이 아파오는 아머킹 플레이ㅋㅋㅋㅋㅋㅋㅋㅋㅋㅋ",
        "description": "#아빠킹 #철권 #날먹\n구성 by 콩석\n\n편집 by 콩석\n\n트위치 생방 주소 ㄱ\nhttps://www.twitch.tv/pjs9073\n\n후원\nhttps://toon.at/donate/636948819261097211",
        "thumbnail": "https://i.ytimg.com/vi/aXnte8fmtW8/mqdefault.jpg",
        "youtubeVideoId": "aXnte8fmtW8",
        "uploadedDate": "2022-09-09T07:00:16Z",
        "viewCount": 46828,
        "isCommercial": "False"
    },
    {
        "id": "d2a509c8-ea4c-4e2d-822a-c43fd91fd123",
        "title": "지 혼자 무기로 얍샵이 쓰는 녹티스ㅋㅋㅋㅋㅋㅋㅋㅋㅋㅋㅋㅋㅋㅋㅋ",
        "description": "#아빠킹 #철권7 #녹티스 \n구성 by 콩석\n\n편집 by 콩석\n\n트위치 생방 주소 ㄱ\nhttps://www.twitch.tv/pjs9073\n\n후원\nhttps://toon.at/donate/636948819261097211",
        "thumbnail": "https://i.ytimg.com/vi/dxyFyzjPAIY/mqdefault.jpg",
        "youtubeVideoId": "dxyFyzjPAIY",
        "uploadedDate": "2022-09-13T03:04:37Z",
        "viewCount": 28041,
        "isCommercial": "False"
    },
    {
        "id": "460bc46d-9cb9-47b9-82ca-34daef6f3d9a",
        "title": "철권의 코레일 뺨치는 간류 기차ㅋㅋㅋㅋㅋㅋㅋ",
        "description": "#아빠킹 #철권 #날먹\n편집자 by 콩석\n\n썸네일 by 콩석\n\n트위치 생방 주소 ㄱ\nhttps://www.twitch.tv/pjs9073\n\n후원\nhttps://toon.at/donate/636948819261097211",
        "thumbnail": "https://i.ytimg.com/vi/wkukntf9eno/mqdefault.jpg",
        "youtubeVideoId": "wkukntf9eno",
        "uploadedDate": "2022-09-14T03:00:26Z",
        "viewCount": 40540,
        "isCommercial": "False"
    },
    {
        "id": "12a84f36-fc67-426c-a076-4063efde9d23",
        "title": "빠킹류 오의 무야호만 쓰는 리디아ㅋㅋㅋㅋㅋㅋㅋㅋㅋㅋㅋㅋ",
        "description": "#아빠킹 #철권 #리디아 \n구성 by 콩석\n\n편집 by 콩석 \n\n트위치 생방 주소 ㄱ\nhttps://www.twitch.tv/pjs9073\n\n후원\nhttps://toon.at/donate/636948819261097211",
        "thumbnail": "https://i.ytimg.com/vi/dOTYw9ID9io/mqdefault.jpg",
        "youtubeVideoId": "dOTYw9ID9io",
        "uploadedDate": "2022-09-16T03:00:20Z",
        "viewCount": 42056,
        "isCommercial": "False"
    },
    {
        "id": "cbb6d4c4-5396-4337-97eb-8dd864769a1e",
        "title": "타짜의 원하는 카드 줄 세우기;; 아니 이걸 안 보고 한다고...???!!",
        "description": "#김슬기 #타짜 #카라미\n구성 by 유도비\n\n편집 by 유도비\n\n트위치 생방 주소 ㄱ\nhttps://www.twitch.tv/pjs9073\n\n후원\nhttps://toon.at/donate/636948819261097211",
        "thumbnail": "https://i.ytimg.com/vi/bdFte1p4hbk/mqdefault.jpg",
        "youtubeVideoId": "bdFte1p4hbk",
        "uploadedDate": "2022-09-19T03:00:34Z",
        "viewCount": 37332,
        "isCommercial": "False"
    },
    {
        "id": "963b1df0-e35b-4a31-ac17-d55ab1e28b23",
        "title": "타짜가 풀하우스 만드는 방법ㅋㅋㅋㅋㅋㅋㅋㅋ 진짜 쉽게 하네ㅋㅋㅋ",
        "description": "#김슬기 #타짜 #풀하우스\n구성 by 콩석\n\n편집 by 콩석\n\n트위치 생방 주소 ㄱ\nhttps://www.twitch.tv/pjs9073\n\n후원\nhttps://toon.at/donate/636948819261097211",
        "thumbnail": "https://i.ytimg.com/vi/eAQpRMbIY_Y/mqdefault.jpg",
        "youtubeVideoId": "eAQpRMbIY_Y",
        "uploadedDate": "2022-09-21T03:01:05Z",
        "viewCount": 28671,
        "isCommercial": "False"
    },
    {
        "id": "66d5adee-dd64-4f38-9921-d2098f343490",
        "title": "타짜 앞에선 K 포카드 들고 있어도 의미 없는 이유...",
        "description": "#김슬기 #타짜 #포카드\n구성 by 콩석\n\n편집 by 콩석\n\n트위치 생방 주소 ㄱ\nhttps://www.twitch.tv/pjs9073\n\n후원\nhttps://toon.at/donate/636948819261097211",
        "thumbnail": "https://i.ytimg.com/vi/xLy8JmB2S2Y/mqdefault.jpg",
        "youtubeVideoId": "xLy8JmB2S2Y",
        "uploadedDate": "2022-09-23T03:04:33Z",
        "viewCount": 32627,
        "isCommercial": "False"
    },
    {
        "id": "2a52f9f8-4ec9-4a16-91d1-71d4af83e25a",
        "title": "타짜의 A 포카드 만드는 쉬운 방법ㅋㅋㅋ 여러분들도 따라해보세요!",
        "description": "#타짜 #김슬기 #어때요참쉽죠?\n편집 by 콩석\n\n구성 by 콩석 \n\n트위치 생방 주소 ㄱ\nhttps://www.twitch.tv/pjs9073\n\n후원\nhttps://toon.at/donate/636948819261097211",
        "thumbnail": "https://i.ytimg.com/vi/ZR2yX8lr_ZA/mqdefault.jpg",
        "youtubeVideoId": "ZR2yX8lr_ZA",
        "uploadedDate": "2022-09-26T00:55:49Z",
        "viewCount": 44360,
        "isCommercial": "False"
    },
    {
        "id": "4c20746f-5177-406b-9e57-bf908dcad4fb",
        "title": "타짜가 홀덤에서 로티플 만드는 법...",
        "description": "#타짜 #김슬기 #로티플\n구성 by 콩석\n\n편집 by 콩석\n\n트위치 생방 주소 ㄱ\nhttps://www.twitch.tv/pjs9073\n\n후원\nhttps://toon.at/donate/636948819261097211",
        "thumbnail": "https://i.ytimg.com/vi/F_gx-WXF11I/mqdefault.jpg",
        "youtubeVideoId": "F_gx-WXF11I",
        "uploadedDate": "2022-09-28T03:00:06Z",
        "viewCount": 71728,
        "isCommercial": "False"
    },
    {
        "id": "b0a2686e-be93-40f9-b11b-91f4a3cdf505",
        "title": "기리를 무시하는 타짜의 기리무마 기술... 여러분 도박하지마세요...",
        "description": "#김슬기 #타짜 #기리무마\n\n풀영상 - https://youtu.be/882inVsPaM8\n\n구성 by 콩석\n\n편집 by 콩석\n\n트위치 생방 주소 ㄱ\nhttps://www.twitch.tv/pjs9073\n\n후원\nhttps://toon.at/donate/636948819261097211",
        "thumbnail": "https://i.ytimg.com/vi/JuJHIuei3V8/mqdefault.jpg",
        "youtubeVideoId": "JuJHIuei3V8",
        "uploadedDate": "2022-09-30T03:00:13Z",
        "viewCount": 30109,
        "isCommercial": "False"
    },
    {
        "id": "6b87349b-6b08-4a21-9741-b1b0a0aeab44",
        "title": "천천히 봐도 안 보이는 타짜의 바꿔치기...",
        "description": "#김슬기 #타짜 #바꿔치기\n구성 by 콩석\n\n편집 by 콩석\n\n트위치 생방 주소 ㄱ\nhttps://www.twitch.tv/pjs9073\n\n후원\nhttps://toon.at/donate/636948819261097211",
        "thumbnail": "https://i.ytimg.com/vi/A4uSfXNPs48/mqdefault.jpg",
        "youtubeVideoId": "A4uSfXNPs48",
        "uploadedDate": "2022-10-04T03:00:08Z",
        "viewCount": 69280,
        "isCommercial": "False"
    }
]