[
    {
        "id": "e9b80d8a-70df-4628-a9d9-0c7aa621aad8",
        "title": "이지훈 - 진심 [숨범찾 결승 진출자 Live Clip] #Shorts",
        "description": "🐯범수 내려온다🐯\n안식년을 끝내고 돌아온 대한민국 탑 비주얼 가수 김범수의 2021 NEW SEASON✨\n\n매주 금요일 오후 6시에 업로드 됩니다.\n\n🎥제작: 트레져헌터\n💼비즈니스 문의: adm@treasurehunter.co.kr\n\n#김범수 #진심 #숨범찾",
        "thumbnail": "https://i.ytimg.com/vi/fSdAbJDKBM4/mqdefault.jpg",
        "youtubeVideoId": "fSdAbJDKBM4",
        "uploadedDate": "2021-10-01T11:46:56Z",
        "viewCount": 1321,
        "isCommercial": "False"
    },
    {
        "id": "b7d281e4-787a-4c46-b543-cfb87b1c435b",
        "title": "이창현 - Cali Shine [숨범찾 결승 진출자 Live Clip] #Shorts",
        "description": "🐯범수 내려온다🐯\n안식년을 끝내고 돌아온 대한민국 탑 비주얼 가수 김범수의 2021 NEW SEASON✨\n\n매주 금요일 오후 6시에 업로드 됩니다.\n\n🎥제작: 트레져헌터\n💼비즈니스 문의: adm@treasurehunter.co.kr\n\n#김범수 #Calishine #숨범찾",
        "thumbnail": "https://i.ytimg.com/vi/rygnSgVpOxA/mqdefault.jpg",
        "youtubeVideoId": "rygnSgVpOxA",
        "uploadedDate": "2021-10-01T11:47:11Z",
        "viewCount": 1480,
        "isCommercial": "False"
    }
]