[
    {
        "id": "77256774-7d33-41c2-8b26-da5f9179e463",
        "title": "[ENG CC] 직접 만든 북한 음식을 맛 본 220만 인도네시아 유튜버...",
        "description": "구독&좋아요 감사합니다(__)\r\nFacebook: 강나라\r\nInstagam: kang_naraa",
        "thumbnail": "https://i.ytimg.com/vi/6DW2VhjBT7w/mqdefault.jpg",
        "youtubeVideoId": "6DW2VhjBT7w",
        "uploadedDate": "2020-10-12T02:30:49Z",
        "viewCount": 38940,
        "isCommercial": "False"
    },
    {
        "id": "4f0eae87-6a66-470e-a39b-6c0a745e1c88",
        "title": "[ENG CC] 19살에 브로커한테 속아 중국으로 팔려간 북한미녀의 탈북 스토리",
        "description": "게스트 유튜브 채널 \nhttps://www.instagram.com/p/CE3r4QUHZdm/?igshid=1f7wfq2y0lghv\n\n구독&좋아요 감사합니다(__)\r\nFacebook: 강나라\r\nInstagam: kang_naraa",
        "thumbnail": "https://i.ytimg.com/vi/tWEKTxvkEYY/mqdefault.jpg",
        "youtubeVideoId": "tWEKTxvkEYY",
        "uploadedDate": "2020-10-12T02:30:49Z",
        "viewCount": 94044,
        "isCommercial": "False"
    },
    {
        "id": "14453d36-d64f-4b18-ba61-e9faa0d23937",
        "title": "[ENG CC] 북한에서 브로커 하다가 전국 수배령 떨어진, 목숨을 건 탈북스토리",
        "description": "구독&좋아요 감사합니다(__)\r\nFacebook: 강나라\r\nInstagam: kang_naraa",
        "thumbnail": "https://i.ytimg.com/vi/3DrFv6plNG4/mqdefault.jpg",
        "youtubeVideoId": "3DrFv6plNG4",
        "uploadedDate": "2020-10-12T02:30:49Z",
        "viewCount": 115532,
        "isCommercial": "False"
    },
    {
        "id": "16919a5f-349b-48f2-a24b-1eadf323c750",
        "title": "[ENG CC] DMZ넘다가 바지를 벗을 수 밖에 없었던(?) 인민군의 탈북스토리?",
        "description": "구독&좋아요 감사합니다(__)\r\nFacebook: 강나라\r\nInstagam: kang_naraa",
        "thumbnail": "https://i.ytimg.com/vi/OWt61nNrr5I/mqdefault.jpg",
        "youtubeVideoId": "OWt61nNrr5I",
        "uploadedDate": "2020-10-12T02:30:49Z",
        "viewCount": 68541,
        "isCommercial": "False"
    },
    {
        "id": "97add752-dfc1-4023-83fd-84f9bc746f74",
        "title": "[ENC CC] 북한여자의 옷장에는 무슨 옷이 있을까? 문의폭주했던 제품들 다 알려드립니다!",
        "description": "구독&좋아요 감사합니다(__)\r\nFacebook: 강나라\r\nInstagam: kang_naraa",
        "thumbnail": "https://i.ytimg.com/vi/vVMYxIoWYI8/mqdefault.jpg",
        "youtubeVideoId": "vVMYxIoWYI8",
        "uploadedDate": "2020-10-12T02:30:49Z",
        "viewCount": 31409,
        "isCommercial": "False"
    },
    {
        "id": "62e75a3a-b0f6-47df-be30-fdbd403529d7",
        "title": "[ENG CC] 북한 여자가 대한민국에 와서 운전하다가 한국인들에게 충격받은 이유",
        "description": "구독&좋아요 감사합니다(__)\r\nFacebook: 강나라\r\nInstagam: kang_naraa",
        "thumbnail": "https://i.ytimg.com/vi/AU9m8xTiEkk/mqdefault.jpg",
        "youtubeVideoId": "AU9m8xTiEkk",
        "uploadedDate": "2020-10-12T02:30:49Z",
        "viewCount": 44662,
        "isCommercial": "False"
    },
    {
        "id": "dced5830-8d86-4c92-a12f-f9c80998f2f7",
        "title": "[ENG CC] 북한여자 나라의 15만 구독자 기념 랜선플리마켓",
        "description": "구독&좋아요 감사합니다(__)\r\nFacebook: 강나라\r\nInstagam: kang_naraa",
        "thumbnail": "https://i.ytimg.com/vi/4r2_5AEozW0/mqdefault.jpg",
        "youtubeVideoId": "4r2_5AEozW0",
        "uploadedDate": "2020-10-12T02:30:49Z",
        "viewCount": 13815,
        "isCommercial": "False"
    },
    {
        "id": "7170a82b-9246-48d7-87dc-c5be86d0f39e",
        "title": "[ENG CC] 북한 모녀가 집에서 노는 법",
        "description": "구독&좋아요 감사합니다(__)\r\nFacebook: 강나라\r\nInstagam: kang_naraa",
        "thumbnail": "https://i.ytimg.com/vi/2_5VePims3Y/mqdefault.jpg",
        "youtubeVideoId": "2_5VePims3Y",
        "uploadedDate": "2020-10-12T02:30:49Z",
        "viewCount": 57326,
        "isCommercial": "False"
    },
    {
        "id": "636cede9-52bd-4f72-934b-ac58617ff022",
        "title": "[ENG CC] 한국에 온 북한 선수단이 맛있어도 침묵하는 충격적인 이유? (놀새나라 먹방)",
        "description": "구독&좋아요 감사합니다(__)\r\nFacebook: 강나라\r\nInstagam: kang_naraa",
        "thumbnail": "https://i.ytimg.com/vi/wbmqnSGJuE4/mqdefault.jpg",
        "youtubeVideoId": "wbmqnSGJuE4",
        "uploadedDate": "2020-10-12T02:30:49Z",
        "viewCount": 454187,
        "isCommercial": "False"
    }
]