[
    {
        "id": "9935e671-e562-45e4-8094-035752b65b98",
        "title": "인스타 66만의 데일리 룩은?",
        "description": "오늘은 제가 평소에 자주입는 스타일로 룩복을 찍어봤습니당♡\n계절이 바뀌면 한번 더 찍어올게요!!\n오늘도 좋은 하루 보내세용\n구독과 좋아요 알림설정은 알죠?\n\n\n------------------------------------------\n\n출처:\n[Video Source Support]\nYoutube channel \"freeticon\" : https://www.youtube.com/c/Freeticon\n\n#한갱 #Lookbook #룩복 #인스타그램",
        "thumbnail": "https://i.ytimg.com/vi/bB9StbiUdsg/mqdefault.jpg",
        "youtubeVideoId": "bB9StbiUdsg",
        "uploadedDate": "2022-10-28T07:17:32Z",
        "viewCount": 219146,
        "isCommercial": "False"
    }
]