[
    {
        "id": "2f9f9460-f01b-4e50-8b5a-642c37c31bed",
        "title": "[🇮🇹Italy Diary] 평화로운 친퀘테레 여행일기ㅣA Peaceful Day in Cinque Terre",
        "description": "👄 PATREON (입소리 영상 풀버전 모두 공개)\nhttps://www.patreon.com/rose_asmr\nFull length of mouth sounds videos + extra videos\n풀 영상 + 멤버 전용 새로운 입소리 영상들 모두 공개\n\n🔥 Get the deleted mouth sounds video\nhttps://crowdticket.kr/store/roseasmr/language/en\n\n🔥 삭제된 입소리 영상 다운받기\nhttps://crowdticket.kr/store/roseasmr\n\n💝 Request Custom ASMR\nhttps://www.wisio.com/Rose_ASMR\nNo sign-up, real quick and easy!\n\n💝 맞춤형 ASMR 영상 요청하기\nhttps://crowdticket.kr/store/roseasmr\n최애 트리거를 골라 여러분들만의 최애 영상을 평생 소장하기!\n\n----------------------------------------------------------------------------------\n\n🔥 PATREON https://www.patreon.com/rose_asmr\n\n💝 CUSTOM ASMR https://www.wisio.com/Rose_ASMR\n\n💝 맞춤 ASMR https://crowdticket.kr/item/store/417\n\n\n🧚‍♀ TikTok https://vt.tiktok.com/RsuHck/\n\n🧚‍♀ Instagram https://www.instagram.com/rose.0430/\n\n\n💌 PAYPAL https://paypal.me/rose0430?locale.x=ko_KR\n\n✉ Email : dbalzla159@gmail.com\n\n✉ Business : ad.group@treasurehunter.co.kr",
        "thumbnail": "https://i.ytimg.com/vi/O9KXqxrQ6RQ/mqdefault.jpg",
        "youtubeVideoId": "O9KXqxrQ6RQ",
        "uploadedDate": "2018-11-13T15:24:02Z",
        "viewCount": 6170,
        "isCommercial": "False"
    },
    {
        "id": "542c4b9f-7c4b-4a06-a92f-899a787ba9b9",
        "title": "[🇮🇹Italy Diary] #01 밀라노ㅣ일본 친구 메이와 함께한 이탈리아 여행! 감격의 밀라노..",
        "description": "👄 PATREON (입소리 영상 풀버전 모두 공개)\nhttps://www.patreon.com/rose_asmr\nFull length of mouth sounds videos + extra videos\n풀 영상 + 멤버 전용 새로운 입소리 영상들 모두 공개\n\n🔥 Get the deleted mouth sounds video\nhttps://crowdticket.kr/store/roseasmr/language/en\n\n🔥 삭제된 입소리 영상 다운받기\nhttps://crowdticket.kr/store/roseasmr\n\n💝 Request Custom ASMR\nhttps://www.wisio.com/Rose_ASMR\nNo sign-up, real quick and easy!\n\n💝 맞춤형 ASMR 영상 요청하기\nhttps://crowdticket.kr/store/roseasmr\n최애 트리거를 골라 여러분들만의 최애 영상을 평생 소장하기!\n\n----------------------------------------------------------------------------------\n\n🔥 PATREON https://www.patreon.com/rose_asmr\n\n💝 CUSTOM ASMR https://www.wisio.com/Rose_ASMR\n\n💝 맞춤 ASMR https://crowdticket.kr/item/store/417\n\n\n🧚‍♀ TikTok https://vt.tiktok.com/RsuHck/\n\n🧚‍♀ Instagram https://www.instagram.com/rose.0430/\n\n\n💌 PAYPAL https://paypal.me/rose0430?locale.x=ko_KR\n\n✉ Email : dbalzla159@gmail.com\n\n✉ Business : ad.group@treasurehunter.co.kr",
        "thumbnail": "https://i.ytimg.com/vi/MblKFddVeKc/mqdefault.jpg",
        "youtubeVideoId": "MblKFddVeKc",
        "uploadedDate": "2018-01-23T20:12:46Z",
        "viewCount": 0,
        "isCommercial": "False"
    },
    {
        "id": "9c5fccfb-5b17-43eb-bd8e-8ec7b503cad9",
        "title": "[🇮🇪Ireland Diary] #03 아일랜드 친구네 집에서 Girl's Night!!",
        "description": "👄 PATREON (입소리 영상 풀버전 모두 공개)\nhttps://www.patreon.com/rose_asmr\nFull length of mouth sounds videos + extra videos\n풀 영상 + 멤버 전용 새로운 입소리 영상들 모두 공개\n\n🔥 Get the deleted mouth sounds video\nhttps://crowdticket.kr/store/roseasmr/language/en\n\n🔥 삭제된 입소리 영상 다운받기\nhttps://crowdticket.kr/store/roseasmr\n\n💝 Request Custom ASMR\nhttps://www.wisio.com/Rose_ASMR\nNo sign-up, real quick and easy!\n\n💝 맞춤형 ASMR 영상 요청하기\nhttps://crowdticket.kr/store/roseasmr\n최애 트리거를 골라 여러분들만의 최애 영상을 평생 소장하기!\n\n----------------------------------------------------------------------------------\n\n🔥 PATREON https://www.patreon.com/rose_asmr\n\n💝 CUSTOM ASMR https://www.wisio.com/Rose_ASMR\n\n💝 맞춤 ASMR https://crowdticket.kr/item/store/417\n\n\n🧚‍♀ TikTok https://vt.tiktok.com/RsuHck/\n\n🧚‍♀ Instagram https://www.instagram.com/rose.0430/\n\n\n💌 PAYPAL https://paypal.me/rose0430?locale.x=ko_KR\n\n✉ Email : dbalzla159@gmail.com\n\n✉ Business : ad.group@treasurehunter.co.kr",
        "thumbnail": "https://i.ytimg.com/vi/yR4WJZl7MWs/mqdefault.jpg",
        "youtubeVideoId": "yR4WJZl7MWs",
        "uploadedDate": "2018-01-23T20:25:02Z",
        "viewCount": 0,
        "isCommercial": "False"
    },
    {
        "id": "73c7d67f-387a-420f-937f-d939c7bdc952",
        "title": "[🇮🇪Ireland Diary] #01 Howth 나들이, #02 홈스테이 마지막 날",
        "description": "👄 PATREON (입소리 영상 풀버전 모두 공개)\nhttps://www.patreon.com/rose_asmr\nFull length of mouth sounds videos + extra videos\n풀 영상 + 멤버 전용 새로운 입소리 영상들 모두 공개\n\n🔥 Get the deleted mouth sounds video\nhttps://crowdticket.kr/store/roseasmr/language/en\n\n🔥 삭제된 입소리 영상 다운받기\nhttps://crowdticket.kr/store/roseasmr\n\n💝 Request Custom ASMR\nhttps://www.wisio.com/Rose_ASMR\nNo sign-up, real quick and easy!\n\n💝 맞춤형 ASMR 영상 요청하기\nhttps://crowdticket.kr/store/roseasmr\n최애 트리거를 골라 여러분들만의 최애 영상을 평생 소장하기!\n\n----------------------------------------------------------------------------------\n\n🔥 PATREON https://www.patreon.com/rose_asmr\n\n💝 CUSTOM ASMR https://www.wisio.com/Rose_ASMR\n\n💝 맞춤 ASMR https://crowdticket.kr/item/store/417\n\n\n🧚‍♀ TikTok https://vt.tiktok.com/RsuHck/\n\n🧚‍♀ Instagram https://www.instagram.com/rose.0430/\n\n\n💌 PAYPAL https://paypal.me/rose0430?locale.x=ko_KR\n\n✉ Email : dbalzla159@gmail.com\n\n✉ Business : ad.group@treasurehunter.co.kr",
        "thumbnail": "https://i.ytimg.com/vi/i3oQHtF96Fg/mqdefault.jpg",
        "youtubeVideoId": "i3oQHtF96Fg",
        "uploadedDate": "2018-01-23T20:25:02Z",
        "viewCount": 0,
        "isCommercial": "False"
    }
]