[
    {
        "id": "9cff5ca3-a05b-4650-96b8-086c2df436b5",
        "title": "두루치기 모음.zip",
        "description": "",
        "thumbnail": "https://i.ytimg.com/vi/u8yPl3pw7lU/mqdefault.jpg",
        "youtubeVideoId": "u8yPl3pw7lU",
        "uploadedDate": "2020-09-17T08:10:39Z",
        "viewCount": 122672,
        "isCommercial": "False"
    },
    {
        "id": "a36dde1e-f588-4378-a6fa-ca8e6fb592a2",
        "title": "헬스장 에익에스엑앍 모음.zip",
        "description": "",
        "thumbnail": "https://i.ytimg.com/vi/pSnu2eeDAmY/mqdefault.jpg",
        "youtubeVideoId": "pSnu2eeDAmY",
        "uploadedDate": "2020-09-17T08:10:53Z",
        "viewCount": 189349,
        "isCommercial": "False"
    },
    {
        "id": "37d2554b-ff55-491d-ad10-25ca0392b4b8",
        "title": "sub) 기가지니모음.zip",
        "description": "",
        "thumbnail": "https://i.ytimg.com/vi/dVp7nIiqY84/mqdefault.jpg",
        "youtubeVideoId": "dVp7nIiqY84",
        "uploadedDate": "2020-12-06T10:41:16Z",
        "viewCount": 57458,
        "isCommercial": "False"
    }
]