[
    {
        "id": "30d1a627-07fc-4002-8269-ee35999b7ed4",
        "title": "[귀멸의 칼날 히노카미 혈풍담] 탄지로와 사비토의 인게임 전투 컷신모음 프롤로그",
        "description": "위 영상은 유진씨가 직접 플레이한 후 촬영한 영상임을 밝힙니다\n\n귀멸의 칼날 히노카미 혈풍담 에피소드보러가기 - https://vo.la/NMe9r\n\n#귀멸의칼날 #히노카미혈풍담 #귀멸의칼날2기 #귀멸의칼날무한열차",
        "thumbnail": "https://i.ytimg.com/vi/qXF0j35qHv8/mqdefault.jpg",
        "youtubeVideoId": "qXF0j35qHv8",
        "uploadedDate": "2021-10-13T17:13:25Z",
        "viewCount": 23285,
        "isCommercial": "False"
    },
    {
        "id": "aaa088bd-ca9e-49fb-b336-4011c611c6bf",
        "title": "탄지로가 렌고쿠 때려잡는 귀멸의 칼날 게임 근황ㅋㅋㅋ(한글화 확정)",
        "description": "무한열차의 웅장함을 다시한번 게임으로 집에서 느낄수있다!!!\n\n문의/광고/협찬 ask.endevor@gmail.com (이메일 연락 바랍니다)\n\n👿귀칼의 타임라인👿\n00:00​​​ 인트로\n00:43 귀멸의칼날 히노카미 혈풍담\n03:17 유진씨의 결론\n\n🎧사용한 BGM 브금대통령🎧\nPiece of Cake https://youtu.be/P0SfHRQY1A4​​\n우리동네 한바퀴 https://youtu.be/iyaIxy9KQJQ​​\n \n#귀멸의칼날 #렌고쿠 #히노카미혈풍담",
        "thumbnail": "https://i.ytimg.com/vi/vcDxRmg8RJE/mqdefault.jpg",
        "youtubeVideoId": "vcDxRmg8RJE",
        "uploadedDate": "2021-10-13T17:17:24Z",
        "viewCount": 70882,
        "isCommercial": "False"
    },
    {
        "id": "1bc11210-0689-4622-b875-220e6e258aa8",
        "title": "하다하다 귀멸학원까지 나와버린 귀멸의 칼날 게임 근황ㅋㅋㅋ (원작초월)",
        "description": "​@덕양소  형님과 함께한 귀멸의 칼날 히노카미 혈풍담 귀멸학원 PV리뷰입니다!\n\n문의/광고/협찬 ask.endevor@gmail.com (이메일 연락 바랍니다)\n\n👿귀칼의 타임라인👿\n00:00​​​ 귀멸의칼날 히노카미 혈풍담\n01:25 덕양소의 의견\n02:48 심화정보\n\n🎧사용한 BGM 브금대통령🎧\nPiece of Cake https://youtu.be/P0SfHRQY1A4​​\n우리동네 한바퀴 https://youtu.be/iyaIxy9KQJQ​​\nSNEAKY SNITCH\n\n#귀멸의칼날 #히노카미혈풍담 #귀멸의칼날게임",
        "thumbnail": "https://i.ytimg.com/vi/c4ue7skKdDI/mqdefault.jpg",
        "youtubeVideoId": "c4ue7skKdDI",
        "uploadedDate": "2021-10-13T17:17:49Z",
        "viewCount": 21906,
        "isCommercial": "False"
    },
    {
        "id": "aba08087-0309-4d35-a611-fde4286d6295",
        "title": "오니가 없는 귀멸의 칼날, 상상이 되십니까?",
        "description": "귀멸의칼날 게임 히노카미 혈풍담의 숨겨왔던 근황!!\n아니.. 이건 유진씨도 조금 짜증나는데요..? (혈압주의)\n\n00:00​​​ 오니가 없는 귀칼게임\n03:18 오늘의 결론\n\n🎧사용한 BGM🎧\nPooka – Kevin MacLeod\nRussian Dance-Joey Pecoraro\nIsabelle Animal Crossing \n\n문의/광고/협찬 ask.endevor@gmail.com (이메일 연락 바랍니다)\n\n#귀멸의칼날 #렌고쿠 #히노카미혈풍담",
        "thumbnail": "https://i.ytimg.com/vi/Ecubf47Kojo/mqdefault.jpg",
        "youtubeVideoId": "Ecubf47Kojo",
        "uploadedDate": "2021-10-13T17:18:13Z",
        "viewCount": 10976,
        "isCommercial": "False"
    },
    {
        "id": "4845e71b-49ed-4ed1-a375-0c97196fadc2",
        "title": "성우들이 직접 플레이한 귀칼 히노카미 혈풍담 게임 근황 (한국어 자막)",
        "description": "귀멸의 칼날 히노카미 혈풍담 출시일이 얼마남지 않았습니다\n\n10월 14일 전세계에서 출시하는 귀칼의 첫번째 자체 타이틀인만큼\n유진씨 또한 정말 큰 기대를 하고있습니다.. 제발 잘나와주길..",
        "thumbnail": "https://i.ytimg.com/vi/s3102k9P26g/mqdefault.jpg",
        "youtubeVideoId": "s3102k9P26g",
        "uploadedDate": "2021-10-13T17:18:45Z",
        "viewCount": 21215,
        "isCommercial": "False"
    },
    {
        "id": "50dee931-1929-443a-a56c-899a85f0abb2",
        "title": "≪귀멸의 칼날 히노카미 혈풍담≫ 상현3 아카자 등장!! x친 게임근황",
        "description": "귀칼 히노카미 혈풍담 10월 14일 출시가 얼마남지 않았습니다\n\n유진씨는 기대합니다.. 정말 기대합니다 아카자 플레이어블 가즈아..!\n\n🎵Music provided by 브금대통령\n🎵Track : Tom's Plan 2 - https://youtu.be/dQl76P95PQM\n\n문의/광고/협찬 ask.endevor@gmail.com (이메일 연락 바랍니다)\n\n#鬼滅の刃 #귀멸의칼날​ #히노카미혈풍담\n#kimetsunoyaiba2 #Season2 ​#鬼滅の刃2 #귀멸의칼날​히노카미혈풍담",
        "thumbnail": "https://i.ytimg.com/vi/MOcZukQJpRk/mqdefault.jpg",
        "youtubeVideoId": "MOcZukQJpRk",
        "uploadedDate": "2021-10-13T17:19:08Z",
        "viewCount": 19190,
        "isCommercial": "False"
    },
    {
        "id": "5e4681c1-4ca5-4c80-b03c-98f6780211eb",
        "title": "방범대장 탄지로",
        "description": "위 영상은 유진씨가 직접 플레이한 후 촬영한 영상임을 밝힙니다\n\n귀멸의 칼날 히노카미 혈풍담 에피소드보러가기 - https://vo.la/NMe9r\n\n#귀멸의칼날 #히노카미혈풍담 #귀멸의칼날2기 #귀멸의칼날무한열차",
        "thumbnail": "https://i.ytimg.com/vi/VJv2Y4G0Tls/mqdefault.jpg",
        "youtubeVideoId": "VJv2Y4G0Tls",
        "uploadedDate": "2021-10-13T19:41:05Z",
        "viewCount": 8552,
        "isCommercial": "False"
    },
    {
        "id": "34347bbb-31a7-4274-b021-d85623d7cc5a",
        "title": "[귀멸의 칼날 히노카미 혈풍담] 뭘봐",
        "description": "위 영상은 유진씨가 직접 플레이한 후 촬영한 영상임을 밝힙니다\n\n귀멸의 칼날 히노카미 혈풍담 에피소드보러가기 - https://vo.la/NMe9r\n\n#귀멸의칼날 #히노카미혈풍담 #귀멸의칼날2기 #귀멸의칼날무한열차",
        "thumbnail": "https://i.ytimg.com/vi/yb8jFyGmQuk/mqdefault.jpg",
        "youtubeVideoId": "yb8jFyGmQuk",
        "uploadedDate": "2021-10-13T20:03:39Z",
        "viewCount": 6138,
        "isCommercial": "False"
    },
    {
        "id": "d2cc4908-a7b2-4403-8394-ac2a277f7eb3",
        "title": "히노카미 혈풍담 무잔과의 첫만남",
        "description": "위 영상은 유진씨가 직접 플레이한 후 촬영한 영상임을 밝힙니다\n하.. 진짜 너무 재밌습니다..너무 재밌습니다..\n\n귀멸의 칼날 히노카미 혈풍담 에피소드보러가기 - https://vo.la/NMe9r\n\n#귀멸의칼날 #히노카미혈풍담 #귀멸의칼날2기 #귀멸의칼날무한열차",
        "thumbnail": "https://i.ytimg.com/vi/PNvgW5HZktE/mqdefault.jpg",
        "youtubeVideoId": "PNvgW5HZktE",
        "uploadedDate": "2021-10-14T13:50:12Z",
        "viewCount": 7355,
        "isCommercial": "False"
    },
    {
        "id": "46c6fdb5-6840-4faa-80c7-02d97530637d",
        "title": "[귀멸의 칼날 히노카미 혈풍담] 최종선별 에피소드 컷신모음",
        "description": "위 영상은 유진씨가 직접 플레이한 후 촬영한 영상임을 밝힙니다\n\n귀멸의 칼날 게임 히노카미 혈풍담 에피소드보러가기 - https://vo.la/NMe9r\n\n#귀멸의칼날 #히노카미혈풍담 #귀멸의칼날2기 #귀멸의칼날무한열차",
        "thumbnail": "https://i.ytimg.com/vi/vlaWsLx6cxE/mqdefault.jpg",
        "youtubeVideoId": "vlaWsLx6cxE",
        "uploadedDate": "2021-10-15T04:35:21Z",
        "viewCount": 3882,
        "isCommercial": "False"
    },
    {
        "id": "0340a8a0-ca08-4199-b8cd-117b25a6833c",
        "title": "추녀 네즈코 [귀멸의 칼날 히노카미 혈풍담 하이라이트]",
        "description": "귀멸의칼날 히노카미 혈풍담 여러분은 즐기고 계신가요?\n\n귀멸의 칼날 2기 바로 보는곳 - https://vo.la/5pEW5\n\n#鬼滅の刃 #귀멸의칼날​ #히노카미혈풍담 #귀멸의칼날무한열차\n#kimetsunoyaiba ​#鬼滅の刃 #귀멸의칼날tmi",
        "thumbnail": "https://i.ytimg.com/vi/vSA8AjVCYU8/mqdefault.jpg",
        "youtubeVideoId": "vSA8AjVCYU8",
        "uploadedDate": "2021-10-20T09:21:00Z",
        "viewCount": 2541,
        "isCommercial": "False"
    }
]