[
    {
        "id": "0fd5f6e4-5ee2-4548-b906-4056b45ac356",
        "title": "메이플 메카닉에 도합 3천만원 꼬라박았습니다.. 성불 합니다 ㅅㄱ",
        "description": "아이템 정보\nhttps://maplestory.nexon.com/Common/Character/Detail/%ec%98%81l%eb%b0%95%ec%a4%80%ec%84%9dl%ec%9b%85/Equipment?p=mikO8qgdC4hElCwBGQ6GOx8CmO11EvduZkV0bRbPAhb6UuRA1ElYyVCnigeyAAsAgCAu5wTj9mX0ASBsoKa7DvoWvNiDyCNhSnZ%2bBiOGECOBqyX1ys0fk%2bi6bASkFfNQ9ro8unW7ESzxjLi%2fSjjbXhClUSluoUigRiBBceHpVL2O0jCxFfJ%2bpUfJoVlQNYmo#a\n인벤에 나머지 템도 있슴다\n\n\n트위치 생방 주소 ㄱ\nhttps://www.twitch.tv/pjs9073\n\n후원\nhttps://toon.at/donate/636948819261097211",
        "thumbnail": "https://i.ytimg.com/vi/sIjMfJjolFA/mqdefault.jpg",
        "youtubeVideoId": "sIjMfJjolFA",
        "uploadedDate": "2020-11-20T04:15:55Z",
        "viewCount": 40155,
        "isCommercial": "False"
    },
    {
        "id": "e1095b92-6bad-4bbe-aa57-20230b1513be",
        "title": "메카닉 오글링 윗잠 아랫잠 종결해버렸습니다ㅋㅋ 직작 별거없네;",
        "description": "트위치 생방 주소 ㄱ\nhttps://www.twitch.tv/pjs9073\n\n후원\nhttps://toon.at/donate/636948819261097211",
        "thumbnail": "https://i.ytimg.com/vi/-lFBGS48fdc/mqdefault.jpg",
        "youtubeVideoId": "-lFBGS48fdc",
        "uploadedDate": "2020-11-19T04:55:50Z",
        "viewCount": 41470,
        "isCommercial": "False"
    },
    {
        "id": "d687152f-807a-4cc8-aaef-8209836fac11",
        "title": "전섭급 최강 무기 메카닉의 하드보스돌기 ㄷㄷ ;",
        "description": "트위치 생방 주소 ㄱ\r\nhttps://www.twitch.tv/pjs9073",
        "thumbnail": "https://i.ytimg.com/vi/_2Wr3d_Ut2c/mqdefault.jpg",
        "youtubeVideoId": "_2Wr3d_Ut2c",
        "uploadedDate": "2020-10-27T07:01:52Z",
        "viewCount": 93026,
        "isCommercial": "False"
    },
    {
        "id": "b2b380f4-e4fe-4f52-a16f-a0943dd79083",
        "title": "메카닉 전섭급 최강 무기 만들기 (풀영상)",
        "description": "트위치 생방 주소 ㄱ\r\nhttps://www.twitch.tv/pjs9073",
        "thumbnail": "https://i.ytimg.com/vi/WYulAAnw1pU/mqdefault.jpg",
        "youtubeVideoId": "WYulAAnw1pU",
        "uploadedDate": "2020-10-16T04:18:35Z",
        "viewCount": 46121,
        "isCommercial": "False"
    },
    {
        "id": "7a04f859-2fcd-4b3f-a42f-f590ed14e0b1",
        "title": "시청자들 대리 큐브 종결옵 다 띄워드립니다 쫀파이토스ㅋㅋㅋㅋㅋㅋ 레게노",
        "description": "#메이플 #큐브 #대리큐브\n트위치 생방 주소 ㄱ\r\nhttps://www.twitch.tv/pjs9073",
        "thumbnail": "https://i.ytimg.com/vi/apdJJClhJR8/mqdefault.jpg",
        "youtubeVideoId": "apdJJClhJR8",
        "uploadedDate": "2020-10-15T05:09:10Z",
        "viewCount": 73119,
        "isCommercial": "False"
    },
    {
        "id": "249ce0a4-315d-4541-b94d-36369c845c0e",
        "title": "메이플 메카닉으로 살면 직작 마스터가 될 수 있습니다..",
        "description": "트위치 생방 주소 ㄱ\r\nhttps://www.twitch.tv/pjs9073",
        "thumbnail": "https://i.ytimg.com/vi/H9InmTfUJ0A/mqdefault.jpg",
        "youtubeVideoId": "H9InmTfUJ0A",
        "uploadedDate": "2020-10-08T03:51:58Z",
        "viewCount": 117965,
        "isCommercial": "False"
    },
    {
        "id": "cb8b8cc8-721c-443b-9f26-63ae926de972",
        "title": "레전드 대리 큐브 ㄷㄷㄷ;; 돌려서 돈 더 벌어줬습니다;;;;",
        "description": "트위치 생방 주소 ㄱ\r\nhttps://www.twitch.tv/pjs9073",
        "thumbnail": "https://i.ytimg.com/vi/RURI_pyWYC4/mqdefault.jpg",
        "youtubeVideoId": "RURI_pyWYC4",
        "uploadedDate": "2020-10-05T04:42:21Z",
        "viewCount": 80028,
        "isCommercial": "False"
    },
    {
        "id": "bcf92020-8f6c-40f5-8093-9a33e518a563",
        "title": "삐부랑 요룰님 둘 다 메이플 하쉴 ^^..?",
        "description": "트위치 생방 주소 ㄱ\r\nhttps://www.twitch.tv/pjs9073",
        "thumbnail": "https://i.ytimg.com/vi/F-VhQx7VsN4/mqdefault.jpg",
        "youtubeVideoId": "F-VhQx7VsN4",
        "uploadedDate": "2020-10-05T04:49:15Z",
        "viewCount": 108082,
        "isCommercial": "False"
    },
    {
        "id": "88a1f449-74d1-40e1-bbbc-1cc2e7694d45",
        "title": "메이플 크크장갑 만들기 어렵다구요..?",
        "description": "#메이플 #크크장갑 #메린이\n트위치 생방 주소 ㄱ\r\nhttps://www.twitch.tv/pjs9073",
        "thumbnail": "https://i.ytimg.com/vi/iGwjY6dNu90/mqdefault.jpg",
        "youtubeVideoId": "iGwjY6dNu90",
        "uploadedDate": "2020-10-05T04:49:15Z",
        "viewCount": 107738,
        "isCommercial": "False"
    },
    {
        "id": "5f9d5fbd-8e7b-46ba-b56d-67b5eeefed8e",
        "title": "이탈 보보공 공공뎀 전섭급 총 큐브 띄워버렸습니다;; 쫀파이토스 1편 ;;",
        "description": "#메이플스토리 #보보공 #전섭급무기\n트위치 생방 주소 ㄱ\r\nhttps://www.twitch.tv/pjs9073",
        "thumbnail": "https://i.ytimg.com/vi/G3CKpWtQOe8/mqdefault.jpg",
        "youtubeVideoId": "G3CKpWtQOe8",
        "uploadedDate": "2020-10-05T04:49:15Z",
        "viewCount": 106190,
        "isCommercial": "False"
    },
    {
        "id": "565a39b7-9602-4f65-8389-a400bf03a614",
        "title": "2020년 메이플에서 원조 독사과 \"피그미알\" 까봤습니다ㅋㅋㅋㅋㅋ지우개 레전드ㅋㅋㅋㅋ",
        "description": "#메이플 #피그미 #원조독사과\n트위치 생방 주소 ㄱ\r\nhttps://www.twitch.tv/pjs9073",
        "thumbnail": "https://i.ytimg.com/vi/nuFsenSCu7A/mqdefault.jpg",
        "youtubeVideoId": "nuFsenSCu7A",
        "uploadedDate": "2020-10-05T04:49:15Z",
        "viewCount": 141028,
        "isCommercial": "False"
    },
    {
        "id": "470a55bc-3b74-4f57-92a5-9f009261bb48",
        "title": "초딩때부터 쓰던 메이플 아이디에서 100억이 넘게 나왔습니다ㅋㅋㅋㅋㅋ메테크 가즈아ㅏㅏㅏㅏ",
        "description": "트위치 생방 주소 ㄱ\r\nhttps://www.twitch.tv/pjs9073",
        "thumbnail": "https://i.ytimg.com/vi/pKFR4dimqBM/mqdefault.jpg",
        "youtubeVideoId": "pKFR4dimqBM",
        "uploadedDate": "2020-10-05T04:49:15Z",
        "viewCount": 296555,
        "isCommercial": "False"
    }
]