[
    {
        "id": "c36b947e-6ad0-489e-8f17-5cf80f9f2347",
        "title": "음성인식으로 마법을 쓴다!! 마법학교가 위험해요!! [ 마인크래프트 상황극 마법학교 ] Minecraft magic school",
        "description": "트위치 생방 주소 ㄱ\nhttps://www.twitch.tv/pjs9073",
        "thumbnail": "https://i.ytimg.com/vi/qBPQOb1xvK8/mqdefault.jpg",
        "youtubeVideoId": "qBPQOb1xvK8",
        "uploadedDate": "2017-05-17T09:00:17Z",
        "viewCount": 0,
        "isCommercial": "False"
    },
    {
        "id": "83c2279d-6884-4978-94a1-10a77b6de0ca",
        "title": "마법학교에 투명망토를 쓰고 여탕에 가다!!? 음성인식으로 마법을 쓴다!! [ 마인크래프트 상황극 마법학교 ] Minecraft magic school",
        "description": "트위치 생방 주소 ㄱ\nhttps://www.twitch.tv/pjs9073",
        "thumbnail": "https://i.ytimg.com/vi/UKKIPKKuLYE/mqdefault.jpg",
        "youtubeVideoId": "UKKIPKKuLYE",
        "uploadedDate": "2017-05-23T04:59:36Z",
        "viewCount": 0,
        "isCommercial": "False"
    },
    {
        "id": "a95806f7-fb35-4300-a699-6439c04d64b9",
        "title": "마법학교에 지하에 무지막지한 보물을 마법으로 캐다!? 음성인식으로 마법을 쓴다!! [ 마인크래프트 상황극 마법학교 ] Minecraft magic school",
        "description": "트위치 생방 주소 ㄱ\nhttps://www.twitch.tv/pjs9073",
        "thumbnail": "https://i.ytimg.com/vi/5BQQnen5Gx4/mqdefault.jpg",
        "youtubeVideoId": "5BQQnen5Gx4",
        "uploadedDate": "2017-05-30T04:37:15Z",
        "viewCount": 0,
        "isCommercial": "False"
    },
    {
        "id": "30e87e82-9945-4a09-9a79-39ccef3b68da",
        "title": "마법학교의 괴담.. 탑에 갇힌 드래곤을 구해주다!! 음성인식으로 마법을 쓴다!! [ 마인크래프트 상황극 마법학교 ] Minecraft magic school",
        "description": "트위치 생방 주소 ㄱ\nhttps://www.twitch.tv/pjs9073",
        "thumbnail": "https://i.ytimg.com/vi/Rt395YAUNRw/mqdefault.jpg",
        "youtubeVideoId": "Rt395YAUNRw",
        "uploadedDate": "2017-06-05T15:38:17Z",
        "viewCount": 0,
        "isCommercial": "False"
    },
    {
        "id": "ee874a7b-ac11-47dc-824d-bb4a07918d1c",
        "title": "마법학교에 목욕탕 귀신을 마법으로 없애버리다!!? 음성인식으로 마법을 쓴다!! [ 마인크래프트 상황극 마법학교 ] Minecraft magic school",
        "description": "트위치 생방 주소 ㄱ\nhttps://www.twitch.tv/pjs9073",
        "thumbnail": "https://i.ytimg.com/vi/a43cJm8HQ4c/mqdefault.jpg",
        "youtubeVideoId": "a43cJm8HQ4c",
        "uploadedDate": "2017-06-14T06:39:33Z",
        "viewCount": 0,
        "isCommercial": "False"
    }
]