[
    {
        "id": "04c84d8c-7d80-47b6-ad92-46f2260b3fcb",
        "title": "실제로 디지몬 세계로 들어가 아구몬을 만나 오메가몬까지? 실사캠 마인크래프트 27화 [ 마인크래프트 실사 상황극 디지몬편 ] Minecraft Digimon",
        "description": "아프리카 주소 ㄱ\nafreeca.com/azsxdcff\n생방 5시반, 11시반",
        "thumbnail": "https://i.ytimg.com/vi/tgfPNV0PsJc/mqdefault.jpg",
        "youtubeVideoId": "tgfPNV0PsJc",
        "uploadedDate": "2016-12-03T00:07:55Z",
        "viewCount": 0,
        "isCommercial": "False"
    },
    {
        "id": "a7f9ccf9-ef90-40f1-9834-910b8f5a4fe0",
        "title": "영화 신비한동물사전 패러디 자고 일어났더니 해리포터가 되었다!? 실사캠 마인크래프트 26화 [ 마인크래프트 실사 상황극 해리포터편 ]",
        "description": "아프리카 주소 ㄱ\nafreeca.com/azsxdcff\n생방 5시반, 11시반",
        "thumbnail": "https://i.ytimg.com/vi/r4VMzuQ_A8M/mqdefault.jpg",
        "youtubeVideoId": "r4VMzuQ_A8M",
        "uploadedDate": "2016-11-25T07:55:20Z",
        "viewCount": 0,
        "isCommercial": "False"
    },
    {
        "id": "8fd51ba8-1746-4b31-9c5b-ba608ef50bc0",
        "title": "아카이누vs아오키지 운명의 대결!? 자고 일어났더니 아오키지가 되었다!? 실사캠 마인크래프트 24화 [ 마인크래프트 실사 상황극 아오키지편 ]",
        "description": "아프리카 주소 ㄱ\nafreeca.com/azsxdcff\n생방 5시반, 11시반",
        "thumbnail": "https://i.ytimg.com/vi/IKlZrZKZisw/mqdefault.jpg",
        "youtubeVideoId": "IKlZrZKZisw",
        "uploadedDate": "2016-11-12T00:33:07Z",
        "viewCount": 0,
        "isCommercial": "False"
    },
    {
        "id": "9f7835ea-f446-4e5d-8e8c-e417c9e538f8",
        "title": "영화 \"닥터 스트레인지\"패러디 초 고퀄 마법 구현!?  자고 일어났더니 닥터 스트레인지 되었다!? 실사캠 마인크래프트 23화 [ 마인크래프트 실사 상황극 닥터스트레인지편 ]",
        "description": "아프리카 주소 ㄱ\nafreeca.com/azsxdcff\n생방 5시반, 11시반\n이번 영상 녹화오류로 조금 끊깁니다 ㅠㅠ\n요즘 녹화 문제가 계속 발생되서 죄송합니다..!",
        "thumbnail": "https://i.ytimg.com/vi/zfbyvYXMLjA/mqdefault.jpg",
        "youtubeVideoId": "zfbyvYXMLjA",
        "uploadedDate": "2016-11-05T00:46:58Z",
        "viewCount": 0,
        "isCommercial": "False"
    },
    {
        "id": "ac4e11f3-1754-40c7-9264-ea19cba2aa71",
        "title": "어둠어둠 열매의 능력자!? 자고 일어났더니 검은수염이 되었다!? 실사캠 마인크래프트 22화 [ 마인크래프트 실사 상황극 검은수염편 ] onepiece minecraft",
        "description": "아프리카 주소 ㄱ\nafreeca.com/azsxdcff\n생방 5시반, 11시반",
        "thumbnail": "https://i.ytimg.com/vi/DTCXuTsCOuE/mqdefault.jpg",
        "youtubeVideoId": "DTCXuTsCOuE",
        "uploadedDate": "2016-10-28T23:29:47Z",
        "viewCount": 0,
        "isCommercial": "False"
    },
    {
        "id": "ab86b3b2-f85a-4805-bbc4-3cadd17d903c",
        "title": "내가 삼대장 키자루!? 자고 일어났더니 키자루가 되었다!? 실사캠 마인크래프트 21화 [ 마인크래프트 실사 상황극 키자루편 ] onepiece minecraft",
        "description": "아프리카 주소 ㄱ\nafreeca.com/azsxdcff\n생방 5시반, 11시반",
        "thumbnail": "https://i.ytimg.com/vi/S2WoOQXewyE/mqdefault.jpg",
        "youtubeVideoId": "S2WoOQXewyE",
        "uploadedDate": "2016-10-22T00:31:38Z",
        "viewCount": 0,
        "isCommercial": "False"
    },
    {
        "id": "4b151433-284d-4879-848f-d8c766c46131",
        "title": "PPAP마크 실사 댄스!? 자고 일어났더니 ppap아저씨가 되었다!? 실사캠 마인크래프트 20화 [ 마인크래프트 실사 상황극 ppap 편 ] ppap minecraft",
        "description": "아프리카 주소 ㄱ\nafreeca.com/azsxdcff\n생방 5시반, 11시반",
        "thumbnail": "https://i.ytimg.com/vi/pWm-9kwGWVs/mqdefault.jpg",
        "youtubeVideoId": "pWm-9kwGWVs",
        "uploadedDate": "2016-10-14T21:21:53Z",
        "viewCount": 0,
        "isCommercial": "False"
    },
    {
        "id": "02f69ad2-2827-4279-aec7-c449c1957597",
        "title": "데스노트로 사람들을 죽인다.. 자고 일어났더니 데스노트를 주웠다!? 실사캠 마인크래프트 [ 마인크래프트 실사 상황극 데스노트 편 ] death note minecraft",
        "description": "아프리카 주소 ㄱ\nafreeca.com/azsxdcff\n생방 5시반, 11시반",
        "thumbnail": "https://i.ytimg.com/vi/UylPAIYaOz0/mqdefault.jpg",
        "youtubeVideoId": "UylPAIYaOz0",
        "uploadedDate": "2016-10-08T00:51:35Z",
        "viewCount": 0,
        "isCommercial": "False"
    },
    {
        "id": "0c552044-86bd-4202-9d99-e9aab2d8fd8b",
        "title": "\"터널 패러디\" 자고 일어났더니 무너진 터널 안에!? 실사캠 마인크래프트 [ 마인크래프트 실사 상황극 영화 터널 패러디 ]",
        "description": "아프리카 주소 ㄱ\nafreeca.com/azsxdcff\n생방 5시반, 11시반",
        "thumbnail": "https://i.ytimg.com/vi/2wm0XOC1A50/mqdefault.jpg",
        "youtubeVideoId": "2wm0XOC1A50",
        "uploadedDate": "2016-09-30T23:08:29Z",
        "viewCount": 0,
        "isCommercial": "False"
    },
    {
        "id": "374cb74a-3c7d-4b24-ac2e-942d8bce4906",
        "title": "크롱이 응가가 안멈춰!! 만약 자고 일어났더니 뽀로로가 된다면!? 17화 [실사 스토리 리뷰 마인크래프트 겨울왕국] MineCraft bbororo",
        "description": "아프리카 주소 ㄱ\nafreeca.com/azsxdcff\n생방 5시반, 11시반",
        "thumbnail": "https://i.ytimg.com/vi/OMX_F5sc1ZY/mqdefault.jpg",
        "youtubeVideoId": "OMX_F5sc1ZY",
        "uploadedDate": "2016-09-24T00:31:46Z",
        "viewCount": 0,
        "isCommercial": "False"
    },
    {
        "id": "a036433b-9949-4fd9-9fb8-2c56cb680dc8",
        "title": "한스가 안나를 납치해!? 겨울왕국 패러디 만약에 자고 일어났더니 엘사가 된다면!? 16화 [실사 스토리 리뷰 마인크래프트 겨울왕국]MineCraft elsa",
        "description": "아프리카 주소 ㄱ\nafreeca.com/azsxdcff\n생방 5시반, 11시반",
        "thumbnail": "https://i.ytimg.com/vi/Jq3iKcBb0KU/mqdefault.jpg",
        "youtubeVideoId": "Jq3iKcBb0KU",
        "uploadedDate": "2016-09-16T23:03:32Z",
        "viewCount": 0,
        "isCommercial": "False"
    },
    {
        "id": "5b0ead61-0ad4-4821-b420-d8b619103733",
        "title": "저승사자가 가수를 만들어줘?! 만약에 자고 일어났더니 가수가 된다면!? 15화 [실사 스토리 리뷰 마인크래프트 달빛천사 패러디]MineCraft 실제 쫀득 노래",
        "description": "아프리카 주소 ㄱ\nafreeca.com/azsxdcff\n생방 5시반, 11시반",
        "thumbnail": "https://i.ytimg.com/vi/-BdB84VRHKc/mqdefault.jpg",
        "youtubeVideoId": "-BdB84VRHKc",
        "uploadedDate": "2016-09-08T21:42:02Z",
        "viewCount": 0,
        "isCommercial": "False"
    },
    {
        "id": "ede3cc15-c739-4e14-b9a1-0f4aebfd1e7c",
        "title": "캡틴 아메리카vs아이언맨 어벤져스 시빌워 만약에 자고 일어났더니 아이언맨 이 된다면!? 14화 [실사 스토리 리뷰 마인크래프트 시빌워패러디]MineCraft ironman",
        "description": "아프리카 주소 ㄱ\nafreeca.com/azsxdcff\n생방 5시반, 11시반",
        "thumbnail": "https://i.ytimg.com/vi/sUb43UwSgmk/mqdefault.jpg",
        "youtubeVideoId": "sUb43UwSgmk",
        "uploadedDate": "2016-09-02T22:43:51Z",
        "viewCount": 0,
        "isCommercial": "False"
    },
    {
        "id": "949f6063-a91b-4c2e-8449-707ff8ff0022",
        "title": "눈뜨고보니.. 부산행 좀비들이 있는 기차에!? 만약에 자고 일어났더니 마동석이 된다면!? 13화 [실사 스토리 리뷰 마인크래프트 부산행 패러디] Real MineCraft",
        "description": "아프리카 주소 ㄱ\nafreeca.com/azsxdcff\n생방 5시반, 11시반",
        "thumbnail": "https://i.ytimg.com/vi/5y0H3-W1Fik/mqdefault.jpg",
        "youtubeVideoId": "5y0H3-W1Fik",
        "uploadedDate": "2016-08-27T00:01:23Z",
        "viewCount": 0,
        "isCommercial": "False"
    },
    {
        "id": "6d5536bf-3776-4c56-8d8f-e80ada17e416",
        "title": "바다의 왕 징베 아론을 무찌르다! 만약에 자고 일어났더니 징베가 된다면!?12화 [ 마인크래프트 실사스토리모드리뷰 ]Realistic MineCraft Jinbe",
        "description": "아프리카 주소 ㄱ\nafreeca.com/azsxdcff\n생방 5시반, 11시반",
        "thumbnail": "https://i.ytimg.com/vi/f6rAFlID3uc/mqdefault.jpg",
        "youtubeVideoId": "f6rAFlID3uc",
        "uploadedDate": "2016-08-20T01:00:30Z",
        "viewCount": 0,
        "isCommercial": "False"
    },
    {
        "id": "3c417ea6-24bf-4954-ac48-5720ee0746dd",
        "title": "사스케vs나루토 최강의 동력 스사노오!? 만약에 자고 일어났더니 실제로 사스케가 된다면!?11화 [ 마인크래프트 실사스토리모드리뷰 ]Realistic MineCraft sasuke",
        "description": "아프리카 주소 ㄱ\nafreeca.com/azsxdcff\n생방 5시반, 11시반\n이번 영상은 라더 , 메리 님이 도와주셨습니다!",
        "thumbnail": "https://i.ytimg.com/vi/tuYxhlU_gXM/mqdefault.jpg",
        "youtubeVideoId": "tuYxhlU_gXM",
        "uploadedDate": "2016-08-13T01:08:25Z",
        "viewCount": 0,
        "isCommercial": "False"
    },
    {
        "id": "1bba1ffd-4e82-4a33-9866-39fc0408caec",
        "title": "오버워치 맥크리가 되었다고?! 만약에 자고 일어났더니 실제로 맥크리가 된다면!?10화 [ 마인크래프트 실사스토리모드리뷰 ]Realistic MineCraft McCree",
        "description": "아프리카 주소 ㄱ\nafreeca.com/azsxdcff\n생방 5시반, 11시반",
        "thumbnail": "https://i.ytimg.com/vi/cQydf-TMNIM/mqdefault.jpg",
        "youtubeVideoId": "cQydf-TMNIM",
        "uploadedDate": "2016-08-03T19:41:56Z",
        "viewCount": 0,
        "isCommercial": "False"
    },
    {
        "id": "8501b0f5-fb4d-4143-a9c6-22ddaa5798d5",
        "title": "포켓몬GO 하다 포켓몬 세계로?! 만약에 자고 일어났더니 실제로 포켓몬 세계로 간다면!?9화[마인크래프트 실사스토리모드리뷰]Realistic MineCraft Pokemon Go",
        "description": "아프리카 주소 ㄱ\nafreeca.com/azsxdcff\n생방 5시반, 11시반",
        "thumbnail": "https://i.ytimg.com/vi/t56U6-9tX-E/mqdefault.jpg",
        "youtubeVideoId": "t56U6-9tX-E",
        "uploadedDate": "2016-07-23T00:39:34Z",
        "viewCount": 0,
        "isCommercial": "False"
    },
    {
        "id": "ac5c426a-1229-4250-998b-a5f6e025e074",
        "title": "내가 고무인간이라구?!만약에 자고 일어났더니 실제로 루피가 된다면!? 8화[마인크래프트 실사스토리모드리뷰]Realistic MineCraft One piece Luffy",
        "description": "아프리카 주소 ㄱ\nafreeca.com/azsxdcff\n생방 5시반, 11시반",
        "thumbnail": "https://i.ytimg.com/vi/Ps7iFmxOU_0/mqdefault.jpg",
        "youtubeVideoId": "Ps7iFmxOU_0",
        "uploadedDate": "2016-07-16T01:03:31Z",
        "viewCount": 0,
        "isCommercial": "False"
    },
    {
        "id": "6392f7ee-58ed-4aa6-b099-183b21731795",
        "title": "내가 바로 한방 사나이 원펀맨!!만약에 자고 일어났더니 실제로 사이타마가 된다면!? 7화[마인크래프트 실사스토리모드리뷰]Realistic MineCraft One punch man",
        "description": "아프리카 주소 ㄱ\nafreeca.com/azsxdcff\n생방 5시반, 11시반",
        "thumbnail": "https://i.ytimg.com/vi/mqxfwQ_sYEM/mqdefault.jpg",
        "youtubeVideoId": "mqxfwQ_sYEM",
        "uploadedDate": "2016-07-08T22:03:20Z",
        "viewCount": 0,
        "isCommercial": "False"
    },
    {
        "id": "d148f5ac-3769-47d2-b6ff-120f9568a2e6",
        "title": "무한 대못 펀치!! 포크 캐논!!!만약에 자고 일어났더니 실제로 토리코가 된다면!? 6화[마인크래프트 실사스토리모드리뷰]Realistic MineCraft TORICO",
        "description": "아프리카 주소 ㄱ\nafreeca.com/azsxdcff\n생방 5시반, 11시반",
        "thumbnail": "https://i.ytimg.com/vi/P1_LpUpgahk/mqdefault.jpg",
        "youtubeVideoId": "P1_LpUpgahk",
        "uploadedDate": "2016-07-01T23:03:13Z",
        "viewCount": 0,
        "isCommercial": "False"
    },
    {
        "id": "13d5bcf5-2ac3-42a6-bbba-3448f6cd4883",
        "title": "의지가 충만해진다..!! 만약에 자고 일어났더니 실제로 샌즈가 된다면!? 5화[마인크래프트 실사스토리모드리뷰]Realistic MineCraft Sans UNDERTALE",
        "description": "아프리카 주소 ㄱ\nafreeca.com/azsxdcff\n생방 5시반, 11시반",
        "thumbnail": "https://i.ytimg.com/vi/Fuek84ALgNk/mqdefault.jpg",
        "youtubeVideoId": "Fuek84ALgNk",
        "uploadedDate": "2016-06-24T18:36:34Z",
        "viewCount": 0,
        "isCommercial": "False"
    },
    {
        "id": "e1035b65-8b51-4f6a-ae88-b80e322d42e7",
        "title": "흰수염VS카카시! 만약에 자고 일어났더니 실제로 흰수염이 된다면!? 4화[마인크래프트 실사스토리모드리뷰-MineMInenomi]Realistic MineCraft Shirohige",
        "description": "아프리카 주소 ㄱ\nafreeca.com/azsxdcff\n생방 5시반, 11시반",
        "thumbnail": "https://i.ytimg.com/vi/kZk6FRUKYFg/mqdefault.jpg",
        "youtubeVideoId": "kZk6FRUKYFg",
        "uploadedDate": "2016-06-18T04:21:35Z",
        "viewCount": 0,
        "isCommercial": "False"
    },
    {
        "id": "e87d881e-22b8-4e66-a0f7-d8371ede7444",
        "title": "에이스vs검은수염!!자고 일어났더니 만약에 실제로 에이스가 된다면!? 3화[마인크래프트 실사스토리모드리뷰 - MineMInenomi]Realistic MineCraft ACE",
        "description": "아프리카 주소 ㄱ\nafreeca.com/azsxdcff\n생방 5시반, 11시반",
        "thumbnail": "https://i.ytimg.com/vi/qaDS-PmpvN8/mqdefault.jpg",
        "youtubeVideoId": "qaDS-PmpvN8",
        "uploadedDate": "2016-06-11T00:02:29Z",
        "viewCount": 0,
        "isCommercial": "False"
    },
    {
        "id": "ce20a6dd-f482-4753-9e62-bc31fd760c0a",
        "title": "헐크가 되어 로봇 100마리를 처리하자!만약에 자고 일어났더니 실제로 헐크가 된다면!? 2화[마인크래프트 실사스토리모드리뷰]Realistic MineCraft HULK",
        "description": "실사 헐크가 되었다!\n아프리카 주소 ㄱ\nafreeca.com/azsxdcff\n생방 5시반, 11시반",
        "thumbnail": "https://i.ytimg.com/vi/Ru_qAXBO6JY/mqdefault.jpg",
        "youtubeVideoId": "Ru_qAXBO6JY",
        "uploadedDate": "2016-06-02T06:44:36Z",
        "viewCount": 0,
        "isCommercial": "False"
    },
    {
        "id": "b6d170af-82b6-462f-b3bc-040daba1969c",
        "title": "만약에 자고 일어났더니 실제로 쵸파가 된다면?!? 1화 [마인크래프트 실사 스토리 모드 리뷰 - opcraft] Realistic MineCraft one peace chopper",
        "description": "자고 일어났더니 쵸파가 되었다!\n아프리카 주소 ㄱ\nafreeca.com/azsxdcff\n생방 11시반",
        "thumbnail": "https://i.ytimg.com/vi/7wLWxDBiiIM/mqdefault.jpg",
        "youtubeVideoId": "7wLWxDBiiIM",
        "uploadedDate": "2016-05-26T03:46:11Z",
        "viewCount": 0,
        "isCommercial": "False"
    }
]