[
    {
        "id": "304ca9a6-08ae-4931-b195-b1f3a737c47a",
        "title": "[ASMR] Mute-toned Eye Shadows Show-and-Tell 여름뮤트 쉐도우 팔레트 소개 (유튜브에 속아서 구매ㅠㅠ)",
        "description": "👄 PATREON (입소리 영상 풀버전 모두 공개)\nhttps://www.patreon.com/rose_asmr\nFull length of mouth sounds videos + extra videos\n풀 영상 + 멤버 전용 새로운 입소리 영상들 모두 공개\n\n🔥 Get the deleted mouth sounds video\nhttps://crowdticket.kr/store/roseasmr/language/en\n\n🔥 삭제된 입소리 영상 다운받기\nhttps://crowdticket.kr/store/roseasmr\n\n💝 Request Custom ASMR\nhttps://www.wisio.com/Rose_ASMR\nNo sign-up, real quick and easy!\n\n💝 맞춤형 ASMR 영상 요청하기\nhttps://crowdticket.kr/store/roseasmr\n최애 트리거를 골라 여러분들만의 최애 영상을 평생 소장하기!\n--------------------------------------------------\n\n🔥 PATREON https://www.patreon.com/rose_asmr\n\n💝 CUSTOM ASMR https://www.wisio.com/Rose_ASMR\n\n💝 맞춤 ASMR https://crowdticket.kr/item/store/417\n\n\n🧚‍♀ TikTok https://vt.tiktok.com/RsuHck/\n\n🧚‍♀ Instagram https://www.instagram.com/rose.0430/\n\n\n💌 PAYPAL https://paypal.me/rose0430?locale.x=ko_KR\n\n✉ Email : dbalzla159@gmail.com\n\n✉ Business : ad.group@treasurehunter.co.kr",
        "thumbnail": "https://i.ytimg.com/vi/z32tdYL9ZFA/mqdefault.jpg",
        "youtubeVideoId": "z32tdYL9ZFA",
        "uploadedDate": "2022-09-16T18:48:51Z",
        "viewCount": 4914,
        "isCommercial": "False"
    },
    {
        "id": "e3602513-804a-4bad-b1f8-0ce7d8f9706e",
        "title": "[ASMR] Touching Your Face + Mouth Sounds, 얼굴 어루만지며 입소리 (초 집중😌)",
        "description": "👄 PATREON (입소리 영상 풀버전 모두 공개)\nhttps://www.patreon.com/rose_asmr\nFull length of mouth sounds videos + extra videos\n풀 영상 + 멤버 전용 새로운 입소리 영상들 모두 공개\n\n🔥 Get the deleted mouth sounds video\nhttps://crowdticket.kr/store/roseasmr/language/en\n\n🔥 삭제된 입소리 영상 다운받기\nhttps://crowdticket.kr/store/roseasmr\n\n💝 Request Custom ASMR\nhttps://www.wisio.com/Rose_ASMR\nNo sign-up, real quick and easy!\n\n💝 맞춤형 ASMR 영상 요청하기\nhttps://crowdticket.kr/store/roseasmr\n최애 트리거를 골라 여러분들만의 최애 영상을 평생 소장하기!\n--------------------------------------------------\n\n🔥 PATREON https://www.patreon.com/rose_asmr\n\n💝 CUSTOM ASMR https://www.wisio.com/Rose_ASMR\n\n💝 맞춤 ASMR https://crowdticket.kr/item/store/417\n\n\n🧚‍♀ TikTok https://vt.tiktok.com/RsuHck/\n\n🧚‍♀ Instagram https://www.instagram.com/rose.0430/\n\n\n💌 PAYPAL https://paypal.me/rose0430?locale.x=ko_KR\n\n✉ Email : dbalzla159@gmail.com\n\n✉ Business : ad.group@treasurehunter.co.kr",
        "thumbnail": "https://i.ytimg.com/vi/k6zGtIsECUI/mqdefault.jpg",
        "youtubeVideoId": "k6zGtIsECUI",
        "uploadedDate": "2022-10-11T10:54:23Z",
        "viewCount": 8230,
        "isCommercial": "False"
    },
    {
        "id": "a8716e83-7f07-4606-b407-fb2429e07cd6",
        "title": "[ASMR]Australian Candy Eating Sounds 호주 젤리 이팅사운드 (스웨디시랑 비교 불가..강추ㅠㅠ❣️)",
        "description": "👄 PATREON (입소리 영상 풀버전 모두 공개)\nhttps://www.patreon.com/rose_asmr\nFull length of mouth sounds videos + extra videos\n풀 영상 + 멤버 전용 새로운 입소리 영상들 모두 공개\n\n🔥 Get the deleted mouth sounds video\nhttps://crowdticket.kr/store/roseasmr/language/en\n\n🔥 삭제된 입소리 영상 다운받기\nhttps://crowdticket.kr/store/roseasmr\n\n💝 Request Custom ASMR\nhttps://www.wisio.com/Rose_ASMR\nNo sign-up, real quick and easy!\n\n💝 맞춤형 ASMR 영상 요청하기\nhttps://crowdticket.kr/store/roseasmr\n최애 트리거를 골라 여러분들만의 최애 영상을 평생 소장하기!\n\n00:00 Intro\n02:00 Eating Starts\n32:40 Outro\n--------------------------------------------------\n\n🔥 PATREON https://www.patreon.com/rose_asmr\n\n💝 CUSTOM ASMR https://www.wisio.com/Rose_ASMR\n\n💝 맞춤 ASMR https://crowdticket.kr/item/store/417\n\n\n🧚‍♀ TikTok https://vt.tiktok.com/RsuHck/\n\n🧚‍♀ Instagram https://www.instagram.com/rose.0430/\n\n\n💌 PAYPAL https://paypal.me/rose0430?locale.x=ko_KR\n\n✉ Email : dbalzla159@gmail.com\n\n✉ Business : ad.group@treasurehunter.co.kr",
        "thumbnail": "https://i.ytimg.com/vi/yPD3PuGclBU/mqdefault.jpg",
        "youtubeVideoId": "yPD3PuGclBU",
        "uploadedDate": "2022-10-06T19:05:05Z",
        "viewCount": 9393,
        "isCommercial": "False"
    },
    {
        "id": "2842ea68-6401-48bc-85dc-63cb57e847e3",
        "title": "[ASMR] almost Licking the MIC, Mouth Sounds (거의) 마이크 핥기, 입소리",
        "description": "👄 PATREON (입소리 영상 풀버전 모두 공개)\nhttps://www.patreon.com/rose_asmr\nFull length of mouth sounds videos + extra videos\n풀 영상 + 멤버 전용 새로운 입소리 영상들 모두 공개\n\n🔥 Get the deleted mouth sounds video\nhttps://crowdticket.kr/store/roseasmr/language/en\n\n🔥 삭제된 입소리 영상 다운받기\nhttps://crowdticket.kr/store/roseasmr\n\n💝 Request Custom ASMR\nhttps://www.wisio.com/Rose_ASMR\nNo sign-up, real quick and easy!\n\n💝 맞춤형 ASMR 영상 요청하기\nhttps://crowdticket.kr/store/roseasmr\n최애 트리거를 골라 여러분들만의 최애 영상을 평생 소장하기!\n\n00:00 Preview 미리보기\n00:30 Intro 소개\n01:15 Starts 시작\n\n#PATREON #TEASER #패트리온 \n--------------------------------------------------\n\n🔥 PATREON https://www.patreon.com/rose_asmr\n\n💝 CUSTOM ASMR https://www.wisio.com/Rose_ASMR\n\n💝 맞춤 ASMR https://crowdticket.kr/item/store/417\n\n\n🧚‍♀ TikTok https://vt.tiktok.com/RsuHck/\n\n🧚‍♀ Instagram https://www.instagram.com/rose.0430/\n\n\n💌 PAYPAL https://paypal.me/rose0430?locale.x=ko_KR\n\n✉ Email : dbalzla159@gmail.com\n\n✉ Business : ad.group@treasurehunter.co.kr",
        "thumbnail": "https://i.ytimg.com/vi/RsAAIXZfMJM/mqdefault.jpg",
        "youtubeVideoId": "RsAAIXZfMJM",
        "uploadedDate": "2022-09-06T12:31:31Z",
        "viewCount": 5099,
        "isCommercial": "False"
    },
    {
        "id": "895104cb-2a08-4757-89ba-8c5edba6a06c",
        "title": "[ASMR] Why don't I Talk about My Life on YouTube.. 유튜브에서 사생활 이야기 안 하는 이유 (6주년 기념🎉)",
        "description": "👄 PATREON (입소리 영상 풀버전 모두 공개)\nhttps://www.patreon.com/rose_asmr\nFull length of mouth sounds videos + extra videos\n풀 영상 + 멤버 전용 새로운 입소리 영상들 모두 공개\n\n🔥 Get the deleted mouth sounds video\nhttps://crowdticket.kr/store/roseasmr/language/en\n\n🔥 삭제된 입소리 영상 다운받기\nhttps://crowdticket.kr/store/roseasmr\n\n💝 Request Custom ASMR\nhttps://www.wisio.com/Rose_ASMR\nNo sign-up, real quick and easy!\n\n💝 맞춤형 ASMR 영상 요청하기\nhttps://crowdticket.kr/store/roseasmr\n최애 트리거를 골라 여러분들만의 최애 영상을 평생 소장하기!\n--------------------------------------------------\n\n🔥 PATREON https://www.patreon.com/rose_asmr\n\n💝 CUSTOM ASMR https://www.wisio.com/Rose_ASMR\n\n💝 맞춤 ASMR https://crowdticket.kr/item/store/417\n\n\n🧚‍♀ TikTok https://vt.tiktok.com/RsuHck/\n\n🧚‍♀ Instagram https://www.instagram.com/rose.0430/\n\n\n💌 PAYPAL https://paypal.me/rose0430?locale.x=ko_KR\n\n✉ Email : dbalzla159@gmail.com\n\n✉ Business : ad.group@treasurehunter.co.kr",
        "thumbnail": "https://i.ytimg.com/vi/R3w2M4_hgJA/mqdefault.jpg",
        "youtubeVideoId": "R3w2M4_hgJA",
        "uploadedDate": "2022-07-21T10:33:05Z",
        "viewCount": 5148,
        "isCommercial": "False"
    },
    {
        "id": "3cdfcc4f-a529-436f-ba57-a53d7b1d1c76",
        "title": "[ASMR] Duct Tape Brain Massage, Sticky Sounds 테이프로 뇌 마사지",
        "description": "👄 PATREON (입소리 영상 풀버전 모두 공개)\nhttps://www.patreon.com/rose_asmr\nFull length of mouth sounds videos + extra videos\n풀 영상 + 멤버 전용 새로운 입소리 영상들 모두 공개\n\n🔥 Get the deleted mouth sounds video\nhttps://crowdticket.kr/store/roseasmr/language/en\n\n🔥 삭제된 입소리 영상 다운받기\nhttps://crowdticket.kr/store/roseasmr\n\n💝 Request Custom ASMR\nhttps://www.wisio.com/Rose_ASMR\nNo sign-up, real quick and easy!\n\n💝 맞춤형 ASMR 영상 요청하기\nhttps://crowdticket.kr/store/roseasmr\n최애 트리거를 골라 여러분들만의 최애 영상을 평생 소장하기!\n\n00:00 Preview 미리보기\n00:30 Intro 소개\n03:45 Starts 시작\n--------------------------------------------------\n\n🔥 PATREON https://www.patreon.com/rose_asmr\n\n💝 CUSTOM ASMR https://www.wisio.com/Rose_ASMR\n\n💝 맞춤 ASMR https://crowdticket.kr/item/store/417\n\n\n🧚‍♀ TikTok https://vt.tiktok.com/RsuHck/\n\n🧚‍♀ Instagram https://www.instagram.com/rose.0430/\n\n\n💌 PAYPAL https://paypal.me/rose0430?locale.x=ko_KR\n\n✉ Email : dbalzla159@gmail.com\n\n✉ Business : ad.group@treasurehunter.co.kr",
        "thumbnail": "https://i.ytimg.com/vi/ECmDMZLpx6M/mqdefault.jpg",
        "youtubeVideoId": "ECmDMZLpx6M",
        "uploadedDate": "2022-06-19T07:14:11Z",
        "viewCount": 5236,
        "isCommercial": "False"
    },
    {
        "id": "dfac6dd9-9665-4dfa-a20b-73ba08fcb087",
        "title": "[ASMR] Invisible Scratch (Personal Attention) l 화면 긁기, 시각적 팅글",
        "description": "👄 PATREON (입소리 영상 풀버전 모두 공개)\nhttps://www.patreon.com/rose_asmr\nFull length of mouth sounds videos + extra videos\n풀 영상 + 멤버 전용 새로운 입소리 영상들 모두 공개\n\n🔥 Get the deleted mouth sounds video\nhttps://crowdticket.kr/store/roseasmr/language/en\n\n🔥 삭제된 입소리 영상 다운받기\nhttps://crowdticket.kr/store/roseasmr\n\n💝 Request Custom ASMR\nhttps://www.wisio.com/Rose_ASMR\nNo sign-up, real quick and easy!\n\n💝 맞춤형 ASMR 영상 요청하기\nhttps://crowdticket.kr/store/roseasmr\n최애 트리거를 골라 여러분들만의 최애 영상을 평생 소장하기!\n\n00:00 Preview 미리보기\n00:30 Intro 소개\n01:14 Starts 시작\n--------------------------------------------------\n\n🔥 PATREON https://www.patreon.com/rose_asmr\n\n💝 CUSTOM ASMR https://www.wisio.com/Rose_ASMR\n\n💝 맞춤 ASMR https://crowdticket.kr/item/store/417\n\n\n🧚‍♀ TikTok https://vt.tiktok.com/RsuHck/\n\n🧚‍♀ Instagram https://www.instagram.com/rose.0430/\n\n\n💌 PAYPAL https://paypal.me/rose0430?locale.x=ko_KR\n\n✉ Email : dbalzla159@gmail.com\n\n✉ Business : ad.group@treasurehunter.co.kr",
        "thumbnail": "https://i.ytimg.com/vi/r467MtKFb58/mqdefault.jpg",
        "youtubeVideoId": "r467MtKFb58",
        "uploadedDate": "2022-06-01T09:11:12Z",
        "viewCount": 7928,
        "isCommercial": "False"
    },
    {
        "id": "0f30b776-3bff-4ffd-a5cc-13fe251717c3",
        "title": "[ASMR] Camera Brushing, Mouth Sounds, Rambles l 카메라 브러슁, 입소리, 속삭임",
        "description": "Check out to see previous videos with the same brushes!\n이 브러쉬가 사용된 다른 영상들이 보고 싶으시다면 클릭!\nhttps://www.youtube.com/watch?v=IEqqnXx3-ys\nhttps://www.youtube.com/watch?v=vMCqCtriH7A\n\n👄 PATREON (입소리 영상 풀버전 모두 공개)\nhttps://www.patreon.com/rose_asmr\nFull length of mouth sounds videos + extra videos\n풀 영상 + 멤버 전용 새로운 입소리 영상들 모두 공개\n\n🔥 Get the deleted mouth sounds video\nhttps://crowdticket.kr/store/roseasmr/language/en\n\n🔥 삭제된 입소리 영상 다운받기\nhttps://crowdticket.kr/store/roseasmr\n\n💝 Request Custom ASMR\nhttps://www.wisio.com/Rose_ASMR\nNo sign-up, real quick and easy!\n\n💝 맞춤형 ASMR 영상 요청하기\nhttps://crowdticket.kr/store/roseasmr\n최애 트리거를 골라 여러분들만의 최애 영상을 평생 소장하기!\n--------------------------------------------------\n\n🔥 PATREON https://www.patreon.com/rose_asmr\n\n💝 CUSTOM ASMR https://www.wisio.com/Rose_ASMR\n\n💝 맞춤 ASMR https://crowdticket.kr/item/store/417\n\n\n🧚‍♀ TikTok https://vt.tiktok.com/RsuHck/\n\n🧚‍♀ Instagram https://www.instagram.com/rose.0430/\n\n\n💌 PAYPAL https://paypal.me/rose0430?locale.x=ko_KR\n\n✉ Email : dbalzla159@gmail.com\n\n✉ Business : ad.group@treasurehunter.co.kr",
        "thumbnail": "https://i.ytimg.com/vi/wHqxdJ_3Qvg/mqdefault.jpg",
        "youtubeVideoId": "wHqxdJ_3Qvg",
        "uploadedDate": "2022-04-20T03:25:57Z",
        "viewCount": 14522,
        "isCommercial": "False"
    },
    {
        "id": "e366bd90-f9b5-47fe-b27d-d41856f5b777",
        "title": "[ASMR] Inaudible Mouths Sounds 알아들을 수 없는 속삭임과 입소리 (인어디블)",
        "description": "👄 PATREON (입소리 영상 풀버전 모두 공개)\nhttps://www.patreon.com/rose_asmr\nFull length of mouth sounds videos + extra videos\n풀 영상 + 멤버 전용 새로운 입소리 영상들 모두 공개\n\n🔥 Get the deleted mouth sounds video\nhttps://crowdticket.kr/store/roseasmr/language/en\n\n🔥 삭제된 입소리 영상 다운받기\nhttps://crowdticket.kr/store/roseasmr\n\n💝 Request Custom ASMR\nhttps://www.wisio.com/Rose_ASMR\nNo sign-up, real quick and easy!\n\n💝 맞춤형 ASMR 영상 요청하기\nhttps://crowdticket.kr/store/roseasmr\n최애 트리거를 골라 여러분들만의 최애 영상을 평생 소장하기!\n--------------------------------------------------\n\n🔥 PATREON https://www.patreon.com/rose_asmr\n\n💝 CUSTOM ASMR https://www.wisio.com/Rose_ASMR\n\n💝 맞춤 ASMR https://crowdticket.kr/item/store/417\n\n\n🧚‍♀ TikTok https://vt.tiktok.com/RsuHck/\n\n🧚‍♀ Instagram https://www.instagram.com/rose.0430/\n\n\n💌 PAYPAL https://paypal.me/rose0430?locale.x=ko_KR\n\n✉ Email : dbalzla159@gmail.com\n\n✉ Business : ad.group@treasurehunter.co.kr",
        "thumbnail": "https://i.ytimg.com/vi/H-N-O33E5Uk/mqdefault.jpg",
        "youtubeVideoId": "H-N-O33E5Uk",
        "uploadedDate": "2022-03-29T05:01:35Z",
        "viewCount": 13919,
        "isCommercial": "False"
    },
    {
        "id": "9974db7d-d553-446f-8364-813e68c38c62",
        "title": "[ASMR] Showing My Drawing Progress 인물 드로잉 발전 과정 (선 긋기 부터 그림 선물 까지!)",
        "description": "👄 PATREON (입소리 영상 풀버전 모두 공개)\nhttps://www.patreon.com/rose_asmr\nFull length of mouth sounds videos + extra videos\n풀 영상 + 멤버 전용 새로운 입소리 영상들 모두 공개\n\n🔥 Get the deleted mouth sounds video\nhttps://crowdticket.kr/store/roseasmr/language/en\n\n🔥 삭제된 입소리 영상 다운받기\nhttps://crowdticket.kr/store/roseasmr\n\n💝 Request Custom ASMR\nhttps://www.wisio.com/Rose_ASMR\nNo sign-up, real quick and easy!\n\n💝 맞춤형 ASMR 영상 요청하기\nhttps://crowdticket.kr/store/roseasmr\n최애 트리거를 골라 여러분들만의 최애 영상을 평생 소장하기!\n--------------------------------------------------\n\n🔥 PATREON https://www.patreon.com/rose_asmr\n\n💝 CUSTOM ASMR https://www.wisio.com/Rose_ASMR\n\n💝 맞춤 ASMR https://crowdticket.kr/item/store/417\n\n\n🧚‍♀ TikTok https://vt.tiktok.com/RsuHck/\n\n🧚‍♀ Instagram https://www.instagram.com/rose.0430/\n\n\n💌 PAYPAL https://paypal.me/rose0430?locale.x=ko_KR\n\n✉ Email : dbalzla159@gmail.com\n\n✉ Business : ad.group@treasurehunter.co.kr",
        "thumbnail": "https://i.ytimg.com/vi/esmEyHswh5I/mqdefault.jpg",
        "youtubeVideoId": "esmEyHswh5I",
        "uploadedDate": "2022-03-22T02:07:27Z",
        "viewCount": 11620,
        "isCommercial": "False"
    },
    {
        "id": "742b4d60-179d-403a-a42f-2088506b4510",
        "title": "[ASMR] Nail Tapping + Mouth Sounds Throughout l 손톱 탭핑과 입소리, 논스탑",
        "description": "👄 PATREON (입소리 영상 풀버전 모두 공개)\nhttps://www.patreon.com/rose_asmr\nFull length of mouth sounds videos + extra videos\n풀 영상 + 멤버 전용 새로운 입소리 영상들 모두 공개\n\n🔥 Get the deleted mouth sounds video\nhttps://crowdticket.kr/store/roseasmr/language/en\n\n🔥 삭제된 입소리 영상 다운받기\nhttps://crowdticket.kr/store/roseasmr\n\n💝 Request Custom ASMR\nhttps://www.wisio.com/Rose_ASMR\nNo sign-up, real quick and easy!\n\n💝 맞춤형 ASMR 영상 요청하기\nhttps://crowdticket.kr/store/roseasmr\n최애 트리거를 골라 여러분들만의 최애 영상을 평생 소장하기!\n\n00:00 Preview 미리보기\n00:31 Starts 시작\n--------------------------------------------------\n\n🔥 PATREON https://www.patreon.com/rose_asmr\n\n💝 CUSTOM ASMR https://www.wisio.com/Rose_ASMR\n\n💝 맞춤 ASMR https://crowdticket.kr/item/store/417\n\n\n🧚‍♀ TikTok https://vt.tiktok.com/RsuHck/\n\n🧚‍♀ Instagram https://www.instagram.com/rose.0430/\n\n\n💌 PAYPAL https://paypal.me/rose0430?locale.x=ko_KR\n\n✉ Email : dbalzla159@gmail.com\n\n✉ Business : ad.group@treasurehunter.co.kr",
        "thumbnail": "https://i.ytimg.com/vi/MIVzlGjP5-w/mqdefault.jpg",
        "youtubeVideoId": "MIVzlGjP5-w",
        "uploadedDate": "2022-03-22T02:10:40Z",
        "viewCount": 12928,
        "isCommercial": "False"
    },
    {
        "id": "61e56432-b56c-4bf3-ba73-86a50f82fb97",
        "title": "[ASMR] Trigger Words in 25+ Languages, Tingly Whispers 외국어 단어 속삭임",
        "description": "👄 PATREON (입소리 영상 풀버전 모두 공개)\nhttps://www.patreon.com/rose_asmr\nFull length of mouth sounds videos + extra videos\n풀 영상 + 멤버 전용 새로운 입소리 영상들 모두 공개\n\n🔥 Get the deleted mouth sounds video\nhttps://crowdticket.kr/store/roseasmr/language/en\n\n🔥 삭제된 입소리 영상 다운받기\nhttps://crowdticket.kr/store/roseasmr\n\n💝 Request Custom ASMR\nhttps://www.wisio.com/Rose_ASMR\nNo sign-up, real quick and easy!\n\n💝 맞춤형 ASMR 영상 요청하기\nhttps://crowdticket.kr/store/roseasmr\n최애 트리거를 골라 여러분들만의 최애 영상을 평생 소장하기!\n--------------------------------------------------\n\n🔥 PATREON https://www.patreon.com/rose_asmr\n\n💝 CUSTOM ASMR https://www.wisio.com/Rose_ASMR\n\n💝 맞춤 ASMR https://crowdticket.kr/item/store/417\n\n\n🧚‍♀ TikTok https://vt.tiktok.com/RsuHck/\n\n🧚‍♀ Instagram https://www.instagram.com/rose.0430/\n\n\n💌 PAYPAL https://paypal.me/rose0430?locale.x=ko_KR\n\n✉ Email : dbalzla159@gmail.com\n\n✉ Business : ad.group@treasurehunter.co.kr",
        "thumbnail": "https://i.ytimg.com/vi/RPIgngtn33M/mqdefault.jpg",
        "youtubeVideoId": "RPIgngtn33M",
        "uploadedDate": "2022-02-14T02:47:39Z",
        "viewCount": 7664,
        "isCommercial": "False"
    },
    {
        "id": "26c5cee1-70e5-47ea-ae70-bf37c522e8c9",
        "title": "[ASMR] Glue Stick on Your Brain (No Talking) l 딱풀로 뇌 마사지, 귀호강 (노토킹)",
        "description": "👄 PATREON (입소리 영상 풀버전 모두 공개)\nhttps://www.patreon.com/rose_asmr\nFull length of mouth sounds videos + extra videos\n풀 영상 + 멤버 전용 새로운 입소리 영상들 모두 공개\n\n🔥 Get the deleted mouth sounds video\nhttps://crowdticket.kr/store/roseasmr/language/en\n\n🔥 삭제된 입소리 영상 다운받기\nhttps://crowdticket.kr/store/roseasmr\n\n💝 Request Custom ASMR\nhttps://www.wisio.com/Rose_ASMR\nNo sign-up, real quick and easy!\n\n💝 맞춤형 ASMR 영상 요청하기\nhttps://crowdticket.kr/store/roseasmr\n최애 트리거를 골라 여러분들만의 최애 영상을 평생 소장하기!\n\n00:00-00:38 Preview 미리보기 \n00:39-01:30 Mic Scratching 마이크 긁기 \n01:30-02:08 Glue Stick Tapping 딱풀 탭핑 \n02:08-16:33 Start 시작\n16:33-18:54 Glue Touching 딱풀 만지기\n----------------------------------------------------------------------------------\n\n🔥 PATREON https://www.patreon.com/rose_asmr\n\n💝 CUSTOM ASMR https://www.wisio.com/Rose_ASMR\n\n💝 맞춤 ASMR https://crowdticket.kr/item/store/417\n\n\n🧚‍♀ TikTok https://vt.tiktok.com/RsuHck/\n\n🧚‍♀ Instagram https://www.instagram.com/rose.0430/\n\n\n💌 PAYPAL https://paypal.me/rose0430?locale.x=ko_KR\n\n✉ Email : dbalzla159@gmail.com\n\n✉ Business : ad.group@treasurehunter.co.kr",
        "thumbnail": "https://i.ytimg.com/vi/rjzj4NYqVyc/mqdefault.jpg",
        "youtubeVideoId": "rjzj4NYqVyc",
        "uploadedDate": "2022-01-25T06:06:21Z",
        "viewCount": 5068,
        "isCommercial": "False"
    },
    {
        "id": "9f48badf-408d-473b-8205-204b2dc6b0ea",
        "title": "[ASMR] Applying Lipstick, Delicious Triggers l 마이크에 립스틱 바르기, 마이크 괴롭히기",
        "description": "영상 참고 : Cashmere ASMR\nInspired by Cashmere ASMR\n\n👄 PATREON (입소리 영상 풀버전 모두 공개)\nhttps://www.patreon.com/rose_asmr\nFull length of mouth sounds videos + extra videos\n풀 영상 + 멤버 전용 새로운 입소리 영상들 모두 공개\n\n🔥 Get the deleted mouth sounds video\nhttps://crowdticket.kr/store/roseasmr/language/en\n\n🔥 삭제된 입소리 영상 다운받기\nhttps://crowdticket.kr/store/roseasmr\n\n💝 Request Custom ASMR\nhttps://www.wisio.com/Rose_ASMR\nNo sign-up, real quick and easy!\n\n💝 맞춤형 ASMR 영상 요청하기\nhttps://crowdticket.kr/store/roseasmr\n최애 트리거를 골라 여러분들만의 최애 영상을 평생 소장하기!\n\n00:00 Preview 미리보기\n00:43 Touching, Scratching 랩 만지고 긁기\n04:54 Spoolie 스풀리\n07:33 Fan Brush 팬 브러쉬\n12:48 Purple Brush 보라색 브러쉬\n16:11 Lipstick 립스틱\n----------------------------------------------------------------------------------\n\n🔥 PATREON https://www.patreon.com/rose_asmr\n\n💝 CUSTOM ASMR https://www.wisio.com/Rose_ASMR\n\n💝 맞춤 ASMR https://crowdticket.kr/item/store/417\n\n\n🧚‍♀ TikTok https://vt.tiktok.com/RsuHck/\n\n🧚‍♀ Instagram https://www.instagram.com/rose.0430/\n\n\n💌 PAYPAL https://paypal.me/rose0430?locale.x=ko_KR\n\n✉ Email : dbalzla159@gmail.com\n\n✉ Business : ad.group@treasurehunter.co.kr",
        "thumbnail": "https://i.ytimg.com/vi/eNzs-BueKB4/mqdefault.jpg",
        "youtubeVideoId": "eNzs-BueKB4",
        "uploadedDate": "2021-12-20T01:05:45Z",
        "viewCount": 9238,
        "isCommercial": "False"
    },
    {
        "id": "05ffccff-9a29-4d2b-a9d3-58dd79798554",
        "title": "[ASMR] Mic Scratching + Mouth Sounds l 간질간질 마이크 긁으며 입소리",
        "description": "👄 PATREON (입소리 영상 풀버전 모두 공개)\nhttps://www.patreon.com/rose_asmr\nFull length of mouth sounds videos + extra videos\n풀 영상 + 멤버 전용 새로운 입소리 영상들 모두 공개\n\n🔥 Get the deleted mouth sounds video\nhttps://crowdticket.kr/store/roseasmr/language/en\n\n🔥 삭제된 입소리 영상 다운받기\nhttps://crowdticket.kr/store/roseasmr\n\n💝 Request Custom ASMR\nhttps://www.wisio.com/Rose_ASMR\nNo sign-up, real quick and easy!\n\n💝 맞춤형 ASMR 영상 요청하기\nhttps://crowdticket.kr/store/roseasmr\n최애 트리거를 골라 여러분들만의 최애 영상을 평생 소장하기!\n\n00:00 Preview 미리보기\n00:44 Intro 소개\n02:05 Start 시작\n----------------------------------------------------------------------------------\n\n🔥 PATREON https://www.patreon.com/rose_asmr\n\n💝 CUSTOM ASMR https://www.wisio.com/Rose_ASMR\n\n💝 맞춤 ASMR https://crowdticket.kr/item/store/417\n\n\n🧚‍♀ TikTok https://vt.tiktok.com/RsuHck/\n\n🧚‍♀ Instagram https://www.instagram.com/rose.0430/\n\n\n💌 PAYPAL https://paypal.me/rose0430?locale.x=ko_KR\n\n✉ Email : dbalzla159@gmail.com\n\n✉ Business : ad.group@treasurehunter.co.kr",
        "thumbnail": "https://i.ytimg.com/vi/OU9N5CeHrbU/mqdefault.jpg",
        "youtubeVideoId": "OU9N5CeHrbU",
        "uploadedDate": "2021-12-20T01:06:22Z",
        "viewCount": 13379,
        "isCommercial": "False"
    },
    {
        "id": "f7629b2d-1a7e-4b07-af36-d747a299533b",
        "title": "[ASMR] Chocolate Gummy Eating Sounds l 젤리 초코볼 이팅사운드",
        "description": "👄 PATREON (입소리 영상 풀버전 모두 공개)\nhttps://www.patreon.com/rose_asmr\nFull length of mouth sounds videos + extra videos\n풀 영상 + 멤버 전용 새로운 입소리 영상들 모두 공개\n\n🔥 Get the deleted mouth sounds video\nhttps://crowdticket.kr/store/roseasmr/language/en\n\n🔥 삭제된 입소리 영상 다운받기\nhttps://crowdticket.kr/store/roseasmr\n\n💝 Request Custom ASMR\nhttps://www.wisio.com/Rose_ASMR\nNo sign-up, real quick and easy!\n\n💝 맞춤형 ASMR 영상 요청하기\nhttps://crowdticket.kr/store/roseasmr\n최애 트리거를 골라 여러분들만의 최애 영상을 평생 소장하기!\n\n00:00 Preview 미리보기\n00:40 Intro 소개\n01:25 Choco Ball Gummy 초코 볼 젤리\n04:25 Eating Starts 이팅 시작\n19:21 Outro 인사\n21:10 Eating Sounds Only 노토킹 이팅\n----------------------------------------------------------------------------------\n\n🔥 PATREON https://www.patreon.com/rose_asmr\n\n💝 CUSTOM ASMR https://www.wisio.com/Rose_ASMR\n\n💝 맞춤 ASMR https://crowdticket.kr/item/store/417\n\n\n🧚‍♀ TikTok https://vt.tiktok.com/RsuHck/\n\n🧚‍♀ Instagram https://www.instagram.com/rose.0430/\n\n\n💌 PAYPAL https://paypal.me/rose0430?locale.x=ko_KR\n\n✉ Email : dbalzla159@gmail.com\n\n✉ Business : ad.group@treasurehunter.co.kr",
        "thumbnail": "https://i.ytimg.com/vi/NVDf8t4JYpw/mqdefault.jpg",
        "youtubeVideoId": "NVDf8t4JYpw",
        "uploadedDate": "2021-12-10T01:34:30Z",
        "viewCount": 12886,
        "isCommercial": "False"
    },
    {
        "id": "cce6aea1-0c90-43ba-b9d2-b26ecd5d186c",
        "title": "[ASMR] 회사원 유튜버의 일상 (+손톱 탭핑) l Whispering in Korean, Nail Tapping",
        "description": "🔥 [윌라 오디오북] 1개월 무료 + 3개월 50% 할인 쿠폰 받기!\n링크 클릭해서 회원가입 (쿠폰 자동 등록) ▶ https://www.welaaa.com/membership/purchase-form/premium?crmCode=ROSEASMR\n\n또는, 직접 쿠폰 코드 입력\n- 윌라 오디오북 검색 다운로드\n- 회원가입 후 쿠폰등록 클릭\n- 'ROSEASMR'입력\n\n구독자 여러분들도 할인된 가격으로 '윌라 오디오북'에서 편리하게 책 읽어 보세요 :)\n\n* 해당 콘텐츠는 유료 광고를 포함하고 있습니다. 윌라 오디오북.\n\n👄 PATREON (입소리 영상 풀버전 모두 공개)\nhttps://www.patreon.com/rose_asmr\nFull length of mouth sounds videos + extra videos\n풀 영상 + 멤버 전용 새로운 입소리 영상들 모두 공개\n\n🔥 Get the deleted mouth sounds video\nhttps://crowdticket.kr/store/roseasmr/language/en\n\n🔥 삭제된 입소리 영상 다운받기\nhttps://crowdticket.kr/store/roseasmr\n\n💝 Request Custom ASMR\nhttps://www.wisio.com/Rose_ASMR\nNo sign-up, real quick and easy!\n\n💝 맞춤형 ASMR 영상 요청하기\nhttps://crowdticket.kr/store/roseasmr\n최애 트리거를 골라 여러분들만의 최애 영상을 평생 소장하기!\n\n----------------------------------------------------------------------------------\n\n🔥 PATREON https://www.patreon.com/rose_asmr\n\n💝 CUSTOM ASMR https://www.wisio.com/Rose_ASMR\n\n💝 맞춤 ASMR https://crowdticket.kr/item/store/417\n\n\n🧚‍♀ TikTok https://vt.tiktok.com/RsuHck/\n\n🧚‍♀ Instagram https://www.instagram.com/rose.0430/\n\n\n💌 PAYPAL https://paypal.me/rose0430?locale.x=ko_KR\n\n✉ Email : dbalzla159@gmail.com\n\n✉ Business : ad.group@treasurehunter.co.kr",
        "thumbnail": "https://i.ytimg.com/vi/3tjDx4ZhB7A/mqdefault.jpg",
        "youtubeVideoId": "3tjDx4ZhB7A",
        "uploadedDate": "2021-12-08T03:12:15Z",
        "viewCount": 32727,
        "isCommercial": "False"
    },
    {
        "id": "71de7b44-3822-46b0-901c-c38f30e97725",
        "title": "[ASMR] Glue Stick Brain Massage(Oddly Satisfying) l 딱풀로 뇌 마사지",
        "description": "영상 참고 : Cashmere ASMR\nInspired by Cashmere ASMR\n\n👄 PATREON (입소리 영상 풀버전 모두 공개)\nhttps://www.patreon.com/rose_asmr\nFull length of mouth sounds videos + extra videos\n풀 영상 + 멤버 전용 새로운 입소리 영상들 모두 공개\n\n🔥 Get the deleted mouth sounds video\nhttps://crowdticket.kr/store/roseasmr/language/en\n\n🔥 삭제된 입소리 영상 다운받기\nhttps://crowdticket.kr/store/roseasmr\n\n💝 Request Custom ASMR\nhttps://www.wisio.com/Rose_ASMR\nNo sign-up, real quick and easy!\n\n💝 맞춤형 ASMR 영상 요청하기\nhttps://crowdticket.kr/store/roseasmr\n최애 트리거를 골라 여러분들만의 최애 영상을 평생 소장하기!\n\n00:00 Preview 미리보기\n00:29 Intro 소개\n01:40 Start 시작\n----------------------------------------------------------------------------------\n\n🔥 PATREON https://www.patreon.com/rose_asmr\n\n💝 CUSTOM ASMR https://www.wisio.com/Rose_ASMR\n\n💝 맞춤 ASMR https://crowdticket.kr/item/store/417\n\n\n🧚‍♀ TikTok https://vt.tiktok.com/RsuHck/\n\n🧚‍♀ Instagram https://www.instagram.com/rose.0430/\n\n\n💌 PAYPAL https://paypal.me/rose0430?locale.x=ko_KR\n\n✉ Email : dbalzla159@gmail.com\n\n✉ Business : ad.group@treasurehunter.co.k",
        "thumbnail": "https://i.ytimg.com/vi/6GUT4HooldE/mqdefault.jpg",
        "youtubeVideoId": "6GUT4HooldE",
        "uploadedDate": "2021-11-23T05:54:30Z",
        "viewCount": 9984,
        "isCommercial": "False"
    },
    {
        "id": "59421f76-8797-44d6-8f0c-72b2e22650af",
        "title": "[ASMR] Mouth Sounds, Rambling, Eating l 입소리, 속삭임, 이팅사운드",
        "description": "👄 PATREON (입소리 영상 풀버전 모두 공개)\nhttps://www.patreon.com/rose_asmr\nFull length of mouth sounds videos + extra videos\n풀 영상 + 멤버 전용 새로운 입소리 영상들 모두 공개\n\n🔥 Get the deleted mouth sounds video\nhttps://crowdticket.kr/store/roseasmr/language/en\n\n🔥 삭제된 입소리 영상 다운받기\nhttps://crowdticket.kr/store/roseasmr\n\n💝 Request Custom ASMR\nhttps://www.wisio.com/Rose_ASMR\nNo sign-up, real quick and easy!\n\n💝 맞춤형 ASMR 영상 요청하기\nhttps://crowdticket.kr/store/roseasmr\n최애 트리거를 골라 여러분들만의 최애 영상을 평생 소장하기!\n\n00:00 intro 소개\n02:33 Mouth sounds + ramble 입소리와 토킹\n09:33 Fluffy wind screen 털 윈드스크린\n10:43 Hard candy eating 스타벅스 사탕 이팅\n14:15 Give me your feedback! 피드백 부탁드려요!\n----------------------------------------------------------------------------------\n\n🔥 PATREON https://www.patreon.com/rose_asmr\n\n💝 CUSTOM ASMR https://www.wisio.com/Rose_ASMR\n\n💝 맞춤 ASMR https://crowdticket.kr/item/store/417\n\n\n🧚‍♀ TikTok https://vt.tiktok.com/RsuHck/\n\n🧚‍♀ Instagram https://www.instagram.com/rose.0430/\n\n\n💌 PAYPAL https://paypal.me/rose0430?locale.x=ko_KR\n\n✉ Email : dbalzla159@gmail.com\n\n✉ Business : ad.group@treasurehunter.co.kr",
        "thumbnail": "https://i.ytimg.com/vi/v70cJmDsR0k/mqdefault.jpg",
        "youtubeVideoId": "v70cJmDsR0k",
        "uploadedDate": "2021-11-23T05:54:46Z",
        "viewCount": 6414,
        "isCommercial": "False"
    },
    {
        "id": "201eee06-1565-4334-af22-7b5813488122",
        "title": "Private video",
        "description": "This video is private.",
        "thumbnail": null,
        "youtubeVideoId": "Wm2JfbY_moA",
        "uploadedDate": "2022-08-01T07:38:17Z",
        "viewCount": 0,
        "isCommercial": "False"
    },
    {
        "id": "6fea287a-d193-4910-b090-60518e1ac07f",
        "title": "Private video",
        "description": "This video is private.",
        "thumbnail": null,
        "youtubeVideoId": "5uaYRCUOphQ",
        "uploadedDate": "2022-10-06T18:55:49Z",
        "viewCount": 0,
        "isCommercial": "False"
    },
    {
        "id": "16914354-c9b5-4d40-a278-c11b9b39da9d",
        "title": "Private video",
        "description": "This video is private.",
        "thumbnail": null,
        "youtubeVideoId": "97Bm6tMJWgU",
        "uploadedDate": "2022-10-22T10:57:26Z",
        "viewCount": 0,
        "isCommercial": "False"
    },
    {
        "id": "a807ef9e-4fad-47c4-ae24-b1c905656120",
        "title": "Private video",
        "description": "This video is private.",
        "thumbnail": null,
        "youtubeVideoId": "LCW-f8q2cTE",
        "uploadedDate": "2022-10-22T11:54:24Z",
        "viewCount": 0,
        "isCommercial": "False"
    },
    {
        "id": "d357c24f-d291-4db5-b8fe-d9120fe32e5e",
        "title": "Private video",
        "description": "This video is private.",
        "thumbnail": null,
        "youtubeVideoId": "jCK_HJg4JUY",
        "uploadedDate": "2022-10-24T19:11:03Z",
        "viewCount": 0,
        "isCommercial": "False"
    },
    {
        "id": "f629e8d5-0ad0-42cc-aee7-7a49f93bdfe2",
        "title": "Private video",
        "description": "This video is private.",
        "thumbnail": null,
        "youtubeVideoId": "uRQX4619jx8",
        "uploadedDate": "2022-10-27T09:03:11Z",
        "viewCount": 0,
        "isCommercial": "False"
    },
    {
        "id": "d9f2b119-5d37-4aef-809c-a85b765eca99",
        "title": "Private video",
        "description": "This video is private.",
        "thumbnail": null,
        "youtubeVideoId": "gkDZ-Pu8IiI",
        "uploadedDate": "2022-11-05T02:29:52Z",
        "viewCount": 0,
        "isCommercial": "False"
    }
]