[
    {
        "id": "e48bf192-54dd-4f2c-a3df-2d5d364e90fa",
        "title": "Private video",
        "description": "This video is private.",
        "thumbnail": null,
        "youtubeVideoId": "aHtIDfaUDpI",
        "uploadedDate": "2019-11-17T22:58:24Z",
        "viewCount": 0,
        "isCommercial": "False"
    },
    {
        "id": "5641eb4e-4cfd-40b6-86ad-cfb60a88b3f0",
        "title": "Private video",
        "description": "This video is private.",
        "thumbnail": null,
        "youtubeVideoId": "ykqvjfXTCrw",
        "uploadedDate": "2019-11-17T22:58:37Z",
        "viewCount": 0,
        "isCommercial": "False"
    },
    {
        "id": "473d3c16-05d1-486f-bc16-e348bfc19e38",
        "title": "Private video",
        "description": "This video is private.",
        "thumbnail": null,
        "youtubeVideoId": "0q_Lwynk4Wk",
        "uploadedDate": "2019-11-17T22:58:49Z",
        "viewCount": 0,
        "isCommercial": "False"
    },
    {
        "id": "ca79c376-0bf2-4ccb-a936-f8863cf9572a",
        "title": "Private video",
        "description": "This video is private.",
        "thumbnail": null,
        "youtubeVideoId": "DG2fTka4N6g",
        "uploadedDate": "2019-11-17T22:59:03Z",
        "viewCount": 0,
        "isCommercial": "False"
    },
    {
        "id": "09069a84-67ca-4e19-9117-1b601efd8463",
        "title": "Private video",
        "description": "This video is private.",
        "thumbnail": null,
        "youtubeVideoId": "FuFVS807BoI",
        "uploadedDate": "2019-11-17T22:59:15Z",
        "viewCount": 0,
        "isCommercial": "False"
    },
    {
        "id": "3aaae181-cb3f-4893-8879-d8e9c2c50ab8",
        "title": "Private video",
        "description": "This video is private.",
        "thumbnail": null,
        "youtubeVideoId": "V0JBMRheg7Y",
        "uploadedDate": "2019-11-17T22:59:30Z",
        "viewCount": 0,
        "isCommercial": "False"
    },
    {
        "id": "347e8a5c-4f50-4a56-9c59-a8f79c7a72ff",
        "title": "Private video",
        "description": "This video is private.",
        "thumbnail": null,
        "youtubeVideoId": "aUbuLkyJdpc",
        "uploadedDate": "2019-11-17T22:59:37Z",
        "viewCount": 0,
        "isCommercial": "False"
    },
    {
        "id": "2902ec75-3ed9-4e5f-b120-dacedf9643b7",
        "title": "Private video",
        "description": "This video is private.",
        "thumbnail": null,
        "youtubeVideoId": "o2XtH_mwl30",
        "uploadedDate": "2019-11-17T22:59:43Z",
        "viewCount": 0,
        "isCommercial": "False"
    }
]