[
    {
        "id": "87fb2a0e-3630-4278-b46f-a7c8469dc7a5",
        "title": "오늘도(뚠뚠) 김씨는(뚠뚠) 열심-히~ 일을↗ 하네→",
        "description": "구독+댓글+좋아요 ㄹㅇ 행복!\n\n\n#유로트럭 #김달걀 #도로연수\n\n\n편집자님 감사합니다 사랑은 안하니까 걱정하지 마십쇼 .\n\n트위치로 가기 → https://www.twitch.tv/itsmejanna \r\n\r\n구독과 좋아요 감사합니다 :-)",
        "thumbnail": "https://i.ytimg.com/vi/El8_1lfJ8Hk/mqdefault.jpg",
        "youtubeVideoId": "El8_1lfJ8Hk",
        "uploadedDate": "2020-08-20T11:21:19Z",
        "viewCount": 0,
        "isCommercial": "False"
    },
    {
        "id": "04e6d72a-7882-445c-a4e5-1015e544e538",
        "title": "유럽에서 운전하는 김형",
        "description": "트위치로 가기 → https://www.twitch.tv/itsmejanna \r\n\r\n구독과 좋아요 감사합니다 :-)\n\n귀한 재능으로 영상을 선물해주신 \"로켓25\"님 감사드립니다.\n너무 재밌어서 지금 배꼽 찾는 중 입니다.",
        "thumbnail": "https://i.ytimg.com/vi/sVY8O-KULcc/mqdefault.jpg",
        "youtubeVideoId": "sVY8O-KULcc",
        "uploadedDate": "2020-08-20T11:21:28Z",
        "viewCount": 0,
        "isCommercial": "False"
    },
    {
        "id": "f5ac39ee-d7ca-478c-ae06-73f215253242",
        "title": "【유로트럭】 유로트럭인데 ... 그렇긴한데 ...",
        "description": "운전하는게 몇초지...\n\n구독과 좋아요 감사합니다 :-)\n트위치로 가기 → https://www.twitch.tv/itsmejanna \n\n\n\n\n김달걀TV는 RixFont클라우드를 사용중 입니다.\n\n\n#유로트럭 #김씨 #포청천",
        "thumbnail": "https://i.ytimg.com/vi/o-MaVNNi5mA/mqdefault.jpg",
        "youtubeVideoId": "o-MaVNNi5mA",
        "uploadedDate": "2020-10-02T10:30:48Z",
        "viewCount": 0,
        "isCommercial": "False"
    },
    {
        "id": "1d3abcec-aa3e-407f-a0fa-b9fed5110a23",
        "title": "【유로트럭】유로트럭을 모는 귀여운 섹시토끼",
        "description": "유로트럭을 모는 귀여운 섹시토끼\n라고 제목이라도 복사해서 설명란좀 채우라고 회사에서 부.탁. 하셔서 설명 적어봅니다.\n\n구독과 좋아요 감사합니다 :-)\n트위치로 가기 → https://www.twitch.tv/itsmejanna \n\n#유로트럭 #섹시토끼 #김달걀\n김달걀TV는 RixFont클라우드를 사용중 입니다.",
        "thumbnail": "https://i.ytimg.com/vi/eKM-aZJjjVk/mqdefault.jpg",
        "youtubeVideoId": "eKM-aZJjjVk",
        "uploadedDate": "2020-10-18T02:01:07Z",
        "viewCount": 0,
        "isCommercial": "False"
    },
    {
        "id": "0f24d2e1-c4eb-4fed-90dd-cecdbe5ed72f",
        "title": "【유로트럭】 횐님덜.. 트럭을 모는 큐.티.버.니 ^^ 입니다 즐감 ^^",
        "description": "유로트럭 영상입니다 . \n재밌게 봐 주시고 큐티한부분 인정하십쇼 ㅎ\n\n\n구독과 좋아요 감사합니다 :-)\n트위치로 가기 → https://www.twitch.tv/itsmejanna \n\n\n김달걀TV는 RixFont클라우드를 사용중 입니다.",
        "thumbnail": "https://i.ytimg.com/vi/AG5FeiO4_1I/mqdefault.jpg",
        "youtubeVideoId": "AG5FeiO4_1I",
        "uploadedDate": "2020-10-31T10:59:18Z",
        "viewCount": 0,
        "isCommercial": "False"
    },
    {
        "id": "2d0395b5-3564-4314-a7ed-8a8bdcead297",
        "title": "음표를 가득 싣고 달리는 노래트럭 ♪",
        "description": "처음으로 노래방 만 ! 편집해서 올려봅니다 .\n영상이 너무 짧은것만 있다고 칭얼댔던 응애세력들에게 이영상을 바칩니다.\n\n\n구독😍과 좋아요👍는 김달걀의 열정을 꿈틀대게 합니다.\n\n생방의 묘미를 엿보기 ▶https://www.twitch.tv/itsmejanna \n달걀의 일상을 엿보기 ▶https://www.instagram.com/kimeggu_\n긴달걀TV      ▶https://www.youtube.com/channel/UCT8E3BCqE3WiuX1pZelBRKA\n\n\n김달걀TV는 RixFont클라우드를 사용중 입니다.",
        "thumbnail": "https://i.ytimg.com/vi/GduMqloqqew/mqdefault.jpg",
        "youtubeVideoId": "GduMqloqqew",
        "uploadedDate": "2021-02-05T14:54:22Z",
        "viewCount": 0,
        "isCommercial": "False"
    },
    {
        "id": "cfe790e6-e559-4094-9bb1-c88f02e96bea",
        "title": "【유로트럭】 돌아온 김씨 !!!",
        "description": "오랜만에 트럭시동 한 번 걸어봤습니다 ㅎ\n앞으로도 정규편성할까요 어떻게 생각하쉼까 !\n\n\n구독😍과 좋아요👍는 김달걀의 열정을 꿈틀대게 합니다.\n\n생방의 묘미를 엿보기 ▶https://www.twitch.tv/itsmejanna \n달걀의 일상을 엿보기 ▶https://www.instagram.com/kimeggu_\n긴달걀TV      ▶https://www.youtube.com/channel/UCT8E3BCqE3WiuX1pZelBRKA\n\n\n김달걀TV는 RixFont클라우드를 사용중 입니다.\n\n\n#유로트럭 #김씨 #트위치",
        "thumbnail": "https://i.ytimg.com/vi/DPwkam-V-OY/mqdefault.jpg",
        "youtubeVideoId": "DPwkam-V-OY",
        "uploadedDate": "2021-02-11T11:59:00Z",
        "viewCount": 0,
        "isCommercial": "False"
    },
    {
        "id": "c7cc88e4-260a-4018-870e-b4fd37a60d83",
        "title": "겅듀님이 운뎐하신닷 ! 길을 비쿄랏 !",
        "description": "구독😍과 좋아요👍는 김달걀의 열정을 꿈틀대게 합니다.\n\n생방의 묘미를 엿보기 ▶https://www.twitch.tv/itsmejanna \n달걀의 일상을 엿보기 ▶https://www.instagram.com/kimeggu_\n긴달걀TV      ▶https://www.youtube.com/channel/UCT8E3BCqE3WiuX1pZelBRKA\n\n\n김달걀TV는 RixFont클라우드를 사용중 입니다.\n\n#유로트럭 #김씨 #김달걀",
        "thumbnail": "https://i.ytimg.com/vi/A5nDILMbqms/mqdefault.jpg",
        "youtubeVideoId": "A5nDILMbqms",
        "uploadedDate": "2021-04-15T09:47:49Z",
        "viewCount": 12217,
        "isCommercial": "False"
    }
]