[
    {
        "id": "e7705017-0bd5-46c5-8ce2-04191d69feb8",
        "title": "빡침의 연속인 그 게임 [에리의 액션 2부]",
        "description": "트위치 라이브 주소 : https://www.twitch.tv/1ho9",
        "thumbnail": "https://i.ytimg.com/vi/eIBHvwzAquA/mqdefault.jpg",
        "youtubeVideoId": "eIBHvwzAquA",
        "uploadedDate": "2019-05-01T16:35:49Z",
        "viewCount": 0,
        "isCommercial": "False"
    },
    {
        "id": "0ae8dc4d-3297-4d25-b641-dc16a63b3622",
        "title": "워노구의 액션(?) [에리의 액션 1부]",
        "description": "트위치 라이브 주소 : https://www.twitch.tv/1ho9",
        "thumbnail": "https://i.ytimg.com/vi/MzQmfcPnMd0/mqdefault.jpg",
        "youtubeVideoId": "MzQmfcPnMd0",
        "uploadedDate": "2019-04-27T16:54:46Z",
        "viewCount": 0,
        "isCommercial": "False"
    }
]