[
    {
        "id": "6a3b8c1f-da17-47ea-8a55-6c3498724550",
        "title": "소심한 남자 주인공이 박력 개쩌는 여자친구를 만나게 되면 일어나는 일",
        "description": "애니제목 : 귀엽기만 한 게 아닌 시키모리 양\n1화 무료보기 - https://vo.la/SsCNzm\n라프텔에서 시청하실 수 있습니다!\n\n덕양소 인스타그램: https://www.instagram.com/dukyangso/\n\n문의 및 팬아트 : yyyjhong7@naver.com\n\n덕양소에게 선물하기 - https://vo.la/YppfP\n\n편집자: 다희님\n\n사용된 bgm\n🎵Music provided by 브금대통령\n🎵Track : Piece of Cake - https://youtu.be/P0SfHRQY1A4 \n🎵Track : 걸음마  - https://youtu.be/45rnZMLrYGQ \n🎵Track : 꼬물꼬물 - https://youtu.be/oXc3PhIeeoE \n\n#덕양소 #애니리뷰 #애니추천",
        "thumbnail": "https://i.ytimg.com/vi/2x9OYIqfnx8/mqdefault.jpg",
        "youtubeVideoId": "2x9OYIqfnx8",
        "uploadedDate": "2022-11-08T08:54:32Z",
        "viewCount": 0,
        "isCommercial": "False"
    },
    {
        "id": "912a00e2-3f19-4f03-84d6-eeb1f5e5c926",
        "title": "여자친구가 너무 OO이면 일어나는 일",
        "description": "애니제목 : 내 여친이 너무 성실한 처녀 빗치인 건\n1화 무료보기 - https://vo.la/MKGpBA\n라프텔에서 시청하실 수 있습니다!\n\n덕양소 인스타그램: https://www.instagram.com/dukyangso/\n\n문의 및 팬아트 : yyyjhong7@naver.com\n\n덕양소에게 선물하기 - https://vo.la/YppfP\n\n편집자: 찬희님\n\n사용된 bgm\n🎵Music provided by 브금대통령\n🎵Track : 내 꿈은 말이지 - https://youtu.be/8US4NF1bzlE\n🎵Track : Black Comedy 4 - https://youtu.be/k-4qWJTD2_U\n🎵Track : Sometimes Love - https://youtu.be/TW55L_ZJBXk\n🎵Track : Ready To Nap - https://youtu.be/UZE2a9gTsDk\n\n#덕양소 #애니추천 #애니리뷰",
        "thumbnail": "https://i.ytimg.com/vi/JNIyXCXxA3w/mqdefault.jpg",
        "youtubeVideoId": "JNIyXCXxA3w",
        "uploadedDate": "2022-11-03T09:01:09Z",
        "viewCount": 36959,
        "isCommercial": "False"
    },
    {
        "id": "63d80342-cfb0-4237-9059-f6059044934d",
        "title": "게임 속 '악당'으로 환생한 여주인공이 사이다 제대로 보여주는 애니(개꿀잼)",
        "description": "애니제목 : 악역 영애이기 때문에 최종보스를 길러보았습니다\n1화 무료보기 - https://vo.la/RiUyDi\n라프텔에서 시청하실 수 있습니다!\n\n덕양소 인스타그램: https://www.instagram.com/dukyangso/\n\n문의 및 팬아트 : yyyjhong7@naver.com\n\n덕양소에게 선물하기 - https://vo.la/YppfP\n\n편집자: 다희님\n\n사용된 bgm\n🎵Music provided by 브금대통령\n🎵Track : Love Affair in Budapest - https://youtu.be/Uhoa-0MU2Xg\n🎵Track : 인생의 회전초밥 - https://youtu.be/0H-nSaK53iI \n🎵Track : 사랑의 서약 - https://youtu.be/vVgiRCLFerw \n🎵Track : A Boring Day - https://youtu.be/RJNakI_wb5U \n\n#덕양소 #애니리뷰 #애니추천",
        "thumbnail": "https://i.ytimg.com/vi/uuMJJK3kS1E/mqdefault.jpg",
        "youtubeVideoId": "uuMJJK3kS1E",
        "uploadedDate": "2022-11-01T09:11:12Z",
        "viewCount": 81947,
        "isCommercial": "False"
    },
    {
        "id": "3ace7e92-24b4-4f93-9f9a-9e43b22ccb74",
        "title": "사실 인기 많은데 자기만 인기 많은 걸 모르는 남자 (남주쌉졸귀)",
        "description": "애니제목 : 쿨하고 바보 같은 남자\n1화 무료보기 - https://vo.la/d76yRE\n라프텔에서 시청하실 수 있습니다!\n\n덕양소 인스타그램: https://www.instagram.com/dukyangso/\n\n문의 및 팬아트 : yyyjhong7@naver.com\n\n덕양소에게 선물하기 - https://vo.la/YppfP\n\n편집자: 찬희님\n\n사용된 bgm\n🎵Music provided by 브금대통령\n🎵Track : 피아노 치기 싫은 브금 - https://youtu.be/aOAkk0Yzof0\n🎵Track : A Dark Alley - https://youtu.be/3PMkeyPvZGE\n🎵Track : 작은 영웅 - https://youtu.be/LH_mZVd5D4M\n🎵Track : 내가 만든 쿠키 - https://youtu.be/nsJX92Riyyc\n🎵Track : 잘자 내꿈꿔 - https://youtu.be/n7RRSxHrYCI\n\n#덕양소 #애니리뷰 #애니추천",
        "thumbnail": "https://i.ytimg.com/vi/fp2wYkTCBm4/mqdefault.jpg",
        "youtubeVideoId": "fp2wYkTCBm4",
        "uploadedDate": "2022-10-29T05:03:23Z",
        "viewCount": 201877,
        "isCommercial": "False"
    },
    {
        "id": "aea8ac85-6a0e-4f87-b17b-a0c2012f57ff",
        "title": "초능력자,우주인,닌자,남자가 정체를 숨기고 한 학교에 다니는 개병맛 애니메이션 ㅋㅋㅋㅋㅋㅋㅋ",
        "description": "애니제목 : 4명은 각각 거짓말을 한다\n1화 무료보기 - https://vo.la/INawjn\n라프텔에서 시청하실 수 있습니다!\n\n덕양소 인스타그램: https://www.instagram.com/dukyangso/\n\n문의 및 팬아트 : yyyjhong7@naver.com\n\n덕양소에게 선물하기 - https://vo.la/YppfP\n\n편집자: 정우님\n\n사용된 bgm\n🎵Music provided by 브금대통령\n🎵Track : Brunch - https://youtu.be/bO5FQBl77VU\n🎵Track : Fun Night in Philippines - https://youtu.be/rw5Sx5YQ4_0\n🎵Track : 웃기고있네 - https://youtu.be/aY7VLF71pNM\n🎵Track : Scrooge and Gold -  https://youtu.be/voHeELfixks\n🎵Track : 조별과제 - https://youtu.be/wLuWmPrJkSk\n🎵Track : 댕청댕청 - https://youtu.be/5qEI_xTPa-Q\n🎵Track : 알수없는 9살인생 - https://youtu.be/vq9RxbWWWFo\n\n#덕양소 #애니리뷰 #애니추천",
        "thumbnail": "https://i.ytimg.com/vi/y8mAme9TGus/mqdefault.jpg",
        "youtubeVideoId": "y8mAme9TGus",
        "uploadedDate": "2022-10-27T09:41:28Z",
        "viewCount": 36410,
        "isCommercial": "False"
    },
    {
        "id": "e72b7bce-fea9-4da7-8b05-43080dc906da",
        "title": "실수로 소환 마법으로 악마를 소환해 버렸는데 이게 무슨 일..?",
        "description": "애니제목 : 금장의 벨메이유\n1화 무료보기 - https://vo.la/RyGE2w\n라프텔에서 시청하실 수 있습니다!\n\n덕양소 인스타그램: https://www.instagram.com/dukyangso/\n\n문의 및 팬아트 : yyyjhong7@naver.com\n\n덕양소에게 선물하기 - https://vo.la/YppfP\n\n편집자: 찬희님\n\n사용된 bgm\n🎵Music provided by 브금대통령\n🎵Track : The Walking Cat - https://youtu.be/tA-t_wpcqlE\n🎵Track : 비밀의 왈츠 - https://youtu.be/GgVP2yMRHk0\n🎵Track : Black Comedy 4 - https://youtu.be/k-4qWJTD2_U\n🎵Track : 맛있는 상상 - https://youtu.be/6FD08T-KVRc\n\n#덕양소 #애니리뷰 #애니추천",
        "thumbnail": "https://i.ytimg.com/vi/9_QUfm_U7gM/mqdefault.jpg",
        "youtubeVideoId": "9_QUfm_U7gM",
        "uploadedDate": "2022-10-25T09:42:11Z",
        "viewCount": 31359,
        "isCommercial": "False"
    },
    {
        "id": "032f473b-5020-4d81-99b7-3aa9c3fd235f",
        "title": "최약체 직업이라고 용사 파티에서 추방당한 '동물술사'가 최강종을 사역해 사이다 제대로 보여주는 애니",
        "description": "애니제목 : 용사 파티에서 추방된 비스트테이머, 최강종의 고양이귀 소녀와 만나다\n1화 무료보기 - https://vo.la/RjtWXk\n라프텔에서 시청하실 수 있습니다!\n\n덕양소 인스타그램: https://www.instagram.com/dukyangso/\n\n문의 및 팬아트 : yyyjhong7@naver.com\n\n덕양소에게 선물하기 - https://vo.la/YppfP\n\n편집자: 정우님\n\n사용된 bgm\n🎵Music provided by 브금대통령\n🎵Track : 청춘 로맨스 - https://youtu.be/yu5vTRS9DpE\n🎵Track : 한계 - https://youtu.be/-avT_hr4GdY\n🎵Track : 인생의 회전초밥 - https://youtu.be/0H-nSaK53iI\n🎵Track : 서커스 유랑단 -  https://youtu.be/V87Nreu7vIU \n🎵Track : Attack of The Trolls - https://youtu.be/2K9pdErongI\n🎵Track : 기묘한 이야기 -  https://youtu.be/7dXrgVD83rs\n🎵Track : Vitamin B - https://youtu.be/4DkjikXj1n8\n🎵Track : Brand New Company -  https://youtu.be/mzQA4qJxloU\n🎵Track : 가을 소풍 - https://youtu.be/9GWGdtGbbTA\n\n#덕양소 #애니추천 #애니리뷰",
        "thumbnail": "https://i.ytimg.com/vi/gCGunaJEAX8/mqdefault.jpg",
        "youtubeVideoId": "gCGunaJEAX8",
        "uploadedDate": "2022-10-20T09:07:40Z",
        "viewCount": 45900,
        "isCommercial": "False"
    },
    {
        "id": "e0499ed4-1bf7-4e93-803f-647e015007a6",
        "title": "뇌절인 줄 알았는데 미친 개꿀잼인 중2병 축구 애니메이션 ㅋㅋㅋㅋ(축구판 오징어게임)",
        "description": "애니제목 : 블루 록\n1화 무료보기 - https://vo.la/uH37sV\n라프텔에서 시청하실 수 있습니다!\n\n덕양소 인스타그램: https://www.instagram.com/dukyangso/\n\n문의 및 팬아트 : yyyjhong7@naver.com\n\n덕양소에게 선물하기 - https://vo.la/YppfP\n\n편집자: 정우님\n\n사용된 bgm\n🎵Music provided by 브금대통령\n🎵Track : Battle ground - https://youtu.be/sNjMuMpr9S4\n🎵Track : Profiler - https://youtu.be/LvXD-m9r2B4\n🎵Track : I'm a Progamer - https://youtu.be/mLoIYnSImQY\n🎵Track : I'm a GameMaster - https://youtu.be/agVOHCLzG9s\n🎵Track : 한계 - https://youtu.be/-avT_hr4GdY\n🎵Track : 보스 레이드 - https://youtu.be/t06uXc-Yf4I\n🎵Track : Houseplant -  https://youtu.be/qUN9XoNwI1M\n🎵Track : Odin - https://youtu.be/LYJsfvgnW9w\n\n#덕양소 #애니리뷰 #애니추천",
        "thumbnail": "https://i.ytimg.com/vi/DxbaUnsrPPw/mqdefault.jpg",
        "youtubeVideoId": "DxbaUnsrPPw",
        "uploadedDate": "2022-10-18T09:09:07Z",
        "viewCount": 95173,
        "isCommercial": "False"
    },
    {
        "id": "aa776a11-65c1-46ca-a4f9-282f0f54994b",
        "title": "1화만에 넷플릭스 1위..! 미친 액션으로 악마가 악마를 다 때려잡는 애니메이션",
        "description": "애니제목 : 체인소 맨\n무삭제 1화 무료보기 - https://vo.la/zJ5H3R\n라프텔에서 시청하실 수 있습니다!\n\n덕양소 인스타그램: https://www.instagram.com/dukyangso/\n\n문의 및 팬아트 : yyyjhong7@naver.com\n\n덕양소에게 선물하기 - https://vo.la/YppfP\n\n편집자: 찬희님\n\n사용된 bgm\n🎵Music provided by 브금대통령\n🎵Track : Blackout - https://youtu.be/nUn5EOEFOVM\n🎵Track : You Are Fallen - https://youtu.be/1zMu5dhb7V0\n🎵Track : Devil's Deal - https://youtu.be/NwGFOaCYgEc\n🎵Track : 꼬물꼬물 - https://youtu.be/oXc3PhIeeoE\n\n#덕양소 #애니리뷰 #애니추천",
        "thumbnail": "https://i.ytimg.com/vi/lvAMa5tfrCY/mqdefault.jpg",
        "youtubeVideoId": "lvAMa5tfrCY",
        "uploadedDate": "2022-10-16T06:23:51Z",
        "viewCount": 183258,
        "isCommercial": "False"
    },
    {
        "id": "8acc232f-3b0a-401a-8180-ee34dbfbc9b6",
        "title": "'코난 쫄쫄이 범인'이 주인공인 정신나간 코난 스핀오프 병맛 애니 ㅋㅋㅋㅋㅋ",
        "description": "애니제목 : 범인 한자와 씨\n조만간 넷플릭스에서 공개 예정!\n\n신작 애니 무료보기! - https://vo.la/fVHrZu\n\n덕양소 인스타그램: https://www.instagram.com/dukyangso/\n\n문의 및 팬아트 : yyyjhong7@naver.com\n\n덕양소에게 선물하기 - https://vo.la/YppfP\n\n편집자: 찬희님\n\n사용된 bgm\n🎵Music provided by 브금대통령\n🎵Track : 개억울 - https://youtu.be/zpI1I1Fxs-Q\n🎵Track : Another Basement - https://youtu.be/i_aNcy0c_Zc\n🎵Track : 유랑단 - https://youtu.be/QPgOUBsallE\n🎵Track : 댕청댕청 - https://youtu.be/5qEI_xTPa-Q\n\n#덕양소 #애니리뷰 #애니추천",
        "thumbnail": "https://i.ytimg.com/vi/S3pnBQoToTE/mqdefault.jpg",
        "youtubeVideoId": "S3pnBQoToTE",
        "uploadedDate": "2022-10-12T08:51:37Z",
        "viewCount": 48895,
        "isCommercial": "False"
    },
    {
        "id": "aadcfa7b-3dd8-4f74-aff0-a243d760e9e6",
        "title": "'넷플릭스' 1위! 멈추면 일러스트가 된다는 미친 작화...진짜 안 보면 인생 절반 손해입니다.",
        "description": "애니제목 : 바이올렛 에버가든\n보러가기 - https://vo.la/R95yp0\n라프텔,넷플릭스에서 시청하실 수 있습니다!\n\n덕양소 인스타그램: https://www.instagram.com/dukyangso/\n\n문의 및 팬아트 : yyyjhong7@naver.com\n\n덕양소에게 선물하기 - https://vo.la/YppfP\n\n편집자: 찬희님\n\n사용된 bgm\n🎵Music provided by 브금대통령\n🎵Track : 꽃비 - https://youtu.be/ImpXBaOWvUY\n🎵Track : A Dark Alley - https://youtu.be/3PMkeyPvZGE\n🎵Track : 윤회 - https://youtu.be/kAD7HVzzMlk\n🎵Track : I Remember - https://youtu.be/pos5aKWh1B8\n\n#덕양소 #애니추천 #애니리뷰",
        "thumbnail": "https://i.ytimg.com/vi/2VFYOHu6rtc/mqdefault.jpg",
        "youtubeVideoId": "2VFYOHu6rtc",
        "uploadedDate": "2022-10-04T09:16:18Z",
        "viewCount": 34581,
        "isCommercial": "False"
    },
    {
        "id": "f23b8389-3dd0-4384-be61-c1c832c89d20",
        "title": "어른제국의 역습 뛰어넘었다는 '짱구는 못말려 극장판 천하떡잎학교' 솔직한 리뷰!",
        "description": "애니제목 : 짱구는 못말려 극장판 : 수수께끼! 꽃피는 천하떡잎학교\n짱구 극장판 보러가기 - https://vo.la/QyMTiW\n\n덕양소 인스타그램: https://www.instagram.com/dukyangso/\n\n문의 및 팬아트 : yyyjhong7@naver.com\n\n덕양소에게 선물하기 - https://vo.la/YppfP\n\n편집자: 찬희님\n\n사용된 bgm\n🎵Music provided by 브금대통령\n🎵Track : 소라게의 모험 - https://youtu.be/rtqwpjoRXNc\n🎵Track : 작은 영웅 - https://youtu.be/LH_mZVd5D4M\n🎵Track : Playful Kitten - https://youtu.be/1GXe7LPxN_k\n\n#덕양소 #짱구 #짱구는못말려",
        "thumbnail": "https://i.ytimg.com/vi/Q5jRmlO6L4o/mqdefault.jpg",
        "youtubeVideoId": "Q5jRmlO6L4o",
        "uploadedDate": "2022-10-02T03:43:41Z",
        "viewCount": 75292,
        "isCommercial": "False"
    },
    {
        "id": "c06b48bd-3c4a-4c0d-9ca6-39cab54dca7c",
        "title": "세계관 최강자를 잘못 건드렸다간 X된다는 걸 보여주는 사이다 먼치킨 애니",
        "description": "내 정보 보호하고 폭 넓게 애니 보자! SurfsharkVPN!\nhttps://surfshark.deals/dukyangso\n위 링크를 통해 결제 진행 시 덕양소 이벤트 적용!\nSurfsharkVPN 최대 83% 할인 적용(24개월 기준) + 3개월 무료 체험이 가능합니다!\n\n항상 애니메이션 정보나 새로운 pv를 찾아볼 때 국가 차단으로 막혀서\n못본 경우 많으실텐데요! SurfsharkVPN을 사용하시고 \n개인정보 보호는 물론 더 폭 넓게 애니메이션을 시청해보아요!\n오늘도 광고봐주셔서 감사합니다! 사랑해요 양생이여러분 !\n양생이 여러분들이 감사합니다♥\n\n애니제목 : 일곱개의 대죄\n1화 무료보기 - https://vo.la/mWJGwh\n라프텔에서 시청하실 수 있습니다!\n\n덕양소 인스타그램: https://www.instagram.com/dukyangso/\n\n문의 및 팬아트 : yyyjhong7@naver.com\n\n덕양소에게 선물하기 - https://vo.la/YppfP\n\n편집자: 다희님\n\n사용된 bgm\n🎵Music provided by 브금대통령\n🎵Track : Dwarves' Kingdom - https://youtu.be/zlCu66G1DQc \n🎵Track : Rookie Fighter  - https://youtu.be/lua6ZjX4h2w \n🎵Track : Game Epic Music - https://youtu.be/OZwUwjNNjb0 \n🎵Track : Dawn Of Victory - https://youtu.be/7p7XwWT9uKM \n\n#덕양소 #애니추천 #애니리뷰",
        "thumbnail": "https://i.ytimg.com/vi/L1GuF8A-oYQ/mqdefault.jpg",
        "youtubeVideoId": "L1GuF8A-oYQ",
        "uploadedDate": "2022-09-28T11:38:03Z",
        "viewCount": 11446,
        "isCommercial": "False"
    },
    {
        "id": "78648812-d681-40cc-9c33-16168120fce4",
        "title": "흡혈귀가 지배하는 세상에 능력자 인간이 나타나면 일어나는 일",
        "description": "애니제목 : 종말의 세라프\n1화 무료보기 - https://vo.la/gvWcif\n라프텔에서 시청하실 수 있습니다!\n\n덕양소 인스타그램: https://www.instagram.com/dukyangso/\n\n문의 및 팬아트 : yyyjhong7@naver.com\n\n덕양소에게 선물하기 - https://vo.la/YppfP\n\n편집자:정우님\n\n사용된 bgm\n🎵Music provided by 브금대통령\nTrack : Equality - https://youtu.be/VfImFoOi5EU\nTrack : 윤회 - https://youtu.be/kAD7HVzzMlk\nTrack : Fun Night in Philippines - https://youtu.be/rw5Sx5YQ4_0\nTrack : Attack of The Trolls - https://youtu.be/2K9pdErongI\nTrack : Sentimental Day -  https://youtu.be/r80CNAiK7-o\nTrack : Some Vintage Mood 2 - https://youtu.be/j_x22l_c7uQ\nTrack : Houseplant -  https://youtu.be/qUN9XoNwI1M\n\n#덕양소 #애니리뷰 #애니추천",
        "thumbnail": "https://i.ytimg.com/vi/pTQplDYJe4o/mqdefault.jpg",
        "youtubeVideoId": "pTQplDYJe4o",
        "uploadedDate": "2022-09-23T08:55:38Z",
        "viewCount": 60918,
        "isCommercial": "False"
    },
    {
        "id": "fce43027-16db-4d14-ac38-4bacc2af339d",
        "title": "2회차 인생을 시작한 개백수가 고등학교에 가면 일어나는 일",
        "description": "애니제목 : 리라이프\n1화 무료보기 - https://vo.la/WRSmvV\n라프텔에서 시청하실 수 있습니다!\n\n덕양소 인스타그램: https://www.instagram.com/dukyangso/\n\n문의 및 팬아트 : yyyjhong7@naver.com\n\n덕양소에게 선물하기 - https://vo.la/YppfP\n\n편집자: 찬희님\n\n사용된 bgm\n🎵Music provided by 브금대통령\n🎵Track : Ready To Nap - https://youtu.be/UZE2a9gTsDk\n🎵Track : Brunch - https://youtu.be/bO5FQBl77VU\n🎵Track : Spring Step - https://youtu.be/PvvaZaaHAm8\n🎵Track : 알수없는 9살인생 - https://youtu.be/vq9RxbWWWFo\n🎵Track : 청춘 로맨스 - https://youtu.be/yu5vTRS9DpE\n🎵Track : Kid's Room - https://youtu.be/e4w3WzWeFbg\n\n#덕양소 #애니추천 #애니추천",
        "thumbnail": "https://i.ytimg.com/vi/HooRfKEx51k/mqdefault.jpg",
        "youtubeVideoId": "HooRfKEx51k",
        "uploadedDate": "2022-09-14T09:00:34Z",
        "viewCount": 24168,
        "isCommercial": "False"
    },
    {
        "id": "3c30c7b5-2c6c-4fd4-b9ff-5cf912b67d59",
        "title": "화려한 액션과 참신한 설정으로 '1위'를 찍었던 개꿀잼 애니메이션",
        "description": "애니제목 : 노라가미\n1화 무료보기 - https://vo.la/DT34P0\n라프텔에서 시청하실 수 있습니다!\n\n덕양소 인스타그램: https://www.instagram.com/dukyangso/\n\n문의 및 팬아트 : yyyjhong7@naver.com\n\n덕양소에게 선물하기 - https://vo.la/YppfP\n\n편집자: 정우님\n\n사용된 bgm\n🎵Music provided by 브금대통령\n🎵Track : Will O the Wisp - https://youtu.be/dUt1fhxLKXg\n🎵Track : Fun Night in Philippines - https://youtu.be/rw5Sx5YQ4_0\n🎵Track : 도둑의 계획 - https://youtu.be/CKuI-6-Izhc\n🎵Track : 인생의 회전초밥 - https://youtu.be/0H-nSaK53iI\n🎵Track : 기묘한 이야기 -  https://youtu.be/7dXrgVD83rs\n🎵Track : 댕청댕청 - https://youtu.be/5qEI_xTPa-Q\n🎵Track : Witch's Cottage - https://youtu.be/zO6GELPIymI\n🎵Track : 스파이 - https://youtu.be/skbPY7Inl5o\n🎵Track : Some Vintage Mood 2 - https://youtu.be/j_x22l_c7uQ \n\n#덕양소 #애니추천 #애니리뷰",
        "thumbnail": "https://i.ytimg.com/vi/XJcSCO7auB8/mqdefault.jpg",
        "youtubeVideoId": "XJcSCO7auB8",
        "uploadedDate": "2022-09-12T09:01:06Z",
        "viewCount": 91255,
        "isCommercial": "False"
    },
    {
        "id": "23c2557f-178b-4df6-a1af-bd88efe72615",
        "title": "아는 사람만 안다는 후유증 미친 띵작애니",
        "description": "애니제목 : 바나나 피쉬\n1화 무료보기 - https://vo.la/Zxu5mW\n라프텔에서 시청하실 수 있습니다!\n\n［윌라 오디오북］ 로맨스, 액션 ,판타지, 자기계발서,웹소설 등등 \n전문 성우분들이 녹음한 각종 오디오 북을 무료로 들을 수 있는 쿠폰 이벤트 진행합니다!\n쿠폰 등록하시면 1개월 무료 + 3개월 50% 할인되니 참고 하시고! (언제든지 취소 가능!)\n덕양소 쿠폰 등록 - https://www.welaaa.com/membership/purchase-form/premium?crmCode=덕양소\n위 링크 클릭하셔서 들어가시면 자동으로 쿠폰 등록됩니다!\n윌라 많이 사용해주세요!\n\n덕양소 인스타그램: https://www.instagram.com/dukyangso/\n\n문의 및 팬아트 : yyyjhong7@naver.com\n\n덕양소에게 선물하기 - https://vo.la/YppfP\n\n편집자: 찬희님\n\n사용된 bgm\n🎵Music provided by 브금대통령\n🎵Track : Documentary Theme A - https://youtu.be/s7O5DvkTqAE\n🎵Track : Mission Complete - https://youtu.be/0ZC173wLtYY\n🎵Track : 알수없는 9살인생 - https://youtu.be/vq9RxbWWWFo\n🎵Track : Make a Bet - https://youtu.be/HzKlH78Lin0\n🎵Track : 청춘 로맨스 - https://youtu.be/yu5vTRS9DpE\n\n#덕양소 #애니리뷰 #애니추천",
        "thumbnail": "https://i.ytimg.com/vi/XsWHZmglNRY/mqdefault.jpg",
        "youtubeVideoId": "XsWHZmglNRY",
        "uploadedDate": "2022-09-10T04:47:23Z",
        "viewCount": 125858,
        "isCommercial": "True"
    },
    {
        "id": "a1a9062b-2c68-4715-91b4-6791f1fe14e4",
        "title": "존잘 집착광공 뱀파이어에게 잘못걸리면 일어나는 일",
        "description": "애니제목 : 달달한 그녀\n1화 무료보기 - https://vo.la/KB0DgF\n라프텔에서 시청하실 수 있습니다!\n\n덕양소 인스타그램: https://www.instagram.com/dukyangso/\n\n문의 및 팬아트 : yyyjhong7@naver.com\n\n덕양소에게 선물하기 - https://vo.la/YppfP\n\n편집자: 다희님\n\n사용된 bgm\n🎵Music provided by 브금대통령\n🎵Track : MJ Junior - https://youtu.be/HUj5e5zF8is\n\n#덕양소 #애니추천 #애니리뷰",
        "thumbnail": "https://i.ytimg.com/vi/WHUAzyc9pCs/mqdefault.jpg",
        "youtubeVideoId": "WHUAzyc9pCs",
        "uploadedDate": "2022-09-08T09:23:06Z",
        "viewCount": 123358,
        "isCommercial": "True"
    },
    {
        "id": "ce7a2a7a-0e75-403b-b4f4-8183c50d4488",
        "title": "VR 게임에 인생을 갈아넣으면 일어나는 일",
        "description": "애니제목 : 곰 곰 곰 베어\n1화 무료보기 - https://vo.la/gsoZn7\n라프텔에서 시청하실 수 있습니다!\n\n덕양소 인스타그램: https://www.instagram.com/dukyangso/\n\n문의 및 팬아트 : yyyjhong7@naver.com\n\n덕양소에게 선물하기 - https://vo.la/YppfP\n\n편집자: 정우님\n\n사용된 bgm\n🎵Music provided by 브금대통령\n🎵Track : Fun Night in Philippines - https://youtu.be/rw5Sx5YQ4_0\n🎵Track : Vitamin B - https://youtu.be/4DkjikXj1n8\n🎵Track : 할 수 있어 - https://youtu.be/bVIx_12vmk8\n🎵Track : Fly High - https://youtu.be/emyw-30pq-w\n🎵Track : 보스 레이드 - https://youtu.be/t06uXc-Yf4I\n🎵Track : 새해에는 -  https://youtu.be/bINZIdlQTj0\n🎵Track : 가을 소풍 - https://youtu.be/9GWGdtGbbTA\n\n#덕양소 #애니추천 #애니리뷰",
        "thumbnail": "https://i.ytimg.com/vi/4oyeusA-q1Q/mqdefault.jpg",
        "youtubeVideoId": "4oyeusA-q1Q",
        "uploadedDate": "2022-09-04T04:30:30Z",
        "viewCount": 26475,
        "isCommercial": "False"
    },
    {
        "id": "db2a58b4-cbe1-4765-9640-99ae51ae463a",
        "title": "이걸 고등학생이 만들었다고..? 고등학생이 만든 풀 3D 애니메이션",
        "description": "제목: Happy Birthday\n제작: 제일로\n보러가기 - https://www.youtube.com/watch?v=c7NdArSYjn0\n\n대한민국의 미래가 밝습니다 여러분..\n\n덕양소 인스타그램: https://www.instagram.com/dukyangso/\n\n문의 및 팬아트 : yyyjhong7@naver.com\n\n덕양소에게 선물하기 - https://vo.la/YppfP\n\n편집자:찬희님\n\n사용된 bgm\n🎵Music provided by 브금대통령\n🎵Track : 꽃비 - https://youtu.be/ImpXBaOWvUY\n🎵Track : Paesaggio Italiano - https://youtu.be/9PRnPdgNhMI\n\n#덕양소 #애니추천 #애니리뷰",
        "thumbnail": "https://i.ytimg.com/vi/IhzNqf2CL4g/mqdefault.jpg",
        "youtubeVideoId": "IhzNqf2CL4g",
        "uploadedDate": "2022-09-02T09:00:31Z",
        "viewCount": 23632,
        "isCommercial": "False"
    },
    {
        "id": "80ea9701-d03a-4273-8d21-797cbdf996e2",
        "title": "그저 고양이가 귀여울 뿐인 애니ㅠㅠ",
        "description": "애니제목 : 밤은 고양이와 함께\n무료로 보러가기 - https://www.youtube.com/watch?v=QrCxF6kRB2o&t=0s\n라프텔에서 시청하실 수 있습니다!\n\n애니메이션 보러가기 - https://vo.la/B5bdpF\n\n덕양소 인스타그램: https://www.instagram.com/dukyangso/\n\n문의 및 팬아트 : yyyjhong7@naver.com\n\n덕양소에게 선물하기 - https://vo.la/YppfP\n\n편집자: 찬희님\n\n사용된 bgm\n🎵Music provided by 브금대통령\n🎵Track : 아기의 하루 - https://youtu.be/O7hrua94-7U\n🎵Track : 귀염뽀짝 - https://youtu.be/8TCbMCZMZOs\n\n#덕양소 #애니추천 #애니리뷰",
        "thumbnail": "https://i.ytimg.com/vi/k-i0y1Te544/mqdefault.jpg",
        "youtubeVideoId": "k-i0y1Te544",
        "uploadedDate": "2022-08-31T09:06:39Z",
        "viewCount": 37645,
        "isCommercial": "False"
    },
    {
        "id": "ca812ffd-1c9a-4bf1-b56f-08094433b222",
        "title": "'악마' 학교에 몰래 입학한 '인간'이 학교짱이 되는 애니 (개꿀잼 개그애니)",
        "description": "애니제목 : 악마에 입문했습니다! 이루마군\n1화 무료보기 - https://vo.la/2B75k1\n라프텔에서 시청하실 수 있습니다!\n\n덕양소 인스타그램: https://www.instagram.com/dukyangso/\n\n문의 및 팬아트 : yyyjhong7@naver.com\n\n덕양소에게 선물하기 - https://vo.la/YppfP\n\n편집자:정우님\n\n사용된 bgm\n🎵Music provided by 브금대통령\n🎵Track : 도둑의 계획 - https://youtu.be/CKuI-6-Izhc\n🎵Track : 조별과제 - https://youtu.be/wLuWmPrJkSk\n🎵Track : 댕청댕청 - https://youtu.be/5qEI_xTPa-Q\n🎵Track : 비 내리는 포장마차 - https://youtu.be/NKaNFZM1ing\n🎵Track : 알수없는 9살인생 - https://youtu.be/vq9RxbWWWFo\n🎵Track : 인생의 회전초밥 - https://youtu.be/0H-nSaK53iI \n\n#덕양소 #애니리뷰 #애니추천",
        "thumbnail": "https://i.ytimg.com/vi/p_5-FCfBHHc/mqdefault.jpg",
        "youtubeVideoId": "p_5-FCfBHHc",
        "uploadedDate": "2022-08-29T08:54:04Z",
        "viewCount": 74810,
        "isCommercial": "False"
    },
    {
        "id": "21c9edda-fbd0-4667-9d9d-9786ad0b5ada",
        "title": "나만 보기엔 너무 아까운 극장판 애니 8선(ㄹㅇ 꼭봐라)",
        "description": "내 정보 보호하고 폭 넓게 애니 보자! SurfsharkVPN!\nhttps://surfshark.deals/dukyangso\n위 링크를 통해 결제 진행 시 덕양소 이벤트 적용!\nSurfsharkVPN 최대 83% 할인 적용(24개월 기준) + 3개월 무료 체험이 가능합니다!\n\n항상 애니메이션 정보나 새로운 pv를 찾아볼 때 국가 차단으로 막혀서\n못본 경우 많으실텐데요! SurfsharkVPN을 사용하시고 \n개인정보 보호는 물론 더 폭 넓게 애니메이션을 시청해보아요!\n오늘도 광고봐주셔서 감사합니다! 사랑해요 양생이여러분 !\n\n자기 전 보기 딱 좋은 극장판 8선을 알아보았습니다!\n반응이 좋으면 2탄도 만들어볼게요!\n\n덕양소 인스타그램: https://www.instagram.com/dukyangso/\n\n문의 및 팬아트 : yyyjhong7@naver.com\n\n덕양소에게 선물하기 - https://vo.la/YppfP\n\n편집자:정우님\n\n사용된 bgm\n🎵Music provided by 브금대통령\n🎵Track : 여름밤의 꿈 -  https://youtu.be/hC29Vt9u6T0\n🎵Track : 다시 봄 - https://youtu.be/wgOYdYs6mE8\n🎵Track : Some Vintage Mood 2 - https://youtu.be/j_x22l_c7uQ\n🎵Track : 시골풍경 - https://youtu.be/aRolBdUKJ3s\n🎵Track : 인생의 회전초밥 - https://youtu.be/0H-nSaK53iI\n🎵Track : Brand New Company -  https://youtu.be/mzQA4qJxloU\n🎵Track : Houseplant -  https://youtu.be/qUN9XoNwI1M \n\n00:00 인트로\n00:37 1.거꾸로 된 파테마(왓챠,웨이브)\n01:50 2.버블(넷플)\n02:56 3.밤은 짧아 걸어 아가씨야(웨이브)\n03:49 4.코쿠리코 언덕에서(넷플)\n05:08 5.개띵작\n05:51 6.썸머워즈(왓챠,웨이브)\n07:21 이별의 아침에 약속의 꽃을 장식하자(넷플,왓챠,웨이브)\n08:35 신카이 마코토 작품(왓챠)\n10:08 아웃트로\n\n#덕양소 #애니추천 #애니리뷰",
        "thumbnail": "https://i.ytimg.com/vi/CPYGxWtSQfM/mqdefault.jpg",
        "youtubeVideoId": "CPYGxWtSQfM",
        "uploadedDate": "2022-08-23T08:56:17Z",
        "viewCount": 94323,
        "isCommercial": "True"
    },
    {
        "id": "6e936716-7c42-46cd-9575-848a82700dc7",
        "title": "미친 작화와 신박한 설정으로 '레전드' 찍은 애니메이션",
        "description": "애니제목 : Vivy -Fluorite Eye's Song\n1화 무료보기 - https://vo.la/8p7vc4\n라프텔에서 시청하실 수 있습니다!\n\n덕양소 인스타그램: https://www.instagram.com/dukyangso/\n\n문의 및 팬아트 : yyyjhong7@naver.com\n\n덕양소에게 선물하기 - https://vo.la/YppfP\n\n편집자: 찬희님\n\n사용된 bgm\n🎵Music provided by 브금대통령\n🎵Track : Endless Tunnel - https://youtu.be/bhdxpXmcacw\n🎵Track : Musictree for you - https://youtu.be/GuNql5gy-H0\n🎵Track : 도둑의 계획 - https://youtu.be/CKuI-6-Izhc\n🎵Track : 여름밤의 꿈 - https://youtu.be/hC29Vt9u6T0\n\n#애니추천 #애니리뷰 #덕양소",
        "thumbnail": "https://i.ytimg.com/vi/wJq8l4QoEBA/mqdefault.jpg",
        "youtubeVideoId": "wJq8l4QoEBA",
        "uploadedDate": "2022-08-19T09:09:59Z",
        "viewCount": 97185,
        "isCommercial": "False"
    },
    {
        "id": "19c9ed96-5a16-47b6-8a70-33b885906e7a",
        "title": "방송 심의마저 바꿔버린 정신나간 반전 애니",
        "description": "오늘은 저번에 미처다루지 못했던 반전 멘붕물 top 5을 가져와봤습니다!\n\n영상에 등장한 애니 보러가기 \n약속의 네버랜드 - https://vo.la/tUYjaK\n메이드 인 어비스(썸네일) - https://vo.la/wReSl1\n해피 슈가 라이프 - https://vo.la/R66tgg\n학교생활! - https://vo.la/eq2m2X\n마법소녀 마도카 마기카 - https://vo.la/ud7oph\n\n덕양소 인스타그램: https://www.instagram.com/dukyangso/\n\n문의 및 팬아트 : yyyjhong7@naver.com\n\n덕양소에게 선물하기 - https://vo.la/YppfP\n\n편집자: 정우님\n\n사용된 bgm\n🎵Music provided by 브금대통령Track : 기묘한 이야기 -  https://youtu.be/7dXrgVD83rs\n🎵Track : Right Behind You - https://youtu.be/aNula35oPLk\n🎵Track : Odin - https://youtu.be/LYJsfvgnW9w\n🎵Track : Equality - https://youtu.be/VfImFoOi5EU\n🎵Track : Trace of Blood - https://youtu.be/tpIKvKpt2Vc\n\n00:00 인트로\n00:26 TOP 5 약속의 네버랜드\n02:07 TOP 4 메이드 인 어비스(썸네일)\n03:53 TOP 3 해피 슈가 라이프\n05:20 TOP 2 학교생활!\n06:48 TOP 1 마법소녀 마도카 마기카\n08:04 아웃트로\n\n#덕양소 #애니추천 #애니리뷰",
        "thumbnail": "https://i.ytimg.com/vi/zPcq0xZCrm4/mqdefault.jpg",
        "youtubeVideoId": "zPcq0xZCrm4",
        "uploadedDate": "2022-08-17T09:40:31Z",
        "viewCount": 32201,
        "isCommercial": "False"
    },
    {
        "id": "37a08e4c-2f5c-479b-9f18-d3c2f23b7ce9",
        "title": "소심했던 여사친이 존잘이 되어 돌아오면 일어나는 일",
        "description": "애니제목 : 너와 나의 눈높이\n1화 무료보기 - https://vo.la/KrzXI0\n라프텔에서 시청하실 수 있습니다!\n\n덕양소 인스타그램: https://www.instagram.com/dukyangso/\n\n문의 및 팬아트 : yyyjhong7@naver.com\n\n덕양소에게 선물하기 - https://vo.la/YppfP\n\n편집자: 다희님\n\n사용된 bgm\n🎵Music provided by 브금대통령\n🎵Track : Spring Step - https://youtu.be/PvvaZaaHAm8 \n🎵Track : 그 빵은 내꺼야  - https://youtu.be/Jyh4ETOLIhQ \n🎵Track : 걸음마  - https://youtu.be/45rnZMLrYGQ \n🎵Track : 꼬마 공주와 꼬마 왕자 - https://youtu.be/wMDd-UH3YH8 \n\n#덕양소 #애니리뷰 #국산애니",
        "thumbnail": "https://i.ytimg.com/vi/9Pgd5jFBDWk/mqdefault.jpg",
        "youtubeVideoId": "9Pgd5jFBDWk",
        "uploadedDate": "2022-08-15T05:35:22Z",
        "viewCount": 208118,
        "isCommercial": "True"
    },
    {
        "id": "cbc78737-2f48-47be-b0aa-83ff2bcbb60d",
        "title": "'지옥' 연상호 감독이 과거에 제작한 기괴한 애니메이션 (해석포함)",
        "description": "애니제목 : 사랑은 단백질\n왓챠에서 시청하실 수 있습니다!\n신작애니 보러가기 - https://vo.la/Safy1L\n\n덕양소 인스타그램: https://www.instagram.com/dukyangso/\n\n문의 및 팬아트 : yyyjhong7@naver.com\n\n덕양소에게 선물하기 - https://vo.la/YppfP\n\n편집자: 다희님\n\n사용된 bgm\n🎵Music provided by 브금대통령\n🎵Track : Black Comedy - https://youtu.be/gHlSF3VpB9U \n🎵Track : A Road to Arizona - https://youtu.be/GfbKGBVnYMs  \n\n#덕양소 #애니추천 #애니리뷰",
        "thumbnail": "https://i.ytimg.com/vi/AyfCNkstpkQ/mqdefault.jpg",
        "youtubeVideoId": "AyfCNkstpkQ",
        "uploadedDate": "2022-08-13T05:00:58Z",
        "viewCount": 38238,
        "isCommercial": "False"
    },
    {
        "id": "16017ec1-8ce3-4637-9e13-4b0e2da03948",
        "title": "'신의 눈'을 얻어 말도 안 되는 능력을 사용하는 먼치킨 이세계물",
        "description": "애니제목 : 이세계 약국\n1화 무료보기 - https://vo.la/yQP9dH\n라프텔에서 시청하실 수 있습니다!\n\n덕양소 인스타그램: https://www.instagram.com/dukyangso/\n\n문의 및 팬아트 : yyyjhong7@naver.com\n\n덕양소에게 선물하기 - https://vo.la/YppfP\n\n편집자:다희님\n\n사용된 bgm\n🎵Music provided by 브금대통령\n🎵Track : Celestial Forest - https://youtu.be/VTkHC4U0p3I\n🎵Track : First Flight - https://youtu.be/M0ccng0T_pM \n🎵Track : Another Basement - https://youtu.be/i_aNcy0c_Zc\n\n#덕양소 #애니추천 #애니리뷰",
        "thumbnail": "https://i.ytimg.com/vi/CfXl5Vzhcao/mqdefault.jpg",
        "youtubeVideoId": "CfXl5Vzhcao",
        "uploadedDate": "2022-08-10T10:03:11Z",
        "viewCount": 39134,
        "isCommercial": "False"
    },
    {
        "id": "ca3acc58-9e9d-4a75-979e-824e191269e7",
        "title": "'메이드'가 '주인님'을 꼬시면 일어나는 일",
        "description": "애니제목 : 최근 고용한 메이드가 수상하다\n1화 무료보기 - https://vo.la/0N8KkA\n라프텔에서 시청하실 수 있습니다!\n\n덕양소 인스타그램: https://www.instagram.com/dukyangso/\n\n문의 및 팬아트 : yyyjhong7@naver.com\n\n덕양소에게 선물하기 - https://vo.la/YppfP\n\n편집자:정우님\n\n사용된 bgm\n🎵Music provided by 브금대통령\n🎵Track : 가을 소풍 - https://youtu.be/9GWGdtGbbTA\n🎵Track : Vitamin B - https://youtu.be/4DkjikXj1n8\n🎵Track : 꼬물꼬물 - https://youtu.be/oXc3PhIeeoE\n\n#덕양소 #애니추천 #애니리뷰",
        "thumbnail": "https://i.ytimg.com/vi/5y0fGljKUfU/mqdefault.jpg",
        "youtubeVideoId": "5y0fGljKUfU",
        "uploadedDate": "2022-08-06T05:10:12Z",
        "viewCount": 20075,
        "isCommercial": "False"
    },
    {
        "id": "ef86bb50-d48b-48df-8dbc-74a99cb3d530",
        "title": "기괴한 분위기의 정체 모를 단편 애니메이션의 숨겨진 의미 (해석포함)",
        "description": "오늘은 '불쌍하게' 작가의 단편 애니메이션 '속죄'에 대해서 알아보았습니다!\n'불쌍하게!' 채널 보러가기 - https://www.youtube.com/channel/UCe4fPeOTzh6ZXUOthA_YL-A\n\n라프텔에서 시청하실 수 있습니다!\n\n덕양소 인스타그램: https://www.instagram.com/dukyangso/\n\n문의 및 팬아트 : yyyjhong7@naver.com\n\n덕양소에게 선물하기 - https://vo.la/YppfP\n\n편집자: 다희님\n\n사용된 bgm\n🎵Music provided by 브금대통령\n🎵Track : Some Vintage Mood - https://youtu.be/5kGEyvMUXM4 \n🎵Track : Another Basement - https://youtu.be/i_aNcy0c_Zc\n🎵Track : Circle of Insomniac  - https://youtu.be/SxSpo4elgcw \n🎵Track : Brunch II - https://youtu.be/XlhBXAMHUz8 \n\n#덕양소 #애니추천 #애니추천",
        "thumbnail": "https://i.ytimg.com/vi/UI_4yjM0kb0/mqdefault.jpg",
        "youtubeVideoId": "UI_4yjM0kb0",
        "uploadedDate": "2022-07-31T05:21:20Z",
        "viewCount": 28904,
        "isCommercial": "False"
    },
    {
        "id": "947ab364-56cb-477a-81d6-e0ba2c6135f2",
        "title": "악마라 불리는 야쿠자가 '돌보미'가 되면 일어나는 일",
        "description": "애니제목 : 보스 따님과 돌보미\n1화 무료보기 - https://vo.la/VObCDT\n라프텔에서 시청하실 수 있습니다!\n\n덕양소 인스타그램: https://www.instagram.com/dukyangso/\n\n문의 및 팬아트 : yyyjhong7@naver.com\n\n덕양소에게 선물하기 - https://vo.la/YppfP\n\n편집자: 다희님\n\n사용된 bgm\n🎵Music provided by 브금대통령\n🎵Track : Justice of Law - https://youtu.be/r1nYkx8XR3Q\n🎵Track : Waltz with Mozart - https://youtu.be/WMpx_T51U7s  \n🎵Track : Kid's Room 2 - https://youtu.be/r6bG5fLfnao \n🎵Track : Naptime! - https://youtu.be/3fBloNLBL2Y \n\n#덕양소 #애니추천 #애니추천",
        "thumbnail": "https://i.ytimg.com/vi/Q28jUUpkWY0/mqdefault.jpg",
        "youtubeVideoId": "Q28jUUpkWY0",
        "uploadedDate": "2022-07-29T09:22:16Z",
        "viewCount": 26811,
        "isCommercial": "False"
    },
    {
        "id": "d40060d9-31be-4106-ab1b-033472dc63b9",
        "title": "생각보다 수위가 빠꾸없어서 놀랐던 이세계물 ㅎㄷㄷ",
        "description": "애니제목 : 이세계 미궁에서 하렘을\n1화 무료보기 - https://vo.la/YpVGaG\n라프텔에서 시청하실 수 있습니다!\n\n덕양소 인스타그램: https://www.instagram.com/dukyangso/\n\n문의 및 팬아트 : yyyjhong7@naver.com\n\n덕양소에게 선물하기 - https://vo.la/YppfP\n\n편집자: 찬희님\n\n사용된 bgm\n🎵Music provided by 브금대통령\n🎵Track : 도둑의 계획 - https://youtu.be/CKuI-6-Izhc\n🎵Track : Mission Complete - https://youtu.be/0ZC173wLtYY\n🎵Track : 졸려죽겠다 - https://youtu.be/2BuLYN0wbMI\n🎵Track : Ready To Nap - https://youtu.be/UZE2a9gTsDk\n\n#덕양소 #애니추천 #애니리뷰",
        "thumbnail": "https://i.ytimg.com/vi/2-hmV-5hMWc/mqdefault.jpg",
        "youtubeVideoId": "2-hmV-5hMWc",
        "uploadedDate": "2022-07-27T09:21:16Z",
        "viewCount": 41615,
        "isCommercial": "False"
    },
    {
        "id": "f60fd5cf-6c1a-4377-82cd-5d697f120b83",
        "title": "이세계에 가서 '만렙 슬라임'을 1000마리 사육하면 일어나는 일",
        "description": "내 정보 보호하고 폭 넓게 애니 보자! SurfsharkVPN!\nhttps://surfshark.deals/dukyangso\n위 링크를 통해 결제 진행 시 덕양소 이벤트 적용!\nSurfsharkVPN 최대 83% 할인 적용(24개월 기준) + 3개월 무료 체험이 가능합니다!\n\n항상 애니메이션 정보나 새로운 pv를 찾아볼 때 국가 차단으로 막혀서\n못본 경우 많으실텐데요! SurfsharkVPN을 사용하시고 \n개인정보 보호는 물론 더 폭 넓게 애니메이션을 시청해보아요!\n오늘도 광고봐주셔서 감사합니다! 사랑해요 양생이여러분 !\n양생이 여러분들이 감사합니다♥\n\n애니제목 : 신들에게 주워진 남자\n1화 무료보기 - https://vo.la/biQgxC\n라프텔에서 시청하실 수 있습니다!\n\n덕양소 인스타그램: https://www.instagram.com/dukyangso/\n\n문의 및 팬아트 : yyyjhong7@naver.com\n\n덕양소에게 선물하기 - https://vo.la/YppfP\n\n편집자: 정우님\n\n사용된 bgm\n🎵Music provided by 브금대통령\n🎵Track : 시골풍경 - https://youtu.be/aRolBdUKJ3s\n🎵Track : 기묘한 이야기 -  https://youtu.be/7dXrgVD83rs\n🎵Track : 조별과제 - https://youtu.be/wLuWmPrJkSk\n🎵Track : Brand New Company -  https://youtu.be/mzQA4qJxloU\n🎵Track : Some Vintage Mood 2 - https://youtu.be/j_x22l_c7uQ\n\n#덕양소 #애니추천 #애니추천",
        "thumbnail": "https://i.ytimg.com/vi/HkgDqQxTrrY/mqdefault.jpg",
        "youtubeVideoId": "HkgDqQxTrrY",
        "uploadedDate": "2022-07-25T09:20:28Z",
        "viewCount": 134022,
        "isCommercial": "True"
    },
    {
        "id": "a30855fd-a8f6-4b49-8078-47dc4d53c0b9",
        "title": "아무도 결말을 예상하지 못하는 1인 제작 국산 애니",
        "description": "애니제목 : 사랑은 꿈과 현실의 외길목에서\n감독:최희승\n왓챠에서 시청하실 수 있습니다!\n보러가기 - https://watcha.com/contents/mdMRADl\n\n덕양소 인스타그램: https://www.instagram.com/dukyangso/\n\n문의 및 팬아트 : yyyjhong7@naver.com\n\n덕양소에게 선물하기 - https://vo.la/YppfP\n\n편집자: 정우님\n\n사용된 bgm\n🎵Music provided by 브금대통령\n🎵Track : Some Vintage Mood 2 - https://youtu.be/j_x22l_c7uQ\n🎵Track : Sentimental Day -  https://youtu.be/r80CNAiK7-o\n🎵Track : 여름밤의 꿈 -  https://youtu.be/hC29Vt9u6T0\n\n#덕양소 #국산애니 #애니추천",
        "thumbnail": "https://i.ytimg.com/vi/5uyZee9OkcI/mqdefault.jpg",
        "youtubeVideoId": "5uyZee9OkcI",
        "uploadedDate": "2022-07-17T07:41:43Z",
        "viewCount": 141425,
        "isCommercial": "False"
    },
    {
        "id": "cc06c10c-a9a8-4b8b-9529-815051217588",
        "title": "묘하게 생활력 넘치는 흡혈귀 애니메이션",
        "description": "애니제목 : 이웃집 흡혈귀 씨\n1화 무료보기 -  https://vo.la/We3A7C\n라프텔에서 시청하실 수 있습니다!\n\n덕양소 인스타그램: https://www.instagram.com/dukyangso/\n\n문의 및 팬아트 : yyyjhong7@naver.com\n\n덕양소에게 선물하기 - https://vo.la/YppfP\n\n편집자: 찬희님\n\n사용된 bgm\n🎵Music provided by 브금대통령\n🎵Track : Another Basement - https://youtu.be/i_aNcy0c_Zc\n🎵Track : 꼬물꼬물 - https://youtu.be/oXc3PhIeeoE\n🎵Track : Piece of Cake - https://youtu.be/P0SfHRQY1A4\n🎵Track : Brunch - https://youtu.be/bO5FQBl77VU\n\n#덕양소 #애니추천 #애니리뷰",
        "thumbnail": "https://i.ytimg.com/vi/NSKu6CApZq4/mqdefault.jpg",
        "youtubeVideoId": "NSKu6CApZq4",
        "uploadedDate": "2022-07-11T09:14:46Z",
        "viewCount": 23781,
        "isCommercial": "False"
    },
    {
        "id": "e6bb6624-cad5-4a7e-8fa4-70d0b7e79eb1",
        "title": "보다가 멘탈 터져버린 소름돋는 반전 멘붕물 애니 TOP 5",
        "description": "반전 멘붕 애니메이션들을 한번 준비해와봤습니다!\n라프텔에서 시청하실 수 있습니다!\n↓보러가기↓\n마녀의 여행 - https://vo.la/qXNtVj\n유우키 유우나는 용사다 - https://vo.la/P1xvUc\n원더 에그 프라이어리티 - https://vo.la/SiCfAb\n무능한 나나 - https://vo.la/HptXQ7\n쓰르라미 울 적에 - https://vo.la/CEWDM0\n\n덕양소 인스타그램: https://www.instagram.com/dukyangso/\n\n문의 및 팬아트 : yyyjhong7@naver.com\n\n덕양소에게 선물하기 - https://vo.la/YppfP\n\n편집자: 정우\n\n사용된 bgm\n🎵Music provided by 브금대통령\n🎵Track : 다시 봄 - https://youtu.be/wgOYdYs6mE8\n🎵Track : Houseplant -  https://youtu.be/qUN9XoNwI1M\n🎵Track : Attack of The Trolls - https://youtu.be/2K9pdErongI\n🎵Track : Equality - https://youtu.be/VfImFoOi5EU\n🎵Track : 청춘 로맨스 - https://youtu.be/yu5vTRS9DpE\n🎵Track : Odin - https://youtu.be/LYJsfvgnW9w\n🎵Track : 용서못해 - https://youtu.be/b3goSYOwtyo\n\n00:00 인트로\n00:28 마녀의 여행\n02:22 유우키 유우나는 용사다\n03:47 원더 에그 프라이어리티\n04:48 무능한 나나\n06:36 쓰르라미 울 적에\n08:11 아웃트로\n\n#덕양소 #애니추천 #공포애니",
        "thumbnail": "https://i.ytimg.com/vi/q_53SgDkweg/mqdefault.jpg",
        "youtubeVideoId": "q_53SgDkweg",
        "uploadedDate": "2022-07-07T09:27:52Z",
        "viewCount": 28692,
        "isCommercial": "False"
    },
    {
        "id": "330049a8-b801-4d37-9555-8c54832a821d",
        "title": "신이 만들기 귀찮다고 디자인 하청을 맡기게 되면 일어나는 일 ㅋㅋㅋㅋ",
        "description": "애니제목 : 천지창조 디자인부\n1화 무료보기 - https://vo.la/UDaUXQ\n라프텔에서 시청하실 수 있습니다!\n\n덕양소 인스타그램: https://www.instagram.com/dukyangso/\n\n문의 및 팬아트 : yyyjhong7@naver.com\n\n덕양소에게 선물하기 - https://vo.la/YppfP\n\n편집자:찬희님\n\n사용된 bgm\n🎵Music provided by 브금대통령\n🎵Track : Bright Daylight - https://youtu.be/aVWGStSO5D4\n🎵Track : Cutie Of Park - https://youtu.be/MX73o_Ki4v0\n🎵Track : 알수없는 9살인생 - https://youtu.be/vq9RxbWWWFo\n\n#덕양소 #애니추천 #애니리뷰",
        "thumbnail": "https://i.ytimg.com/vi/PaLiMIlz_EE/mqdefault.jpg",
        "youtubeVideoId": "PaLiMIlz_EE",
        "uploadedDate": "2022-10-10T09:05:41Z",
        "viewCount": 33792,
        "isCommercial": "False"
    },
    {
        "id": "4dd67e55-4bcb-42ad-b23d-398617bb9dce",
        "title": "파워레인저 레드와 악당 간부가 연애하면 일어나는 일",
        "description": "애니제목 : 사랑은 세계정복 후에\n1화 무료보기 - https://vo.la/1ZLjdU\n라프텔에서 시청하실 수 있습니다!\n\n덕양소 인스타그램: https://www.instagram.com/dukyangso/\n\n문의 및 팬아트 : yyyjhong7@naver.com\n\n덕양소에게 선물하기 - https://vo.la/YppfP\n\n편집자: 찬희님\n\n사용된 bgm\n🎵Music provided by 브금대통령\n🎵Track : The Walking Cat - https://youtu.be/tA-t_wpcqlE\n🎵Track : Spring Step - https://youtu.be/PvvaZaaHAm8\n🎵Track : 청춘 로맨스 - https://youtu.be/yu5vTRS9DpE\n\n#덕양소 #애니추천 #애니리뷰",
        "thumbnail": "https://i.ytimg.com/vi/Tnkhhiwhndg/mqdefault.jpg",
        "youtubeVideoId": "Tnkhhiwhndg",
        "uploadedDate": "2022-07-01T12:00:55Z",
        "viewCount": 13061,
        "isCommercial": "False"
    },
    {
        "id": "41b332fd-3e1e-4569-ab61-496395506bf9",
        "title": "1화부터 화보집 발매해버리는 얼굴이 제일 재밌는 애니",
        "description": "내 정보 보호하고 폭 넓게 애니 보자! SurfsharkVPN!\nhttps://surfshark.deals/dukyangso\n위 링크를 통해 결제 진행 시 덕양소 이벤트 적용!\nSurfsharkVPN 최대 83% 할인 적용(24개월 기준) + 3개월 무료 체험이 가능합니다!\n\n항상 애니메이션 정보나 새로운 pv를 찾아볼 때 국가 차단으로 막혀서\n못본 경우 많으실텐데요! SurfsharkVPN을 사용하시고 \n개인정보 보호는 물론 더 폭 넓게 애니메이션을 시청해보아요!\n오늘도 광고봐주셔서 감사합니다! 사랑해요 양생이여러분 !\n\n애니제목 : 이누보쿠SS\n1화 무료보기 - https://vo.la/Da3FOy\n라프텔에서 시청하실 수 있습니다!\n\n덕양소 인스타그램: https://www.instagram.com/dukyangso/\n\n문의 및 팬아트 : yyyjhong7@naver.com\n\n덕양소에게 선물하기 - https://vo.la/YppfP\n\n편집자: 정우님\n\n사용된 bgm\n🎵Music provided by 브금대통령\n🎵Track : 여름밤의 꿈 -  https://youtu.be/hC29Vt9u6T0\n🎵Track : 기묘한 이야기 -  https://youtu.be/7dXrgVD83rs\n🎵Track : 스파이 - https://youtu.be/skbPY7Inl5o\n🎵Track : Kid's Room 2 -  https://youtu.be/r6bG5fLfnao\n🎵Track : 병아리는 삐약삐약 - https://youtu.be/ZNajc-kQ8zE\n🎵Track : 새해에는 -  https://youtu.be/bINZIdlQTj0\n\n#덕양소 #로맨스애니 #애니추천",
        "thumbnail": "https://i.ytimg.com/vi/H9sa0GKIUGI/mqdefault.jpg",
        "youtubeVideoId": "H9sa0GKIUGI",
        "uploadedDate": "2022-06-27T09:09:50Z",
        "viewCount": 117119,
        "isCommercial": "True"
    },
    {
        "id": "8913f4c3-2ab1-4905-b4c6-0a4be0419e59",
        "title": "존잘남 둘이 해결사무소를 열면 일어나는 일",
        "description": "애니제목 : 시광대리인\n1화 무료보기 - https://vo.la/1jq7fb\n라프텔에서 시청하실 수 있습니다!\n\n덕양소 인스타그램: https://www.instagram.com/dukyangso/\n\n문의 및 팬아트 : yyyjhong7@naver.com\n\n덕양소에게 선물하기 - https://vo.la/YppfP\n\n편집자: 찬희님\n\n사용된 bgm\n🎵Music provided by 브금대통령\n🎵Track : 내 꿈은 말이지 - https://youtu.be/8US4NF1bzlE\n🎵Track : Make a Bet - https://youtu.be/HzKlH78Lin0\n🎵Track : A Dark Alley - https://youtu.be/3PMkeyPvZGE\n🎵Track : Keep The Tension 2 - https://youtu.be/ex7o_PDQg9g\n🎵Track : Devil's Deal - https://youtu.be/NwGFOaCYgEc\n\n#덕양소 #애니추천 #애니리뷰",
        "thumbnail": "https://i.ytimg.com/vi/HI_A88f8-gU/mqdefault.jpg",
        "youtubeVideoId": "HI_A88f8-gU",
        "uploadedDate": "2022-06-25T06:39:31Z",
        "viewCount": 313573,
        "isCommercial": "True"
    },
    {
        "id": "e193eb6d-ac10-46ed-a0f7-2236fba37386",
        "title": "속는 셈 치고 봤다가 정주행 때려버린 미친 병맛 애니 ㅋㅋㅋㅋㅋㅋㅋㅋㅋ",
        "description": "노란딱지 최종 재업로드.. 이제 더 이상 안합니다.. \n\n애니제목 : 파티피플 공명\n1화 무료보기 - https://vo.la/wkTbit\n라프텔에서 시청하실 수 있습니다!\n\n덕양소 인스타그램: https://www.instagram.com/dukyangso/\n\n문의 및 팬아트 : yyyjhong7@naver.com\n\n덕양소에게 선물하기 - https://vo.la/YppfP\n\n편집자: 정우님\n\n사용된 bgm\n🎵Music provided by 브금대통령\nTrack : Sentimental Day -  https://youtu.be/r80CNAiK7-o\nTrack : 갑자기 멍때리기 -  https://youtu.be/TdQYTw-jhw8\nTrack : 힙리제를 위하여 -  https://youtu.be/Hcv_0Fo_Kc0\nTrack : Stepping Stone -  https://youtu.be/MzyPPkUXpAg\nTrack : 꼬물꼬물 - https://youtu.be/oXc3PhIeeoE\nTrack : Scrooge and Gold -  https://youtu.be/voHeELfixks\n\n#덕양소 #애니추천 #개그애니",
        "thumbnail": "https://i.ytimg.com/vi/zaXrT3gNkIU/mqdefault.jpg",
        "youtubeVideoId": "zaXrT3gNkIU",
        "uploadedDate": "2022-06-21T11:20:01Z",
        "viewCount": 9669,
        "isCommercial": "False"
    },
    {
        "id": "da38ac5c-2c7c-4bac-960a-af298abbfb49",
        "title": "제정신으로 보기 힘든 미친 병맛 개그애니 ㅋㅋㅋㅋㅋㅋ",
        "description": "애니제목 : 아라카와 언더 더 브릿지\n1화 무료보기 - https://vo.la/xMsjv5\n라프텔에서 시청하실 수 있습니다!\n\n덕양소 인스타그램: https://www.instagram.com/dukyangso/\n\n문의 및 팬아트 : yyyjhong7@naver.com\n\n덕양소에게 선물하기 - https://vo.la/YppfP\n\n편집자:찬희님\n\n사용된 bgm\n🎵Music provided by 브금대통령\n🎵Track : 댕청댕청 - https://youtu.be/5qEI_xTPa-Q \n🎵Track : 개억울 - https://youtu.be/zpI1I1Fxs-Q\n🎵Track : 피아노 치기 싫은 브금 - https://youtu.be/aOAkk0Yzof0\n\n#덕양소 #애니추천 #애니리뷰",
        "thumbnail": "https://i.ytimg.com/vi/tj18rI8MySw/mqdefault.jpg",
        "youtubeVideoId": "tj18rI8MySw",
        "uploadedDate": "2022-08-22T05:52:06Z",
        "viewCount": 39067,
        "isCommercial": "False"
    },
    {
        "id": "8563275f-5e77-4804-8590-d6399e9850ef",
        "title": "이과가 사랑에 빠지면 일어나는 일",
        "description": "애니제목 : 이과가 사랑에 빠졌기에 증명해봤다\n1화 무료보기 - https://vo.la/HV6MIj\n라프텔에서 시청하실 수 있습니다!\n\n덕양소 인스타그램: https://www.instagram.com/dukyangso/\n\n문의 및 팬아트 : yyyjhong7@naver.com\n\n덕양소에게 선물하기 - https://vo.la/YppfP\n\n편집자: 정우님\n\n사용된 bgm\n🎵Music provided by 브금대통령\n🎵Track : 꼬물꼬물 - https://youtu.be/oXc3PhIeeoE\n🎵Track : Spring Bossa - https://youtu.be/1gmzasoTIL4\n🎵Track : 댕청댕청 - https://youtu.be/5qEI_xTPa-Q\n🎵Track : 가을 소풍 - https://youtu.be/9GWGdtGbbTA\n\n#덕양소 #애니추천 #애니리뷰",
        "thumbnail": "https://i.ytimg.com/vi/Izpy_CDYfq8/mqdefault.jpg",
        "youtubeVideoId": "Izpy_CDYfq8",
        "uploadedDate": "2022-06-13T09:01:53Z",
        "viewCount": 27746,
        "isCommercial": "False"
    },
    {
        "id": "801041f1-7875-4652-99d8-0c3b078cf3a1",
        "title": "펭귄이 귀여워서 봤다가 뒤통수 제대로 맞은 애니 (동심파괴)",
        "description": "애니제목 : 돌아가는 펭귄드럼\n1화 무료보기 - https://vo.la/cmeiJn\n라프텔에서 시청하실 수 있습니다!\n\n덕양소 인스타그램: https://www.instagram.com/dukyangso/\n\n문의 및 팬아트 : yyyjhong7@naver.com\n\n덕양소에게 선물하기 - https://vo.la/YppfP\n\n편집자:찬희님\n\n사용된 bgm\n🎵Music provided by 브금대통령\n🎵Track : Musictree for you - https://youtu.be/GuNql5gy-H0\n🎵Track : A Dark Alley - https://youtu.be/3PMkeyPvZGE\n🎵Track : 댕청댕청 - https://youtu.be/5qEI_xTPa-Q \n🎵Track : 작은 영웅 - https://youtu.be/LH_mZVd5D4M\n\n#덕양소 #애니추천 #애니리뷰",
        "thumbnail": "https://i.ytimg.com/vi/b8mkpdbYKI0/mqdefault.jpg",
        "youtubeVideoId": "b8mkpdbYKI0",
        "uploadedDate": "2022-06-11T04:52:10Z",
        "viewCount": 53477,
        "isCommercial": "False"
    },
    {
        "id": "898926c4-812d-4a40-8b1d-3cd1ad59288d",
        "title": "공부만 잘하면 '뭐든지' 가능한 실력지상주의 학교에 '힘숨찐'이 입학하면 생기는 일",
        "description": "애니제목 : 어서 오세요 실력지상주의 교실에\n1화 무료보기 - https://vo.la/yDDDmb\n라프텔에서 시청하실 수 있습니다!\n\n덕양소 인스타그램: https://www.instagram.com/dukyangso/\n\n문의 및 팬아트 : yyyjhong7@naver.com\n\n덕양소에게 선물하기 - https://vo.la/YppfP\n\n편집자:정우님\n\n사용된 bgm\n🎵Music provided by 브금대통령\n🎵Track : Houseplant -  https://youtu.be/qUN9XoNwI1M\n🎵Track : Some Vintage Mood 2 - https://youtu.be/j_x22l_c7uQ\n🎵Track : 기묘한 이야기 -  https://youtu.be/7dXrgVD83rs\n🎵Track : World Documentary - https://youtu.be/UvUSbvw09-Y\n🎵Track : 스파이 - https://youtu.be/skbPY7Inl5o\n\n#덕양소 #애니추천 #애니추천",
        "thumbnail": "https://i.ytimg.com/vi/ODWfbioTxeo/mqdefault.jpg",
        "youtubeVideoId": "ODWfbioTxeo",
        "uploadedDate": "2022-06-07T08:51:53Z",
        "viewCount": 30671,
        "isCommercial": "False"
    },
    {
        "id": "67cae69f-c07c-4e17-9ddb-9aeda34a4332",
        "title": "메이드가 날 유혹해오기 시작했다",
        "description": "애니제목 : 최근 고용한 메이드가 수상하다\n각종 애니메이션 보는 곳! - https://vo.la/NOXpt0\n\n덕양소 인스타그램: https://www.instagram.com/dukyangso/\n\n문의 및 팬아트 : yyyjhong7@naver.com\n\n덕양소에게 선물하기 - https://vo.la/YppfP\n\n편집자: 정우님\n\n#덕양소 #애니추천 #애니리뷰",
        "thumbnail": "https://i.ytimg.com/vi/mcJ793eedpA/mqdefault.jpg",
        "youtubeVideoId": "mcJ793eedpA",
        "uploadedDate": "2022-06-05T06:01:12Z",
        "viewCount": 23178,
        "isCommercial": "False"
    },
    {
        "id": "d2ea1349-eeab-410f-b2fe-a68349ba5364",
        "title": "'현대모비스'에서 약빨고 만든 애니메이션 (마케팅팀 상 줘야 됨)",
        "description": "오늘은 현대모비스에서 제작한 애니메이션 데드오어어라이브를 리뷰해보았습니다!\n본 영상은 유료광고가 포함되어있습니다!\n\n현대모비스 본영상 - https://www.youtube.com/watch?v=9Z09b8_rWXA\n나무위키 - https://namu.wiki/w/Dead%20or%20Arrive\n인스타그램 - https://www.instagram.com/now_mobis/\n\n덕양소 인스타그램: https://www.instagram.com/dukyangso/\n\n문의 및 팬아트 : yyyjhong7@naver.com\n\n덕양소에게 선물하기 - https://vo.la/YppfP\n\n편집자: 정우님\n\n사용된 bgm\n🎵Music provided by 브금대통령\n🎵Track : Odin - https://youtu.be/LYJsfvgnW9w\n🎵Track : Equality - https://youtu.be/VfImFoOi5EU\n🎵Track : Fun Night in Philippines - https://youtu.be/rw5Sx5YQ4_0\n🎵Track : 스파이 - https://youtu.be/skbPY7Inl5o\n🎵Track : Brand New Company -  https://youtu.be/mzQA4qJxloU\n🎵Track : Icarus's Dream -  https://youtu.be/-AMxjlE1w4o\n🎵Track : Houseplant -  https://youtu.be/qUN9XoNwI1M\n\n#현대모비스 #DOA #데드오어어라이브 #레이싱",
        "thumbnail": "https://i.ytimg.com/vi/okEFZB4YXI4/mqdefault.jpg",
        "youtubeVideoId": "okEFZB4YXI4",
        "uploadedDate": "2022-06-03T08:55:32Z",
        "viewCount": 6439,
        "isCommercial": "False"
    },
    {
        "id": "38c6c7bd-dced-441d-9e75-a972a44d068d",
        "title": "아싸인 척하는 인싸들의 기만질 애니",
        "description": "내 정보 보호하고 폭 넓게 애니 보자! SurfsharkVPN!\nhttps://surfshark.deals/dukyangso\n위 링크를 통해 결제 진행 시 덕양소 이벤트 적용!\nSurfsharkVPN 최대 83% 할인 적용(24개월 기준) + 3개월 무료 체험이 가능합니다!\n\n항상 애니메이션 정보나 새로운 pv를 찾아볼 때 국가 차단으로 막혀서\n못본 경우 많으실텐데요! SurfsharkVPN을 사용하시고 \n개인정보 보호는 물론 더 폭 넓게 애니메이션을 시청해보아요!\n오늘도 광고봐주셔서 감사합니다! 사랑해요 양생이여러분 !\n양생이 여러분들이 제 전부입니다♥\n\n애니제목 : 우자키 양은 놀고싶어!\n1화 무료보기 - https://vo.la/RxA6aq\n라프텔에서 시청하실 수 있습니다!\n\n덕양소 인스타그램: https://www.instagram.com/dukyangso/\n\n문의 및 팬아트 : yyyjhong7@naver.com\n\n덕양소에게 선물하기 - https://vo.la/YppfP\n\n편집자:정우님\n\n사용된 bgm\n🎵Music provided by 브금대통령\n🎵Track : 알수없는 9살인생 - https://youtu.be/vq9RxbWWWFo\n🎵Track : Houseplant -  https://youtu.be/qUN9XoNwI1M\n🎵Track : I Wanna be a Rockstar -  https://youtu.be/HC-ODkmRzfc\n\n#애니추천 #애니리뷰 #개그애니",
        "thumbnail": "https://i.ytimg.com/vi/XWmBejpp_uk/mqdefault.jpg",
        "youtubeVideoId": "XWmBejpp_uk",
        "uploadedDate": "2022-05-31T08:16:02Z",
        "viewCount": 46999,
        "isCommercial": "True"
    },
    {
        "id": "c567345a-07bd-42d9-a521-f9e6b8292142",
        "title": "친구를 너무 믿으면 안되는 이유",
        "description": "애니제목 : 친구게임\n1화 무료보기 - https://vo.la/HziXKu\n라프텔에서 시청하실 수 있습니다!\n\n덕양소 인스타그램: https://www.instagram.com/dukyangso/\n\n문의 및 팬아트 : yyyjhong7@naver.com\n\n덕양소에게 선물하기 - https://vo.la/YppfP\n\n편집자: 찬희님\n\n사용된 bgm\n🎵Music provided by 브금대통령\n🎵Track : Sunset - https://youtu.be/5-SJ2car5-Q\n🎵Track : Mission Complete - https://youtu.be/0ZC173wLtYY\n🎵Track : Endless Tunnel - https://youtu.be/bhdxpXmcacw\n🎵Track : The Fight - https://youtu.be/nqmOvk8rBO8\n\n#덕양소 #애니추천 #애니리뷰",
        "thumbnail": "https://i.ytimg.com/vi/7a2EjGjXbV4/mqdefault.jpg",
        "youtubeVideoId": "7a2EjGjXbV4",
        "uploadedDate": "2022-05-25T09:28:45Z",
        "viewCount": 20499,
        "isCommercial": "False"
    },
    {
        "id": "fa2f3ea8-c967-493a-819e-16a8e793f937",
        "title": "안경을 씀으로써 완벽해진다..주인장 맘대로 정해 본 '갓경 캐릭터' TOP8 !!",
        "description": "오늘은 갓경 캐릭터를 한번 알아보았습니다!!\n\n소개한 캐릭터들이 등장하는 애니메이션 보러가기!\n0.오수 (짱구는 못말려) - https://vo.la/ZjSxkS\n1.오오토리 쿄우야 (오란고교 호스트부) - https://vo.la/fT8rkx\n2. 사카모토 (사카모토 입니다만) - https://vo.la/YfunMH\n3. 하스미 케이토 (앙상블 스타즈) - https://vo.la/2zhFeV\n4. 안도하 (꿈빛 파티시엘) - https://vo.la/FDQWUz\n5. 미야무라 이즈미 (호리미야) - https://vo.la/hFLfRU \n6. 츠키시마 케이 (하이큐) - https://vo.la/maeJGE\n7. 코난 (명탐정 코난) - https://vo.la/4xaWmO\n8. 나나미 켄토 (주술회전) -  https://vo.la/iFF5jI\n\n라프텔에서 시청하실 수 있습니다!\n\n덕양소 인스타그램: https://www.instagram.com/dukyangso/\n\n문의 및 팬아트 : yyyjhong7@naver.com\n\n덕양소에게 선물하기 - https://vo.la/YppfP\n\n편집자: 정우님\n\n사용된 bgm\n🎵Music provided by 브금대통령\n\n00:00 인트로\n00:28 오수 (짱구는 못말려)\n00:46 오오토리 쿄우야 (오란고교 호스트부)\n01:53 사카모토 (사카모토 입니다만)\n02:26 하스미 케이토 (앙상블 스타즈)\n03:17 안도하 (꿈빛 파티시엘)\n04:08 미야무라 이즈미 (미야무라)\n05:00 츠키시마 케이 (하이큐)\n06:02 코난 (명탐정 코난)\n06:35 나나미 켄토 (주술회전)\n07:27 아웃트로 \n\n#덕양소 #안경캐 #애니추천",
        "thumbnail": "https://i.ytimg.com/vi/2fWtsaN3DPo/mqdefault.jpg",
        "youtubeVideoId": "2fWtsaN3DPo",
        "uploadedDate": "2022-05-15T05:48:46Z",
        "viewCount": 17005,
        "isCommercial": "False"
    }
]