[
    {
        "id": "8ea4a8a7-4221-4562-8b14-fdbd2b9e784f",
        "title": "뽀구미 나 예쁘잖아 원본 영상",
        "description": "♥생방송은 트위치에서♥\n♥방송시간 및 중요 공지는 트게더에! (아래링크 참조)♥\n(https://tgd.kr/s/geguleee?category=60540644)\n\n트위치 : https://www.twitch.tv/geguleee\n디스코드: https://discord.gg/qKajHXA\n인스타그램 : @bbo9_me\n틱톡 : @bbo9_me\n\n#뽀구미 #나예쁘잖아",
        "thumbnail": "https://i.ytimg.com/vi/NeKdhpmVI64/mqdefault.jpg",
        "youtubeVideoId": "NeKdhpmVI64",
        "uploadedDate": "2021-11-03T08:22:02Z",
        "viewCount": 7070,
        "isCommercial": "False"
    },
    {
        "id": "ceb194a8-62fd-49ed-a34a-2da5ec4a9b81",
        "title": "보이스피싱범이 답답해서 욕박고 자포자기함ㅋㅋㅋ",
        "description": "똑같은 설명 네번하니까 결국앤 욕박고 웃참 ㅋㅋㅋㅋㅋㅋㅋ\n-\n안녕하세요트위치 스트리머 뽀구미 입니당!\n구독과 좋아요 많이 부탁드립니다.\n-\ninstargram: https://www.instagram.com/bbo9_me/?hl=ko\ntwitch: https://www.twitch.tv/geguleee\n\n\n#보이스피싱 #레전드 #뽀구미",
        "thumbnail": "https://i.ytimg.com/vi/Fz-Zn0glkCk/mqdefault.jpg",
        "youtubeVideoId": "Fz-Zn0glkCk",
        "uploadedDate": "2021-01-22T23:31:46Z",
        "viewCount": 204849,
        "isCommercial": "False"
    },
    {
        "id": "a7300b4d-330d-4454-8912-6b474a4b42ac",
        "title": "뽀구미 나 예쁘잖아 리액션 대기업 수출반응, 챌린지 모음집",
        "description": "♥생방송은 트위치에서♥\n♥방송시간 및 중요 공지는 트게더에! (아래링크 참조)♥\n(https://tgd.kr/s/geguleee?category=60540644)\n\n트위치 : https://www.twitch.tv/geguleee\n디스코드: https://discord.gg/qKajHXA\n인스타그램 : @bbo9_me\n틱톡 : @bbo9_me\n\n#뽀구미 #예쁘잖아 #챌린지",
        "thumbnail": "https://i.ytimg.com/vi/x6i7EEoGrXk/mqdefault.jpg",
        "youtubeVideoId": "x6i7EEoGrXk",
        "uploadedDate": "2021-11-12T08:55:31Z",
        "viewCount": 4544,
        "isCommercial": "False"
    },
    {
        "id": "f79d0f56-f618-431a-a096-faec986ac759",
        "title": "코빅에도 나온 나예쁘잖아!!! 대기업 패러디 반응 레전드ㅋㅋㅋㅋ",
        "description": "♥생방송은 트위치에서♥\n♥방송시간 및 중요 공지는 트게더에! (아래링크 참조)♥\n(https://tgd.kr/s/geguleee?category=60540644)\n\n트위치 : https://www.twitch.tv/geguleee \n디스코드: https://discord.gg/qKajHXA \n인스타그램 : @bbo9_me\n틱톡 : @bbo9_me\n광고 문의 : bbogumioffice@gmail.com\n\n#뽀구미 #나예쁘잖아 #나예쁘잖아챌린지",
        "thumbnail": "https://i.ytimg.com/vi/Bs9lzdciCY0/mqdefault.jpg",
        "youtubeVideoId": "Bs9lzdciCY0",
        "uploadedDate": "2022-01-22T10:08:25Z",
        "viewCount": 101537,
        "isCommercial": "False"
    },
    {
        "id": "047ab2ff-aced-4074-a9dc-dddcc1770fcc",
        "title": "이것드리...지이이이인짜아ㅏ아!!!!!",
        "description": "♥생방송은 트위치에서♥\n♥방송시간 및 중요 공지는 트게더에! (아래링크 참조)♥\n(https://tgd.kr/s/geguleee?category=60540644)\n\n트위치 : https://www.twitch.tv/geguleee\n디스코드: https://discord.gg/qKajHXA\n인스타그램 : @bbo9_me\n틱톡 : @bbo9_me\n\n#뽀구미 #도네 #반응 #나예쁘잖아",
        "thumbnail": "https://i.ytimg.com/vi/zoAM5E98ADs/mqdefault.jpg",
        "youtubeVideoId": "zoAM5E98ADs",
        "uploadedDate": "2021-12-16T23:47:23Z",
        "viewCount": 22069,
        "isCommercial": "False"
    },
    {
        "id": "7b7f9847-873f-4db7-bc55-ea07cc1b91c4",
        "title": "화참으면 10만원이요??ㅎㅎㅎㅎㅎㅎㅎㅎㅎㅎㅎㅎㅎㅎㅎ",
        "description": "♥생방송은 트위치에서♥\n♥방송시간 및 중요 공지는 트게더에! (아래링크 참조)♥\n(https://tgd.kr/s/geguleee?category=60540644)\n\n트위치 : https://www.twitch.tv/geguleee \n디스코드: https://discord.gg/qKajHXA \n인스타그램 : @bbo9_me\n틱톡 : @bbo9_me\n\n#뽀구미 #화참기 #랩",
        "thumbnail": "https://i.ytimg.com/vi/w_Kp8p2R2c8/mqdefault.jpg",
        "youtubeVideoId": "w_Kp8p2R2c8",
        "uploadedDate": "2021-12-09T10:11:10Z",
        "viewCount": 42679,
        "isCommercial": "False"
    },
    {
        "id": "794a2767-95e8-4f85-b315-e79c4211b856",
        "title": "후원 6백만원 터져서 리액션으로 스카이다이빙 했습니다...",
        "description": "공포영화? 공포게임? 진짜 쨉도 안됩니다; \n\n♥생방송은 트위치에서♥\n♥방송시간 및 중요 공지는 트게더에! (아래링크 참조)♥\n(https://tgd.kr/s/geguleee?category=60540644)\n\n트위치 : https://www.twitch.tv/geguleee\n디스코드: https://discord.gg/qKajHXA\n인스타그램 : @bbo9_me\n틱톡 : @bbo9_me\n\n#뽀구미 #스카이다이빙 #눈물",
        "thumbnail": "https://i.ytimg.com/vi/_WvvbCJxqTs/mqdefault.jpg",
        "youtubeVideoId": "_WvvbCJxqTs",
        "uploadedDate": "2021-10-05T07:39:36Z",
        "viewCount": 2946,
        "isCommercial": "False"
    },
    {
        "id": "0804110c-f943-4b90-aafd-da8a71a48e13",
        "title": "악플달지 말라해따",
        "description": "♥생방송은 트위치에서♥\n♥방송시간 및 중요 공지는 트게더에! (아래링크 참조)♥\n(https://tgd.kr/s/geguleee?category=60540644)\n\n트위치 : https://www.twitch.tv/geguleee \n디스코드: https://discord.gg/qKajHXA \n인스타그램 : @bbo9_me\n틱톡 : @bbo9_me\n광고 문의 : bbogumioffice@gmail.com\n\n#뽀구미 #드릴말씀이있습니다",
        "thumbnail": "https://i.ytimg.com/vi/C7ZTCpTPaoM/mqdefault.jpg",
        "youtubeVideoId": "C7ZTCpTPaoM",
        "uploadedDate": "2022-01-04T06:37:20Z",
        "viewCount": 104477,
        "isCommercial": "False"
    },
    {
        "id": "acbf56e9-256a-416c-960a-f84ee23394a7",
        "title": "죽이고싶은 영상 후원 모음집",
        "description": "♥생방송은 트위치에서♥\n♥방송시간 및 중요 공지는 트게더에! (아래링크 참조)♥\n(https://tgd.kr/s/geguleee?category=60540644)\n\n트위치 생방송 : https://www.twitch.tv/geguleee \n디스코드 : https://discord.gg/qKajHXA \n인스타그램 : @bbo9_me\n틱톡 : @bbo9_me\n광고 문의 : bbogumioffice@gmail.com\n\n#뽀구미 #영도 #도네",
        "thumbnail": "https://i.ytimg.com/vi/dwDmFKMhoFw/mqdefault.jpg",
        "youtubeVideoId": "dwDmFKMhoFw",
        "uploadedDate": "2022-02-17T11:39:36Z",
        "viewCount": 75439,
        "isCommercial": "False"
    },
    {
        "id": "188ebba6-0c68-45f5-a2f4-cd1fec5ecb2f",
        "title": "영상 편집본 보내달라하고 잤더니ㅋㅋㅋㅋㅋㅋㅋㅋ",
        "description": "악덕편집자 잘라야겠다..\n\n♥생방송은 트위치에서♥\n♥방송시간 및 중요 공지는 트게더에! (아래링크 참조)♥\n(https://tgd.kr/s/geguleee?category=60540644)\n\n트위치 : https://www.twitch.tv/geguleee\n디스코드: https://discord.gg/qKajHXA\n인스타그램 : @bbo9_me\n틱톡 : @bbo9_me\n\n#뽀구미 #악덕 #편집자",
        "thumbnail": "https://i.ytimg.com/vi/LPBYnsfixng/mqdefault.jpg",
        "youtubeVideoId": "LPBYnsfixng",
        "uploadedDate": "2021-08-17T09:00:15Z",
        "viewCount": 2628,
        "isCommercial": "False"
    },
    {
        "id": "7fb88fc2-4e0b-44fa-ab35-05f9835eb058",
        "title": "트위치 스트리머 지각 해명 논란",
        "description": "진짜 이렇게 지독하게 지각하는 스트리머 누구임;;\n\n♥생방송은 트위치에서♥\n♥방송시간 및 중요 공지는 트게더에! (아래링크 참조)♥\n(https://tgd.kr/s/geguleee?category=60540644)\n\n트위치 : https://www.twitch.tv/geguleee\n디스코드: https://discord.gg/qKajHXA\n인스타그램 : @bbo9_me\n틱톡 : @bbo9_me\n\n#뽀구미 #지각 #논란",
        "thumbnail": "https://i.ytimg.com/vi/T4ehD-uusBM/mqdefault.jpg",
        "youtubeVideoId": "T4ehD-uusBM",
        "uploadedDate": "2021-08-12T12:50:16Z",
        "viewCount": 1107,
        "isCommercial": "False"
    },
    {
        "id": "60c46232-b1d0-4fce-acc0-6347502ec272",
        "title": "솔직하게 전부 말씀드릴게요",
        "description": "♥생방송은 트위치에서♥\n♥방송시간 및 중요 공지는 트게더에! (아래링크 참조)♥\n(https://tgd.kr/s/geguleee?category=60540644)\n\n트위치 생방송 : https://www.twitch.tv/geguleee \n인스타그램 : @bbo9_me\n틱톡 : @bbo9_me\n광고 문의 : biz@treasurehunter.co.kr\n\n#뽀구미 #유아퇴행 #해명",
        "thumbnail": "https://i.ytimg.com/vi/v81RjJAhEjg/mqdefault.jpg",
        "youtubeVideoId": "v81RjJAhEjg",
        "uploadedDate": "2022-08-14T08:56:15Z",
        "viewCount": 110564,
        "isCommercial": "False"
    },
    {
        "id": "c7f13ab4-2b76-4e5d-853b-908023fc2f12",
        "title": "생방송 뷰봇 테러범 참교육했습니다 ㅋㅋㅋ",
        "description": "♥생방송은 트위치에서♥\n♥방송시간 및 중요 공지는 트게더에! (아래링크 참조)♥\n(https://tgd.kr/s/geguleee?category=60540644)\n\n트위치 : https://www.twitch.tv/geguleee \n디스코드: https://discord.gg/qKajHXA \n인스타그램 : @bbo9_me\n틱톡 : @bbo9_me\n\n#뽀구미 #뷰봇테러",
        "thumbnail": "https://i.ytimg.com/vi/YkvAyqcjIsI/mqdefault.jpg",
        "youtubeVideoId": "YkvAyqcjIsI",
        "uploadedDate": "2021-12-15T10:41:25Z",
        "viewCount": 35649,
        "isCommercial": "False"
    },
    {
        "id": "5482af33-45f8-4873-8545-aa7a1a85cb13",
        "title": "갖다버리고싶은 선물 탐방",
        "description": "♥생방송은 트위치에서♥\n♥방송시간 및 중요 공지는 트게더에! (아래링크 참조)♥\n(https://tgd.kr/s/geguleee?category=60540644)\n\n트위치 : https://www.twitch.tv/geguleee \n디스코드: https://discord.gg/qKajHXA \n인스타그램 : @bbo9_me\n틱톡 : @bbo9_me\n\n#뽀구미 #트게더 #탐방",
        "thumbnail": "https://i.ytimg.com/vi/PSS_aLCI9W4/mqdefault.jpg",
        "youtubeVideoId": "PSS_aLCI9W4",
        "uploadedDate": "2021-12-26T10:28:44Z",
        "viewCount": 44639,
        "isCommercial": "False"
    },
    {
        "id": "82241c1b-9f33-4151-9384-f0b6c350c5d6",
        "title": "고심끝에 가슴 사이즈 공개합니다",
        "description": "♥방송 날짜: 2022. 6. 3.♥\n♥생방송은 트위치에서♥\n♥방송시간 및 중요 공지는 트게더에! (아래링크 참조)♥\n(https://tgd.kr/s/geguleee?category=60540644)\n\n트위치 생방송 : https://www.twitch.tv/geguleee \n인스타그램 : @bbo9_me\n틱톡 : @bbo9_me\n광고 문의 : bbogumioffice@gmail.com\n\n#뽀구미 #절벽소녀단",
        "thumbnail": "https://i.ytimg.com/vi/FpqOUWZIZTI/mqdefault.jpg",
        "youtubeVideoId": "FpqOUWZIZTI",
        "uploadedDate": "2022-06-18T08:16:01Z",
        "viewCount": 75560,
        "isCommercial": "False"
    },
    {
        "id": "e8fb808b-bfe9-4b69-9b77-c2390ee3833e",
        "title": "방송 진행 못하게 역대급으로 괴롭힘 당하기",
        "description": "♥방송 날짜: 2022. 6. 6.♥\n♥생방송은 트위치에서♥\n♥방송시간 및 중요 공지는 트게더에! (아래링크 참조)♥\n(https://tgd.kr/s/geguleee?category=60540644)\n\n트위치 생방송 : https://www.twitch.tv/geguleee \n인스타그램 : @bbo9_me\n틱톡 : @bbo9_me\n광고 문의 : bbogumioffice@gmail.com\n\n#뽀구미 #괴롭힘 #레전드",
        "thumbnail": "https://i.ytimg.com/vi/0Rujr4ky-dw/mqdefault.jpg",
        "youtubeVideoId": "0Rujr4ky-dw",
        "uploadedDate": "2022-06-30T10:08:35Z",
        "viewCount": 63762,
        "isCommercial": "False"
    },
    {
        "id": "1ccf6bc2-fd6a-4e22-a44a-8421200a99a2",
        "title": "포켓몬 빵 띠부띠부씰 모으는게 유행이라고?",
        "description": "♥생방송은 트위치에서♥\n♥방송시간 및 중요 공지는 트게더에! (아래링크 참조)♥\n(https://tgd.kr/s/geguleee?category=60540644)\n\n트위치 생방송 : https://www.twitch.tv/geguleee \n디스코드 : https://discord.gg/qKajHXA \n인스타그램 : @bbo9_me\n틱톡 : @bbo9_me\n광고 문의 : bbogumioffice@gmail.com\n\n#뽀구미 #포켓몬빵 #띠부띠부씰",
        "thumbnail": "https://i.ytimg.com/vi/aBEscXLmnzU/mqdefault.jpg",
        "youtubeVideoId": "aBEscXLmnzU",
        "uploadedDate": "2022-03-09T11:22:17Z",
        "viewCount": 113085,
        "isCommercial": "False"
    },
    {
        "id": "1a5be747-393d-4b45-815f-4a9824bf8d6d",
        "title": "남자친구 구합니다ㅎㅎ",
        "description": "♥생방송은 트위치에서♥\n♥방송시간 및 중요 공지는 트게더에! (아래링크 참조)♥\n(https://tgd.kr/s/geguleee?category=60540644)\n\n트위치 : https://www.twitch.tv/geguleee \n디스코드: https://discord.gg/qKajHXA \n인스타그램 : @bbo9_me\n틱톡 : @bbo9_me\n광고 문의 : bbogumioffice@gmail.com\n\n#뽀구미 #남자친구",
        "thumbnail": "https://i.ytimg.com/vi/0sChDh2_lBo/mqdefault.jpg",
        "youtubeVideoId": "0sChDh2_lBo",
        "uploadedDate": "2022-01-15T11:33:46Z",
        "viewCount": 119552,
        "isCommercial": "False"
    },
    {
        "id": "5bf6193c-c7c2-450f-8026-343cd6b778fa",
        "title": "친한 유튜버들한테 생일에 전화돌려보기 ㅋㅋㅋ",
        "description": "♥생방송은 트위치에서♥\n♥방송시간 및 중요 공지는 트게더에! (아래링크 참조)♥\n(https://tgd.kr/s/geguleee?category=60540644)\n\n트위치 생방송 : https://www.twitch.tv/geguleee \n디스코드 : https://discord.gg/qKajHXA \n인스타그램 : @bbo9_me\n틱톡 : @bbo9_me\n광고 문의 : bbogumioffice@gmail.com\n\n#뽀구미 #전화",
        "thumbnail": "https://i.ytimg.com/vi/GigFWQLkPfo/mqdefault.jpg",
        "youtubeVideoId": "GigFWQLkPfo",
        "uploadedDate": "2022-02-07T13:38:53Z",
        "viewCount": 91960,
        "isCommercial": "False"
    },
    {
        "id": "6e294c07-854c-4dc3-b360-6c2d9eb01153",
        "title": "누가 내 자리에 밀가루 반죽 뒀냐....",
        "description": "안녕하세요 슈앤트리 입니다:)\n\n쫀득쫀득 귀여움 덩어리\n페키니즈 짱아 입니다!\n\n하얀 털에 빨간 핀이 \n정말 잘 어울려요 :)\n\n누워 있는 모습이 마치 \n밀가루 반죽 같습니다 ㅋㅋㅋㅋ\n\n감사합니다 :)",
        "thumbnail": "https://i.ytimg.com/vi/bf6DKpXhpsw/mqdefault.jpg",
        "youtubeVideoId": "bf6DKpXhpsw",
        "uploadedDate": "2021-09-17T21:38:45Z",
        "viewCount": 29145,
        "isCommercial": "False"
    },
    {
        "id": "be249d7e-79a1-46ee-9c9c-acaad3c751ac",
        "title": "저 얘기할때 말 끊지 마세요",
        "description": "♥생방송은 트위치에서♥\n♥방송시간 및 중요 공지는 트게더에! (아래링크 참조)♥\n(https://tgd.kr/s/geguleee?category=60540644)\n\n트위치 : https://www.twitch.tv/geguleee \n디스코드: https://discord.gg/qKajHXA \n인스타그램 : @bbo9_me\n틱톡 : @bbo9_me\n\n#뽀구미 #어쩌라고",
        "thumbnail": "https://i.ytimg.com/vi/tXeJbtbKMSc/mqdefault.jpg",
        "youtubeVideoId": "tXeJbtbKMSc",
        "uploadedDate": "2021-12-25T10:33:32Z",
        "viewCount": 78214,
        "isCommercial": "False"
    },
    {
        "id": "bb6b44c5-4eab-4620-b074-7c3691884ae2",
        "title": "이 정도면 섹시하잖아",
        "description": "♥방송 날짜: 2022.03.25♥\n♥생방송은 트위치에서♥\n♥방송시간 및 중요 공지는 트게더에! (아래링크 참조)♥\n(https://tgd.kr/s/geguleee?category=60540644)\n\n저작권 정보표시: Bouble Gum,오정석,공유마당,CC BY\n\n트위치 생방송 : https://www.twitch.tv/geguleee \n디스코드 : https://discord.gg/qKajHXA \n인스타그램 : @bbo9_me\n틱톡 : @bbo9_me\n광고 문의 : bbogumioffice@gmail.com\n\n#뽀구미 #배뽈롱",
        "thumbnail": "https://i.ytimg.com/vi/M-Cvzh9SP3E/mqdefault.jpg",
        "youtubeVideoId": "M-Cvzh9SP3E",
        "uploadedDate": "2022-04-03T08:45:43Z",
        "viewCount": 128692,
        "isCommercial": "False"
    },
    {
        "id": "fc7f0f3b-bd1e-484d-a1c2-6d60a2ebfb4e",
        "title": "여캠 카메라 있으면 여캠이잖아!!",
        "description": "♥생방송은 트위치에서♥\n♥방송시간 및 중요 공지는 트게더에! (아래링크 참조)♥\n(https://tgd.kr/s/geguleee?category=60540644)\n\n트위치 생방송 : https://www.twitch.tv/geguleee \n디스코드 : https://discord.gg/qKajHXA \n인스타그램 : @bbo9_me\n틱톡 : @bbo9_me\n광고 문의 : bbogumioffice@gmail.com\n\n#뽀구미 #DSLR #웹캠",
        "thumbnail": "https://i.ytimg.com/vi/5ZED9JQPq18/mqdefault.jpg",
        "youtubeVideoId": "5ZED9JQPq18",
        "uploadedDate": "2022-02-18T13:12:46Z",
        "viewCount": 98031,
        "isCommercial": "False"
    },
    {
        "id": "6b83da05-2976-44be-9948-d7ccf2f4be71",
        "title": "코로나 확진 결국에 걸려따 으ㅏ으ㅏ야ㅏ어ㅑㅐ야아앙아ㅓㅏ아야ㅐ야아아악",
        "description": "♥방송 날짜: 2022. 5. 20.♥\n♥생방송은 트위치에서♥\n♥방송시간 및 중요 공지는 트게더에! (아래링크 참조)♥\n(https://tgd.kr/s/geguleee?category=60540644)\n\n트위치 생방송 : https://www.twitch.tv/geguleee \n인스타그램 : @bbo9_me\n틱톡 : @bbo9_me\n광고 문의 : bbogumioffice@gmail.com\n\n#뽀구미 #코로나",
        "thumbnail": "https://i.ytimg.com/vi/V9v_8d3FN-M/mqdefault.jpg",
        "youtubeVideoId": "V9v_8d3FN-M",
        "uploadedDate": "2022-06-01T07:23:52Z",
        "viewCount": 120157,
        "isCommercial": "False"
    },
    {
        "id": "0dc92c28-9b1c-4a30-b99d-c5888be0cb19",
        "title": "너네드리 보기시르면 안보면 대자나!",
        "description": "♥생방송은 트위치에서♥\n♥방송시간 및 중요 공지는 트게더에! (아래링크 참조)♥\n(https://tgd.kr/s/geguleee?category=60540644)\n\n트위치 : https://www.twitch.tv/geguleee \n디스코드: https://discord.gg/qKajHXA \n인스타그램 : @bbo9_me\n틱톡 : @bbo9_me\n광고 문의 : bbogumioffice@gmail.com\n\n#뽀구미",
        "thumbnail": "https://i.ytimg.com/vi/5w31XYcY02U/mqdefault.jpg",
        "youtubeVideoId": "5w31XYcY02U",
        "uploadedDate": "2021-12-28T12:42:49Z",
        "viewCount": 49128,
        "isCommercial": "False"
    },
    {
        "id": "5826ceac-7575-4f30-ab9c-c5235f073e9b",
        "title": "어쩔티비",
        "description": "빠징어 : https://rebrand.ly/d4znfpb\n\n뽀구미X빠징어 10% 특별할인코드\n할인코드 : BBOGUMI (대문자 필수, 회원 한정)\n사용기한 : ~1/18 밤 11시까지만\n\n♥생방송은 트위치에서♥\n♥방송시간 및 중요 공지는 트게더에! (아래링크 참조)♥\n(https://tgd.kr/s/geguleee?category=60540644)\n\n트위치 : https://www.twitch.tv/geguleee \n디스코드: https://discord.gg/qKajHXA \n인스타그램 : @bbo9_me\n틱톡 : @bbo9_me\n광고 문의 : bbogumioffice@gmail.com\n\n#뽀구미 #빠징어",
        "thumbnail": "https://i.ytimg.com/vi/cEIv8PVbbeE/mqdefault.jpg",
        "youtubeVideoId": "cEIv8PVbbeE",
        "uploadedDate": "2022-01-16T10:59:35Z",
        "viewCount": 382900,
        "isCommercial": "True"
    },
    {
        "id": "7885bbf7-a9c4-4915-9ca2-a5e77602ea30",
        "title": "뽀발진 매드무비",
        "description": "♥생방송은 트위치에서♥\n♥방송시간 및 중요 공지는 트게더에! (아래링크 참조)♥\n(https://tgd.kr/s/geguleee?category=60540644)\n\n트위치 생방송 : https://www.twitch.tv/geguleee \n디스코드 : https://discord.gg/qKajHXA \n인스타그램 : @bbo9_me\n틱톡 : @bbo9_me\n광고 문의 : bbogumioffice@gmail.com\n\n#뽀구미 #급발진 #극대노",
        "thumbnail": "https://i.ytimg.com/vi/paoVwch0dHU/mqdefault.jpg",
        "youtubeVideoId": "paoVwch0dHU",
        "uploadedDate": "2022-02-13T10:26:29Z",
        "viewCount": 92729,
        "isCommercial": "False"
    },
    {
        "id": "d3802e0b-5866-44c5-98e0-fede7aae91b2",
        "title": "유아퇴행 싫다길래 컨셉 바꿨어요",
        "description": "♥방송 날짜: 2022. 7. 23.♥\n♥생방송은 트위치에서♥\n♥방송시간 및 중요 공지는 트게더에! (아래링크 참조)♥\n(https://tgd.kr/s/geguleee?category=60540644)\n\n트위치 생방송 : https://www.twitch.tv/geguleee \n인스타그램 : @bbo9_me\n틱톡 : @bbo9_me\n광고 문의 : biz@treasurehunter.co.kr\n\n#뽀구미 #유아퇴행 #컨셉",
        "thumbnail": "https://i.ytimg.com/vi/fY1v0_9EF-0/mqdefault.jpg",
        "youtubeVideoId": "fY1v0_9EF-0",
        "uploadedDate": "2022-08-15T10:02:45Z",
        "viewCount": 141685,
        "isCommercial": "False"
    },
    {
        "id": "4b814ad9-f12b-4b1f-a322-5764c2c679a9",
        "title": "실버버튼 언박싱",
        "description": "♥생방송은 트위치에서♥\n♥방송시간 및 중요 공지는 트게더에! (아래링크 참조)♥\n(https://tgd.kr/s/geguleee?category=60540644)\n\n트위치 : https://www.twitch.tv/geguleee \n디스코드: https://discord.gg/qKajHXA \n인스타그램 : @bbo9_me\n틱톡 : @bbo9_me\n광고 문의 : bbogumioffice@gmail.com\n\n#뽀구미 #실버버튼 #유튜브크리에이터어워즈",
        "thumbnail": "https://i.ytimg.com/vi/e13MCmR4Qxo/mqdefault.jpg",
        "youtubeVideoId": "e13MCmR4Qxo",
        "uploadedDate": "2022-02-02T09:32:19Z",
        "viewCount": 84967,
        "isCommercial": "False"
    },
    {
        "id": "c94163de-4f03-416e-9b79-43352ddaf24a",
        "title": "식충이개백수 생활패턴이 되어가는 과정",
        "description": "♥생방송은 트위치에서♥\n♥방송시간 및 중요 공지는 트게더에! (아래링크 참조)♥\n(https://tgd.kr/s/geguleee?category=60540644)\n\n트위치 생방송 : https://www.twitch.tv/geguleee \n디스코드 : https://discord.gg/qKajHXA \n인스타그램 : @bbo9_me\n틱톡 : @bbo9_me\n광고 문의 : bbogumioffice@gmail.com\n\n#뽀구미 #식충이개백수",
        "thumbnail": "https://i.ytimg.com/vi/pF2Q7NT_nw4/mqdefault.jpg",
        "youtubeVideoId": "pF2Q7NT_nw4",
        "uploadedDate": "2022-03-11T09:51:29Z",
        "viewCount": 68270,
        "isCommercial": "False"
    },
    {
        "id": "3a98841f-165f-488f-b944-069cdc3f6221",
        "title": "하얀제육에 대한 기준이 왜이렇게 엄격한데!!!!!",
        "description": "♥생방송은 트위치에서♥\n♥방송시간 및 중요 공지는 트게더에! (아래링크 참조)♥\n(https://tgd.kr/s/geguleee?category=60540644)\n\n트위치 생방송 : https://www.twitch.tv/geguleee \n디스코드 : https://discord.gg/qKajHXA \n인스타그램 : @bbo9_me\n틱톡 : @bbo9_me\n광고 문의 : bbogumioffice@gmail.com\n\n#뽀구미 #돼지불백 #하얀제육",
        "thumbnail": "https://i.ytimg.com/vi/fZm8VHM453w/mqdefault.jpg",
        "youtubeVideoId": "fZm8VHM453w",
        "uploadedDate": "2022-03-12T08:08:15Z",
        "viewCount": 135510,
        "isCommercial": "False"
    },
    {
        "id": "5d08448c-7d6b-4c07-9782-5ebc5873eb7d",
        "title": "나가튼 착한 스트리머한테 왜그래 지짜!!!!!!!!!!!!!!!!!!!!!!!!!!!!!!!!!!!!!!!!",
        "description": "♥생방송은 트위치에서♥\n♥방송시간 및 중요 공지는 트게더에! (아래링크 참조)♥\n(https://tgd.kr/s/geguleee?category=60540644)\n\n트위치 : https://www.twitch.tv/geguleee\n디스코드: https://discord.gg/qKajHXA\n인스타그램 : @bbo9_me\n틱톡 : @bbo9_me\n\n#뽀구미 #채팅창",
        "thumbnail": "https://i.ytimg.com/vi/wufR4rr5yE8/mqdefault.jpg",
        "youtubeVideoId": "wufR4rr5yE8",
        "uploadedDate": "2021-12-05T09:56:56Z",
        "viewCount": 26656,
        "isCommercial": "False"
    },
    {
        "id": "11cb9e02-a33e-4c55-8ddd-61c4fa1538fd",
        "title": "햄버거세트 5초컷",
        "description": "♥방송 날짜: 2022. 04.10 ♥\n♥생방송은 트위치에서♥\n♥방송시간 및 중요 공지는 트게더에! (아래링크 참조)♥\n(https://tgd.kr/s/geguleee?category=60540644)\n\n트위치 생방송 : https://www.twitch.tv/geguleee \n인스타그램 : @bbo9_me\n틱톡 : @bbo9_me\n광고 문의 : bbogumioffice@gmail.com\n\n#뽀구미 #콜라 #대참사",
        "thumbnail": "https://i.ytimg.com/vi/crXduAkdMVE/mqdefault.jpg",
        "youtubeVideoId": "crXduAkdMVE",
        "uploadedDate": "2022-05-08T09:12:00Z",
        "viewCount": 116099,
        "isCommercial": "False"
    },
    {
        "id": "4af89dda-fb00-4628-9b23-592b92d26170",
        "title": "잼민이 시절 전남친 썰 푼다.",
        "description": "♥생방송은 트위치에서♥\n♥방송시간 및 중요 공지는 트게더에! (아래링크 참조)♥\n(https://tgd.kr/s/geguleee?category=60540644)\n\n트위치 생방송 : https://www.twitch.tv/geguleee \n디스코드 : https://discord.gg/qKajHXA \n인스타그램 : @bbo9_me\n틱톡 : @bbo9_me\n광고 문의 : bbogumioffice@gmail.com\n\n#뽀구미 #전남친",
        "thumbnail": "https://i.ytimg.com/vi/MVIAbEoDbHg/mqdefault.jpg",
        "youtubeVideoId": "MVIAbEoDbHg",
        "uploadedDate": "2022-03-04T09:32:27Z",
        "viewCount": 88876,
        "isCommercial": "False"
    },
    {
        "id": "b2562f5a-eeab-40fd-98d1-1dc158cc0449",
        "title": "여자들의 다이어트 ㅎㅎ",
        "description": "♥생방송은 트위치에서♥\n♥방송시간 및 중요 공지는 트게더에! (아래링크 참조)♥\n(https://tgd.kr/s/geguleee?category=60540644)\n\n트위치 : https://www.twitch.tv/geguleee\n디스코드: https://discord.gg/qKajHXA\n인스타그램 : @bbo9_me\n틱톡 : @bbo9_me\n\n#뽀구미 #다이어트 #실패 #폭망",
        "thumbnail": "https://i.ytimg.com/vi/w-IgIXa0D7k/mqdefault.jpg",
        "youtubeVideoId": "w-IgIXa0D7k",
        "uploadedDate": "2021-11-24T10:07:10Z",
        "viewCount": 3088,
        "isCommercial": "False"
    },
    {
        "id": "52accf18-803a-414e-923e-47e4aad88210",
        "title": "내가 중앙대를 입학할 수 있었던 이유",
        "description": "♥방송 날짜: 2022. 9. 4.♥\n♥생방송은 트위치에서♥\n♥방송시간 및 중요 공지는 트게더에! (아래링크 참조)♥\n(https://tgd.kr/s/geguleee?category=60540644)\n\n트위치 생방송 : https://www.twitch.tv/geguleee \n인스타그램 : @bbo9_me\n틱톡 : @bbo9_me\n광고 문의 : biz@treasurehunter.co.kr\n\n#뽀구미 #중앙대 #입시",
        "thumbnail": "https://i.ytimg.com/vi/2O4zMiEm4X0/mqdefault.jpg",
        "youtubeVideoId": "2O4zMiEm4X0",
        "uploadedDate": "2022-10-04T08:56:17Z",
        "viewCount": 63283,
        "isCommercial": "False"
    },
    {
        "id": "84e2dd57-6536-4c33-a8e0-270aaad95320",
        "title": "지식인에 왜 이딴 질문을 하니?",
        "description": "♥생방송은 트위치에서♥\n♥방송시간 및 중요 공지는 트게더에! (아래링크 참조)♥\n(https://tgd.kr/s/geguleee?category=60540644)\n\n트위치 생방송 : https://www.twitch.tv/geguleee \n디스코드 : https://discord.gg/qKajHXA \n인스타그램 : @bbo9_me\n틱톡 : @bbo9_me\n광고 문의 : bbogumioffice@gmail.com\n\n#뽀구미 #지식인 #QNA",
        "thumbnail": "https://i.ytimg.com/vi/jAFAGdovYig/mqdefault.jpg",
        "youtubeVideoId": "jAFAGdovYig",
        "uploadedDate": "2022-02-25T08:37:24Z",
        "viewCount": 87338,
        "isCommercial": "False"
    },
    {
        "id": "765aec6d-6400-4a94-816b-974906973c3c",
        "title": "남사친들한테 C컵 몸매 자랑해봤는데ㅋㅋㅋ",
        "description": "♥방송 날짜: 2022. 6. 4.♥\n♥생방송은 트위치에서♥\n♥방송시간 및 중요 공지는 트게더에! (아래링크 참조)♥\n(https://tgd.kr/s/geguleee?category=60540644)\n\n트위치 생방송 : https://www.twitch.tv/geguleee \n인스타그램 : @bbo9_me\n틱톡 : @bbo9_me\n광고 문의 : bbogumioffice@gmail.com\n\n#뽀구미 #C컵 #남사친",
        "thumbnail": "https://i.ytimg.com/vi/FHJxoXC_RHE/mqdefault.jpg",
        "youtubeVideoId": "FHJxoXC_RHE",
        "uploadedDate": "2022-06-19T08:25:07Z",
        "viewCount": 95778,
        "isCommercial": "False"
    },
    {
        "id": "78d9ee3d-031f-492d-b36d-341f0d58ce27",
        "title": "나한테 반말하지 말라해따!!!!!",
        "description": "♥방송 날짜: 2022.03.18♥\n♥생방송은 트위치에서♥\n♥방송시간 및 중요 공지는 트게더에! (아래링크 참조)♥\n(https://tgd.kr/s/geguleee?category=60540644)\n\n트위치 생방송 : https://www.twitch.tv/geguleee \n디스코드 : https://discord.gg/qKajHXA \n인스타그램 : @bbo9_me\n틱톡 : @bbo9_me\n광고 문의 : bbogumioffice@gmail.com\n\n#뽀구미 #반말",
        "thumbnail": "https://i.ytimg.com/vi/ZMNwAOpCVhw/mqdefault.jpg",
        "youtubeVideoId": "ZMNwAOpCVhw",
        "uploadedDate": "2022-03-27T08:06:39Z",
        "viewCount": 89210,
        "isCommercial": "False"
    },
    {
        "id": "00ace36e-326b-4464-90b5-77ed6842ad16",
        "title": "제 목주름 그만 언급해주세요 제발",
        "description": "놀리지마! 이씨\n\n♥생방송은 트위치에서♥\n♥방송시간 및 중요 공지는 트게더에! (아래링크 참조)♥\n(https://tgd.kr/s/geguleee?category=60540644)\n\n트위치 : https://www.twitch.tv/geguleee\n디스코드: https://discord.gg/qKajHXA\n인스타그램 : @bbo9_me\n틱톡 : @bbo9_me\n\n#뽀구미 #목주름 #농락",
        "thumbnail": "https://i.ytimg.com/vi/lpCn1UXWcCk/mqdefault.jpg",
        "youtubeVideoId": "lpCn1UXWcCk",
        "uploadedDate": "2021-06-30T07:40:39Z",
        "viewCount": 3173,
        "isCommercial": "False"
    },
    {
        "id": "0f3a8808-6d35-4617-bbe4-b26b4459c648",
        "title": "트위치 여캠 450만원 먹튀 논란",
        "description": "게임 재밌게 보라고 한 말이니까 자꾸 귀신같이 달려들면 앙댕!\n-\n안녕하세요! 트위치 스트리머 뽀구미 입니당!\n구독과 좋아요 많이 부탁드립니다.\n-\ninstargram: https://www.instagram.com/bbo9_me/?hl...​\ntwitch: https://www.twitch.tv/geguleee​​\n\n#뽀구미​​ #먹튀 #논란",
        "thumbnail": "https://i.ytimg.com/vi/xllQxWk5JyY/mqdefault.jpg",
        "youtubeVideoId": "xllQxWk5JyY",
        "uploadedDate": "2021-02-27T09:57:13Z",
        "viewCount": 18137,
        "isCommercial": "False"
    },
    {
        "id": "4b7944de-b794-40d3-9b9d-850675671016",
        "title": "야 저기 니 여친 지나간다",
        "description": "♥방송 날짜: 2022. 03. 25.♥\n♥생방송은 트위치에서♥\n♥방송시간 및 중요 공지는 트게더에! (아래링크 참조)♥\n(https://tgd.kr/s/geguleee?category=60540644)\n\n트위치 생방송 : https://www.twitch.tv/geguleee \n디스코드 : https://discord.gg/qKajHXA \n인스타그램 : @bbo9_me\n틱톡 : @bbo9_me\n광고 문의 : bbogumioffice@gmail.com\n\n#뽀구미 #니여친지나간다",
        "thumbnail": "https://i.ytimg.com/vi/32SeP7cwC-M/mqdefault.jpg",
        "youtubeVideoId": "32SeP7cwC-M",
        "uploadedDate": "2022-04-08T08:46:04Z",
        "viewCount": 100734,
        "isCommercial": "False"
    },
    {
        "id": "c9b16276-d770-4ea2-a8ef-5b7e7d2d3c30",
        "title": "감정의 롤러코스터",
        "description": "이중인격 아닙니다. 분노조절 잘 합니다.\n\n♥생방송은 트위치에서♥\n♥방송시간 및 중요 공지는 트게더에! (아래링크 참조)♥\n(https://tgd.kr/s/geguleee?category=60540644)\n\n트위치 : https://www.twitch.tv/geguleee\n디스코드: https://discord.gg/qKajHXA\n인스타그램 : @bbo9_me\n틱톡 : @bbo9_me\n\n#분노조절 #이중인격",
        "thumbnail": "https://i.ytimg.com/vi/DyFGRi8uDeY/mqdefault.jpg",
        "youtubeVideoId": "DyFGRi8uDeY",
        "uploadedDate": "2021-07-13T09:19:43Z",
        "viewCount": 2075,
        "isCommercial": "False"
    },
    {
        "id": "76959ed2-3d3b-4de5-bf8c-3cb891d40a7a",
        "title": "뽀구미 과거 여캠시절 공개합니다",
        "description": "♥방송 날짜: 2022. 10. 6.♥\n♥생방송은 트위치에서♥\n♥방송시간 및 중요 공지는 트게더에! (아래링크 참조)♥\n(https://tgd.kr/s/geguleee?category=60540644)\n\n트위치 생방송 : https://www.twitch.tv/geguleee \n인스타그램 : @bbo9_me\n틱톡 : @bbo9_me\n광고 문의 : biz@treasurehunter.co.kr\n\n#뽀구미 #흑역사 #여캠시절",
        "thumbnail": "https://i.ytimg.com/vi/mkQBCXm_ZFw/mqdefault.jpg",
        "youtubeVideoId": "mkQBCXm_ZFw",
        "uploadedDate": "2022-10-23T10:41:13Z",
        "viewCount": 83220,
        "isCommercial": "False"
    },
    {
        "id": "2f72179c-1a3e-4570-a50f-584d03ec9652",
        "title": "이게 악플이야 선플이야!!!!!",
        "description": "♥생방송은 트위치에서♥\n♥방송시간 및 중요 공지는 트게더에! (아래링크 참조)♥\n(https://tgd.kr/s/geguleee?category=60540644)\n\n트위치 : https://www.twitch.tv/geguleee \n디스코드: https://discord.gg/qKajHXA \n인스타그램 : @bbo9_me\n틱톡 : @bbo9_me\n광고 문의 : bbogumioffice@gmail.com\n\n#뽀구미 #선플",
        "thumbnail": "https://i.ytimg.com/vi/GbZX1nmX3w4/mqdefault.jpg",
        "youtubeVideoId": "GbZX1nmX3w4",
        "uploadedDate": "2022-01-12T12:28:37Z",
        "viewCount": 47863,
        "isCommercial": "False"
    },
    {
        "id": "04aaf515-6b99-4364-bad0-f304467cca79",
        "title": "저 아픈 사람 아닙니다",
        "description": "♥생방송은 트위치에서♥\n♥방송시간 및 중요 공지는 트게더에! (아래링크 참조)♥\n(https://tgd.kr/s/geguleee?category=60540644)\n\n트위치 : https://www.twitch.tv/geguleee \n디스코드: https://discord.gg/qKajHXA \n인스타그램 : @bbo9_me\n틱톡 : @bbo9_me\n광고 문의 : bbogumioffice@gmail.com\n\n#뽀구미 #연기 #모음",
        "thumbnail": "https://i.ytimg.com/vi/776Zh4mm8uo/mqdefault.jpg",
        "youtubeVideoId": "776Zh4mm8uo",
        "uploadedDate": "2022-01-23T11:34:56Z",
        "viewCount": 58170,
        "isCommercial": "False"
    },
    {
        "id": "ce84160c-2281-4f48-9623-c9780161828d",
        "title": "구독자들 열 받으라고 만든 영상",
        "description": "♥생방송은 트위치에서♥\n♥방송시간 및 중요 공지는 트게더에! (아래링크 참조)♥\n(https://tgd.kr/s/geguleee?category=60540644)\n\n트위치 생방송 : https://www.twitch.tv/geguleee \n디스코드 : https://discord.gg/qKajHXA \n인스타그램 : @bbo9_me\n틱톡 : @bbo9_me\n광고 문의 : bbogumioffice@gmail.com\n\n#뽀구미 #모음집",
        "thumbnail": "https://i.ytimg.com/vi/nkmJNhjQUMU/mqdefault.jpg",
        "youtubeVideoId": "nkmJNhjQUMU",
        "uploadedDate": "2022-03-13T05:42:43Z",
        "viewCount": 108038,
        "isCommercial": "False"
    },
    {
        "id": "1589a1dd-ade1-4db9-8ec1-9d31856b1417",
        "title": "해명하겠습니다 저 화 많은 사람 아닙니다",
        "description": "♥생방송은 트위치에서♥\n♥방송시간 및 중요 공지는 트게더에! (아래링크 참조)♥\n(https://tgd.kr/s/geguleee?category=60540644)\n\n트위치 : https://www.twitch.tv/geguleee\n디스코드: https://discord.gg/qKajHXA\n인스타그램 : @bbo9_me\n틱톡 : @bbo9_me\n\n#뽀구미",
        "thumbnail": "https://i.ytimg.com/vi/J5-ddU9USA8/mqdefault.jpg",
        "youtubeVideoId": "J5-ddU9USA8",
        "uploadedDate": "2021-11-30T14:20:27Z",
        "viewCount": 40294,
        "isCommercial": "False"
    },
    {
        "id": "8201d5c5-cf17-45f4-86f6-4682b76ec3e2",
        "title": "망한 컨텐츠 모음집 레전드 ㅋㅋㅋㅋ",
        "description": "♥생방송은 트위치에서♥\n♥방송시간 및 중요 공지는 트게더에! (아래링크 참조)♥\n(https://tgd.kr/s/geguleee?category=60540644)\n\n트위치 생방송 : https://www.twitch.tv/geguleee \n디스코드 : https://discord.gg/qKajHXA \n인스타그램 : @bbo9_me\n틱톡 : @bbo9_me\n광고 문의 : bbogumioffice@gmail.com\n\n#뽀구미 #멸망 #모음집",
        "thumbnail": "https://i.ytimg.com/vi/8Sy-c34xODQ/mqdefault.jpg",
        "youtubeVideoId": "8Sy-c34xODQ",
        "uploadedDate": "2022-03-21T08:19:07Z",
        "viewCount": 80715,
        "isCommercial": "False"
    },
    {
        "id": "bd8a09c9-490e-4f47-84cb-bfac8a1b34bb",
        "title": "왜 자꾸 나한테 싸이코패스라고 해!!!! 다 장난이잖아 다 장난이잖아 다 장난이잖아!!! 나 좀 내비둬라!!!!",
        "description": "♥방송 날짜: 2022. 03. 12.♥\n♥생방송은 트위치에서♥\n♥방송시간 및 중요 공지는 트게더에! (아래링크 참조)♥\n(https://tgd.kr/s/geguleee?category=60540644)\n\n트위치 생방송 : https://www.twitch.tv/geguleee \n디스코드 : https://discord.gg/qKajHXA \n인스타그램 : @bbo9_me\n틱톡 : @bbo9_me\n광고 문의 : bbogumioffice@gmail.com\n\n#뽀구미 #싸이코패스",
        "thumbnail": "https://i.ytimg.com/vi/d36xNAgmMm8/mqdefault.jpg",
        "youtubeVideoId": "d36xNAgmMm8",
        "uploadedDate": "2022-04-30T10:03:50Z",
        "viewCount": 108074,
        "isCommercial": "False"
    }
]