[
    {
        "id": "21d650e8-066f-4f74-b382-37531e4e803e",
        "title": "같이 술먹다가 나온 니 여친 마루코 vs 니 남친 쫀득이 [ 쫀득 술 먹방 ]",
        "description": "트위치 생방 주소 ㄱ\nhttps://www.twitch.tv/pjs9073",
        "thumbnail": "https://i.ytimg.com/vi/uq8hhsY9bfQ/mqdefault.jpg",
        "youtubeVideoId": "uq8hhsY9bfQ",
        "uploadedDate": "2019-06-02T04:25:50Z",
        "viewCount": 0,
        "isCommercial": "False"
    },
    {
        "id": "f6067390-8698-46fc-80de-221bfc4219f8",
        "title": "와나나 사부님.. 보고 계시죠..? 제가.. 해냈습니다..  w.마루코 [ 쫀득 마루코 괴식 ]",
        "description": "트위치 생방 주소 ㄱ\nhttps://www.twitch.tv/pjs9073",
        "thumbnail": "https://i.ytimg.com/vi/jBAnOZoqct8/mqdefault.jpg",
        "youtubeVideoId": "jBAnOZoqct8",
        "uploadedDate": "2019-06-01T11:01:38Z",
        "viewCount": 0,
        "isCommercial": "False"
    },
    {
        "id": "4115be4e-cc5a-4cc2-acc0-77f7a3836cfd",
        "title": "뿡이, 사향이/방박사,코아를 벚꽃놀이와서 친해지길 바래를 시켰습니다. [ 쫀득 합방 ]",
        "description": "트위치 생방 주소 ㄱ\nhttps://www.twitch.tv/pjs9073",
        "thumbnail": "https://i.ytimg.com/vi/f75W4_GzDkE/mqdefault.jpg",
        "youtubeVideoId": "f75W4_GzDkE",
        "uploadedDate": "2019-04-21T02:00:44Z",
        "viewCount": 0,
        "isCommercial": "False"
    },
    {
        "id": "d62f6e5e-b9be-4f4d-904a-1a9c4a13e8b0",
        "title": "무어..? 수박으로 스테이크를 해먹는다고..? 왜..? [ 쫀득 요리 ]",
        "description": "트위치 생방 주소 ㄱ\nhttps://www.twitch.tv/pjs9073",
        "thumbnail": "https://i.ytimg.com/vi/yZl6n4VAmnI/mqdefault.jpg",
        "youtubeVideoId": "yZl6n4VAmnI",
        "uploadedDate": "2019-03-25T04:12:19Z",
        "viewCount": 0,
        "isCommercial": "False"
    },
    {
        "id": "17364560-74f0-430f-be22-3b3106c29d18",
        "title": "이게..지렁이야 칼국수야...기해님 제발 살려ㅈ.... 웁으으으거 w.신기해 [ 쫀득 합방 ]",
        "description": "트위치 생방 주소 ㄱ\nhttps://www.twitch.tv/pjs9073",
        "thumbnail": "https://i.ytimg.com/vi/1Krh-tU-eCw/mqdefault.jpg",
        "youtubeVideoId": "1Krh-tU-eCw",
        "uploadedDate": "2019-03-24T03:13:34Z",
        "viewCount": 0,
        "isCommercial": "False"
    },
    {
        "id": "a68c9c8e-cfa7-47d7-a1b6-1f59090784ae",
        "title": "화이트데이에 기해님에게 사탕으로 추격전을 했습니다 ^^..;; [ 쫀득 합방 ]",
        "description": "트위치 생방 주소 ㄱ\nhttps://www.twitch.tv/pjs9073",
        "thumbnail": "https://i.ytimg.com/vi/v-_0d7P4KeA/mqdefault.jpg",
        "youtubeVideoId": "v-_0d7P4KeA",
        "uploadedDate": "2019-03-23T03:02:50Z",
        "viewCount": 0,
        "isCommercial": "False"
    },
    {
        "id": "973c57ea-4533-482b-b75e-31b4d6b0ae91",
        "title": "실버 버튼 받았는데 사운드 다 날라가서 편집자가 알아서 녹음해옴ㅋㅋㅋㅋㅋㅋㅋㅋㅋㅋㅋ[ 쫀득 실버버튼 ]",
        "description": "트위치 생방 주소 ㄱ\nhttps://www.twitch.tv/pjs9073",
        "thumbnail": "https://i.ytimg.com/vi/9TOJ9LpsMSI/mqdefault.jpg",
        "youtubeVideoId": "9TOJ9LpsMSI",
        "uploadedDate": "2019-03-11T03:56:29Z",
        "viewCount": 0,
        "isCommercial": "False"
    },
    {
        "id": "93f650c7-01ac-4b77-aeca-52b2cc35d1e4",
        "title": "40도짜리 꼬냑(술) 두시간만에 한통을 다 비웠습니다.. 쫀득 바에 오신걸 환영합니다 [ 쫀득 하이라이트 ]",
        "description": "트위치 생방 주소 ㄱ\nhttps://www.twitch.tv/pjs9073",
        "thumbnail": "https://i.ytimg.com/vi/wo3-PsmofsQ/mqdefault.jpg",
        "youtubeVideoId": "wo3-PsmofsQ",
        "uploadedDate": "2019-03-09T13:52:50Z",
        "viewCount": 0,
        "isCommercial": "False"
    },
    {
        "id": "dbea60e9-e85c-4592-b31b-0459eb6809b9",
        "title": "꽃핀,삐부,신기해 바람의 나라 토끼고기 먹은썰 [ 쫀득 썰풀기 ]",
        "description": "트위치 생방 주소 ㄱ\nhttps://www.twitch.tv/pjs9073",
        "thumbnail": "https://i.ytimg.com/vi/4X3XIET66io/mqdefault.jpg",
        "youtubeVideoId": "4X3XIET66io",
        "uploadedDate": "2019-03-08T19:44:46Z",
        "viewCount": 0,
        "isCommercial": "False"
    },
    {
        "id": "468756b7-45b0-47a4-a4ab-4505964b291d",
        "title": "요즘 유행하는 탕후루 제가 한번 만들어봤는데..요? [ 쫀득 요리 ]",
        "description": "트위치 생방 주소 ㄱ\nhttps://www.twitch.tv/pjs9073",
        "thumbnail": "https://i.ytimg.com/vi/FUpUIsmlBUM/mqdefault.jpg",
        "youtubeVideoId": "FUpUIsmlBUM",
        "uploadedDate": "2019-03-08T04:56:11Z",
        "viewCount": 0,
        "isCommercial": "False"
    },
    {
        "id": "86064bf2-957e-43c4-90b9-ced99bcd30ef",
        "title": "기해님의 무릎을 꿇게했습니다.. 바로 이 것 으 로 .. [ 쫀득 합방 ]",
        "description": "트위치 생방 주소 ㄱ\nhttps://www.twitch.tv/pjs9073",
        "thumbnail": "https://i.ytimg.com/vi/YQ5SurOS9e4/mqdefault.jpg",
        "youtubeVideoId": "YQ5SurOS9e4",
        "uploadedDate": "2019-03-03T03:28:16Z",
        "viewCount": 0,
        "isCommercial": "False"
    },
    {
        "id": "82d1eb93-11d8-4bd7-8d36-27e37a3d74a8",
        "title": "기해님이 나에게 요리배틀을 신청했다 ;; 장부터 보고옴 ^^ ;; [ 쫀득 합방 ]",
        "description": "트위치 생방 주소 ㄱ\nhttps://www.twitch.tv/pjs9073",
        "thumbnail": "https://i.ytimg.com/vi/1YvQTgb1zi8/mqdefault.jpg",
        "youtubeVideoId": "1YvQTgb1zi8",
        "uploadedDate": "2019-03-03T03:22:02Z",
        "viewCount": 0,
        "isCommercial": "False"
    },
    {
        "id": "87decc40-3d38-4506-88e4-b982c7c8aa66",
        "title": "트수의 힘으로 점심,저녁을 해결하려 했는데.. 했는데.... [ 쫀득 트수세끼 ]",
        "description": "트위치 생방 주소 ㄱ\nhttps://www.twitch.tv/pjs9073",
        "thumbnail": "https://i.ytimg.com/vi/NDZkjMUQV6k/mqdefault.jpg",
        "youtubeVideoId": "NDZkjMUQV6k",
        "uploadedDate": "2019-01-09T07:05:33Z",
        "viewCount": 0,
        "isCommercial": "False"
    },
    {
        "id": "10ad1c56-6fbe-4d14-a0e4-1efb6a0ac2a4",
        "title": "기해님에게 목걸이를 선물했습니다..★ [ 쫀득 야방 합방 ]",
        "description": "트위치 생방 주소 ㄱ\nhttps://www.twitch.tv/pjs9073",
        "thumbnail": "https://i.ytimg.com/vi/1MWD3N6QRwQ/mqdefault.jpg",
        "youtubeVideoId": "1MWD3N6QRwQ",
        "uploadedDate": "2019-01-05T18:41:16Z",
        "viewCount": 0,
        "isCommercial": "False"
    },
    {
        "id": "f6fa968a-3d09-488e-abc2-44faa068db1a",
        "title": "기해님이랑 크리스마스 데이트로 아웃백에서 제일 비싼거 시켰습니다.. [ 쫀득 거덜남 ]",
        "description": "트위치 생방 주소 ㄱ\nhttps://www.twitch.tv/pjs9073",
        "thumbnail": "https://i.ytimg.com/vi/M0LS4giv19c/mqdefault.jpg",
        "youtubeVideoId": "M0LS4giv19c",
        "uploadedDate": "2019-01-04T16:06:58Z",
        "viewCount": 0,
        "isCommercial": "False"
    },
    {
        "id": "6ae00240-4b11-480c-a27d-36a3bed2658e",
        "title": "소밍님에 대해서.. 알아 봤는데.. 그만 알아보겠습니다.. [ 쫀득 소밍 합방 ]",
        "description": "트위치 생방 주소 ㄱ\nhttps://www.twitch.tv/pjs9073",
        "thumbnail": "https://i.ytimg.com/vi/mI1i6fd_WeQ/mqdefault.jpg",
        "youtubeVideoId": "mI1i6fd_WeQ",
        "uploadedDate": "2018-12-21T05:01:15Z",
        "viewCount": 0,
        "isCommercial": "False"
    },
    {
        "id": "c8e9ea3e-5f44-4d52-a31c-6e4d957aaa2f",
        "title": "ㅅ..랑합니다..고갱님.. 으아아ㅏㅏㅏ각ㄱ 불만 받는 전화데이트 [ 쫀득 트위치 콜센터 ]",
        "description": "트위치 생방 주소 ㄱ\nhttps://www.twitch.tv/pjs9073",
        "thumbnail": "https://i.ytimg.com/vi/iQT6fbWHFh8/mqdefault.jpg",
        "youtubeVideoId": "iQT6fbWHFh8",
        "uploadedDate": "2018-12-17T04:27:42Z",
        "viewCount": 0,
        "isCommercial": "False"
    },
    {
        "id": "95809c02-7a39-4f37-8bd4-2f87d30912ee",
        "title": "브라질에서 온 호나우지뉴와 합방을 했습니다.. [ 쫀 득 털 합 방 ]",
        "description": "트위치 생방 주소 ㄱ\nhttps://www.twitch.tv/pjs9073",
        "thumbnail": "https://i.ytimg.com/vi/OIbgvw9jG9E/mqdefault.jpg",
        "youtubeVideoId": "OIbgvw9jG9E",
        "uploadedDate": "2018-12-15T02:00:28Z",
        "viewCount": 0,
        "isCommercial": "False"
    },
    {
        "id": "a9f76c6e-1722-4150-94f5-8e08b3da037e",
        "title": "열받아서 접시 30장 벽에다 던졌습니다 ^^.. with.박잔디,마루코 [ 쫀득 야방 ]",
        "description": "트위치 생방 주소 ㄱ\nhttps://www.twitch.tv/pjs9073",
        "thumbnail": "https://i.ytimg.com/vi/pcEP4K0hANw/mqdefault.jpg",
        "youtubeVideoId": "pcEP4K0hANw",
        "uploadedDate": "2018-12-08T03:58:57Z",
        "viewCount": 0,
        "isCommercial": "False"
    },
    {
        "id": "c558a5a9-207d-446e-915a-62ab26067bed",
        "title": "비싼 흰 셔츠 입고 1m 젓가락으로 짬뽕을 먹었다.. [ 쫀득 생활 컨텐츠 ]",
        "description": "트위치 생방 주소 ㄱ\nhttps://www.twitch.tv/pjs9073",
        "thumbnail": "https://i.ytimg.com/vi/RUrNhTY8Bbg/mqdefault.jpg",
        "youtubeVideoId": "RUrNhTY8Bbg",
        "uploadedDate": "2018-11-22T04:32:23Z",
        "viewCount": 0,
        "isCommercial": "False"
    },
    {
        "id": "6453bcab-bfbb-4ce8-aed9-9de420259aa7",
        "title": "밥먹는데 옆집 누나가 몰래 찾아옴 ㅗㅜㅑ ;;; [ 쫀득 몰래온 손님 ]",
        "description": "트위치 생방 주소 ㄱ\nhttps://www.twitch.tv/pjs9073",
        "thumbnail": "https://i.ytimg.com/vi/9dWxBJLIdhE/mqdefault.jpg",
        "youtubeVideoId": "9dWxBJLIdhE",
        "uploadedDate": "2018-10-06T18:02:05Z",
        "viewCount": 0,
        "isCommercial": "False"
    },
    {
        "id": "af98644a-162f-48e4-a2b6-b31c2da06f45",
        "title": "그..녀석들의 생일선물 리뷰 [ 쫀득 생일 선물 ]",
        "description": "트위치 생방 주소 ㄱ\nhttps://www.twitch.tv/pjs9073",
        "thumbnail": "https://i.ytimg.com/vi/_pCM09u4Upg/mqdefault.jpg",
        "youtubeVideoId": "_pCM09u4Upg",
        "uploadedDate": "2018-09-12T18:46:02Z",
        "viewCount": 0,
        "isCommercial": "False"
    },
    {
        "id": "db5831c9-c7c0-4097-950b-cb4fec781ff1",
        "title": "머리 파마하고 신나서 빻야 한 영상",
        "description": "트위치 생방 주소 ㄱ\nhttps://www.twitch.tv/pjs9073",
        "thumbnail": "https://i.ytimg.com/vi/79lKqbNmo6c/mqdefault.jpg",
        "youtubeVideoId": "79lKqbNmo6c",
        "uploadedDate": "2018-09-11T10:03:11Z",
        "viewCount": 0,
        "isCommercial": "False"
    },
    {
        "id": "a5afe1f4-6017-4ccb-a0dd-13593e6c9ee0",
        "title": "물에 흠뻑 젖은 쫀득 ㅗㅜㅑ 퀸톨TV에서 겁나 비싼 가평 팬션에 놀로갔다! [쫀득 일상]",
        "description": "트위치 생방 주소 ㄱ\nhttps://www.twitch.tv/pjs9073",
        "thumbnail": "https://i.ytimg.com/vi/xSemx0P1tXk/mqdefault.jpg",
        "youtubeVideoId": "xSemx0P1tXk",
        "uploadedDate": "2018-09-03T17:33:21Z",
        "viewCount": 0,
        "isCommercial": "False"
    },
    {
        "id": "503ae0ca-844a-42c9-ad50-8b95afb7dada",
        "title": "Private video",
        "description": "This video is private.",
        "thumbnail": null,
        "youtubeVideoId": "dnwaE0NZe-w",
        "uploadedDate": "2018-08-27T13:03:19Z",
        "viewCount": 0,
        "isCommercial": "False"
    },
    {
        "id": "ee47c9f7-67e8-4d19-9991-6e66afacc8b5",
        "title": "공연에서 이수영님의 휠릴리를 불러보았읍니다 ^^.. [ 쫀득 노래도 하네..? ]",
        "description": "트위치 생방 주소 ㄱ\nhttps://www.twitch.tv/pjs9073",
        "thumbnail": "https://i.ytimg.com/vi/PMK4Wk4JZM4/mqdefault.jpg",
        "youtubeVideoId": "PMK4Wk4JZM4",
        "uploadedDate": "2018-08-27T13:03:16Z",
        "viewCount": 0,
        "isCommercial": "False"
    },
    {
        "id": "ccaa881e-d716-418a-9eb7-0450f5a56c3d",
        "title": "꽃핀 VS 쫀득 파란치킨 먹방내기 지면 파란치킨 먹어야함!! 게임 편",
        "description": "트위치 생방 주소 ㄱ\nhttps://www.twitch.tv/pjs9073",
        "thumbnail": "https://i.ytimg.com/vi/PmyFw2WD_30/mqdefault.jpg",
        "youtubeVideoId": "PmyFw2WD_30",
        "uploadedDate": "2017-11-18T00:43:59Z",
        "viewCount": 0,
        "isCommercial": "False"
    },
    {
        "id": "26fa4d13-acc1-4aea-9eb3-b2eabe5b5af2",
        "title": "파란색 치킨을 먹어보았따!! 식욕 억제 먹방 !! 식용색소 치킨먹방!",
        "description": "트위치 생방 주소 ㄱ\nhttps://www.twitch.tv/pjs9073",
        "thumbnail": "https://i.ytimg.com/vi/5f8220qpMsI/mqdefault.jpg",
        "youtubeVideoId": "5f8220qpMsI",
        "uploadedDate": "2017-11-18T00:43:58Z",
        "viewCount": 0,
        "isCommercial": "False"
    },
    {
        "id": "6c212309-e46e-4097-b5fd-dbe98936d0b0",
        "title": "시청자 참가 먹방 리액션 대회 거의 요리왕 비룡 리액션 급 - 미식 사기단 [ 시청자 참여 컨텐츠 ]",
        "description": "트위치 생방 주소 ㄱ\nhttps://www.twitch.tv/pjs9073",
        "thumbnail": "https://i.ytimg.com/vi/oCLAl7pqcBI/mqdefault.jpg",
        "youtubeVideoId": "oCLAl7pqcBI",
        "uploadedDate": "2017-10-26T20:29:34Z",
        "viewCount": 0,
        "isCommercial": "False"
    }
]