[
    {
        "id": "d64e16a3-dede-4314-b221-9744ada132b9",
        "title": "쥬라기 공원에서 일하다 혼자 갇혔다!! 쥬라기 공원에서 살아남기!! [마인크래프트 상황극 쥬라기 공원] Minecraft Jurassic World",
        "description": "트위치 생방 주소 ㄱ\nhttps://www.twitch.tv/pjs9073",
        "thumbnail": "https://i.ytimg.com/vi/Vfp4uReSDj4/mqdefault.jpg",
        "youtubeVideoId": "Vfp4uReSDj4",
        "uploadedDate": "2017-09-24T01:58:54Z",
        "viewCount": 0,
        "isCommercial": "False"
    }
]