[
    {
        "id": "92a1605b-4452-40a1-ad91-9a4f754c6782",
        "title": "애니메이션 캐릭터 성대모사 대회! 이거 킹받게 하기 대회인가요..?ㅋㅋㅋㅋㅋㅋㅋ",
        "description": "애니메이션 캐릭터 성대모사 대회 편집 본입니다!\n\n각종 애니메이션 시청하는 곳 - https://vo.la/KwOFi\n\n문의 및 팬아트 : yyyjhong7@naver.com\n\n덕양소에게 선물하기 \nhttps://fancim.me/celeb/celebDonation.aspx?cu_id=g_evr2nVk1iE2JzVH1VVRIo4OSSJNMBGYv\n\n사용된 bgm\n🎵Music provided by 브금대통령",
        "thumbnail": "https://i.ytimg.com/vi/hhB9Itp_3_Q/mqdefault.jpg",
        "youtubeVideoId": "hhB9Itp_3_Q",
        "uploadedDate": "2022-01-05T07:23:42Z",
        "viewCount": 30152,
        "isCommercial": "False"
    },
    {
        "id": "40360c35-6e62-41fe-b12b-c0d9ad43979d",
        "title": "본격 열받게 하기 대회ㅋㅋㅋㅋ제 2회 애니 캐릭터 성대모사 대회! part1",
        "description": "제 2회 애니메이션 성대모사 대회 파트 1 입니다!\n조만간 파트 2 업로드 될 예정이에욥!\n\n각종 애니메이션 보는 곳 - https://vo.la/4qXjh\n\n문의 및 팬아트 : yyyjhong7@naver.com\n\n덕양소에게 선물하기 - https://vo.la/YppfP\n\n1:01 꼬부기 (포켓몬스터)\n1:27 유기 츠카사 (지박소년 하나코군)\n1:59 나카노 니노 (5등분의 신부)\n2:35 공주희 (꿈빛 파티시엘)\n3:00 타마마 (개구리 중사 케로로)\n3:40 다크니스 (이 멋진 세계에 축복을!)\n4:13 미야미즈 미츠하 (너의 이름은)\n4:23 깨알 타치바나 타키 (너의 이름은)\n4:56 시오타 나기사 (암살교실)\n5:07 후지오카 하루히 (오란고교 사교클럽)\n5:36 우디 (토이스토리)\n5:50 닉 와일드 (주토피아)\n6:16 미스터 빅 (주토피아)\n6:27 힌 (하울의 움직이는 성)\n6:37 우즈마키 나루토 (나루토)\n7:07 켄 (짱구는 못말려 극장판)\n7:19 하인리히 룽게 (몬스터)\n7:46 징징이 (스폰지밥)\n8:01 시로카네 린코 (Bang Dream!)\n8:04 메구밍 (이 멋진 세계에 축복을!)\n8:27 세타 카오루 (Bang Dream!)\n8:38 루피 (원피스)\n8:49 에테몬 (디지몬)\n9:26 샬롯 카타쿠리 (원피스)\n9:39 쿈 (스즈미야 하루히)\n10:01 아스이 츠유 (나의 히어로 아카데미아)\n10:21 아스이 츠유22 (나의 히어로 아카데미아)\n10:43 아스이 츠유33 (나의 히어로 아카데미아)\n\n#덕양소 #성대모사대회 #애니성대모사대회",
        "thumbnail": "https://i.ytimg.com/vi/f7vLoG_Wh1g/mqdefault.jpg",
        "youtubeVideoId": "f7vLoG_Wh1g",
        "uploadedDate": "2022-01-06T12:05:07Z",
        "viewCount": 22379,
        "isCommercial": "False"
    },
    {
        "id": "141b2ac6-2de1-4eaa-bee8-ef6220c437e1",
        "title": "맹구 돌 줍는 성대모사ㅋㅋㅋㅋㅋㅋ제 2회 애니 캐릭터 성대모사 대회 part2",
        "description": "제 2회 애니 캐릭터 성대모사 대회 part2 입니다!\n\n각종 애니메이션 보는 곳 - https://vo.la/9CYpC\n\n문의 및 팬아트 : yyyjhong7@naver.com\n\n덕양소에게 선물하기 - https://vo.la/YppfP\n\n#덕양소성대모사 #성대모사대회 #애니캐릭터성대모사",
        "thumbnail": "https://i.ytimg.com/vi/E_CAyhhvkg0/mqdefault.jpg",
        "youtubeVideoId": "E_CAyhhvkg0",
        "uploadedDate": "2022-01-08T05:59:23Z",
        "viewCount": 44383,
        "isCommercial": "False"
    },
    {
        "id": "7dad40ea-a2c1-4b45-8ce5-566856ff7d52",
        "title": "제 2회 애니 캐릭터 성대모사 수상작 원본 모음 (레전드 성대모사)",
        "description": "제 2회 애니 캐릭터 성대모사 수상자 원본 모음입니다!\n\n각종 애니메이션 보는 곳 - https://vo.la/9CYpC\n\n문의 및 팬아트 : yyyjhong7@naver.com\n\n덕양소에게 선물하기 - https://vo.la/YppfP\n\n#덕양소성대모사대회 #애니캐릭터성대모사 #성대모사대회",
        "thumbnail": "https://i.ytimg.com/vi/YdW23H04utE/mqdefault.jpg",
        "youtubeVideoId": "YdW23H04utE",
        "uploadedDate": "2022-01-08T09:15:33Z",
        "viewCount": 20830,
        "isCommercial": "False"
    },
    {
        "id": "4eb107c2-6e0e-4a73-ae74-e93080b2cf40",
        "title": "도대체 이걸 왜 잘하는거야ㅋㅋㅋㅋㅋ제 3회 애니 캐릭터 성대모사 대회! part 1",
        "description": "제 3회 애니메이션 캐릭터 성대모사 대회 part1 입니다!\n\n각종 애니메이션 보러가는 곳 - https://vo.la/KwOFi\n\n덕양소 인스타그램: https://www.instagram.com/dukyangso/\n\n문의 및 팬아트 : yyyjhong7@naver.com\n\n덕양소에게 선물하기 - https://vo.la/YppfP\n\n편집자: 다희님\n\n#덕양소 #성대모사대회 #애니캐릭터성대모사",
        "thumbnail": "https://i.ytimg.com/vi/5K1GFHjADZA/mqdefault.jpg",
        "youtubeVideoId": "5K1GFHjADZA",
        "uploadedDate": "2022-02-25T09:28:09Z",
        "viewCount": 61059,
        "isCommercial": "False"
    },
    {
        "id": "ecacf6f8-e0fa-4f22-838c-93338c8d712e",
        "title": "역대급 성대모사..아카자 본인 아니세요..? 제 3회 애니캐릭터 성대모사 대회 part 2",
        "description": "제 3회 애니캐릭터 성대모사 대회 part 2\n\n각종 애니메이션 보는 곳 - https://vo.la/KwOFi\n\n덕양소 인스타그램: https://www.instagram.com/dukyangso/\n\n문의 및 팬아트 : yyyjhong7@naver.com\n\n덕양소에게 선물하기 - https://vo.la/YppfP\n\n편집자: 다희님\n\n#덕양소 #성대모사대회 #애니캐릭터성대모사",
        "thumbnail": "https://i.ytimg.com/vi/lhAT9jyhEuA/mqdefault.jpg",
        "youtubeVideoId": "lhAT9jyhEuA",
        "uploadedDate": "2022-02-26T05:10:19Z",
        "viewCount": 62278,
        "isCommercial": "False"
    },
    {
        "id": "137004e9-66d2-46b0-a897-5e8c81e01977",
        "title": "소름돋는 싱크로율...제 3회 애니캐릭터 성대모사 대회 수상작 원본 모음",
        "description": "제 3회 애니캐릭터 성대모사대회 수상작들 모음입니다!\n\n덕양소 인스타그램: https://www.instagram.com/dukyangso/\n\n문의 및 팬아트 : yyyjhong7@naver.com\n\n덕양소에게 선물하기 - https://vo.la/YppfP\n\n편집자: 다희님\n\n#덕양소 #성대모사대회 #애니캐릭터성대모사",
        "thumbnail": "https://i.ytimg.com/vi/fRwIEh_-7_M/mqdefault.jpg",
        "youtubeVideoId": "fRwIEh_-7_M",
        "uploadedDate": "2022-02-26T05:21:14Z",
        "viewCount": 31911,
        "isCommercial": "False"
    },
    {
        "id": "153612c4-4c8f-48e9-82b4-144f173321c6",
        "title": "성대모사 장인들 다 모였다..근데 왜 킹받지..?ㅋㅋㅋㅋㅋ 제4회 애니캐릭터 성대모사 대회 part 1",
        "description": "스파이 패밀리(썸네일 애니) 보러가기! - https://vo.la/iuZhfj\n\n제4회 성대모사 대회 편집본입니다!\n이번에도 레전드 ㅋㅋㅋㅋ!!!\n\n덕양소 인스타그램: https://www.instagram.com/dukyangso/\n\n문의 및 팬아트 : yyyjhong7@naver.com\n\n덕양소에게 선물하기 - https://vo.la/YppfP\n\n편집자: 다희님\n\n#덕양소 #성대모사대회 #성대모사대회",
        "thumbnail": "https://i.ytimg.com/vi/J92Nf5rGiAc/mqdefault.jpg",
        "youtubeVideoId": "J92Nf5rGiAc",
        "uploadedDate": "2022-05-27T10:29:03Z",
        "viewCount": 80930,
        "isCommercial": "False"
    },
    {
        "id": "3a9b8cc6-fa39-40bd-a77f-8ad507dae123",
        "title": "아니 이게 왜 똑같은거야 ㅋㅋㅋㅋㅋㅋ제4회 애니캐릭터 성대모사 대회 part 2",
        "description": "제4회 애니캐릭터 성대모사 대회 part 2 입니다!\n\n귀멸의 칼날 무한열차(썸네일 애니) 보러가기 - https://vo.la/eqZlzk \n\n덕양소 인스타그램: https://www.instagram.com/dukyangso/\n\n문의 및 팬아트 : yyyjhong7@naver.com\n\n덕양소에게 선물하기 - https://vo.la/YppfP\n\n편집자: 다희님\n\n#덕양소 #성대모사대회 #성대모사",
        "thumbnail": "https://i.ytimg.com/vi/XrUp65mKTQk/mqdefault.jpg",
        "youtubeVideoId": "XrUp65mKTQk",
        "uploadedDate": "2022-05-29T03:26:26Z",
        "viewCount": 57419,
        "isCommercial": "False"
    },
    {
        "id": "6b799302-8d6e-4523-8932-a21015ddd030",
        "title": "제4회 애니캐릭터 성대모사 대회 수상자 모음 (미친 싱크로율)",
        "description": "제4회 애니캐릭터 성대모사 대회 수상자 모음입니다!\n\n덕양소 인스타그램: https://www.instagram.com/dukyangso/\n\n문의 및 팬아트 : yyyjhong7@naver.com\n\n덕양소에게 선물하기 - https://vo.la/YppfP\n\n편집자: 다희님\n\n#덕양소 #성대모사대회 #성대모사",
        "thumbnail": "https://i.ytimg.com/vi/R21VZoQtW4U/mqdefault.jpg",
        "youtubeVideoId": "R21VZoQtW4U",
        "uploadedDate": "2022-05-30T09:33:37Z",
        "viewCount": 9376,
        "isCommercial": "False"
    },
    {
        "id": "57dcb4eb-ad67-4ab5-a45d-5d607ae899fe",
        "title": "코스프레 능력자들을 모아봤는데...퀄리티 뭐야ㅋㅋㅌㅋㅋ(애니 캐릭터 코스프레 대회)",
        "description": "제1회 애니 캐릭터 코스프레 대회 편집 영상입니다!\n\n덕양소 인스타그램: https://www.instagram.com/dukyangso/\n\n문의 및 팬아트 : yyyjhong7@naver.com\n\n덕양소에게 선물하기 - https://vo.la/YppfP\n\n편집자: 다희님\n\n사용된 bgm\n🎵Music provided by 브금대통령\n🎵Track : Ready To Nap - https://youtu.be/UZE2a9gTsDk\n\n#덕양소 #코스프레 #애니추천",
        "thumbnail": "https://i.ytimg.com/vi/eNUCwGsBmto/mqdefault.jpg",
        "youtubeVideoId": "eNUCwGsBmto",
        "uploadedDate": "2022-07-04T12:47:27Z",
        "viewCount": 103969,
        "isCommercial": "False"
    },
    {
        "id": "4e60c8d0-9b70-401e-b8f2-f8bbaabab37a",
        "title": "팬아트를 그려달라고 했더니...ㅋㅋㅋㅋㅋㅋㅋㅋ(그림 그리기 대회)",
        "description": "오늘은 그림 그리기 대회 편집본입니다!\n라프텔에서 시청하실 수 있습니다!\n\n덕양소 인스타그램: https://www.instagram.com/dukyangso/\n\n문의 및 팬아트 : yyyjhong7@naver.com\n\n덕양소에게 선물하기 - https://vo.la/YppfP\n\n편집자: 다희님\n\n#덕양소 #애니추천 #팬아트",
        "thumbnail": "https://i.ytimg.com/vi/42K-SLAP3b0/mqdefault.jpg",
        "youtubeVideoId": "42K-SLAP3b0",
        "uploadedDate": "2022-07-04T12:47:37Z",
        "viewCount": 18153,
        "isCommercial": "False"
    },
    {
        "id": "ecfe5505-2334-4e60-90d9-1367cde5b533",
        "title": "덕질 자랑하라 했더니만 이건 광기잖아ㅋㅋㅋㅋㅋ(덕질 자랑 대회)",
        "description": "제 1회 덕질 자랑 대회 편집본입니다!\n\n귀멸의 칼날 명장면 보러가기 - https://vo.la/J9yKDp\n라프텔에서 시청하실 수 있습니다!\n\n덕양소 인스타그램: https://www.instagram.com/dukyangso/\n\n문의 및 팬아트 : yyyjhong7@naver.com\n\n덕양소에게 선물하기 - https://vo.la/YppfP\n\n편집자: 다희님\n\n사용된 bgm\n🎵Music provided by 브금대통령\n🎵Track : Ready To Nap - https://youtu.be/UZE2a9gTsDk\n\n#덕양소 #애니리뷰 #덕질자랑대회",
        "thumbnail": "https://i.ytimg.com/vi/8BvwHmewPH8/mqdefault.jpg",
        "youtubeVideoId": "8BvwHmewPH8",
        "uploadedDate": "2022-07-04T12:47:48Z",
        "viewCount": 45244,
        "isCommercial": "False"
    },
    {
        "id": "3d1b1032-0222-476e-8985-a98286991003",
        "title": "오타쿠 생태조사를 해보았습니다",
        "description": "오늘은 구독자분들 양생이 여러분들의 생태조사를 해보았어요!\n신작 애니 보러가기 - https://vo.la/J951mf\n\n덕양소 인스타그램: https://www.instagram.com/dukyangso/\n\n문의 및 팬아트 : yyyjhong7@naver.com\n\n덕양소에게 선물하기 - https://vo.la/YppfP\n\n편집자: 다희님\n\n사용된 bgm\n🎵Music provided by 브금대통령\n🎵Track : 댕청댕청 - https://youtu.be/5qEI_xTPa-Q \n\n#덕양소 #애니추천 #애니리뷰",
        "thumbnail": "https://i.ytimg.com/vi/FmMo3lCw6RQ/mqdefault.jpg",
        "youtubeVideoId": "FmMo3lCw6RQ",
        "uploadedDate": "2022-08-03T02:07:56Z",
        "viewCount": 17848,
        "isCommercial": "False"
    },
    {
        "id": "927c839e-6aa0-4731-9877-2d9ca6c0b1a1",
        "title": "뭔가 이상한 성대모사 대회..미친거아니냐고ㅋㅋㅋㅋ제5회 애니캐릭터 성대모사 대회 part 1",
        "description": "제5회 성대모사 대회 파트 1 입니다!\n\n덕양소 인스타그램: https://www.instagram.com/dukyangso/\n\n문의 및 팬아트 : yyyjhong7@naver.com\n\n덕양소에게 선물하기 - https://vo.la/YppfP\n\n편집자: 다희님\n\n#덕양소 #성대모사대회 #성대모사",
        "thumbnail": "https://i.ytimg.com/vi/tKl6wnjDaOQ/mqdefault.jpg",
        "youtubeVideoId": "tKl6wnjDaOQ",
        "uploadedDate": "2022-08-25T08:54:30Z",
        "viewCount": 32789,
        "isCommercial": "False"
    },
    {
        "id": "f3773f57-5511-4f98-9bef-3b272484a4a0",
        "title": "점점 미쳐가는 성대모사들ㅋㅋ왜 똑같음?ㅋㅋ제5회 애니캐릭터 성대모사 대회 part 2",
        "description": "성대모사 대회 파트 2 입니다!\n애니메이션 보러가기 - https://vo.la/iycggw\n\n덕양소 인스타그램: https://www.instagram.com/dukyangso/\n\n문의 및 팬아트 : yyyjhong7@naver.com\n\n덕양소에게 선물하기 - https://vo.la/YppfP\n\n편집자: 다희님\n\n#덕양소 #성대모사 #성대모사대회",
        "thumbnail": "https://i.ytimg.com/vi/89cltdZbqi4/mqdefault.jpg",
        "youtubeVideoId": "89cltdZbqi4",
        "uploadedDate": "2022-08-27T04:50:32Z",
        "viewCount": 43551,
        "isCommercial": "False"
    }
]