[
    {
        "id": "3e06e45f-29c0-481f-951d-d62e72593ec4",
        "title": "다이어트 유튜버 언니가 동생 살빠지게 해주기ㅋㅋㅋ with.(사)대한민국댄스스포츠연맹",
        "description": "𝐈𝐧𝐬𝐭𝐚𝐠𝐫𝐚𝐦 • https://www.instagram.com/somz_zi/\n𝐂𝐨𝐧𝐭𝐚𝐜𝐭 • ds02_28@naver.com \n\n----\n*본 영상은 문화체육관광부와 국민체육진흥공단의 후원으로 제작되었습니다. \n\n안녕 얘들아 랜선언니 솜찌야 \n동생 다이어트 한다길래,,,  바디프로필 3번 찍어본 언니로서(?) \n동생 다이어트 도와줘봤는데에~! \n\n(사)대한민국댄스스포츠연맹이 브레이킹 활성화를 위해 트레이닝 영상을 제작했고\n더 많은 영상은 (사)대한민국댄스스포츠연맹 공식 유튜브채널과 인스타그램에서 확인 가능해!\n브래이킹 숏츠 찍어봐도 재밋겠는데..! 나보다 잘 추는사람 어디 없나(?) \n👉 https://www.youtube.com/channel/UC4FUZnD0udfW8B5MybLKx0w/featured\n\n\n#스우파 #댄스스포츠 #브레이킹",
        "thumbnail": "https://i.ytimg.com/vi/gEeGwgMxJgU/mqdefault.jpg",
        "youtubeVideoId": "gEeGwgMxJgU",
        "uploadedDate": "2022-08-10T23:47:53Z",
        "viewCount": 6374,
        "isCommercial": "True"
    },
    {
        "id": "fb85a9ff-0faa-49d8-b82f-ac1a5c91e6f2",
        "title": "간식 못 끊는 다이어터 손🙋‍♀️ 맛있는 쿠팡 다이어트 간식템 추천🍫🍿🍩🍭(프로틴바, 과자, 음료 등)",
        "description": "𝐈𝐧𝐬𝐭𝐚𝐠𝐫𝐚𝐦 • https://www.instagram.com/somz_zi/\n𝐂𝐨𝐧𝐭𝐚𝐜𝐭 • ds02_28@naver.com \n\n---\n\n🌷1\n퀘스트뉴트리션 히어로 프로틴바 크리스피 쿠키&크림 52g\nhttps://link.coupang.com/a/pgIEu\n\n\n🌷2\n랩노쉬 푸드바 말차그린티맛 55g\nhttps://link.coupang.com/a/pgISM\n\n\n🌷3\n프로틴 방앗간 하루단백바 카카오 45g\nhttps://link.coupang.com/a/pgIYI\n\n\n🌷4\n핀크리스프 씬브래드 오리지널 크래커 200g\nhttps://link.coupang.com/a/pgJdO\n\n\n🌷5\n악사 크리스피 뮤즐리 500g\nhttps://link.coupang.com/a/pgJjh\n\n\n🌷6\n델리황 황태스낵 버터맛 20g\nhttps://link.coupang.com/a/pgJmO\n\n\n🌷7\n칼로바이 프로틴 스파클링 레몬라임 240ml\nhttps://link.coupang.com/a/pgIMk\n\n\n🌷8\n코코씸 100% 퓨어 코코넛워터 330ml\nhttps://link.coupang.com/a/pgJCP\n\n\n*위 링크는 쿠팡 파트너스 활동을 통해 소정의 수수료를 제공받을 수 있습니다.\n\n------\n\n✨ 𝐓𝐈𝐌𝐄𝐋𝐈𝐍𝐄\n0:00 인트로 \n0:24 퀘스트 쿠키&크림 프로틴바 \n1:55 랩노쉬 푸드바 말차그린티맛\n3:13 프로틴 방앗간 하루단백바 \n4:35 핀크리스프 크래커\n5:51 악사 크리스피 뮤즐리\n7:10 델리황 황태스낵 \n8:10 칼로바이 스파클링 레몬라임\n9:50 코코씸 코코넛워터 \n\n\n#쿠팡하울 #다이어트간식 #쿠팡직구",
        "thumbnail": "https://i.ytimg.com/vi/0gAusb-BhR8/mqdefault.jpg",
        "youtubeVideoId": "0gAusb-BhR8",
        "uploadedDate": "2022-07-07T03:31:06Z",
        "viewCount": 2833,
        "isCommercial": "False"
    },
    {
        "id": "3c0f7f13-4ccc-46e6-8443-2d6e61a4524b",
        "title": "(부작용X)혼자 바디프로필 준비 가능한 꿀팁 12가지 총정리🏋🏻",
        "description": "솜찌X에버비타민_바로가기\n: https://rb.gy/ay7tcy\n\n솜찌X에버비타민 \"딱 이틀만\" \n  ➡할인코드 \"somzzi\"  (소문자 필수, 회원 한정) \n ~5월 18일 자정까지 할인! \n\n\n안녕 얘들아 랜선언니 솜찌야!\n여름이 다가와서 그런가? 바디프로필 준비하는 사람들이 많길래\n바디프로필 2번이나 찍으면서 체득한 바프 꿀팁들 탈탈 털어봤어\n비타민 잘 챙겨먹으면서 건강한 다이어트하자! 오늘도 즐감! \n\n\n* 이 영상은 '줄리스초이스'의 유료광고를 포함하고 있습니다.\n\n------\n\n𝐈𝐧𝐬𝐭𝐚𝐠𝐫𝐚𝐦 • https://www.instagram.com/somz_zi/\n𝐂𝐨𝐧𝐭𝐚𝐜𝐭 • ds02_28@naver.com \n\n\n✨ 𝐓𝐈𝐌𝐄𝐋𝐈𝐍𝐄\n0:00 인트로 \n0:40 스튜디오 예약 TIP\n1:35 목표&기간 설정\n2:20 PT?헬스? 운동선정 \n3:22 컨디션관리 TIP\n6:00 컨셉&의상 선정\n7:14 보조제\n7::29 태닝&제모&헤메\n8:24 촬영 직전 준비 \n8:46 촬영 D-DAY\n9:20 촬영 이후 관리법\n9:46 바디프로필 준비 식단\n10:30 부작용 안오는 법\n11:14 치팅데이 \n11:43 하고픈 말 \n\n\n#바디프로필준비 #바디프로필촬영 #다이어트",
        "thumbnail": "https://i.ytimg.com/vi/WdS-HlzFItM/mqdefault.jpg",
        "youtubeVideoId": "WdS-HlzFItM",
        "uploadedDate": "2022-05-16T05:59:16Z",
        "viewCount": 26463,
        "isCommercial": "True"
    },
    {
        "id": "3b08d7bd-2254-44e7-ada5-79142d37050c",
        "title": "살 쭉쭉 빠져도 책임못짐💦 똑똑하게 살빼는 다이어트 필수템 9가지ㅣ급찐급빠 모여👍🏻",
        "description": "본 영상은 '헬스헬퍼'의 유료광고가 포함되어 있습니다. \n\n솜찌X레디톡 2일리셋 바로가기\n: https://rb.gy/jx0mxg\n\n너희들을 위해 준비한 특별 추가 할인 “딱 이틀만”!\n ➡할인코드 \"somzzi\"  (소문자 필수, 회원한정) \n *오늘부터 4월 20일 밤 12시까지 할인 \n\n싹 비우고 다이어트 시작하고 싶다면\n레디톡~~~~~~~~~!! \n\n——\n\n𝐈𝐧𝐬𝐭𝐚𝐠𝐫𝐚𝐦 • https://www.instagram.com/somz_zi/\n𝐂𝐨𝐧𝐭𝐚𝐜𝐭 • ds02_28@naver.com \n\n⎽⎽⎽\n\n안녕 얘들아 랜선언니 솜찌야 \n바디프로필 벌써 2번이나 찍은 프로 다이어터의 \n다이어트할때 항상 쟁이는 필수템부터 \n안알려준 치트키까지 전부 대방출해봤어ㅋㅋㅋㅋㅋ❤\n오늘도 즐감 ♡\n\n⎽⎽⎽\n\n👍다이어트 필수템 9👍 \n\n⚡1\n마이노멀 알룰로스 \n\n⚡2\n비비드키친 저칼로리 비빔장\n\n⚡3\n레디톡\n\n⚡4\n삼립 로만밀 통밀식빵\n\n⚡5\n아즈테카 밀또띠야 6인치 8인치\n\n⚡6\n카카오닙스\n\n⚡7\n헬스앤뷰티 겉바속쫀 탕수닭 \n\n⚡8 \n제이힐 마사지 스틱 \n\n⚡9\n입고싶은 옷 ♥\n\n\n⎽⎽⎽\n\n✨ 𝐓𝐈𝐌𝐄𝐋𝐈𝐍𝐄\n0:00 인트로\n0:15 다이어트 치트키\n0:52 만능 요리템  \n1:51 다이어트 비빔장 \n2:35 급빠쥬스 레디톡\n4:45 2day 급찐급빠 결과 \n5:37 만능 통밀 식빵 \n6:26 활용도갑 또띠아\n7:14 입터짐방지 간식\n8:09 미친 탕수육 \n9:05 붓기제거 꿀템 \n10:15 마지막 치트키",
        "thumbnail": "https://i.ytimg.com/vi/eJWv7amKdFM/mqdefault.jpg",
        "youtubeVideoId": "eJWv7amKdFM",
        "uploadedDate": "2022-04-15T01:28:34Z",
        "viewCount": 8353,
        "isCommercial": "False"
    },
    {
        "id": "ed12d23e-0d61-49fc-bf92-88ad4c2e2735",
        "title": "딱 20분! 운동은 짧게 지방은 최대로 태우는 유+무산소 운동루틴(with. 트레이너쌤)",
        "description": "𝐈𝐧𝐬𝐭𝐚𝐠𝐫𝐚𝐦 • https://www.instagram.com/somz_zi/\n𝐂𝐨𝐧𝐭𝐚𝐜𝐭 • ds02_28@naver.com \n\n⎽⎽⎽\n\n안녕 얘들아 랜선언니 솜찌야 \n시간은 없는데!!! 운동은 해야겠고!!!!\n런닝머신은 너~~~~~~~~~~무 지루할때가 있자나?\n\n그래서 운동은 최대한 짧게 하면서\n지방은 다 태우는 운동 알려달라고함ㅋㅋㅋㅋ!!\n어쩐지 나보다 트레이너쌤이 더 힘들어하는(?)\n근데 웬지 모르게  기쁜...\n\n체지방 태우는 운동루틴 \n오늘도 즐감 ♡\n\n⎽⎽⎽\n\n✨ 𝐓𝐈𝐌𝐄𝐋𝐈𝐍𝐄\n0:00 인트로\n0:15 스트레칭 필수\n0:49 step.1\n4:14 미친 칼로리!!!!\n4:24 step.2\n6:38 step.3(보너스)\n7:54 마무리",
        "thumbnail": "https://i.ytimg.com/vi/8-RSUlthCBk/mqdefault.jpg",
        "youtubeVideoId": "8-RSUlthCBk",
        "uploadedDate": "2022-03-23T03:28:26Z",
        "viewCount": 3343,
        "isCommercial": "False"
    },
    {
        "id": "6ede6bac-ba40-44f0-8775-3c9f4f4274cd",
        "title": "다이어트 안하고 습관만 바꿔도 살이 빠질까?",
        "description": "솜찌X리얼자몽 팻버닝 바로가기\n: https://rb.gy/zzixoy\n\n너희들을 위해 준비한 특별 추가할인 “딱 이틀만”!\n ➡할인코드 \"somzzi\"  (소문자 필수, 회원한정, 모바일 한정) \n *오늘부터 3월 16일 오후 11시까지 할인 \n\n⎽⎽⎽\n\n안녕 얘들아 랜선언니 솜찌야 \n다이어트는 좋은 습관을 계속 가져가는거라는 말이 있잖아\n그래서 다이어트 대신 습관만 바꾸고 살이 빠질지?한번 해봤어!\n오늘도 즐감 ♡\n\n\n* 이 영상은 '그린라벨'의 유료광고를 포함하고 있습니다.\n\n⎽⎽⎽\n\n✨ 𝐓𝐈𝐌𝐄𝐋𝐈𝐍𝐄\n0:00 인트로\n0:59 1\n1:46 2\n2:28 3\n4:15 4\n5:08 5\n6:14 6\n6:43 7\n8:01 8\n8:25 9\n9:29 10\n10:07 11\n10:33 12 \n11:06 결과 공개",
        "thumbnail": "https://i.ytimg.com/vi/ffgw3DUZOjU/mqdefault.jpg",
        "youtubeVideoId": "ffgw3DUZOjU",
        "uploadedDate": "2022-03-13T11:30:53Z",
        "viewCount": 42337,
        "isCommercial": "True"
    },
    {
        "id": "7b73e393-df5d-4391-b7d2-8f17668d15a0",
        "title": "다이어트 실패하는 사람들의 공통적인 특징(은 내이야기...)",
        "description": "𝐈𝐧𝐬𝐭𝐚𝐠𝐫𝐚𝐦 • https://www.instagram.com/somz_zi/\n𝐂𝐨𝐧𝐭𝐚𝐜𝐭 • ds02_28@naver.com \n\n⎽⎽⎽\n\n안녕 얘들아 랜선언니 솜찌야 \n올해 다이어트 마음 먹고 시작은 벌써 3번이나 했는데\n자꾸 실패하더라고?!ㅋㅋㅋㅋㅋㅋㅋㅋㅋㅋㅋㅋㅋㅋㅋㅋㅋㅋ\n\n그러면서 왜 이번엔 자꾸 실패할까를 고민해봤어 \n나같은 사람 또 있는지ㅜㅜㅋㅋㅋㅋㅋㅋㅋㅋㅋㅋ\n하핳! 나 진짜 시작하니까 다이어트 브이로그 기대해줘^^! \n\n\n\n#다이어트 #다이어트실패",
        "thumbnail": "https://i.ytimg.com/vi/Uhs7V_tWKic/mqdefault.jpg",
        "youtubeVideoId": "Uhs7V_tWKic",
        "uploadedDate": "2022-02-16T00:57:48Z",
        "viewCount": 11445,
        "isCommercial": "False"
    },
    {
        "id": "27046298-bd9c-433e-a21b-605f5014adb5",
        "title": "운동에 몇백만원 쓴 내가 그만둔 운동과 그 이유들(운동 뭐 할지 고민이라면?)",
        "description": "𝐈𝐧𝐬𝐭𝐚𝐠𝐫𝐚𝐦 • https://www.instagram.com/somz_zi/\n𝐂𝐨𝐧𝐭𝐚𝐜𝐭 • ds02_28@naver.com \n\n⎽⎽⎽\n\n안녕 애들아 랜선언니 솜찌야!\n몇년간 헬스하면서 다른 운동들도 같이 해봤거든?\n이것 저것 배워보면서 나랑 안맞았던 운동이 꽤 많더라고!\n\n그래서 오늘은 그만둔 운동들과 \n그 이유에 대한 영상을 준비했어 \n\n혹시나 운동 뭐 할지 고민이라면 이 영상이 도움되지 않을까..! \n아참! 수강생 입장에서(?) 겪은 개인적이고 주관적인 내용이니 \n가볍게 참고만 하면 좋겠다!!!!! 즐감!!!\n\n⎽⎽⎽\n\n✨ 𝐓𝐈𝐌𝐄𝐋𝐈𝐍𝐄\n0:00 인트로(주관적인 생각입니다앗) \n0:53 정신차려 킥복싱 \n3:18 속옷입는(?) 폴댄스 \n5:20 원데이 클라이밍\n6:28 유일한 XX운동 승마\n8:01 번지점프 말고 번지피지오 \n\n\n#운동 #번지피지오 #승마 #폴댄스 #킥복싱",
        "thumbnail": "https://i.ytimg.com/vi/iryHZCFQEkI/mqdefault.jpg",
        "youtubeVideoId": "iryHZCFQEkI",
        "uploadedDate": "2022-02-02T06:45:24Z",
        "viewCount": 7880,
        "isCommercial": "False"
    },
    {
        "id": "efdcbf1a-5bc9-4068-8d0e-806bc8914001",
        "title": "(솔직 고백)지나고 나서 알게 된 나의 다이어트 강박증들",
        "description": "𝐈𝐧𝐬𝐭𝐚𝐠𝐫𝐚𝐦 • https://www.instagram.com/somz_zi/\n𝐂𝐨𝐧𝐭𝐚𝐜𝐭 • ds02_28@naver.com \n\n⎽⎽⎽\n\n안녕 애들아 랜선언니 솜찌야\n꽤 오랜시간 다이어트 강박증&폭식증을 겪었고\n지금은 거의 괜찮아 졌는데!\n\n지나고나서 알게된 다이어트 강박들이 몇가지 있더라고?\n근데 꽤나 이런 경험들이 있는 것 같아서 \n다이어트 강박증에 대한 이야기를 나눠보려고 해!\n\n오늘도 영상 잘 봐줘!\n고마워! \n⎽⎽⎽\n\n✨ 𝐓𝐈𝐌𝐄𝐋𝐈𝐍𝐄\n0:00 인트로\n0:37 강박증에 대한 정의 \n1:06 첫번째 강박 \n2:28 두번째 강박 \n3:25 세번째 강박 \n4:33 극복하며 \n\n\n#다이어트강박 #강박증 #강박극복",
        "thumbnail": "https://i.ytimg.com/vi/oZyFAbE2p3I/mqdefault.jpg",
        "youtubeVideoId": "oZyFAbE2p3I",
        "uploadedDate": "2022-01-05T07:34:07Z",
        "viewCount": 7059,
        "isCommercial": "False"
    },
    {
        "id": "086c2dd6-52d9-4351-b444-aaaf1bbfe374",
        "title": "헬스장 Q&A l 이렇게 솔직해도 되나요...트레이너 선생님께 궁금한거 싹~다 물어봄",
        "description": "𝐈𝐧𝐬𝐭𝐚𝐠𝐫𝐚𝐦 • https://www.instagram.com/somz_zi/\n𝐂𝐨𝐧𝐭𝐚𝐜𝐭 • ds02_28@naver.com \n\n\n본 영상은 '대웅제약 우루사'의 유료광고가 포함되어 있습니다. \n\n광고심의필: 2021-1601-001506\n※ 부작용이 있을 수 있으니 첨부된 '사용상의 주의사항'을 잘 읽고, 의사·약사와 상의하십시오.\n\n⎽⎽⎽\n\n안녕 애들아 랜선언니 솜찌야!\n운동을 2년째 하고 있는데, 헬스장 관련 질문이 많아서 \n\n질문들 한꺼번에 다 모아 트레이너 선생님 모시고\n몽땅 물어봤어!!!!! 오늘도 즐~~~~감! \n\n⎽⎽⎽\n\n✨ 𝐓𝐈𝐌𝐄𝐋𝐈𝐍𝐄\n\n0:00 인트로 \n0:33 뭐 입고 가지?\n0:57 가장 살 잘 빠지는 식단?\n1:49 헬스장 플레이스트 \n2:20 체지방 잘 타는 운동\n3:14 운동 후 영양 섭취\n4:13 좋은 PT 선생님 만나는 법 \n6:07 한 달에 몇kg 감량이 적당?\n6:42 정체기 탈출 방법?\n7:56 헬창 가방엔 뭐가 들어있나?",
        "thumbnail": "https://i.ytimg.com/vi/ekkXzIuPYc8/mqdefault.jpg",
        "youtubeVideoId": "ekkXzIuPYc8",
        "uploadedDate": "2021-11-11T01:52:33Z",
        "viewCount": 28707,
        "isCommercial": "True"
    },
    {
        "id": "b4ee1f08-8fae-4f99-9f6b-a9bd3a47bd45",
        "title": "먹방 유튜버로 데뷔했습니다😎 (근데 빵 맛있게 먹으려고  홈트를 곁들인)",
        "description": "𝐈𝐧𝐬𝐭𝐚𝐠𝐫𝐚𝐦 • https://www.instagram.com/somz_zi/\n𝐂𝐨𝐧𝐭𝐚𝐜𝐭 • ds02_28@naver.com \n\n⎽⎽⎽\n\n안녕 애들아 랜선언니 솜찌야\n다들 나보고 먹방 유튜버 해보라고 하길래ㅋㅋㅋㅋㅋㅋㅋㅎㅎ\n1일 먹방유튜버 컨셉(?)으로 빵 먹방해봤지롱 \n근데... 홈트를 곁들인... 으쌰...! \n\n⎽⎽⎽\n\n본 영상은 '건강한 친구들'의 유료 광고가 포함되어있습니다. \n\n57~66kg 빵순이 여러분께 추천하는 홈트\n👉 https://bit.ly/3bjkwH2 \n\n더 많은 맞춤 홈트를 보려면!? \n👉 https://bit.ly/3Eo6U9X\n\n\n#건강한친구들, #홈트레이닝, #건강한친구들후기, #홈트\n\n⎽⎽⎽\n \n𝐓𝐈𝐌𝐄𝐋𝐈𝐍𝐄\n\n0:00 먹방 준비\n1:28 홈트레이닝 \n4:59 먹방유튜버 데뷔\n\n\n이 영상은 부산정보산업진흥원의 \n‘크리에이터 편집자 지원사업’의 지원을 받았습니다.",
        "thumbnail": "https://i.ytimg.com/vi/lHM_MalEt78/mqdefault.jpg",
        "youtubeVideoId": "lHM_MalEt78",
        "uploadedDate": "2021-10-29T05:24:14Z",
        "viewCount": 6929,
        "isCommercial": "False"
    },
    {
        "id": "6c4303c2-1089-415f-a67d-5575b7fae2b5",
        "title": "폭식 어디까지 해봤니😭 바디프로필 부작용 온 3명이 말하는 폭식증&강박증 썰과 극복 방법",
        "description": "폭식 어디까지 해봤니😭 바디프로필 부작용 온 3명이 말하는 폭식증&강박증 썰과 극복 방법 \n\n#바디프로필 #폭식증 #강박증 \n――――――――――――――\n💌 인스타 :  https://www.instagram.com/somz_zi/\n💌 메일 :  ds02_28@naver.com \n――――――――――――――\n\n안녕 애들아 랜선언니 솜찌야!\n제이제이 선생님 채널에 [바디프로필 부작용]편으로 \n출연했던 3명의 유튜바가 뭉쳤다,,, \n\n눈물없이 들을 수 없는 바디프로필 후 폭식증과 강박증 썰과\n각자의 극복방법을 찍어봤어!\n오늘도 즐감♡",
        "thumbnail": "https://i.ytimg.com/vi/TFvAHeL1F-M/mqdefault.jpg",
        "youtubeVideoId": "TFvAHeL1F-M",
        "uploadedDate": "2021-10-13T15:10:02Z",
        "viewCount": 15810,
        "isCommercial": "False"
    },
    {
        "id": "0ac21514-c563-4209-8453-ac1daaf8c7de",
        "title": "같은 체지방, 다른 몸매? 체지방률에 따른 몸매 변화(눈바디vs인바디 비교)",
        "description": "같은 체지방, 다른 몸매? 체지방률에 따른 몸매 변화(눈바디vs인바디 비교)\n\n#체지방률 #눈바디 #인바디 \n――――――――――――――\n💌 인스타 :  https://www.instagram.com/somz_zi/\n💌 메일 :  ds02_28@naver.com \n――――――――――――――\n안녕 애들아 랜선언니 솜찌야\n두번의 바디프로필을 준비하면서,,, \n체지방률 최고 30% 최저 15%를 찍어 본 사람으로서,,,  \n\n정말 눈바디가 중요할까?\n인바디가 중요할까?\n의문을 갖고 만들어본 이번 영상 \n\n결론은....\n영상에서 보시죠!\nㅋㅋㅋㅋㅋㅋㅋㅋㅋㅋㅋㅋㅋ",
        "thumbnail": "https://i.ytimg.com/vi/A1K0puaN1AU/mqdefault.jpg",
        "youtubeVideoId": "A1K0puaN1AU",
        "uploadedDate": "2021-10-09T14:22:47Z",
        "viewCount": 5274,
        "isCommercial": "False"
    },
    {
        "id": "f024753b-01f1-4b71-8149-1069d90c181c",
        "title": "(광고❌)요요&입터짐 방지! 맛있는 다이어트 간식 추천(ft.마켓컬리)",
        "description": "(광고❌)요요&입터짐 방지! 맛있는 다이어트 간식 추천(ft.마켓컬리)\n\n\n#다이어트간식 #다이어트식품 \n――――――――――――――\n💌 인스타 :  https://www.instagram.com/somz_zi/\n💌 메일 :  ds02_28@naver.com \n――――――――――――――\n※NO광고/내돈내산 제품 \n\n\n안녕 애들아 랜선언니 솜찌야 \n\n다이어트 간식 리뷰해달라는 요청이 많아서~~~~!\n마켓컬리에서 내돈내산 구매한 \n다이어트 간식들 솔직 리뷰해봤어\n오늘도 즐감!♡\n\n\n\n\n🍰1\n두부 티라미수 오리지널(3,500원)\n\n\n🍰2\n옐로욜로 카카오칩(3,000원)\n\n\n🍰3\n단백질 과자점 단백질 쿠키프로틴 사브레(4,500원)\n\n\n🍰4\n미주라 통밀 도너츠(4,200원)\n\n\n🍰5\n단백질 과자점 단백질바 요거크림/리얼녹차 (3,500원)\n\n\n🍰6\n프롬잇 프로틴칩 어니언랜치(2,100원)\n\n\n🍰7\n다노 닭가슴살칩 매운카레(3,000원)\n\n\n🍰8\n더바삭 김스낵 치즈(1,900원)",
        "thumbnail": "https://i.ytimg.com/vi/IPjCmZ7y8QU/mqdefault.jpg",
        "youtubeVideoId": "IPjCmZ7y8QU",
        "uploadedDate": "2021-10-08T06:15:33Z",
        "viewCount": 14715,
        "isCommercial": "False"
    },
    {
        "id": "3e95ac8d-13cc-446b-ad08-24d4debd8ab7",
        "title": "일반인 여자 생에 첫 헬스 3대 운동 측정을 해봤는데..결과가(ㅋㅋㅋ)",
        "description": "일반인 여자 생에 첫 헬스 3대 운동 측정을 해봤는데..결과가(ㅋㅋㅋ) \n\n#헬스 #3대측정 \n――――――――――――――\n💌 인스타 :  https://www.instagram.com/somz_zi/\n💌 메일 :  ds02_28@naver.com \n――――――――――――――\n안녕 애들아 랜선언니 솜찌야\n하하,, 헬스인이라면 다 아는 \n3대 중량 측정을 한번 해봤는디 \n\n하핳하 재밋게 봐줘^.^",
        "thumbnail": "https://i.ytimg.com/vi/Pn5JRmy9Y8Q/mqdefault.jpg",
        "youtubeVideoId": "Pn5JRmy9Y8Q",
        "uploadedDate": "2021-10-01T09:18:11Z",
        "viewCount": 7307,
        "isCommercial": "False"
    },
    {
        "id": "c797cc97-de3e-47e9-8e95-b9330e5d0a3e",
        "title": "1년 반 동안 꾸준히 운동 하면 바뀌는 놀라운 변화들(필라테스/요가/헬스 고민될 때)",
        "description": "1년 반 동안 꾸준히 운동 하면 바뀌는 놀라운 변화들(필라테스/요가/헬스 고민될 때)\n\n#필라테스 #헬스 #요가 \n――――――――――――――\n💌 인스타 :  https://www.instagram.com/somz_zi/\n💌 메일 :  ds02_28@naver.com \n――――――――――――――\n안녕 애들아 랜선언니 솜찌야\n운동한지 벌써 1년 반이 됐더라고?\n\n그래서 그간 어떤 변화가 있었나 생각해보다가\n꽤 많은 변화가 있어서 영상 한번 찍어봤어\n(운동 전도사^^ㅋㅋㅋㅋㅋㅋㅋㅋㅋㅋㅋ)\n\n다들~~~~운동하자~~~~~~\n운동~~~~~~~~~하~~~~~~~자악",
        "thumbnail": "https://i.ytimg.com/vi/V6U2Rq_S2C4/mqdefault.jpg",
        "youtubeVideoId": "V6U2Rq_S2C4",
        "uploadedDate": "2021-09-17T02:05:05Z",
        "viewCount": 8816,
        "isCommercial": "False"
    },
    {
        "id": "5bd5f2b5-f854-43e4-97e0-cf7fb4d964f6",
        "title": "총 -6kg 감량하고🔥 바디프로필 찍은 다이어트 방법 총정리",
        "description": "총 -6kg 감량하고🔥 바디프로필 찍은 다이어트 방법 총정리 \n\n#다이어트 #바디프로필\n――――――――――――――\n💌 인스타 :  https://www.instagram.com/somz_zi/\n💌 메일 :  ds02_28@naver.com \n――――――――――――――\n안녕 애들아 랜선언니 솜찌야\n바디프로필 재도전 하면서, 다이어트 방법을 많이 바꿨는데\n총 6kg 감량한 다이어트 방법 많이 궁금해하길래!\n다이어트 방법과 QA 탈탈 털어왔어요오오오\n\n오늘도 즐감!♥",
        "thumbnail": "https://i.ytimg.com/vi/U_wqiZD56K8/mqdefault.jpg",
        "youtubeVideoId": "U_wqiZD56K8",
        "uploadedDate": "2021-09-14T06:26:21Z",
        "viewCount": 13817,
        "isCommercial": "False"
    },
    {
        "id": "cf30c42d-d009-49ed-a53a-3817ad368a2f",
        "title": "제이제이 선생님한테 빵 먹고 살 안찌는 방법 전수 받고옴(+같이 빵먹방♥)",
        "description": "제이제이 선생님한테 빵먹고 살 안찌는 방법 전수 받고옴(+같이 빵먹방♥)\n\n#빵먹방 #서킷트레이닝\n――――――――――――――\n💌 인스타 :  https://www.instagram.com/somz_zi/\n💌 메일 :  ds02_28@naver.com \n――――――――――――――\n안녕 애들아 랜선언니 솜찌야\n\n제이제이 선생님네 촬영 갔다가 \n선생님과 빵 먹방하고,,, \n살 안찌는 방법까지 전수 받고 온,,,\n근데 왜케 숨이 차냐,,,, \n\n오늘도 즐감^^",
        "thumbnail": "https://i.ytimg.com/vi/I-Ge4g7ZHgE/mqdefault.jpg",
        "youtubeVideoId": "I-Ge4g7ZHgE",
        "uploadedDate": "2021-08-27T02:19:30Z",
        "viewCount": 11480,
        "isCommercial": "False"
    },
    {
        "id": "bcb1eff5-b57a-46f0-a0c7-68a5bd36411a",
        "title": "쭉쭉 빠지잖아😭 바디프로필 준비 할 때 먹던 다이어트 식단 6가지(부제: 맛 없는건 안먹엉)",
        "description": "쭉쭉 빠지잖아😭 바디프로필 준비 할 때 먹던 다이어트 식단 6가지(부제: 맛 없는건 안먹엉)\n\n#다이어트레시피 #바디프로필식단 \n――――――――――――――\n💌 인스타 :  https://www.instagram.com/somz_zi/\n💌 메일 :  ds02_28@naver.com \n――――――――――――――\n안녕 애들아 랜선언니 솜찌야!\n바프 준비하면서 먹었던 식단들 많이 궁금해 하더라고?\n\n그래서 맛도 있으면서 영양도 골고루 챙긴 \n존맛 레시피 6가지 푼다~~~~~~~~~~~~\n\n특별히 알려주능거니까~~~~~~~\n꼭 해먹어보기!!!!!!!!!!진짜 진짜 맛있음ㅠ_ㅠ",
        "thumbnail": "https://i.ytimg.com/vi/nMqqvqowVnY/mqdefault.jpg",
        "youtubeVideoId": "nMqqvqowVnY",
        "uploadedDate": "2021-08-13T02:50:45Z",
        "viewCount": 6720,
        "isCommercial": "False"
    },
    {
        "id": "1e1c953a-8d1a-4569-a61b-f8c8eb1312d0",
        "title": "💰내돈내산💰2년째 샐러드 먹는 다이어터의 드레싱 솔직리뷰(+칼로리,맛)",
        "description": "💰내돈내산💰2년째 샐러드 먹는 다이어터의 드레싱 솔직리뷰(+칼로리,맛)\n\n#내돈내산 #드레싱추천\n――――――――――――――\n💌 인스타 :  https://www.instagram.com/somz_zi/\n💌 메일 :  ds02_28@naver.com \n――――――――――――――\n안녕 애들아 랜선언니 솜찌야!\n2년째 풀때기를 챙겨먹고 있는데(건강건강)\n\n많이들 궁금해하고 물어봤던 드레싱...!\n찐추천 비추천^-ㅠ 솔직 후기를 갖고 왔어!\n\n오늘도 영상 즐감~♡",
        "thumbnail": "https://i.ytimg.com/vi/PmY0dydszh8/mqdefault.jpg",
        "youtubeVideoId": "PmY0dydszh8",
        "uploadedDate": "2021-07-15T05:58:34Z",
        "viewCount": 9749,
        "isCommercial": "False"
    },
    {
        "id": "b5556293-0f6a-49aa-9274-06e2cea87075",
        "title": "나는 살빼는 방법을 알고있어..! 한달 식단&운동계획 공유",
        "description": "나는 살빼는 방법을 알고있어..! 한달 식단&운동계획 공유 \n\n#다이어트식단 #운동 \n――――――――――――――\n💌 인스타 :  https://www.instagram.com/somz_zi/\n💌 메일 :  ds02_28@naver.com \n――――――――――――――\n말은 4kg 감량이라고 했지만 \n그냥 목표만 크게 잡은거고!\n\n바뀌는건 없고 지금처럼 꾸준히 할예정!\n대신 빵 먹고싶으면 다 챙겨먹던걸 조금 줄이고 \n운동의 강도를 좀 올리고, 아침 운동 스타일을 바꾸면서 \n내 몸이 지금 적응한것들을 깨볼(?)생각! \n\n가장 중요한건 멘탈관리!!!!!!!! \n먹고싶은게 있으면 조금이라도 챙겨먹고  \n맛있는 식단 지금처럼 만들어먹으면서 보내볼게!!!!!!!!!\n화이팅!!!!!!!!!!!! \n\n――――――――――――――\n솜찌의 비하인드 미공개 영상이 궁금하다면?\n\n솜찌 멤버쉽 가입하기 \n: https://www.youtube.com/channel/UCCqQClDDZpUrux3F2vrKwnw/join",
        "thumbnail": "https://i.ytimg.com/vi/TECg5u28clc/mqdefault.jpg",
        "youtubeVideoId": "TECg5u28clc",
        "uploadedDate": "2021-06-24T15:23:14Z",
        "viewCount": 8228,
        "isCommercial": "False"
    },
    {
        "id": "867d4b91-ecfa-4c71-89df-88dd7d175f76",
        "title": "바프 준비 때부터 해왔던! 헬스장 상체 운동루틴 대공개(ft.번호따인 썰)",
        "description": "바프 준비 때부터 해왔던! 헬스장 상체 운동루틴 대공개(ft.번호따인 썰)\n\n#헬스장운동 #상체운동\n――――――――――――――\n💌 인스타 :  https://www.instagram.com/somz_zi/\n💌 메일 :  ds02_28@naver.com \n――――――――――――――\n\n안녕 애들아 랜선언니 솜찌야!\n저번 헬스장 하체편에 이어서 상체운동루틴을 준비해봤는데\n이 운동들은 바디프로필 준비때부터 배워서 \n지금까지 꾸준~히 하고 있는 운동들이야! \n오늘도 즐감!!!",
        "thumbnail": "https://i.ytimg.com/vi/S08XL5bJiqE/mqdefault.jpg",
        "youtubeVideoId": "S08XL5bJiqE",
        "uploadedDate": "2021-06-11T10:02:17Z",
        "viewCount": 5254,
        "isCommercial": "False"
    },
    {
        "id": "cae29a84-0d8f-4cc2-9264-5871ce383c6f",
        "title": "다 모여주세요. 바디프로필 컨셉 회의 시작합니다.",
        "description": "다 모여주세요. 바디프로필 컨셉 회의 시작합니다. \n\n――――――――――――――\n💌 인스타 :  https://www.instagram.com/somz_zi/\n💌 메일 :  ds02_28@naver.com \n――――――――――――――\n바디프로필 컨셉 골라주면~♡\n의상ㅅ ㅏ러가야지~♡",
        "thumbnail": "https://i.ytimg.com/vi/mcJ7v9xhLdY/mqdefault.jpg",
        "youtubeVideoId": "mcJ7v9xhLdY",
        "uploadedDate": "2021-06-07T09:52:42Z",
        "viewCount": 3816,
        "isCommercial": "False"
    },
    {
        "id": "7a4f4329-e3fa-4fb7-933e-6721d76ea846",
        "title": "특정 부위 살빼기? -8kg 감량하며 살 빠졌던 순서 총정리!(+1년 눈바디)",
        "description": "특정 부위 살빼기? -8kg 감량하며 살 빠졌던 순서 총정리!(+1년 눈바디)\n\n#다이어트 #살빠지는순서\n――――――――――――――\n💌 인스타 :  https://www.instagram.com/somz_zi/\n💌 메일 :  ds02_28@naver.com \n――――――――――――――\n안녕 애들아 랜선언니 솜찌야 \n이번 영상은 그간 종종 물어보던!\n\n대체... 살은 어디부터 빠지는거야? 에 대한 대답!\n내가 빠졌던 데이터를 모아 이번 영상을 만들었어\n오늘도 즐~감!!",
        "thumbnail": "https://i.ytimg.com/vi/XsOmAHdTkqo/mqdefault.jpg",
        "youtubeVideoId": "XsOmAHdTkqo",
        "uploadedDate": "2021-05-28T06:26:48Z",
        "viewCount": 28782,
        "isCommercial": "False"
    },
    {
        "id": "8f1784c4-6e75-4786-8d59-1207e4692fe9",
        "title": "ENG) 딱 하나만 바꿔. 살 쭉쭉 빠지는 다이어트식단 짜는 TIP(+존맛 레시피 대방출)",
        "description": "딱 하나만 바꿔. 살 쭉쭉 빠지는 다이어트식단 짜는 TIP(+존맛 레시피 대방출)\n\n#다이어트 식단 #식단레시피 #요거보네 \n――――――――――――――\n💌 인스타 :  https://www.instagram.com/somz_zi/\n💌 메일 :  ds02_28@naver.com \n\n안녕 애들아 랜선언니 솜찌야!\n이번 영상은 딱 하나만 바꾸고 살 쭉~쭉 빼는 \n꿀팁 5가지를 소개하면서 존맛 다이어트 식단도 공유하는 영상이야!\n꿀팁 엄~~~~~~~청 대방출되니까 오늘도 즐감 ♡\n\n――――――――――――――\n\n본 영상은 '요거보네'의 유료광고가 포함되어 있습니다.\n\n👉요거보네 그릭요거트\nhttps://url.kr/bdkc5e\n👉요거보네 플레인요거트 \nhttps://url.kr/59pv8m\n\n\n[요거보네 이벤트 공지]\n👉이벤트 내용 \n총 10명 선정, 영상 속 요거보네 그릭요거트 100g x 4팩 선물! \n\n👉이벤트 참여 방법 \n1. 영상 마지막에 소개한 꿀팁을 댓글로 적는다(+메일주소 필수!) \n2. 당첨을 기다린다 두근두근 ♥\n\n👉이벤트 기간\n ~6/12일 자정 마감 \n\n👉당첨자 발표 \n20/06/13(일) 커뮤니티 공지 & 개별 메일 안내",
        "thumbnail": "https://i.ytimg.com/vi/rTWoZQXPcsE/mqdefault.jpg",
        "youtubeVideoId": "rTWoZQXPcsE",
        "uploadedDate": "2021-05-28T04:22:48Z",
        "viewCount": 230328,
        "isCommercial": "True"
    },
    {
        "id": "0dba1aba-34c8-4f75-93fb-219a81bae8c7",
        "title": "밋밋한 엉덩이▶힙업&라인까지 만든! 나의 헬스장 하체 운동 루틴",
        "description": "밋밋한 엉덩이▶힙업&라인까지 만든! 나의 헬스장 하체 운동 루틴 \n\n#헬스장 #하체루틴 #웨이트\n――――――――――――――\n💌 인스타 :  https://www.instagram.com/somz_zi/\n💌 메일 :  ds02_28@naver.com \n――――――――――――――\n안녕 애들아 랜선언니 솜찌야\n많이들 요청했던 헬스장 운동루틴!!! 드디어 찍어봤다!!!!\n\n민망&머쓱해서 헬스장에서 카메라 아예 안켰는데 \n증말... 큰맘먹고 찍어봄^^!!!! \n\n난 운동을 배우기도 하고 꾸준히 했지만 \n아직 부족한 부분이 많아서ㅠ_ㅠ \n내 영상은 루틴정도로 참고만 하고\n자세같은 세세한 운동 방법은 운동 유튜버 분들을 참고해줘♥\n\n반응 좋으면 2탄 상체편으로 돌아올게에에",
        "thumbnail": "https://i.ytimg.com/vi/bCRPjHEGLH0/mqdefault.jpg",
        "youtubeVideoId": "bCRPjHEGLH0",
        "uploadedDate": "2021-05-19T06:42:51Z",
        "viewCount": 7569,
        "isCommercial": "False"
    },
    {
        "id": "f0556993-1662-436d-9041-da3340026112",
        "title": "의외로 쉽게 폭식증 극복한 딱 2가지 방법(다이어트 강박&식이장애 극복법)",
        "description": "의외로 쉽게 폭식증 극복한 딱 2가지 방법(다이어트 강박&식이장애 극복법)  \n\n#폭식증극복 #식이장애극복\n――――――――――――――\n💌 인스타 :  https://www.instagram.com/somz_zi/\n💌 메일 :  ds02_28@naver.com \n――――――――――――――\n\n안녕 애들아 랜선언니 솜찌야!\n오늘은 내가 마인드를 딱 2가지 고쳐먹고 \n생각보다 쉽게 폭식증을 극복하게 된 이야기를 준비했어\n\n나는 이런 방법으로 극복을 했는데 \n다이어트에는 정답이 없으니 내 이야기는 참고만 하고 \n각자의 맞는 방법을 찾았으면 좋겠어 \n\n오늘도 영상 봐줘서 고마워!!\n――――――――――――――\n00:00 소개 \n00:47 현재 상황 \n01:07 실패한 다이어트\n02:26 문제점 \n03:31 극복방법",
        "thumbnail": "https://i.ytimg.com/vi/eIbKfNFl3-Y/mqdefault.jpg",
        "youtubeVideoId": "eIbKfNFl3-Y",
        "uploadedDate": "2021-05-12T04:43:13Z",
        "viewCount": 29422,
        "isCommercial": "False"
    },
    {
        "id": "32da84ca-ed6d-4ad7-af6d-fe86be1633e4",
        "title": "내가 폭식증일까? 10kg 찌면서 겪었던 폭식증 증상과 심리상태",
        "description": "내가 폭식증일까? 10kg 찌면서 겪었던 폭식증 증상과 심리상태\n\n#폭식증 #다이어트강박증\n――――――――――――――\n💌 인스타 :  https://www.instagram.com/somz_zi/\n💌 메일 :  ds02_28@naver.com \n――――――――――――――\n안녕 애들아 랜선언니 솜찌야 \n이번 영상은 바디프로필 찍고난 이후 \n폭식증과 다이어트 강박증을 겪으면서 느꼈던\n심리와 감정들, 폭식증 증상에 대해 다뤄봤어\n\n지금은 폭식증을 거의 다 극복했거든!!! \n그래서 다음 영상에선 어떻게 극복 했는지 다뤄보도록 할게!\n\n오늘도 즐감!!!!!!!!!!!",
        "thumbnail": "https://i.ytimg.com/vi/feDlW4Zq7bg/mqdefault.jpg",
        "youtubeVideoId": "feDlW4Zq7bg",
        "uploadedDate": "2021-05-02T12:50:26Z",
        "viewCount": 50166,
        "isCommercial": "False"
    },
    {
        "id": "5881d1fd-914c-4d6a-b75f-48e1ceeff599",
        "title": "바디프로필 찍은 거 후회한다면서 다시 준비하는 이유(다이어트 강박&폭식증)",
        "description": "바디프로필 찍은 거 후회한다면서 다시 준비하는 이유(다이어트 강박&폭식증)\n\n#바디프로필준비 #건강한다이어트 \n――――――――――――――\n💌 인스타 :  https://www.instagram.com/somz_zi/\n💌 메일 :  ds02_28@naver.com \n――――――――――――――\n안녕 애들아 랜선언니 솜찌야!\n내가,,, 바디프로필 찍은 거 후회한다 해놓고 \n왜 다시 바디프로필 찍기로 마음 먹었는지에 대한 영상이야!\n\n이번 바디프로필은 처절하지 않게 내 삶을 지켜가면서 해볼려고!\n바디프로필 끝나도 지속 가능한 방법들로!!!!!!! \n앞으로 바디프로필 준비 과정도 잘 지켜봐줘 ♡\n스스로 극복해 나가볼게",
        "thumbnail": "https://i.ytimg.com/vi/Bk_StmH4YkU/mqdefault.jpg",
        "youtubeVideoId": "Bk_StmH4YkU",
        "uploadedDate": "2021-04-21T06:11:25Z",
        "viewCount": 140507,
        "isCommercial": "False"
    },
    {
        "id": "13d91cd3-4aab-41bc-b7f3-70d63f0f56d9",
        "title": "ENG) 솔직히 바디프로필 찍은거 후회합니다(+내가 겪은 바디프로필 부작용)",
        "description": "솔직히 바디프로필 찍은거 후회합니다(+심각한 바디프로필 부작용)\n\n#바디프로필 #부작용 \n――――――――――――――\n💌 인스타 :  https://www.instagram.com/somz_zi/\n💌 메일 :  ds02_28@naver.com \n――――――――――――――\n안녕 애들아 랜선언니 솜찌야\n바디프로필 끝나고 내가 겪었던 \n아무도 말해주지 않았던ㅠ_ㅠ \n후유증과 부작용에 대해서 이야기를 해볼려고해 \n\n과하게 다이어트를 하고있거나, 바디프로필 준비중인 사람이면\n한번쯤 보면 좋을 것 같은 영상이야!\n오늘 영상도 즐감 ♥",
        "thumbnail": "https://i.ytimg.com/vi/smxCLhv1U0E/mqdefault.jpg",
        "youtubeVideoId": "smxCLhv1U0E",
        "uploadedDate": "2021-04-14T09:09:57Z",
        "viewCount": 954944,
        "isCommercial": "False"
    },
    {
        "id": "67665fb2-701b-422c-9cbb-d6de13959836",
        "title": "43kg 만들고 바디프로필 찍은 사람의 성수기 다이어트 방법(+뱃살 박살 tip)",
        "description": "43kg 만들고 바디프로필 찍은 사람의 성수기 다이어트 방법(+뱃살 박살 tip) \n\n\n#바디프로필 #다이어트꿀팁\n――――――――――――――\n💌 인스타 :  https://www.instagram.com/somz_zi/\n💌 메일 :  ds02_28@naver.com \n――――――――――――――\n본 영상은 '황금구렁이'의 유료광고가 포함되어있으며\n'나에게 용기를' 제품은 단순 협찬 받았습니다. \n\n황금구렁이 구매링크  : https://bit.ly/3r4eRMj\n나에게용기를 구매링크 : https://bit.ly/3sQ53oR\n\n――――――――――――――\n안녕 애들아 랜선언니 솜찌야!!!!\n오늘은 특별히! 황금구렁이 이벤트도 가지고 왔는데!!!  \n참여방법 아주 간단하니까 모두모두 참여하고가기~~~~♥\n\n👉황금구렁이 이벤트 참여방법 \n1. 댓글로 나만의 다이어트 팁과 이메일주소 적기!\n2. 참여완료! \n\n👉당첨자 발표\n2021년 4월 16일 커뮤니티 공지  \n\n총 5명을 선정해서 영상에 나온 황금구렁이 제품 보내줄게!♡\n(메일주소 꼭꼭 적어줘야해!!!!!!!!!!!!)\n\n\n――――――――――――――\n\n\n* 황금구렁이 전문몰 오픈 기념 특별 할인코드\n- 할인코드 : SOMZZI1234\n- 할인기간 : ~3/31까지\n- 구매링크 : https://bit.ly/3r4eRMj",
        "thumbnail": "https://i.ytimg.com/vi/O6tqLr8QdiU/mqdefault.jpg",
        "youtubeVideoId": "O6tqLr8QdiU",
        "uploadedDate": "2021-04-07T07:43:05Z",
        "viewCount": 52213,
        "isCommercial": "True"
    },
    {
        "id": "9eccf305-6a14-40b5-846c-60d874eee648",
        "title": "체지방만 -8kg 감량▶바디프로필 촬영! 다이어트 식단 총정리(+성공비결&꿀팁)",
        "description": "체지방만 -8kg 감량▶바디프로필 촬영! 다이어트 식단 총정리(+성공비결&꿀팁)\n\n#바디프로필 #다이어트식단 \n――――――――――――――\n💌 인스타 :  https://www.instagram.com/somz_zi/\n💌 메일 :  ds02_28@naver.com \n――――――――――――――\n00:00 인트로\n01:27 1단계 식단 \n02:28 2단계 식단\n05:19 3단계 식단\n08:05 다이어트 성공비결 \n08:29 식욕 참는법\n09:23 체중감량TIP\n10:38 가장 중요한것\n11:21 마지막",
        "thumbnail": "https://i.ytimg.com/vi/mdPXCubV-OA/mqdefault.jpg",
        "youtubeVideoId": "mdPXCubV-OA",
        "uploadedDate": "2021-01-11T10:02:33Z",
        "viewCount": 130105,
        "isCommercial": "False"
    },
    {
        "id": "d663c275-3908-46e8-b53d-5711a4399b6c",
        "title": "먹기만 했을 뿐인데...살 쭈욱 빠지는 다이어트 레시피 2탄 Diet recipe",
        "description": "먹기만 했을 뿐인데...살 쭈욱 빠지는 다이어트 레시피 2탄 Diet recipe \n\n――――――――――――――\n💌 인스타 :  https://www.instagram.com/somz_zi/\n💌 메일 :  ds02_28@naver.com \n――――――――――――――\n레시피 문의가 너무 많아서 준비한!!!!\n저탄고단백 다이어트식단!! \n\n+아 그리고 몸무게를 많이 물어보길래^^;;\n바디프로필 끝나고 운동 꾸준히 하면서 \n근력도 찌우고 살도 찌워서 49~51kg 유지중!",
        "thumbnail": "https://i.ytimg.com/vi/3M-BmQeKWIQ/mqdefault.jpg",
        "youtubeVideoId": "3M-BmQeKWIQ",
        "uploadedDate": "2021-01-03T11:50:13Z",
        "viewCount": 22051,
        "isCommercial": "False"
    },
    {
        "id": "5874f054-a89d-499f-b7e6-ca00fd2aa264",
        "title": "마르면 좋은거 아냐? 마른 사람만 알 수 있는 치명적인 단점들",
        "description": "――――――――――――――\n💌 인스타 :  https://www.instagram.com/somz_zi/\n💌 메일 :  ds02_28@naver.com \n――――――――――――――",
        "thumbnail": "https://i.ytimg.com/vi/wjrcHGl3UbE/mqdefault.jpg",
        "youtubeVideoId": "wjrcHGl3UbE",
        "uploadedDate": "2020-12-17T07:30:40Z",
        "viewCount": 182299,
        "isCommercial": "False"
    },
    {
        "id": "75a99066-fe39-463b-876f-25e3dd805f41",
        "title": "-8kg감량 다이어터가 알려주는 살 쭉~쭉 빠지는 🍕다이어트 레시피 7가지🍕",
        "description": "-8kg감량 다이어터가 알려주는 살 쭉~쭉 빠지는 🍕다이어트 레시피 7가지🍕\n\n#다이어트레시피 #다이어트식단 \n――――――――――――――\n💌 인스타 :  https://www.instagram.com/somz_zi/\n💌 메일 :  ds02_28@naver.com \n――――――――――――――\n안녕 애들아 랜선언니 솜찌야!\n\n살 찌게 만드는게 나쁜탄수화물이잖아?\n그래서 최대한 탄수화물은 적게, 좋은 지방과 단백질은 \n충분히 먹을 수 있는 건강한 레시피들로 준비해봤어!\n\n닭가슴살만 먹거나, 원푸드로 하는 다이어트는 이제 그만ㅠㅠ...\n맛있게, 건강하게 먹고 다이어트하자!!!",
        "thumbnail": "https://i.ytimg.com/vi/gC8-qlvY1co/mqdefault.jpg",
        "youtubeVideoId": "gC8-qlvY1co",
        "uploadedDate": "2020-12-07T14:00:39Z",
        "viewCount": 33574,
        "isCommercial": "False"
    },
    {
        "id": "5abd4f6b-2b8f-41d9-aeb3-3fcd12a5f2b0",
        "title": "🔥급찐급빠🔥 맛있는 음식 먹으면서 일주일 -3kg 감량한 식단과 꿀팁",
        "description": "🔥급찐급빠🔥 맛있는 음식 먹으면서 일주일 -3kg 감량한 식단과 꿀팁\n\n#저탄고지 #다이어트\n――――――――――――――\n💌 인스타 :  https://www.instagram.com/somz_zi/\n💌 메일 :  ds02_28@naver.com \n――――――――――――――\n*본 영상은 안고파 방탄커피의 유료광고가 포함되어 있습니다* \n\n닥터린에서 제공하는 특별 할인(11/18~25)\n아래 링크에서 저탄고지필수템 \"닥터린 안고파오리지널\"을 \n10%할인된 가격에 구입하실 수 있습니다!\n▶https://bit.ly/2UzR5YH\n\n――――――――――――――\n저탄고지(키토다이어트)로 일주일 약 3KG 감량했고\n방탄커피만 먹고 다이어트 한게 아니며,\n저탄수화물 식단을 가져가면서 충분한 지방(좋은지방)을 먹어줬어! \n(탄수 5~10% / 단백질 20~25% / 지방 60~70%)\n\n저탄고지 다이어트는 사람에 따라 효과가 다르니 내 영상은 참고만 하고  \n자신에 몸에 맞게 다이어트 진행했으면 좋겠어!",
        "thumbnail": "https://i.ytimg.com/vi/t_B2B5UQL4c/mqdefault.jpg",
        "youtubeVideoId": "t_B2B5UQL4c",
        "uploadedDate": "2020-11-18T01:45:47Z",
        "viewCount": 34757,
        "isCommercial": "True"
    },
    {
        "id": "c7cd1a2d-8f81-4d28-9921-fa3631d74d25",
        "title": "ENG) -8KG 감량 후 바디프로필 찍은 운동&꿀팁 총정리 (+살 제일 잘빠졌던 운동)",
        "description": "-8KG 감량 후 바디프로필 찍은 운동&꿀팁 총정리 (+살 제일 잘빠졌던 운동)\n\n#다이어트 #운동\n――――――――――――――\n💌 인스타 :  https://www.instagram.com/somz_zi/\n💌 메일 :  ds02_28@naver.com \n――――――――――――――\n안녕 애들아 랜선언니 솜찌야 !",
        "thumbnail": "https://i.ytimg.com/vi/cKoBaEEAKxc/mqdefault.jpg",
        "youtubeVideoId": "cKoBaEEAKxc",
        "uploadedDate": "2020-11-05T05:11:58Z",
        "viewCount": 190377,
        "isCommercial": "False"
    },
    {
        "id": "fc7da125-eca7-4a6e-a563-c55f0bf6177c",
        "title": "경도비만▶바디프로필 찍기까지!(-8kg) 식단, 운동, 바디프로필 질문 총정리",
        "description": "경도비만▶바디프로필 찍기까지!(-8kg) 식단, 운동, 바디프로필 질문 총정리 \n\n――――――――――――――\n💌 인스타 :  https://www.instagram.com/somz_zi/\n💌 메일 :  ds02_28@naver.com \n――――――――――――――\n안녕 애들아 랜선언니 솜찌야\n오늘은 바디프로필 관련 QnA를 준비해봤어 \n식단같은 경우엔 바디프로필이라 어쩔 수 없이 \n극단적으로 가져갔다는 점, 그래서 절대 참고만 하라는 점!!!!\n\n3끼 영양소 골고루 챙겨먹고 건강하게 다이어트 하자!!!♥",
        "thumbnail": "https://i.ytimg.com/vi/kdfeyhncJK4/mqdefault.jpg",
        "youtubeVideoId": "kdfeyhncJK4",
        "uploadedDate": "2020-10-13T06:36:23Z",
        "viewCount": 39326,
        "isCommercial": "False"
    },
    {
        "id": "4c491cf9-363f-4f8d-a91c-fe31308a93d2",
        "title": "체지방율 17%? 바디프로필 D-10 인바디 결과 공개!!!!",
        "description": "체지방율 17%? 바디프로필 D-10 인바디 결과 공개!!!! \n\n#바디프로필 #인바디\n――――――――――――――\n💌 인스타 :  https://www.instagram.com/somz_zi/\n💌 메일 :  ds02_28@naver.com \n――――――――――――――",
        "thumbnail": "https://i.ytimg.com/vi/2v8Q0Br7aEg/mqdefault.jpg",
        "youtubeVideoId": "2v8Q0Br7aEg",
        "uploadedDate": "2020-09-16T07:41:53Z",
        "viewCount": 8574,
        "isCommercial": "False"
    },
    {
        "id": "e0f69cc4-5642-4403-96bd-cefdf937d954",
        "title": "체지방만 -5KG 감량한 사람이 말해주는 쉽게 살 빼는 방법",
        "description": "체지방만 -5KG 감량한 사람이 말해주는 쉽게 살 빼는 방법 \n――――――――――――――\n💌 인스타 :  https://www.instagram.com/somz_zi/\n💌 메일 :  ds02_28@naver.com \n――――――――――――――\n바디프로필 D-11일 남았구요..두구두구 \n\n※나처럼 절대 식단 따라하지말고※\n딱 한끼만 클린하게 탄단지 챙겨먹고\n스트레스만 안받아도 다이어트 성공할 수 있다!!!!!!",
        "thumbnail": "https://i.ytimg.com/vi/UBELc225z-M/mqdefault.jpg",
        "youtubeVideoId": "UBELc225z-M",
        "uploadedDate": "2020-09-16T07:36:36Z",
        "viewCount": 102126,
        "isCommercial": "False"
    },
    {
        "id": "985a20b0-7857-4384-9430-1522a31ca6fb",
        "title": "(개웃김)닭가슴살 먹고 치킨 먹는거 실화냐고요｜다이어트 중 폭식이 찾아왔다  [VLOG]",
        "description": "(개웃김)닭가슴살 먹고 치킨 먹는거 실화냐고요｜다이어트 중 폭식이 찾아왔다  [VLOG]\n\n다이어트 일주일차\n먹고싶은걸 못 먹었더니 이렇게 되버렸어요~~~~~\n폭식과 다이어트 그 애매한 경계 사이...",
        "thumbnail": "https://i.ytimg.com/vi/Gxdx3mnQr7M/mqdefault.jpg",
        "youtubeVideoId": "Gxdx3mnQr7M",
        "uploadedDate": "2019-03-19T14:17:31Z",
        "viewCount": 0,
        "isCommercial": "False"
    },
    {
        "id": "60664e6d-238c-4463-9ee2-6c59d465ab23",
        "title": "폭식과 맞서 싸우는 다이어트 6일차 [다이어트 브이로그]",
        "description": "폭식과 맞서 싸우는 다이어트 6일차 [다이어트 브이로그]\n\n다이어트... 계속 잘 할 수 있을까 걱정되는 \n다이어트 6일차 폭식 전조증상...",
        "thumbnail": "https://i.ytimg.com/vi/l-Je4iyRYy8/mqdefault.jpg",
        "youtubeVideoId": "l-Je4iyRYy8",
        "uploadedDate": "2019-03-13T05:53:00Z",
        "viewCount": 0,
        "isCommercial": "False"
    },
    {
        "id": "1d80015f-e300-4634-b3ed-175709534559",
        "title": "초밥 우동 먹방!!!! 아.. 맞다 다이어트..!!!｜5DAY [다이어트 브이로그]",
        "description": "초밥 우동 먹방!!!! 아.. 맞다 다이어트..!!!｜5DAY [다이어트 브이로그]\n\n다이어트와 먹방 사이를 흔들 흔들 하고있는\n다이어트 5일차 다이어트 브이로그...? 먹방...?",
        "thumbnail": "https://i.ytimg.com/vi/zSXag3nY7yU/mqdefault.jpg",
        "youtubeVideoId": "zSXag3nY7yU",
        "uploadedDate": "2019-03-12T11:59:38Z",
        "viewCount": 0,
        "isCommercial": "False"
    },
    {
        "id": "7f69fb35-c3ba-47c5-852c-61965077274e",
        "title": "3일만에 3KG 감량 실화? 다이어트 넘 쉬운걸 ｜DAY3 [DIET VLOG]",
        "description": "3일만에 3KG 감량해버림 ;; 다이어트 넘 쉬운걸 [DIET VLOG]\n\n다이어트 시작한지 3일차 \n몸무게를 쟀는데...?! 3키로 감량 실화????????",
        "thumbnail": "https://i.ytimg.com/vi/8KTz-Rzf_tk/mqdefault.jpg",
        "youtubeVideoId": "8KTz-Rzf_tk",
        "uploadedDate": "2019-03-10T10:28:35Z",
        "viewCount": 0,
        "isCommercial": "False"
    },
    {
        "id": "fbc111e4-8b74-422f-9c9f-3c85e50f8e0d",
        "title": "다이어트ING, 술자리 대처하는 방법｜DAY2 [DIET VLOG]",
        "description": "다이어트ING, 술자리 대처하는 방법｜DAY2 [DIET VLOG]\n\n다이어트 2일차에 찾아온 술자리... 그리고 시련 \n뜻밖의 흑역사 생성까지... \n운동하고, 식단 관리하고, 치킨 맞이하고, 술자리까지 견뎌낸 2일차 \n엉엉",
        "thumbnail": "https://i.ytimg.com/vi/fyF1vKeTNd4/mqdefault.jpg",
        "youtubeVideoId": "fyF1vKeTNd4",
        "uploadedDate": "2019-03-08T12:21:56Z",
        "viewCount": 0,
        "isCommercial": "False"
    },
    {
        "id": "1397ed53-6222-4c83-b08e-0e93d9bf848f",
        "title": "다이어트 첫날부터 찾아온 훠거, 고로케, 마카롱.... ｜DAY1 [DIET VLOG]",
        "description": "다이어트 1day : 시작과 함께 찾아온 훠거, 고로케, 마카롱.... [VLOG]\n\n다이어트 첫째날!\n훠거, 고로케, 마카롱의 유혹을 이길 수 있을것인가",
        "thumbnail": "https://i.ytimg.com/vi/ujPwnYvwUA0/mqdefault.jpg",
        "youtubeVideoId": "ujPwnYvwUA0",
        "uploadedDate": "2019-03-08T10:00:48Z",
        "viewCount": 0,
        "isCommercial": "False"
    },
    {
        "id": "c09351d5-8b75-4ef0-9481-58353da5085f",
        "title": "다이어트 워밍업 : 같이 살 뺄 사람 大모집",
        "description": "다이어트 워밍업 : 같이 살 뺄 사람 大모집\n\n안녕하세요 솜찌입니다. \n내일부터 매일(아닐수도 있음...ㅎ) 다이어트 하루 하루의 기록이 올라옵니다! 흐흐흐흐 같이 다이어트 할 사람?~",
        "thumbnail": "https://i.ytimg.com/vi/rlY9_klaUaQ/mqdefault.jpg",
        "youtubeVideoId": "rlY9_klaUaQ",
        "uploadedDate": "2019-03-07T11:36:26Z",
        "viewCount": 0,
        "isCommercial": "False"
    },
    {
        "id": "d81514b0-f5a9-4762-a58b-de23fbfffa07",
        "title": "프로 다이어터의 2주 5KG 감량｜다이어트 식단 & 운동 (+몸매공개)",
        "description": "프로 다이어터의 2주 5KG 감량 다이어트 식단 & 운동 (+몸매공개)\n\n안녕하세요 솜찌입니다\n얼마전, 인바디를 하러갔는데... 과체중이라고...ㅠㅠ\n그래서 2주간 5키로 감량하는 다이어트를 시작합니다\n저와 함께 살 빼실 분~~~~~~~~~!",
        "thumbnail": "https://i.ytimg.com/vi/UT3OPceesB8/mqdefault.jpg",
        "youtubeVideoId": "UT3OPceesB8",
        "uploadedDate": "2019-03-07T11:35:45Z",
        "viewCount": 0,
        "isCommercial": "False"
    }
]