[
    {
        "id": "6ae5f757-25d7-43de-b9a3-35588ebcabea",
        "title": "련덩이 대방출 강남 비키니 데이트",
        "description": "트위치 - https://www.twitch.tv/sooflower\n인스타그램 - https://www.instagram.com/soo_flower\n수게더 - https://tgd.kr/sooflower\n\nSummer - Julian Avila\nSoundcloud : https://soundcloud.com/julian_avila\nMusic Playlist by http://reurl.kr/1992B2F2CW\n\nSong: Joakim Karud - Good Old Days (Vlog No Copyright Music)\nMusic provided by Vlog No Copyright Music.\nVideo Link: https://youtu.be/Zl3r_HPulLk\n𝑴𝒖𝒔𝒊𝒄 𝑷𝒍𝒂𝒚𝒍𝒊𝒔𝒕 : https://youtu.be/o1IrDC9sQoU\n\nCloudy by KODOMOi https://soundcloud.com/kodomoimusic\nCreative Commons — Attribution 3.0 Unported  — CC BY 3.0 \nFree Download / Stream: http://bit.ly/2DTIQji\nMusic promoted by Au\n\n#라프레타 #선정릉 #수영장라운지",
        "thumbnail": "https://i.ytimg.com/vi/2tumS2s7O78/mqdefault.jpg",
        "youtubeVideoId": "2tumS2s7O78",
        "uploadedDate": "2021-09-02T10:36:48Z",
        "viewCount": 301237,
        "isCommercial": "True"
    },
    {
        "id": "ca893a08-7339-4bdd-a800-7bfc67b6794b",
        "title": "야드랑이맛 뒷모습 쿡방",
        "description": "트위치 - https://www.twitch.tv/sooflower\n인스타그램 - https://www.instagram.com/soo_flower\n수게더 - https://tgd.kr/sooflower\n\n#라면전",
        "thumbnail": "https://i.ytimg.com/vi/gzJJubcIfoM/mqdefault.jpg",
        "youtubeVideoId": "gzJJubcIfoM",
        "uploadedDate": "2021-09-02T10:36:48Z",
        "viewCount": 19890,
        "isCommercial": "False"
    },
    {
        "id": "1039dcd5-5864-4f5b-b1ae-40993e54d0e4",
        "title": "백야극광 비키니 코스튬 출시? 엘시 코스프레 최초공개!",
        "description": "* 다운로드: https://alchemystars.customlinks.appsflyer.com/2nvl/ab66886a\n* 공식 홈페이지: https://www.alchemystars.kr/  \n* 공식 카페: https://cafe.naver.com/alchemystarskr \n* 공식 트위터: https://twitter.com/AlchemyStarsKR\n\n#백야극광 #해신제 #여름이벤트 #초대형업데이트\n\n트위치 - https://www.twitch.tv/sooflower\n인스타그램 - https://www.instagram.com/soo_flower\n수게더 - https://tgd.kr/sooflower",
        "thumbnail": "https://i.ytimg.com/vi/mPJrS8dGSTs/mqdefault.jpg",
        "youtubeVideoId": "mPJrS8dGSTs",
        "uploadedDate": "2021-09-02T10:36:48Z",
        "viewCount": 13946,
        "isCommercial": "False"
    },
    {
        "id": "c91bef16-31a2-478a-9e00-c9a5ca2e8fd4",
        "title": "원신 감우 야드랑이",
        "description": "트위치 - https://www.twitch.tv/sooflower\n인스타그램 - https://www.instagram.com/soo_flower\n수게더 - https://tgd.kr/sooflower\n\n#shorts",
        "thumbnail": "https://i.ytimg.com/vi/TmrDGiVq_YA/mqdefault.jpg",
        "youtubeVideoId": "TmrDGiVq_YA",
        "uploadedDate": "2021-09-02T10:36:48Z",
        "viewCount": 9299,
        "isCommercial": "False"
    },
    {
        "id": "9ee18f0c-4123-413b-b813-bc31b8e53b58",
        "title": "내가 xx때 내는 소리가 이거라고?ㄷㄷ 이상한 심리테스트",
        "description": "트위치 - https://www.twitch.tv/sooflower\n인스타그램 - https://www.instagram.com/soo_flower\n수게더 - https://tgd.kr/sooflower\n\n#심리테스트",
        "thumbnail": "https://i.ytimg.com/vi/21RmJn_WP_Y/mqdefault.jpg",
        "youtubeVideoId": "21RmJn_WP_Y",
        "uploadedDate": "2021-09-02T10:36:48Z",
        "viewCount": 13082,
        "isCommercial": "False"
    },
    {
        "id": "01e65110-1da9-4749-9e57-bba1dced1467",
        "title": "앞뒤가 웅장한 코스프레",
        "description": "트위치 - https://www.twitch.tv/sooflower\n인스타그램 - https://www.instagram.com/soo_flower\n수게더 - https://tgd.kr/sooflower\n\n#shorts #페그오 #마슈",
        "thumbnail": "https://i.ytimg.com/vi/3QkgVuwnqW8/mqdefault.jpg",
        "youtubeVideoId": "3QkgVuwnqW8",
        "uploadedDate": "2021-09-02T10:36:48Z",
        "viewCount": 13871,
        "isCommercial": "False"
    },
    {
        "id": "9fbba151-5bba-4490-be4a-771af2045c8f",
        "title": "명치가 착한 찹쌀떡 쿡방",
        "description": "트위치 - https://www.twitch.tv/sooflower\n인스타그램 - https://www.instagram.com/soo_flower\n수게더 - https://tgd.kr/sooflower\n\n#흑밥 #쿡방 #찹쌀떡\n\n▬▬▬▬▬▬▬▬▬▬▬▬▬▬▬▬▬▬▬▬▬▬▬▬▬▬▬▬▬▬▬▬\n🎵Music provided by 브금대통령 \n🎵Track : 딩동당딩동 - https://youtu.be/XR8FOHqcJks \n🎵Track : 걸음마  - https://youtu.be/45rnZMLrYGQ\n🎵Track : Lazy Waltz - https://youtu.be/lz34dgf_v8Q \n🎵Track : 잠자리잡기 - https://youtu.be/UkOw_oz0wGY \n▬▬▬▬▬▬▬▬▬▬▬▬▬▬▬▬▬▬▬▬▬▬▬▬▬▬▬▬▬▬▬▬",
        "thumbnail": "https://i.ytimg.com/vi/qXRUVda2N2E/mqdefault.jpg",
        "youtubeVideoId": "qXRUVda2N2E",
        "uploadedDate": "2021-09-02T10:36:48Z",
        "viewCount": 25586,
        "isCommercial": "False"
    },
    {
        "id": "d1618d1d-4acc-48a5-90a5-a8d7dbe02abe",
        "title": "남자친구? 결혼 유무? 궁금한 거 대답해드리는 바니걸",
        "description": "트위치 - https://www.twitch.tv/sooflower\n인스타그램 - https://www.instagram.com/soo_flower\n수게더 - https://tgd.kr/sooflower\n\n🎵Music provided by 브금대통령\n🎵Track : 우리 똥강아지 - https://youtu.be/bn-EJr_Bo4Y\n🎵Track : 마! 내가 다 했어! - https://youtu.be/c17yEkPBxnQ\n🎵Track : I Go Hawaii - https://youtu.be/ByHDDQo9lL4",
        "thumbnail": "https://i.ytimg.com/vi/s5_AHOBjHfQ/mqdefault.jpg",
        "youtubeVideoId": "s5_AHOBjHfQ",
        "uploadedDate": "2021-09-02T10:36:48Z",
        "viewCount": 26321,
        "isCommercial": "False"
    },
    {
        "id": "8c75a67f-5081-4cb9-9c48-7268a3ea44b0",
        "title": "뒤에 아저씨가 동전 넣어주는 게임",
        "description": "트위치 - https://www.twitch.tv/sooflower\n인스타그램 - https://www.instagram.com/soo_flower\n수게더 - https://tgd.kr/sooflower",
        "thumbnail": "https://i.ytimg.com/vi/c-s-giBV_xc/mqdefault.jpg",
        "youtubeVideoId": "c-s-giBV_xc",
        "uploadedDate": "2021-09-02T10:36:48Z",
        "viewCount": 12663,
        "isCommercial": "False"
    },
    {
        "id": "e78c3927-e635-49f4-941c-7a8a61874263",
        "title": "혼돈의 샌드위치 쿡방",
        "description": "트위치 - https://www.twitch.tv/sooflower\n인스타그램 - https://www.instagram.com/soo_flower\n수게더 - https://tgd.kr/sooflower",
        "thumbnail": "https://i.ytimg.com/vi/H28BF9Gz51k/mqdefault.jpg",
        "youtubeVideoId": "H28BF9Gz51k",
        "uploadedDate": "2021-09-02T10:37:23Z",
        "viewCount": 15455,
        "isCommercial": "False"
    },
    {
        "id": "6f21e6f7-25a4-4aa7-9bd1-9f0430c5b325",
        "title": "좀비 게임이라니... 너무 좋은데요?",
        "description": "좀비 게임이라니... 너무 좋은데요?\n\n \"퍼즐오브z 쿠폰\" : sooflower 입력하시면 \n다이아 100, 10분 가속 10, 훈련 10분 가속 10, 건설 10분 가속 10, 개발 10분 가속 10, 항혈청*20 등!\n육성에 많은 도움 되는 아이템을 증정해드리니 쿠폰 쓰고 빠른 성장 해봐요~!\n \n- 지금 다운로드 하기 \nhttps://poz.onelink.me/F7wm/67b346a4\n\n#퍼즐오브z #모바일게임 #김옥빈게임",
        "thumbnail": "https://i.ytimg.com/vi/GRLhVcmj5HM/mqdefault.jpg",
        "youtubeVideoId": "GRLhVcmj5HM",
        "uploadedDate": "2021-09-02T10:37:23Z",
        "viewCount": 5430,
        "isCommercial": "False"
    },
    {
        "id": "cdfe7549-69f2-474f-a685-d81669e434c7",
        "title": "\"그\" 코스프레로 링피트 해봤습니다",
        "description": "트위치 - https://www.twitch.tv/sooflower\n인스타그램 - https://www.instagram.com/soo_flower\n수게더 - https://tgd.kr/sooflower\n\n#제로투",
        "thumbnail": "https://i.ytimg.com/vi/Z94D29dZSjg/mqdefault.jpg",
        "youtubeVideoId": "Z94D29dZSjg",
        "uploadedDate": "2021-09-02T10:37:45Z",
        "viewCount": 143102,
        "isCommercial": "False"
    },
    {
        "id": "50253cfc-e0d6-4abb-ba00-5d3d37901920",
        "title": "요염하고 우아한 스파이더걸 등장!",
        "description": "트위치 - https://www.twitch.tv/sooflower\n인스타그램 - https://www.instagram.com/soo_flower\n수게더 - https://tgd.kr/sooflower",
        "thumbnail": "https://i.ytimg.com/vi/yryk_jS486E/mqdefault.jpg",
        "youtubeVideoId": "yryk_jS486E",
        "uploadedDate": "2021-09-02T10:38:09Z",
        "viewCount": 81593,
        "isCommercial": "False"
    },
    {
        "id": "ff76e87f-5bc3-4cf4-85a1-fcd4a364c2f8",
        "title": "Private video",
        "description": "This video is private.",
        "thumbnail": null,
        "youtubeVideoId": "Go7wEaNjpxI",
        "uploadedDate": "2021-09-02T10:38:09Z",
        "viewCount": 26836,
        "isCommercial": "True"
    },
    {
        "id": "3f540b0a-2b77-4bcb-9415-685ee53db446",
        "title": "그... 수련씨는 제육을... 잘 볶나?",
        "description": "트위치 - https://www.twitch.tv/sooflower\n인스타그램 - https://www.instagram.com/soo_flower\n수게더 - https://tgd.kr/sooflower",
        "thumbnail": "https://i.ytimg.com/vi/y6pNxK0Sv_Q/mqdefault.jpg",
        "youtubeVideoId": "y6pNxK0Sv_Q",
        "uploadedDate": "2021-09-02T10:38:09Z",
        "viewCount": 128983,
        "isCommercial": "False"
    },
    {
        "id": "abc4eaa4-3e37-44c9-8e9a-221997ab35d7",
        "title": "불 좀 꺼줄래? 내 렘 좀 보게 | 리제로 렘 코스프레",
        "description": "#리제로 #렘코스프레 #렘\n\n트위치 - https://www.twitch.tv/sooflower\n인스타그램 - https://www.instagram.com/soo_flower\n수게더 - https://tgd.kr/sooflower\n\n♬ Clouds - Joakim Karud \n♬ Soundcloud : https://soundcloud.com/joakimkarud\n---------------------------------------------------------------\n♬ 봄날의 걸음마 - 임샛별\n♬ Soundcloud : https://youtu.be/eox9VNLtstg",
        "thumbnail": "https://i.ytimg.com/vi/TLDNDwBsMoA/mqdefault.jpg",
        "youtubeVideoId": "TLDNDwBsMoA",
        "uploadedDate": "2021-09-02T10:39:12Z",
        "viewCount": 0,
        "isCommercial": "False"
    },
    {
        "id": "3cc4e2da-4dc4-4e50-8054-1194602bc115",
        "title": "청순함 MAX 찍은 코스프레 | 일루전 커넥트 화보 촬영",
        "description": "#일루전커넥트 #화보촬영 #브이로그 \n\n트위치 - https://www.twitch.tv/sooflower\n인스타그램 - https://www.instagram.com/soo_flower\n수게더 - https://tgd.kr/sooflower\n\n🎵 Song : Ujabes - Hiraeth\n🎵 Music provided by Ujabes of RAUMI\n🎵 Official Video Link: https://youtu.be/6skdqSMkzJw\n\n♬ Clouds - Joakim Karud \n♬ Soundcloud : https://soundcloud.com/joakimkarud\n---------------------------------------------------------------\n♬ Music provided by 브금대통령\n♬ Track : I Wanna be a Rockstar - https://youtu.be/HC-ODkmRzfc\n---------------------------------------------------------------\n♬ Music provided by 브금대통령\n♬ Track : 댕청댕청 - https://youtu.be/5qEI_xTPa-Q\n---------------------------------------------------------------\n♬ Music provided by 브금대통령\n♬ Track : 봄이 오나봐요 - https://youtu.be/BfGplPP-WZ4",
        "thumbnail": "https://i.ytimg.com/vi/By9kBTkbK-U/mqdefault.jpg",
        "youtubeVideoId": "By9kBTkbK-U",
        "uploadedDate": "2021-09-02T10:39:12Z",
        "viewCount": 0,
        "isCommercial": "False"
    },
    {
        "id": "366ac95c-96fa-4ca0-8cd7-84867f633892",
        "title": "티파 코스프레로 트수 기강잡기",
        "description": "#파이널판타지7 #티파 #코스프레\n\n트위치 - https://www.twitch.tv/sooflower\n인스타그램 - https://www.instagram.com/soo_flower\n수게더 - https://tgd.kr/sooflower\n\n🎵Music provided by 브금대통령\n🎵Track : 갑자기 멍때리기 - https://youtu.be/TdQYTw-jhw8\n\n🎵Music provided by 브금대통령\n🎵Track : 귀여운 BGM 모음 - https://youtu.be/hgNrf9QqAA0",
        "thumbnail": "https://i.ytimg.com/vi/8-VT2j8NTi8/mqdefault.jpg",
        "youtubeVideoId": "8-VT2j8NTi8",
        "uploadedDate": "2021-09-02T10:39:47Z",
        "viewCount": 0,
        "isCommercial": "False"
    },
    {
        "id": "2b827deb-c607-44cb-8db5-fb703c206bc1",
        "title": "코피 쏟는 명치 메이드를 입고 전화 데이트?!",
        "description": "#수련 #전화데이트 #트위치수련\n\n트위치 - https://www.twitch.tv/sooflower\r\n인스타그램 - https://www.instagram.com/soo_flower\r\n수게더 - https://tgd.kr/sooflower\n\n\"전화데이트 참여해준 트수분들 감사합니다! 생방도 보러와주세용~\"\n\n🎵Music provided by 브금대통령\n🎵Track : Kid's Room - https://youtu.be/e4w3WzWeFbg\n\n🎵Music provided by 브금대통령\n🎵Track : 도둑의 계획 - https://youtu.be/CKuI-6-Izhc\n\n🎵Music provided by 브금대통령\n🎵Track : 햄스터의 모험 - https://youtu.be/xfFzi-ryDVQ\n\n🎵Music provided by 브금대통령\n🎵Track : 말괄량이의 하루 - https://youtu.be/_VicFEDQc0U\n\n🎵Music provided by 브금대통령\n🎵Track : Monday Jazz - https://youtu.be/E-O4imzpy0k\n\n🎵Music provided by 브금대통령\n🎵Track : Happy Family - https://youtu.be/2vAJDpUbAK4",
        "thumbnail": "https://i.ytimg.com/vi/2UjzvhTG58w/mqdefault.jpg",
        "youtubeVideoId": "2UjzvhTG58w",
        "uploadedDate": "2021-09-02T10:40:09Z",
        "viewCount": 0,
        "isCommercial": "False"
    },
    {
        "id": "6ee2a650-f7a8-4eea-a275-03afb0026a07",
        "title": "명치메이드와 옆트임엘프 코스프레",
        "description": "#WISH #스팀게임 #코스프레\n\n스팀 신작게임 Wish의 코스프레를 해봤습니다~ \n첫 공식 게임 코스프레 모델이라 많이 긴장했는데 잘 어울리나요?\n밑 스팀링크에서 구입하고 플레이 해보실 수 있어요!!\n수련쨩이 코스프레한 캐릭터 말고도 이쁘고 건강한 캐릭터들이 등장하니 많은 관심 부탁드립니다!!\n\nWish\n게임링크\nhttps://store.steampowered.com/app/1268940/Wish__Innocent/\n\n유튜브\nhttps://www.youtube.com/watch?v=72D28Am06F8\n\n트위터\nhttps://twitter.com/steam_wish\n\n\n수련수련\n트위치 - https://www.twitch.tv/sooflower\r\n인스타그램 - https://www.instagram.com/soo_flower\r\n수게더 - https://tgd.kr/sooflower",
        "thumbnail": "https://i.ytimg.com/vi/oSiXQI02CGM/mqdefault.jpg",
        "youtubeVideoId": "oSiXQI02CGM",
        "uploadedDate": "2021-09-02T10:40:09Z",
        "viewCount": 0,
        "isCommercial": "False"
    },
    {
        "id": "795ee0c4-7b9f-4662-8781-49a3b982d897",
        "title": "FGO 타마모[玉藻の前] 수영복 버전 화보 촬영",
        "description": "#코스프레 #타마모 #비키니\n\n가자미님과 함께한 타마모 비키니 웹화보가 드디어 공개되었습니다!\n영상에서 보신 화보 어떻게 이쁘게 나왔을지 궁금하시죠!!\nhttps://gumroad.com/l/DtReo\n이곳에서 12.9달러로 판매중입니다!\n초고화질 사양에+물과 오일을 활용해 몸의 질감이 너무 이쁘게 나왔으니~..많이 보러와 주세요\n\n트위치 - https://www.twitch.tv/sooflower\n인스타그램 - https://www.instagram.com/soo_flower\n수게더 - https://tgd.kr/sooflowerr\n\n\n\n🎵Music provided by 브금대통령 \n🎵Track : 학교가는길 - https://youtu.be/ZtJayvqz9xs \n\n🎵Music provided by 브금대통령\n🎵Track : 브금의숲 - https://youtu.be/bVMW54kAO94",
        "thumbnail": "https://i.ytimg.com/vi/reACS91k6nA/mqdefault.jpg",
        "youtubeVideoId": "reACS91k6nA",
        "uploadedDate": "2021-09-02T10:40:09Z",
        "viewCount": 0,
        "isCommercial": "False"
    },
    {
        "id": "05408c9f-aaea-423b-bb66-2de84c71b0ae",
        "title": "따효니의배틀시티에 나온 수련",
        "description": "#따효니의배틀시티 #유희왕 #수련\n\n트위치 - https://www.twitch.tv/sooflower\r\n인스타그램 - https://www.instagram.com/soo_flower\r\n수게더 - https://tgd.kr/sooflower",
        "thumbnail": "https://i.ytimg.com/vi/kMQIFSEnwBY/mqdefault.jpg",
        "youtubeVideoId": "kMQIFSEnwBY",
        "uploadedDate": "2021-09-02T10:40:09Z",
        "viewCount": 0,
        "isCommercial": "False"
    },
    {
        "id": "f0ba34ca-f845-47c0-b284-3fec5e9844ae",
        "title": "\"헤스티아 여신님의 구미베어\"",
        "description": "\"트위치 1주년동안 함께해준 트수님들 너무 고마워요~~유튜브도 힘냅시다!!\"\n\n트위치 - https://www.twitch.tv/sooflower\r\n인스타그램 - https://www.instagram.com/soo_flower\r\n수게더 - https://tgd.kr/sooflower\n\n#헤스티아 #구미베어 #1주년감사",
        "thumbnail": "https://i.ytimg.com/vi/UMibRwJDXBE/mqdefault.jpg",
        "youtubeVideoId": "UMibRwJDXBE",
        "uploadedDate": "2021-09-02T10:40:49Z",
        "viewCount": 0,
        "isCommercial": "False"
    },
    {
        "id": "5159461d-ebac-4940-9dce-0278e8c2e980",
        "title": "엘리자베스 코스프레하는 수련쨩",
        "description": "2월 16일에 홍대에서 스타후르츠의 버스킹이 있습니다 \n걷고싶은거리쪽 버스킹존4에서 6시부터 8시까지 해욤! 많이 보러와주세요~~\n\n트위치 - https://www.twitch.tv/sooflower\r\n인스타그램 - https://www.instagram.com/soo_flower\r\n수게더 - https://tgd.kr/sooflower\\\n\n#일곱개의대죄 #엘리자베스 #트위치수련",
        "thumbnail": "https://i.ytimg.com/vi/W7Ih7rWNEyg/mqdefault.jpg",
        "youtubeVideoId": "W7Ih7rWNEyg",
        "uploadedDate": "2021-09-02T10:40:49Z",
        "viewCount": 0,
        "isCommercial": "False"
    },
    {
        "id": "c6161039-cb2c-4f15-a7a3-16328efac3c8",
        "title": "나랑 편의점에서 썸 탈래?",
        "description": "안녕하세요~\n화제의 신작 썸썸편의점을 플레이 해봤습니다~\n그리고..\n드디어 유튜브 구독자 만명을 달성했습니다!!!(박수 박수)\n만팔기념 Q&A를 할 예정입니다..\nhttps://www.youtube.com/channel/UCOo2BVhH0-f03z8IhtG3msw/community?view_as=subscriber\n요기서 댓글로 질문 남겨주면 감사합니당!!!\n\n\n트위치-https://www.twitch.tv/sooflower\n\n인스타-https://www.instagram.com/soo_flower/\n\n \n\n#수련수련 #트위치 #썸썸편의점 #편수희",
        "thumbnail": "https://i.ytimg.com/vi/sn2DfONvy2I/mqdefault.jpg",
        "youtubeVideoId": "sn2DfONvy2I",
        "uploadedDate": "2021-09-02T10:40:49Z",
        "viewCount": 0,
        "isCommercial": "False"
    },
    {
        "id": "4efff7c6-d859-4786-b865-a31efb5a2752",
        "title": "인생 캐릭터 코스 했는데 잡혀갈 뻔 했습니다",
        "description": "유하~~\n오랜만 이네요 ㅠㅠ\n2020년에는 유튜브도 더 많은 성장을 이룰수 있기를 바랍니다. ++\n\n0:25초 관련해서 지속적으로 말씀이 많으신데 \n니플패치를 붙이고 미츠리 코스프레를 진행했습니다~!\n\n수련수련 \n\n트위치-https://www.twitch.tv/sooflower\n\n인스타-https://www.instagram.com/soo_flower/\n\n \n브금출처 - https://www.youtube.com/watch?v=nEJjydTh98E\n\n#수련수련 #트위치 #귀멸의칼날 #Kimetsu no Yaiba #鬼滅の刃 #甘露寺 蜜璃",
        "thumbnail": "https://i.ytimg.com/vi/EvxEY5jLPIw/mqdefault.jpg",
        "youtubeVideoId": "EvxEY5jLPIw",
        "uploadedDate": "2021-09-02T10:40:49Z",
        "viewCount": 0,
        "isCommercial": "False"
    },
    {
        "id": "e1f66d33-3a01-4382-abd9-fa80ddd1d16f",
        "title": "[지스타] 블랙매지션걸 코스프레 했더니 ㅁㅁㅁ소리 들은 수련",
        "description": "지스타 2019에서 어릴때부터 좋아했던 유희왕의 블랙매지션걸 코스프레를 했습니다!\n새로운 분들 많이 만나서 행복했어요 ~~\n좋아요 구독 많이 눌러 주세요!\n\n\r\n\n\r\n\n수련수련 \r\n\n트위치-https://www.twitch.tv/sooflower\r\n\n인스타-https://www.instagram.com/soo_flower/\r\n\n\r\n\n \r\n\n\r\n\n#수련수련 #지스타 #트위치수련\r\n\n\r\n\n \r\n\n\r\n\n——————————————————————————————————\r\n\nTrack : Baby Swing\r\n\nMusic by 브금대통령 \r\n\nMusic provided by 브금대통령\r\n\nWatch : https://youtu.be/c6jIGVNOGs0\r\n\n—————————————————————————————————— \r\n\n\r\n\n——————————————————————————————————\r\n\nMusic provided by 브금대통령\r\n\nTrack : Merry Go Round - https://youtu.be/GWZE4jqIZ10\r\n\n—————————————————————————————————— \r\n\n\r\n\n——————————————————————————————————\r\n\nMusic provided by 브금대통령\r\n\nTrack : Calm Emotion - https://youtu.be/g1iOMFrL9FU\r\n\n——————————————————————————————————",
        "thumbnail": "https://i.ytimg.com/vi/vUqeKLLG-sA/mqdefault.jpg",
        "youtubeVideoId": "vUqeKLLG-sA",
        "uploadedDate": "2021-09-02T10:40:49Z",
        "viewCount": 0,
        "isCommercial": "False"
    },
    {
        "id": "b834efc5-859b-455d-a5c0-96666fecb22f",
        "title": "\"헤스티아 여신님의 구미베어\"",
        "description": "\"트위치 1주년동안 함께해준 트수님들 너무 고마워요~~유튜브도 힘냅시다!!\"\n\n트위치 - https://www.twitch.tv/sooflower\r\n인스타그램 - https://www.instagram.com/soo_flower\r\n수게더 - https://tgd.kr/sooflower\n\n#헤스티아 #구미베어 #1주년감사",
        "thumbnail": "https://i.ytimg.com/vi/UMibRwJDXBE/mqdefault.jpg",
        "youtubeVideoId": "UMibRwJDXBE",
        "uploadedDate": "2021-09-02T10:40:54Z",
        "viewCount": 0,
        "isCommercial": "False"
    },
    {
        "id": "847df567-31e9-428b-8cff-85303c959f47",
        "title": "엘리자베스 코스프레하는 수련쨩",
        "description": "2월 16일에 홍대에서 스타후르츠의 버스킹이 있습니다 \n걷고싶은거리쪽 버스킹존4에서 6시부터 8시까지 해욤! 많이 보러와주세요~~\n\n트위치 - https://www.twitch.tv/sooflower\r\n인스타그램 - https://www.instagram.com/soo_flower\r\n수게더 - https://tgd.kr/sooflower\\\n\n#일곱개의대죄 #엘리자베스 #트위치수련",
        "thumbnail": "https://i.ytimg.com/vi/W7Ih7rWNEyg/mqdefault.jpg",
        "youtubeVideoId": "W7Ih7rWNEyg",
        "uploadedDate": "2021-09-02T10:40:54Z",
        "viewCount": 0,
        "isCommercial": "False"
    },
    {
        "id": "13b8ba40-2f4c-4458-828f-82849d8745dc",
        "title": "나랑 편의점에서 썸 탈래?",
        "description": "안녕하세요~\n화제의 신작 썸썸편의점을 플레이 해봤습니다~\n그리고..\n드디어 유튜브 구독자 만명을 달성했습니다!!!(박수 박수)\n만팔기념 Q&A를 할 예정입니다..\nhttps://www.youtube.com/channel/UCOo2BVhH0-f03z8IhtG3msw/community?view_as=subscriber\n요기서 댓글로 질문 남겨주면 감사합니당!!!\n\n\n트위치-https://www.twitch.tv/sooflower\n\n인스타-https://www.instagram.com/soo_flower/\n\n \n\n#수련수련 #트위치 #썸썸편의점 #편수희",
        "thumbnail": "https://i.ytimg.com/vi/sn2DfONvy2I/mqdefault.jpg",
        "youtubeVideoId": "sn2DfONvy2I",
        "uploadedDate": "2021-09-02T10:40:54Z",
        "viewCount": 0,
        "isCommercial": "False"
    },
    {
        "id": "5c881e44-1271-4927-bb02-92dfd03029c1",
        "title": "인생 캐릭터 코스 했는데 잡혀갈 뻔 했습니다",
        "description": "유하~~\n오랜만 이네요 ㅠㅠ\n2020년에는 유튜브도 더 많은 성장을 이룰수 있기를 바랍니다. ++\n\n0:25초 관련해서 지속적으로 말씀이 많으신데 \n니플패치를 붙이고 미츠리 코스프레를 진행했습니다~!\n\n수련수련 \n\n트위치-https://www.twitch.tv/sooflower\n\n인스타-https://www.instagram.com/soo_flower/\n\n \n브금출처 - https://www.youtube.com/watch?v=nEJjydTh98E\n\n#수련수련 #트위치 #귀멸의칼날 #Kimetsu no Yaiba #鬼滅の刃 #甘露寺 蜜璃",
        "thumbnail": "https://i.ytimg.com/vi/EvxEY5jLPIw/mqdefault.jpg",
        "youtubeVideoId": "EvxEY5jLPIw",
        "uploadedDate": "2021-09-02T10:40:54Z",
        "viewCount": 0,
        "isCommercial": "False"
    },
    {
        "id": "3a5ffa26-03c3-4115-a2fc-2113b98bbf45",
        "title": "[지스타] 블랙매지션걸 코스프레 했더니 ㅁㅁㅁ소리 들은 수련",
        "description": "지스타 2019에서 어릴때부터 좋아했던 유희왕의 블랙매지션걸 코스프레를 했습니다!\n새로운 분들 많이 만나서 행복했어요 ~~\n좋아요 구독 많이 눌러 주세요!\n\n\r\n\n\r\n\n수련수련 \r\n\n트위치-https://www.twitch.tv/sooflower\r\n\n인스타-https://www.instagram.com/soo_flower/\r\n\n\r\n\n \r\n\n\r\n\n#수련수련 #지스타 #트위치수련\r\n\n\r\n\n \r\n\n\r\n\n——————————————————————————————————\r\n\nTrack : Baby Swing\r\n\nMusic by 브금대통령 \r\n\nMusic provided by 브금대통령\r\n\nWatch : https://youtu.be/c6jIGVNOGs0\r\n\n—————————————————————————————————— \r\n\n\r\n\n——————————————————————————————————\r\n\nMusic provided by 브금대통령\r\n\nTrack : Merry Go Round - https://youtu.be/GWZE4jqIZ10\r\n\n—————————————————————————————————— \r\n\n\r\n\n——————————————————————————————————\r\n\nMusic provided by 브금대통령\r\n\nTrack : Calm Emotion - https://youtu.be/g1iOMFrL9FU\r\n\n——————————————————————————————————",
        "thumbnail": "https://i.ytimg.com/vi/vUqeKLLG-sA/mqdefault.jpg",
        "youtubeVideoId": "vUqeKLLG-sA",
        "uploadedDate": "2021-09-02T10:40:54Z",
        "viewCount": 0,
        "isCommercial": "False"
    },
    {
        "id": "8e828798-8bf7-4b4a-bf3c-984faf070e5e",
        "title": "[합방] 팬 선물용 빼빼로 만들면 생기는 일",
        "description": "수련수련\n트위치-https://www.twitch.tv/sooflower\r\n인스타-https://www.instagram.com/soo_flower/\n\n헤티\n트위치-https://www.twitch.tv/hattie_cos\n인스타-https://www.instagram.com/hattie_cos/\n유튜브-https://www.youtube.com/channel/UCb3CjXTRutezTfeXcetXtmA\n\r\n다미\n트위치-https://www.twitch.tv/damicoss\n인스타-https://www.instagram.com/dami_cos/\n유튜브-https://www.youtube.com/channel/UCXFiS_5ZkR1N9XeEIUZ3xuQ\n\n#수련수련 #빼빼로데이 #트위치수련\r\n\n\r\n\n——————————————————————————————————\r\n\nTrack : 강아지같아\r\n\nMusic by 브금대통령 \r\n\nMusic provided by 브금대통령\r\n\nWatch : https://youtu.be/tPxR7npln9w\r\n\n——————————————————————————————————\r\n\n\r\n\nSong : Purple Planet Music - Nice Surprise\r\n\nMusic: https://www.purple-planet.com\r\n\nMusic promoted by DayDreamSound : https://youtu.be/UyqVmG-NmW4\r\n\n\r\n\n——————————————————————————————————",
        "thumbnail": "https://i.ytimg.com/vi/_MJONh5sgRo/mqdefault.jpg",
        "youtubeVideoId": "_MJONh5sgRo",
        "uploadedDate": "2021-09-02T10:40:54Z",
        "viewCount": 0,
        "isCommercial": "False"
    },
    {
        "id": "7ccaa93f-9f9c-44ba-a8d4-38a77d6585fd",
        "title": "미츠리가 만든 벚꽃 젤리 먹을래?[코스프레 쿡방]",
        "description": "■ 비즈니스 문의 : sooflower2@naver.com\n\n\"안녕하세요~ 여러분! 이제 벚꽃이 지고 여름이 다가오고 있는데요~! 봄을 추억하며 재작년에 했던 미츠리 코스프레를 하고, 벚꽃 젤리를 만드는 쿡방을 영상으로 담아서 만들었답니다! 재미있게 봐주셨으면 구독과 좋아요 부탁드려요!\"\n\n□트위치 - https://www.twitch.tv/sooflower\n□인스타그램 - https://www.instagram.com/soo_flower\n□수게더 - https://tgd.kr/sooflower\n\n#미츠리 #쿡방 #코스프레",
        "thumbnail": "https://i.ytimg.com/vi/vYKWpJyB7Uw/mqdefault.jpg",
        "youtubeVideoId": "vYKWpJyB7Uw",
        "uploadedDate": "2022-04-17T09:20:06Z",
        "viewCount": 13145,
        "isCommercial": "False"
    },
    {
        "id": "7c554a0c-1d97-4be4-841c-a3dbe076d7ad",
        "title": "고죠 쿤!!속옷이 아니니까 부끄럽지 않은걸",
        "description": "■ 비즈니스 문의 : sooflower2@naver.com\n\n\"그 비스크 돌은 사랑을 한다\"에 나오는 키타가와 마린의  비키니 코스프레 입니다!\n\n□트위치 - https://www.twitch.tv/sooflower\n□인스타그램 - https://www.instagram.com/soo_flower\n□수게더 - https://tgd.kr/sooflower\n\n#마린 #비키니 #비스크돌\n자막 : 나눔템플릿",
        "thumbnail": "https://i.ytimg.com/vi/KvoPnxiObBM/mqdefault.jpg",
        "youtubeVideoId": "KvoPnxiObBM",
        "uploadedDate": "2022-05-06T08:36:35Z",
        "viewCount": 14599,
        "isCommercial": "False"
    },
    {
        "id": "9ebaf979-7734-4259-9638-1d29dbc519bd",
        "title": "롤 코스프레 하고 msi 공방에 등장한 부산 브이로그 feat.퀸다미💕",
        "description": "■ 비즈니스 문의 : sooflower2@naver.com\n\n\"롤 오케스트라 + MSI 4강도 관람하고,협찬으로 사은품도 받아서 즐거웠던 행사인 것 같아요! 롤을 좋아하시는 유저분들이 상당히 많았다는 걸 현장에서 생생하게 느껴지네요.\"\n\nMSI 수정장미 자이라 / 잔나 코스프레로 다미랑 같이 즐겁게 마무리 지었습니다!\n재미있게 시청하셨다면 구독과 좋아요 부탁드려요~!\n \n□트위치 - https://www.twitch.tv/sooflower\n□인스타그램 - https://www.instagram.com/soo_flower\n□수게더 - https://tgd.kr/sooflower\n\n#나눔템플릿 #롤코스프레 #MSI",
        "thumbnail": "https://i.ytimg.com/vi/3gwzDKIUJRQ/mqdefault.jpg",
        "youtubeVideoId": "3gwzDKIUJRQ",
        "uploadedDate": "2022-06-04T09:54:33Z",
        "viewCount": 23198,
        "isCommercial": "False"
    },
    {
        "id": "1a118326-6c17-436b-ab43-51b9e3035305",
        "title": "유부녀 코스프레하고 민초 암살하는 방송",
        "description": "■ 비즈니스 문의 : sooflower2@naver.com\n\n\"요르 코스프레 하고 맛있는 음식을 기대했는데.. 하필..민트초코...\"\n\n□트위치 - https://www.twitch.tv/sooflower\n□인스타그램 - https://www.instagram.com/soo_flower\n□수게더 - https://tgd.kr/sooflower\n\n#스파이패밀리 #SPY×FAMILY #スパイファミリー",
        "thumbnail": "https://i.ytimg.com/vi/HxmbI4VDfTg/mqdefault.jpg",
        "youtubeVideoId": "HxmbI4VDfTg",
        "uploadedDate": "2022-07-31T09:36:58Z",
        "viewCount": 8905,
        "isCommercial": "False"
    },
    {
        "id": "d811d8e4-5f68-4471-b713-d2e14777a22c",
        "title": "옆슴 시스루 코스프레를 한 수련쨩의 고민 상담소랄까..?",
        "description": "■ 비즈니스 문의 : sooflower2@naver.com\n\n\"명일 방주 코스프레 이네스 코스프레하고 열었던 고민 상담소가 담긴 영상입니다!\n재미있게 보셨다면 구독과 좋아요 부탁드려요!\"\n\n□트위치 - https://www.twitch.tv/sooflower\n□인스타그램 - https://www.instagram.com/soo_flower\n□수게더 - https://tgd.kr/sooflower\n□틱톡 - https://www.tiktok.com/@sooflower_\n\n#코스프레 #명일방주 #명일방주이네스",
        "thumbnail": "https://i.ytimg.com/vi/NstK3juVhgk/mqdefault.jpg",
        "youtubeVideoId": "NstK3juVhgk",
        "uploadedDate": "2022-10-12T10:06:07Z",
        "viewCount": 11191,
        "isCommercial": "False"
    }
]