[
    {
        "id": "53504989-1af5-4270-96eb-7a9be5c93d94",
        "title": "Private video",
        "description": "This video is private.",
        "thumbnail": null,
        "youtubeVideoId": "if4Who1T4TU",
        "uploadedDate": "2018-01-29T06:39:05Z",
        "viewCount": 0,
        "isCommercial": "False"
    },
    {
        "id": "909ff512-946c-44e3-926c-ba6e39587318",
        "title": "Private video",
        "description": "This video is private.",
        "thumbnail": null,
        "youtubeVideoId": "LcCKyqc8ZTQ",
        "uploadedDate": "2018-01-29T10:10:46Z",
        "viewCount": 0,
        "isCommercial": "False"
    },
    {
        "id": "98d6485f-7be6-4c27-b81f-d894db6e7c32",
        "title": "Private video",
        "description": "This video is private.",
        "thumbnail": null,
        "youtubeVideoId": "LyjyuHBa0qo",
        "uploadedDate": "2018-01-29T12:15:04Z",
        "viewCount": 0,
        "isCommercial": "False"
    },
    {
        "id": "9a8d55e6-ee58-4104-ac8e-025e0b534666",
        "title": "Private video",
        "description": "This video is private.",
        "thumbnail": null,
        "youtubeVideoId": "dpTAhqnUlJY",
        "uploadedDate": "2018-01-30T03:07:44Z",
        "viewCount": 0,
        "isCommercial": "False"
    },
    {
        "id": "4512dcca-da55-403a-801a-ff4bb4a90694",
        "title": "Private video",
        "description": "This video is private.",
        "thumbnail": null,
        "youtubeVideoId": "EUyQ5vRm-WY",
        "uploadedDate": "2018-01-31T14:46:58Z",
        "viewCount": 0,
        "isCommercial": "False"
    },
    {
        "id": "d69730dc-05c8-4950-b671-dea291ea7b38",
        "title": "Private video",
        "description": "This video is private.",
        "thumbnail": null,
        "youtubeVideoId": "YUPjFAZejNE",
        "uploadedDate": "2018-02-06T04:27:00Z",
        "viewCount": 0,
        "isCommercial": "False"
    },
    {
        "id": "00a86db7-643a-4b86-9032-07fb6b214ad4",
        "title": "Private video",
        "description": "This video is private.",
        "thumbnail": null,
        "youtubeVideoId": "MXRrqu3_9JE",
        "uploadedDate": "2018-02-19T15:01:39Z",
        "viewCount": 0,
        "isCommercial": "False"
    },
    {
        "id": "1c25c049-1493-4376-8099-69f8b2185e70",
        "title": "Private video",
        "description": "This video is private.",
        "thumbnail": null,
        "youtubeVideoId": "3NhQ8w1pZMs",
        "uploadedDate": "2018-02-19T15:02:10Z",
        "viewCount": 0,
        "isCommercial": "False"
    },
    {
        "id": "6675710c-c5b2-4857-896f-39510ac238b7",
        "title": "Private video",
        "description": "This video is private.",
        "thumbnail": null,
        "youtubeVideoId": "EY_TK7VFclw",
        "uploadedDate": "2018-02-19T15:02:50Z",
        "viewCount": 0,
        "isCommercial": "False"
    },
    {
        "id": "ee04a287-b033-490f-b7e6-38fb87b61c67",
        "title": "Private video",
        "description": "This video is private.",
        "thumbnail": null,
        "youtubeVideoId": "UkOoj95kByE",
        "uploadedDate": "2018-02-19T15:03:16Z",
        "viewCount": 0,
        "isCommercial": "False"
    },
    {
        "id": "5e1de1ec-98a8-4daf-a236-484edc090dfc",
        "title": "Private video",
        "description": "This video is private.",
        "thumbnail": null,
        "youtubeVideoId": "cvSRvIHloFw",
        "uploadedDate": "2018-03-06T07:02:39Z",
        "viewCount": 0,
        "isCommercial": "False"
    },
    {
        "id": "0fab70bf-b454-4834-be97-87f556c86d31",
        "title": "Private video",
        "description": "This video is private.",
        "thumbnail": null,
        "youtubeVideoId": "zb2CcsQ8kak",
        "uploadedDate": "2018-03-06T07:02:54Z",
        "viewCount": 0,
        "isCommercial": "False"
    }
]