[
    {
        "id": "228376b9-6856-4659-b332-f06bb6533756",
        "title": "[SUB✔️ASMR] 재수 없는 친구 롤플레이 l Bi*chy Friend Ruins Your Day",
        "description": "* 크리에이터의 실제 가치관과는 무관한 가상의 인물입니다. 네, 발연기 해보았습니다. :)\n* This character is fictional and has nothing to do with my personal perspective. Yes, I just acted in a role play :)\n\nOh man, It took me hours for the subtitles TT Please thumbs up to this video if you liked the subtitles!\n\n👄 PATREON (입소리 영상 풀버전 모두 공개)\nhttps://www.patreon.com/rose_asmr\nFull length of mouth sounds videos + extra videos\n풀 영상 + 멤버 전용 새로운 입소리 영상들 모두 공개\n\n🔥 Get the deleted mouth sounds video\nhttps://crowdticket.kr/store/roseasmr/language/en\n\n🔥 삭제된 입소리 영상 다운받기\nhttps://crowdticket.kr/store/roseasmr\n\n💝 Request Custom ASMR\nhttps://www.wisio.com/Rose_ASMR\nNo sign-up, real quick and easy!\n\n💝 맞춤형 ASMR 영상 요청하기\nhttps://crowdticket.kr/store/roseasmr\n최애 트리거를 골라 여러분들만의 최애 영상을 평생 소장하기!\n\n----------------------------------------------------------------------------------\n\n🔥 PATREON https://www.patreon.com/rose_asmr\n\n💝 CUSTOM ASMR https://www.wisio.com/Rose_ASMR\n\n💝 맞춤 ASMR https://crowdticket.kr/item/store/417\n\n\n🧚‍♀ TikTok https://vt.tiktok.com/RsuHck/\n\n🧚‍♀ Instagram https://www.instagram.com/rose.0430/\n\n\n💌 PAYPAL https://paypal.me/rose0430?locale.x=ko_KR\n\n✉ Email : dbalzla159@gmail.com\n\n✉ Business : ad.group@treasurehunter.co.kr",
        "thumbnail": "https://i.ytimg.com/vi/-xedr8dQ9JQ/mqdefault.jpg",
        "youtubeVideoId": "-xedr8dQ9JQ",
        "uploadedDate": "2022-01-25T05:52:05Z",
        "viewCount": 6410,
        "isCommercial": "False"
    },
    {
        "id": "05d702de-fe54-4bbb-9dcb-a49694a0d84b",
        "title": "[ASMR] Bilingual Lipgloss Sales Person Role Play l 립글로즈 판매원 롤플레이",
        "description": "👄 PATREON (입소리 영상 풀버전 모두 공개)\nhttps://www.patreon.com/rose_asmr\nFull length of mouth sounds videos + extra videos\n풀 영상 + 멤버 전용 새로운 입소리 영상들 모두 공개\n\n🔥 Get the deleted mouth sounds video\nhttps://crowdticket.kr/store/roseasmr/language/en\n\n🔥 삭제된 입소리 영상 다운받기\nhttps://crowdticket.kr/store/roseasmr\n\n💝 Request Custom ASMR\nhttps://www.wisio.com/Rose_ASMR\nNo sign-up, real quick and easy!\n\n💝 맞춤형 ASMR 영상 요청하기\nhttps://crowdticket.kr/store/roseasmr\n최애 트리거를 골라 여러분들만의 최애 영상을 평생 소장하기!\n\n----------------------------------------------------------------------------------\n\n🔥 PATREON https://www.patreon.com/rose_asmr\n\n💝 CUSTOM ASMR https://www.wisio.com/Rose_ASMR\n\n💝 맞춤 ASMR https://crowdticket.kr/item/store/417\n\n\n🧚‍♀ TikTok https://vt.tiktok.com/RsuHck/\n\n🧚‍♀ Instagram https://www.instagram.com/rose.0430/\n\n\n💌 PAYPAL https://paypal.me/rose0430?locale.x=ko_KR\n\n✉ Email : dbalzla159@gmail.com\n\n✉ Business : ad.group@treasurehunter.co.kr",
        "thumbnail": "https://i.ytimg.com/vi/gGZ1xAJJB7A/mqdefault.jpg",
        "youtubeVideoId": "gGZ1xAJJB7A",
        "uploadedDate": "2022-01-12T02:01:52Z",
        "viewCount": 5712,
        "isCommercial": "False"
    },
    {
        "id": "9fc642cf-6b06-4eee-8cae-93afc64f5b58",
        "title": "[ASMR] Something in Your Eyes (Personal Attention) l 눈에 뭐가 들어 갔네요?",
        "description": "👄 PATREON (입소리 영상 풀버전 모두 공개)\nhttps://www.patreon.com/rose_asmr\nFull length of mouth sounds videos + extra videos\n풀 영상 + 멤버 전용 새로운 입소리 영상들 모두 공개\n\n🔥 Get the deleted mouth sounds video\nhttps://crowdticket.kr/store/roseasmr/language/en\n\n🔥 삭제된 입소리 영상 다운받기\nhttps://crowdticket.kr/store/roseasmr\n\n💝 Request Custom ASMR\nhttps://www.wisio.com/Rose_ASMR\nNo sign-up, real quick and easy!\n\n💝 맞춤형 ASMR 영상 요청하기\nhttps://crowdticket.kr/store/roseasmr\n최애 트리거를 골라 여러분들만의 최애 영상을 평생 소장하기!\n\n----------------------------------------------------------------------------------\n\n🔥 PATREON https://www.patreon.com/rose_asmr\n\n💝 CUSTOM ASMR https://www.wisio.com/Rose_ASMR\n\n💝 맞춤 ASMR https://crowdticket.kr/item/store/417\n\n\n🧚‍♀ TikTok https://vt.tiktok.com/RsuHck/\n\n🧚‍♀ Instagram https://www.instagram.com/rose.0430/\n\n\n💌 PAYPAL https://paypal.me/rose0430?locale.x=ko_KR\n\n✉ Email : dbalzla159@gmail.com\n\n✉ Business : ad.group@treasurehunter.co.kr",
        "thumbnail": "https://i.ytimg.com/vi/XAmQacCAZ5E/mqdefault.jpg",
        "youtubeVideoId": "XAmQacCAZ5E",
        "uploadedDate": "2022-01-03T04:56:00Z",
        "viewCount": 43141,
        "isCommercial": "False"
    },
    {
        "id": "6d39143e-74fe-4f47-8d1a-130d3cc8d513",
        "title": "[ASMR] 샴푸해 드릴게요🧖‍♀ 헤어 관리 샵 롤플레이(후시녹음) l Let me Shampoo You (Hair Care Shop Roleplay)",
        "description": "▼영상 속 클리닉에 사용 된 샴푸 보러 가기\nhttp://oheaven.co.kr/\n\n#오해븐 #오해븐샴푸 #오해븐뿌리는앰플 #탈모샴푸\n* 해당 콘텐츠는 유료 광고를 포함하고 있습니다. 리샘한의원.\n\n👄 PATREON (입소리 영상 풀버전 모두 공개)\nhttps://www.patreon.com/rose_asmr\nFull length of mouth sounds videos + extra videos\n풀 영상 + 멤버 전용 새로운 입소리 영상들 모두 공개\n\n🔥 Get the deleted mouth sounds video\nhttps://crowdticket.kr/store/roseasmr/language/en\n\n🔥 삭제된 입소리 영상 다운받기\nhttps://crowdticket.kr/store/roseasmr\n\n💝 Request Custom ASMR\nhttps://www.wisio.com/Rose_ASMR\nNo sign-up, real quick and easy!\n\n💝 맞춤형 ASMR 영상 요청하기\nhttps://crowdticket.kr/store/roseasmr\n최애 트리거를 골라 여러분들만의 최애 영상을 평생 소장하기!\n\n00:00 Check-up 컨디션 체크\n06:20 Hair Brushing 머리 빗기\n08:15 Shampoo Preparation 샴푸 준비 \n10:00 Shampoo 샴푸\n17:00 Treatment 트리트먼트\n19:21 Tower 타올 드라이\n20:00 Dryer 드라이\n22:32 Ample 뿌리는 앰플\n22:52 Hair Serum 에센스\n25:18 Aroma Oil 아로마 오일\n----------------------------------------------------------------------------------\n\n🔥 PATREON https://www.patreon.com/rose_asmr\n\n💝 CUSTOM ASMR https://www.wisio.com/Rose_ASMR\n\n💝 맞춤 ASMR https://crowdticket.kr/item/store/417\n\n\n🧚‍♀ TikTok https://vt.tiktok.com/RsuHck/\n\n🧚‍♀ Instagram https://www.instagram.com/rose.0430/\n\n\n💌 PAYPAL https://paypal.me/rose0430?locale.x=ko_KR\n\n✉ Email : dbalzla159@gmail.com\n\n✉ Business : ad.group@treasurehunter.co.kr",
        "thumbnail": "https://i.ytimg.com/vi/PQN6SG-yy9E/mqdefault.jpg",
        "youtubeVideoId": "PQN6SG-yy9E",
        "uploadedDate": "2021-12-30T02:42:36Z",
        "viewCount": 48494,
        "isCommercial": "True"
    },
    {
        "id": "d7a91b28-e1d2-41ce-89f5-d1f71011dbfe",
        "title": "[ASMR] Rudolph Takes Care of You (Role Play) l 루돌프가 돌봐주는 롤플레이",
        "description": "👄 PATREON (입소리 영상 풀버전 모두 공개)\nhttps://www.patreon.com/rose_asmr\nFull length of mouth sounds videos + extra videos\n풀 영상 + 멤버 전용 새로운 입소리 영상들 모두 공개\n\n🔥 Get the deleted mouth sounds video\nhttps://crowdticket.kr/store/roseasmr/language/en\n\n🔥 삭제된 입소리 영상 다운받기\nhttps://crowdticket.kr/store/roseasmr\n\n💝 Request Custom ASMR\nhttps://www.wisio.com/Rose_ASMR\nNo sign-up, real quick and easy!\n\n💝 맞춤형 ASMR 영상 요청하기\nhttps://crowdticket.kr/store/roseasmr\n최애 트리거를 골라 여러분들만의 최애 영상을 평생 소장하기!\n\n----------------------------------------------------------------------------------\n\n🔥 PATREON https://www.patreon.com/rose_asmr\n\n💝 CUSTOM ASMR https://www.wisio.com/Rose_ASMR\n\n💝 맞춤 ASMR https://crowdticket.kr/item/store/417\n\n\n🧚‍♀ TikTok https://vt.tiktok.com/RsuHck/\n\n🧚‍♀ Instagram https://www.instagram.com/rose.0430/\n\n\n💌 PAYPAL https://paypal.me/rose0430?locale.x=ko_KR\n\n✉ Email : dbalzla159@gmail.com\n\n✉ Business : ad.group@treasurehunter.co.kr",
        "thumbnail": "https://i.ytimg.com/vi/jYB0zW6zdTc/mqdefault.jpg",
        "youtubeVideoId": "jYB0zW6zdTc",
        "uploadedDate": "2021-12-22T01:14:11Z",
        "viewCount": 26097,
        "isCommercial": "False"
    },
    {
        "id": "2ea029bd-be85-4202-8b1c-5d412977a73d",
        "title": "[ASMR] Antique Earring Salesperson Role Playㅣ엔틱 귀걸이 판매원 롤플레이ㅣ高級イヤリング販売員の役割劇",
        "description": "👄 PATREON (입소리 영상 풀버전 모두 공개)\nhttps://www.patreon.com/rose_asmr\nFull length of mouth sounds videos + extra videos\n풀 영상 + 멤버 전용 새로운 입소리 영상들 모두 공개\n\n🔥 Get the deleted mouth sounds video\nhttps://crowdticket.kr/store/roseasmr/language/en\n\n🔥 삭제된 입소리 영상 다운받기\nhttps://crowdticket.kr/store/roseasmr\n\n💝 Request Custom ASMR\nhttps://www.wisio.com/Rose_ASMR\nNo sign-up, real quick and easy!\n\n💝 맞춤형 ASMR 영상 요청하기\nhttps://crowdticket.kr/store/roseasmr\n최애 트리거를 골라 여러분들만의 최애 영상을 평생 소장하기!\n\n----------------------------------------------------------------------------------\n\n🔥 PATREON https://www.patreon.com/rose_asmr\n\n💝 CUSTOM ASMR https://www.wisio.com/Rose_ASMR\n\n💝 맞춤 ASMR https://crowdticket.kr/item/store/417\n\n\n🧚‍♀ TikTok https://vt.tiktok.com/RsuHck/\n\n🧚‍♀ Instagram https://www.instagram.com/rose.0430/\n\n\n💌 PAYPAL https://paypal.me/rose0430?locale.x=ko_KR\n\n✉ Email : dbalzla159@gmail.com\n\n✉ Business : ad.group@treasurehunter.co.kr",
        "thumbnail": "https://i.ytimg.com/vi/nfcfMpv3yds/mqdefault.jpg",
        "youtubeVideoId": "nfcfMpv3yds",
        "uploadedDate": "2021-05-07T06:24:46Z",
        "viewCount": 16403,
        "isCommercial": "False"
    },
    {
        "id": "1c8091ad-504b-4d5f-a361-384f300811a6",
        "title": "[ASMR] Bilingual Lipgloss Salesperson Role Playㅣ립글로즈 영업 롤플레이ㅣリップグロスのお店の店員役劇",
        "description": "👄 PATREON (입소리 영상 풀버전 모두 공개)\nhttps://www.patreon.com/rose_asmr\nFull length of mouth sounds videos + extra videos\n풀 영상 + 멤버 전용 새로운 입소리 영상들 모두 공개\n\n🔥 Get the deleted mouth sounds video\nhttps://crowdticket.kr/store/roseasmr/language/en\n\n🔥 삭제된 입소리 영상 다운받기\nhttps://crowdticket.kr/store/roseasmr\n\n💝 Request Custom ASMR\nhttps://www.wisio.com/Rose_ASMR\nNo sign-up, real quick and easy!\n\n💝 맞춤형 ASMR 영상 요청하기\nhttps://crowdticket.kr/store/roseasmr\n최애 트리거를 골라 여러분들만의 최애 영상을 평생 소장하기!\n\n----------------------------------------------------------------------------------\n\n🔥 PATREON https://www.patreon.com/rose_asmr\n\n💝 CUSTOM ASMR https://www.wisio.com/Rose_ASMR\n\n💝 맞춤 ASMR https://crowdticket.kr/item/store/417\n\n\n🧚‍♀ TikTok https://vt.tiktok.com/RsuHck/\n\n🧚‍♀ Instagram https://www.instagram.com/rose.0430/\n\n\n💌 PAYPAL https://paypal.me/rose0430?locale.x=ko_KR\n\n✉ Email : dbalzla159@gmail.com\n\n✉ Business : ad.group@treasurehunter.co.kr",
        "thumbnail": "https://i.ytimg.com/vi/xXbfW5k0E7U/mqdefault.jpg",
        "youtubeVideoId": "xXbfW5k0E7U",
        "uploadedDate": "2021-01-25T12:45:10Z",
        "viewCount": 46310,
        "isCommercial": "False"
    },
    {
        "id": "198ba5ad-10e8-456e-8544-44acc053e302",
        "title": "[위로즈 ASMR] 난장판😂이어 클리닝샵 롤플레이(친자매)ㅣBossy & Obedient Ear Cleaning Shop Role Play(Real Sisters)",
        "description": "👄 PATREON (입소리 영상 풀버전 모두 공개)\nhttps://www.patreon.com/rose_asmr\nFull length of mouth sounds videos + extra videos\n풀 영상 + 멤버 전용 새로운 입소리 영상들 모두 공개\n\n🔥 Get the deleted mouth sounds video\nhttps://crowdticket.kr/store/roseasmr/language/en\n\n🔥 삭제된 입소리 영상 다운받기\nhttps://crowdticket.kr/store/roseasmr\n\n💝 Request Custom ASMR\nhttps://www.wisio.com/Rose_ASMR\nNo sign-up, real quick and easy!\n\n💝 맞춤형 ASMR 영상 요청하기\nhttps://crowdticket.kr/store/roseasmr\n최애 트리거를 골라 여러분들만의 최애 영상을 평생 소장하기!\n\n----------------------------------------------------------------------------------\n\n🔥 PATREON https://www.patreon.com/rose_asmr\n\n💝 CUSTOM ASMR https://www.wisio.com/Rose_ASMR\n\n💝 맞춤 ASMR https://crowdticket.kr/item/store/417\n\n\n🧚‍♀ TikTok https://vt.tiktok.com/RsuHck/\n\n🧚‍♀ Instagram https://www.instagram.com/rose.0430/\n\n\n💌 PAYPAL https://paypal.me/rose0430?locale.x=ko_KR\n\n✉ Email : dbalzla159@gmail.com\n\n✉ Business : ad.group@treasurehunter.co.kr",
        "thumbnail": "https://i.ytimg.com/vi/kYgu_UdbCuA/mqdefault.jpg",
        "youtubeVideoId": "kYgu_UdbCuA",
        "uploadedDate": "2020-12-28T01:19:47Z",
        "viewCount": 41268,
        "isCommercial": "False"
    },
    {
        "id": "e036dc76-b862-4f5e-9fe4-b4f7e5c1ef78",
        "title": "[ASMR] Korean Accent Makeup for Your Ex's Wedding Role Playㅣ한국 억양의 메이크업샵에서 전남친 결혼식 준비하기",
        "description": "👄 PATREON (입소리 영상 풀버전 모두 공개)\nhttps://www.patreon.com/rose_asmr\nFull length of mouth sounds videos + extra videos\n풀 영상 + 멤버 전용 새로운 입소리 영상들 모두 공개\n\n🔥 Get the deleted mouth sounds video\nhttps://crowdticket.kr/store/roseasmr/language/en\n\n🔥 삭제된 입소리 영상 다운받기\nhttps://crowdticket.kr/store/roseasmr\n\n💝 Request Custom ASMR\nhttps://www.wisio.com/Rose_ASMR\nNo sign-up, real quick and easy!\n\n💝 맞춤형 ASMR 영상 요청하기\nhttps://crowdticket.kr/store/roseasmr\n최애 트리거를 골라 여러분들만의 최애 영상을 평생 소장하기!\n\n----------------------------------------------------------------------------------\n\n🔥 PATREON https://www.patreon.com/rose_asmr\n\n💝 CUSTOM ASMR https://www.wisio.com/Rose_ASMR\n\n💝 맞춤 ASMR https://crowdticket.kr/item/store/417\n\n\n🧚‍♀ TikTok https://vt.tiktok.com/RsuHck/\n\n🧚‍♀ Instagram https://www.instagram.com/rose.0430/\n\n\n💌 PAYPAL https://paypal.me/rose0430?locale.x=ko_KR\n\n✉ Email : dbalzla159@gmail.com\n\n✉ Business : ad.group@treasurehunter.co.kr",
        "thumbnail": "https://i.ytimg.com/vi/DnQ3jD1v1mg/mqdefault.jpg",
        "youtubeVideoId": "DnQ3jD1v1mg",
        "uploadedDate": "2020-04-08T00:43:48Z",
        "viewCount": 9057,
        "isCommercial": "False"
    },
    {
        "id": "7cb0b0bd-f2e9-466f-91e9-935843df58ba",
        "title": "[Eng ASMR] B*tchy Friend Does Your Makeup for Blind Date l Extremely Mean Role Play",
        "description": "👄 PATREON (입소리 영상 풀버전 모두 공개)\nhttps://www.patreon.com/rose_asmr\nFull length of mouth sounds videos + extra videos\n풀 영상 + 멤버 전용 새로운 입소리 영상들 모두 공개\n\n🔥 Get the deleted mouth sounds video\nhttps://crowdticket.kr/store/roseasmr/language/en\n\n🔥 삭제된 입소리 영상 다운받기\nhttps://crowdticket.kr/store/roseasmr\n\n💝 Request Custom ASMR\nhttps://www.wisio.com/Rose_ASMR\nNo sign-up, real quick and easy!\n\n💝 맞춤형 ASMR 영상 요청하기\nhttps://crowdticket.kr/store/roseasmr\n최애 트리거를 골라 여러분들만의 최애 영상을 평생 소장하기!\n\n----------------------------------------------------------------------------------\n\n🔥 PATREON https://www.patreon.com/rose_asmr\n\n💝 CUSTOM ASMR https://www.wisio.com/Rose_ASMR\n\n💝 맞춤 ASMR https://crowdticket.kr/item/store/417\n\n\n🧚‍♀ TikTok https://vt.tiktok.com/RsuHck/\n\n🧚‍♀ Instagram https://www.instagram.com/rose.0430/\n\n\n💌 PAYPAL https://paypal.me/rose0430?locale.x=ko_KR\n\n✉ Email : dbalzla159@gmail.com\n\n✉ Business : ad.group@treasurehunter.co.kr",
        "thumbnail": "https://i.ytimg.com/vi/vuLUCnS9x0E/mqdefault.jpg",
        "youtubeVideoId": "vuLUCnS9x0E",
        "uploadedDate": "2020-02-29T15:08:18Z",
        "viewCount": 9039,
        "isCommercial": "False"
    },
    {
        "id": "bdb42d48-a593-4419-8bc4-9899a3b396ea",
        "title": "[ASMR] 불친절한 프리미엄 약국 롤플레이 2탄ㅣUnpleasant Premium Pharmacy Vol.2",
        "description": "* 본 영상은 뉴트리원에서 제품을 무료로 제공 받아 제작되었습니다.\n\n👄 PATREON (입소리 영상 풀버전 모두 공개)\nhttps://www.patreon.com/rose_asmr\nFull length of mouth sounds videos + extra videos\n풀 영상 + 멤버 전용 새로운 입소리 영상들 모두 공개\n\n🔥 Get the deleted mouth sounds video\nhttps://crowdticket.kr/store/roseasmr/language/en\n\n🔥 삭제된 입소리 영상 다운받기\nhttps://crowdticket.kr/store/roseasmr\n\n💝 Request Custom ASMR\nhttps://www.wisio.com/Rose_ASMR\nNo sign-up, real quick and easy!\n\n💝 맞춤형 ASMR 영상 요청하기\nhttps://crowdticket.kr/store/roseasmr\n최애 트리거를 골라 여러분들만의 최애 영상을 평생 소장하기!\n\n----------------------------------------------------------------------------------\n\n🔥 PATREON https://www.patreon.com/rose_asmr\n\n💝 CUSTOM ASMR https://www.wisio.com/Rose_ASMR\n\n💝 맞춤 ASMR https://crowdticket.kr/item/store/417\n\n\n🧚‍♀ TikTok https://vt.tiktok.com/RsuHck/\n\n🧚‍♀ Instagram https://www.instagram.com/rose.0430/\n\n\n💌 PAYPAL https://paypal.me/rose0430?locale.x=ko_KR\n\n✉ Email : dbalzla159@gmail.com\n\n✉ Business : ad.group@treasurehunter.co.kr",
        "thumbnail": "https://i.ytimg.com/vi/EdY101zk3rE/mqdefault.jpg",
        "youtubeVideoId": "EdY101zk3rE",
        "uploadedDate": "2020-02-18T00:09:40Z",
        "viewCount": 8746,
        "isCommercial": "False"
    },
    {
        "id": "8e61c92f-066b-4910-8c19-d536d126a38c",
        "title": "[ASMR] 불친절한 프리미엄 약국 롤플레이ㅣUnpleasant Pharmacy Role Play",
        "description": "* 본 영상은 로그네이쳐에서 제품을 무료로 제공 받아 제작되었습니다.\n\n👄 PATREON (입소리 영상 풀버전 모두 공개)\nhttps://www.patreon.com/rose_asmr\nFull length of mouth sounds videos + extra videos\n풀 영상 + 멤버 전용 새로운 입소리 영상들 모두 공개\n\n🔥 Get the deleted mouth sounds video\nhttps://crowdticket.kr/store/roseasmr/language/en\n\n🔥 삭제된 입소리 영상 다운받기\nhttps://crowdticket.kr/store/roseasmr\n\n💝 Request Custom ASMR\nhttps://www.wisio.com/Rose_ASMR\nNo sign-up, real quick and easy!\n\n💝 맞춤형 ASMR 영상 요청하기\nhttps://crowdticket.kr/store/roseasmr\n최애 트리거를 골라 여러분들만의 최애 영상을 평생 소장하기!\n\n----------------------------------------------------------------------------------\n\n🔥 PATREON https://www.patreon.com/rose_asmr\n\n💝 CUSTOM ASMR https://www.wisio.com/Rose_ASMR\n\n💝 맞춤 ASMR https://crowdticket.kr/item/store/417\n\n\n🧚‍♀ TikTok https://vt.tiktok.com/RsuHck/\n\n🧚‍♀ Instagram https://www.instagram.com/rose.0430/\n\n\n💌 PAYPAL https://paypal.me/rose0430?locale.x=ko_KR\n\n✉ Email : dbalzla159@gmail.com\n\n✉ Business : ad.group@treasurehunter.co.kr",
        "thumbnail": "https://i.ytimg.com/vi/e53q9UQP8kk/mqdefault.jpg",
        "youtubeVideoId": "e53q9UQP8kk",
        "uploadedDate": "2019-12-29T05:16:55Z",
        "viewCount": 13779,
        "isCommercial": "False"
    },
    {
        "id": "baeebea6-8850-448b-8732-cc0a97a13ab9",
        "title": "[ASMR] Caring Girlfriend🥰 Cheers You Up After A Long Day 지친 하루를 마친 당신을 응원해주는 여자친구 롤플레이",
        "description": "👄 PATREON (입소리 영상 풀버전 모두 공개)\nhttps://www.patreon.com/rose_asmr\nFull length of mouth sounds videos + extra videos\n풀 영상 + 멤버 전용 새로운 입소리 영상들 모두 공개\n\n🔥 Get the deleted mouth sounds video\nhttps://crowdticket.kr/store/roseasmr/language/en\n\n🔥 삭제된 입소리 영상 다운받기\nhttps://crowdticket.kr/store/roseasmr\n\n💝 Request Custom ASMR\nhttps://www.wisio.com/Rose_ASMR\nNo sign-up, real quick and easy!\n\n💝 맞춤형 ASMR 영상 요청하기\nhttps://crowdticket.kr/store/roseasmr\n최애 트리거를 골라 여러분들만의 최애 영상을 평생 소장하기!\n\n----------------------------------------------------------------------------------\n\n🔥 PATREON https://www.patreon.com/rose_asmr\n\n💝 CUSTOM ASMR https://www.wisio.com/Rose_ASMR\n\n💝 맞춤 ASMR https://crowdticket.kr/item/store/417\n\n\n🧚‍♀ TikTok https://vt.tiktok.com/RsuHck/\n\n🧚‍♀ Instagram https://www.instagram.com/rose.0430/\n\n\n💌 PAYPAL https://paypal.me/rose0430?locale.x=ko_KR\n\n✉ Email : dbalzla159@gmail.com\n\n✉ Business : ad.group@treasurehunter.co.kr",
        "thumbnail": "https://i.ytimg.com/vi/25R0zlMOrc0/mqdefault.jpg",
        "youtubeVideoId": "25R0zlMOrc0",
        "uploadedDate": "2019-12-30T00:49:32Z",
        "viewCount": 14729,
        "isCommercial": "False"
    },
    {
        "id": "c0d05cec-0acc-46be-bd14-86fd8f230f32",
        "title": "[ASMR] 친구 연말파티✨ 메이크업해주기ㅣDoing Your Make-up Before a Party",
        "description": "👄 PATREON (입소리 영상 풀버전 모두 공개)\nhttps://www.patreon.com/rose_asmr\nFull length of mouth sounds videos + extra videos\n풀 영상 + 멤버 전용 새로운 입소리 영상들 모두 공개\n\n🔥 Get the deleted mouth sounds video\nhttps://crowdticket.kr/store/roseasmr/language/en\n\n🔥 삭제된 입소리 영상 다운받기\nhttps://crowdticket.kr/store/roseasmr\n\n💝 Request Custom ASMR\nhttps://www.wisio.com/Rose_ASMR\nNo sign-up, real quick and easy!\n\n💝 맞춤형 ASMR 영상 요청하기\nhttps://crowdticket.kr/store/roseasmr\n최애 트리거를 골라 여러분들만의 최애 영상을 평생 소장하기!\n\n----------------------------------------------------------------------------------\n\n🔥 PATREON https://www.patreon.com/rose_asmr\n\n💝 CUSTOM ASMR https://www.wisio.com/Rose_ASMR\n\n💝 맞춤 ASMR https://crowdticket.kr/item/store/417\n\n\n🧚‍♀ TikTok https://vt.tiktok.com/RsuHck/\n\n🧚‍♀ Instagram https://www.instagram.com/rose.0430/\n\n\n💌 PAYPAL https://paypal.me/rose0430?locale.x=ko_KR\n\n✉ Email : dbalzla159@gmail.com\n\n✉ Business : ad.group@treasurehunter.co.kr",
        "thumbnail": "https://i.ytimg.com/vi/YsiqKT7kf4M/mqdefault.jpg",
        "youtubeVideoId": "YsiqKT7kf4M",
        "uploadedDate": "2019-12-30T00:49:57Z",
        "viewCount": 13113,
        "isCommercial": "False"
    },
    {
        "id": "095ec81c-19a2-4524-89e7-0793e840b0e9",
        "title": "[ASMR] Relaxing Facial Treatment * I Actually FELL ASLEEP!ㅣ리얼! 샵에서 피부관리 받다가 잠드는 롤플레이",
        "description": "👄 PATREON (입소리 영상 풀버전 모두 공개)\nhttps://www.patreon.com/rose_asmr\nFull length of mouth sounds videos + extra videos\n풀 영상 + 멤버 전용 새로운 입소리 영상들 모두 공개\n\n🔥 Get the deleted mouth sounds video\nhttps://crowdticket.kr/store/roseasmr/language/en\n\n🔥 삭제된 입소리 영상 다운받기\nhttps://crowdticket.kr/store/roseasmr\n\n💝 Request Custom ASMR\nhttps://www.wisio.com/Rose_ASMR\nNo sign-up, real quick and easy!\n\n💝 맞춤형 ASMR 영상 요청하기\nhttps://crowdticket.kr/store/roseasmr\n최애 트리거를 골라 여러분들만의 최애 영상을 평생 소장하기!\n\n----------------------------------------------------------------------------------\n\n🔥 PATREON https://www.patreon.com/rose_asmr\n\n💝 CUSTOM ASMR https://www.wisio.com/Rose_ASMR\n\n💝 맞춤 ASMR https://crowdticket.kr/item/store/417\n\n\n🧚‍♀ TikTok https://vt.tiktok.com/RsuHck/\n\n🧚‍♀ Instagram https://www.instagram.com/rose.0430/\n\n\n💌 PAYPAL https://paypal.me/rose0430?locale.x=ko_KR\n\n✉ Email : dbalzla159@gmail.com\n\n✉ Business : ad.group@treasurehunter.co.kr",
        "thumbnail": "https://i.ytimg.com/vi/0kjnCfen-j4/mqdefault.jpg",
        "youtubeVideoId": "0kjnCfen-j4",
        "uploadedDate": "2019-06-27T10:06:50Z",
        "viewCount": 278201,
        "isCommercial": "False"
    },
    {
        "id": "39e27e90-91d2-4da2-a7bc-272d14a3e8a9",
        "title": "[한국어 ASMR] 눈썹 타투 망한 손님 완벽 메이크오버 롤플레이 A Surprising Makeover Role Play",
        "description": "👄 PATREON (입소리 영상 풀버전 모두 공개)\nhttps://www.patreon.com/rose_asmr\nFull length of mouth sounds videos + extra videos\n풀 영상 + 멤버 전용 새로운 입소리 영상들 모두 공개\n\n🔥 Get the deleted mouth sounds video\nhttps://crowdticket.kr/store/roseasmr/language/en\n\n🔥 삭제된 입소리 영상 다운받기\nhttps://crowdticket.kr/store/roseasmr\n\n💝 Request Custom ASMR\nhttps://www.wisio.com/Rose_ASMR\nNo sign-up, real quick and easy!\n\n💝 맞춤형 ASMR 영상 요청하기\nhttps://crowdticket.kr/store/roseasmr\n최애 트리거를 골라 여러분들만의 최애 영상을 평생 소장하기!\n\n----------------------------------------------------------------------------------\n\n🔥 PATREON https://www.patreon.com/rose_asmr\n\n💝 CUSTOM ASMR https://www.wisio.com/Rose_ASMR\n\n💝 맞춤 ASMR https://crowdticket.kr/item/store/417\n\n\n🧚‍♀ TikTok https://vt.tiktok.com/RsuHck/\n\n🧚‍♀ Instagram https://www.instagram.com/rose.0430/\n\n\n💌 PAYPAL https://paypal.me/rose0430?locale.x=ko_KR\n\n✉ Email : dbalzla159@gmail.com\n\n✉ Business : ad.group@treasurehunter.co.kr",
        "thumbnail": "https://i.ytimg.com/vi/3sOypu60YXs/mqdefault.jpg",
        "youtubeVideoId": "3sOypu60YXs",
        "uploadedDate": "2018-11-08T11:16:15Z",
        "viewCount": 15369,
        "isCommercial": "False"
    },
    {
        "id": "c820e6ab-f6c6-4f57-8d37-a5616f47f0b2",
        "title": "[한국어 ASMR] 귀마사지+ 귀청소 풀 서비스 샵 RP Santa gives you some Ear Massage & Ear Cleaning",
        "description": "👄 PATREON (입소리 영상 풀버전 모두 공개)\nhttps://www.patreon.com/rose_asmr\nFull length of mouth sounds videos + extra videos\n풀 영상 + 멤버 전용 새로운 입소리 영상들 모두 공개\n\n🔥 Get the deleted mouth sounds video\nhttps://crowdticket.kr/store/roseasmr/language/en\n\n🔥 삭제된 입소리 영상 다운받기\nhttps://crowdticket.kr/store/roseasmr\n\n💝 Request Custom ASMR\nhttps://www.wisio.com/Rose_ASMR\nNo sign-up, real quick and easy!\n\n💝 맞춤형 ASMR 영상 요청하기\nhttps://crowdticket.kr/store/roseasmr\n최애 트리거를 골라 여러분들만의 최애 영상을 평생 소장하기!\n\n----------------------------------------------------------------------------------\n\n🔥 PATREON https://www.patreon.com/rose_asmr\n\n💝 CUSTOM ASMR https://www.wisio.com/Rose_ASMR\n\n💝 맞춤 ASMR https://crowdticket.kr/item/store/417\n\n\n🧚‍♀ TikTok https://vt.tiktok.com/RsuHck/\n\n🧚‍♀ Instagram https://www.instagram.com/rose.0430/\n\n\n💌 PAYPAL https://paypal.me/rose0430?locale.x=ko_KR\n\n✉ Email : dbalzla159@gmail.com\n\n✉ Business : ad.group@treasurehunter.co.kr",
        "thumbnail": "https://i.ytimg.com/vi/KulCVyvWlSE/mqdefault.jpg",
        "youtubeVideoId": "KulCVyvWlSE",
        "uploadedDate": "2017-12-23T16:25:10Z",
        "viewCount": 0,
        "isCommercial": "False"
    },
    {
        "id": "98200c12-af26-4de5-b8af-04f6ea1ac064",
        "title": "[위로즈 ASMR] 현실 자매의 산만한 이어마사지샵 체험하기 Real Sisters' Ear Massage Shop RP",
        "description": "👄 PATREON (입소리 영상 풀버전 모두 공개)\nhttps://www.patreon.com/rose_asmr\nFull length of mouth sounds videos + extra videos\n풀 영상 + 멤버 전용 새로운 입소리 영상들 모두 공개\n\n🔥 Get the deleted mouth sounds video\nhttps://crowdticket.kr/store/roseasmr/language/en\n\n🔥 삭제된 입소리 영상 다운받기\nhttps://crowdticket.kr/store/roseasmr\n\n💝 Request Custom ASMR\nhttps://www.wisio.com/Rose_ASMR\nNo sign-up, real quick and easy!\n\n💝 맞춤형 ASMR 영상 요청하기\nhttps://crowdticket.kr/store/roseasmr\n최애 트리거를 골라 여러분들만의 최애 영상을 평생 소장하기!\n\n----------------------------------------------------------------------------------\n\n🔥 PATREON https://www.patreon.com/rose_asmr\n\n💝 CUSTOM ASMR https://www.wisio.com/Rose_ASMR\n\n💝 맞춤 ASMR https://crowdticket.kr/item/store/417\n\n\n🧚‍♀ TikTok https://vt.tiktok.com/RsuHck/\n\n🧚‍♀ Instagram https://www.instagram.com/rose.0430/\n\n\n💌 PAYPAL https://paypal.me/rose0430?locale.x=ko_KR\n\n✉ Email : dbalzla159@gmail.com\n\n✉ Business : ad.group@treasurehunter.co.kr",
        "thumbnail": "https://i.ytimg.com/vi/sZHRSlywsxE/mqdefault.jpg",
        "youtubeVideoId": "sZHRSlywsxE",
        "uploadedDate": "2017-12-08T14:06:16Z",
        "viewCount": 0,
        "isCommercial": "False"
    },
    {
        "id": "694c29a0-31a1-4a39-a9c1-0f47f5f2b143",
        "title": "[한국어 ASMR]인형놀이👭여동이에게 조언 구하는 친구들 🐥",
        "description": "안녕하세요 위로 입니다 ^^\n오늘은 Rose 님과 함께 \n리코짱과 요우짱으로 인형놀이를 해보았어요\n많은 분들이 인형놀이 롤플레이를 \n기다려주셨기 때문에 \n즐겁게 보셨으면 하는 마음으로 찍어보았어요\n어렸을적 부터 둘 다 인형놀이를 너무 좋아해서\n그 때 노는 방식으로 찍어보았답니다.\n즉석에서 지어내서 하는 완벽한 리얼 인형놀이랍니다 \n대본이나 설정없이 인형만 들고 바로 촬영을 했어요^^\n그래야 재미있을것 같아서..^^;;\n즐겁게 보셨으면 좋겠네요\nNG모음 영상도 있으니 기다려주세요^^\nRose ASMR 도 많은 구독 부탁드립니다♡\n감사합니다..♡\n\n\nHi everyone, another video with my sister Rose ASMR!\nToday's video is playing with dolls which has been requested.\nWhen we were little, we used to play it a lot so we did it like that time.\nI'll bring a NG video soon, thank you guys!♡\n\nSubscribe to Rose ASMR :)\nhttps://www.youtube.com/channel/UCi5wxIemQowskKz66ib30_A",
        "thumbnail": "https://i.ytimg.com/vi/Cn5pktl1y98/mqdefault.jpg",
        "youtubeVideoId": "Cn5pktl1y98",
        "uploadedDate": "2017-12-13T14:59:53Z",
        "viewCount": 22430,
        "isCommercial": "False"
    },
    {
        "id": "7612110d-1a2a-4b33-b4ca-ba7c4ca75a36",
        "title": "Private video",
        "description": "This video is private.",
        "thumbnail": null,
        "youtubeVideoId": "X4An3wsorrQ",
        "uploadedDate": "2022-09-08T01:30:37Z",
        "viewCount": 0,
        "isCommercial": "False"
    }
]