[
    {
        "id": "500abe1f-62d7-4824-a3b5-86cc905b9024",
        "title": "그냥친구VS친한친구 공감100%ㅋㅋㅋㅋㅋㅋ [채채]",
        "description": "* 친구는 다 똑같은 친구니까 사이좋게 지내야합니다. \n\n▶ 구독 youtube : https://www.youtube.com/chaechaetv\n▶ 팔로우 instagram : https://www.instagram.com/chaechaetv\n▶ 문의 e-mail : chaechaetv@naver.com",
        "thumbnail": "https://i.ytimg.com/vi/qtziWLTwHHY/mqdefault.jpg",
        "youtubeVideoId": "qtziWLTwHHY",
        "uploadedDate": "2019-03-25T15:20:37Z",
        "viewCount": 219681,
        "isCommercial": "False"
    },
    {
        "id": "7e686117-d914-4c1f-b069-c3815eaf6983",
        "title": "소설오빠 vs 현실오빠 [채채]",
        "description": "* 여러분 집의 오빠들은 어떤가요? 댓글로 달아주세요. \n* 외동딸, 외동아들이 남매 연기를 하여 약-간 부족할수도 있습니다.\n\n▶ 구독 youtube : https://www.youtube.com/chaechaetv\n▶ 팔로우 instagram : https://www.instagram.com/chaechaetv\n▶ 문의 e-mail : chaechaetv@naver.com\n▶ 음악 : Kevin MacLeod의 Fluffing a Duck은(는) Creative Commons Attribution 라이선스(https://creativecommons.org/licenses/by/4.0/)에 따라 라이선스가 부여됩니다. \n출처: http://incompetech.com/music/royalty-free/index.html?isrc=USUAN1100768 \n아티스트: http://incompetech.com/",
        "thumbnail": "https://i.ytimg.com/vi/XmpMtGThZAU/mqdefault.jpg",
        "youtubeVideoId": "XmpMtGThZAU",
        "uploadedDate": "2019-04-01T13:17:07Z",
        "viewCount": 25023,
        "isCommercial": "False"
    },
    {
        "id": "feaee83f-efba-417b-b9c8-d6c0102ac012",
        "title": "아이(8살) vs 어른(28살) [채채]",
        "description": "* 채채의 어렸을 때 별명은 애늙은이..였다눙\n* 여러분은 지금 몇 살이고, 몇 살이 되고 싶나요?!\n\n▶ 구독 youtube : https://www.youtube.com/chaechaetv\n▶ 팔로우 instagram : https://www.instagram.com/chaechaetv\n▶ 문의 e-mail : chaechaetv@naver.com",
        "thumbnail": "https://i.ytimg.com/vi/1N-x_rzM5_Y/mqdefault.jpg",
        "youtubeVideoId": "1N-x_rzM5_Y",
        "uploadedDate": "2019-04-08T21:17:19Z",
        "viewCount": 178248,
        "isCommercial": "False"
    },
    {
        "id": "c9aa1120-99c5-4d6f-bf21-61133e6ca281",
        "title": "상상자매 vs 현실자매!! 자매라면 공감100% [채채]",
        "description": "* 모든 자매라고 다 이렇지는 않습니다.\n* 자매, 남매, 형제 모두 사이 좋게 지내세요 ^.^!\n\n▶ 음악 : http://www.bensound.com",
        "thumbnail": "https://i.ytimg.com/vi/bP2uGYDeLp8/mqdefault.jpg",
        "youtubeVideoId": "bP2uGYDeLp8",
        "uploadedDate": "2019-04-24T09:13:35Z",
        "viewCount": 32699,
        "isCommercial": "False"
    },
    {
        "id": "021e7cf1-84b6-4b9c-ab96-444be3336848",
        "title": "Private video",
        "description": "This video is private.",
        "thumbnail": null,
        "youtubeVideoId": "CnTHbFF7VeU",
        "uploadedDate": "2019-05-10T08:26:03Z",
        "viewCount": 0,
        "isCommercial": "False"
    }
]