[
    {
        "id": "cee90b61-b509-4d66-93a6-7acf6fac9ce4",
        "title": "ASMR 스물다섯 봄, 처음해보는 혼자여행. 강원도 고성",
        "description": "#강원희망여행\n이 영상은 한국관광공사와 함께 합니다.\n\n처음으로 고성으로 버스를 타고 여행을 떠났습니다.\n혼자 여행을 하면 함께 이야기 할 사람이 없어 마냥 외로울거라고 상상했는데 좋은 풍경,좋은 소리들과 함께하니 혼자서 이런저런 생각을 하며 온전히 여행에 집중할 수 있어서 좋더라구요. 맑고 평화로운 강원도로 많이 많이들 놀러가셔서 힐링하고 오시길 바랍니다. 제가 갔던 곳 중 가장 맘에 들었던 곳은 낙산사 였어요. 평화롭고 아름다워요. 영상을 촬영한 후 친구들과 양양에 있는 하조대에 갔었는데 그 곳도 정말 정말 좋았습니다. 강원도 여행 강추! 혼자 여행도 강추입니다💕\n\n짧은 영상이지만 제 영상을 통해 바쁜 일상 속 조금의 힐링이라도 되셨음 좋겠습니다. 안녕히주무세요!\n\n♡늘 좋은 꿈 꾸시고, 행복하세요♡\n\n●연츄채널 후원하기\n(매 달 한분을 선정하여 선물과 편지를 보내드려요)\nhttps://toon.at/donate/asmr_yeonchu\n\n●연츄채널 멤버십 가입\n(멤버십 전용 ASMR영상 업로드&소통+닉네임 옆 특별 뱃지)\nhttps://www.youtube.com/channel/UCjypzyxU_p0_0ElbWSi8QQw/join\n\n●연츄로그 (일상채널)\nhttps://www.youtube.com/channel/UCbhbaBMBCIJRT0PPxsYrbhw\n\n●INSTAGRAM\nhttp://www.instagram.com/y.zzu\n\n●EMAIL(비즈니스문의)\nduswnk1002@naver.com\n\n●영상 자막 달아주기 (subtitles)\nhttp://www.youtube.com/timedtext_cs_panel?tab=2&c=UCjypzyxU_p0_0ElbWSi8QQw\n\n●대부분의 옷 정보\n(할인코드'연츄'입력 시 5%추가할인)\nhttps://www.seoulstore.com/\n\n●팬카페 츄랜드\nhttps://cafe.naver.com/yeonchuasmr\n\n●사서함\n서울 성동구 연무장15길 11 에스팩토리 B동 2층 (받는이:연츄)\n\n\n※ASMR이란?\n심리적 안정을 유도하는 영상입니다.\n힐링을 원하는 청취자들에게 안정감을 주고,불면증에 도움이 됩니다.",
        "thumbnail": "https://i.ytimg.com/vi/lSAtsQbG34o/mqdefault.jpg",
        "youtubeVideoId": "lSAtsQbG34o",
        "uploadedDate": "2019-07-19T21:09:04Z",
        "viewCount": 0,
        "isCommercial": "False"
    },
    {
        "id": "cf873902-2098-4894-83c8-a39ff03e68fe",
        "title": "[수다ASMR] 배 타고 떠난 제주도여행 1편",
        "description": "♡늘 좋은 꿈 꾸시고, 행복하세요♡\n\n●연츄채널 후원하기\n(매 달 한분을 선정하여 선물과 편지를 보내드려요)\nhttps://toon.at/donate/asmr_yeonchu\n\n●연츄채널 멤버십 가입\n(멤버십 전용 ASMR영상 업로드&소통+닉네임 옆 특별 뱃지)\nhttps://www.youtube.com/channel/UCjypzyxU_p0_0ElbWSi8QQw/join\n\n●연츄로그 (일상채널)\nhttps://www.youtube.com/channel/UCbhbaBMBCIJRT0PPxsYrbhw\n\n●INSTAGRAM\nhttp://www.instagram.com/y.zzu\n\n●EMAIL(비즈니스문의)\nduswnk1002@naver.com\n\n●영상 자막 달아주기 (subtitles)\nhttp://www.youtube.com/timedtext_cs_panel?tab=2&c=UCjypzyxU_p0_0ElbWSi8QQw\n\n●대부분의 옷 정보\n(할인코드'연츄'입력 시 5%추가할인)\nhttps://www.seoulstore.com/\n\n●팬카페 츄랜드\nhttps://cafe.naver.com/yeonchuasmr\n\n●사서함\n서울 성동구 연무장15길 11 에스팩토리 B동 2층 (받는이:연츄)\n\n\n※ASMR이란?\n심리적 안정을 유도하는 영상입니다.\n힐링을 원하는 청취자들에게 안정감을 주고,불면증에 도움이 됩니다.",
        "thumbnail": "https://i.ytimg.com/vi/TXp0wfE5M5g/mqdefault.jpg",
        "youtubeVideoId": "TXp0wfE5M5g",
        "uploadedDate": "2019-08-01T10:52:06Z",
        "viewCount": 87682,
        "isCommercial": "True"
    },
    {
        "id": "03a3e822-fc4a-4450-9cb6-dffa2db7f632",
        "title": "[일상 ASMR] 평화로운 제주도 여행 2편 (bgm+자연의소리)",
        "description": "♡늘 좋은 꿈 꾸시고, 행복하세요♡\n\n●연츄채널 후원하기\n(매 달 한분을 선정하여 선물과 편지를 보내드려요)\nhttps://toon.at/donate/asmr_yeonchu\n\n●연츄채널 멤버십 가입\n(멤버십 전용 ASMR영상 업로드&소통+닉네임 옆 특별 뱃지)\nhttps://www.youtube.com/channel/UCjypzyxU_p0_0ElbWSi8QQw/join\n\n●연츄로그 (일상채널)\nhttps://www.youtube.com/channel/UCbhbaBMBCIJRT0PPxsYrbhw\n\n●INSTAGRAM\nhttp://www.instagram.com/y.zzu\n\n●EMAIL(비즈니스문의)\nduswnk1002@naver.com\n\n●영상 자막 달아주기 (subtitles)\nhttp://www.youtube.com/timedtext_cs_panel?tab=2&c=UCjypzyxU_p0_0ElbWSi8QQw\n\n●대부분의 옷 정보\n(할인코드'연츄'입력 시 5%추가할인)\nhttps://www.seoulstore.com/\n\n●팬카페 츄랜드\nhttps://cafe.naver.com/yeonchuasmr\n\n●사서함\n서울 성동구 연무장15길 11 에스팩토리 B동 2층 (받는이:연츄)\n\n\n※ASMR이란?\n심리적 안정을 유도하는 영상입니다.\n힐링을 원하는 청취자들에게 안정감을 주고,불면증에 도움이 됩니다.",
        "thumbnail": "https://i.ytimg.com/vi/-erFpLN8Ruw/mqdefault.jpg",
        "youtubeVideoId": "-erFpLN8Ruw",
        "uploadedDate": "2019-08-07T11:02:58Z",
        "viewCount": 84049,
        "isCommercial": "False"
    },
    {
        "id": "c75acc08-76b1-47af-9522-1a30517d7ce4",
        "title": "ASMR 고요한 낭만의 섬, 낭도",
        "description": "♡늘 좋은 꿈 꾸시고, 행복하세요♡\n\n●연츄채널 후원하기\n(매 달 한분을 선정하여 선물과 편지를 보내드려요)\nhttps://toon.at/donate/asmr_yeonchu\n\n●연츄채널 멤버십 가입\n(멤버십 전용 ASMR영상 업로드&소통+닉네임 옆 특별 뱃지)\nhttps://www.youtube.com/channel/UCjypzyxU_p0_0ElbWSi8QQw/join\n\n●연츄로그 (일상채널)\nhttps://www.youtube.com/channel/UCbhbaBMBCIJRT0PPxsYrbhw\n\n●INSTAGRAM\nhttp://www.instagram.com/y.zzu\n\n●EMAIL(비즈니스문의)\nduswnk1002@naver.com\n\n●영상 자막 달아주기 (subtitles)\nhttp://www.youtube.com/timedtext_cs_panel?tab=2&c=UCjypzyxU_p0_0ElbWSi8QQw\n\n●대부분의 옷 정보\n(할인코드'연츄'입력 시 5%추가할인)\nhttps://www.seoulstore.com/\n\n●팬카페 츄랜드\nhttps://cafe.naver.com/yeonchuasmr\n\n●사서함\n서울 성동구 연무장15길 11 에스팩토리 B동 2층 (받는이:연츄)\n\n\n※ASMR이란?\n심리적 안정을 유도하는 영상입니다.\n힐링을 원하는 청취자들에게 안정감을 주고,불면증에 도움이 됩니다.",
        "thumbnail": "https://i.ytimg.com/vi/TpMEZFZrJJY/mqdefault.jpg",
        "youtubeVideoId": "TpMEZFZrJJY",
        "uploadedDate": "2019-08-29T15:25:26Z",
        "viewCount": 20399,
        "isCommercial": "False"
    },
    {
        "id": "8ebdebf2-e9ba-47d3-8dfe-e5ae15f7de23",
        "title": "Private video",
        "description": "This video is private.",
        "thumbnail": null,
        "youtubeVideoId": "mpNXGDNMDjA",
        "uploadedDate": "2019-10-08T11:11:12Z",
        "viewCount": 15530,
        "isCommercial": "False"
    }
]