[
    {
        "id": "9a4a1822-361a-49b8-8124-13c17a381441",
        "title": "내가 바로 마스터 셰프!! 1화 [스토리 모드 리뷰 ,실사 마크 minecraft 쫀득]",
        "description": "마인크래프트 스토리 모드 리뷰 입니다.\n하베스트 모드 사용\n아프리카 주소 ㄱ\nafreeca.com/azsxdcff\n생방 5시반, 11시반",
        "thumbnail": "https://i.ytimg.com/vi/F_me-PvoCJE/mqdefault.jpg",
        "youtubeVideoId": "F_me-PvoCJE",
        "uploadedDate": "2016-05-18T09:03:17Z",
        "viewCount": 0,
        "isCommercial": "False"
    },
    {
        "id": "0ff28d3d-a9b9-41ee-b6c5-f8974b923f51",
        "title": "숨막히는 요리배틀 마스터 셰프!! 2화 [스토리 모드 리뷰 ,실사 마크 minecraft 쫀득]",
        "description": "아프리카 주소 ㄱ\nafreeca.com/azsxdcff\n생방 5시반, 11시반",
        "thumbnail": "https://i.ytimg.com/vi/n-Pa2nMvjcY/mqdefault.jpg",
        "youtubeVideoId": "n-Pa2nMvjcY",
        "uploadedDate": "2016-05-27T18:14:23Z",
        "viewCount": 0,
        "isCommercial": "False"
    },
    {
        "id": "3170fe0c-c776-47a0-8226-60efbb99b6d2",
        "title": "램램과 쫀득의 결승 요리 대결! 3화 완결 [스토리 모드 리뷰 ,실사 마크 minecraft 쫀득]",
        "description": "아프리카 주소 ㄱ\nafreeca.com/azsxdcff\n생방 5시반, 11시반",
        "thumbnail": "https://i.ytimg.com/vi/A0ARgnner90/mqdefault.jpg",
        "youtubeVideoId": "A0ARgnner90",
        "uploadedDate": "2016-06-03T20:48:02Z",
        "viewCount": 0,
        "isCommercial": "False"
    }
]