[
    {
        "id": "aac889a5-6785-45f7-a817-5704549b536a",
        "title": "30일간 공복 유산소 운동, 얼마나 빠질까? #shorts",
        "description": "30일간 공복 유산소 운동, 얼마나 빠질까? #shorts\n――――――――――――――\n💌 인스타 :  https://www.instagram.com/somz_zi/\n💌 메일 :  ds02_28@naver.com \n――――――――――――――\n솜찌 생애 첫 쇼츠!~~~~~~~~",
        "thumbnail": "https://i.ytimg.com/vi/aAUKXuefQeQ/mqdefault.jpg",
        "youtubeVideoId": "aAUKXuefQeQ",
        "uploadedDate": "2021-08-23T09:46:37Z",
        "viewCount": 7542,
        "isCommercial": "False"
    },
    {
        "id": "789c5bc5-82e8-46e7-b580-9e40259fc8d0",
        "title": "10시간 등반하면서까지 겨울 한라산에 가야하는 이유(ft.겨울왕국)",
        "description": "#shorts\n\n안녕 애들아 랜선언니 솜찌야\n겨울 한라산이 그렇게 예쁘다길래 9시간 걸려 다녀와봤어\n\n7시반 등반시작해서 5시 넘어서 내려왔던 \n관음사-성판악 한라산 코스ㅠ_ㅠ\n자세한 영상은 브이로그로도 준비했으니까 즐감이욤!",
        "thumbnail": "https://i.ytimg.com/vi/BrTtj7khEAQ/mqdefault.jpg",
        "youtubeVideoId": "BrTtj7khEAQ",
        "uploadedDate": "2022-01-24T06:20:18Z",
        "viewCount": 721,
        "isCommercial": "False"
    }
]