[
    {
        "id": "9e8d9a6f-57c2-43f8-8ec6-ec3f319dae5a",
        "title": "절교와 지옥을 느낀 신길동 매운 짬뽕 먹방 with 시니 [채채TV]",
        "description": "그동안 즐거웠고 다시는 만나지 말자! \n\n▶ 구독 youtube : https://goo.gl/IQHIBa \n▶ 팔로우 facebook : https://www.facebook.com/dolheesun\n▶ 팔로우 instagram : https://www.instagram.com/chaechaetv/\n▶ 문의 e-mail : chaechaetv@naver.com",
        "thumbnail": "https://i.ytimg.com/vi/CrPiWNBCsMM/mqdefault.jpg",
        "youtubeVideoId": "CrPiWNBCsMM",
        "uploadedDate": "2017-04-23T02:47:49Z",
        "viewCount": 0,
        "isCommercial": "False"
    },
    {
        "id": "1b274ea7-81ac-4440-9b59-995669577725",
        "title": "눈물(울음)참기 챌린지 ★핵잼★ [채채TV] Try NOT to cry",
        "description": "이 정도면 눈물이 특기 수준\n\n▶ 구독 youtube : https://goo.gl/IQHIBa \n▶ 팔로우 facebook : https://www.facebook.com/dolheesun\n▶ 팔로우 instagram : https://www.instagram.com/chaechaetv/\n▶ 취미기록 blog : http://blog.naver.com/chaechaetv\n▶ 문의 e-mail : chaechaetv@naver.com \n\n구독/좋아요/공유 잊지말고 해주시면 감사하겠어요.\n유익하고 유쾌한 컨텐츠크리에이터 채희선에게 응원을 듬뿍해주실수록, 영상이 자주 올라갑니다♥!",
        "thumbnail": "https://i.ytimg.com/vi/8qXt2yPhl0g/mqdefault.jpg",
        "youtubeVideoId": "8qXt2yPhl0g",
        "uploadedDate": "2016-12-30T09:15:06Z",
        "viewCount": 0,
        "isCommercial": "False"
    },
    {
        "id": "fc130848-c8dc-4b14-a166-9195300987e5",
        "title": "이별(장면보고 눈물,화,욕)참기 도전!  ※웃김주의※ [채채TV]",
        "description": "이별..가물가물..가물치다.\n\n▶ 구독 youtube : https://www.youtube.com/chaechaetv\n▶ 팔로우 facebook : https://www.facebook.com/dolheesun\n▶ 팔로우 instagram : https://www.instagram.com/chaechaetv/\n▶ 문의 e-mail : chaechaetv@naver.com\nMusic: http://www.bensound.com",
        "thumbnail": "https://i.ytimg.com/vi/AFWLDU8MNx8/mqdefault.jpg",
        "youtubeVideoId": "AFWLDU8MNx8",
        "uploadedDate": "2017-09-12T09:21:17Z",
        "viewCount": 0,
        "isCommercial": "False"
    },
    {
        "id": "bece38a3-ad3f-4173-9e92-01d8c4514d11",
        "title": "난생 처음 급식체 읽어봄 [채채TV]",
        "description": "급식체, 급식충이라는 말이 SNS에서 파생되었다고 하는데요. 1318세대가 왜 그렇게 표현되었는지 의문입니다. 그리고 2017년의 1318세대가 사용하는 말과 어투들이 충분히 재밌지만 욕설이 과하다는 느낌이 있으니 유도리 있게 사용하는 것이 중요할듯 합니다. = 채희선비인 부분. 인정? ㅇㅇ인정. \n\n▶ 구독 youtube : https://www.youtube.com/chaechaetv\n▶ 팔로우 facebook : https://www.facebook.com/dolheesun\n▶ 팔로우 instagram : https://www.instagram.com/chaechaetv/\n▶ 문의 e-mail : chaechaetv@naver.com",
        "thumbnail": "https://i.ytimg.com/vi/hChr9q2FRE8/mqdefault.jpg",
        "youtubeVideoId": "hChr9q2FRE8",
        "uploadedDate": "2017-11-18T06:36:55Z",
        "viewCount": 0,
        "isCommercial": "False"
    },
    {
        "id": "5a91946a-e5fe-4faa-8918-cef1472c5b73",
        "title": "개구기 끼고 노래방에서 100점 맞기 도전! 끝까지 보세요! [채채TV]",
        "description": "나는 돌아이오아이다.\n\n▶ 구독 youtube : https://goo.gl/IQHIBa \n▶ 팔로우 facebook : https://www.facebook.com/dolheesun\n▶ 팔로우 instagram : https://www.instagram.com/chaechaetv/\n▶ 문의 e-mail : chaechaetv@naver.com",
        "thumbnail": "https://i.ytimg.com/vi/7ZWavscSJfs/mqdefault.jpg",
        "youtubeVideoId": "7ZWavscSJfs",
        "uploadedDate": "2017-05-15T18:32:13Z",
        "viewCount": 0,
        "isCommercial": "False"
    },
    {
        "id": "c3da16dd-fa00-48fa-8e48-ca711ed302d0",
        "title": "해리포터 젤리빈 한번에 다 먹기 도전! (+맛리뷰) Harry Potter Jelly Bean Challenge [채채TV]",
        "description": "헐! 코딱지맛이 있었다니! 설명..엔 없었는데..제가 영어를 못 읽나봐요..(머쓱)\n\n▶ 구독 youtube : https://goo.gl/IQHIBa \n▶ 팔로우 facebook : https://www.facebook.com/dolheesun\n▶ 팔로우 instagram : https://www.instagram.com/chaechaetv/\n▶ 취미기록 blog : http://blog.naver.com/chaechaetv\n▶ 문의 e-mail : chaechaetv@naver.com \n\n구독/좋아요/공유 잊지말고 해주시면 감사하겠어요.\n유익하고 유쾌한 컨텐츠크리에이터 채희선에게 응원을 듬뿍해주실수록, 영상이 자주 올라갑니다♥!",
        "thumbnail": "https://i.ytimg.com/vi/VAMu7TePjck/mqdefault.jpg",
        "youtubeVideoId": "VAMu7TePjck",
        "uploadedDate": "2016-12-30T09:01:19Z",
        "viewCount": 0,
        "isCommercial": "False"
    },
    {
        "id": "8002c6c7-c16e-43e2-9b37-84c8fb8a8e69",
        "title": "10년만에 아이돌 뮤직비디오를 보았다 (말많음, 아재, 고인돌 주의) [채채TV]",
        "description": "...!!\n\n▶ 구독 youtube : https://goo.gl/IQHIBa \n▶ 팔로우 facebook : https://www.facebook.com/dolheesun\n▶ 팔로우 instagram : https://www.instagram.com/chaechaetv/\n▶ 문의 e-mail : chaechaetv@naver.com",
        "thumbnail": "https://i.ytimg.com/vi/Zo9Cgcg_njw/mqdefault.jpg",
        "youtubeVideoId": "Zo9Cgcg_njw",
        "uploadedDate": "2017-05-12T10:17:18Z",
        "viewCount": 0,
        "isCommercial": "False"
    },
    {
        "id": "4623f9ea-8dcf-47cd-9ade-e0c4118e40ac",
        "title": "채희선이 느낀 말의 힘! = 양파실험 (지킬앤하이드주의,정신분열주의,욕설주의,핵웃김) Onions also have ears!",
        "description": "ㅋㅋㅋㅋㅋㅋㅋㅋㅋ욕이 얼마나 나쁜것인지 보여주는 영상.. 하하..\n▶ Subscribe 구독 youtube : https://goo.gl/IQHIBa \n▶ Follow 팔로우 facebook : https://www.facebook.com/dolheesun\n▶ 취미기록 blog : http://blog.naver.com/chaechaetv\n\n리포터 & 컨텐츠 크리에이터 '채희선'의 영상을 꾸~준히 보고싶다면, 구독하기 눌러주세요. 일주일에 한번 이상 채희선을 만날수 있어요. 감사합니다. 사랑합니다.",
        "thumbnail": "https://i.ytimg.com/vi/QGluuQ0uHRQ/mqdefault.jpg",
        "youtubeVideoId": "QGluuQ0uHRQ",
        "uploadedDate": "2016-12-30T08:38:46Z",
        "viewCount": 0,
        "isCommercial": "False"
    },
    {
        "id": "ab1f904a-52c4-4321-b592-70ac37f9342b",
        "title": "어른들만 먹을수 있다? 세상 매운 18금 카레 리뷰 [채채TV]",
        "description": "이후에 설사 파티 했습니다. \n\n▶ 구독 youtube : https://goo.gl/IQHIBa \n▶ 팔로우 facebook : https://www.facebook.com/dolheesun\n▶ 팔로우 instagram : https://www.instagram.com/chaechaetv/\n▶ 문의 e-mail : chaechaetv@naver.com",
        "thumbnail": "https://i.ytimg.com/vi/8WHTCMn7DLA/mqdefault.jpg",
        "youtubeVideoId": "8WHTCMn7DLA",
        "uploadedDate": "2017-05-02T01:01:11Z",
        "viewCount": 0,
        "isCommercial": "False"
    },
    {
        "id": "fd8fa9d9-0dd3-45b4-b896-6921b180c5c2",
        "title": "아마도 유튜버 최초 더러움 참기 도전 [채채TV]",
        "description": "(제 기준) 더러움의 난이도는 중하입니다. 더럽다라는 말을 하면 도전에 실패하는 더러움 참기 도전!이지만 세상살이가 가장 더러운것 같습니다.\n\n▶ 구독 youtube : https://goo.gl/IQHIBa \n▶ 팔로우 facebook : https://www.facebook.com/dolheesun\n▶ 팔로우 instagram : https://www.instagram.com/chaechaetv/\n▶ 문의 e-mail : chaechaetv@naver.com",
        "thumbnail": "https://i.ytimg.com/vi/omsNlLamQi0/mqdefault.jpg",
        "youtubeVideoId": "omsNlLamQi0",
        "uploadedDate": "2017-01-17T17:06:05Z",
        "viewCount": 0,
        "isCommercial": "False"
    },
    {
        "id": "c5d8ed42-cbcd-4205-89f2-4ec017387874",
        "title": "남자 아이돌 이상형 월드컵 K-pop idol Ideal World Cup (?)! [채채TV]",
        "description": "오빠 동생들 미안..모두 내가 조와해..☞☜♥\n\n▶ 구독 youtube : https://goo.gl/IQHIBa \n▶ 팔로우 facebook : https://www.facebook.com/dolheesun\n▶ 팔로우 instagram : https://www.instagram.com/chaechaetv/\n▶ 취미기록 blog : http://blog.naver.com/chaechaetv\n▶ 문의 e-mail : chaechaetv@naver.com \n\n구독/좋아요/공유 잊지말고 해주시면 감사하겠어요.\n유익하고 유쾌한 컨텐츠크리에이터 채희선에게 응원을 듬뿍해주실수록, 영상이 자주 올라갑니다♥!",
        "thumbnail": "https://i.ytimg.com/vi/EF_6iNyxTCU/mqdefault.jpg",
        "youtubeVideoId": "EF_6iNyxTCU",
        "uploadedDate": "2016-12-30T08:56:01Z",
        "viewCount": 0,
        "isCommercial": "False"
    },
    {
        "id": "bd7705f2-7529-44d4-9f4d-614cad0c88cb",
        "title": "더럽고 웃긴 개구기끼고 양념치킨 먹방 [채채x망가녀]",
        "description": "▶ 망가녀채널 : https://youtu.be/IH4XwRPtkYo \n▶ 채채채널 : https://goo.gl/IQHIBa \n▶ 팔로우 facebook : https://www.facebook.com/dolheesun\n▶ 팔로우 instagram : https://www.instagram.com/chaechaetv/\n▶ 문의 e-mail : chaechaetv@naver.com",
        "thumbnail": "https://i.ytimg.com/vi/meTqmx6rQfY/mqdefault.jpg",
        "youtubeVideoId": "meTqmx6rQfY",
        "uploadedDate": "2017-03-30T18:31:04Z",
        "viewCount": 0,
        "isCommercial": "False"
    },
    {
        "id": "5f2e96d0-b4e4-4988-8db2-0d6724bc4fbc",
        "title": "혼자 공포영상을 보았다 (뜻밖의 웃음참기) [채채TV]",
        "description": "참고 영상은 넷플릭스 오리지날 컨텐츠인 '스크림'과 '저주 받은 집의 한 송이 꽃' 입니다. 채채 애기 무서워쪙.\n\n▶ 구독 youtube : https://goo.gl/IQHIBa \n▶ 팔로우 facebook : https://www.facebook.com/dolheesun\n▶ 팔로우 instagram : https://www.instagram.com/chaechaetv/\n▶ 문의 e-mail : chaechaetv@naver.com\n\nAudionautix의 Ectoplasm은(는) Creative Commons Attribution 라이선스(https://creativecommons.org/licenses/by/4.0/)에 따라 라이선스가 부여됩니다. 아티스트: http://audionautix.com/ \n\nAudionautix의 Pyramids은(는) Creative Commons Attribution 라이선스(https://creativecommons.org/licenses/by/4.0/)에 따라 라이선스가 부여됩니다. 아티스트: http://audionautix.com/",
        "thumbnail": "https://i.ytimg.com/vi/x7I7ruuaQ5A/mqdefault.jpg",
        "youtubeVideoId": "x7I7ruuaQ5A",
        "uploadedDate": "2017-05-04T02:36:01Z",
        "viewCount": 0,
        "isCommercial": "False"
    },
    {
        "id": "f4484fb4-baa4-47c9-b64f-2b3065651039",
        "title": "1000배 현미경으로 나의 데일리 화장품을 관찰해보았다 *환공포증주의* [채채TV]",
        "description": "화장품을 교체해야할 시기가 왔나봅니다.\n\n▶ 구독 youtube : https://goo.gl/IQHIBa \n▶ 팔로우 facebook : https://www.facebook.com/dolheesun\n▶ 팔로우 instagram : https://www.instagram.com/chaechaetv/\n▶ 문의 e-mail : chaechaetv@naver.com",
        "thumbnail": "https://i.ytimg.com/vi/w7Rj8PBwtJk/mqdefault.jpg",
        "youtubeVideoId": "w7Rj8PBwtJk",
        "uploadedDate": "2017-03-01T07:05:25Z",
        "viewCount": 0,
        "isCommercial": "False"
    },
    {
        "id": "a9b053b5-a8c9-4db6-b34e-afa577513e45",
        "title": "짜증과 한숨이 밀려오는 인내심 테스트 [채채TV]",
        "description": "저의 인내심 테스트는 성공인가요? 실패인가요?\n\n▶ 구독 youtube : https://goo.gl/IQHIBa \n▶ 팔로우 facebook : https://www.facebook.com/dolheesun\n▶ 팔로우 instagram : https://www.instagram.com/chaechaetv/\n▶ 문의 e-mail : chaechaetv@naver.com",
        "thumbnail": "https://i.ytimg.com/vi/pgLDfqbSevM/mqdefault.jpg",
        "youtubeVideoId": "pgLDfqbSevM",
        "uploadedDate": "2017-04-04T08:30:52Z",
        "viewCount": 0,
        "isCommercial": "False"
    },
    {
        "id": "c80db1b9-c40f-45d2-9a0c-4c93062b81aa",
        "title": "5분만에 끝내는 변태 테스트 (자칭 변태 채희선의 충격적인 결과는?!) [채채TV]",
        "description": "재미로 해본 테스트니까 모두들 걱정은 하지 마세요. 헤헿.\n\n▶ 구독 youtube : https://goo.gl/IQHIBa \n▶ 팔로우 facebook : https://www.facebook.com/dolheesun\n▶ 팔로우 instagram : https://www.instagram.com/chaechaetv/\n▶ 문의 e-mail : chaechaetv@naver.com",
        "thumbnail": "https://i.ytimg.com/vi/--u3_HuAIfc/mqdefault.jpg",
        "youtubeVideoId": "--u3_HuAIfc",
        "uploadedDate": "2017-03-20T08:02:02Z",
        "viewCount": 0,
        "isCommercial": "False"
    },
    {
        "id": "136502f8-4ed2-4956-9439-a88e40eb8a31",
        "title": "아이돌 노래 아예 모르는 채희선이 2017 아이돌 신곡 불러봄 [채채TV]",
        "description": "▼재밌어서 반복재생 하시는 분들을 위한 꿀팁▼\n\n1:09 Reflestion - 방탄소년단\n2:04 l'll be your's - 걸스데이\n2:45 FINGERTIP - 여자친구\n4:05 봄날 - 방탄소년단\n5:09 Yesterday - 블락비\n6:33 샤이닝 - 채채\n\n▶ 구독 youtube : https://goo.gl/IQHIBa \n▶ 팔로우 facebook : https://www.facebook.com/dolheesun\n▶ 팔로우 instagram : https://www.instagram.com/chaechaetv/\n▶ 문의 e-mail : chaechaetv@naver.com",
        "thumbnail": "https://i.ytimg.com/vi/Pq-lN_NZ7v4/mqdefault.jpg",
        "youtubeVideoId": "Pq-lN_NZ7v4",
        "uploadedDate": "2017-04-20T18:00:52Z",
        "viewCount": 0,
        "isCommercial": "False"
    },
    {
        "id": "c02a33bc-db71-41c1-9f4e-62ac3d6691db",
        "title": "셀프 탈색 두번 실패하고 결국 존잘 기우쌤을 찾아가다 [채채TV]",
        "description": "기우쌤의 손길에 치얼스(?)",
        "thumbnail": "https://i.ytimg.com/vi/W2-e--34-fs/mqdefault.jpg",
        "youtubeVideoId": "W2-e--34-fs",
        "uploadedDate": "2017-04-10T00:41:18Z",
        "viewCount": 0,
        "isCommercial": "False"
    },
    {
        "id": "8f96f063-ca34-40bb-b205-e389300d6717",
        "title": "악플&루머읽기 도전 & 피드백..? [채채TV] Malicious comments or cyber bullying",
        "description": "그래도 제 유튜브에는 대부분 좋은 댓글들만 가득해서, 악플 모으는데 오래 걸렸어요. \n악플이나 선플이나 항상 '관심'이라는 마음으로 감사히 받아들이겠지만 기승전경찰서입니다~♥\n\n▶ 구독 youtube : https://goo.gl/IQHIBa \n▶ 팔로우 facebook : https://www.facebook.com/dolheesun\n▶ 팔로우 instagram : https://www.instagram.com/chaechaetv/\n▶ 취미기록 blog : http://blog.naver.com/chaechaetv\n▶ 문의 e-mail : chaechaetv@naver.com \n\n구독/좋아요/공유 잊지말고 해주시면 감사하겠어요.\n유익하고 유쾌한 컨텐츠크리에이터 채희선에게 응원을 듬뿍해주실수록, 영상이 자주 올라갑니다♥!",
        "thumbnail": "https://i.ytimg.com/vi/EbgynsCYZ1Q/mqdefault.jpg",
        "youtubeVideoId": "EbgynsCYZ1Q",
        "uploadedDate": "2016-12-30T09:09:29Z",
        "viewCount": 0,
        "isCommercial": "False"
    },
    {
        "id": "c8f6f1e1-08f1-4bff-a8e4-e3a8ccbcc0a3",
        "title": "아키네이터로 채희선 찾기 도전! Finding Myself On Akinator   [채채TV]",
        "description": "채팅여러분들 덕분에 이런 결과가 나왔습니다!\n\n▶ 구독 youtube : https://goo.gl/IQHIBa \n▶ 팔로우 facebook : https://www.facebook.com/dolheesun\n▶ 팔로우 instagram : https://www.instagram.com/chaechaetv/\n▶ 취미기록 blog : http://blog.naver.com/chaechaetv\n▶ 문의 e-mail : chaechaetv@naver.com \n\n구독/좋아요/공유 잊지말고 해주시면 감사하겠어요.\n유익하고 유쾌한 컨텐츠크리에이터 채희선에게 응원을 듬뿍해주실수록, 영상이 자주 올라갑니다♥!\n\nKevin MacLeod의 Glee Club Polka은(는) Creative Commons Attribution 라이선 (https://creativecommons.org/licenses/by/4.0/)에 따라 라이선스가 부여됩니다. 출처: http://incompetech.com/music/royalty-free/index.html?isrc=USUAN1100218 \n아티스트: http://incompetech.com/",
        "thumbnail": "https://i.ytimg.com/vi/WEkx2yhsxRQ/mqdefault.jpg",
        "youtubeVideoId": "WEkx2yhsxRQ",
        "uploadedDate": "2016-12-30T09:22:00Z",
        "viewCount": 0,
        "isCommercial": "False"
    },
    {
        "id": "d6cdc359-eb24-42c3-b46e-f3f9c4eb1451",
        "title": "1000배 현미경으로 나의 신체를 관찰해보았다 [채채TV]",
        "description": "변태들은 꺼지세요. \n\n▶ 구독 youtube : https://goo.gl/IQHIBa \n▶ 팔로우 facebook : https://www.facebook.com/dolheesun\n▶ 팔로우 instagram : https://www.instagram.com/chaechaetv/\n▶ 문의 e-mail : chaechaetv@naver.com",
        "thumbnail": "https://i.ytimg.com/vi/XeijT7Ctr0g/mqdefault.jpg",
        "youtubeVideoId": "XeijT7Ctr0g",
        "uploadedDate": "2017-03-04T07:26:03Z",
        "viewCount": 0,
        "isCommercial": "False"
    },
    {
        "id": "ed9dbe87-939c-485f-848c-c857eb7da246",
        "title": "지우개 다 쓰는데 몇분?! 지우개 하나 다 써보기 도전! [채채TV]",
        "description": "그 날 채채의 손은 너덜너덜해졌다고 합니다.\n\n▶ 구독 youtube : https://goo.gl/IQHIBa \n▶ 팔로우 facebook : https://www.facebook.com/dolheesun\n▶ 팔로우 instagram : https://www.instagram.com/chaechaetv/\n▶ 취미기록 blog : http://blog.naver.com/chaechaetv\n▶ 문의 e-mail : chaechaetv@naver.com \n\n구독/좋아요/공유 잊지말고 해주시면 감사하겠어요.\n유익하고 유쾌한 컨텐츠크리에이터 채희선에게 응원을 듬뿍해주실수록, 영상이 자주 올라갑니다♥!",
        "thumbnail": "https://i.ytimg.com/vi/-eCuFww5DIk/mqdefault.jpg",
        "youtubeVideoId": "-eCuFww5DIk",
        "uploadedDate": "2016-12-30T09:13:52Z",
        "viewCount": 0,
        "isCommercial": "False"
    },
    {
        "id": "72e3f7c8-613e-4fe0-a520-2cc5e0d33475",
        "title": "귀여움참기 도전! 고양이동영상은 치명적이야! [채채TV]",
        "description": "▶ 구독 youtube : https://goo.gl/IQHIBa \n▶ 팔로우 facebook : https://www.facebook.com/dolheesun\n▶ 팔로우 instagram : https://www.instagram.com/chaechaetv/\n▶ 취미기록 blog : http://blog.naver.com/chaechaetv\n▶ 문의 e-mail : chaechaetv@naver.com \n\n구독/좋아요/공유 잊지말고 해주시면 감사하겠어요.\n유익하고 유쾌한 컨텐츠크리에이터 채희선에게 응원을 듬뿍해주실수록, 영상이 자주 올라갑니다♥!",
        "thumbnail": "https://i.ytimg.com/vi/I0MYIqTa2AY/mqdefault.jpg",
        "youtubeVideoId": "I0MYIqTa2AY",
        "uploadedDate": "2016-12-30T09:23:52Z",
        "viewCount": 0,
        "isCommercial": "False"
    },
    {
        "id": "60a81575-2447-4e18-a15d-485e92ad9e32",
        "title": "어려운 발음 테스트 도전! 나는 리포터야! [채채TV]",
        "description": "▶ 구독 youtube : https://goo.gl/IQHIBa \n▶ 팔로우 facebook : https://www.facebook.com/dolheesun\n▶ 팔로우 instagram : https://www.instagram.com/chaechaetv/\n▶ 취미기록 blog : http://blog.naver.com/chaechaetv\n▶ 문의 e-mail : chaechaetv@naver.com \n\n구독/좋아요/공유 잊지말고 해주시면 감사하겠어요.\n유익하고 유쾌한 컨텐츠크리에이터 채희선에게 응원을 듬뿍해주실수록, 영상이 자주 올라갑니다♥!",
        "thumbnail": "https://i.ytimg.com/vi/Em27blyyBcs/mqdefault.jpg",
        "youtubeVideoId": "Em27blyyBcs",
        "uploadedDate": "2016-12-30T08:57:20Z",
        "viewCount": 0,
        "isCommercial": "False"
    },
    {
        "id": "fc308e3a-8385-4a30-af7e-ba352a06f7ee",
        "title": "지독한 냄새의 생선, 홍어를 처음 먹어보았다 (10점 먹기 도전! 그 결과는?) Eating fermented stingray [채희선/채채TV]",
        "description": "주문진 토박이인 아버지가 주신 간식..이라니. 고오마압스읍니다.\n\n▶ 구독 youtube : https://goo.gl/IQHIBa \n▶ 팔로우 facebook : https://www.facebook.com/dolheesun\n▶ 팔로우 instagram : https://www.instagram.com/chaechaetv/\n▶ 취미기록 blog : http://blog.naver.com/chaechaetv\n▶ 문의 e-mail : chaechaetv@naver.com \n\n구독/좋아요/공유 잊지말고 해주시면 감사하겠어요.\n유익하고 유쾌한 컨텐츠크리에이터 채희선에게 응원을 듬뿍해주실수록, 영상이 자주 올라갑니다♥!",
        "thumbnail": "https://i.ytimg.com/vi/Cp4osoNhHqg/mqdefault.jpg",
        "youtubeVideoId": "Cp4osoNhHqg",
        "uploadedDate": "2016-12-30T09:19:42Z",
        "viewCount": 0,
        "isCommercial": "False"
    },
    {
        "id": "956c5cdd-4380-4948-b795-3f6fb3aa5631",
        "title": "Private video",
        "description": "This video is private.",
        "thumbnail": null,
        "youtubeVideoId": "SzdgSJZDrco",
        "uploadedDate": "2016-12-30T09:24:39Z",
        "viewCount": 0,
        "isCommercial": "False"
    },
    {
        "id": "bc331fed-7e3f-4356-8974-ae7bd01e0f7e",
        "title": "Deleted video",
        "description": "This video is unavailable.",
        "thumbnail": null,
        "youtubeVideoId": "6dE-hP8nzXU",
        "uploadedDate": "2016-12-30T09:20:19Z",
        "viewCount": 0,
        "isCommercial": "False"
    },
    {
        "id": "ac1b14bc-b233-491d-880a-f3b04b0a1e48",
        "title": "손대지 않고 바지 입기 [채채TV]",
        "description": "▶ 구독 youtube : https://goo.gl/IQHIBa \n▶ 팔로우 facebook : https://www.facebook.com/dolheesun\n▶ 팔로우 instagram : https://www.instagram.com/chaechaetv/\n▶ 취미기록 blog : http://blog.naver.com/chaechaetv\n▶ 문의 e-mail : chaechaetv@naver.com \n\n구독/좋아요/공유 잊지말고 해주시면 감사하겠어요.\n유익하고 유쾌한 컨텐츠크리에이터 채희선에게 응원을 듬뿍해주실수록, 영상이 자주 올라갑니다♥!",
        "thumbnail": "https://i.ytimg.com/vi/_Mkmn4VM7-U/mqdefault.jpg",
        "youtubeVideoId": "_Mkmn4VM7-U",
        "uploadedDate": "2016-12-30T09:23:04Z",
        "viewCount": 0,
        "isCommercial": "False"
    },
    {
        "id": "9a44e79a-f7a5-42c1-914f-7e8dcbb08cdb",
        "title": "선플읽기 도전! [채채TV/채희선]",
        "description": "악플읽기 보러가기 : https://youtu.be/EbgynsCYZ1Q\n\n▶ 구독 youtube : https://goo.gl/IQHIBa \n▶ 팔로우 facebook : https://www.facebook.com/dolheesun\n▶ 팔로우 instagram : https://www.instagram.com/chaechaetv/\n▶ 취미기록 blog : http://blog.naver.com/chaechaetv\n▶ 문의 e-mail : chaechaetv@naver.com \n\n구독/좋아요/공유 잊지말고 해주시면 감사하겠어요.\n유익하고 유쾌한 컨텐츠크리에이터 채희선에게 응원을 듬뿍해주실수록, 영상이 자주 올라갑니다♥!",
        "thumbnail": "https://i.ytimg.com/vi/bVyW1YS9B4Q/mqdefault.jpg",
        "youtubeVideoId": "bVyW1YS9B4Q",
        "uploadedDate": "2016-12-30T09:22:41Z",
        "viewCount": 0,
        "isCommercial": "False"
    },
    {
        "id": "323648a6-c04a-464c-bb0a-e314020b0357",
        "title": "고난이도 웃음참기도전! Try not to laugh [채채TV]",
        "description": "울음 참기 영상 保러가기 ▶ https://youtu.be/8qXt2yPhl0g\n\n▶ 구독 youtube : https://goo.gl/IQHIBa \n▶ 팔로우 instagram : https://www.instagram.com/chaechaetv/\n▶ 취미기록 blog : http://blog.naver.com/chaechaetv\n▶ 문의 e-mail : chaechaetv@naver.com \n\n구독/좋아요/공유 잊지말고 해주시면 감사하겠어요.\n유익하고 유쾌한 컨텐츠크리에이터 채희선에게 응원을 듬뿍해주실수록, 영상이 자주 올라갑니다♥!",
        "thumbnail": "https://i.ytimg.com/vi/85s_soK6wkM/mqdefault.jpg",
        "youtubeVideoId": "85s_soK6wkM",
        "uploadedDate": "2016-12-30T09:15:51Z",
        "viewCount": 0,
        "isCommercial": "False"
    },
    {
        "id": "efcaf569-a174-4ea5-8c55-c0a830eadae8",
        "title": "물구나무서기를 몇분동안 할수있을까?! Handstand challenge [채채TV/채희선]",
        "description": "반전있으니 끝까지 보세요!!\n\n▶ 구독 youtube : https://goo.gl/IQHIBa \n▶ 팔로우 facebook : https://www.facebook.com/dolheesun\n▶ 팔로우 instagram : https://www.instagram.com/chaechaetv/\n▶ 취미기록 blog : http://blog.naver.com/chaechaetv\n▶ 문의 e-mail : chaechaetv@naver.com \n\n구독/좋아요/공유 잊지말고 해주시면 감사하겠어요.\n유익하고 유쾌한 컨텐츠크리에이터 채희선에게 응원을 듬뿍해주실수록, 영상이 자주 올라갑니다♥!",
        "thumbnail": "https://i.ytimg.com/vi/270-t4Gghsg/mqdefault.jpg",
        "youtubeVideoId": "270-t4Gghsg",
        "uploadedDate": "2016-12-30T09:11:12Z",
        "viewCount": 0,
        "isCommercial": "False"
    },
    {
        "id": "3431d0f5-3e98-4d34-81b7-a9d7d39b8f3a",
        "title": "중국유행: 쇄골 위에 동전 쌓기도전 To stack coins on the clavicle [채채TV/채희선]",
        "description": "웃느라 정신이 없었군요..ㅎㅎ껄껄\n\n▶ 구독 youtube : https://goo.gl/IQHIBa \n▶ 팔로우 facebook : https://www.facebook.com/dolheesun\n▶ 팔로우 instagram : https://www.instagram.com/chaechaetv/\n▶ 문의 e-mail : chaechaetv@naver.com \n\n구독/좋아요/공유 잊지말고 해주시면 감사하겠어요.\n유익하고 유쾌한 컨텐츠크리에이터 채희선에게 응원을 듬뿍해주실수록, 영상이 자주 올라갑니다♥!\n\n▶ 채희선 유튜브 구독  : https://goo.gl/IQHIBa",
        "thumbnail": "https://i.ytimg.com/vi/vrLyhFLJ7jI/mqdefault.jpg",
        "youtubeVideoId": "vrLyhFLJ7jI",
        "uploadedDate": "2016-12-30T09:10:53Z",
        "viewCount": 0,
        "isCommercial": "False"
    },
    {
        "id": "e032b624-9dfa-4e0e-a840-5d0548cf0126",
        "title": "1분동안 건빵10개 물없이 먹기 도전 [채채TV/채희선]",
        "description": "목 막힐수도 있으니까 모두 조심하고 또 조심하시길!\n\n▶ 구독 youtube : https://goo.gl/IQHIBa \n▶ 팔로우 facebook : https://www.facebook.com/dolheesun\n▶ 팔로우 instagram : https://www.instagram.com/chaechaetv/\n▶ 문의 e-mail : chaechaetv@naver.com \n\n구독/좋아요/공유 잊지말고 해주시면 감사하겠어요.\n유익하고 유쾌한 컨텐츠크리에이터 채희선에게 응원을 듬뿍해주실수록, 영상이 자주 올라갑니다♥!",
        "thumbnail": "https://i.ytimg.com/vi/zaMY_vJk0Xo/mqdefault.jpg",
        "youtubeVideoId": "zaMY_vJk0Xo",
        "uploadedDate": "2016-12-30T09:10:06Z",
        "viewCount": 0,
        "isCommercial": "False"
    },
    {
        "id": "e838bf78-52d8-4fa7-9404-ac4654543355",
        "title": "초6 수학문제풀기 도전! (feat.수학경시대회) [채채TV]",
        "description": "십여년전, 수학경시대회에서 상을 세번이나 받았던 채채의 수학실력은?\n\n▶ 구독 youtube : https://goo.gl/IQHIBa \n▶ 팔로우 facebook : https://www.facebook.com/dolheesun\n▶ 팔로우 instagram : https://www.instagram.com/chaechaetv/\n▶ 취미기록 blog : http://blog.naver.com/chaechaetv\n▶ 문의 e-mail : chaechaetv@naver.com \n\n구독/좋아요/공유 잊지말고 해주시면 감사하겠어요.\n유익하고 유쾌한 컨텐츠크리에이터 채희선에게 응원을 듬뿍해주실수록, 영상이 자주 올라갑니다♥!",
        "thumbnail": "https://i.ytimg.com/vi/mNf7ffPB6H0/mqdefault.jpg",
        "youtubeVideoId": "mNf7ffPB6H0",
        "uploadedDate": "2016-12-30T09:08:53Z",
        "viewCount": 0,
        "isCommercial": "False"
    },
    {
        "id": "d2ee9a1d-4e9a-4066-a2fd-c323010c6f88",
        "title": "휴지 다섯칸으로 허리 감싸기 도전 [채채TV]",
        "description": "들숨으로만 가능한 일..\n\n▶ 구독 youtube : https://goo.gl/IQHIBa \n▶ 팔로우 facebook : https://www.facebook.com/dolheesun\n▶ 팔로우 instagram : https://www.instagram.com/chaechaetv/\n▶ 취미기록 blog : http://blog.naver.com/chaechaetv\n▶ 문의 e-mail : chaechaetv@naver.com \n\nKevin MacLeod의 Jaunty Gumption은(는) Creative Commons Attribution 라이선스(https://creativecommons.org/licenses/by/4.0/)에 따라 라이선스가 부여됩니다. \n\n출처: http://incompetech.com/music/royalty-free/index.html?isrc=USUAN1300017 \n\n아티스트: http://incompetech.com/",
        "thumbnail": "https://i.ytimg.com/vi/Ho_rcFtxXSQ/mqdefault.jpg",
        "youtubeVideoId": "Ho_rcFtxXSQ",
        "uploadedDate": "2016-12-30T09:08:09Z",
        "viewCount": 0,
        "isCommercial": "False"
    },
    {
        "id": "178d8a6b-a099-4a14-95e6-2bd40d277bb2",
        "title": "레몬을 통째로 먹어보았다 To eat a lemon [채채TV]",
        "description": "아이셔 뿌우뿌웅\n\n▶ 구독 youtube : https://goo.gl/IQHIBa \n▶ 팔로우 facebook : https://www.facebook.com/dolheesun\n▶ 팔로우 instagram : https://www.instagram.com/chaechaetv/\n▶ 문의 e-mail : chaechaetv@naver.com \n\n구독/좋아요/공유 잊지말고 해주시면 감사하겠어요.\n유익하고 유쾌한 컨텐츠크리에이터 채희선에게 응원을 듬뿍해주실수록, 영상이 자주 올라갑니다♥!\n\nKevin MacLeod의 Fig Leaf Rag은(는) Creative Commons Attribution 라이선스(https://creativecommons.org/licenses/by/4.0/)에 따라 라이선스가 부여됩니다. \n\n출처: http://incompetech.com/music/royalty-free/index.html?isrc=USUAN1100701 \n\n아티스트: http://incompetech.com/",
        "thumbnail": "https://i.ytimg.com/vi/aJ3e1h6wrjo/mqdefault.jpg",
        "youtubeVideoId": "aJ3e1h6wrjo",
        "uploadedDate": "2016-12-30T09:07:44Z",
        "viewCount": 0,
        "isCommercial": "False"
    },
    {
        "id": "faa6c007-1e24-4c44-bad6-1e4daaeaf3b9",
        "title": "월남쌈 마스크 팩 실험! (라이스페이퍼) Rice paper beauty mask pack [채채TV/채희선]",
        "description": "^_ㅜ 팩은 사서 하쟈.. 민낯은 이제 그만 보여주자.. \n\n▶ 구독 youtube : https://goo.gl/IQHIBa \n▶ 팔로우 facebook : https://www.facebook.com/dolheesun\n▶ 팔로우 instagram : https://www.instagram.com/chaechaetv/\n▶ 문의 e-mail : chaechaetv@naver.com \n\n구독/좋아요/공유 잊지말고 해주시면 감사하겠어요.\n유익하고 유쾌한 컨텐츠크리에이터 채희선에게 응원을 듬뿍해주실수록, 영상이 자주 올라갑니다♥!",
        "thumbnail": "https://i.ytimg.com/vi/4bqlxx2Wt0o/mqdefault.jpg",
        "youtubeVideoId": "4bqlxx2Wt0o",
        "uploadedDate": "2016-12-30T08:58:05Z",
        "viewCount": 0,
        "isCommercial": "False"
    },
    {
        "id": "d761311e-c3df-49d0-984f-4de82d375348",
        "title": "고데기로 베이컨 구워먹기 도전! Eating the Bacon with Curling iron [채채TV]",
        "description": "10년묵은 고데기는 잘 구워지지 않는것..쓰레기통으로 가는..것..그런것..\n\n▶ 구독 youtube : https://goo.gl/IQHIBa \n▶ 팔로우 facebook : https://www.facebook.com/dolheesun\n▶ 팔로우 instagram : https://www.instagram.com/chaechaetv/\n▶ 문의 e-mail : chaechaetv@naver.com \n\n구독/좋아요/공유 잊지말고 해주시면 감사하겠어요.\n유익하고 유쾌한 컨텐츠크리에이터 채희선에게 응원을 듬뿍해주실수록, 영상이 자주 올라갑니다♥!",
        "thumbnail": "https://i.ytimg.com/vi/mjVNKIix9hk/mqdefault.jpg",
        "youtubeVideoId": "mjVNKIix9hk",
        "uploadedDate": "2016-12-30T08:55:05Z",
        "viewCount": 0,
        "isCommercial": "False"
    },
    {
        "id": "8c0202f4-97e8-4311-85cf-35d762b2cde1",
        "title": "해리포터 젤리빈 1.8kg (젤리벨리젤리)를 끓여먹기 도전 [채채TV]",
        "description": "^_^..젤리벨리 넘나 맛있는것..\n\n▶ 구독 youtube : https://goo.gl/IQHIBa \n▶ 팔로우 facebook : https://www.facebook.com/dolheesun\n▶ 팔로우 instagram : https://www.instagram.com/chaechaetv/\n▶ 취미기록 blog : http://blog.naver.com/chaechaetv\n▶ 문의 e-mail : chaechaetv@naver.com \n\n구독/좋아요/공유 잊지말고 해주시면 감사하겠어요.\n유익하고 유쾌한 컨텐츠크리에이터 채희선에게 응원을 듬뿍해주실수록, 영상이 자주 올라갑니다♥!",
        "thumbnail": "https://i.ytimg.com/vi/U1TrdKm_e3w/mqdefault.jpg",
        "youtubeVideoId": "U1TrdKm_e3w",
        "uploadedDate": "2016-12-30T08:50:44Z",
        "viewCount": 0,
        "isCommercial": "False"
    },
    {
        "id": "6cb6b2bb-e239-4520-81b6-43189302dd1b",
        "title": "채희선 입에 초코파이 2개 집어넣기 I have a giant mouth [채채TV]",
        "description": "치아 안이 검은색인것은 충치가 아니라 아말감(치과 치료시 사용하는 재료중 하나)입니다. 많은분들이 충치타령하셔서.. 스트레스 @_@\n\n▶ 구독 youtube : https://goo.gl/IQHIBa \n▶ 팔로우 facebook : https://www.facebook.com/dolheesun\n▶ 팔로우 instagram : https://www.instagram.com/chaechaetv/\n▶ 문의 e-mail : chaechaetv@naver.com \n\n구독/좋아요/공유 잊지말고 해주시면 감사하겠어요.\n유익하고 유쾌한 컨텐츠크리에이터 채희선에게 응원을 듬뿍해주실수록, 영상이 자주 올라갑니다♥!",
        "thumbnail": "https://i.ytimg.com/vi/xuoXjzJ9bds/mqdefault.jpg",
        "youtubeVideoId": "xuoXjzJ9bds",
        "uploadedDate": "2016-12-30T08:50:16Z",
        "viewCount": 0,
        "isCommercial": "False"
    },
    {
        "id": "77f54341-225c-4205-86a3-9dba68c9d7aa",
        "title": "와사비과자 한봉지 한번에 먹기 도전! [채채TV] Wasabi snack Review",
        "description": "진짜 매워 XD!!!\n\n▶ 구독 youtube : https://goo.gl/IQHIBa \n▶ 팔로우 facebook : https://www.facebook.com/dolheesun\n▶ 팔로우 instagram : https://www.instagram.com/chaechaetv/\n▶ 문의 e-mail : chaechaetv@naver.com \n\n구독/좋아요/공유 잊지말고 해주시면 감사하겠어요.\n유익하고 유쾌한 컨텐츠크리에이터 채희선에게 응원을 듬뿍해주실수록, 영상이 자주 올라갑니다♥!",
        "thumbnail": "https://i.ytimg.com/vi/WaE1o1T7zIc/mqdefault.jpg",
        "youtubeVideoId": "WaE1o1T7zIc",
        "uploadedDate": "2016-12-30T08:49:25Z",
        "viewCount": 0,
        "isCommercial": "False"
    },
    {
        "id": "4720e9d3-a902-4444-b55d-b18f92bf36a9",
        "title": "슈퍼소다,콜라,레몬 사탕 각각 5개씩 먹고 1분참기 [채채TV] (슈퍼캔디후기)",
        "description": "여러분 혹시 독약 먹어보셨습니까? (로 모든설명을 생략한다).\n\n- 채채TV 10만구독자 이벤트\n채채TV를 보시는 분이라면 ★ http://goo.gl/0yHYpT ★로 들어가서, 설문조사를 해주시는분들을 추첨해서 상품을 드리겠습니다. \n\n설문조사 기간 : 15.12.01(화)~15.12.07(월)\n당첨자 발표 : 15.12.09(수)저녁, 채채TV 유튜브\n선물 발송 : 15.12.10(목) (과자집은 15.12.15 발송예정)\n당첨 내용 : 채채상 (1명) - 채채가 만든 과자집 /\n                    \n                    랜덤상 (10명) - 영화티켓 기프티콘 1인2매",
        "thumbnail": "https://i.ytimg.com/vi/-UfCFHeRuR4/mqdefault.jpg",
        "youtubeVideoId": "-UfCFHeRuR4",
        "uploadedDate": "2016-12-30T08:46:19Z",
        "viewCount": 0,
        "isCommercial": "False"
    },
    {
        "id": "00e1d4ce-9b5a-47db-a1fe-c44b999e0d7b",
        "title": "콜라+아이스크림 폭발 실험(feat.구토)  Cola and ice cream explosions test [채채TV]",
        "description": "입이 커서 폭발을 하지 않는것 같습니다. 에휴..\n\n▶ Subscribe 구독 youtube : https://goo.gl/IQHIBa \n▶ Follow 팔로우 facebook : https://www.facebook.com/dolheesun\n\n리포터 & 컨텐츠 크리에이터 '채희선'의 영상을 꾸~준히 보고싶다면, 구독하기 눌러주세요. 일주일에 한번 이상 채희선을 만날수 있어요.",
        "thumbnail": "https://i.ytimg.com/vi/gjyAVp5qrX8/mqdefault.jpg",
        "youtubeVideoId": "gjyAVp5qrX8",
        "uploadedDate": "2016-12-30T08:45:18Z",
        "viewCount": 0,
        "isCommercial": "False"
    },
    {
        "id": "3a5588e9-a87b-49fb-b3fe-1e0c3d70e473",
        "title": "봉봉에는 몇개의 포도알이 들어 있을까? [채채TV]",
        "description": "채채에게는 몇개의 실험이 남아있을까? (또륵..)\n\n▶ Subscribe 구독 youtube : https://goo.gl/IQHIBa \n▶ Follow 팔로우 facebook : https://www.facebook.com/dolheesun\n\n리포터 & 컨텐츠 크리에이터 '채희선'의 영상을 꾸~준히 보고싶다면, 구독하기 눌러주세요. 일주일에 한번 이상 채희선을 만날수 있어요.",
        "thumbnail": "https://i.ytimg.com/vi/onCSVOh5xcg/mqdefault.jpg",
        "youtubeVideoId": "onCSVOh5xcg",
        "uploadedDate": "2016-12-30T08:45:00Z",
        "viewCount": 0,
        "isCommercial": "False"
    },
    {
        "id": "eead4445-56c1-402f-9ed0-90ea48701369",
        "title": "머리카락 100개 땋기 도전 (feat.레게머리) Braided hair",
        "description": "여러분은 부디 도전하지 마시길 ^.^ \n\n▶ Subscribe 구독 youtube : https://goo.gl/IQHIBa \n▶ Follow 팔로우 facebook : https://www.facebook.com/dolheesun\n\n리포터 & 컨텐츠 크리에이터 '채희선'의 영상을 꾸~준히 보고싶다면, 구독하기 눌러주세요. 일주일에 한번 이상 채희선을 만날수 있어요.",
        "thumbnail": "https://i.ytimg.com/vi/-A1WD5Kl9nM/mqdefault.jpg",
        "youtubeVideoId": "-A1WD5Kl9nM",
        "uploadedDate": "2016-12-30T08:43:41Z",
        "viewCount": 0,
        "isCommercial": "False"
    },
    {
        "id": "ab783120-4f4e-4dfe-83b7-651945d8ac53",
        "title": "신대방 대왕돈까스+디진다돈까스 도전! (with 쿠쿠크루 신동훈)[채채TV]",
        "description": "마이크에러로 음질이 조금 안 좋아요. 이어폰을 빼고 들으시면 잘 들려요. ♥\n\n▶ 구독 youtube : https://goo.gl/IQHIBa \n▶ 팔로우 facebook : https://www.facebook.com/dolheesun\n▶ 팔로우 instagram : https://www.instagram.com/chaechaetv/\n▶ 취미기록 blog : http://blog.naver.com/chaechaetv\n▶ 문의 e-mail : chaechaetv@naver.com \n\n구독/좋아요/공유 잊지말고 해주시면 감사하겠어요.\n유익하고 유쾌한 컨텐츠크리에이터 채희선에게 응원을 듬뿍해주실수록, 영상이 자주 올라갑니다♥!",
        "thumbnail": "https://i.ytimg.com/vi/QivbkD_o5Lo/mqdefault.jpg",
        "youtubeVideoId": "QivbkD_o5Lo",
        "uploadedDate": "2016-12-30T08:43:23Z",
        "viewCount": 0,
        "isCommercial": "False"
    },
    {
        "id": "4a333e6c-db0b-413b-ae63-d5441f3c4add",
        "title": "[ENG SUB] 몸에 포스트잇 100장 붙이고 100초동안 춤추기 도전 [채채TV] Dancing for 100 seconds with 100 post-its on me",
        "description": "▶ Subscribe 구독 youtube : https://goo.gl/IQHIBa \n▶ Follow 팔로우 facebook : https://www.facebook.com/dolheesun\n\n리포터 & 컨텐츠 크리에이터 '채희선'의 영상을 꾸~준히 보고싶다면, 구독하기 눌러주세요. 일주일에 한번 이상 채희선을 만날수 있어요.",
        "thumbnail": "https://i.ytimg.com/vi/_cps1zLQ7Hw/mqdefault.jpg",
        "youtubeVideoId": "_cps1zLQ7Hw",
        "uploadedDate": "2016-12-30T08:42:55Z",
        "viewCount": 0,
        "isCommercial": "False"
    },
    {
        "id": "b9e189ba-a93a-43b6-9616-64fbcde2e9cb",
        "title": "채희선의 전생체험 도전 Past life experience",
        "description": "전생체험하고 정신줄을 놓은듯요..ㅎㅎㅎㅎ\n▶ Subscribe 구독 youtube : https://goo.gl/IQHIBa \n▶ Follow 팔로우 facebook : https://www.facebook.com/dolheesun\n\n리포터 & 컨텐츠 크리에이터 '채희선'의 영상을 꾸~준히 보고싶다면, 구독하기 눌러주세요. 일주일에 한번 이상 채희선을 만날수 있어요.",
        "thumbnail": "https://i.ytimg.com/vi/qYYMv5nX4KQ/mqdefault.jpg",
        "youtubeVideoId": "qYYMv5nX4KQ",
        "uploadedDate": "2016-12-30T08:42:20Z",
        "viewCount": 0,
        "isCommercial": "False"
    },
    {
        "id": "10e97ca2-22c3-4ae7-b13c-223a83511b85",
        "title": "중국에서 유행하는 코 성형 메이크업 도전! [채채TV] Cosmetic nose surgery Make up",
        "description": "제대로 된 메이크업 올려달라하는데, 매일 이상한거 올려서 미안해요. 하지만 재밌을거라 생각해요. (착각)\n\n▶ Subscribe 구독 youtube : https://goo.gl/IQHIBa \n\n\n리포터 & 컨텐츠 크리에이터 '채희선'의 영상을 꾸~준히 보고싶다면, 구독하기 눌러주세요. 일주일에 한번 이상 채희선을 만날수 있어요.",
        "thumbnail": "https://i.ytimg.com/vi/w8f-EtKGw8A/mqdefault.jpg",
        "youtubeVideoId": "w8f-EtKGw8A",
        "uploadedDate": "2016-12-30T08:40:14Z",
        "viewCount": 0,
        "isCommercial": "False"
    },
    {
        "id": "46e5443b-ac73-433a-a88e-4bc0a0f509c3",
        "title": "채희선과 함께 20대가 많이 쓰는 (인터넷)용어 맞히기 (feat.한글날) [채채TV] 20's use the they are popularity words in Korea",
        "description": "20대인데 하나도 못 맞췄다는게 함정 (흑흑)\n\n▶ Subscribe 구독 youtube : https://goo.gl/IQHIBa \n▶ Follow 팔로우 facebook : https://www.facebook.com/dolheesun\n\n리포터 & 컨텐츠 크리에이터 '채희선'의 영상을 꾸~준히 보고싶다면, 구독하기 눌러주세요. 일주일에 한번 이상 채희선을 만날수 있어요.",
        "thumbnail": "https://i.ytimg.com/vi/DSYkSUsVfls/mqdefault.jpg",
        "youtubeVideoId": "DSYkSUsVfls",
        "uploadedDate": "2016-12-30T08:39:40Z",
        "viewCount": 0,
        "isCommercial": "False"
    }
]