[
    {
        "id": "1b5ff680-d1b8-475d-88f9-00dcb54e089c",
        "title": "(창 vs 방패) 김동현은 극진 공수도 맨주먹을 버틸 수 있을까? [도장깨기 EP.4 극진공수도편]",
        "description": "❗ 필독❗\n닥터프리오 X 매미킴TV 구독자를 위한 히든 페이지 공개\n👉 https://bit.ly/3w1gBIZ\n이 페이지에서만 10% 추가할인 + 쿠폰팩 중복 할인 가능!\n믿고사는 매미킴pick 운동 부스팅 템을 만나보세요💪🏻 \n\n더다른 아르기닌 오르니틴🔥\n✔ 운동 전 후 아르기닌 섭취로 근력 향상에 도움\n✔오르니틴 첨가로 흡수율 UP\n✔국산 프리미엄 원료 사용\n지금 먹는 아르기닌, 오르니틴이 있는지 꼭 확인하세요!\n\n#닥터프리오 #더다른_아르기닌_오르니틴 #매미킴",
        "thumbnail": "https://i.ytimg.com/vi/xCb2T7uIRqE/mqdefault.jpg",
        "youtubeVideoId": "xCb2T7uIRqE",
        "uploadedDate": "2022-05-02T09:26:14Z",
        "viewCount": 367526,
        "isCommercial": "True"
    },
    {
        "id": "bc4ad281-18f3-46d5-85c7-6c86be756086",
        "title": "[도장깨기3탄]김동현은 체대 입시 실기평가 만점 가능할까? (SKY 대학 합격 가능?)",
        "description": "[구독]-[좋아요]는 큰! 큰! 힘이 됩니다🙏\n김동현 이메일:memikim88@gmail.com\n김동현 인스타그램 : https://www.instagram.com/stungunkim \n\n-팀스텀건 압구정( 인스타그램 https://www.instagram.com/teamstungun_seoul )\n: 서울시 강남구 신사동 556-28 b1 팀스턴건 \n\n(네이버에 팀스턴건 검색하시면 자세한 정보가 나옵니다🙏즐겁게 운동 함께 해요💪)\n \n-팀스턴건 대전 ( 인스타그램 https://www.instagram.com/teamstungun_daejeon )\n대전시 유성구 봉명동 548-12 5,6층 팀스턴건 대전\n\n#매미킴tv #도장깨기 #체대입시 #kimdonghyun #donghyunkimufc #매미특공대 #팀스턴건 #stunguntv #stungun #tsg",
        "thumbnail": "https://i.ytimg.com/vi/tDRX-yNfwTA/mqdefault.jpg",
        "youtubeVideoId": "tDRX-yNfwTA",
        "uploadedDate": "2022-03-02T11:00:24Z",
        "viewCount": 42087,
        "isCommercial": "False"
    },
    {
        "id": "8c6aeeaf-c4e9-4e5e-98b9-64915e702dc4",
        "title": "[도장깨기 2-1탄]김동현 VS 택견고수 (양감독tv 천하제일무술대회 우승자)",
        "description": "[구독]-[좋아요]는 큰! 큰! 힘이 됩니다🙏\n김동현 이메일:memikim88@gmail.com\n김동현 인스타그램 : https://www.instagram.com/stungunkim \n\n-팀스텀건 압구정( 인스타그램 https://www.instagram.com/teamstungun_seoul )\n: 서울시 강남구 신사동 556-28 b1 팀스턴건 \n\n(네이버에 팀스턴건 검색하시면 자세한 정보가 나옵니다🙏즐겁게 운동 함께 해요💪)\n \n-팀스턴건 대전 ( 인스타그램 https://www.instagram.com/teamstungun_daejeon )\n대전시 유성구 봉명동 548-12 5,6층 팀스턴건 대전\n\n#매미킴tv #택견 #도장깨기 #황인무 #donghyunkimufc #매미특공대 #팀스턴건 #stunguntv #stungun #tsg",
        "thumbnail": "https://i.ytimg.com/vi/SyBC8ICz3V0/mqdefault.jpg",
        "youtubeVideoId": "SyBC8ICz3V0",
        "uploadedDate": "2022-02-17T10:48:47Z",
        "viewCount": 68099,
        "isCommercial": "False"
    },
    {
        "id": "7a5f1381-81b8-43bf-b153-563a8e20a8fc",
        "title": "[도장깨기 2탄] 택견 접수하러 갑니다(김동현vs택견 최고수 황인무)",
        "description": "[구독]-[좋아요]는 큰! 큰! 힘이 됩니다🙏\n김동현 이메일:memikim88@gmail.com\n김동현 인스타그램 : https://www.instagram.com/stungunkim \n\n-팀스텀건 압구정( 인스타그램 https://www.instagram.com/teamstungun_seoul )\n: 서울시 강남구 신사동 556-28 b1 팀스턴건 \n\n(네이버에 팀스턴건 검색하시면 자세한 정보가 나옵니다🙏즐겁게 운동 함께 해요💪)\n \n-팀스턴건 대전 ( 인스타그램 https://www.instagram.com/teamstungun_daejeon )\n대전시 유성구 봉명동 548-12 5,6층 팀스턴건 대전\n\n#매미킴tv #택견 #도장깨기 #황인무 #donghyunkimufc #매미특공대 #팀스턴건 #stunguntv #stungun #tsg",
        "thumbnail": "https://i.ytimg.com/vi/Fkf-WVOdxho/mqdefault.jpg",
        "youtubeVideoId": "Fkf-WVOdxho",
        "uploadedDate": "2022-02-13T07:52:06Z",
        "viewCount": 64134,
        "isCommercial": "False"
    },
    {
        "id": "d9ccd06d-1e2c-43dd-b60b-c92aa37a993c",
        "title": "[도장깨기 1탄]김동현이 태권도룰로 태권도 현역선수와 붙으면? (feat.태권도원)",
        "description": "본 영상은 유료 광고를 포함하고 있습니다.\n[구독]-[좋아요]는 큰! 큰! 힘이 됩니다🙏\n김동현 이메일:memikim88@gmail.com\n김동현 인스타그램 : https://www.instagram.com/stungunkim \n\n-팀스텀건 압구정( 인스타그램 https://www.instagram.com/teamstungun_seoul )\n: 서울시 강남구 신사동 556-28 b1 팀스턴건 \n\n(네이버에 팀스턴건 검색하시면 자세한 정보가 나옵니다🙏즐겁게 운동 함께 해요💪)\n \n-팀스턴건 대전 ( 인스타그램 https://www.instagram.com/teamstungun_daejeon )\n대전시 유성구 봉명동 548-12 5,6층 팀스턴건 대전\n\n#매미킴tv #매미킴 #donghyunkim #kimdonghyun #donghyunkimufc #매미특공대 #팀스턴건 #stunguntv #stungun #tsg",
        "thumbnail": "https://i.ytimg.com/vi/4FWrOz19U0k/mqdefault.jpg",
        "youtubeVideoId": "4FWrOz19U0k",
        "uploadedDate": "2022-02-13T07:52:24Z",
        "viewCount": 1188695,
        "isCommercial": "True"
    }
]