[
    {
        "id": "28b3e138-9e3a-4eda-a9b5-49c04a8f664c",
        "title": "귀멸의 칼날 속 알고보면 제일 X친놈",
        "description": "귀멸의 칼날 유시로를 매운맛으로 알아보자\n\n볼빨간 유진씨 컨텐츠 속 등장하는 인물/단체에 대한\n발언은 재미를 위해 연출 된 부분이 있습니다\n영상 시청 전 꼭 참고해주시길 바랍니다\n\n🎵 사용한 BGM\n브금대통령 Confusing Road - https://youtu.be/ydPppyQQdPc\nCoconut Mall - Mario Kart \n\n매주 즐거운 귀칼리뷰 영상 정기 업로드\n\n문의/광고/협찬 ask.endevor@gmail.com 편하게 연락주세요!\n\n#귀멸의칼날 #볼빨간유진씨 #유시로\n#귀멸의칼날3기 #대장장이마을편 #매운맛리뷰",
        "thumbnail": "https://i.ytimg.com/vi/NfHaI4Hf814/mqdefault.jpg",
        "youtubeVideoId": "NfHaI4Hf814",
        "uploadedDate": "2022-06-11T09:23:17Z",
        "viewCount": 3957,
        "isCommercial": "False"
    },
    {
        "id": "4394f47a-90ff-4bd5-bee9-e3b97701bf13",
        "title": "나죽호",
        "description": "귀멸의 칼날 카마도 네즈코를 매운맛으로 알아보자\n\n볼빨간 유진씨 컨텐츠 속 등장하는 인물/단체에 대한\n발언은 재미를 위해 연출 된 부분이 있습니다\n영상 시청 전 꼭 참고해주시길 바랍니다\n\n🎵 사용한 BGM\n브금대통령 Confusing Road - https://youtu.be/ydPppyQQdPc\nCoconut Mall - Mario Kart \n\n매주 즐거운 귀칼리뷰 영상 정기 업로드\n\n문의/광고/협찬 ask.endevor@gmail.com 편하게 연락주세요!\n\n#귀멸의칼날 #볼빨간유진씨 #네즈코\n#카마도네즈코  #귀멸의칼날3기 #대장장이마을편 #매운맛리뷰",
        "thumbnail": "https://i.ytimg.com/vi/a2fdFFsn-20/mqdefault.jpg",
        "youtubeVideoId": "a2fdFFsn-20",
        "uploadedDate": "2022-06-08T06:59:43Z",
        "viewCount": 4239,
        "isCommercial": "False"
    },
    {
        "id": "716965db-4704-4619-97fd-d1e8d961801a",
        "title": "오니의 왕",
        "description": "귀멸의 칼날 카마도 탄지로를 매운맛으로 알아보자\n\n볼빨간 유진씨 컨텐츠 속 등장하는 인물/단체에 대한\n발언은 재미를 위해 연출 된 부분이 있습니다\n영상 시청 전 꼭 참고해주시길 바랍니다\n\n🎵 사용한 BGM\n브금대통령 Confusing Road - https://youtu.be/ydPppyQQdPc\nCoconut Mall - Mario Kart \n\n매주 즐거운 귀칼리뷰 영상 정기 업로드\n\n문의/광고/협찬 ask.endevor@gmail.com 편하게 연락주세요!\n\n#귀멸의칼날 #매운맛리뷰 #볼빨간유진씨\n#카마도탄지로 #귀멸의칼날3기 #대장장이마을편",
        "thumbnail": "https://i.ytimg.com/vi/v557c46zP1Q/mqdefault.jpg",
        "youtubeVideoId": "v557c46zP1Q",
        "uploadedDate": "2022-06-10T03:19:42Z",
        "viewCount": 10752,
        "isCommercial": "False"
    },
    {
        "id": "c2dd692e-a8cd-48fb-ba10-2a2ee4233ffb",
        "title": "기붕이",
        "description": "귀멸의 칼날 토미오카 기유를 매운맛으로 알아보자\n\n볼빨간 유진씨 컨텐츠 속 등장하는 인물/단체에 대한\n발언은 재미를 위해 연출 된 부분이 있습니다\n영상 시청 전 꼭 참고해주시길 바랍니다\n\n🎵 사용한 BGM\n브금대통령 Confusing Road - https://youtu.be/ydPppyQQdPc\nCoconut Mall - Mario Kart \n\n매주 즐거운 귀칼리뷰 영상 정기 업로드\n\n문의/광고/협찬 ask.endevor@gmail.com 편하게 연락주세요!\n\n#귀멸의칼날 #매운맛리뷰 #볼빨간유진씨 \n#토미오카기유 #귀멸의칼날3기 #대장장이마을편",
        "thumbnail": "https://i.ytimg.com/vi/rUQ0IkEVGd8/mqdefault.jpg",
        "youtubeVideoId": "rUQ0IkEVGd8",
        "uploadedDate": "2022-05-31T09:10:00Z",
        "viewCount": 7717,
        "isCommercial": "False"
    }
]