[
    {
        "id": "24654b21-409b-4753-aa02-43ff99ddfbe8",
        "title": "[풀영상] Emily wants to play",
        "description": "워노구의 \"Emily wants to play\" 플레이 풀영상입니다!\n\n트위치 라이브 주소: www.twitch.tv/1ho9\n[월~금 19:00~]",
        "thumbnail": "https://i.ytimg.com/vi/t2MZ8eacfmk/mqdefault.jpg",
        "youtubeVideoId": "t2MZ8eacfmk",
        "uploadedDate": "2019-05-07T06:41:04Z",
        "viewCount": 0,
        "isCommercial": "False"
    },
    {
        "id": "8184131c-96d9-455a-9fcf-51d020cd0224",
        "title": "[풀영상] Outlast",
        "description": "아웃라스트 플레이 풀영상입니다!",
        "thumbnail": "https://i.ytimg.com/vi/7bGHxN_pwlU/mqdefault.jpg",
        "youtubeVideoId": "7bGHxN_pwlU",
        "uploadedDate": "2019-04-27T16:51:31Z",
        "viewCount": 0,
        "isCommercial": "False"
    },
    {
        "id": "31331c40-e572-4b7e-92f6-09616b66e4aa",
        "title": "[풀영상] A Dance of Fire and Ice",
        "description": "",
        "thumbnail": "https://i.ytimg.com/vi/a4iSMOiky9c/mqdefault.jpg",
        "youtubeVideoId": "a4iSMOiky9c",
        "uploadedDate": "2019-04-13T20:41:34Z",
        "viewCount": 0,
        "isCommercial": "False"
    }
]