[
    {
        "id": "bb885543-72cc-4f2e-bb8b-6c699d6721c7",
        "title": "모드 없이 밟으면 밀려서 떨어져 죽는 함정 만들기!!! 메이플 월드 발판 함정을 만들어보자! [PC/PE 모드 없이 만들기] 마인크래프트 포켓에디션 Minecraft MCPE",
        "description": "트위치 생방 주소 ㄱ\nhttps://www.twitch.tv/pjs9073",
        "thumbnail": "https://i.ytimg.com/vi/rMdpCF04MiI/mqdefault.jpg",
        "youtubeVideoId": "rMdpCF04MiI",
        "uploadedDate": "2017-05-29T05:15:33Z",
        "viewCount": 0,
        "isCommercial": "False"
    },
    {
        "id": "c104e7a1-176f-4884-9044-341f08254169",
        "title": "모드 없이 밟으면 용암 떨어져 죽는 함정 만들기!!! 메이플 월드 발판 함정을 만들어보자! [PC/PE 모드 없이 만들기] 마인크래프트 포켓에디션 Minecraft MCPE",
        "description": "트위치 생방 주소 ㄱ\nhttps://www.twitch.tv/pjs9073",
        "thumbnail": "https://i.ytimg.com/vi/SyXu1qoqsTk/mqdefault.jpg",
        "youtubeVideoId": "SyXu1qoqsTk",
        "uploadedDate": "2017-05-16T08:00:42Z",
        "viewCount": 0,
        "isCommercial": "False"
    },
    {
        "id": "ec202007-2562-458f-82b3-52f80ecb39e6",
        "title": "모드 없이 비밀번호 용암 함정 상자 만들기!!!! 메이플 월드 상자 용암 함정을 만들어보자! [PC/PE 모드 없이 만들기] 마인크래프트 포켓에디션 Minecraft MCPE",
        "description": "트위치 생방 주소 ㄱ\nhttps://www.twitch.tv/pjs9073",
        "thumbnail": "https://i.ytimg.com/vi/huu0_I0v1_c/mqdefault.jpg",
        "youtubeVideoId": "huu0_I0v1_c",
        "uploadedDate": "2017-05-10T06:33:39Z",
        "viewCount": 0,
        "isCommercial": "False"
    },
    {
        "id": "9c5f170a-d9a8-4059-99d6-0f22b796ce4c",
        "title": "모드 없이 갈아버리는 믹서기 고문기계 만들기!!! 메이플 월드 상자 용암 함정을 만들어보자! [PC/PE 모드 없이 만들기] 마인크래프트 포켓에디션 Minecraft MCPE",
        "description": "트위치 생방 주소 ㄱ\nhttps://www.twitch.tv/pjs9073",
        "thumbnail": "https://i.ytimg.com/vi/FsM0GBZTLas/mqdefault.jpg",
        "youtubeVideoId": "FsM0GBZTLas",
        "uploadedDate": "2017-05-02T18:12:57Z",
        "viewCount": 0,
        "isCommercial": "False"
    },
    {
        "id": "096a5d0e-cb78-42f9-8b30-f2955f71872f",
        "title": "모드 없이 상자를 열면 나오는 용암함정 만들기!! 메이플 월드 상자 용암 함정을 만들어보자! [PC/PE 모드 없이 만들기] 마인크래프트 포켓에디션 Minecraft MCPE",
        "description": "트위치 생방 주소 ㄱ\nhttps://www.twitch.tv/pjs9073",
        "thumbnail": "https://i.ytimg.com/vi/V-tdoEhWnTc/mqdefault.jpg",
        "youtubeVideoId": "V-tdoEhWnTc",
        "uploadedDate": "2017-04-25T15:45:26Z",
        "viewCount": 0,
        "isCommercial": "False"
    },
    {
        "id": "e471380a-5a90-45ee-bd4a-a546e2270068",
        "title": "모드 없이 자동으로 하늘을 나는 비행기 만들기!! 메이플 월드 자동 비행기를 만들어보자! [PC/PE 모드 없이 만들기] 마인크래프트 포켓에디션 Minecraft MCPE",
        "description": "트위치 생방 주소 ㄱ\nhttps://www.twitch.tv/pjs9073",
        "thumbnail": "https://i.ytimg.com/vi/8eYj8iGjJO0/mqdefault.jpg",
        "youtubeVideoId": "8eYj8iGjJO0",
        "uploadedDate": "2017-04-19T06:29:49Z",
        "viewCount": 0,
        "isCommercial": "False"
    },
    {
        "id": "aa7b3fa5-2118-4ce2-9d86-4528b15f8065",
        "title": "모드 없이 책 넣으면 문이 열리는 비밀 도서관 만들기!! 메이플 월드 비밀 도서관을 만들어보자! [PC/PE 모드 없이 만들기] 마인크래프트 포켓에디션 Minecraft MCPE",
        "description": "트위치 생방 주소 ㄱ\nhttps://www.twitch.tv/pjs9073",
        "thumbnail": "https://i.ytimg.com/vi/q0yZmYpxQGA/mqdefault.jpg",
        "youtubeVideoId": "q0yZmYpxQGA",
        "uploadedDate": "2017-04-12T06:40:08Z",
        "viewCount": 0,
        "isCommercial": "False"
    },
    {
        "id": "0f69906f-cacc-41cb-bcbf-bcf358272016",
        "title": "모드 없이 자동 구운 고기 생성기 만들기!! 메이플 월드 자동 구운 고기 생성기를 만들어보자! [PC/PE 모드 없이 만들기] 마인크래프트 포켓에디션 Minecraft MCPE",
        "description": "트위치 생방 주소 ㄱ\nhttps://www.twitch.tv/pjs9073",
        "thumbnail": "https://i.ytimg.com/vi/qi1rbrgZ2P0/mqdefault.jpg",
        "youtubeVideoId": "qi1rbrgZ2P0",
        "uploadedDate": "2017-04-06T07:30:15Z",
        "viewCount": 0,
        "isCommercial": "False"
    },
    {
        "id": "ed97df9f-00e2-4919-b7d0-1d4f09b6fad1",
        "title": "모드 없이 비밀 모닥불 문 만들기! 메이플 월드 비밀 모닥불 문을 만들어보자! [PC/PE 모드 없이 만들기] 마인크래프트 포켓에디션 Minecraft MCPE",
        "description": "트위치 생방 주소 ㄱ\nhttps://www.twitch.tv/pjs9073\n설명 8분 20초 부터 보시면됩니다!",
        "thumbnail": "https://i.ytimg.com/vi/jF_Eyy636as/mqdefault.jpg",
        "youtubeVideoId": "jF_Eyy636as",
        "uploadedDate": "2017-03-29T06:24:25Z",
        "viewCount": 0,
        "isCommercial": "False"
    },
    {
        "id": "ab756ee8-f697-4bc8-84e6-dc6569a46623",
        "title": "모드 없이 비밀 용암 창고 만들기! 메이플 월드 비밀 용암 창고를 만들어보자! [PC/PE 모드 없이 만들기] 마인크래프트 포켓에디션 Minecraft MCPE",
        "description": "트위치 생방 주소 ㄱ\nhttps://www.twitch.tv/pjs9073",
        "thumbnail": "https://i.ytimg.com/vi/P3qgj9LB2tI/mqdefault.jpg",
        "youtubeVideoId": "P3qgj9LB2tI",
        "uploadedDate": "2017-03-22T06:32:16Z",
        "viewCount": 0,
        "isCommercial": "False"
    },
    {
        "id": "65cbec0f-feed-4b8b-94d4-7a9efafa5931",
        "title": "모드 없이 슈퍼 점프대 만들기 메이플 월드 재밌는 점프대를 만들어 보자! [PC/PE 모드 없이 만들기] 마인크래프트 포켓에디션 Minecraft MCPE",
        "description": "트위치 생방 주소 ㄱ\nhttps://www.twitch.tv/pjs9073",
        "thumbnail": "https://i.ytimg.com/vi/fBFo4OWCyXs/mqdefault.jpg",
        "youtubeVideoId": "fBFo4OWCyXs",
        "uploadedDate": "2017-03-13T16:02:50Z",
        "viewCount": 0,
        "isCommercial": "False"
    },
    {
        "id": "58a7e9a7-c1a4-47e7-ae64-72455028c1e9",
        "title": "모드 없이 자동으로 초 거대 성벽 만들기 메이플 월드 성벽을 만들어 보자! [PC/PE 모드 없이 만들기] 마인크래프트 포켓에디션 Minecraft MCPE",
        "description": "트위치 생방 주소 ㄱ\nhttps://www.twitch.tv/pjs9073",
        "thumbnail": "https://i.ytimg.com/vi/XgfE0J2a-fU/mqdefault.jpg",
        "youtubeVideoId": "XgfE0J2a-fU",
        "uploadedDate": "2017-03-08T06:57:09Z",
        "viewCount": 0,
        "isCommercial": "False"
    },
    {
        "id": "31dbb401-e4b5-4c39-a193-4668066984ed",
        "title": "초스피드 모드없이 클럽처럼 반짝이는 조명 만들기 메이플 월드 풍차를 꾸며보자! [PC/PE 모드 없이 만들기] 마인크래프트 포켓에디션 Minecraft MCPE",
        "description": "아프리카 주소 ㄱ\nafreeca.com/azsxdcff\n생방 5시반, 11시반",
        "thumbnail": "https://i.ytimg.com/vi/eaD3TQNlHX8/mqdefault.jpg",
        "youtubeVideoId": "eaD3TQNlHX8",
        "uploadedDate": "2017-02-28T21:50:17Z",
        "viewCount": 0,
        "isCommercial": "False"
    },
    {
        "id": "538a0828-acdc-44e1-b9db-7e85665c1be5",
        "title": "메이플 스토리 게임을 하다가 진짜 메이플 세계에 빠져버렸어요!! 메이플 월드 상황극 1화 [마인크래프트 메이플 스토리 모드 상황극] maplestory mod minecraft",
        "description": "아프리카 주소 ㄱ\nafreeca.com/azsxdcff\n생방 5시반, 11시반",
        "thumbnail": "https://i.ytimg.com/vi/srNlMlkeAz8/mqdefault.jpg",
        "youtubeVideoId": "srNlMlkeAz8",
        "uploadedDate": "2017-02-21T18:49:23Z",
        "viewCount": 0,
        "isCommercial": "False"
    }
]