[
    {
        "id": "3257f757-cabf-457e-b859-ce587fef22d6",
        "title": "고질라 vs 콩 캡슐뽑기 6탄 godzilla vs kong capsule review",
        "description": "고질라 그리고 킹콩, 메카고질라 스컬 4마리의 영화 속 특이한 캡슐뽑기 리뷰입니다.\ngodzilla vs kong and mechagodzilla, skull crawler capsule review\n00:00 시작\n01:48 동전교환\n02:26 메카고질라\n04:09 스컬크롤러\n05:54 고질라\n08:40 킹콩\n11:10 마지막인사\n\n영화movie : https://www.youtube.com/watch?v=2YbBtcJ2pNA&t=4539s\n#히히튜브 구독 : https://goo.gl/s688oP",
        "thumbnail": "https://i.ytimg.com/vi/acx6SjwXlMc/mqdefault.jpg",
        "youtubeVideoId": "acx6SjwXlMc",
        "uploadedDate": "2022-04-19T12:07:04Z",
        "viewCount": 7691,
        "isCommercial": "False"
    },
    {
        "id": "41236ca5-265f-45a5-a2dc-644ca26a8716",
        "title": "엄청 큰 고질라vs콩 피규어 리뷰 big size godzilla vs kong",
        "description": "한국에서 고질라vs콩 영화가 개봉했습니다. 그래서 특이한 고질라 피규어 그리고 메카고질라처럼 로봇화되어버린 메카콩까지 꿀잼 리뷰시작합니다\nGodzilla vs Kong movie was released in Korea. So I'm going to start a fun review of the unusual big size Godzilla figures and the roboticized kong like Meca Godzilla\n\n#히히튜브 구독 : https://goo.gl/s688oP",
        "thumbnail": "https://i.ytimg.com/vi/BNQjS0y4y5Q/mqdefault.jpg",
        "youtubeVideoId": "BNQjS0y4y5Q",
        "uploadedDate": "2022-04-19T12:07:04Z",
        "viewCount": 303046,
        "isCommercial": "False"
    },
    {
        "id": "aa864476-887e-4348-85e6-2615cd239983",
        "title": "가장 어린 고질라 godzilla embryo stop motion | 히히튜브",
        "description": "이 세상에서 가장 어린 태초의 고질라 찾았습니다. 리보 고질라 배아 표본\n신고질라때 영화컨셉에서 따온 제품인데 레진아트까지 대박입니다.\nrebor godzilla embryo specimen review and stop motion\n\n#히히튜브 구독 : https://goo.gl/s688oP",
        "thumbnail": "https://i.ytimg.com/vi/NZTYL-8pjHg/mqdefault.jpg",
        "youtubeVideoId": "NZTYL-8pjHg",
        "uploadedDate": "2022-04-19T12:07:04Z",
        "viewCount": 301808,
        "isCommercial": "False"
    },
    {
        "id": "9b9ddeeb-98fd-4a61-a609-f70685b542cc",
        "title": "고질라 캡슐뽑기 5탄나옴 new 2021 godzilla capsule",
        "description": "고질라 vs 콩 영화예고편이 공개되었습니다. 2021년 새로나온 고질라 캡슐뽑기 콩 들어있을줄 알았는데 없네요. 아쉽지만 그래도 리뷰\n2021 new godzilla capsule\n\n#히히튜브 구독 : https://goo.gl/s688oP",
        "thumbnail": "https://i.ytimg.com/vi/c7gFnb4w58k/mqdefault.jpg",
        "youtubeVideoId": "c7gFnb4w58k",
        "uploadedDate": "2022-04-19T12:07:04Z",
        "viewCount": 280570,
        "isCommercial": "False"
    },
    {
        "id": "cedbf88d-7eaf-45a6-8180-cfafc87dae40",
        "title": "로봇 고질라 스톱모션 만들기ㅋㅋㅋ(godzilla robot?) | 히히튜브",
        "description": "조이드 와일드 zw44라는 제품은 원래 기가노토사우루스 공룡타입입니다. 하지만 싱크로율 99% 고질라 닮았습니다. 그래서 더 멋있는데 조립하는 과정을 스톱모션으로 만들어보고 고질라 피규어랑 비교해 봤습니다. 멋지죠?\ngodzilla robot stopmotion\n\n#히히튜브 구독 : https://goo.gl/s688oP",
        "thumbnail": "https://i.ytimg.com/vi/ZcOyWv8coOs/mqdefault.jpg",
        "youtubeVideoId": "ZcOyWv8coOs",
        "uploadedDate": "2022-04-19T12:07:04Z",
        "viewCount": 480209,
        "isCommercial": "False"
    },
    {
        "id": "e504e96d-0e92-40a1-b109-3ce002156c40",
        "title": "고질라 캡슐뽑기 과연 성공했을까? godzilla capsule | 히히튜브",
        "description": "한국에도 스페이스 고질라 캡슐뽑기가 있다니? 가챠샵에 가서 리틀 고질라 등등.. 뽑아봤습니다. \nspace godzilla capsule extraction from korea\n\n#히히튜브 구독 : https://goo.gl/s688oP",
        "thumbnail": "https://i.ytimg.com/vi/d_86aMRdKT4/mqdefault.jpg",
        "youtubeVideoId": "d_86aMRdKT4",
        "uploadedDate": "2022-04-19T12:07:04Z",
        "viewCount": 294509,
        "isCommercial": "False"
    },
    {
        "id": "77791fa2-f5bb-430b-9faa-d22027111d1a",
        "title": "10만원짜리 고질라 킹오브 몬스터 피규어 리뷰ㅋㅋㅋ(마지막 뉴스 조심) | 히히튜브",
        "description": "고질라 킹오브 몬스터 피규어 꿀잼 리뷰입니다. 고질라 크기가 101cm 엄청난 슈퍼 자이언트 사이즈임. 마지막 뉴스는 고질라 팬들이 싫어합니다ㅋㅋ\n\n#히히튜브 구독 : https://goo.gl/s688oP",
        "thumbnail": "https://i.ytimg.com/vi/Yx7UogTECaY/mqdefault.jpg",
        "youtubeVideoId": "Yx7UogTECaY",
        "uploadedDate": "2022-04-19T12:07:04Z",
        "viewCount": 3733754,
        "isCommercial": "False"
    },
    {
        "id": "2d2674de-ebd9-4ace-9201-7367fcd47f0e",
        "title": "생선같은 신 고질라 2형태 리뷰ㅋㅋ 너무 특이한 괴수 장난감 | 히히튜브",
        "description": "물고기의 진화인가 고질라의 물고기 퇴화인가.. 너무나 특이한 고질라 제2형태 피규어를 가지고 재밌게 리뷰영상 찍어 봤습니다.\n고질라 팬들의 넓은 이해부탁합니다 ㅋㅋ 신고질라 영화속 그 괴수.\n\n#히히튜브 구독 : https://goo.gl/s688oP",
        "thumbnail": "https://i.ytimg.com/vi/GjTfi6tO5Jo/mqdefault.jpg",
        "youtubeVideoId": "GjTfi6tO5Jo",
        "uploadedDate": "2022-04-19T12:07:04Z",
        "viewCount": 1248016,
        "isCommercial": "False"
    },
    {
        "id": "9117e630-6348-44d1-9e6f-cd1618896f99",
        "title": "특이한 새 장난감ㅋㅋ 고질라 로단 익룡비슷한데 | 히히튜브",
        "description": "정말 특이한 새 장난감 리뷰입니다. 고질라 킹 오브 몬스터에서도 보았던 괴수 로단 익룡 피규어인데 이 친구를 위해 특별히 새장까지 만들어 주었습니다. 꿀잼 리뷰 ㅋㅋ\n\n#히히튜브 구독 : https://goo.gl/s688oP",
        "thumbnail": "https://i.ytimg.com/vi/F6pB6J9ST2I/mqdefault.jpg",
        "youtubeVideoId": "F6pB6J9ST2I",
        "uploadedDate": "2022-04-19T12:07:04Z",
        "viewCount": 240196,
        "isCommercial": "False"
    },
    {
        "id": "1ac06a2d-6b61-4bb2-a2cc-63be589ec7fe",
        "title": "고질라 상어vs메가르켈론 쥬라기월드 혼종공룡 도대체 뭘 만든거야. 3d펜으로 만들었음 megarchelon or sharkzilla | 히히튜브",
        "description": "3d펜으로 직접 만들었어요. 원래는 쥬라기월드 메갈로돈 + 아르켈론 혼종공룡 메가르켈론 만들려고 했습니다. 근데 도색하다 보니까 고질라 상어버전이 더 어울려서 그냥 샤크지라 뿜뿜 정했음. 근데 정체가 혼란스럽다.\n다음엔 뭐 만들지?\nmegarchelon(megalodon) level 40 vs sharkzilla\n\n#히히튜브 구독 : https://goo.gl/s688oP",
        "thumbnail": "https://i.ytimg.com/vi/kJh2HpblRaA/mqdefault.jpg",
        "youtubeVideoId": "kJh2HpblRaA",
        "uploadedDate": "2022-04-19T12:07:04Z",
        "viewCount": 359464,
        "isCommercial": "False"
    },
    {
        "id": "6f455a87-141c-4805-add9-f2db399361f0",
        "title": "데포리얼 고질라 2019 피규어 리뷰 티라노사우루스 진화  | 히히튜브",
        "description": "고질라 킹 오브 몬스터 영화에 나왔던 데포리얼 고질라 2019 피규어 장난감 리뷰입니다. 그리고 제가 사랑하는 티라노사우루스 친구도 고질라로 변신 시켜 봤어요.\n키덜트 놀이\n★히히튜브 구독 : https://goo.gl/s688oP",
        "thumbnail": "https://i.ytimg.com/vi/tmcV-fB5n6E/mqdefault.jpg",
        "youtubeVideoId": "tmcV-fB5n6E",
        "uploadedDate": "2022-04-19T12:07:04Z",
        "viewCount": 787833,
        "isCommercial": "False"
    },
    {
        "id": "934a65c0-8502-44cc-89a3-a74cf78e70b2",
        "title": "공룡같은 고질라 1998 피규어 장난감과 스피노사우루스 배틀스킬 붙었습니다..",
        "description": "수각류 공룡처럼 생긴 고질라 1998 장난감을 발견했어요.\n최애하는 공룡메카드 스피노사우루스 친구와 같이 공룡배틀 해봤습니다. 누가 이길까요? 지구의 수호신이 물론 더 강하겠지만..\n\n★히히튜브 구독 : https://goo.gl/s688oP",
        "thumbnail": "https://i.ytimg.com/vi/whhoCkNQ9ak/mqdefault.jpg",
        "youtubeVideoId": "whhoCkNQ9ak",
        "uploadedDate": "2022-04-19T12:07:04Z",
        "viewCount": 463295,
        "isCommercial": "False"
    }
]