[
    {
        "id": "7c2e37f0-5026-4c31-a379-f4a5eeb953fc",
        "title": "유튜브 다시 만들게 되었습니다 .",
        "description": "#김빵귤 #빵귤 #아프리카TV #복귀 #계정삭제 #안녕 \n\n안녕하세요. 김빵귤입니다 .\n\n앞으로 더 좋은영상으로 ,\n새롭게 시작 해 나가겠습니다.\n\n인스타그램 : bbang9.3",
        "thumbnail": "https://i.ytimg.com/vi/6mWKiT-7_k8/mqdefault.jpg",
        "youtubeVideoId": "6mWKiT-7_k8",
        "uploadedDate": "2020-05-12T12:34:17Z",
        "viewCount": 40509,
        "isCommercial": "False"
    },
    {
        "id": "870c6c04-fda9-429a-8248-c0e41df92e8d",
        "title": "유튜브 다시 만들게 되었습니다 .",
        "description": "#김빵귤 #빵귤 #아프리카TV #복귀 #계정삭제 #안녕 \n\n안녕하세요. 김빵귤입니다 .\n\n앞으로 더 좋은영상으로 ,\n새롭게 시작 해 나가겠습니다.\n\n인스타그램 : bbang9.3",
        "thumbnail": "https://i.ytimg.com/vi/6mWKiT-7_k8/mqdefault.jpg",
        "youtubeVideoId": "6mWKiT-7_k8",
        "uploadedDate": "2020-05-12T12:34:29Z",
        "viewCount": 40509,
        "isCommercial": "False"
    },
    {
        "id": "e45e32a3-82ce-4241-a1e4-12bdcfcc30ea",
        "title": "유튜브 다시 만들게 되었습니다 .",
        "description": "#김빵귤 #빵귤 #아프리카TV #복귀 #계정삭제 #안녕 \n\n안녕하세요. 김빵귤입니다 .\n\n앞으로 더 좋은영상으로 ,\n새롭게 시작 해 나가겠습니다.\n\n인스타그램 : bbang9.3",
        "thumbnail": "https://i.ytimg.com/vi/6mWKiT-7_k8/mqdefault.jpg",
        "youtubeVideoId": "6mWKiT-7_k8",
        "uploadedDate": "2020-05-12T12:34:51Z",
        "viewCount": 40509,
        "isCommercial": "False"
    },
    {
        "id": "f7066f75-7ee4-4231-8350-4deff39f00f5",
        "title": "유튜브 다시 만들게 되었습니다 .",
        "description": "#김빵귤 #빵귤 #아프리카TV #복귀 #계정삭제 #안녕 \n\n안녕하세요. 김빵귤입니다 .\n\n앞으로 더 좋은영상으로 ,\n새롭게 시작 해 나가겠습니다.\n\n인스타그램 : bbang9.3",
        "thumbnail": "https://i.ytimg.com/vi/6mWKiT-7_k8/mqdefault.jpg",
        "youtubeVideoId": "6mWKiT-7_k8",
        "uploadedDate": "2020-05-12T12:35:05Z",
        "viewCount": 40509,
        "isCommercial": "False"
    },
    {
        "id": "d3e017f2-03af-447b-9c0b-06b9128bf32e",
        "title": "유튜브 다시 만들게 되었습니다 .",
        "description": "#김빵귤 #빵귤 #아프리카TV #복귀 #계정삭제 #안녕 \n\n안녕하세요. 김빵귤입니다 .\n\n앞으로 더 좋은영상으로 ,\n새롭게 시작 해 나가겠습니다.\n\n인스타그램 : bbang9.3",
        "thumbnail": "https://i.ytimg.com/vi/6mWKiT-7_k8/mqdefault.jpg",
        "youtubeVideoId": "6mWKiT-7_k8",
        "uploadedDate": "2020-05-12T12:35:08Z",
        "viewCount": 40509,
        "isCommercial": "False"
    },
    {
        "id": "ff53223f-acd4-4df7-a845-56d86fb85dc8",
        "title": "Private video",
        "description": "This video is private.",
        "thumbnail": null,
        "youtubeVideoId": "H958cVrDzBA",
        "uploadedDate": "2020-05-16T02:20:16Z",
        "viewCount": 0,
        "isCommercial": "False"
    },
    {
        "id": "174c9cbd-2259-4902-bfb3-b73a3ca7b4d7",
        "title": "Private video",
        "description": "This video is private.",
        "thumbnail": null,
        "youtubeVideoId": "H958cVrDzBA",
        "uploadedDate": "2020-05-16T02:20:23Z",
        "viewCount": 0,
        "isCommercial": "False"
    },
    {
        "id": "e35d0c7d-f39d-40eb-8b86-29f3b9726c5d",
        "title": "나 오늫ㅎ사고쳤다 술먹고ㅀ",
        "description": "#술먹방 #레전드 #김빵귤 #아프리카TV\n\n인스타그램 : bbang9.2\n아프리카TV: BJ김빵귤\n\n구독/좋아요/알림설정 부탁드립니당 !",
        "thumbnail": "https://i.ytimg.com/vi/-2dIYtjCmCc/mqdefault.jpg",
        "youtubeVideoId": "-2dIYtjCmCc",
        "uploadedDate": "2020-05-18T12:57:49Z",
        "viewCount": 67367,
        "isCommercial": "False"
    },
    {
        "id": "0f2d93d0-a0e4-4cf8-b5f8-a4edfc534f21",
        "title": "나 오늫ㅎ사고쳤다 술먹고ㅀ",
        "description": "#술먹방 #레전드 #김빵귤 #아프리카TV\n\n인스타그램 : bbang9.2\n아프리카TV: BJ김빵귤\n\n구독/좋아요/알림설정 부탁드립니당 !",
        "thumbnail": "https://i.ytimg.com/vi/-2dIYtjCmCc/mqdefault.jpg",
        "youtubeVideoId": "-2dIYtjCmCc",
        "uploadedDate": "2020-05-18T12:57:59Z",
        "viewCount": 67367,
        "isCommercial": "False"
    },
    {
        "id": "452de67c-e57a-4962-bb3e-d6937838cf6b",
        "title": "나 오늫ㅎ사고쳤다 술먹고ㅀ",
        "description": "#술먹방 #레전드 #김빵귤 #아프리카TV\n\n인스타그램 : bbang9.2\n아프리카TV: BJ김빵귤\n\n구독/좋아요/알림설정 부탁드립니당 !",
        "thumbnail": "https://i.ytimg.com/vi/-2dIYtjCmCc/mqdefault.jpg",
        "youtubeVideoId": "-2dIYtjCmCc",
        "uploadedDate": "2020-05-18T12:58:23Z",
        "viewCount": 67367,
        "isCommercial": "False"
    },
    {
        "id": "09dedc38-0505-455a-9cff-cc14911c7eda",
        "title": "나 오늫ㅎ사고쳤다 술먹고ㅀ",
        "description": "#술먹방 #레전드 #김빵귤 #아프리카TV\n\n인스타그램 : bbang9.2\n아프리카TV: BJ김빵귤\n\n구독/좋아요/알림설정 부탁드립니당 !",
        "thumbnail": "https://i.ytimg.com/vi/-2dIYtjCmCc/mqdefault.jpg",
        "youtubeVideoId": "-2dIYtjCmCc",
        "uploadedDate": "2020-05-18T12:58:30Z",
        "viewCount": 67367,
        "isCommercial": "False"
    },
    {
        "id": "d4568287-1690-4611-b78b-b426b041e650",
        "title": "밸런스게임.. 이거맞아요?",
        "description": "#밸런스게임 #인싸게임 #아프리카TV #19",
        "thumbnail": "https://i.ytimg.com/vi/ECsJYF6Ns7Y/mqdefault.jpg",
        "youtubeVideoId": "ECsJYF6Ns7Y",
        "uploadedDate": "2020-05-20T10:46:51Z",
        "viewCount": 193483,
        "isCommercial": "False"
    },
    {
        "id": "ef73ab68-3327-42c9-948f-d13dde3d1330",
        "title": "티모가 되고싶었어요..!",
        "description": "#빵귤 #여캠 #성대모사 #티모 #접신\n\n\n인스타그램 :bbang9.2\n아프리카TV:BJ김빵귤\n\n구독/좋아요/알림설정 부탁드립니다!",
        "thumbnail": "https://i.ytimg.com/vi/pgGthMOiQ4s/mqdefault.jpg",
        "youtubeVideoId": "pgGthMOiQ4s",
        "uploadedDate": "2020-06-30T13:45:00Z",
        "viewCount": 23187,
        "isCommercial": "False"
    },
    {
        "id": "2456e407-4522-4087-9181-4a1b022c52c9",
        "title": "티모가 되고싶었어요..!",
        "description": "#빵귤 #여캠 #성대모사 #티모 #접신\n\n\n인스타그램 :bbang9.2\n아프리카TV:BJ김빵귤\n\n구독/좋아요/알림설정 부탁드립니다!",
        "thumbnail": "https://i.ytimg.com/vi/pgGthMOiQ4s/mqdefault.jpg",
        "youtubeVideoId": "pgGthMOiQ4s",
        "uploadedDate": "2020-06-30T13:45:55Z",
        "viewCount": 23187,
        "isCommercial": "False"
    },
    {
        "id": "f14e215b-f636-41ce-b770-934f65bf07b0",
        "title": "세상에서 제일 매운 불마왕라면? 접수완료",
        "description": "#김빵귤 #빵귤 #불마왕라면 #먹방 #프로먹방러 #허세먹방\n\n\n인스타그램 :bbang9.2\n아프리카TV:BJ김빵귤\n\n구독/좋아요/알림설정 부탁드립니다!",
        "thumbnail": "https://i.ytimg.com/vi/jYnGQKBvDDE/mqdefault.jpg",
        "youtubeVideoId": "jYnGQKBvDDE",
        "uploadedDate": "2020-07-09T10:01:14Z",
        "viewCount": 35267,
        "isCommercial": "False"
    },
    {
        "id": "5563f779-288b-46b4-8619-f494dedbcd1d",
        "title": "세상에서 제일 매운 불마왕라면? 접수완료",
        "description": "#김빵귤 #빵귤 #불마왕라면 #먹방 #프로먹방러 #허세먹방\n\n\n인스타그램 :bbang9.2\n아프리카TV:BJ김빵귤\n\n구독/좋아요/알림설정 부탁드립니다!",
        "thumbnail": "https://i.ytimg.com/vi/jYnGQKBvDDE/mqdefault.jpg",
        "youtubeVideoId": "jYnGQKBvDDE",
        "uploadedDate": "2020-07-09T10:01:21Z",
        "viewCount": 35267,
        "isCommercial": "False"
    },
    {
        "id": "fe1ab54a-4dd9-4ad3-aa36-38073ba379fe",
        "title": "세상에서 제일 매운 불마왕라면? 접수완료",
        "description": "#김빵귤 #빵귤 #불마왕라면 #먹방 #프로먹방러 #허세먹방\n\n\n인스타그램 :bbang9.2\n아프리카TV:BJ김빵귤\n\n구독/좋아요/알림설정 부탁드립니다!",
        "thumbnail": "https://i.ytimg.com/vi/jYnGQKBvDDE/mqdefault.jpg",
        "youtubeVideoId": "jYnGQKBvDDE",
        "uploadedDate": "2020-07-09T10:01:35Z",
        "viewCount": 35267,
        "isCommercial": "False"
    },
    {
        "id": "5abd33a7-f348-4f0e-90e4-1cedc46a5960",
        "title": "세상에서 제일 매운 불마왕라면? 접수완료",
        "description": "#김빵귤 #빵귤 #불마왕라면 #먹방 #프로먹방러 #허세먹방\n\n\n인스타그램 :bbang9.2\n아프리카TV:BJ김빵귤\n\n구독/좋아요/알림설정 부탁드립니다!",
        "thumbnail": "https://i.ytimg.com/vi/jYnGQKBvDDE/mqdefault.jpg",
        "youtubeVideoId": "jYnGQKBvDDE",
        "uploadedDate": "2020-07-09T10:01:42Z",
        "viewCount": 35267,
        "isCommercial": "False"
    },
    {
        "id": "7362e71a-e382-4f4c-9eeb-371aff841f5f",
        "title": "세상에서 제일 매운 불마왕라면? 접수완료",
        "description": "#김빵귤 #빵귤 #불마왕라면 #먹방 #프로먹방러 #허세먹방\n\n\n인스타그램 :bbang9.2\n아프리카TV:BJ김빵귤\n\n구독/좋아요/알림설정 부탁드립니다!",
        "thumbnail": "https://i.ytimg.com/vi/jYnGQKBvDDE/mqdefault.jpg",
        "youtubeVideoId": "jYnGQKBvDDE",
        "uploadedDate": "2020-07-09T10:20:49Z",
        "viewCount": 35267,
        "isCommercial": "False"
    },
    {
        "id": "204fd614-3302-43a3-a735-52c43de7a1eb",
        "title": "방송 사고 났습니다...",
        "description": "#빵귤 #여수여행 #나혼자여행 #찐따\n\n\n인스타그램 : bbang9.2\n아프리카TV: BJ김빵귤\n\n구독/좋아요/알림설정 부탁드립니다!",
        "thumbnail": "https://i.ytimg.com/vi/lhXLoEmWi_s/mqdefault.jpg",
        "youtubeVideoId": "lhXLoEmWi_s",
        "uploadedDate": "2020-08-03T12:29:10Z",
        "viewCount": 85962,
        "isCommercial": "False"
    },
    {
        "id": "00421f02-31c3-4373-b970-85cd73404fd5",
        "title": "빡치는 게임하다가...",
        "description": "#빵귤 #김빵귤 #스팀게임 #폴가이즈 #항아리게임 #똥손\n\n\n인스타그램 : bbang9.2\n아프리카TV: BJ김빵귤\n\n구독/좋아요/알림설정 부탁드립니다!",
        "thumbnail": "https://i.ytimg.com/vi/L4qdGrllQSw/mqdefault.jpg",
        "youtubeVideoId": "L4qdGrllQSw",
        "uploadedDate": "2020-08-13T09:23:10Z",
        "viewCount": 29290,
        "isCommercial": "False"
    },
    {
        "id": "dacde2dc-9839-4fa5-b128-8f00430f8b88",
        "title": "죄송합니다. 접겠습니다.",
        "description": "#카트라이더 #막자 #김빵귤 #아프리카tv #카트막자\n\n\n인스타그램 : bbang9.2\n아프리카TV: BJ김빵귤\n\n구독/좋아요/알림설정 부탁드립니다!",
        "thumbnail": "https://i.ytimg.com/vi/y6IRZxfzA8E/mqdefault.jpg",
        "youtubeVideoId": "y6IRZxfzA8E",
        "uploadedDate": "2020-08-26T11:37:08Z",
        "viewCount": 14134,
        "isCommercial": "False"
    },
    {
        "id": "795ebff6-bd07-477f-b7bd-76021b1dcff5",
        "title": "딸의 방송을 지켜본 어머니의 현실반응..",
        "description": "#김빵귤 #빵귤 #엄마 #합방 #효녀.. #효년..?\n\n\n인스타그램 : bbang9.2\n아프리카TV: BJ김빵귤\n\n구독/좋아요/알림설정 부탁드립니다!",
        "thumbnail": "https://i.ytimg.com/vi/kd_PVATl268/mqdefault.jpg",
        "youtubeVideoId": "kd_PVATl268",
        "uploadedDate": "2020-08-28T03:07:06Z",
        "viewCount": 58570,
        "isCommercial": "False"
    },
    {
        "id": "847f200e-93cd-4f20-b7ef-0ffa5e41b5cb",
        "title": "짜파게티가 치킨으로?",
        "description": "#김빵귤 #빵귤 #치킨 #먹방 #짜파치킨\n\n\n\n\n인스타그램 : bbang9.2\n아프리카TV: BJ김빵귤\n\n구독/좋아요/알림설정 부탁드립니다!",
        "thumbnail": "https://i.ytimg.com/vi/LrCPefexKVs/mqdefault.jpg",
        "youtubeVideoId": "LrCPefexKVs",
        "uploadedDate": "2020-09-01T08:44:12Z",
        "viewCount": 18302,
        "isCommercial": "False"
    },
    {
        "id": "8496804a-807f-4482-b8ba-e41e2d12ccc3",
        "title": "디스코팡팡 타다가 기절...?",
        "description": "#김빵귤 #빵귤 #대구 #이월드 #디팡 #살려조\n\n\n\n인스타그램 : bbang9.2\n아프리카TV: BJ김빵귤\n\n구독/좋아요/알림설정 부탁드립니다!",
        "thumbnail": "https://i.ytimg.com/vi/sNWlEd-dwKs/mqdefault.jpg",
        "youtubeVideoId": "sNWlEd-dwKs",
        "uploadedDate": "2020-09-03T11:02:08Z",
        "viewCount": 16666,
        "isCommercial": "False"
    },
    {
        "id": "7643c589-332b-4f8a-a503-2bf546ef4806",
        "title": "저 이제 못하겠어요",
        "description": "#김빵귤 #빵귤 #시키면 한다 #남산 #돈까스 #한입만 #먹자\n\n\n인스타그램 : bbang9.2\n아프리카TV: BJ김빵귤\n\n구독/좋아요/알림설정 부탁드립니다!\n\n\n(이 영상은 코로나 2단계 격상 전 촬영 된 영상입니다)",
        "thumbnail": "https://i.ytimg.com/vi/99O6osdTQtA/mqdefault.jpg",
        "youtubeVideoId": "99O6osdTQtA",
        "uploadedDate": "2020-09-11T08:46:56Z",
        "viewCount": 24598,
        "isCommercial": "False"
    },
    {
        "id": "b9b821b3-4eaa-4e74-8e1c-4ff552fe7ce7",
        "title": "청담동 샵에서 20만원 메이크업 받으면 생기는 일",
        "description": "#김빵귤 #메이크업 #메이크업샵 #브이로그 #뷰티영상 #청순메이크업\n\n\n\n인스타그램 : bbang9.2\n아프리카TV: BJ김빵귤\n\n구독/좋아요/알림설정 부탁드립니다!",
        "thumbnail": "https://i.ytimg.com/vi/qGYBJytUnGg/mqdefault.jpg",
        "youtubeVideoId": "qGYBJytUnGg",
        "uploadedDate": "2020-09-19T06:22:32Z",
        "viewCount": 35006,
        "isCommercial": "False"
    },
    {
        "id": "3b87acea-8782-4808-ba51-449766a570a8",
        "title": "Private video",
        "description": "This video is private.",
        "thumbnail": null,
        "youtubeVideoId": "2YHXbYWixDc",
        "uploadedDate": "2020-09-30T06:03:46Z",
        "viewCount": 0,
        "isCommercial": "False"
    },
    {
        "id": "370be27c-8754-4cc7-8f63-eab57c6b578c",
        "title": "2020클럽MIX#3 DJ ASTER #159",
        "description": "2020강남클럽MIX#3 DJ ASTER\n좋아요 / 구독 / 댓글 / 알람 감사합니다!\n\n인스타그램\n아스터 @Aster_djofficial\n포토칸 @Photographer_khan",
        "thumbnail": "https://i.ytimg.com/vi/o3Ks7rBcZVU/mqdefault.jpg",
        "youtubeVideoId": "o3Ks7rBcZVU",
        "uploadedDate": "2020-10-07T03:40:37Z",
        "viewCount": 0,
        "isCommercial": "False"
    },
    {
        "id": "cebfdd3c-dbe8-4cf7-a042-1cb60a6f4a34",
        "title": "방송하다 ...",
        "description": "#김빵귤 #빵귤 #소피아TV #농촌 #지림\n\n\n인스타그램 : bbang9.2\n아프리카TV: BJ김빵귤\n\n구독/좋아요/알림설정 부탁드립니다!",
        "thumbnail": "https://i.ytimg.com/vi/o6gvJo3WCQY/mqdefault.jpg",
        "youtubeVideoId": "o6gvJo3WCQY",
        "uploadedDate": "2020-10-15T09:09:45Z",
        "viewCount": 188136,
        "isCommercial": "False"
    },
    {
        "id": "114e75b2-2acf-4ae2-baca-bd09de240236",
        "title": "드디어 제 별풍선 수익 공개합니다 ..",
        "description": "#김빵귤#별풍선#수익공개#아프리카TV\n\n인스타그램 : bbang9.2\n아프리카TV: BJ김빵귤\n\n구독/좋아요/알림설정 부탁드립니다!",
        "thumbnail": "https://i.ytimg.com/vi/yraOhKCR0IU/mqdefault.jpg",
        "youtubeVideoId": "yraOhKCR0IU",
        "uploadedDate": "2020-10-21T11:47:16Z",
        "viewCount": 25635,
        "isCommercial": "False"
    },
    {
        "id": "916687a1-c3c2-49ad-8dab-09f6f374f38a",
        "title": "또 한명 보냈다...",
        "description": "#김빵귤 #소유비 #요리 #배우기 #또 망함\n\n\n인스타그램 : bbang9.2\n아프리카TV: BJ김빵귤\n\n구독/좋아요/알림설정 부탁드립니다!",
        "thumbnail": "https://i.ytimg.com/vi/xM35ja0U-4c/mqdefault.jpg",
        "youtubeVideoId": "xM35ja0U-4c",
        "uploadedDate": "2020-10-30T08:03:22Z",
        "viewCount": 20028,
        "isCommercial": "False"
    },
    {
        "id": "ec25d051-fa07-45e2-99a2-6bef459ab6d1",
        "title": "다이소 만원어치 할로윈 메이크업",
        "description": "#김빵귤 #방구석할로윈 #망함 #메이크업",
        "thumbnail": "https://i.ytimg.com/vi/XEkSkVlPaa4/mqdefault.jpg",
        "youtubeVideoId": "XEkSkVlPaa4",
        "uploadedDate": "2020-11-04T11:33:00Z",
        "viewCount": 13801,
        "isCommercial": "False"
    },
    {
        "id": "3c47dac9-6bf2-4cb7-9a21-77be1d99e94f",
        "title": "신길동 매운 짬뽕...",
        "description": "#김빵귤 #먹방 #신길동 #매운 짬뽕 #서..성공",
        "thumbnail": "https://i.ytimg.com/vi/7Natg5Eboys/mqdefault.jpg",
        "youtubeVideoId": "7Natg5Eboys",
        "uploadedDate": "2020-11-12T10:53:11Z",
        "viewCount": 158549,
        "isCommercial": "False"
    },
    {
        "id": "fa9cfb5a-63b9-48e9-8151-2dce681cceae",
        "title": "나 처음이야 언니...",
        "description": "#빵귤 #츄정 #여캠 #여자친구? #새로운사랑?\n\n\n\n인스타그램 : bbang9.2\n아프리카TV: BJ김빵귤\n\n구독/좋아요/알림설정 부탁드립니다!",
        "thumbnail": "https://i.ytimg.com/vi/sZZk9sOso-A/mqdefault.jpg",
        "youtubeVideoId": "sZZk9sOso-A",
        "uploadedDate": "2020-11-16T10:19:38Z",
        "viewCount": 52379,
        "isCommercial": "False"
    },
    {
        "id": "dfe631b7-0070-4b94-b267-ad92e984f5c2",
        "title": "못믿겠어요? 공개합니다",
        "description": "#빵귤 #허리비결 #셀럽워터\n\n빵귤이의 21인치 허리 비결✨\n알파바디 셀럽워터 바디라이너 https://rebrand.ly/bbacf23\n\n\n\n\n\n※ 본 영상은 셀럽워터의 유료광고를 포함하고 있으며\n제품과 영상 제작 비용을 지원 받아 제작 되었습니다\n\n\n인스타그램 : bbang9.2\n아프리카TV: BJ김빵귤\n\n구독/좋아요/알림설정 부탁드립니다!",
        "thumbnail": "https://i.ytimg.com/vi/0F5u5bDsa3Y/mqdefault.jpg",
        "youtubeVideoId": "0F5u5bDsa3Y",
        "uploadedDate": "2020-12-16T11:36:10Z",
        "viewCount": 61927,
        "isCommercial": "True"
    },
    {
        "id": "697739a3-b7e1-467b-9d18-0e6252be6214",
        "title": "빵....직",
        "description": "#김빵귤 #과거여행 #여자인직\n\n\n\n인스타그램 : bbang9.2\n아프리카TV: BJ김빵귤\n\n구독/좋아요/알림설정 부탁드립니다!",
        "thumbnail": "https://i.ytimg.com/vi/RjKh4faMz68/mqdefault.jpg",
        "youtubeVideoId": "RjKh4faMz68",
        "uploadedDate": "2020-12-18T10:54:53Z",
        "viewCount": 22189,
        "isCommercial": "False"
    },
    {
        "id": "59fcf190-524c-4211-9acb-a3988dbb7679",
        "title": "저 그만하겠습니다",
        "description": "#김빵귤 #콩나물장사 #오열\n\n\n\n\n인스타그램 : bbang9.2\n아프리카TV: BJ김빵귤\n\n구독/좋아요/알림설정 부탁드립니다!",
        "thumbnail": "https://i.ytimg.com/vi/PQaJIkZ8OXk/mqdefault.jpg",
        "youtubeVideoId": "PQaJIkZ8OXk",
        "uploadedDate": "2021-01-07T10:07:15Z",
        "viewCount": 60254,
        "isCommercial": "False"
    },
    {
        "id": "91d21735-e851-47b5-b985-3aa6319c8b50",
        "title": "아무고토 몰라요",
        "description": "#김빵귤 #순결테스트\n\n\n\n\n인스타그램 : bbang9.2\n아프리카TV: BJ김빵귤\n\n구독/좋아요/알림설정 부탁드립니다!",
        "thumbnail": "https://i.ytimg.com/vi/MmXSrr2Gn6s/mqdefault.jpg",
        "youtubeVideoId": "MmXSrr2Gn6s",
        "uploadedDate": "2021-01-12T01:45:45Z",
        "viewCount": 28792,
        "isCommercial": "False"
    },
    {
        "id": "e22a4426-8348-4f1f-a461-c0bd8d6bc3c1",
        "title": "밥 좀 먹읍시다",
        "description": "#빵귤 #달덩이탈출 #기분전환 #알파\n\n\n빵귤이가 찐으로 먹고있는 달덩이 탈출템 🌕🌙\n(지금 새해 기념 세일중이라고 해요 !)\n\n기분전환 알파 : https://rebrand.ly/pths7j\n\n\n\n\n※ 본 영상은 기분전환의 유료광고를 포함하고 있으며\n제품과 영상 제작 비용을 지원 받아 제작 되었습니다\n\n\n인스타그램 : bbang9.2\n아프리카TV: BJ김빵귤\n\n구독/좋아요/알림설정 부탁드립니다!",
        "thumbnail": "https://i.ytimg.com/vi/OhjD89Xjxxk/mqdefault.jpg",
        "youtubeVideoId": "OhjD89Xjxxk",
        "uploadedDate": "2021-01-20T09:23:40Z",
        "viewCount": 76848,
        "isCommercial": "True"
    },
    {
        "id": "e386ff0b-ce4e-4363-a286-ffec308e54b6",
        "title": "수면제 부작용... 진지하게 꺼내보는 이야기",
        "description": "#김빵귤 #방송복귀 #술먹방\n\n\n\n인스타그램 : bbang9.2\n아프리카TV: BJ김빵귤\n\n구독/좋아요/알림설정 부탁드립니다!",
        "thumbnail": "https://i.ytimg.com/vi/GocY-yZ7Mg4/mqdefault.jpg",
        "youtubeVideoId": "GocY-yZ7Mg4",
        "uploadedDate": "2021-01-21T10:46:06Z",
        "viewCount": 20210,
        "isCommercial": "False"
    },
    {
        "id": "7974d0d3-2c06-44df-88df-abc9313cc47d",
        "title": "호떡 1000장 나눔합니다..",
        "description": "#츄정 #소피아 #김빵귤 #호떡봉사 #호떡 #조대병원\n\n츄정 유튜브 https://www.youtube.com/channel/UCqwNCDzQBfw2seMRJpL-RWg\n소피아 유튜브https://www.youtube.com/channel/UCwUkTmArm4dsfc4p7HUQ2tA\n\n인스타그램 : bbang9.2\n아프리카TV: BJ김빵귤\n\n구독/좋아요/알림설정 부탁드립니다!",
        "thumbnail": "https://i.ytimg.com/vi/oHtJFZR3dAo/mqdefault.jpg",
        "youtubeVideoId": "oHtJFZR3dAo",
        "uploadedDate": "2021-01-30T12:36:05Z",
        "viewCount": 13788,
        "isCommercial": "False"
    },
    {
        "id": "5fdf92c6-81f7-41c1-8b42-ba5c7ec03703",
        "title": "불장난",
        "description": "#미니화로 #김빵귤 #레스토랑 #서울맛집 #서울데이트\n\n\n\n인스타그램 : bbang9.2\n아프리카TV: BJ김빵귤\n\n구독/좋아요/알림설정 부탁드립니다!",
        "thumbnail": "https://i.ytimg.com/vi/Jsjm9AtpFO4/mqdefault.jpg",
        "youtubeVideoId": "Jsjm9AtpFO4",
        "uploadedDate": "2021-02-05T08:40:40Z",
        "viewCount": 62755,
        "isCommercial": "False"
    },
    {
        "id": "6caeae23-e61f-412c-a2b1-8bd2369746f5",
        "title": "염라대왕 만나고 온 썰 푼다",
        "description": "#염라대왕라면 #매운맛챌린지 #라면먹방\n\n\n\n인스타그램 : bbang9.2\n아프리카TV: BJ김빵귤\n\n구독/좋아요/알림설정 부탁드립니다!",
        "thumbnail": "https://i.ytimg.com/vi/vaVeWvHoVG8/mqdefault.jpg",
        "youtubeVideoId": "vaVeWvHoVG8",
        "uploadedDate": "2021-02-16T07:43:47Z",
        "viewCount": 12881,
        "isCommercial": "False"
    },
    {
        "id": "cdaa1ac3-ef7b-409d-9f3f-c58da70ef315",
        "title": "저...할 수 있을거같아요",
        "description": "#두잇#다이어트#다이어트후기\n♥본 영상은 마켓프라이데이의 유료광고를 포함하고 있습니다♥\n빵귤이의 두잇 2주 챌린지 대성공\n두잇 : https://rebrand.ly/azwrmyo\n\n여러분 .. 빵구리 광고가 들어왔습니다!!!!!!!!\n이번엔 2주간 먹어보고 영상을 찍었는데요 !\n먹어본 다이어트 식품중엔 제일 맛있었던듯,,,,, \n\n\n인스타그램 : bbang9.2\n아프리카TV: BJ김빵귤\n\n구독/좋아요/알림설정 부탁드립니다!",
        "thumbnail": "https://i.ytimg.com/vi/V2xas7rVYrw/mqdefault.jpg",
        "youtubeVideoId": "V2xas7rVYrw",
        "uploadedDate": "2021-03-01T11:03:57Z",
        "viewCount": 34759,
        "isCommercial": "True"
    },
    {
        "id": "4fb89037-3f9a-4bae-9ee5-9e5eea36845f",
        "title": "몸으로 대화할게영",
        "description": "#빵귤 #여캠 #몸개그\n\n\n\n인스타그램 : bbang9.2\n아프리카TV: BJ김빵귤\n\n구독/좋아요/알림설정 부탁드립니다!",
        "thumbnail": "https://i.ytimg.com/vi/JZ1nHBlmooM/mqdefault.jpg",
        "youtubeVideoId": "JZ1nHBlmooM",
        "uploadedDate": "2021-03-22T01:16:02Z",
        "viewCount": 19277,
        "isCommercial": "False"
    },
    {
        "id": "4abbd402-14ba-4e0b-8ed4-bf5f014c0baf",
        "title": "부산 호텔에서",
        "description": "#김빵귤 #부산 #브이로그\n\n\n\n인스타그램 : bbang9.2\n아프리카TV: BJ김빵귤\n\n구독/좋아요/알림설정 부탁드립니다!",
        "thumbnail": "https://i.ytimg.com/vi/13xxpjW7FDc/mqdefault.jpg",
        "youtubeVideoId": "13xxpjW7FDc",
        "uploadedDate": "2021-04-12T06:04:39Z",
        "viewCount": 14465,
        "isCommercial": "False"
    },
    {
        "id": "4d3ee454-bb05-4988-847e-c6afd59a5d2e",
        "title": "요즘 유행하는 로제떡볶이 코로먹기",
        "description": "#빵귤 #로제떡볶이 #또먹방\n\n\n\n인스타그램 : bbang9.2\n아프리카TV: BJ김빵귤\n\n구독/좋아요/알림설정 부탁드립니다!",
        "thumbnail": "https://i.ytimg.com/vi/pwuerP_cprc/mqdefault.jpg",
        "youtubeVideoId": "pwuerP_cprc",
        "uploadedDate": "2021-04-19T10:48:56Z",
        "viewCount": 5349,
        "isCommercial": "False"
    },
    {
        "id": "8b08539d-1163-4a7f-aaa5-755fd4fda07a",
        "title": "생방송중에 대참사;;",
        "description": "#김빵귤 #책읽는여자 #밤의숨소리 #19금\n\n\n\n인스타그램 : bbang9.2\n아프리카TV: BJ김빵귤\n\n구독/좋아요/알림설정 부탁드립니다!",
        "thumbnail": "https://i.ytimg.com/vi/xLZ7gHol3Ao/mqdefault.jpg",
        "youtubeVideoId": "xLZ7gHol3Ao",
        "uploadedDate": "2021-04-21T09:39:04Z",
        "viewCount": 8353,
        "isCommercial": "False"
    },
    {
        "id": "7ebff278-68ff-417e-b45d-dbe7acaf9218",
        "title": "언니 저 마음에 안들죠?",
        "description": "#빵귤 #추랑 #디진다돈까스 #의리\n\n\n\n인스타그램 : bbang9.2\n아프리카TV: BJ김빵귤\n\n구독/좋아요/알림설정 부탁드립니다!\n\n\n\n브금 출처\n🎵Music provided by 브금대통령\n🎵Track : Dawn Of Victory - https://youtu.be/7p7XwWT9uKM\n🎵Track : Attack of The Trolls - https://youtu.be/2K9pdErongI\n🎵Track : 엄마생각 - https://youtu.be/N2J1zYyPOUM",
        "thumbnail": "https://i.ytimg.com/vi/d1pDHl81MDs/mqdefault.jpg",
        "youtubeVideoId": "d1pDHl81MDs",
        "uploadedDate": "2021-05-04T02:03:58Z",
        "viewCount": 4212,
        "isCommercial": "False"
    }
]