[
    {
        "id": "53c56511-b28f-4d4c-b214-9ef10bddd982",
        "title": "만약 유진씨가 귀멸의 칼날 세계관에 들어간다면? [환락의 거리 유곽 3편]",
        "description": "귀멸의 칼날 2기의 캐릭터가 직접 되어보는 상상.. 해보셨죠?\n유진씨가 직접 귀멸 세계관에 들어가 메타버스를 만들어가는\n\n만약 유진씨가 귀멸의 칼날 속 세계관에 들어간다면?\n이름하여 \"만귀세들\" 지금 시작합니다!!\n\n[구독 좋아요 알림설정은 유진씨에게 큰 힘이 됩니다]\n\n🎵Music provided by 브금대통령\n🎵Track : An Ambush  - https://youtu.be/o4rTLgdz0X4\n🎵Track : Attack of The Trolls - https://youtu.be/2K9pdErongI\n\n타임라인\n00:00 인트로\n00:29 만귀세들 본편\n05:42 공지+팬아트\n\n매주 즐거운 귀칼리뷰 영상 정기 업로드\n\n문의/광고/협찬 ask.endevor@gmail.com (광고주님들 똑바로 모시겠습니다)\n\n#귀멸의칼날​2기 #만귀세들 #환락의거리편\n#유곽편 #넷플릭스추천 #귀칼2기 #귀멸2기\n#메타버스",
        "thumbnail": "https://i.ytimg.com/vi/h_Q30bcm59s/mqdefault.jpg",
        "youtubeVideoId": "h_Q30bcm59s",
        "uploadedDate": "2022-01-28T19:59:48Z",
        "viewCount": 12194,
        "isCommercial": "False"
    },
    {
        "id": "19597cf3-4091-4828-9791-92858e80843a",
        "title": "만약 유진씨가 귀멸의 칼날 세계관에 들어간다면? [환락의 거리 유곽 2편]",
        "description": "귀멸의 칼날 캐릭터가 직접 되어보는 상상.. 해보셨죠?\n유진씨가 직접 귀멸 세계관에 들어가 메타버스를 만들어가는\n\n만약 유진씨가 귀멸의 칼날 속 세계관에 들어간다면?\n이름하여 \"만귀세들\" 지금 시작합니다!!\n\n[구독 좋아요 알림설정은 유진씨에게 큰 힘이 됩니다]\n\n🎵Music provided by 브금대통령\n🎵Track : An Ambush  - https://youtu.be/o4rTLgdz0X4\n🎵Track : Attack of The Trolls - https://youtu.be/2K9pdErongI\n\n\n매주 즐거운 귀칼리뷰 영상 정기 업로드\n\n썸네일 오쿠징크\n\n문의/광고/협찬 ask.endevor@gmail.com (광고주님들 똑바로 모시겠습니다)\n\n#귀멸의칼날​2기 #만귀세들 #환락의거리편\n#유곽편 #넷플릭스추천 #귀칼2기 #귀멸2기\n#메타버스 #유진씨",
        "thumbnail": "https://i.ytimg.com/vi/WlbaGTzL770/mqdefault.jpg",
        "youtubeVideoId": "WlbaGTzL770",
        "uploadedDate": "2022-01-21T23:24:24Z",
        "viewCount": 18224,
        "isCommercial": "False"
    },
    {
        "id": "db9985bc-4e76-417b-aaef-db182e81f8d4",
        "title": "만약 유진씨가 귀멸의 칼날 세계관에 들어간다면? [환락의 거리 유곽 1편]",
        "description": "귀멸의 칼날 2기의 캐릭터가 직접 되어보는 상상.. 해보셨죠?\n유진씨가 직접 귀멸 세계관에 들어가 메타버스를 만들어가는\n\n만약 유진씨가 귀멸의 칼날 속 세계관에 들어간다면?\n이름하여 \"만귀세들\" 지금 시작합니다!!\n\n[구독 좋아요 알림설정은 유진씨에게 큰 힘이 됩니다]\n\n🎵Music provided by 브금대통령\n🎵Track : Attack of The Trolls - https://youtu.be/2K9pdErongI\n\n타임라인\n00:00 인트로\n01:43 만귀세들 본편\n\n썸네일 오쿠징크\n\n매주 즐거운 귀칼리뷰 영상 정기 업로드\n\n문의/광고/협찬 ask.endevor@gmail.com (광고주님들 똑바로 모시겠습니다)\n\n#귀멸의칼날​2기 #만귀세들 #환락의거리편\n#유곽편 #넷플릭스추천 #귀칼2기 #귀멸2기\n#메타버스",
        "thumbnail": "https://i.ytimg.com/vi/lxE1G1Rwsh8/mqdefault.jpg",
        "youtubeVideoId": "lxE1G1Rwsh8",
        "uploadedDate": "2022-01-15T00:09:55Z",
        "viewCount": 20769,
        "isCommercial": "False"
    }
]