[
    {
        "id": "78804e9b-9642-404f-af08-adf29d88ba46",
        "title": "티라노사우루스 30년전에 널 보았어. 마텔 쥬라기월드 해먼드 컬렉션 리뷰",
        "description": "00:00 인트로 \n02:05 패키지 리뷰\n03:00 티라노사우루스 언박싱\n05:26 쥬라기파크 명장면\n06:26 쥬라기파크 게이트 언박싱\n\n약 30년전 1993년도에 개봉했던 쥬라기파크 영화속 티렉스를 다시 만나봤습니다.\n#히히튜브",
        "thumbnail": "https://i.ytimg.com/vi/a-e_MG6xazs/mqdefault.jpg",
        "youtubeVideoId": "a-e_MG6xazs",
        "uploadedDate": "2022-10-29T23:49:17Z",
        "viewCount": 25394,
        "isCommercial": "False"
    },
    {
        "id": "9f7b76e3-6be9-47ad-9c60-065950419766",
        "title": "인도랩터 캡슐뽑기로 나왔음ㅋ 새로나온 쥬라기월드 모사사우루스, 티렉스 미니피규어 리뷰",
        "description": "00:00 인트로\n02:13 리뷰 시작\n02:34 모사사우루스\n04:16 인도랩터\n04:50 티라노사우루스\n05:50 프테라노돈\n06:58 브라키오사우루스\n07:32 벨로시랩터\n07:51 알로사우루스\n\n정말로 특이한 쥬라기월드 캡슐뽑기 입니다. 영화 속 그 장면을 그대로 묘사했어요.\n#히히튜브",
        "thumbnail": "https://i.ytimg.com/vi/Vy7NzE0-ahA/mqdefault.jpg",
        "youtubeVideoId": "Vy7NzE0-ahA",
        "uploadedDate": "2022-10-26T10:41:33Z",
        "viewCount": 8411,
        "isCommercial": "False"
    },
    {
        "id": "7c1c2488-81fc-4be1-a7b5-fe285e513105",
        "title": "이 세상에서 가장 큰 마텔 쥬라기월드 도미니언 드레드노투스 공룡 AR영상 만들기.",
        "description": "00:00 인트로\n02:01 공룡 패키지 리뷰\n02:38 언박싱\n03:33 조립하기\n04:14 사이즈 비교(브라키오사우루스,아파토사우루스)\n05:26 쥬라기월드 팩트 앱\n06:40 실험영상\n\n쥬라기월드 도미니언 영화속에 등장하고 에볼루션2 게임속에서도 구현된 용각류 초식공룡 입니다.\n지금까지 나온 마텔 공룡 장난감 중에서 가장 큰 사이즈입니다.\n#히히튜브",
        "thumbnail": "https://i.ytimg.com/vi/fQIFFwgecao/mqdefault.jpg",
        "youtubeVideoId": "fQIFFwgecao",
        "uploadedDate": "2022-10-22T00:48:19Z",
        "viewCount": 21173,
        "isCommercial": "False"
    },
    {
        "id": "eeabf04e-0a45-4c23-be31-f6f1cee14663",
        "title": "쥬라기월드 도미니언 에픽 배틀팩 언박싱하기. 티라노사우루스 기가노토사우루스 테리지노사우루스 3종세트",
        "description": "00:00 인트로\n01:16 언박싱\n02:33 기가노토사우루스\n03:43 쥬라기월드 팩트 앱\n05:16 테리지노사우루스, 티라노사우루스\n\n쥬라기공원 1탄부터 출연했던 고식물학자 새틀러 박사님께 미안한 영상;;\n#히히튜브",
        "thumbnail": "https://i.ytimg.com/vi/nW8DoH3CMRs/mqdefault.jpg",
        "youtubeVideoId": "nW8DoH3CMRs",
        "uploadedDate": "2022-10-19T07:33:53Z",
        "viewCount": 11097,
        "isCommercial": "False"
    },
    {
        "id": "faebd99e-4384-4aca-bb5c-9aadd330dfb8",
        "title": "이상한 공룡 캡슐뽑기? 티라노사우루스 화석부터 멸종동물까지 다 모았다.",
        "description": "00:00 인트로\n01:30 쥬라기월드 캡슐\n02:03 벨로시랩터 블루\n03:06 나수토케라톱스\n03:56 베이비 블루\n04:39 알로사우루스\n05:14 공룡캔 캡슐\n05:32 트리케라톱스\n06:18 스테고사우루스\n06:48 티라노사우루스\n07:49 멸종동물들의 비밀\n08:36 매머드\n09:31 스밀로돈(검치호)\n10:24 자이언트 모아\n11:24 빙하시대 매머드\n12:00 공룡의 후예\n12:40 슈빌\n\n#히히튜브",
        "thumbnail": "https://i.ytimg.com/vi/0bivR0y0JBk/mqdefault.jpg",
        "youtubeVideoId": "0bivR0y0JBk",
        "uploadedDate": "2022-10-15T22:23:07Z",
        "viewCount": 9874,
        "isCommercial": "False"
    },
    {
        "id": "32772ada-41bf-4a56-8c70-651595654cd1",
        "title": "공룡알 깨기 2탄. 쥬라기월드 도미니언 메가 에그 서프라이즈",
        "description": "엄청 큰 공룡알 랜덤뽑기 제품리뷰입니다. 미니 공룡피규어 3마리 들어있음\n00:00 인트로\n01:27 패키지 리뷰\n02:35 공룡 스티커\n03:19 컬렉터 가이드\n04:19 안킬로사우루스\n05:05 바리오닉스\n06:10 테리지노사우루스\n07:43 스피노사우루스\n\n#히히튜브",
        "thumbnail": "https://i.ytimg.com/vi/u1ZomE9ynvI/mqdefault.jpg",
        "youtubeVideoId": "u1ZomE9ynvI",
        "uploadedDate": "2022-09-10T21:59:37Z",
        "viewCount": 15060,
        "isCommercial": "False"
    },
    {
        "id": "2a5be68c-7c55-41c1-ad25-073ecd096e35",
        "title": "쥬라기월드 도미니언 파이로랩터 신제품 공룡리뷰. 한국에도 출시됩니다.",
        "description": "마텔 쥬라기월드 공룡피규어 리뷰입니다. 백악기 시대에 유럽에서 서식했던 육식공룡\n00:00 인트로\n01:43 패키징 리뷰\n02:37 언박싱\n04:15 와일드 모드\n04:50 트레이닝 모드\n05:23 히든 기능\n06:13 플레이 모드\n06:58 고난이도 도전\n\n#히히튜브",
        "thumbnail": "https://i.ytimg.com/vi/W8Y-Vs4qics/mqdefault.jpg",
        "youtubeVideoId": "W8Y-Vs4qics",
        "uploadedDate": "2022-09-08T08:09:04Z",
        "viewCount": 8935,
        "isCommercial": "False"
    },
    {
        "id": "81cc7829-f8b9-479c-b389-f19be52716d1",
        "title": "2천원짜리 특이한 쥬라기월드 미니 공룡피규어 랜덤뽑기",
        "description": "세상에서 가장 작은 쥬라기월드 x 츄파춥스 콜라보 랜덤 캡슐뽑기입니다. 티라노사우루스,모사사우루스,블루 3개가 가장 마음에 드는데 12개 모두 뽑아봤습니다. \n00:00 인트로\n01:36 패키지 리뷰\n02:34 브라키오사우루스\n03:48 벨로시랩터 블루\n04:48 사탕 먹방\n05:18 모사사우루스\n06:15 입벌린 스테고사우루스\n06:58 입벌린 모사사우루스\n07:52 트리케라톱스\n08:24 티라노사우루스\n09:34 입벌린 블루\n10:11 스테고사우루스\n10:33 스티기몰로크\n11:28 전체모음\n\n#히히튜브",
        "thumbnail": "https://i.ytimg.com/vi/OvmuXjNt0Oo/mqdefault.jpg",
        "youtubeVideoId": "OvmuXjNt0Oo",
        "uploadedDate": "2022-09-01T04:57:15Z",
        "viewCount": 8167,
        "isCommercial": "False"
    },
    {
        "id": "65a72243-ded5-4828-8573-7b3cc4be49dd",
        "title": "쥬라기월드 공룡화석 초콜릿 발굴했습니다",
        "description": "gs25편의점에서 쥬라기월드 콜라보 제품으로 나온 공룡 초콜릿 입니다.\n2만개 한정판이고 가격은 2만원이라고 하네요^^\n00:00 인트로\n01:31 패키지 리뷰\n02:16 트리케라톱스\n04:43 스테고사우루스\n06:21 티라노사우루스\n\n#히히튜브",
        "thumbnail": "https://i.ytimg.com/vi/dk-eNN-QBoI/mqdefault.jpg",
        "youtubeVideoId": "dk-eNN-QBoI",
        "uploadedDate": "2022-08-02T10:11:46Z",
        "viewCount": 76647,
        "isCommercial": "True"
    },
    {
        "id": "68e59cc7-c6ff-4b8e-86b9-9e067780b243",
        "title": "공룡 냉장고 한국에서 만들다. 쥬라기월드 꼬모냉장고 리뷰",
        "description": "쥬라기월드 콜라보 제품인 꼬모냉장고, 한국에서 만들었습니다.\n00:00 인트로 \n02:24 언박싱\n03:25 외형리뷰\n04:54 냉장고 용량\n05:20 스피커\n06:00 uv살균\n제품링크 : https://ccomo.kr/\n\n#히히튜브",
        "thumbnail": "https://i.ytimg.com/vi/45DuVXOKrvk/mqdefault.jpg",
        "youtubeVideoId": "45DuVXOKrvk",
        "uploadedDate": "2022-07-29T23:24:55Z",
        "viewCount": 43432,
        "isCommercial": "True"
    },
    {
        "id": "c84b32b1-fd20-4e3b-a798-038d94b38979",
        "title": "딜로포사우루스 만들기? 마텔 쥬라기월드 도미니언 미니공룡 2마리 리뷰",
        "description": "마텔에서 나온 쥬라기월드 도미니언 클레어&딜로포사우루스 공룡피규어와 오웬&베타 제품 리뷰하기\n00:00 인트로\n02:05 딜로포사우루스\n04:39 쥬라기월드 팩트앱\n06:14 클레어\n06:39 벨로시랩터 베타\n07:51 공룡AR\n09:27 주인공 오웬\n\n#히히튜브",
        "thumbnail": "https://i.ytimg.com/vi/BCUIISWPmTw/mqdefault.jpg",
        "youtubeVideoId": "BCUIISWPmTw",
        "uploadedDate": "2022-07-15T10:01:04Z",
        "viewCount": 14041,
        "isCommercial": "False"
    },
    {
        "id": "2a2a046d-64fd-43b3-9223-0a97fa2791b1",
        "title": "기가노토사우루스 미니 공룡피규어 나옴ㅋ 타카라토미 쥬라기월드 도미니언",
        "description": "아카데미과학에서 국내 출시한 쥬라기월드 도미니언 미니공룡 리뷰\n00:00 인트로\n01:48 티라노사우루스\n02:54 벨로시랩터 블루\n03:57 피토랍토르\n04:45 아기공룡 베타\n05:49 테리지노사우루스\n06:28 기가노토사우루스\n07:21 아트로시랩터\n08:53 파라사우롤로푸스\n09:29 스노우버전 블루\n10:04 케찰코아틀루스\n10:37 디메트로돈\n\n#아카데미과학 #타카라토미 #쥬라기월드도미니언",
        "thumbnail": "https://i.ytimg.com/vi/a2zNVKQd6QQ/mqdefault.jpg",
        "youtubeVideoId": "a2zNVKQd6QQ",
        "uploadedDate": "2022-06-25T01:36:03Z",
        "viewCount": 21424,
        "isCommercial": "False"
    },
    {
        "id": "5dcd1184-defe-4f4f-ad4b-5b92c3996dc1",
        "title": "쥬라기월드 도미니언 슈퍼콜로설 티라노사우루스 공룡과 사진찍는 방법",
        "description": "마텔공룡 슈퍼콜로설 티렉스 그리고 중짜 2마리 꿀잼 리뷰입니다. 쥬라기월드 팩트앱을 통해서 ar 사진 동영상 모드로 플레이 해보세요 신기합니다.\n00:00 인트로\n01:50 슈퍼콜로설 티렉스\n05:22 AR 티라노사우루스\n06:54 공룡 AR\n07:42 길거리에서 증강현실\n\n#히히튜브",
        "thumbnail": "https://i.ytimg.com/vi/T6A2rDttJmQ/mqdefault.jpg",
        "youtubeVideoId": "T6A2rDttJmQ",
        "uploadedDate": "2022-06-18T09:16:19Z",
        "viewCount": 19300,
        "isCommercial": "False"
    },
    {
        "id": "939fa243-fc22-40c3-960a-e6c5deb9c504",
        "title": "공룡피자 먹고 띠부띠부씰 모음ㅋ 미스터피자 쥬라기 맥앤치즈 먹방",
        "description": "쥬라기월드 도미니언 영화가 개봉하면서 콜라보 공룡피자 나왔습니다. 미스터피자 맥앤치즈 텀블러세트인데 공룡 블루 티라노사우루스 그리고 공룡뿔 텀블러까지 굿즈가 맘에 드네요. 요즘 핫한 띠부띠부씰 포함되어 있음\n00:00 인트로\n02:10 피자 구성품(스티커,띠부띠부씰)\n03:35 공룡도감\n04:51 피자도둑 블루\n05:03 공룡 텀블러 3종세트\n08:22 asmr 먹방(죄송)\n\n피자주문 여기 : https://bit.ly/3z4sqkJ",
        "thumbnail": "https://i.ytimg.com/vi/rnUxdESldrA/mqdefault.jpg",
        "youtubeVideoId": "rnUxdESldrA",
        "uploadedDate": "2022-06-03T23:56:33Z",
        "viewCount": 162397,
        "isCommercial": "True"
    },
    {
        "id": "23782679-ef1e-41dd-baf5-b3e062c74e2c",
        "title": "테리지노사우루스 진짜같은 AR 만들기! 쥬라기월드 도미니언 아기공룡 4마리 리뷰",
        "description": "쥬라기월드 도미니언 팩트앱을 통해서 테리지노사우루스 증강현실로 만들수 있습니다. 새로운 베이지시리즈 4마리(딜로포사우루스,베타,아트로시랩터,벨로시랩터) 꿀잼리뷰\n00:00 인트로\n01:08 테리지노사우루스\n02:09 쥬라기월드 팩트앱\n04:24 예고편 따라하기\n04:52 벨로시랩터 베타\n06:55 딜로포사우루스\n08:03 아트로시랩터\n\n#히히튜브",
        "thumbnail": "https://i.ytimg.com/vi/1L96WzKkRNI/mqdefault.jpg",
        "youtubeVideoId": "1L96WzKkRNI",
        "uploadedDate": "2022-05-28T08:52:40Z",
        "viewCount": 7449,
        "isCommercial": "False"
    },
    {
        "id": "f5bb17ad-f177-4ae5-8d5f-950acbe14182",
        "title": "기가노토사우루스 vs 테리지노사우루스 공격. 쥬라기월드 도미니언 레고 스톱모션 만들기",
        "description": "쥬라기월드 도미니언 레고 76949 리뷰입니다. 공룡 외 오웬,클레어,그랜트,새틀러,헨리 우,카일라 인물피규어 포함되어 있습니다.\n00:00 인트로\n01:48 레고 언박싱\n03:23 기가노토사우루스\n03:39 테리지노사우루스\n04:25 스톱모션 조립\n06:37 조립완성 리뷰시작\n08:31 인물피규어",
        "thumbnail": "https://i.ytimg.com/vi/BIcc9ZRHZ58/mqdefault.jpg",
        "youtubeVideoId": "BIcc9ZRHZ58",
        "uploadedDate": "2022-05-10T05:18:51Z",
        "viewCount": 16593,
        "isCommercial": "False"
    },
    {
        "id": "adda3872-8c45-47a1-9110-c255f862ee1e",
        "title": "한국에 열린 쥬라기월드 도미니언 팝업스토어 방문하기",
        "description": "실제 크기의 공룡이 전시된 쥬라기월드 도미니언 팝업스토어에 방문했습니다.5월15일(연장)까지 위치는 서울 여의도 현대백화점 5층에서 전시하고 있으며 다양한 포토존과 장난감 마트, 기념품도 챙길수 있습니다. 재밌는 이벤트는 영상을 참고해 주세요\n\n00:00 인트로\n01:16 입장하기\n02:20 벨로시랩터 블루 베타\n04:09 팝업스토어\n05:42 기념품 받기\n06:01 쥬라기월드 도미니언 레고\n06:40 사진찍기\n\n#더현대_쥬라기월드 #블루베타_인증샷 #쥬라기월드도미니언",
        "thumbnail": "https://i.ytimg.com/vi/Ffn4ZLAYNec/mqdefault.jpg",
        "youtubeVideoId": "Ffn4ZLAYNec",
        "uploadedDate": "2022-05-03T09:00:15Z",
        "viewCount": 13814,
        "isCommercial": "False"
    },
    {
        "id": "4c19c575-f708-43b5-9a39-b587b19269ee",
        "title": "티렉스 잡는 쥬라기월드 도미니언 슈퍼콜로설 기가노토사우루스 리뷰",
        "description": "엄청 큰 마텔공룡 기가노토사우루스 언박싱입니다. 미니트럭 블라인드백(알로사우루스,카르노타우루스)제품도 같이 리뷰했어요\n\n#히히튜브",
        "thumbnail": "https://i.ytimg.com/vi/0jzQcZ-_PSg/mqdefault.jpg",
        "youtubeVideoId": "0jzQcZ-_PSg",
        "uploadedDate": "2022-04-28T08:39:50Z",
        "viewCount": 18066,
        "isCommercial": "False"
    },
    {
        "id": "9de03c2c-6e89-408a-9e35-9034fbf64036",
        "title": "1m짜리 쥬라기월드 도미니언 아트로키랍토르 언박싱하기",
        "description": "마텔 쥬라기월드 도미니언 슈퍼 콜로설 아트로키랍토르 공룡피규어 리뷰입니다. 미니공룡 멀티팩 20마리도 같이 언박싱함\n\n#히히튜브",
        "thumbnail": "https://i.ytimg.com/vi/RLw6lTbcmmw/mqdefault.jpg",
        "youtubeVideoId": "RLw6lTbcmmw",
        "uploadedDate": "2022-04-20T10:11:57Z",
        "viewCount": 25883,
        "isCommercial": "False"
    },
    {
        "id": "7b162208-c680-4bb6-8677-ca350f1d2f3f",
        "title": "국내 출시되는 쥬라기월드 도미니언 마텔공룡 전체제품 뽀개기",
        "description": "국내최초로 공개하는 쥬라기월드 도미니언 영화 속 공룡 마텔 시리즈 선리뷰\n00:00 인트로\n01:52 슈퍼콜로설 기가노토사우루스 티라노사우루스 아트로시랩터\n02:27 테리지노사우루스\n02:47 안킬로사우루스 트리케라톱스 외\n03:18 케찰코아툴루스 앙추아노사우루스\n03:42 블라인드팩\n04:14 언케이지드 베이비(베타,딜로포사우루스)\n04:40 클릭 트래커 시리즈(아트로시랩터)\n04:57 플레이세트(오웬,클레어,트럭)\n05:42 디메트로돈 코엘룰루스 외\n06:13 존 해먼드 컬렉션(바리오닉스, 파라사울로로푸스)\n06:42 레거시 컬렉션\n06:58 파키케팔로사우루스\n07:10 카르카로돈토사우루스 펜타케라톱스\n\n#히히튜브",
        "thumbnail": "https://i.ytimg.com/vi/HeY-dFKan1M/mqdefault.jpg",
        "youtubeVideoId": "HeY-dFKan1M",
        "uploadedDate": "2022-04-19T11:55:36Z",
        "viewCount": 21024,
        "isCommercial": "False"
    },
    {
        "id": "f276669c-8295-48bd-8552-826624661ca1",
        "title": "혼종공룡 끝판왕 쥬라기월드 인도미누스 샀어요",
        "description": "프라임1스튜디오 쥬라기월드 인도미누스 렉스 공룡피규어 리뷰입니다.\n영화 속 하이브리드 공룡과 안킬로사우루스 초식공룡 베이스까지 대단히 멋지네요. 소장각\n\n#히히튜브",
        "thumbnail": "https://i.ytimg.com/vi/8pPSp2PGU5Q/mqdefault.jpg",
        "youtubeVideoId": "8pPSp2PGU5Q",
        "uploadedDate": "2022-04-19T11:55:36Z",
        "viewCount": 37979,
        "isCommercial": "False"
    },
    {
        "id": "2ffedd95-bd03-4214-add7-447ce99deec6",
        "title": "다리아픈 아기 티라노사우루스 그리고 쥬라기월드 엠버컬렉션 꿀잼리뷰",
        "description": "쥬라기월드 도미니언 개봉하기 전에 빠르게 털고가는 마텔 공룡피규어\n00:00 인트로\n02:40 티라노사우루스 아기\n05:20 벨로시랩터\n07:22 프테라노돈\n09:16 디모르포돈\n\n#히히튜브",
        "thumbnail": "https://i.ytimg.com/vi/dJUDbIIZz6M/mqdefault.jpg",
        "youtubeVideoId": "dJUDbIIZz6M",
        "uploadedDate": "2022-04-19T11:55:36Z",
        "viewCount": 14562,
        "isCommercial": "False"
    },
    {
        "id": "26b6d010-05c7-45b7-b0f1-320af2ea8e06",
        "title": "엄청 큰 쥬라기월드 공룡알 깨기",
        "description": "쥬라기월드 도미니언이 개봉하기 전 많은 장난감이 출시되고 있습니다\n오늘은 영화속 인트로 장면에서 보았던 공룡알에서 부화하고 있는 모습의 랜덤피규어 뽑기 제품입니다\n\n#히히튜브",
        "thumbnail": "https://i.ytimg.com/vi/ePv9QOeIcac/mqdefault.jpg",
        "youtubeVideoId": "ePv9QOeIcac",
        "uploadedDate": "2022-04-19T11:55:36Z",
        "viewCount": 21622,
        "isCommercial": "False"
    },
    {
        "id": "2cdff8a7-d639-47ad-844a-765a37aebf32",
        "title": "공룡 햄버거 먹기ㅋㅋ 쥬라기월드 해피밀(마지막 반전주의)",
        "description": "티렉스 포함해 총 8종류 쥬라기월드 백악기 캠프 종이공룡 모두 만들었습니다\n00:00 인트로\n01:42 티라노사우루스\n03:56 스테고사우루스\n05:55 파라사우롤로푸스\n07:45 트리케라톱스\n09:03 마지막 반전 한입만\n\n#히히튜브",
        "thumbnail": "https://i.ytimg.com/vi/BFlZ8y4BRGk/mqdefault.jpg",
        "youtubeVideoId": "BFlZ8y4BRGk",
        "uploadedDate": "2022-04-19T11:55:36Z",
        "viewCount": 14007,
        "isCommercial": "False"
    },
    {
        "id": "617a8c6f-8045-413c-8b74-13b1f33951e0",
        "title": "맥도날드 해피밀 쥬라기월드 종이공룡으로 만들기",
        "description": "한국에서 2022년 쥬라기월드 백악기 캠프 공룡 종이카드 세트가 나왔습니다.\n00:00 인트로\n01:52 안킬로사우루스 범피\n04:04 브라키오사우루스\n05:40 프테라노돈 익룡\n06:51 벨로시랩터 블루\n\n#히히튜브",
        "thumbnail": "https://i.ytimg.com/vi/QP4PaAiCLp0/mqdefault.jpg",
        "youtubeVideoId": "QP4PaAiCLp0",
        "uploadedDate": "2022-04-19T11:55:36Z",
        "viewCount": 11510,
        "isCommercial": "False"
    },
    {
        "id": "3bceca1f-158c-47dd-b20e-071fdabd9465",
        "title": "105cm 쥬라기월드 아파토사우루스 브라키오사우루스 차이점 비교하기",
        "description": "쥬라기월드 2번째로 나온 레거시 컬렉션 초식공룡 피규어입니다. 1번째 브라키오사우스 제품과 비교해서 리뷰했습니다.\n\n#히히튜브",
        "thumbnail": "https://i.ytimg.com/vi/G-neMiquI_8/mqdefault.jpg",
        "youtubeVideoId": "G-neMiquI_8",
        "uploadedDate": "2022-04-19T11:55:36Z",
        "viewCount": 15986,
        "isCommercial": "False"
    },
    {
        "id": "ecff3d1a-746e-4507-a48b-a41c4a65c010",
        "title": "1m짜리 쥬라기월드 슈퍼콜로설 카르노타우루스 크기 비교하기 | 히히튜브",
        "description": "가장 큰 카르노타우루스 공룡 피규어입니다. 쥬라기월드 백악기캠프 넷플릭스에서 나온 2가지 신제품(5개월전;;) 리뷰입니다.\njurassic world camp cretaceous super colossal carnotaurus 'toro' review\n\n#히히튜브",
        "thumbnail": "https://i.ytimg.com/vi/H03X_q95aOk/mqdefault.jpg",
        "youtubeVideoId": "H03X_q95aOk",
        "uploadedDate": "2022-04-19T11:55:36Z",
        "viewCount": 89098,
        "isCommercial": "False"
    },
    {
        "id": "2e57b22d-1bc7-4391-a226-29270e97544f",
        "title": "쥬라기월드 브라키오사우루스 공룡 귀엽다 7종 리뷰 mattel jurassic world dino escape review",
        "description": "쥬라기월드 백악기 캠프 시즌4 넷플릭스 방영하면서 새로운 마텔 공룡 피규어가 나왔습니다. mattel jurassic world camp cretaceous dino escape review\n00:00 인트로 intro\n01:40 바리오닉스 Baryonyx \n04:15 알로사우루스 Allosaurus \n06:05 브라키오사우루스 Brachiosaurus\n07:51 오우라노사우루스 Ouranosaurus\n09:28 안킬로사우루스 Ankylosaurus\n11:00 딜로포사우루스 Dilophosaurus\n11:56 치아링고사우르스 Chialingosaurus\n\n#히히튜브",
        "thumbnail": "https://i.ytimg.com/vi/RRTZhwtnl2Y/mqdefault.jpg",
        "youtubeVideoId": "RRTZhwtnl2Y",
        "uploadedDate": "2022-04-19T11:55:36Z",
        "viewCount": 9202,
        "isCommercial": "False"
    },
    {
        "id": "e758168f-a5aa-40eb-b5fa-1e96dafd6475",
        "title": "혼종공룡 스콜피오스 렉스 리뷰 - 쥬라기월드 백악기캠프 scorpios rex review",
        "description": "마텔 공룡탈출 쥬라기월드 백악기 캠프에서 스콜피오스 렉스 혼종공룡 피규어가 나왔습니다. 넷플릭스 시즌3에서 나온 하이브리드 공룡인데 인도미누스, 인도랩터 이어서 3번째 혼종입니다.\nmattel jurassic world scorpios rex unboxing review\n\n#히히튜브 heeheetube 구독 : https://goo.gl/s688oP",
        "thumbnail": "https://i.ytimg.com/vi/7Nu6MPDPZBM/mqdefault.jpg",
        "youtubeVideoId": "7Nu6MPDPZBM",
        "uploadedDate": "2022-04-19T11:55:36Z",
        "viewCount": 21596,
        "isCommercial": "False"
    },
    {
        "id": "30203217-ce75-4c06-9f36-f43ad051e74d",
        "title": "쥬라기월드 4 딱딱이 공룡 리뷰 jurassic world Dimorphodon Stegosaurus snap squad review",
        "description": "디모르포돈(Dimorphodon) 스테고사우루스(Stegosaurus) 벨로시랩터(Velociraptor) 티라노사우루스(t-rex) 마텔 공룡 쥬라기월드 시리즈 리뷰입니다. 스냅스쿼드 딱딱이 공룡이 새로 나왔습니다\nmattel toys - jurassic world dinosaur snap squad review\n\n#히히튜브 heeheetube 구독 : https://goo.gl/s688oP",
        "thumbnail": "https://i.ytimg.com/vi/14NGzm4qOdo/mqdefault.jpg",
        "youtubeVideoId": "14NGzm4qOdo",
        "uploadedDate": "2022-04-19T11:55:36Z",
        "viewCount": 70225,
        "isCommercial": "False"
    },
    {
        "id": "c5919b9c-27e6-4a46-8693-5e33845508bc",
        "title": "쥬라기월드 3공룡 리뷰ㅋ jurassic world unboxing",
        "description": "마텔에서 나온 쥬라기월드 백악기 캠프 신제품 스냅스쿼드 3마리 공룡 리뷰했습니다. 바리오닉스, 스피노사우루스, 트리케라톱스 중에서 한마리만 공룡눈 업그레이드 해줌ㅋㅋ \n\njurassic world camp cretaceous unboxing (Baryonyx, Spinosaurus, Triceratops)\n\n#히히튜브 구독 : https://goo.gl/s688oP",
        "thumbnail": "https://i.ytimg.com/vi/7jI6TA4Gvow/mqdefault.jpg",
        "youtubeVideoId": "7jI6TA4Gvow",
        "uploadedDate": "2022-04-19T11:55:36Z",
        "viewCount": 10865,
        "isCommercial": "False"
    },
    {
        "id": "707a14a3-d414-4946-a944-ebeb0c15bf22",
        "title": "탈출하는 티라노사우루스vs스피노사우루스 공룡리뷰ㅋㅋ Jurassic World escape t-rex vs spinosaurus review",
        "description": "우리 공룡은 안물어요. 입마개하는 쥬라기월드 티라노사우루스 그리고 스피노사우루스 마텔공룡 리뷰입니다.\nnew jurassic world camp cretaceous escape Tyrannosaurus and Spinosaurus review.\n\n#히히튜브 구독 : https://goo.gl/s688oP",
        "thumbnail": "https://i.ytimg.com/vi/d79aWdSSqfs/mqdefault.jpg",
        "youtubeVideoId": "d79aWdSSqfs",
        "uploadedDate": "2022-04-19T11:55:36Z",
        "viewCount": 296102,
        "isCommercial": "False"
    },
    {
        "id": "63709fa8-ec12-482f-9c63-bae310e91108",
        "title": "본심남개 스피노사우루스 그리고 마텔공룡 spinosaurus | 히히튜브",
        "description": "쥬라기공원3 영화에 나왔던 스피노사우루스 본따만든 본심남개 공룡 피규어 리뷰와 마텔공룡 스피노까지 같이 살펴볼게요. \njurassic park spinosaurus dinosaurus figure review\n\n#히히튜브 구독 : https://goo.gl/s688oP",
        "thumbnail": "https://i.ytimg.com/vi/75XqeTpI-aI/mqdefault.jpg",
        "youtubeVideoId": "75XqeTpI-aI",
        "uploadedDate": "2022-04-19T11:55:36Z",
        "viewCount": 346669,
        "isCommercial": "False"
    },
    {
        "id": "c001820b-9c58-4cf0-8be5-6400b306e4fd",
        "title": "온도에 변하는 공룡컵..쥬라기공원 x 커피 굿즈 | 히히튜브",
        "description": "깜짝 놀랄만한 쥬라기공원 콜라보(맥심x유니버설)입니다. 쥬라기월드 특별전에서 못 구했던 빨간색 로고 머그컵을 커피사니깐 같이 따라옴ㅋㅋㅋ 부모님도 좋고 나도 좋을 굿 아이템을 소개합니다. 빨간색 티라노사우루스 로고가 너무 멋있음\nlimited jurassic park goods edition\n\n#히히튜브 구독 : https://goo.gl/s688oP",
        "thumbnail": "https://i.ytimg.com/vi/saFi6klcJZM/mqdefault.jpg",
        "youtubeVideoId": "saFi6klcJZM",
        "uploadedDate": "2022-04-19T11:55:36Z",
        "viewCount": 42684,
        "isCommercial": "False"
    },
    {
        "id": "f500b7f6-aed4-4b8f-8fc2-36febbdbea62",
        "title": "공룡선물? 마텔 딜로포사우루스 꿀잼 리뷰 그리고 인도미누스 좀 찾아가요ㅠㅠ | 히히튜브",
        "description": "마텔 쥬라기월드 amber collection 시리즈에서 나온 딜로포사우루스(볏이 두개 달린 도마뱀) 공룡 피규어, 액션피규어 꿀잼 리뷰입니다. 그리고 영상내 리보 공룡 티라노사우루스,코모도 도마뱀, 인도미누스 2개 준비했습니다. 친구들 덕분입니다.ㅎㅎ\n\n#히히튜브 구독 : https://goo.gl/s688oP",
        "thumbnail": "https://i.ytimg.com/vi/ljy7OgEsrII/mqdefault.jpg",
        "youtubeVideoId": "ljy7OgEsrII",
        "uploadedDate": "2022-04-19T11:55:36Z",
        "viewCount": 261344,
        "isCommercial": "False"
    },
    {
        "id": "a9f66ee6-dcc2-4d6f-bd40-604e00833ca5",
        "title": "딱딱이 공룡 쥬라기월드 스냅스쿼드 5탄 리뷰에요ㅋㅋ 마텔 스티기몰로크 파라사우롤로푸스 | 히히튜브",
        "description": "쥬라기월드 백악기 어드벤처에 맞춰서 스냅스쿼드 5탄 마텔 공룡 장난감이 나왔습니다. 이번에는 파라사우롤로푸스 그리고 스티기몰로크 공룡시리즈입니다.\n\n#히히튜브 구독 : https://goo.gl/s688oP",
        "thumbnail": "https://i.ytimg.com/vi/pEsxxBLp3Ro/mqdefault.jpg",
        "youtubeVideoId": "pEsxxBLp3Ro",
        "uploadedDate": "2022-04-19T11:55:36Z",
        "viewCount": 311997,
        "isCommercial": "False"
    },
    {
        "id": "bc2ad438-e180-41f3-8096-7aeffcba3231",
        "title": "햄버거 먹으러갔다 공룡알 4개 데려옴 | 히히튜브",
        "description": "맥도날드 해피밀 먹으러가니 쥬라기월드 백악기 어드벤처 시리즈 공룡알 장난감을 주네요. 그래서 4개 모두 모아왔습니다. 티라노사우루스,인도미누스,안킬로사우루스,트리케라톱스 리뷰\n\n#히히튜브 구독 : https://goo.gl/s688oP",
        "thumbnail": "https://i.ytimg.com/vi/wkNKzZRY3fc/mqdefault.jpg",
        "youtubeVideoId": "wkNKzZRY3fc",
        "uploadedDate": "2022-04-19T11:55:36Z",
        "viewCount": 347381,
        "isCommercial": "False"
    },
    {
        "id": "a417267f-6996-4f07-92de-c24585a3dea7",
        "title": "조립하다 쓰러질뻔ㅋㅋㅋ 레고 쥬라기월드 인도미누스 스톱모션으로 만들기 | 히히튜브",
        "description": "스톱모션으로 쥬라기월드 인도미누스 레고 조립영상 찍어봤습니다.\n귀여운 안킬로사우루스까지 자세한 리뷰는 다음번에 할게요.\nlego jurassic world indominus stop motion\n\n#히히튜브 구독 : https://goo.gl/s688oP",
        "thumbnail": "https://i.ytimg.com/vi/D65X5ydzXBE/mqdefault.jpg",
        "youtubeVideoId": "D65X5ydzXBE",
        "uploadedDate": "2022-04-19T11:55:36Z",
        "viewCount": 161000,
        "isCommercial": "False"
    },
    {
        "id": "f41c2f1c-6bda-48c9-96c1-ec8c4a2e69c3",
        "title": "블링블링한 쥬라기월드 백악기 어드벤처 안킬로사우루스 트리케라톱스 스냅스쿼드 리뷰ㅋㅋㅋ | 히히튜브",
        "description": "최애템 쥬라기월드 백악기 어드벤처 스냅스쿼드 피규어가 나왔습니다.\n흔히 딱딱이 공룡이라고 하는데 안킬로사우루스 그리고 트리케라톱스 꿀잼 리뷰 시작합니다. 맨뒤에 인도랩터 포도먹방 주의ㅋㅋㅋ\n \n#히히튜브 구독 : https://goo.gl/s688oP",
        "thumbnail": "https://i.ytimg.com/vi/TEvCEXnAJsU/mqdefault.jpg",
        "youtubeVideoId": "TEvCEXnAJsU",
        "uploadedDate": "2022-04-19T11:55:36Z",
        "viewCount": 309855,
        "isCommercial": "False"
    },
    {
        "id": "83f4876d-c1ce-4766-b7e8-6ba47605a789",
        "title": "1m짜리 쥬라기월드 인도미누스 슈퍼 콜로설 진짜 크다. 백악기 캠프 관련 신제품 리뷰포함 | 히히튜브",
        "description": "인도미누스 피규어 중에서 가장 큽니다. 쥬라기월드 슈퍼 콜로설 그리고 광란의 먹이주기 시리즈까지 신제품 2개 리뷰했습니다. 쥬라기월드 캠프 어드벤쳐라는 새로운 애니메이션 시리즈 나오면서 같이 나온 제품이네요.\njurassic world camp cretaceous super colossal indominus rex\n\n#히히튜브 구독 : https://goo.gl/s688oP",
        "thumbnail": "https://i.ytimg.com/vi/ma69xoyIIA4/mqdefault.jpg",
        "youtubeVideoId": "ma69xoyIIA4",
        "uploadedDate": "2022-04-19T11:55:36Z",
        "viewCount": 3773061,
        "isCommercial": "False"
    },
    {
        "id": "0f702f4a-3632-4c08-afa3-12ed7d1000aa",
        "title": "마지막 쥬라기월드 특별전 보고왔어요. last jurassic world exhibition",
        "description": "2020년 8월16일에 전시종료되는 마지막 한국 쥬라기월드 특별전 보고 왔습니다. 언제볼지 모를 인도미누스,티라노사우루스,벨로시랩터 블루 공룡들..\n그래도 다행히 워크북이랑 포스터 받았네요. \n5:34 파키리노사우루스 Pachyrhinosaurus\n7:12 티라노사우루스 t-rex\n10:53 벨로시랩터 블루 Velociraptor\n13:15 인도미누스 indominus\n15:38 기념품샵 souvenir shop\n2020 exhibition of jurassic world was held in Korea.\n\n#히히튜브 구독 : https://goo.gl/s688oP",
        "thumbnail": "https://i.ytimg.com/vi/Mxoq3UXAb7k/mqdefault.jpg",
        "youtubeVideoId": "Mxoq3UXAb7k",
        "uploadedDate": "2022-04-19T11:55:36Z",
        "viewCount": 226223,
        "isCommercial": "False"
    },
    {
        "id": "6aa6db9f-c530-464e-aeca-16d6b691e700",
        "title": "티렉스 끝판왕 그냥 티라노사우루스 전교1등 먹음ㅋㅋ jurassic park t-rex | 히히튜브",
        "description": "아이언스튜디오 쥬라기공원 디오라마 티렉스 공룡피규어 꿀잼 리뷰 시작합니다. 1993년도 이 영화를 보고 큰 충격을 받았는데 이렇게 다시 만나게 되네요.\n내년 쥬라기월드3탄 도미니언때까지 달려보자~더 많은 내용을 담고 싶었지만 2편에서 만날게요 아뵤~ㅋㅋ\niron studio jurassic park t-rex diorama review.\n\n#히히튜브 구독 : https://goo.gl/s688oP",
        "thumbnail": "https://i.ytimg.com/vi/21CvWjTUqhE/mqdefault.jpg",
        "youtubeVideoId": "21CvWjTUqhE",
        "uploadedDate": "2022-04-19T11:55:36Z",
        "viewCount": 1700906,
        "isCommercial": "False"
    },
    {
        "id": "d9ff1206-ffd2-4c5c-9769-79e6836f3dc2",
        "title": "50만원짜리 쥬라기공원 벨로시랩터 디오라마 등장하십니다ㄷㄷㄷ (feat. 점박이) | 히히튜브",
        "description": "쥬라기월드 영화의 조상님이신 쥬라기공원 1탄에 나왔던 명장면 기억하나요?\n주방에 나타난 벨로시랩터 공룡2마리가 초등학생(?)을 사냥하는 그 장면.\n아이언스튜디오에서 디오라마 제품으로 나왔습니다. 깜짝출현으로 우리 점박이 형님도 잠깐 나오심ㅋㅋㅋ\n정식제품명 : 아이언스튜디오 벨로시랩터 인더 키친 iron studio velociraptors in the kitchen\n\n#히히튜브 구독 : https://goo.gl/s688oP",
        "thumbnail": "https://i.ytimg.com/vi/3j0mgWj9zzc/mqdefault.jpg",
        "youtubeVideoId": "3j0mgWj9zzc",
        "uploadedDate": "2022-04-19T11:55:36Z",
        "viewCount": 364020,
        "isCommercial": "False"
    },
    {
        "id": "8e717ed5-e131-4cdf-a718-b4dc5f1b600b",
        "title": "공룡이 카메라를 머리에 쓴 이유ㅋㅋㅋ 쥬라기월드 찰리 꿀잼 리뷰 | 히히튜브",
        "description": "저는 쥬라기월드1 영화를 보고 공룡 머리에 헤드폰 씌워준지 알았어요.\n근데 영화 다시보니 카메라 였군요. 기억이 가물가물.\n오늘은 벨로시랩터 블루의 멋진 동료들, 에코 델타 그리고 찰리 장난감 꿀잼 리뷰 해봤습니다.\n\n#히히튜브 구독 : https://goo.gl/s688oP",
        "thumbnail": "https://i.ytimg.com/vi/Kx5Fl4ObUzQ/mqdefault.jpg",
        "youtubeVideoId": "Kx5Fl4ObUzQ",
        "uploadedDate": "2022-04-19T11:55:36Z",
        "viewCount": 189706,
        "isCommercial": "False"
    },
    {
        "id": "a7cce2d0-4d21-4ee6-9d34-f7ac99cc76f3",
        "title": "500원 다 털림ㅋㅋ 쥬라기월드 아기블루 캡슐뽑기(feat 토이스토리 렉스) | 히히튜브",
        "description": "가챠샵에 갔다가 쥬라기월드 아기블루 공룡피규어 보곤 바로 캡슐뽑기 미션했습니다. 과연 성공했을지~ 알로사우루스, 나수토케라톱스까지. 그리고 토이스토리에 나왔던 렉스 티라노사우루스 친구도 데려옴. 신상 미니 가챠샵 뽑기기계까지 한번 리뷰 했습니다. \n\n#히히튜브 구독 : https://goo.gl/s688oP",
        "thumbnail": "https://i.ytimg.com/vi/EHRgr8Pnq78/mqdefault.jpg",
        "youtubeVideoId": "EHRgr8Pnq78",
        "uploadedDate": "2022-04-19T11:55:36Z",
        "viewCount": 360628,
        "isCommercial": "False"
    },
    {
        "id": "d5dcb497-fa15-4277-8439-ff59c3f06d69",
        "title": "이 세상에서 가장 아픈 모사사우루스 장난감 리뷰ㅋㅋㅋ 쥬라기월드 스냅스쿼드 | 히히튜브",
        "description": "드디어 쥬라기월드 스냅스쿼드 3탄 장난감이 나왔습니다. 그런데 얘네 엄청 아파요.\n뮤즈의 도마뱀이란 뜻의 모사사우루스 피규어 그리고 바리오닉스 마지막으로 딜로포사우루스 공룡까지 모두 꿀잼 리뷰할게요. 영화 따라하기 장면은 심쿵 조심하세요ㅋㅋㅋ\n\n#히히튜브 구독 : https://goo.gl/s688oP",
        "thumbnail": "https://i.ytimg.com/vi/4ZNaAJnMvCk/mqdefault.jpg",
        "youtubeVideoId": "4ZNaAJnMvCk",
        "uploadedDate": "2022-04-19T11:55:36Z",
        "viewCount": 582297,
        "isCommercial": "False"
    },
    {
        "id": "c1f398ac-fd2a-4260-be0b-e59c1177871f",
        "title": "인도랩터는 왜 바다에 갔을까. 공룡먹방 1탄 | 히히튜브",
        "description": "보름달이 뜨는날 서해바다에서 인도랩터 공룡피규어를 끌어안고 먹이를 찾아 어슬렁 거리는 사람을 보신다면 당신은 행운아.\n찍고보니 조금 이상한 장르가 되어버린 공룡먹방 1탄 입니다.\n2탄 찍을수나 있으려나ㅋ\n\n#히히튜브 구독 : https://goo.gl/s688oP",
        "thumbnail": "https://i.ytimg.com/vi/wrby1C2_9I8/mqdefault.jpg",
        "youtubeVideoId": "wrby1C2_9I8",
        "uploadedDate": "2022-04-19T11:55:36Z",
        "viewCount": 464204,
        "isCommercial": "False"
    },
    {
        "id": "58353ed7-f887-4679-96a4-0165f83829dd",
        "title": "쥬라기월드 스톱모션 블루 피규어 꿀잼 리뷰와 병맛 더빙하기 | 히히튜브",
        "description": "영화속 최애캐릭터 쥬라기월드 블루 엠버 컬렉션 공룡피규어가 나왔습니다.\n그래서 꿀잼 리뷰하고 스톱모션 짧게 찍어봤어요. 상황극 병맛더빙까지 했는데 왜 블루 공룡은 우주로 갔을지..그것은 미스테리.\n\n#히히튜브 구독 : https://goo.gl/s688oP",
        "thumbnail": "https://i.ytimg.com/vi/3pR48C--iGs/mqdefault.jpg",
        "youtubeVideoId": "3pR48C--iGs",
        "uploadedDate": "2022-04-19T11:55:36Z",
        "viewCount": 192116,
        "isCommercial": "False"
    },
    {
        "id": "07e9202b-5d94-4fa0-b6e5-1c63993a20d5",
        "title": "3d펜으로 쥬라기월드 더 게임 다코데르마 혼종공룡 만들다. 거북이 등껍질득템한 다코사우루스 변종 DAKODERMA | 히히튜브",
        "description": "두번째로 만들어본 3d펜 공룡 만들기. 주인공은 쥬라기월드 더 게임 다코데르마 만렙(DAKODERMA lvl40) 되겠습니다. 악어 다코사우루스 그리고 거북이같은 프세포데르마 혼종공룡 시리즈입니다. \n\n#히히튜브 구독 : https://goo.gl/s688oP",
        "thumbnail": "https://i.ytimg.com/vi/HfTYSm54qfY/mqdefault.jpg",
        "youtubeVideoId": "HfTYSm54qfY",
        "uploadedDate": "2022-04-19T11:55:36Z",
        "viewCount": 265689,
        "isCommercial": "False"
    },
    {
        "id": "d81cf015-1f6f-4fde-ba7a-17509df6c60a",
        "title": "100만원짜리 인도랩터 피규어 질렀습니다. 쥬라기월드2 폴른킹덤 영화속 그 장면 꿀잼리뷰. prime1studio indoraptor | 히히튜브",
        "description": "프라임원스튜디오에서 나온 인도랩터 꿀잼 리뷰입니다.\n쥬라기월드3 도미니언이 2021년에 개봉한다니 그때도 새로운 피규어 나오겠죠? 이 제품의 정식 명칭은 아래와 같습니다.\nprime1studio indoraptor (jurassic world 2)\n영상 초반에 짧게 dino stopmotion 블루 넣어봄\n\n#히히튜브 구독 : https://goo.gl/s688oP",
        "thumbnail": "https://i.ytimg.com/vi/CJeJGzoHDZ8/mqdefault.jpg",
        "youtubeVideoId": "CJeJGzoHDZ8",
        "uploadedDate": "2022-04-19T11:55:36Z",
        "viewCount": 630778,
        "isCommercial": "False"
    }
]