[
    {
        "id": "3ded0dc8-9a42-492b-87ba-0e8f1ff1defb",
        "title": "우정잉 롤린 댄스 영상",
        "description": "#을곁들인 #페페짤출시 #토크하이라이트 #만우절\n🐸\n◇비즈니스 문의 : kimfriendshiping@gmail.com\n\n◆우정잉 팬카페 http://cafe.daum.net/ingsfriend\n◆트위치 생방송 https://www.twitch.tv/nanajam777 \n◆인스타그램 https://www.instagram.com/friendshiping94",
        "thumbnail": "https://i.ytimg.com/vi/5rlS3DSk9AI/mqdefault.jpg",
        "youtubeVideoId": "5rlS3DSk9AI",
        "uploadedDate": "2021-04-01T08:05:50Z",
        "viewCount": 142261,
        "isCommercial": "False"
    },
    {
        "id": "e3e76e8d-e5e2-4910-8a84-3503a03331dd",
        "title": "[정품] 잉토바이 3분할  (1시간 반복)",
        "description": "#잉토바이 #예민하네 #화났네\n◇비즈니스 문의 : kimfriendshiping@gmail.com\n\n◆우정잉 팬카페 http://cafe.daum.net/ingsfriend\n◆트위치 생방송 https://www.twitch.tv/nanajam777 \n◆인스타그램 https://www.instagram.com/friendshiping94",
        "thumbnail": "https://i.ytimg.com/vi/YfzlR9X7Zfs/mqdefault.jpg",
        "youtubeVideoId": "YfzlR9X7Zfs",
        "uploadedDate": "2021-01-30T07:48:30Z",
        "viewCount": 916597,
        "isCommercial": "False"
    },
    {
        "id": "dd9e4d3d-2a3c-4974-ab13-c341827717bf",
        "title": "결국 나왔습니다... 잉쿠란보 2탄",
        "description": "#우정잉 #사쿠란보 #교차편집\n편) 1탄을 뛰어넘는 2탄은 나오기 힘들지만...\n그래도 많이 봐주세요 :)\n◇비즈니스 문의 : kimfriendshiping@gmail.com\n\n◆우정잉 팬카페 http://cafe.daum.net/ingsfriend\n◆트위치 생방송 https://www.twitch.tv/nanajam777 \n◆인스타그램 https://www.instagram.com/friendshiping94",
        "thumbnail": "https://i.ytimg.com/vi/ZXVt50VSTY8/mqdefault.jpg",
        "youtubeVideoId": "ZXVt50VSTY8",
        "uploadedDate": "2021-01-26T09:35:38Z",
        "viewCount": 210293,
        "isCommercial": "False"
    },
    {
        "id": "ab554741-8036-4141-b3c7-8137f3d9e7c3",
        "title": "우정잉 사쿠란보",
        "description": "#잉쿠란보 #댄스 #교차편집\n편) 10시간 동안 사쿠란보만 들었습니다 제발 많이 봐주세요..\n◇비즈니스 문의 : kimfriendshiping@gmail.com\n\n◆우정잉 팬카페 http://cafe.daum.net/ingsfriend\n◆트위치 생방송 https://www.twitch.tv/nanajam777 \n◆인스타그램 https://www.instagram.com/friendshiping94",
        "thumbnail": "https://i.ytimg.com/vi/oKdg79CwtII/mqdefault.jpg",
        "youtubeVideoId": "oKdg79CwtII",
        "uploadedDate": "2020-12-22T09:14:27Z",
        "viewCount": 630987,
        "isCommercial": "False"
    },
    {
        "id": "f25f557e-b3ab-4c9a-bc68-a009e5213190",
        "title": "강아지도 보고 웃는 무반주 댄스 ㅋㅋ",
        "description": "#무반주 #댄스 #노래맞추기\n----------------------\n우정잉 팬카페 http://cafe.daum.net/ingsfriend/\n트위치 생방송 https://www.twitch.tv/nanajam777\n----------------------",
        "thumbnail": "https://i.ytimg.com/vi/DgrOyXkK7Dk/mqdefault.jpg",
        "youtubeVideoId": "DgrOyXkK7Dk",
        "uploadedDate": "2020-12-22T09:14:37Z",
        "viewCount": 71756,
        "isCommercial": "False"
    },
    {
        "id": "deceabca-2f94-4529-8c3e-6ba6481b840e",
        "title": "어디서 이상한 거 배워옴",
        "description": "앞으로 잉튜브는 7시에 올라옵니다 *^^*\n\n----------------------\n우정잉 팬카페 http://cafe.daum.net/ingsfriend/\n트위치 생방송 https://www.twitch.tv/nanajam777\n----------------------",
        "thumbnail": "https://i.ytimg.com/vi/RpY_MgXTvuw/mqdefault.jpg",
        "youtubeVideoId": "RpY_MgXTvuw",
        "uploadedDate": "2020-12-22T09:14:59Z",
        "viewCount": 85698,
        "isCommercial": "False"
    }
]