[
    {
        "id": "d0482df8-b735-46d5-aad5-a5690f647841",
        "title": "북한사람이 평가하는 남한 배우들의 북한 사투리 연기",
        "description": "안녕하세요 CLAB OPEN~!!!\n\nCLAB 채널은 가장 흥미로운 컨텐츠를 실험하는 대한민국 No.1 유튜브 소셜 채널입니다.\n\n영상이 즐거우셨다면 좋아요와 구독하기 버튼을 꾸~욱 눌러주세요\n\n출연 및 제휴 문의 : wognswotjr@gmail.com",
        "thumbnail": "https://i.ytimg.com/vi/W8KAFYtDzM8/mqdefault.jpg",
        "youtubeVideoId": "W8KAFYtDzM8",
        "uploadedDate": "2019-10-18T07:05:51Z",
        "viewCount": 0,
        "isCommercial": "False"
    },
    {
        "id": "57dec19a-6a32-40ee-9464-b1b8ba49708c",
        "title": "(ENG cc) 북한 사람이 평가하는 남한 배우들의 북한말 실력은?",
        "description": "얼마전 봉준호 감독의 \"기생충\"이 칸 영화제 최고상인 황금 종려상을 수상했습니다.\n주연으로서 영화를 빛낸 송강호 배우의 북한 사투리 연기 실력은 북한 사람이 듣기엔 어떨까요?\n송강호 배우 외 네 배우(신하균, 전지현, 류승범, 김수현)의 북한 사투리 연기 실력 역시 평가해보았습니다.\n\n오늘 영상이 재밌으셨으면 구독과 좋아요. 그리고 댓글도 잊지 마세요!",
        "thumbnail": "https://i.ytimg.com/vi/o2W2BKAzoXM/mqdefault.jpg",
        "youtubeVideoId": "o2W2BKAzoXM",
        "uploadedDate": "2019-10-18T07:05:51Z",
        "viewCount": 0,
        "isCommercial": "False"
    },
    {
        "id": "a589fd7b-96ae-4719-8a55-58bcb6e8b300",
        "title": "[놀새나라TV] 한국배우들의 북한사투리는 얼마나 북한과 비슷할까?",
        "description": "full영상을 보고 싶으시다면 아래의 링크를 클릭해주세요!!\nhttps://www.youtube.com/watch?v=o2W2BKAzoXM\n구독&좋아요 감사합니다(__)\nFacebook: 강윤서\nInstagam: nara0709\nAfreecaTV:놀새나라",
        "thumbnail": "https://i.ytimg.com/vi/j68gEBEfBb8/mqdefault.jpg",
        "youtubeVideoId": "j68gEBEfBb8",
        "uploadedDate": "2019-10-18T07:05:51Z",
        "viewCount": 20745,
        "isCommercial": "False"
    },
    {
        "id": "52f24a1a-01c0-41a3-a886-addca8f7b0f8",
        "title": "드뎌 왔습니다 영화 기생충 북한 사투리 본격리뷰!!!",
        "description": "",
        "thumbnail": "https://i.ytimg.com/vi/2G3Kb64HSUc/mqdefault.jpg",
        "youtubeVideoId": "2G3Kb64HSUc",
        "uploadedDate": "2019-10-18T07:05:51Z",
        "viewCount": 18558,
        "isCommercial": "False"
    },
    {
        "id": "2a1a0e1a-9aba-4ff3-a3ab-5bc9fb968c4b",
        "title": "(ENG cc) 영화 속 여배우들의 북한말 실력은? (하지원/배두나/한예리/이일화)",
        "description": "지난 달에 올려드렸던 북한말 리뷰 영상! 다들 재미있게 보셨죠!? 좋은 반응에 힘입어 오늘은 여배우 특집으로 준비해봤습니다.\n\n코리아의 배두나, 한예리 배우 / 더킹 투하츠의 하지원 배우 / 불어라 미풍아의 이일화 배우의 북한말 실력! 북한말 원어민인 탈북자 나라씨와 함께 보실까요!?\n\n오늘 영상이 재미있으셨다면 좋아요와 구독, 댓글도 잊지마세요!",
        "thumbnail": "https://i.ytimg.com/vi/_Gag-TfsesU/mqdefault.jpg",
        "youtubeVideoId": "_Gag-TfsesU",
        "uploadedDate": "2019-10-18T07:05:51Z",
        "viewCount": 0,
        "isCommercial": "False"
    },
    {
        "id": "293ffef5-eac0-4dbe-951e-41391c9aae47",
        "title": "(Eng cc)영화 속 남자 스타 배우들의 북한말 실력은? (정우성/이종석/주지훈)",
        "description": "북한말 연기 특집 4편입니다! 많은 관심 가져주신 덕분에 4편 제작까지 올 수 있었습니다. 오늘은 남한 영화 속 북한말 연기를 하는 '남배우' 특집입니다.\n\n코리아의 이종석 배우 / 공작의 주지훈 배우 / 강철비의 정우성 배우까지 탑급 배우들로 준비해봤는데요. 북한말 원어민인 탈북자 나라씨와 함께 가보실까요!?\n\n오늘 영상이 재미있으셨다면 좋아요와 구독, 댓글도 잊지마세요!",
        "thumbnail": "https://i.ytimg.com/vi/EIqD-2qsbmI/mqdefault.jpg",
        "youtubeVideoId": "EIqD-2qsbmI",
        "uploadedDate": "2019-10-18T07:05:51Z",
        "viewCount": 0,
        "isCommercial": "False"
    },
    {
        "id": "b73991ff-7ab2-4de1-81b1-edf12a2f5955",
        "title": "(ENG cc) 북한 사람이 평가하는 남한 배우들의 북한말 실력은? 2편",
        "description": "지난 번에 이어 오늘도 한국 영화 속 배우들의 북한말 연기를 평가해봤습니다.\n특히 이번에 다룬 영화 스윙키즈에는 크리에이터 강나라님이 출연자이기도 했다는데요. 출연자 강나라가 평가하는 스윙키즈 속 북한말은 어떨까요? \n스윙키즈 외에도 공작과 1987속 배우님들의 북한말도 함께 평가해봤습니다.\n\n이번 영상이 재미있으셨다면, 구독과 좋아요 그리고 댓글도 잊지마세요!",
        "thumbnail": "https://i.ytimg.com/vi/DXlDDJ9wIj8/mqdefault.jpg",
        "youtubeVideoId": "DXlDDJ9wIj8",
        "uploadedDate": "2019-10-18T07:05:51Z",
        "viewCount": 0,
        "isCommercial": "False"
    }
]