[
    {
        "id": "cde23caf-2375-4763-8263-ea01559c6d2e",
        "title": "무려 한 장 15,000원! 원피스 아카자야 9남자 한정판 제일복권 제 1탄",
        "description": "일본에서 지난 8월 온라인 전용 한정판으로 발매했던 '등장! 아카자야 9남자' 제일복권이 국내 발매했다고 하여 바로 까봤습니다. 하,, 가격 미춋네ㅜㅜ\n[一番くじ ワンピース 見参！赤鞘九人男～第一弾～] \n\n구독😍좋아요👍댓글💬 감사합니다!\n정기후원 👍 https://bit.ly/33Jc5lV\n인스타그램 👍 https://www.instagram.com/hongseongobba/\n페이스북 👍 https://www.facebook.com/hongseongobba/ \n카카오톡 😀 홍성오빠 유튜브 오픈채팅방 official (인형뽑기)\n문의 📧 cafe_therapy@naver.com (촬영, 창업컨설팅, 스폰)\n택배 🚚 서울특별시 성동구 성수이로20길 16 JK타워 8층, 트레져헌터 (홍성오빠)\n\n🎵intro music : Urban Fashion (from. envato elements)\n🎵outro music : FORTRESS 2 BLUE OST 'SERVER' 中\n\n#제일복권 #홍성오빠 #一番くじ",
        "thumbnail": "https://i.ytimg.com/vi/Poi6nX0cZYU/mqdefault.jpg",
        "youtubeVideoId": "Poi6nX0cZYU",
        "uploadedDate": "2022-11-06T03:35:16Z",
        "viewCount": 1768,
        "isCommercial": "False"
    },
    {
        "id": "c3e4b4e1-df7b-46e9-a832-e12385fb4f16",
        "title": "방탄소년단이 제일복권에!? BTS 타이니탄 다이너마이트 통털이하기ㅋㅋㅋ",
        "description": "우와,, 우리나라 가수가 일본 제일복권 상품으로 나오다니 신기방기..! BTS TinyTAN Dynamite ichibankuji\n\n촬영지역 ▶ 시흥 정왕동 1150화\n\n구독😍좋아요👍댓글💬 감사합니다!\n정기후원 👍 https://bit.ly/33Jc5lV\n인스타그램 👍 https://www.instagram.com/hongseongobba/\n페이스북 👍 https://www.facebook.com/hongseongobba/ \n카카오톡 😀 홍성오빠 유튜브 오픈채팅방 official (인형뽑기)\n문의 📧 cafe_therapy@naver.com (촬영, 창업컨설팅, 스폰)\n택배 🚚 서울특별시 성동구 성수이로20길 16 JK타워 8층, 트레져헌터 (홍성오빠)\n\n🎵intro music : Urban Fashion (from. envato elements)\n🎵outro music : FORTRESS 2 BLUE OST 'SERVER' 中\n\n#제일복권 #BTS #방탄소년단",
        "thumbnail": "https://i.ytimg.com/vi/1XTuFGbHtjY/mqdefault.jpg",
        "youtubeVideoId": "1XTuFGbHtjY",
        "uploadedDate": "2022-08-24T03:41:35Z",
        "viewCount": 928,
        "isCommercial": "False"
    },
    {
        "id": "fc9c9184-8363-4efc-a4bf-6e35bedcf22d",
        "title": "제일복권=네모 공식을 깬 세모 복권!? 산리오 시나모롤 싹쓸이",
        "description": "이거 드르륵 사운드 완전 미쳤따리..\n\n촬영지역 ▶ 시흥 정왕동 1139화\n\n구독😍좋아요👍댓글💬 감사합니다!\n정기후원 👍 https://bit.ly/33Jc5lV\n인스타그램 👍 https://www.instagram.com/hongseongobba/\n페이스북 👍 https://www.facebook.com/hongseongobba/ \n카카오톡 😀 홍성오빠 유튜브 오픈채팅방 official (인형뽑기)\n문의 📧 cafe_therapy@naver.com (촬영, 창업컨설팅, 스폰)\n택배 🚚 서울특별시 성동구 성수이로20길 16 JK타워 8층, 트레져헌터 (홍성오빠)\n\n🎵intro music : Urban Fashion (from. envato elements)\n🎵outro music : FORTRESS 2 BLUE OST 'SERVER' 中\n\n#제일복권 #이치방쿠지 #시나모롤",
        "thumbnail": "https://i.ytimg.com/vi/bJDcqwQEf5Q/mqdefault.jpg",
        "youtubeVideoId": "bJDcqwQEf5Q",
        "uploadedDate": "2022-03-11T04:56:23Z",
        "viewCount": 1606,
        "isCommercial": "False"
    },
    {
        "id": "dae09e9b-64ce-4c39-abc0-341fb3ca1c0e",
        "title": "꽁냥꽁냥한 별의 커비 : 🍔커비 버거(KIRBY'S BURGER) 제일복권 해봤습니다",
        "description": "70장 중 단 1장밖에 없는 하나의 상위상! 과연 해낼 수 있을까요?\n\n촬영지역 ▶ 시흥 정왕동 1137화\n\n구독😍좋아요👍댓글💬 감사합니다!\n정기후원 👍 https://bit.ly/33Jc5lV\n인스타그램 👍 https://www.instagram.com/hongseongobba/\n페이스북 👍 https://www.facebook.com/hongseongobba/ \n카카오톡 😀 홍성오빠 유튜브 오픈채팅방 official (인형뽑기)\n문의 📧 cafe_therapy@naver.com (촬영, 창업컨설팅, 스폰)\n택배 🚚 서울특별시 성동구 성수이로20길 16 JK타워 8층, 트레져헌터 (홍성오빠)\n\n🎵intro music : Urban Fashion (from. envato elements)\n🎵outro music : FORTRESS 2 BLUE OST 'SERVER' 中\n\n#제일복권 #별의커비 #이치방쿠지",
        "thumbnail": "https://i.ytimg.com/vi/zxaHAeZXtV4/mqdefault.jpg",
        "youtubeVideoId": "zxaHAeZXtV4",
        "uploadedDate": "2022-01-17T08:46:53Z",
        "viewCount": 4733,
        "isCommercial": "False"
    },
    {
        "id": "6ac9724a-5489-466a-b6ac-4801fcd6eb78",
        "title": "제일복권 주술회전 판 깨고 왔습니다",
        "description": "D의 의지^^\n\n촬영지역 ▶ 시흥 정왕동 1134화\n\n구독😍좋아요👍댓글💬 감사합니다!\n정기후원 👍 https://bit.ly/33Jc5lV\n인스타그램 👍 https://www.instagram.com/hongseongobba/\n페이스북 👍 https://www.facebook.com/hongseongobba/ \n카카오톡 😀 홍성오빠 유튜브 오픈채팅방 official (인형뽑기)\n문의 📧 cafe_therapy@naver.com (촬영, 창업컨설팅, 스폰)\n택배 🚚 서울특별시 성동구 성수이로20길 16 JK타워 8층, 트레져헌터 (홍성오빠)\n\n🎵intro music : Urban Fashion (from. envato elements)\n🎵outro music : FORTRESS 2 BLUE OST 'SERVER' 中\n\n#제일복권 #주술회전 #一番くじ",
        "thumbnail": "https://i.ytimg.com/vi/nWwp8PkF8RQ/mqdefault.jpg",
        "youtubeVideoId": "nWwp8PkF8RQ",
        "uploadedDate": "2021-12-31T09:53:44Z",
        "viewCount": 2619,
        "isCommercial": "False"
    },
    {
        "id": "36a29b57-3685-431d-9b2d-78dc7e482d29",
        "title": "귀멸의 칼날 [꺾이지 않는 마음과 칼날로 나아가라] 제일복권 해봤습니다.",
        "description": "이번엔 제발 통털이만 피하자는 마인드ㅋㅎㅎㅎ\n\n촬영지역 ▶ 시흥 정왕동 1130화\n\n구독😍좋아요👍댓글💬 감사합니다!\n정기후원 👍 https://bit.ly/33Jc5lV\n인스타그램 👍 https://www.instagram.com/hongseongobba/\n페이스북 👍 https://www.facebook.com/hongseongobba/ \n카카오톡 😀 홍성오빠 유튜브 오픈채팅방 official (인형뽑기)\n문의 📧 cafe_therapy@naver.com (촬영, 창업컨설팅, 스폰)\n택배 🚚 서울특별시 성동구 성수이로20길 16 JK타워 8층, 트레져헌터 (홍성오빠)\n\n🎵intro music : Urban Fashion (from. envato elements)\n🎵outro music : FORTRESS 2 BLUE OST 'SERVER' 中\n\n#제일복권 #이치방쿠지 #一番くじ",
        "thumbnail": "https://i.ytimg.com/vi/DKsUhrBLv5w/mqdefault.jpg",
        "youtubeVideoId": "DKsUhrBLv5w",
        "uploadedDate": "2021-12-20T01:18:43Z",
        "viewCount": 2603,
        "isCommercial": "False"
    },
    {
        "id": "df03715a-5cdc-4a6c-ab4b-076e5f29d3a8",
        "title": "드래곤볼 제일복권 백 투 더 필름(BACK TO THE FILM) 도전!",
        "description": "오랜만에 제일복권 콘텐츠로 돌아왔습니다 :) 현지 기준으로 지난 9월 발매된 드래곤볼 백 투 더 필름(Dragonball BACK TO THE FILM) 입니다.\n\n촬영지역 ▶ 시흥 정왕동 1129화\n\n구독😍좋아요👍댓글💬 감사합니다!\n정기후원 👍 https://bit.ly/33Jc5lV\n인스타그램 👍 https://www.instagram.com/hongseongobba/\n페이스북 👍 https://www.facebook.com/hongseongobba/ \n카카오톡 😀 홍성오빠 유튜브 오픈채팅방 official (인형뽑기)\n문의 📧 cafe_therapy@naver.com (촬영, 창업컨설팅, 스폰)\n택배 🚚 서울특별시 성동구 성수이로20길 16 JK타워 8층, 트레져헌터 (홍성오빠)\n\n🎵intro music : Urban Fashion (from. envato elements)\n🎵outro music : FORTRESS 2 BLUE OST 'SERVER' 中\n\n#제일복권 #이치방쿠지 #一番くじ #ichibankuji",
        "thumbnail": "https://i.ytimg.com/vi/ISKI87Vbsjk/mqdefault.jpg",
        "youtubeVideoId": "ISKI87Vbsjk",
        "uploadedDate": "2021-12-15T23:01:49Z",
        "viewCount": 2861,
        "isCommercial": "False"
    },
    {
        "id": "b1eb3f00-29ce-4c7e-a7ca-748069d48ed2",
        "title": "공짜라고요!? 세상에 공짜 제일복권이 다 있네요 | 시흥 정왕동 인형뽑기 #1124) 홍성오빠",
        "description": "동물의숲 제일복권을 공짜로 할 수 있다닛ㅋㅋ\n\n구독😍좋아요👍댓글💬 감사합니다!\n정기후원 👍 https://bit.ly/33Jc5lV\n인스타그램 👍 https://www.instagram.com/hongseongobba/\n페이스북 👍 https://www.facebook.com/hongseongobba/ \n카카오톡 😀 홍성오빠 유튜브 오픈채팅방 official (인형뽑기)\n문의 📧 cafe_therapy@naver.com (촬영, 창업컨설팅, 스폰)\n택배 🚚 서울특별시 성동구 성수이로20길 16 JK타워 8층, 트레져헌터 (홍성오빠)\n\n🎵intro music : Urban Fashion (from. envato elements)\n🎵outro music : FORTRESS 2 BLUE OST 'SERVER' 中\n\n#인형뽑기 #제일복권 #이치방쿠지",
        "thumbnail": "https://i.ytimg.com/vi/PADqygk2f3E/mqdefault.jpg",
        "youtubeVideoId": "PADqygk2f3E",
        "uploadedDate": "2021-10-12T07:23:01Z",
        "viewCount": 2402,
        "isCommercial": "False"
    },
    {
        "id": "d18f024b-9345-4e32-9d0b-ca3acc3dd8c7",
        "title": "신 캐릭터 야마토 등장! [원피스 100권 기념 제일복권] | 시흥 정왕동 인형뽑기 #1122) 홍성오빠",
        "description": "프랑키는 과학이다... ㅂㄷㅂㄷ\n\n구독😍좋아요👍댓글💬 감사합니다!\n정기후원 👍 https://bit.ly/33Jc5lV\n인스타그램 👍 https://www.instagram.com/hongseongobba/\n페이스북 👍 https://www.facebook.com/hongseongobba/ \n카카오톡 😀 홍성오빠 유튜브 오픈채팅방 official (인형뽑기)\n문의 📧 cafe_therapy@naver.com (촬영, 창업컨설팅, 스폰)\n택배 🚚 서울특별시 성동구 성수이로20길 16 JK타워 8층, 트레져헌터 (홍성오빠)\n\n🎵intro music : Urban Fashion (from. envato elements)\n🎵outro music : FORTRESS 2 BLUE OST 'SERVER' 中\n\n#제일복권 #이치방쿠지 #一番くじ #ichibankuji",
        "thumbnail": "https://i.ytimg.com/vi/4qckFrg96UA/mqdefault.jpg",
        "youtubeVideoId": "4qckFrg96UA",
        "uploadedDate": "2021-10-09T09:08:00Z",
        "viewCount": 2493,
        "isCommercial": "False"
    },
    {
        "id": "0f46c14e-a818-4109-8f77-ee558607271d",
        "title": "묻고 더블로 가는 사장님의 극딜 [원피스 EX 악마를 품고있는 자들] | 시흥 정왕동 인형뽑기 #1113) 홍성오빠",
        "description": "다음엔 또 무슨 내기를 해볼까~~~ㅋㅋㅋㅋ\n\n구독😍좋아요👍댓글💬 감사합니다!\n정기후원 👍 https://bit.ly/33Jc5lV\n인스타그램 👍 https://www.instagram.com/hongseongobba/\n페이스북 👍 https://www.facebook.com/hongseongobba/ \n카카오톡 😀 홍성오빠 유튜브 오픈채팅방 official (인형뽑기)\n문의 📧 cafe_therapy@naver.com (촬영, 창업컨설팅, 스폰)\n택배 🚚 서울특별시 성동구 성수이로20길 16 JK타워 8층, 트레져헌터 (홍성오빠)\n\n🎵intro music : Urban Fashion (from. envato elements)\n🎵outro music : FORTRESS 2 BLUE OST 'SERVER' 中\n\n#제일복권 #ichibankuji #원피스 #악마를품고있는자들",
        "thumbnail": "https://i.ytimg.com/vi/vVHiXK3JfZg/mqdefault.jpg",
        "youtubeVideoId": "vVHiXK3JfZg",
        "uploadedDate": "2021-09-29T06:46:43Z",
        "viewCount": 2277,
        "isCommercial": "False"
    },
    {
        "id": "eabd10e1-ae86-4f17-a8ee-4bf4e358fc75",
        "title": "사장님이 제안한 충격적 내기 [드래곤볼 돗칸배틀 6주년 기념 제일복권] | 시흥 정왕동 인형뽑기 #1112) 홍성오빠",
        "description": "사장님과의 내기는 언제나 환영입니다 :)\n\n구독😍좋아요👍댓글💬 감사합니다!\n정기후원 👍 https://bit.ly/33Jc5lV\n인스타그램 👍 https://www.instagram.com/hongseongobba/\n페이스북 👍 https://www.facebook.com/hongseongobba/ \n카카오톡 😀 홍성오빠 유튜브 오픈채팅방 official (인형뽑기)\n문의 📧 cafe_therapy@naver.com (촬영, 창업컨설팅, 스폰)\n택배 🚚 서울특별시 성동구 성수이로20길 16 JK타워 8층, 트레져헌터 (홍성오빠)\n\n🎵intro music : Urban Fashion (from. envato elements)\n🎵outro music : FORTRESS 2 BLUE OST 'SERVER' 中\n\n#제일복권 #ichibankuji #드래곤볼 #돗칸배틀",
        "thumbnail": "https://i.ytimg.com/vi/0a27gEHzFfs/mqdefault.jpg",
        "youtubeVideoId": "0a27gEHzFfs",
        "uploadedDate": "2021-09-29T05:24:47Z",
        "viewCount": 1712,
        "isCommercial": "False"
    },
    {
        "id": "3e05cdf9-aa07-4283-b750-6a177403d554",
        "title": "귀멸의 칼날 [귀살의 뜻] 제일복권.. 역대급 기막힌 이치방쿠지 뽑기 | 시흥 정왕동 인형뽑기 #1105​​​​​​​​​​​​​​​​) 홍성오빠",
        "description": "귀멸의 칼날 '귀살의 뜻' 제일복권 중 가장 기막힌 뽑기를 경험했습니다..\n\n구독😍좋아요👍댓글💬 감사합니다!\n정기후원 👍 https://bit.ly/33Jc5lV\n인스타그램 👍 https://www.instagram.com/hongseongobba/\n페이스북 👍 https://www.facebook.com/hongseongobba/ \n카카오톡 😀 홍성오빠 유튜브 오픈채팅방 official (인형뽑기)\n문의 📧 cafe_therapy@naver.com (촬영, 창업컨설팅, 스폰)\n택배 🚚 서울특별시 성동구 성수이로20길 16 JK타워 8층, 트레져헌터 (홍성오빠)\n만나는 곳 🙋‍♂️ 충청남도 홍성군 홍성읍 조양로205번길 67, 뽑기가 안되면 홍성스쿨\n\n🎵intro music : Urban Fashion (from. envato elements)\n🎵outro music : FORTRESS 2 BLUE OST 'SERVER' 中\n\n#제일복권 #홍성오빠 #이치방쿠지 #一番くじ #ichibankuji #귀멸의칼날 #귀살의뜻",
        "thumbnail": "https://i.ytimg.com/vi/Lm-mbCgQX6I/mqdefault.jpg",
        "youtubeVideoId": "Lm-mbCgQX6I",
        "uploadedDate": "2021-09-16T01:06:59Z",
        "viewCount": 1743,
        "isCommercial": "False"
    },
    {
        "id": "12b78ed8-3507-4210-9daa-d429047b0f12",
        "title": "제일복권 리턴즈! 원피스 베스트 오브 옴니버스 찢어버렸습니다 | 시흥 정왕동 인형뽑기 #1101​​​​​​​​​​​​​​​​​) 홍성오빠",
        "description": "짜고해도 이렇게는 못하겠다...😅\n\n구독😍좋아요👍댓글💬 감사합니다!\n정기후원 👍 https://bit.ly/33Jc5lV\n인스타그램 👍 https://www.instagram.com/hongseongobba/\n페이스북 👍 https://www.facebook.com/hongseongobba/ \n카카오톡 😀 홍성오빠 유튜브 오픈채팅방 official (인형뽑기)\n문의 📧 cafe_therapy@naver.com (촬영, 창업컨설팅, 스폰)\n택배 🚚 서울특별시 성동구 성수이로20길 16 JK타워 8층, 트레져헌터 (홍성오빠)\n만나는 곳 🙋‍♂️ 충청남도 홍성군 홍성읍 조양로205번길 67, 뽑기가 안되면 홍성스쿨\n\n🎵intro music : Urban Fashion (from. envato elements)\n🎵outro music : FORTRESS 2 BLUE OST 'SERVER' 中\n\n#제일복권 #ichibankuji #이치방쿠지 #bestofomnibus #一番くじ #베스트오브옴니버스",
        "thumbnail": "https://i.ytimg.com/vi/JOW0Jp6gUB8/mqdefault.jpg",
        "youtubeVideoId": "JOW0Jp6gUB8",
        "uploadedDate": "2021-09-09T09:46:41Z",
        "viewCount": 1153,
        "isCommercial": "False"
    },
    {
        "id": "bde18145-d89c-42e8-8f54-aef4f929b44d",
        "title": "돌아왔구나 홍성오빠.. 🧸토이스토리 25주년 기념 제일복권 뽑기 | 시흥 정왕동 인형뽑기 #1098​​​​​​​​​​​​​​​​​​) 홍성오빠 #제일복권 #이치방쿠지​",
        "description": "여러분이 알던 그 홍성오빠가 돌아왔습니다😋\n\n구독😍좋아요👍댓글💬 감사합니다!\n정기후원 👍 https://bit.ly/33Jc5lV\n인스타그램 👍 https://www.instagram.com/hongseongobba/\n페이스북 👍 https://www.facebook.com/hongseongobba/ \n카카오톡 😀 홍성오빠 유튜브 오픈채팅방 official (인형뽑기)\n문의 📧 cafe_therapy@naver.com (촬영, 창업컨설팅, 스폰)\n택배 🚚 서울특별시 성동구 성수이로20길 16 JK타워 8층, 트레져헌터 (홍성오빠)\n만나는 곳 🙋‍♂️ 충청남도 홍성군 홍성읍 조양로205번길 67, 뽑기가 안되면 홍성스쿨\n\n♫intro music : Urban Fashion (from. envato elements)\n♫outro music : FORTRESS 2 BLUE OST 'SERVER' 中\n\n#인형뽑기 #홍성오빠 #홍성유튜버",
        "thumbnail": "https://i.ytimg.com/vi/CaiC6Mz4lVg/mqdefault.jpg",
        "youtubeVideoId": "CaiC6Mz4lVg",
        "uploadedDate": "2021-02-25T11:50:37Z",
        "viewCount": 8263,
        "isCommercial": "False"
    },
    {
        "id": "019bc9fd-b6bb-4627-8819-d4b777b704e6",
        "title": "원피스 신상 제일복권 '와노쿠니2막' 신기록 달성🎉 첫 장부터 대박질!? | 시흥 정왕동 인형뽑기 #1081​) 홍성오빠 #제일복권​ #이치방쿠지 #国編第二幕",
        "description": "#ichibankuji​ #一番くじ​ #onepiece\n\n지난 1월 현지에서 발매된 원피스 제일복권 와노쿠니 제2막(国編～第二幕～)에서 😱짜고쳐도 나오지 않을 시나리오가 나왔습니다. 구경ㄱㄱㄱ\n\n구독😍좋아요👍댓글💬 감사합니다!\n정기후원 👍 https://bit.ly/33Jc5lV\n인스타그램 👍 https://www.instagram.com/hongseongobba/\n페이스북 👍 https://www.facebook.com/hongseongobba/ \n카카오톡 😀 홍성오빠 유튜브 오픈채팅방 official (인형뽑기)\n문의 📧 cafe_therapy@naver.com (촬영, 창업컨설팅, 스폰)\n택배 🚚 서울특별시 성동구 성수이로20길 16 JK타워 8층, 트레져헌터 (홍성오빠)\n만나는 곳 🙋‍♂️ 충청남도 홍성군 홍성읍 조양로205번길 67, 뽑기가 안되면 홍성스쿨\n\n♫intro music : Urban Fashion (from. envato elements)\n♫outro music : Hip Hop Chill and Swag 85 (from. envato elements)",
        "thumbnail": "https://i.ytimg.com/vi/2SQL1pY3DGU/mqdefault.jpg",
        "youtubeVideoId": "2SQL1pY3DGU",
        "uploadedDate": "2021-02-06T07:00:54Z",
        "viewCount": 14101,
        "isCommercial": "False"
    },
    {
        "id": "fba8ac90-ec96-4db4-8023-d53ebf872a06",
        "title": "새해 첫 제일복권! 원피스 🌺꽃의 막에서 대박을 터뜨렸지 뭐에요 | 시흥 정왕동 인형뽑기 #1078) 홍성오빠 #제일복권 #이치방쿠지 #華ノ幕",
        "description": "오랜만에 제일복권 복귀전!! 무려 3개월만에 뽑아 본 이번 제일복권은 일본 현지에서 작년 12월에 출시됐던 원피스 🌺'꽃의 막' 시리즈 입니다. 늘 그랬듯 올 세트 뽑기에 도전합니다. \n\n구독😍좋아요👍댓글💬 감사합니다!\n정기후원 👍 https://bit.ly/33Jc5lV\n인스타그램 👍 https://www.instagram.com/hongseongobba/\n페이스북 👍 https://www.facebook.com/hongseongobba/ \n카카오톡 😀 홍성오빠 유튜브 오픈채팅방 official (인형뽑기)\n문의 📧 cafe_therapy@naver.com (촬영, 창업컨설팅, 스폰)\n택배 🚚 서울특별시 성동구 성수이로20길 16 JK타워 8층, 트레져헌터 (홍성오빠)\n만나는 곳 🙋‍♂️ 충청남도 홍성군 홍성읍 조양로205번길 67, 뽑기가 안되면 홍성스쿨\n\n♫intro music : Urban Fashion (from. envato elements)\n♫outro music : Hip Hop Chill and Swag 85 (from. envato elements)\n\n#ichibankuji #一番くじ #onepiece",
        "thumbnail": "https://i.ytimg.com/vi/d-m61lrgtDA/mqdefault.jpg",
        "youtubeVideoId": "d-m61lrgtDA",
        "uploadedDate": "2021-02-03T07:44:06Z",
        "viewCount": 10876,
        "isCommercial": "False"
    },
    {
        "id": "6262de45-f35f-4540-ada9-4ff227fb70a9",
        "title": "드래곤볼 VS 옴니버스 제일복권 판 💥뿌수고💥왔습니다 | 시흥 정왕동 인형뽑기 #1054) 홍성오빠 #제일복권 #이치방쿠지 #드래곤볼",
        "description": "사실 이번 드래곤볼 VS 옴니버스 제일복권은 거를까 했다가 역시나 뽑아버렸는데 실수로(?) 판을 뿌숴버렸습니다. 흐헤헤 흐헤헤\n\n구독😍좋아요👍댓글💬 감사합니다!\n정기후원 👍 https://bit.ly/33Jc5lV\n인스타그램 👍 https://www.instagram.com/hongseongobba/\n페이스북 👍 https://www.facebook.com/hongseongobba/ \n카카오톡 😀 홍성오빠 유튜브 오픈채팅방 official (인형뽑기)\n문의 📧 cafe_therapy@naver.com (촬영, 창업컨설팅, 스폰)\n택배 🚚 서울특별시 성동구 성수이로20길 16 JK타워 8층, 트레져헌터 (홍성오빠)\n만나는 곳 🙋‍♂️ 충청남도 홍성군 홍성읍 조양로205번길 67, 뽑기가 안되면 홍성스쿨\n\n♫intro music : Urban Fashion (from. envato elements)\n♫outro music : Hip Hop Chill and Swag 85 (from. envato elements)\n\n#ichibankuji #一番くじ #dragonball",
        "thumbnail": "https://i.ytimg.com/vi/be-s3wc0qd0/mqdefault.jpg",
        "youtubeVideoId": "be-s3wc0qd0",
        "uploadedDate": "2020-11-21T01:14:00Z",
        "viewCount": 16633,
        "isCommercial": "False"
    },
    {
        "id": "7434892d-ce3b-4321-aaa9-50ccc3cba8b3",
        "title": "제일복권은 대리만족만 하세요.....제발😭 | 시흥 정왕동 인형뽑기 #1052) 홍성오빠 #디지몬어드벤처 #제일복권 #이치방쿠지",
        "description": "오늘은 처음 출시된 디지몬 어드벤처 제일복권을 해봤습니다. 제일복권은 대리만족만 하세요.....제발😭\n\n구독😍좋아요👍댓글💬 감사합니다!\n정기후원 👍 https://bit.ly/33Jc5lV\n인스타그램 👍 https://www.instagram.com/hongseongobba/\n페이스북 👍 https://www.facebook.com/hongseongobba/ \n카카오톡 😀 홍성오빠 유튜브 오픈채팅방 official (인형뽑기)\n문의 📧 cafe_therapy@naver.com (촬영, 창업컨설팅, 스폰)\n택배 🚚 서울특별시 성동구 성수이로20길 16 JK타워 8층, 트레져헌터 (홍성오빠)\n만나는 곳 🙋‍♂️ 충청남도 홍성군 홍성읍 조양로205번길 67, 뽑기가 안되면 홍성스쿨\n\n♫intro music : Urban Fashion (from. envato elements)\n♫outro music : Hip Hop Chill and Swag 85 (from. envato elements)\n\n#제일복권 #이치방쿠지 #ichibankuji",
        "thumbnail": "https://i.ytimg.com/vi/xBb6Ha00Itk/mqdefault.jpg",
        "youtubeVideoId": "xBb6Ha00Itk",
        "uploadedDate": "2020-11-17T21:12:03Z",
        "viewCount": 25287,
        "isCommercial": "False"
    },
    {
        "id": "95a42d6f-91a5-4324-947f-1bd92ee6efab",
        "title": "현지에서 😲대박났다는 귀멸의 칼날 무한열차 제일복권 싹 털어버렸습니다 | 시흥 정왕동 인형뽑기 #1050) 홍성오빠 #제일복권 #이치방쿠지 #귀멸의칼날 #무한열차",
        "description": "그동안 제일복권은 원피스나 드래곤볼 위주로 진행했었는데 이번에 처음으로 귀멸의 칼날 극장판 무한열차 편 제일복권을 해봤습니다. 현지에서 초대박이라던데..\n\n구독😍좋아요👍댓글💬 감사합니다!\n정기후원 👍 https://bit.ly/33Jc5lV\n인스타그램 👍 https://www.instagram.com/hongseongobba/\n페이스북 👍 https://www.facebook.com/hongseongobba/ \n카카오톡 😀 홍성오빠 유튜브 오픈채팅방 official (인형뽑기)\n문의 📧 cafe_therapy@naver.com (촬영, 창업컨설팅, 스폰)\n택배 🚚 서울특별시 성동구 성수이로20길 16 JK타워 8층, 트레져헌터 (홍성오빠)\n만나는 곳 🙋‍♂️ 충청남도 홍성군 홍성읍 조양로205번길 67, 뽑기가 안되면 홍성스쿨\n\n♫intro music : Urban Fashion (from. envato elements)\n♫outro music : Hip Hop Chill and Swag 85 (from. envato elements)\n\n#인형뽑기 #홍성오빠 #홍성유튜버",
        "thumbnail": "https://i.ytimg.com/vi/Ti0vC8gxzV8/mqdefault.jpg",
        "youtubeVideoId": "Ti0vC8gxzV8",
        "uploadedDate": "2020-11-15T12:07:36Z",
        "viewCount": 25195,
        "isCommercial": "False"
    },
    {
        "id": "771149af-8fcd-4de6-bcd0-938086eb82d9",
        "title": "이거 진짜 🎬유튜브각이야! 독박 💰통털이💰 미션 걸고 구독자와 제일복권 멸망전을 해봤습니다 | 서울 서교동 인형뽑기 #1048) 홍성오빠 #제일복권 #이치방쿠지 #원피스",
        "description": "딱 1년만에 진행된 구독자와의 제일복권 대결! 생방송을 앞두고 한 구독자께서 제게 제일복권 대결을 제안했습니다. 과연 어떤 결과가 나왔을까요!? 진 사람은 남은 복권을 다 사야하는 독박 미션!!\n\n구독😍좋아요👍댓글💬 감사합니다!\n정기후원 👍 https://bit.ly/33Jc5lV\n인스타그램 👍 https://www.instagram.com/hongseongobba/\n페이스북 👍 https://www.facebook.com/hongseongobba/ \n카카오톡 😀 홍성오빠 유튜브 오픈채팅방 official (인형뽑기)\n문의 📧 cafe_therapy@naver.com (촬영, 창업컨설팅, 스폰)\n택배 🚚 서울특별시 성동구 성수이로20길 16 JK타워 8층, 트레져헌터 (홍성오빠)\n만나는 곳 🙋‍♂️ 충청남도 홍성군 홍성읍 조양로205번길 67, 뽑기가 안되면 홍성스쿨\n\n♫intro music : Urban Fashion (from. envato elements)\n♫outro music : Hip Hop Chill and Swag 85 (from. envato elements)\n\n#인형뽑기 #홍성오빠 #홍성유튜버",
        "thumbnail": "https://i.ytimg.com/vi/hhlBKQI6_lU/mqdefault.jpg",
        "youtubeVideoId": "hhlBKQI6_lU",
        "uploadedDate": "2020-11-05T11:00:29Z",
        "viewCount": 23904,
        "isCommercial": "False"
    },
    {
        "id": "54a1b3af-1646-4d1c-b1ba-d19e3a4877b1",
        "title": "💍반지의 제왕 리턴즈! 드래곤볼 스트롱 체인스 제일복권 피규어 올-킬 뽑기 | 서울 서초동 인형뽑기 #1046) 홍성오빠 #제일복권 #이치방쿠지 #드래곤볼",
        "description": "하.. 지긋지긋한 💍반지 징크스! 그래도 매번 위안이 되어주는 제 소듕한 반지ㅜㅜ\n\n구독😍좋아요👍댓글💬 감사합니다!\n정기후원 👍 https://bit.ly/33Jc5lV\n인스타그램 👍 https://www.instagram.com/hongseongobba/\n페이스북 👍 https://www.facebook.com/hongseongobba/ \n카카오톡 😀 홍성오빠 유튜브 오픈채팅방 official (인형뽑기)\n문의 📧 cafe_therapy@naver.com (촬영, 창업컨설팅, 스폰)\n택배 🚚 서울특별시 성동구 성수이로20길 16 JK타워 8층, 트레져헌터 (홍성오빠)\n만나는 곳 🙋‍♂️ 충청남도 홍성군 홍성읍 조양로205번길 67, 뽑기가 안되면 홍성스쿨\n\n♫intro music : Urban Fashion (from. envato elements)\n♫outro music : Hip Hop Chill and Swag 85 (from. envato elements)\n\n#ichibankuji #一番くじ #strongchains",
        "thumbnail": "https://i.ytimg.com/vi/n0YLQ3MF8hE/mqdefault.jpg",
        "youtubeVideoId": "n0YLQ3MF8hE",
        "uploadedDate": "2020-10-31T03:22:57Z",
        "viewCount": 13318,
        "isCommercial": "False"
    },
    {
        "id": "dc308a21-1925-4409-9c35-ee0e7150f8ff",
        "title": "[NEW] 🤩귀멸의 칼날 포켓 마케트 6종, 오네무탄 3탄 5종 풀 세트 대구까지 가서 뽑아버리기!! | #1042) 홍성오빠 #귀멸의칼날 #히든토이 #가챠",
        "description": "제일복권 꽝손을 탈출하고 가챠의 신으로 새롭게 태어날 준비를 마쳤습니다. 가즈아!! 🤩🤩\n\n구독😍좋아요👍댓글💬 감사합니다!\n정기후원 👍 https://bit.ly/33Jc5lV\n인스타그램 👍 https://www.instagram.com/hongseongobba/\n페이스북 👍 https://www.facebook.com/hongseongobba/ \n카카오톡 😀 홍성오빠 유튜브 오픈채팅방 official (인형뽑기)\n문의 📧 cafe_therapy@naver.com (촬영, 창업컨설팅, 스폰)\n택배 🚚 서울특별시 성동구 성수이로20길 16 JK타워 8층, 트레져헌터 (홍성오빠)\n만나는 곳 🙋‍♂️ 충청남도 홍성군 홍성읍 조양로205번길 67, 뽑기가 안되면 홍성스쿨\n\n♫intro music : Urban Fashion (from. envato elements)\n♫outro music : Hip Hop Chill and Swag 85 (from. envato elements)\n\n#인형뽑기 #홍성오빠 #홍성유튜버",
        "thumbnail": "https://i.ytimg.com/vi/mVdyqmL1qFk/mqdefault.jpg",
        "youtubeVideoId": "mVdyqmL1qFk",
        "uploadedDate": "2020-10-20T11:54:51Z",
        "viewCount": 5434,
        "isCommercial": "False"
    },
    {
        "id": "aee59ea7-2d9f-45c9-89ce-4fb2c8be755a",
        "title": "[🍯꿀잼보장] 킹 오브 꽝손에게 최적화된 복권!? 꽝 뽑으면 레진 피규어를 준다네요 | 시흥 정왕동 인형뽑기 #1039) 홍성오빠 #제일복권 #엽이TV #피규어뽑기",
        "description": "요즘은 복권에도 이색 마케팅을 해야 저처럼 이렇게 끌리나 봅니다. 지난 번엔 4등을 뽑으면 레진 피규어를 준다고 하더니 이번에는 꽝을 뽑으면 준다네요. 킹 오브 꽝손의 위엄을 보여드리겠습니다🤭\n\n구독😍좋아요👍댓글💬 감사합니다!\n정기후원 👍 https://bit.ly/33Jc5lV\n인스타그램 👍 https://www.instagram.com/hongseongobba/\n페이스북 👍 https://www.facebook.com/hongseongobba/ \n카카오톡 😀 홍성오빠 유튜브 오픈채팅방 official (인형뽑기)\n문의 📧 cafe_therapy@naver.com (촬영, 창업컨설팅, 스폰)\n택배 🚚 서울특별시 성동구 성수이로20길 16 JK타워 8층, 트레져헌터 (홍성오빠)\n만나는 곳 🙋‍♂️ 충청남도 홍성군 홍성읍 조양로205번길 67, 뽑기가 안되면 홍성스쿨\n\n♫intro music : Urban Fashion (from. envato elements)\n♫outro music : Hip Hop Chill and Swag 85 (from. envato elements)\n\n#인형뽑기 #홍성오빠 #홍성유튜버",
        "thumbnail": "https://i.ytimg.com/vi/vSM6Ya8Df6g/mqdefault.jpg",
        "youtubeVideoId": "vSM6Ya8Df6g",
        "uploadedDate": "2020-10-15T19:33:21Z",
        "viewCount": 68701,
        "isCommercial": "False"
    },
    {
        "id": "f2d9a3e9-3d14-4449-ac67-85bc92908a93",
        "title": "1등만 기억하는 더러운 세상⁉️ 4️⃣등만 뽑아도 레진 피규어 주신답니다 | 대구 동문동 인형뽑기 #1037) 홍성오빠 #제일복권 #히든토이 #이치방쿠지 #레진피규어",
        "description": "1등이 아니라 4️⃣등만 뽑아도 레진 피규어를 준다는 말에 또 건드리고 말았습니다.. 하필 근데 피규어 모양이 왜...?\n\n구독😍좋아요👍댓글💬 감사합니다!\n정기후원 👍 https://bit.ly/33Jc5lV\n인스타그램 👍 https://www.instagram.com/hongseongobba/\n페이스북 👍 https://www.facebook.com/hongseongobba/ \n카카오톡 😀 홍성오빠 유튜브 오픈채팅방 official (인형뽑기)\n문의 📧 cafe_therapy@naver.com (촬영, 창업컨설팅, 스폰)\n택배 🚚 서울특별시 성동구 성수이로20길 16 JK타워 8층, 트레져헌터 (홍성오빠)\n만나는 곳 🙋‍♂️ 충청남도 홍성군 홍성읍 조양로205번길 67, 뽑기가 안되면 홍성스쿨\n\n♫intro music : Urban Fashion (from. envato elements)\n♫outro music : Hip Hop Chill and Swag 85 (from. envato elements)\n\n#인형뽑기 #홍성오빠 #홍성유튜버",
        "thumbnail": "https://i.ytimg.com/vi/bj-IQAncPJU/mqdefault.jpg",
        "youtubeVideoId": "bj-IQAncPJU",
        "uploadedDate": "2020-10-09T21:20:20Z",
        "viewCount": 26225,
        "isCommercial": "False"
    },
    {
        "id": "0423b8ba-78d3-4e66-be56-22fdffa60078",
        "title": "죄송하지만 꼭 올려야겠습니다. (제일복권 확률조작에 관하여)",
        "description": "구독😍좋아요👍댓글💬 감사합니다!\n정기후원 👍 https://bit.ly/33Jc5lV\n인스타그램 👍 https://www.instagram.com/hongseongobba/\n페이스북 👍 https://www.facebook.com/hongseongobba/ \n카카오톡 😀 홍성오빠 유튜브 오픈채팅방 official (인형뽑기)\n문의 📧 cafe_therapy@naver.com (촬영, 창업컨설팅, 스폰)\n택배 🚚 서울특별시 성동구 성수이로20길 16 JK타워 8층, 트레져헌터 (홍성오빠)\n만나는 곳 🙋‍♂️ 충청남도 홍성군 홍성읍 조양로205번길 67, 뽑기가 안되면 홍성스쿨\n\n♫intro music : Urban Fashion (from. envato elements)\n♫outro music : Hip Hop Chill and Swag 85 (from. envato elements)\n\n#제일복권 #이치방쿠지 #반다이",
        "thumbnail": "https://i.ytimg.com/vi/mRMQ5cm7HLs/mqdefault.jpg",
        "youtubeVideoId": "mRMQ5cm7HLs",
        "uploadedDate": "2020-10-02T21:41:00Z",
        "viewCount": 161240,
        "isCommercial": "False"
    },
    {
        "id": "a0ac1939-d7ef-4170-83ba-0435a1bc7108",
        "title": "복권 한 장에 무려 🤑3만원!? 황금 오자루에 90만원 태우기 | 서울 서초동 인형뽑기 #1027) 홍성오빠 #一番くじ #ichibankuji #제일복권 #이치방쿠지",
        "description": "저 학교 다닐 땐 한 장에 50원이었거든요. 얼마가 오른거죠!? 돈순삭 복권이야~\n\n구독😍좋아요👍댓글💬 감사합니다!\n정기후원 👍 https://bit.ly/33Jc5lV\n인스타그램 👍 https://www.instagram.com/hongseongobba/\n페이스북 👍 https://www.facebook.com/hongseongobba/ \n카카오톡 😀 홍성오빠 유튜브 오픈채팅방 official (인형뽑기)\n문의 📧 cafe_therapy@naver.com (촬영, 창업컨설팅, 스폰)\n택배 🚚 서울특별시 성동구 성수이로20길 16 JK타워 8층, 트레져헌터 (홍성오빠)\n만나는 곳 🙋‍♂️ 충청남도 홍성군 홍성읍 조양로205번길 67, 뽑기가 안되면 홍성스쿨\n\n♫intro music : Urban Fashion (from. envato elements)\n♫outro music : Hip Hop Chill and Swag 85 (from. envato elements)\n\n#제일복권 #홍성오빠 #홍성유튜버",
        "thumbnail": "https://i.ytimg.com/vi/StSvFG31SPE/mqdefault.jpg",
        "youtubeVideoId": "StSvFG31SPE",
        "uploadedDate": "2020-09-24T01:35:13Z",
        "viewCount": 183469,
        "isCommercial": "False"
    },
    {
        "id": "6cebe1a7-c2ad-4e30-82ea-2c7183af9f80",
        "title": "💍반지 징크스가 생겨버린 그 제일복권 | 서울 서초동 인형뽑기 #1026) ワンピース 一番くじ ONE PIECE GREAT BANQUET A, B, C, F, G賞 GET",
        "description": "지난 6월에 발매됐던 원피스 제일복권 '그레이트 뱅큇(Great Banquet)' 뽑기에서 저의 역사적인 반지 징크스가 만들어졌는데요.. 한번 같이 보시쥬ㅎㅎ\n\n구독😍좋아요👍댓글💬 감사합니다!\n정기후원 👍 https://bit.ly/33Jc5lV\n인스타그램 👍 https://www.instagram.com/hongseongobba/\n페이스북 👍 https://www.facebook.com/hongseongobba/ \n카카오톡 😀 홍성오빠 유튜브 오픈채팅방 official (인형뽑기)\n문의 📧 cafe_therapy@naver.com (촬영, 창업컨설팅, 스폰)\n택배 🚚 서울특별시 성동구 성수이로20길 16 JK타워 8층, 트레져헌터 (홍성오빠)\n만나는 곳 🙋‍♂️ 충청남도 홍성군 홍성읍 조양로205번길 67, 뽑기가 안되면 홍성스쿨\n\n♫intro music : Urban Fashion (from. envato elements)\n♫outro music : Hip Hop Chill and Swag 85 (from. envato elements)\n\n#제일복권 #이치방쿠지 #一番くじ #원피스 #그레이트뱅큇 #greatbanquet #ワンピース #ichibankuji #onepiece",
        "thumbnail": "https://i.ytimg.com/vi/04tUWETZFOI/mqdefault.jpg",
        "youtubeVideoId": "04tUWETZFOI",
        "uploadedDate": "2020-09-23T06:43:40Z",
        "viewCount": 8414,
        "isCommercial": "False"
    },
    {
        "id": "8126a019-ad99-4e56-b836-017c64990fc8",
        "title": "숨겨진 🧸장난감 통털이하러 대구까지 갔다왔습니다 | 대구 동문동 인형뽑기 #1024) 홍성오빠",
        "description": "손님들의 소장품으로 만든 자체 제일복권이 있길래 그냥 막 싹다 쓸어버리고 왔습니다ㅋㅋㅋ\n\n구독😍좋아요👍댓글💬 감사합니다!\n정기후원 👍 https://bit.ly/33Jc5lV\n인스타그램 👍 https://www.instagram.com/hongseongobba/\n페이스북 👍 https://www.facebook.com/hongseongobba/ \n카카오톡 😀 홍성오빠 유튜브 오픈채팅방 official (인형뽑기)\n문의 📧 cafe_therapy@naver.com (촬영, 창업컨설팅, 스폰)\n택배 🚚 서울특별시 성동구 성수이로20길 16 JK타워 8층, 트레져헌터 (홍성오빠)\n만나는 곳 🙋‍♂️ 충청남도 홍성군 홍성읍 조양로205번길 67, 뽑기가 안되면 홍성스쿨\n\n♫intro music : Urban Fashion (from. envato elements)\n♫outro music : Hip Hop Chill and Swag 850 (from. envato elements)\n\n#제일복권 #히든토이 #이치방쿠지 #Ichibankuji",
        "thumbnail": "https://i.ytimg.com/vi/2QxDhir6uZ4/mqdefault.jpg",
        "youtubeVideoId": "2QxDhir6uZ4",
        "uploadedDate": "2020-09-14T11:38:01Z",
        "viewCount": 32763,
        "isCommercial": "False"
    },
    {
        "id": "8203db2d-390d-4c09-accb-20d15007922d",
        "title": "제일복권 세계 신기록을 세운 것 같습니다 | 서울 서교동 인형뽑기 #1021) 홍성오빠 ワンピース 一番くじ ONE PIECE FULL FORCE A~SP賞 ALL GET",
        "description": "정말 많은 제일복권을 해봤지만 이런 확률의 게임을 해본건 난생 처음이었습니다. 이 정도면 세계 신기록 ㅇㅈ?\n\n구독😍좋아요👍댓글💬 감사합니다!\n정기후원 👍 https://bit.ly/33Jc5lV\n인스타그램 👍 https://www.instagram.com/hongseongobba/\n페이스북 👍 https://www.facebook.com/hongseongobba/ \n카카오톡 😀 홍성오빠 유튜브 오픈채팅방 official (인형뽑기)\n문의 📧 cafe_therapy@naver.com (촬영, 창업컨설팅, 스폰)\n택배 🚚 서울특별시 성동구 성수이로20길 16 JK타워 8층, 트레져헌터 (홍성오빠)\n만나는 곳 🙋‍♂️ 충청남도 홍성군 홍성읍 조양로205번길 67, 뽑기가 안되면 홍성스쿨\n\n♫intro music : Urban Fashion (from. envato elements)\n♫outro music : Hip Hop Chill and Swag 85 (from. envato elements)\n\n#제일복권 #이치방쿠지 #홍성오빠 #ichibankuji #一番くじ #fullforce #onepiece #풀포스 #원피스",
        "thumbnail": "https://i.ytimg.com/vi/TC9lLzmIg6c/mqdefault.jpg",
        "youtubeVideoId": "TC9lLzmIg6c",
        "uploadedDate": "2020-08-24T17:15:02Z",
        "viewCount": 13122,
        "isCommercial": "False"
    },
    {
        "id": "ab3133e0-8109-45e1-964c-b88022862f8b",
        "title": "제일복권 🧙‍♂️뽑기신이 강림했습니다.. 잭팟이 또? | 서울 국제전자센터 인형뽑기 #1019) 홍성오빠 ワンピース 一番くじ ONE PIECE FULL FORCE SP賞 GET",
        "description": "늘 이번만 같았으면 좋겠습니다.. 이게 무슨일이야! 또 잭팟🤩\n\n구독😍좋아요👍댓글💬 감사합니다!\n정기후원 👍 https://bit.ly/33Jc5lV\n인스타그램 👍 https://www.instagram.com/hongseongobba/\n페이스북 👍 https://www.facebook.com/hongseongobba/ \n카카오톡 😀 홍성오빠 유튜브 오픈채팅방 official (인형뽑기)\n문의 📧 cafe_therapy@naver.com (촬영, 창업컨설팅, 스폰)\n택배 🚚 서울특별시 성동구 성수이로20길 16 JK타워 8층, 트레져헌터 (홍성오빠)\n만나는 곳 🙋‍♂️ 충청남도 홍성군 홍성읍 조양로205번길 67, 뽑기가 안되면 홍성스쿨\n\n♫intro music : Urban Fashion (from. envato elements)\n♫outro music : Hip Hop Chill and Swag 85 (from. envato elements)\n\n#제일복권 #이치방쿠지 #ワンピース 一番くじ #Ichibankuji #onepiece #fullforce #풀포스 #원피스 #국제전자센터 #피규어프레소",
        "thumbnail": "https://i.ytimg.com/vi/rV4oNdN2hEw/mqdefault.jpg",
        "youtubeVideoId": "rV4oNdN2hEw",
        "uploadedDate": "2020-08-14T05:12:16Z",
        "viewCount": 20176,
        "isCommercial": "False"
    },
    {
        "id": "ab90f899-e5e3-470d-b84d-e9279db6cffb",
        "title": "드래곤볼 야무치 피규어 가자! History of Rivals 제일복권하러 국전다녀 옴 | 서울 서초동 인형뽑기 #1010) 홍성오빠",
        "description": "오늘은 국제전자센터 피규어프레소에서 야무치를 뽑기 위해 드래곤볼 History of Rivals 제일복권을 하고 왔습니다ㅋㅋㅋ 똥손과 금손을 반복하는 묘한 운명.. 오늘은 어떤 결과로 이어질까요?\n\n구독😍좋아요👍댓글💬 감사합니다!\n정기후원 👍 https://bit.ly/33Jc5lV\n인스타그램 👍 https://www.instagram.com/hongseongobba/\n페이스북 👍 https://www.facebook.com/hongseongobba/ \n카카오톡 😀 홍성오빠 유튜브 오픈채팅방 official (인형뽑기)\n문의 📧 cafe_therapy@naver.com (촬영, 창업컨설팅, 스폰)\n택배 🚚 서울특별시 성동구 성수이로20길 16 JK타워 8층, 트레져헌터 (홍성오빠)\n만나는 곳 🙋‍♂️ 충청남도 홍성군 홍성읍 조양로205번길 67 뽑기가 안되면 홍성스쿨 본점, 충청남도 홍성군 홍성읍 법원로 7 뽑기가 안되면 홍성스쿨 부영점\n\n♫intro music : Urban Fashion (from. envato elements)\n♫outro music : Hip Hop Chill and Swag 85 (from. envato elements)\n\n#제일복권 #이치방쿠지 #국제전자센터 #피규어프레소 #Ichibankuji #一番くじ #HistoryofRivals #히스토리오브라이벌즈 #드래곤볼 #Dragonball",
        "thumbnail": "https://i.ytimg.com/vi/da05uJHTVXs/mqdefault.jpg",
        "youtubeVideoId": "da05uJHTVXs",
        "uploadedDate": "2020-07-16T06:43:04Z",
        "viewCount": 7841,
        "isCommercial": "False"
    },
    {
        "id": "8a823386-f892-42da-9f5d-62b27a1b2a3e",
        "title": "초신상 드래곤볼 제일복권 Ultimate Variation 개시부터 일냈습니다 | 서울 서교동 인형뽑기 #1006) 홍성오빠 Ichiban Kuji 이치방쿠지 一番くじ",
        "description": "안녕하세요! 너무 오랜만에 인사드립니다. 죄송한 마음에 글을 남기는 것도 너무 민망할 정도네요. 최근 건강이 많이 안 좋아져서 제작에 어려움이 많았습니다. 당분간은 다시 분량 확보를 하게 될 텐데 여건상 매일 방송보다는 종종 보여드릴 수 있는 방향으로 가야할 것 같습니다. 기다려주신 분들, 응원해주신 분들 모두 감사합니다 :)\n\n구독😍좋아요👍댓글💬 감사합니다!\n정기후원 👍 https://bit.ly/33Jc5lV\n인스타그램 👍 https://www.instagram.com/hongseongobba/\n페이스북 👍 https://www.facebook.com/hongseongobba/ \n카카오톡 😀 홍성오빠 유튜브 오픈채팅방 official (인형뽑기)\n문의 📧 cafe_therapy@naver.com (촬영, 창업컨설팅, 스폰)\n택배 🚚 서울특별시 성동구 성수이로20길 16 JK타워 8층, 트레져헌터 (홍성오빠)\n만나는 곳 🙋‍♂️ 충청남도 홍성군 홍성읍 조양로205번길 67, 뽑기가 안되면 홍성스쿨\n\n♫intro music : Urban Fashion (from. envato elements)\n♫outro music : Hip Hop Chill and Swag 85 (from. envato elements)\n\n#제일복권 #UltimateVariation #홍성유튜버 #DragonBall #IchibanKuji #一番くじ #피규어프레소",
        "thumbnail": "https://i.ytimg.com/vi/yOqTcnryh0g/mqdefault.jpg",
        "youtubeVideoId": "yOqTcnryh0g",
        "uploadedDate": "2020-06-21T01:33:13Z",
        "viewCount": 7756,
        "isCommercial": "False"
    },
    {
        "id": "03b8bd6f-d4cf-4c7a-95de-245f53c9dc4d",
        "title": "현지 가격보다 저렴한 1+1 제일복권 행사로 대박터졌습니다! | 서울 서교동 인형뽑기 #982) 홍성오빠 Ichiban kuji 一番くじ 이치방쿠지",
        "description": "홍대에 있는 원피스카페에서 지난 2월에 제일복권 1+1 행사를 한 적이 있었는데요, 일본 현지에서 구매하는 가격보다도 2천원 가략 더 저렴하게 샀어요! 대박 터졌네요 :)\n\n구독😍좋아요👍댓글💬 감사합니다!\n정기후원 👍 http://bitly.kr/L40QdmkV\n인스타그램 👍 https://www.instagram.com/hongseongobba/\n페이스북 👍 https://www.facebook.com/hongseongobba/ \n카카오톡 😀 홍성오빠 유튜브 오픈채팅방 official (인형뽑기)\n문의 📧 cafe_therapy@naver.com (촬영, 창업컨설팅, 스폰)\n택배 🚚 서울특별시 성동구 성수이로20길 16 JK타워 8층, 트레져헌터 (홍성오빠)\n만나는 곳 🙋‍♂️ 충청남도 홍성군 홍성읍 조양로205번길 67, 뽑기가 안되면 홍성스쿨\n\n♫intro music : Urban Fashion (from. envato elements)\n♫outro music : Hip Hop Chill and Swag 85 (from. envato elements)\n\n#제일복권 #원피스카페 #홍성유튜버",
        "thumbnail": "https://i.ytimg.com/vi/YpJxFmoKH6s/mqdefault.jpg",
        "youtubeVideoId": "YpJxFmoKH6s",
        "uploadedDate": "2020-03-24T04:34:40Z",
        "viewCount": 15939,
        "isCommercial": "False"
    },
    {
        "id": "52201e07-c723-4f1c-b06c-e0eced480594",
        "title": "제일복권 통털이는 내 운명!? 기존 기록을 갈아치우는 역대급 결과에 당황한 나 | 부산 남포동 인형뽑기 #981) 홍성오빠 Ichiban kuji 一番くじ 이치방쿠지",
        "description": "지난 1월 초 가족여행차 들렀던 부산에서 갑자기 가챠샵을 가게 됐다가 그만 또 일을 저지르고 말았답니다. 제일복권 통털이는 제겐 운명같아요 :)\n\n구독😍좋아요👍댓글💬 감사합니다!\n정기후원 👍 https://www.youtube.com/channel/UCgiYYA1R_LAZ0lUXfKoaTwg/join\n인스타그램 👍 https://www.instagram.com/hongseongobba/\n페이스북 👍 https://www.facebook.com/hongseongobba/ \n카카오톡 😀 홍성오빠 유튜브 오픈채팅방 official (인형뽑기)\n문의 📧 cafe_therapy@naver.com (촬영, 창업컨설팅, 스폰)\n택배 🚚 서울특별시 성동구 성수이로20길 16 JK타워 8층, 트레져헌터 (홍성오빠)\n만나는 곳 🙋‍♂️ 충청남도 홍성군 홍성읍 조양로205번길 67, 뽑기가 안되면 홍성스쿨\n\n♫intro music : Urban Fashion (from. envato elements)\n♫outro music : Hip Hop Chill and Swag 85 (from. envato elements)\n\n#부산제일복권 #이치방쿠지 #홍성유튜버",
        "thumbnail": "https://i.ytimg.com/vi/xRjXioWUwu4/mqdefault.jpg",
        "youtubeVideoId": "xRjXioWUwu4",
        "uploadedDate": "2020-03-23T05:46:29Z",
        "viewCount": 13130,
        "isCommercial": "False"
    },
    {
        "id": "ab39dfa5-8e0c-46e3-8806-3f29ef51f96b",
        "title": "일본 점프샵에서 제일복권 영업 끝내고 왔습니다. (역대급 주의) | 일본 후쿠오카 인형뽑기 #976) 홍성오빠 ワンピース 一番くじ Ichiban kuji",
        "description": "현지 구매라 상대적으로 저렴한게 뽑기 운을 더 좋게 만들어 준 것일까요!? 일본 점프샵에서 제일복권 씹어먹고 왔습니다. 국제치빠ㅋㅋ\n\n구독😍좋아요👍댓글💬 감사합니다!\n정기후원 👍 https://www.youtube.com/channel/UCgiYYA1R_LAZ0lUXfKoaTwg/join\n인스타그램 👍 https://www.instagram.com/hongseongobba/\n페이스북 👍 https://www.facebook.com/hongseongobba/ \n카카오톡 😀 홍성오빠 유튜브 오픈채팅방 official (인형뽑기)\n문의 📧 cafe_therapy@naver.com (촬영, 창업컨설팅, 스폰)\n택배 🚚 서울특별시 성동구 성수이로20길 16 JK타워 8층, 트레져헌터 (홍성오빠)\n만나는 곳 🙋‍♂️ 충청남도 홍성군 홍성읍 조양로205번길 67, 뽑기가 안되면 홍성스쿨\n\n♫intro music : Urban Fashion (from. envato elements)\n♫outro music : Hip Hop Chill and Swag 85 (from. envato elements)\n\n#제일복권 #이치방쿠지 #홍성유튜버",
        "thumbnail": "https://i.ytimg.com/vi/uC1P8v6cdFs/mqdefault.jpg",
        "youtubeVideoId": "uC1P8v6cdFs",
        "uploadedDate": "2020-03-16T00:52:01Z",
        "viewCount": 14701,
        "isCommercial": "False"
    },
    {
        "id": "4dad6063-379c-47d3-bcf4-e49668f88a25",
        "title": "홍성오빠 홍대가챠샵 가다! 핼러윈 피카츄를 종류별로 다 뽑기 위한 생고생 버라이어티 (Feat. 중복극혐주의) #338) 홍성오빠",
        "description": "** 매일 평일 오후 5시, 주말 및 공휴일 오후 2시 업로드 **\n인스타그램 ▶ https://www.instagram.com/hongseongobba/\n페이스북 ▶ https://www.facebook.com/hongseongobba/ \n카카오톡 ▶ 친구검색에서 '홍성오빠' 검색 후 친구추가\n\n소통하는 뽑기방송!! 많은 구독 및 좋아요 눌러주시면 매일 재미있는 뽑기영상 보실 수 있습니다!^^",
        "thumbnail": "https://i.ytimg.com/vi/c7URRLmm8hQ/mqdefault.jpg",
        "youtubeVideoId": "c7URRLmm8hQ",
        "uploadedDate": "2020-03-08T22:45:33Z",
        "viewCount": 0,
        "isCommercial": "False"
    },
    {
        "id": "83a7f59a-393e-44f3-8854-055646360cee",
        "title": "아키하바라 요도바시 카메라에서 가챠뽑기! 원피스 삼형제 피규어 풀세트 뽑기 | 일본 도쿄 인형뽑기 あきはばら ヨドバシカメラ Akihabara Yodobashi Camera #833",
        "description": "** 매일 오후 5시 업로드 **\n인스타그램 ▶ https://www.instagram.com/hongseongobba/\n페이스북 ▶ https://www.facebook.com/hongseongobba/ \n카카오톡 ▶ 친구검색에서 '홍성오빠' 검색 후 친구추가\n\n소통하는 뽑기방송!! 많은 구독 및 좋아요 눌러주시면 매일 재미있는 뽑기영상 보실 수 있습니다!^^",
        "thumbnail": "https://i.ytimg.com/vi/c672NBJpmBw/mqdefault.jpg",
        "youtubeVideoId": "c672NBJpmBw",
        "uploadedDate": "2020-03-08T22:44:57Z",
        "viewCount": 0,
        "isCommercial": "False"
    },
    {
        "id": "203f526d-c19c-4829-98de-e76fa1e648cb",
        "title": "이건 인형뽑기야 자판기야? 가챠뽑기와 행운열쇠뽑기가 합쳐진 행운의 캡슐자판기 해봤다｜인천 주안동 인형뽑기 #659) 홍성오빠",
        "description": "** 매일 오후 5시 업로드 **\n인스타그램 ▶ https://www.instagram.com/hongseongobba/\n페이스북 ▶ https://www.facebook.com/hongseongobba/ \n카카오톡 ▶ 친구검색에서 '홍성오빠' 검색 후 친구추가\n\n소통하는 뽑기방송!! 많은 구독 및 좋아요 눌러주시면 매일 재미있는 뽑기영상 보실 수 있습니다!^^",
        "thumbnail": "https://i.ytimg.com/vi/2SKYEr7yHXs/mqdefault.jpg",
        "youtubeVideoId": "2SKYEr7yHXs",
        "uploadedDate": "2020-03-08T22:44:57Z",
        "viewCount": 0,
        "isCommercial": "False"
    },
    {
        "id": "5f9c0384-5921-4920-aa08-965bef8a2b82",
        "title": "미국판 희귀 포켓몬스터 가챠 피규어 홍성 상륙! 총알 4만원 준비했다.. 포덕후 경자TV도 놀란 포켓몬 피규어 뽑고 리뷰까지 가자 #477) 홍성오빠",
        "description": "** 매일 밤 9시 업로드 **\n인스타그램 ▶ https://www.instagram.com/hongseongobba/\n페이스북 ▶ https://www.facebook.com/hongseongobba/ \n카카오톡 ▶ 친구검색에서 '홍성오빠' 검색 후 친구추가\n\n소통하는 뽑기방송!! 많은 구독 및 좋아요 눌러주시면 매일 재미있는 뽑기영상 보실 수 있습니다!^^",
        "thumbnail": "https://i.ytimg.com/vi/qEvWDfSIOAk/mqdefault.jpg",
        "youtubeVideoId": "qEvWDfSIOAk",
        "uploadedDate": "2020-03-08T22:44:57Z",
        "viewCount": 0,
        "isCommercial": "False"
    },
    {
        "id": "47e70e25-579b-4e9b-a27d-25885c672cb7",
        "title": "서천휴게소에서 아이스크림 가챠폰 뽑기! 충격적인 반전.. 전북뽑기투어의 총운을 결정할 손금 운세의 결과는? #282) 홍성오빠",
        "description": "** 매일 평일 오후 5시, 주말 및 공휴일 오후 2시 업로드 **\n인스타그램 ▶ https://www.instagram.com/hongseongobba/\n페이스북 ▶ https://www.facebook.com/hongseongobba/ \n카카오톡 ▶ 친구검색에서 '홍성오빠' 검색 후 친구추가\n\n소통하는 뽑기방송!! 많은 구독 및 좋아요 눌러주시면 매일 재미있는 뽑기영상 보실 수 있습니다!^^",
        "thumbnail": "https://i.ytimg.com/vi/ko1otOVQzEA/mqdefault.jpg",
        "youtubeVideoId": "ko1otOVQzEA",
        "uploadedDate": "2020-03-08T22:44:57Z",
        "viewCount": 0,
        "isCommercial": "False"
    },
    {
        "id": "54b5a1f9-97fc-4880-9699-5dc595117eb8",
        "title": "홍성오빠 IN 부산! 첫 뽑기는 잠자는 포켓몬스터 가챠폰 뽑기다! 만 원에 몇 종류나 뽑을까? #165) 홍성오빠",
        "description": "잠자는 포켓몬스터 가챠폰 뽑기! 많은 구독 및 좋아요 눌러주시면 매일 재미있는 뽑기영상 보실 수 있습니다!^^",
        "thumbnail": "https://i.ytimg.com/vi/Q41UZHX4b20/mqdefault.jpg",
        "youtubeVideoId": "Q41UZHX4b20",
        "uploadedDate": "2020-03-08T22:44:57Z",
        "viewCount": 0,
        "isCommercial": "False"
    },
    {
        "id": "c91d21b8-25f0-457f-b6e7-e52cf1898e5c",
        "title": "[LIVE] 100만원 갑니다! 국제전자센터에서 드래곤볼 돗칸배틀 제일복권 뽑기",
        "description": "#홍성오빠 #인형뽑기 #제일복권 #이치방쿠지\n구독😍좋아요👍댓글💬 감사합니다!\n정기후원 👍 http://bitly.kr/L40QdmkV\n인스타그램 👍 https://www.instagram.com/hongseongobba/\n페이스북 👍 https://www.facebook.com/hongseongobba/ \n카카오톡 😀 홍성오빠 유튜브 오픈채팅방 official (인형뽑기)\n문의 📧 cafe_therapy@naver.com (촬영, 창업컨설팅, 스폰)\n택배 🚚 서울특별시 성동구 성수이로20길 16 JK타워 8층, 트레져헌터 (홍성오빠)\n만나는 곳 🙋‍♂️ 충청남도 홍성군 홍성읍 조양로205번길 67, 뽑기가 안되면 홍성스쿨\n\n♫intro music : Urban Fashion (from. envato elements)\n♫outro music : Hip Hop Chill and Swag 85 (from. envato elements)",
        "thumbnail": "https://i.ytimg.com/vi/3_YDqWqjJBo/mqdefault.jpg",
        "youtubeVideoId": "3_YDqWqjJBo",
        "uploadedDate": "2020-03-08T22:43:30Z",
        "viewCount": 13624,
        "isCommercial": "False"
    },
    {
        "id": "279f8657-fc99-4ad3-a85d-3e7fd2e8e505",
        "title": "[LIVE] 국제전자센터에서 제일복권 100만원어치 뽑기! 한 판에 5만원짜리 뽑기 도전",
        "description": "구독😍좋아요👍댓글💬 감사합니다!\n정기후원 👍 http://bitly.kr/L40QdmkV\n인스타그램 👍 https://www.instagram.com/hongseongobba/\n페이스북 👍 https://www.facebook.com/hongseongobba/ \n카카오톡 😀 홍성오빠 유튜브 오픈채팅방 official (인형뽑기)\n문의 📧 cafe_therapy@naver.com (촬영, 창업컨설팅, 스폰)\n택배 🚚 서울특별시 성동구 성수이로20길 16 JK타워 8층, 트레져헌터 (홍성오빠)\n만나는 곳 🙋‍♂️ 충청남도 홍성군 홍성읍 조양로205번길 67, 뽑기가 안되면 홍성스쿨\n\n♫intro music : Urban Fashion (from. envato elements)\n♫outro music : Hip Hop Chill and Swag 85 (from. envato elements)\n\n#인형뽑기 #홍성오빠 #홍성유튜버",
        "thumbnail": "https://i.ytimg.com/vi/uVEs0Lsa16M/mqdefault.jpg",
        "youtubeVideoId": "uVEs0Lsa16M",
        "uploadedDate": "2020-03-08T22:43:30Z",
        "viewCount": 23037,
        "isCommercial": "False"
    },
    {
        "id": "2aec53a4-fcb5-4d1e-97c4-535412124000",
        "title": "한 판에 무려 15,000원짜리 자체 제작 제일복권!? 170만원 긁었습니다 | 서울 서초동 인형뽑기 #973) 홍성오빠 ワンピース 一番くじ Ichiban kuji",
        "description": "1장당 15,000원에 판매하고 있는 자체 제작 제일복권을 해봤습니다. 쓰다보니 단일 최대 금액을 질러버렸네요 ㅠ_ㅠ 재밌게 봐주세요~ :)\n\n구독😍좋아요👍댓글💬 감사합니다!\n인스타그램 👍 https://www.instagram.com/hongseongobba/\n페이스북 👍 https://www.facebook.com/hongseongobba/ \n카카오톡 😀 홍성오빠 유튜브 오픈채팅방 official (인형뽑기)\n문의 📧 cafe_therapy@naver.com (촬영, 창업컨설팅, 스폰)\n택배 🚚 서울특별시 성동구 성수이로20길 16 JK타워 8층, 트레져헌터 (홍성오빠)\n만나는 곳 🙋‍♂️ 충청남도 홍성군 홍성읍 조양로205번길 67, 뽑기가 안되면 홍성스쿨\n\n♫intro music : Urban Fashion (from. envato elements)\n♫outro music : Hip Hop Chill and Swag 85 (from. envato elements)\n\n#제일복권 #이치방쿠지 #홍성유튜버",
        "thumbnail": "https://i.ytimg.com/vi/jk3vuJE1qh4/mqdefault.jpg",
        "youtubeVideoId": "jk3vuJE1qh4",
        "uploadedDate": "2020-03-08T22:42:35Z",
        "viewCount": 23074,
        "isCommercial": "False"
    },
    {
        "id": "86f3b7dd-e504-44b6-ab92-9167b2962937",
        "title": "분명히 새 제일복권을 했는데 또 통털이를... 홍성스쿨 점주 간의 꿀잼 복권 대결까지! | 서울 서초동 인형뽑기 #958) 홍성오빠 ワンピース 一番くじ Ichiban kuji",
        "description": "제일복권엔 대개 총 80장의 복권이 들어있습니다. 근데 왜 때문에 또 통털이를ㅠㅠ? 왜 우리끼리 대결을 하고 있는건지! 크크;\n\n구독😍좋아요👍댓글💬 감사합니다!\n인스타그램 👍 https://www.instagram.com/hongseongobba/\n페이스북 👍 https://www.facebook.com/hongseongobba/ \n카카오톡 😀 홍성오빠 유튜브 오픈채팅방 official (인형뽑기)\n문의 📧 cafe_therapy@naver.com (촬영, 창업컨설팅, 스폰)\n택배 🚚 서울특별시 성동구 성수이로20길 16 JK타워 8층, 트레져헌터 (홍성오빠)\n만나는 곳 🙋‍♂️ 충청남도 홍성군 홍성읍 조양로205번길 67, 뽑기가 안되면 홍성스쿨\n\n♫intro music : Urban Fashion (from. envato elements)\n♫outro music : Hip Hop Chill and Swag 85 (from. envato elements)\n\n#제일복권 #이치방쿠지 #홍성유튜버",
        "thumbnail": "https://i.ytimg.com/vi/vsix9H-N46o/mqdefault.jpg",
        "youtubeVideoId": "vsix9H-N46o",
        "uploadedDate": "2020-03-08T22:42:35Z",
        "viewCount": 8616,
        "isCommercial": "False"
    },
    {
        "id": "1bbdfd80-96b9-4008-abd0-219e99c838e2",
        "title": "국제전자센터에서 제일복권을 했는데 단 2장만에 나온 이것은!? | 서울 서초동 인형뽑기 #957) 홍성오빠 ワンピース 一番くじ 이치방쿠지 Ichiban kuji",
        "description": "약 반 년만에 서울 국제전자센터(국전)에서 원피스 장인의 계보 제일복권 뽑기에 도전해봤는데요, 단 2장만에 뽑은 이것은 과연 무엇이었을지? 홍성오빠 대표 뽑기 콘텐츠인 꿀잼 제일복권:)\n\n구독😍좋아요👍댓글💬 감사합니다!\n인스타그램 👍 https://www.instagram.com/hongseongobba/\n페이스북 👍 https://www.facebook.com/hongseongobba/ \n카카오톡 😀 홍성오빠 유튜브 오픈채팅방 official (인형뽑기)\n문의 📧 cafe_therapy@naver.com (촬영, 창업컨설팅, 스폰)\n택배 🚚 서울특별시 성동구 성수이로20길 16 JK타워 8층, 트레져헌터 (홍성오빠)\n만나는 곳 🙋‍♂️ 충청남도 홍성군 홍성읍 조양로205번길 67, 뽑기가 안되면 홍성스쿨\n\n♫intro music : Urban Fashion (from. envato elements)\n♫outro music : Hip Hop Chill and Swag 85 (from. envato elements)\n\n#제일복권 #Ichibankuji #一番くじ",
        "thumbnail": "https://i.ytimg.com/vi/3Zi2SvUYdcc/mqdefault.jpg",
        "youtubeVideoId": "3Zi2SvUYdcc",
        "uploadedDate": "2020-03-08T22:42:35Z",
        "viewCount": 17840,
        "isCommercial": "False"
    },
    {
        "id": "815f8d1a-d15e-42c1-b270-10c64ebee108",
        "title": "숨겨진 곳에 장난감 뽑으러 대구까지 가봤습니다. | 대구 산격동 인형뽑기 #943) 홍성오빠 ワンピース 一番くじ 이치방쿠지 제일복권",
        "description": "제일복권이 뭐라고.. 대구까지 가서 그것도 숨겨진 곳에서!!ㅎㅎ 유튜버 좋아현(LIKEHYEON)이 운영하는 히든토이 제일복권샵에 가봤습니다. 똥손이 대구에서도 계속될지..?\n\n구독😍좋아요👍댓글💬 감사합니다!\n인스타그램 👍 https://www.instagram.com/hongseongobba/\n페이스북 👍 https://www.facebook.com/hongseongobba/ \n카카오톡 😀 홍성오빠 유튜브 오픈채팅방 official (인형뽑기)\n문의 📧 cafe_therapy@naver.com (촬영, 창업컨설팅, 스폰)\n택배 🚚 서울특별시 성동구 성수이로20길 16 JK타워 8층, 트레져헌터 (홍성오빠)\n만나는 곳 🙋‍♂️ 충청남도 홍성군 홍성읍 조양로205번길 67, 뽑기가 안되면 홍성스쿨\n\n♫intro music : Carvan Palace - Je Mamuse (R.O Remix)\n♫outro music : The Farmer In The Dell (Instrumental)\n\n#대구뽑기 #제일복권 #홍성유튜버",
        "thumbnail": "https://i.ytimg.com/vi/tlpUgQXPyVE/mqdefault.jpg",
        "youtubeVideoId": "tlpUgQXPyVE",
        "uploadedDate": "2020-03-08T22:42:35Z",
        "viewCount": 17268,
        "isCommercial": "False"
    },
    {
        "id": "2e93acbf-1a52-40b4-91e3-f44ad1a1bb7a",
        "title": "뽑기방에서 까본 제일복권! 첫 장에 영업종료각 | 대전 탄방동 인형뽑기 #930) 홍성오빠 Korean Claw Machine Win 一番くじ",
        "description": "지난 번 뽑은 피규어를 다 적립하고 포인트로 뽑은 제일복권(이치방쿠지, 一番くじ) 샹크스도 아니고 첫 장에 끝내러 온 사나이.. 그게 바로 접니다.\n\n구독😍좋아요👍댓글💬 감사합니다!\n인스타그램 👍 https://www.instagram.com/hongseongobba/\n페이스북 👍 https://www.facebook.com/hongseongobba/ \n카카오톡 😀 홍성오빠 유튜브 오픈채팅방 official (인형뽑기)\n문의 📧 cafe_therapy@naver.com (촬영, 창업컨설팅, 스폰)\n택배 🚚 서울특별시 성동구 성수이로20길 16 JK타워 8층, 트레져헌터 (홍성오빠)\n만나는 곳 🙋‍♂️ 충청남도 홍성군 홍성읍 조양로205번길 67, 뽑기가 안되면 홍성스쿨\n\n♫intro music : Carvan Palace - Je Mamuse (R.O Remix)\n♫outro music : The Farmer In The Dell (Instrumental)\n\n#피규어뽑기 #제일복권 #홍성유튜버",
        "thumbnail": "https://i.ytimg.com/vi/KV_48EnvWIc/mqdefault.jpg",
        "youtubeVideoId": "KV_48EnvWIc",
        "uploadedDate": "2020-03-08T22:42:35Z",
        "viewCount": 32242,
        "isCommercial": "False"
    },
    {
        "id": "5d8152f0-af05-4ba2-9eae-fd9d0d23da11",
        "title": "충격적인 결말로 이어진 구독자 분과의 제일복권 뽑기 대결 (초대형 브로리 피규어) | 서울 서교동 인형뽑기 #922) 홍성오빠 ワンピース 一番くじ 이치방쿠지",
        "description": "오늘은 갑자기 현장에서 만나게 된 구독자 분과 제일복권(이치방쿠지) 대결을 해봤습니다! 충격적인 결말로 이어진 대결의 결과를 영상으로 확인해주세요:D\n\n구독😍좋아요👍댓글💬 감사합니다!\n인스타그램 👍 https://www.instagram.com/hongseongobba/\n페이스북 👍 https://www.facebook.com/hongseongobba/ \n카카오톡 😀 홍성오빠 유튜브 오픈채팅방 official (인형뽑기)\n문의 📧 cafe_therapy@naver.com (촬영, 창업컨설팅, 스폰)\n택배 🚚 서울특별시 성동구 연무장15길 11 에스팩토리 2층, 트레져헌터 (홍성오빠)\n만나는 곳 🙋‍♂️ 충청남도 홍성군 홍성읍 조양로205번길 67, 뽑기가 안되면 홍성스쿨\n\n♫intro music : Carvan Palace - Je Mamuse (R.O Remix)\n♫outro music : The Farmer In The Dell (Instrumental)\n\n#홍대뽑기 #제일복권 #홍성유튜버",
        "thumbnail": "https://i.ytimg.com/vi/Npesc8hT1lM/mqdefault.jpg",
        "youtubeVideoId": "Npesc8hT1lM",
        "uploadedDate": "2020-03-08T22:42:35Z",
        "viewCount": 11391,
        "isCommercial": "False"
    },
    {
        "id": "880b67fd-b949-4c74-bf88-4c24e6364ca1",
        "title": "제일복권 100만원어치 뽑아서 피규어 산더미로 가져왔습니다. (반전주의) | 서울 서교동 인형뽑기 #921) 홍성오빠 ワンピース 一番くじ 이치방쿠지",
        "description": "100만원 지른 결과를 공개합니다. 신상 원피스, 드래곤볼 제일복권(이치방쿠지, ワンピース 一番くじ) 영상으로 확인하세요!\n\n구독😍좋아요👍댓글💬 감사합니다!\n인스타그램 👍 https://www.instagram.com/hongseongobba/\n페이스북 👍 https://www.facebook.com/hongseongobba/ \n카카오톡 😀 홍성오빠 유튜브 오픈채팅방 official (인형뽑기)\n문의 📧 cafe_therapy@naver.com (촬영, 창업컨설팅, 스폰)\n택배 🚚 서울특별시 성동구 연무장15길 11 에스팩토리 2층, 트레져헌터 (홍성오빠)\n만나는 곳 🙋‍♂️ 충청남도 홍성군 홍성읍 조양로205번길 67, 뽑기가 안되면 홍성스쿨\n\n♫intro music : Carvan Palace - Je Mamuse (R.O Remix)\n♫outro music : The Farmer In The Dell (Instrumental)\n\n#홍대뽑기 #제일복권 #홍성유튜버",
        "thumbnail": "https://i.ytimg.com/vi/2D2qxbbNH00/mqdefault.jpg",
        "youtubeVideoId": "2D2qxbbNH00",
        "uploadedDate": "2020-03-08T22:42:35Z",
        "viewCount": 75049,
        "isCommercial": "False"
    }
]