[
    {
        "id": "1072b571-e56a-42a5-a59b-b7afa7c15304",
        "title": "피지컬 vs 뇌지컬 무엇이 더 중요한가ㅣ게임부록 시즌2ㅣ EP.7",
        "description": "모르겠고 나는 쵸단...♥\n\n04:01 하스스톤 논란 재점화\n13:58 던구나무\n16:26 게임부록 배 팔씨름 대회\n20:53 쵸단은 사람을 때리지 않습니다\n24:22 시즌14호 김희철 논란\n33:43 쿠키영상\n\n\"저품격 노필터 게임 전문 토크쇼 '게임부록' 연예계 대표 겜덕 김희철 X 유튜브 대표 겜덕 성회형 X 게임계 아버지 성캐가 끝판왕들을 찾아간다!\"\n\n게임부록 PB상품 출시!! 많관부~~ 진짜 존맛....\nhttp://www.tmon.co.kr/deal/12762868218\n\n#던 #쵸단 #피지컬",
        "thumbnail": "https://i.ytimg.com/vi/qyD8udFrLjw/mqdefault.jpg",
        "youtubeVideoId": "qyD8udFrLjw",
        "uploadedDate": "2022-11-10T09:51:41Z",
        "viewCount": 42753,
        "isCommercial": "False"
    },
    {
        "id": "fd7e7d42-7ed9-486b-8581-f6fe962ca67a",
        "title": "여자 스트리머 싸움 1위",
        "description": "101일 동안 다이어트와 근육량 증가 등등\n다양한 목적을 가지고, 바디프로필을 준비하는 6명의 이야기! \"프로틴스 101\"\nUFC 랭킹 4위 정찬성님에게 쵸단님을 데리고 갔습니다!\n\n[김계란 키우기 피지컬갤러리 구독자 이벤트]\n피지컬갤러리 구독자분들에게 약 20만원 상당의 쿠폰을 드립니다!\n사용 시간 : 2021년 12월 31일 23시 59분까지\n발행 개수 : 50,000개\n쿠폰 번호 : 유튜브킹김계란\n보상\n - 다이아 5,000개\n - 100kg 메인무기 상자 5개\n - 100kg 서브무기 상자 5개\n - 디펜스 입장권 10개\n * 쿠폰은 메뉴-설정-쿠폰입력에서 사용하실 수 있습니다.\n * 다운로드 방법 : 안드로이드, 아이폰 앱스토어에서 \"김계란 키우기\" 검색\nhttps://kimegg.onelink.me/ZvmC/e97eba3b",
        "thumbnail": "https://i.ytimg.com/vi/sVQ8t6L6RWI/mqdefault.jpg",
        "youtubeVideoId": "sVQ8t6L6RWI",
        "uploadedDate": "2022-04-19T23:11:09Z",
        "viewCount": 1286978,
        "isCommercial": "False"
    },
    {
        "id": "678546b0-e440-44c5-8636-ed9f914f7d5b",
        "title": "패자에겐 끔찍한 벌칙이! 🔥 따효니 vs 쵸단 테니스 🥎 원데이 클래스 | 로그아웃 따효니 편",
        "description": "인챈트 크리에이터 외출 권장 프로젝트 '로그아웃' 따효니 편입니다. 😎\n[ 구독, 좋아요, 알림설정 ] 정말 큰 도움이 됩니다 ~ ! ❤\n#로그아웃 #따효니 #쵸단 #테니스 #인챈트 \n@따효니DDaHyoNi @쵸단",
        "thumbnail": "https://i.ytimg.com/vi/JmRepGj-Mns/mqdefault.jpg",
        "youtubeVideoId": "JmRepGj-Mns",
        "uploadedDate": "2022-11-10T02:40:59Z",
        "viewCount": 0,
        "isCommercial": "False"
    },
    {
        "id": "5278cbdc-200e-4e23-bd7c-232d1e308ba8",
        "title": "세게 안 때렸는데;",
        "description": "#코믹숏무비 #너덜트 #스파링\n체육관의 호황을 위해 일반 여성 회원으로 둔갑한 파괴자 쵸단과의 아름답지만 피터지는 스파링 이야기\n\n쵸단 역 / 쵸단\n유튜브 쵸단\nhttps://www.youtube.com/channel/UCDBvugWtRfSaUNMmORymq7Q\n\n상협 역 / 전상협\n인스타그램\nhttps://www.instagram.com/j_negotiation\n\n관장 역 / 임재형\n인스타그램\nhttps://www.instagram.com/jaehyung_log\n\n현규 역 / 유현규\n인스타그램\nhttps://www.instagram.com/gyuis_\n\n너덜트 공식 인스타그램\nhttps://www.instagram.com/nerd_ult",
        "thumbnail": "https://i.ytimg.com/vi/DjfYbrzTLak/mqdefault.jpg",
        "youtubeVideoId": "DjfYbrzTLak",
        "uploadedDate": "2022-11-10T02:35:16Z",
        "viewCount": 1427049,
        "isCommercial": "False"
    },
    {
        "id": "0e55bbc7-ae34-4f51-9be9-c4d2ffd02c34",
        "title": "쵸단한테 경기복?만 입고 몸평 받았습니다ㅋㅋ",
        "description": "쵸단한테 몸평까지 받아버린 혀크예가\n\n* 식단은 여기가 가장 저렴합니다 - 닭가슴살 최저가 미트리 *\nhttps://metree.co.kr/index/index.php?sponsor=100163578\n최대 56%이상 할인 추천코드-100163578\n___________________________________________\n마이프로틴 링크 https://tidd.ly/36mzZTJ\n링크타고 싸게 구매하세요! 추천인 코드  WQEI-R2  (회원가입시 입력)\n최대 40%이상 추가할인코드hyuk (결제창 할인코드란에 입력)\n____________________________________________\n*THE WEIGHT COMPANY(T.W.C) - 헬창 용품 브랜드*\n[가죽 그립 & 니슬리브 & 리프팅벨트 & 가방]\nhttps://bit.ly/3q5vtl1\n(대한민국 유일 할인코드 : HYUK)\n____________________________________________\n*권혁이 입는 짐웨어 *\nhttps://hdex.co.kr\n____________________________________________\n*권혁이 직접 짠 운동플랜! 따라만하세요 (식단포함)\nhttps://hulktv.imweb.me/\n______________________________________________\n*하빈져 엠베서더*\n검증된 운동용품 하빈져 제품을 네이버 최저가보다 저렴하게 구입하실 수 있습니다\nhttps://instashop.srookpay.com/naum02988_07\n#Roadto백만",
        "thumbnail": "https://i.ytimg.com/vi/n9EeZ0m5vsU/mqdefault.jpg",
        "youtubeVideoId": "n9EeZ0m5vsU",
        "uploadedDate": "2022-11-10T02:38:26Z",
        "viewCount": 93056,
        "isCommercial": "False"
    },
    {
        "id": "cfc789c6-4638-444f-9f46-4e5cd6635127",
        "title": "걸리면 내 인생 끝이다┃짠내아이돌 1화┃Broke Rookie Star EP.01 (SUB)",
        "description": "구독❤️과 좋아요❤️ 알림설정🔔 \n채널구독하기│ https://www.youtube.com/c/phdrama?sub_confirmation=1\n\n걸리면 내 인생 끝이다┃ 짠내아이돌 1화┃Broke Rookie Star EP.01\n\n제          공 ┃ KBS미디어\n기획, 제작 ┃ PH E&M 피에이치이엔엠 \n\n#짠내아이돌 #라키  #아스트로 #Rocky #Astro \n#문지후 #최성민 #이상 #디모데 #엑스피어스 #xpiers \n#Brokerookiestar #BRS\n#アストロ #ラキ #かわいそうなアイドル #アイドル\n\n***************************************************************\n\nPH Drama\n❤️ Youtube │ https://youtube.com/c/phdrama\n❤️ Instagram │ https://www.instagram.com/phenm_official\n❤️ Facebook │ http://www.facebook.com/phenm.official\n❤️ Twitter │https://twitter.com/phenm_official\n❤️ Naver TV│ https://tv.naver.com/phenm",
        "thumbnail": "https://i.ytimg.com/vi/E0jL1n0zWxc/mqdefault.jpg",
        "youtubeVideoId": "E0jL1n0zWxc",
        "uploadedDate": "2022-04-19T23:12:36Z",
        "viewCount": 0,
        "isCommercial": "False"
    },
    {
        "id": "57334348-bec8-4800-98af-e42a5f6b94db",
        "title": "사체도 잡아뜯는 UDT VS. 스치면 넘어지는 쫄보들의 추리 대결 [밀리추리 : 1화]",
        "description": "시청자도 함께 추리해보는 밀리터리 추리 서바이벌 이벤트!\n과연 1,000만 원의 상금을 차지할 우승자는 누구일지 맞혀주세요.\n※자세한 참여 방법은 아래 고정 댓글에서 확인※\n\n#에이전트H #덱스 #오킹 #장동민 #쵸단 #김민아 \n#서든어택 #밀리추리\n\n● 넥슨 서든어택 공식 채널 : http://sa.nexon.com",
        "thumbnail": "https://i.ytimg.com/vi/Krzai3qfXcc/mqdefault.jpg",
        "youtubeVideoId": "Krzai3qfXcc",
        "uploadedDate": "2022-04-28T08:16:12Z",
        "viewCount": 9581,
        "isCommercial": "False"
    },
    {
        "id": "2df909c1-8a82-44fc-8b35-58261caea403",
        "title": "\"???: 이거 다 H형님이 문제 같은데?\" UDT 자존심 지켜주려고 편집했던 미공개 클립 [밀리추리 : 비하인드]",
        "description": "분량 때문에 덜어낸 장면들이 너무 아까워서 깜짝 공개하는 밀리추리병들의 비하인드🎁\n이 장면들이 어디서 나왔는지 궁금하다면?!\n▶ https://www.youtube.com/playlist?list=PLXBtZZq9cODoFI0kKgO5F0NQ9kFMaVuuW\n\n#에이전트H #덱스 #오킹 #장동민 #쵸단 #김민아 \n#서든어택 #밀리추리\n\n● 넥슨 서든어택 공식 채널 : http://sa.nexon.com",
        "thumbnail": "https://i.ytimg.com/vi/7jqQOByTPC0/mqdefault.jpg",
        "youtubeVideoId": "7jqQOByTPC0",
        "uploadedDate": "2022-05-19T22:03:11Z",
        "viewCount": 5520,
        "isCommercial": "False"
    },
    {
        "id": "1f9d2954-4006-44b8-94ea-5bd0ba49f813",
        "title": "본격 밀리터리 서바이벌! 천만 원을 건 추리 전쟁의 서막 [밀리추리 : 티저]",
        "description": "한 살인 사건에 숨겨진 추악한 진실을 밝혀달라는  요청,\n그리고 사건의 전말을 풀어낸 우승자에게 주어지는 천만 원의 상금.\n앞으로 매주 목요일 오후 5시, 밀리터리 추리 배틀이 찾아옵니다!\n\n#에이전트H #덱스 #오킹 #장동민 #쵸단 #김민아 \n#서든어택 #밀리추리\n\n● 넥슨 서든어택 공식 채널 : http://sa.nexon.com",
        "thumbnail": "https://i.ytimg.com/vi/UlQF-RAurdU/mqdefault.jpg",
        "youtubeVideoId": "UlQF-RAurdU",
        "uploadedDate": "2022-04-21T22:25:34Z",
        "viewCount": 2751,
        "isCommercial": "False"
    },
    {
        "id": "1561ebc6-3836-4702-83fe-29195559b49c",
        "title": "\"이거... 방송에서 말해도 돼?!👀\" 오킹이 미X놈 소리 들은 이유는? [밀리추리 : 2화]",
        "description": "뇌지컬이 부족할 때는 피지컬로 극복해라!\n개인 추리 시간을 확보하기 위해 온몸을 던지는 밀리추리병 6인.\n그리고 서서히 밝혀지는 일기장에 숨겨진 비밀은?!\n\n#에이전트H #덱스 #오킹 #장동민 #쵸단 #김민아 \n#서든어택 #밀리추리\n\n● 넥슨 서든어택 공식 채널 : http://sa.nexon.com",
        "thumbnail": "https://i.ytimg.com/vi/BFmJSoXeY2A/mqdefault.jpg",
        "youtubeVideoId": "BFmJSoXeY2A",
        "uploadedDate": "2022-05-19T22:03:05Z",
        "viewCount": 5357,
        "isCommercial": "False"
    },
    {
        "id": "b39a37d7-4ebd-4ac6-91cd-fabfab6063e9",
        "title": "UDT와 백골부대의 자존심이 무너졌다! 이거 아는 군필 계신가요? [밀리추리 : 3화]",
        "description": "박민영의 사체 옆에서 찾은 힌트들을 통해 다시 시작되는 추리.\n하지만 여전히 범인의 정체는 모호하고...\n이럴 때는 추가 힌트를 받기 위한 게임 한 판이 제격이지!\n\n#에이전트H #덱스 #오킹 #장동민 #쵸단 #김민아 \n#서든어택 #밀리추리\n\n● 넥슨 서든어택 공식 채널 : http://sa.nexon.com",
        "thumbnail": "https://i.ytimg.com/vi/s_mo5RWBBVE/mqdefault.jpg",
        "youtubeVideoId": "s_mo5RWBBVE",
        "uploadedDate": "2022-05-19T22:03:19Z",
        "viewCount": 13994,
        "isCommercial": "False"
    },
    {
        "id": "7113f90d-a947-4e1d-afb2-52333f701ab4",
        "title": "솔랭과는 뭔가 다릅니다.. 쵸단의 자낳대 맛보기 😵 (feat. 빙고, 플레임, 네클릿) // [쵸메이커 최종화]",
        "description": "[ 구독, 좋아요, 알림설정 ] 정말 큰 도움이 됩니다 ~ ! 💖\n\n[정부의 코로나 방역지침을 준수하며 촬영했습니다.]\n#자낳대 #아카데미 #쵸메이커\n#쵸단 #플레임 #빙고 #인챈트 #젠지 #젠지글로벌아카데미",
        "thumbnail": "https://i.ytimg.com/vi/l_JGsc_G3s4/mqdefault.jpg",
        "youtubeVideoId": "l_JGsc_G3s4",
        "uploadedDate": "2022-05-19T22:02:41Z",
        "viewCount": 0,
        "isCommercial": "False"
    },
    {
        "id": "c5ef459c-6599-4f3c-8fd4-1fca58570ece",
        "title": "롤드컵 우승자에게 피드백 받는 쵸단😡 (※매운맛주의) (feat. 큐베, 빙고, 플레임) // [쵸메이커 3-2화]",
        "description": "[ 구독, 좋아요, 알림설정 ] 정말 큰 도움이 됩니다 ~ ! 💖\n\n[정부의 코로나 방역지침을 준수하며 촬영했습니다.]\n#자낳대 #아카데미 #쵸메이커\n#쵸단 #플레임 #빙고 #큐베 #인챈트 #젠지 #젠지글로벌아카데미",
        "thumbnail": "https://i.ytimg.com/vi/Gq1cCCK-Opk/mqdefault.jpg",
        "youtubeVideoId": "Gq1cCCK-Opk",
        "uploadedDate": "2022-05-03T09:11:38Z",
        "viewCount": 0,
        "isCommercial": "False"
    },
    {
        "id": "5c36d743-d45b-4a11-ba13-ec9b70bbbb89",
        "title": "마우스만 쓰는 큐베 VS 카시 쵸단, 승자는 누구??? (feat.플레임, 빙고) // [쵸메이커 3-1화]",
        "description": "[ 구독, 좋아요, 알림설정 ] 정말 큰 도움이 됩니다 ~ ! 💖\n\n[정부의 코로나 방역지침을 준수하며 촬영했습니다.]\n#자낳대 #아카데미 #쵸메이커\n#쵸단 #플레임 #빙고 #인챈트 #젠지 #젠지글로벌아카데미",
        "thumbnail": "https://i.ytimg.com/vi/dj7Y8mafKFY/mqdefault.jpg",
        "youtubeVideoId": "dj7Y8mafKFY",
        "uploadedDate": "2022-05-01T00:43:40Z",
        "viewCount": 0,
        "isCommercial": "False"
    },
    {
        "id": "54a59d4a-ed32-4954-8fe2-cc43b07ea473",
        "title": "쵸단 피드백 하다가 주먹이 나간 플레임.. (feat.빙고) // [쵸메이커 2-2화]",
        "description": "[ 구독, 좋아요, 알림설정 ] 정말 큰 도움이 됩니다 ~ ! 💖\n\n[정부의 코로나 방역지침을 준수하며 촬영했습니다.]\n#자낳대 #아카데미 #쵸메이커\n#쵸단 #플레임 #빙고 #인챈트 #젠지 #젠지글로벌아카데미",
        "thumbnail": "https://i.ytimg.com/vi/K8qeHvn-bWs/mqdefault.jpg",
        "youtubeVideoId": "K8qeHvn-bWs",
        "uploadedDate": "2022-05-01T00:43:17Z",
        "viewCount": 0,
        "isCommercial": "False"
    },
    {
        "id": "8a0ae62c-3169-47aa-aaf6-77b5f3de7f50",
        "title": "교복 입고 ENFP로 변해버린 쵸단과 당황하는 플레임,빙고 ㅋㅋㅋ // 롤은 언제하니..? [쵸메이커 2-1화]",
        "description": "[ 구독, 좋아요, 알림설정 ] 정말 큰 도움이 됩니다 ~ ! 💖\n\n[정부의 코로나 방역지침을 준수하며 촬영했습니다.]\n#자낳대 #아카데미 #쵸메이커\n#쵸단 #플레임 #빙고 #인챈트 #젠지 #젠지글로벌아카데미",
        "thumbnail": "https://i.ytimg.com/vi/_jDPLor3EnY/mqdefault.jpg",
        "youtubeVideoId": "_jDPLor3EnY",
        "uploadedDate": "2022-05-01T00:43:30Z",
        "viewCount": 0,
        "isCommercial": "False"
    },
    {
        "id": "f59a4779-5352-4bf2-a158-27b247f7d90f",
        "title": "쵸단님, 플레 가고 싶으세요..? 전프로 & GGA 코치가 알려주는 롤 티어 올리는 방법 공개! (feat.플레임, 빙고) // [쵸메이커 1-2화]",
        "description": "[ 구독, 좋아요, 알림설정 ] 정말 큰 도움이 됩니다 ~ ! 💖\n\n[정부의 코로나 방역지침을 준수하며 촬영했습니다.]\n#자낳대 #아카데미 #쵸메이커\n#쵸단 #플레임 #빙고 #인챈트 #젠지 #젠지글로벌아카데미",
        "thumbnail": "https://i.ytimg.com/vi/vgkyN7j-Dng/mqdefault.jpg",
        "youtubeVideoId": "vgkyN7j-Dng",
        "uploadedDate": "2022-04-19T23:11:58Z",
        "viewCount": 0,
        "isCommercial": "False"
    },
    {
        "id": "44105f9a-7424-4317-b1a7-c803bfb991c9",
        "title": "롤 배우러 온 쵸단, 근데 선생님이 싸우자네요..? (feat. 플레임, 빙고) // [쵸메이커 1-1화]",
        "description": "[ 구독, 좋아요, 알림설정 ] 정말 큰 도움이 됩니다 ~ ! 💖\n\n[정부의 코로나 방역지침을 준수하며 촬영했습니다.]\n#자낳대 #아카데미 #쵸메이커\n#쵸단 #플레임 #빙고 #인챈트 #젠지 #젠지글로벌아카데미",
        "thumbnail": "https://i.ytimg.com/vi/d2e3jn9l0R0/mqdefault.jpg",
        "youtubeVideoId": "d2e3jn9l0R0",
        "uploadedDate": "2022-04-19T23:11:54Z",
        "viewCount": 0,
        "isCommercial": "False"
    },
    {
        "id": "c660cf1f-498d-407f-aa11-fda6667e6fc7",
        "title": "쵸단님 관련 긴급발표",
        "description": "#쵸단 #복싱 #부상\n\n에이스 쵸단에게... 무슨 일이??",
        "thumbnail": "https://i.ytimg.com/vi/zUoOMF0NxAA/mqdefault.jpg",
        "youtubeVideoId": "zUoOMF0NxAA",
        "uploadedDate": "2022-04-19T23:11:02Z",
        "viewCount": 316824,
        "isCommercial": "False"
    },
    {
        "id": "ac1f9e20-e4c1-4de5-aeb6-ae1c753d9e5e",
        "title": "인방 여자 BJ 피지컬 테스트.. 정말 놀랐습니다..",
        "description": "본격적으로 시작 전, 피지컬 테스트를 진행한 얼때녀들!\n그 결과는??",
        "thumbnail": "https://i.ytimg.com/vi/p2ZVpe-2-nA/mqdefault.jpg",
        "youtubeVideoId": "p2ZVpe-2-nA",
        "uploadedDate": "2022-04-19T23:11:19Z",
        "viewCount": 813511,
        "isCommercial": "False"
    },
    {
        "id": "189270c9-3634-4e3b-99f3-1958e82c7b50",
        "title": "101일 다이어트... 와..레전드...",
        "description": "101일 동안 다이어트와 근육량 증가 등등\n다양한 목적을 가지고, 바디프로필을 준비하는 6명의 이야기! \"프로틴스 101\"\n@쵸단 @공혁준 RHDGURWNS @산범 SANBUM",
        "thumbnail": "https://i.ytimg.com/vi/wz4kdNvxFNA/mqdefault.jpg",
        "youtubeVideoId": "wz4kdNvxFNA",
        "uploadedDate": "2022-04-19T23:11:32Z",
        "viewCount": 1567571,
        "isCommercial": "True"
    },
    {
        "id": "b7751e79-5648-4319-9f94-47c007ac7cf9",
        "title": "Private video",
        "description": "This video is private.",
        "thumbnail": null,
        "youtubeVideoId": "bmpmZkNYR9U",
        "uploadedDate": "2022-04-19T23:11:39Z",
        "viewCount": 128101,
        "isCommercial": "False"
    },
    {
        "id": "f9005790-5d10-4acc-a90a-fc88a82042c1",
        "title": "쵸단 + 단쵸 = ㄹㅈㄷ",
        "description": "쵸단찡이랑 등 조졌습니다\n\n* 식단은 여기가 가장 저렴합니다 - 닭가슴살 최저가 미트리 *\nhttps://metree.co.kr/index/index.php?sponsor=100163578\n최대 56%이상 할인 추천코드-100163578\n___________________________________________\n마이프로틴 링크 https://tidd.ly/36mzZTJ\n링크타고 싸게 구매하세요! 추천인 코드  WQEI-R2  (회원가입시 입력)\n최대 40%이상 추가할인코드hyuk (결제창 할인코드란에 입력)\n____________________________________________\n*THE WEIGHT COMPANY(T.W.C) - 헬창 용품 브랜드*\n[가죽 그립 & 니슬리브 & 리프팅벨트 & 가방]\nhttps://bit.ly/3q5vtl1\n(대한민국 유일 할인코드 : HYUK)\n____________________________________________\n*권혁이 입는 짐웨어 *\nhttps://hdex.co.kr\n____________________________________________\n*권혁이 직접 짠 운동플랜! 따라만하세요 (식단포함)\nhttps://hulktv.imweb.me/\n______________________________________________\n*하빈져 엠베서더*\n검증된 운동용품 하빈져 제품을 네이버 최저가보다 저렴하게 구입하실 수 있습니다\nhttps://instashop.srookpay.com/naum02988_07\n#Roadto백만",
        "thumbnail": "https://i.ytimg.com/vi/IqD66SW3o-U/mqdefault.jpg",
        "youtubeVideoId": "IqD66SW3o-U",
        "uploadedDate": "2022-11-10T02:38:46Z",
        "viewCount": 76715,
        "isCommercial": "False"
    },
    {
        "id": "0baaf916-80c4-46ed-aa73-640b6cfe6448",
        "title": "이젠 쵸단까지 건드는 마젠타...",
        "description": "젠타의 생방송을 보고싶다면 트위치로!\n마젠타 트위치 채널: https://www.twitch.tv/magenta62\n젠타 구독해주기! (*ฅ́˘ฅ̀*)♡: https://bit.ly/2vb9Mp4\n\n마젠타 인스타그램: https://www.instagram.com/magenta_6262\n\n마젠타 팬카페: https://cafe.naver.com/magentacafe\n\n매일 방송시간 팬카페 공지!\n\n광고문의 : biz@pixelnetwork.co.kr\n\n------------------------------------------\n#쵸단 #트위치 #마젠타\n------------------------------------------\nby ㅋㅁㅅ\n\n\n\n\n\n🎵Music provided by 브금대통령\n🎵Track : 도둑의 계획 - https://youtu.be/CKuI-6-Izhc\n\n[Video Source Support]\nYoutube channel \"freeticon\" : https://www.youtube.com/c/Freeticon",
        "thumbnail": "https://i.ytimg.com/vi/jsFE--c_8uM/mqdefault.jpg",
        "youtubeVideoId": "jsFE--c_8uM",
        "uploadedDate": "2022-11-10T02:39:58Z",
        "viewCount": 291616,
        "isCommercial": "False"
    },
    {
        "id": "a501cd6e-f1bd-4ccd-8368-ac387b277ea2",
        "title": "ENG SUB) ⚔️롤 서바이벌⚔️ 첫 친선경기 5 VS 5 탐색전ㅣ데스매치ep.2",
        "description": "드디어 기다리고 기다리던 데스매치 팀 평가전!\n📌데스매치는 매주 금요일 오후 6시 업로드 됩니다\n\n공동제작: 콴 엔터테인먼트, OP.GG\n👉OP.GG 데스크톱 앱 https://opgg.at/HAHAPD",
        "thumbnail": "https://i.ytimg.com/vi/BzdTWaTZcDw/mqdefault.jpg",
        "youtubeVideoId": "BzdTWaTZcDw",
        "uploadedDate": "2022-11-10T02:42:45Z",
        "viewCount": 23508,
        "isCommercial": "False"
    },
    {
        "id": "ff1f86af-0be5-4b3e-801c-916515c7229e",
        "title": "ENG SUB) 5 VS 5 탐색전⚔ 하하 데리고 캐리하기 vs 하하 잡고 캐리하기ㅣ데스매치ep.3",
        "description": "📌데스매치는 매주 금요일 오후 6시 업로드 됩니다\n\n공동제작: 콴 엔터테인먼트, OP.GG\n👉OP.GG 데스크톱 앱 https://opgg.at/HAHAPD\n\n이 콘텐츠는 인공지능 가상 연기자 서비스, 타입캐스트를 활용하여 제작되었습니다.출연진: (카메론)https://typecast.ai?attributeId=61e7ad5b81d7e3708e0d4b4e",
        "thumbnail": "https://i.ytimg.com/vi/IKTaYqrce3g/mqdefault.jpg",
        "youtubeVideoId": "IKTaYqrce3g",
        "uploadedDate": "2022-11-10T03:09:04Z",
        "viewCount": 20598,
        "isCommercial": "False"
    },
    {
        "id": "69f9c413-7e74-4607-a1f8-37f99216a10e",
        "title": "뺏느냐👊 뺏기느냐!😤 목숨을 건(?) 팀원 교체 현장 스토브리그👩‍👧‍👧!",
        "description": "오늘은 나 없이 촬영하네…?😒\n팀원 교체한다는 스토브리그가 오늘 이었구나… 🤦‍♂️\n지켜보고 있다....👀 잘 선택하라구~!✔  야만~🔥🔥\n\n#스토브리그 #우정잉 #쵸단\n\n공동제작: 콴 엔터테인먼트, OP.GG\n👉OP.GG 데스크톱 앱 https://opgg.at/HAHAPD",
        "thumbnail": "https://i.ytimg.com/vi/0oxN-CaEh9s/mqdefault.jpg",
        "youtubeVideoId": "0oxN-CaEh9s",
        "uploadedDate": "2022-11-10T03:09:16Z",
        "viewCount": 20763,
        "isCommercial": "False"
    },
    {
        "id": "97617300-700a-4e66-ae70-9a4c11e24ae9",
        "title": "참다참다 못한 제작진의 파격제안",
        "description": "어라...?😰 이게 아닌데...?\n왜 잘 하는거야...?😱 나 없다고 이렇게 잘 될 수가 있는거야...?💦💦\n그 행복한 분위기!!! 얼마나 잘 가는지 지켜보겠숴🔥🔥\n\n#하하 #쵸단 #하승진 \n\n공동제작: 콴 엔터테인먼트, OP.GG\n👉OP.GG 데스크톱 앱 https://opgg.at/HAHAPD",
        "thumbnail": "https://i.ytimg.com/vi/RlOEoADuBqk/mqdefault.jpg",
        "youtubeVideoId": "RlOEoADuBqk",
        "uploadedDate": "2022-11-10T03:10:10Z",
        "viewCount": 16821,
        "isCommercial": "False"
    },
    {
        "id": "be02f106-2c9b-40c0-a570-2dbe607a7ca3",
        "title": "ENG SUB) 우리는 이걸 난장판이라고 부르기로 했어요ㅣ데스매치 MT",
        "description": "오늘은 우리의 단합력⚔️을 기르기 위해 전지 훈련(❓)을 왔습니다!!🔥🔥\n이 친구들..👬 이거 생각보다 잘 노는데?!🕺\n오늘 이후로 팀분위기 급상승!!📈 야만~🔥\n\n#하하 #MT #단합대회\n\n공동제작: 콴 엔터테인먼트, OP.GG\n👉OP.GG 데스크톱 앱 https://opgg.at/HAHAPD",
        "thumbnail": "https://i.ytimg.com/vi/NU2ivKNZiLA/mqdefault.jpg",
        "youtubeVideoId": "NU2ivKNZiLA",
        "uploadedDate": "2022-11-10T03:10:22Z",
        "viewCount": 12822,
        "isCommercial": "False"
    },
    {
        "id": "710f0bf7-2718-48f5-ab42-2e460ec740e6",
        "title": "ENG SUB) D사의 주얼리 세트에 폭주해버린 쵸단 하승진 (Dior....?)ㅣ데스매치 MT",
        "description": "제작진이 또 먹을거🐖 가지고 장난을 치네...👊\n나 석사👨‍🎓 출신 인거... 잊고 있었냐구...🤟\n근데 D사의 주얼리 세트...진짜 구하기 힘들다던데 어떻게 구했지!?💍\n\n#하하 #MT #단합대회\n\n공동제작: 콴 엔터테인먼트, OP.GG\n👉OP.GG 데스크톱 앱 https://opgg.at/HAHAPD",
        "thumbnail": "https://i.ytimg.com/vi/8VrcbUSRXVo/mqdefault.jpg",
        "youtubeVideoId": "8VrcbUSRXVo",
        "uploadedDate": "2022-11-10T03:11:13Z",
        "viewCount": 9239,
        "isCommercial": "False"
    },
    {
        "id": "f3a27a8d-96cf-43d0-ae3c-3f24d92a4040",
        "title": "스크림 2패😂 만회를 위해 데스매치 정예멤버👩‍👩‍👦‍👦 5명이 모였다 ㅣ 데스매치",
        "description": "이렇게 끝낼 수는 없어!!😡 \n모여서 다시 한판 붙자고!!⚔\n이번엔 안 봐준다!!👊 각오하라구!! 야만~🔥🔥\n\n#하하 #정예멤버 #스크림\n\n공동제작: 콴엔터테인먼트, OP.GG\n👉OP.GG 데스크톱 앱 https://opgg.at/HAHAPD",
        "thumbnail": "https://i.ytimg.com/vi/nVe1phIDPRk/mqdefault.jpg",
        "youtubeVideoId": "nVe1phIDPRk",
        "uploadedDate": "2022-11-10T03:12:12Z",
        "viewCount": 14578,
        "isCommercial": "False"
    },
    {
        "id": "fa774edc-1836-4f03-9fb6-24a9837f4e4f",
        "title": "우정 여행 (with 쵸단, 빠니보틀, 공혁준)",
        "description": "#여행 #브이로그 #vlog\n\n좋은 사람들이랑 소소하게 .. 🙂\n@쵸단 @빠니보틀 Pani Bottle @공혁준 RHDGURWNS\n\n\n- 봉화 군청에서 제작지원 하였습니다.",
        "thumbnail": "https://i.ytimg.com/vi/cliGKVSwJ2g/mqdefault.jpg",
        "youtubeVideoId": "cliGKVSwJ2g",
        "uploadedDate": "2022-11-10T03:12:16Z",
        "viewCount": 1128137,
        "isCommercial": "True"
    },
    {
        "id": "2e5feefc-8e95-4f1d-95a1-8d8ae9f920ab",
        "title": "너네가 그렇게 롤을 잘해?!😤 OP.GG 옥땅으로 따라와👊 l 데스매치",
        "description": "오늘은 우리의 메이트!!👩‍👩‍👦‍👦 OP.GG 관계자들과 한판 승부!\n어제의 아군이 오늘의 적⚔이 된다.... 이것 참 기분이 묘하구만💦💦\n각오해라!!😡 오늘 너희들에게 패배를 안겨 주겠숴!!💢\n\n#하하 #OP.GG #스크림\n\n공동제작: 콴엔터테인먼트, OP.GG\n👉OP.GG 데스크톱 앱 https://opgg.at/HAHAPD",
        "thumbnail": "https://i.ytimg.com/vi/0wMnZWAbnTM/mqdefault.jpg",
        "youtubeVideoId": "0wMnZWAbnTM",
        "uploadedDate": "2022-11-10T03:13:06Z",
        "viewCount": 15685,
        "isCommercial": "False"
    },
    {
        "id": "607e78a5-9ebb-48a1-bcd7-737278c41c36",
        "title": "[Teaser] 데스매치 최종 선발전",
        "description": "긴 여정의 마침표를 찍는 데스매치 최종 선발전!\n모두의 손에 땀을 쥐게 하는 데스매치 최종 선발전은\n10월 25일(화)부터 업로드됩니다!\n많은 관심 부탁드립니다!!\n\n#하하 #롤 #데스매치",
        "thumbnail": "https://i.ytimg.com/vi/mxBo8cxDO4E/mqdefault.jpg",
        "youtubeVideoId": "mxBo8cxDO4E",
        "uploadedDate": "2022-11-10T03:14:13Z",
        "viewCount": 4020,
        "isCommercial": "False"
    },
    {
        "id": "27ae740f-76cb-4f9e-9bb3-57c6a8aaa6a5",
        "title": "유권이가 쿼드라킬을??😮 ⚔️데스매치⚔️ 최종 선발전 2번째 경기!",
        "description": "아니아니 머선129!!!\n유권이가 쿼드라킬...?💯\n아직 몰라!!🤷‍♀️ 우리팀 기죽지 말라고!! 야만~🔥🔥\n\n1경기 보러가기👉https://youtu.be/Gvtyy6jDQzs\n \n#하하 #데스매치 #롤드컵\n\n공동제작: 콴엔터테인먼트, OP.GG\n👉OP.GG 데스크톱 앱 https://opgg.at/HAHAPD",
        "thumbnail": "https://i.ytimg.com/vi/29aneevwtQg/mqdefault.jpg",
        "youtubeVideoId": "29aneevwtQg",
        "uploadedDate": "2022-11-10T03:14:31Z",
        "viewCount": 6564,
        "isCommercial": "False"
    },
    {
        "id": "16ff7907-dab3-451e-979a-f2bf746d2970",
        "title": "⚔️데스매치⚔️ 최종 선발전! 지금 시자아아아악😮 하겠습니다~~",
        "description": "오늘은 데.스.매.치. 최종 선발전!!🔥\n이날만을 위해 갈고닦았다구🔪\n크하하하하🤭 오늘 누가 이기나 보자!! 야만~🔥🔥\n\n#하하 #데스매치 #롤드컵\n\n공동제작: 콴엔터테인먼트, OP.GG\n👉OP.GG 데스크톱 앱 https://opgg.at/HAHAPD",
        "thumbnail": "https://i.ytimg.com/vi/Gvtyy6jDQzs/mqdefault.jpg",
        "youtubeVideoId": "Gvtyy6jDQzs",
        "uploadedDate": "2022-11-10T03:14:39Z",
        "viewCount": 9397,
        "isCommercial": "False"
    },
    {
        "id": "7e420091-98f9-45ec-a5ed-484efbba1d05",
        "title": "이대론 끝낼 순 없다! 쵸단의 하드 캐리! ⚔️데스매치⚔️ 최종 선발전 3번째 경기!",
        "description": "5252!! 게임 아직 안 끝났다구!!😡\n아직 끝날 때까지 끝난 게 아니야!!🙅‍♀️\n각오 단단히 해!! 야만!!🔥🔥\n\n1경기 보러가기👉https://youtu.be/Gvtyy6jDQzs\n2경기 보러가기👉https://youtu.be/29aneevwtQg\n\n#하하 #데스매치 #롤드컵\n\n공동제작: 콴엔터테인먼트, OP.GG\n👉OP.GG 데스크톱 앱 https://opgg.at/HAHAPD",
        "thumbnail": "https://i.ytimg.com/vi/fR_iSAnSRDk/mqdefault.jpg",
        "youtubeVideoId": "fR_iSAnSRDk",
        "uploadedDate": "2022-11-10T03:14:46Z",
        "viewCount": 9495,
        "isCommercial": "False"
    },
    {
        "id": "c0b72d5e-4298-453e-81fd-5e8efeccbe48",
        "title": "플레임 감독이 반포자이🏢를 걸었다?!  ❌❗⚔️데스매치⚔️ 최종 선발전 4번째 경기!",
        "description": "크하하하!🤨 내가 각오하라고 말했지!! 👊\n우릴 너무 만만하게 봤다구~🤷‍♀️\n남은 경기도 이겨주마!! 야만~🔥\n\n1경기 보러가기👉https://youtu.be/Gvtyy6jDQzs\n2경기 보러가기👉https://youtu.be/29aneevwtQg\n3경기 보러가기👉https://youtu.be/fR_iSAnSRDk\n\n#하하 #데스매치 #롤드컵\n\n공동제작: 콴엔터테인먼트, OP.GG\n👉OP.GG 데스크톱 앱 https://opgg.at/HAHAPD",
        "thumbnail": "https://i.ytimg.com/vi/mg2uxNBtRcE/mqdefault.jpg",
        "youtubeVideoId": "mg2uxNBtRcE",
        "uploadedDate": "2022-11-10T03:14:54Z",
        "viewCount": 8498,
        "isCommercial": "False"
    }
]