[
    {
        "id": "ff7062d7-35eb-4ebb-9786-d1809d1eeef7",
        "title": "(Eng CC)탈북녀가 말하는 한국 국정원에 처음가서 충격받은 것 TOP3",
        "description": "구독&좋아요 감사합니다(__)\nFacebook: 강나라\nInstagam: kang_naraa",
        "thumbnail": "https://i.ytimg.com/vi/SdxD98eRrJQ/mqdefault.jpg",
        "youtubeVideoId": "SdxD98eRrJQ",
        "uploadedDate": "2020-01-11T16:39:22Z",
        "viewCount": 904779,
        "isCommercial": "False"
    },
    {
        "id": "7f1db33c-285f-4442-a5ef-9f02a878da3b",
        "title": "[ENG CC] 직접 만든 북한 음식을 맛 본 220만 인도네시아 유튜버...",
        "description": "구독&좋아요 감사합니다(__)\r\nFacebook: 강나라\r\nInstagam: kang_naraa",
        "thumbnail": "https://i.ytimg.com/vi/6DW2VhjBT7w/mqdefault.jpg",
        "youtubeVideoId": "6DW2VhjBT7w",
        "uploadedDate": "2020-10-12T02:28:38Z",
        "viewCount": 38940,
        "isCommercial": "False"
    },
    {
        "id": "e9451721-7d67-492a-afcc-15850c794ac7",
        "title": "[ENG CC] 19살에 브로커한테 속아 중국으로 팔려간 북한미녀의 탈북 스토리",
        "description": "게스트 유튜브 채널 \nhttps://www.instagram.com/p/CE3r4QUHZdm/?igshid=1f7wfq2y0lghv\n\n구독&좋아요 감사합니다(__)\r\nFacebook: 강나라\r\nInstagam: kang_naraa",
        "thumbnail": "https://i.ytimg.com/vi/tWEKTxvkEYY/mqdefault.jpg",
        "youtubeVideoId": "tWEKTxvkEYY",
        "uploadedDate": "2020-10-12T02:28:38Z",
        "viewCount": 94044,
        "isCommercial": "False"
    },
    {
        "id": "0eda9e9c-37dc-441c-82db-3cd7146f49ff",
        "title": "[ENG CC] 북한에서 브로커 하다가 전국 수배령 떨어진, 목숨을 건 탈북스토리",
        "description": "구독&좋아요 감사합니다(__)\r\nFacebook: 강나라\r\nInstagam: kang_naraa",
        "thumbnail": "https://i.ytimg.com/vi/3DrFv6plNG4/mqdefault.jpg",
        "youtubeVideoId": "3DrFv6plNG4",
        "uploadedDate": "2020-10-12T02:29:07Z",
        "viewCount": 115532,
        "isCommercial": "False"
    },
    {
        "id": "6f0eb733-f0e4-48f3-a66e-81458c639749",
        "title": "[ENG CC] DMZ넘다가 바지를 벗을 수 밖에 없었던(?) 인민군의 탈북스토리?",
        "description": "구독&좋아요 감사합니다(__)\r\nFacebook: 강나라\r\nInstagam: kang_naraa",
        "thumbnail": "https://i.ytimg.com/vi/OWt61nNrr5I/mqdefault.jpg",
        "youtubeVideoId": "OWt61nNrr5I",
        "uploadedDate": "2020-10-12T02:29:07Z",
        "viewCount": 68541,
        "isCommercial": "False"
    },
    {
        "id": "3d6c098d-6ec0-4b55-8fc2-4b385096f22d",
        "title": "탈북녀 놀새나라 엄마의 탈북스토리 대공개!!",
        "description": "놀새님들 유하~!!\n오늘은 특별한 게스트, 저희 어머니를 모셔와서\n엄마의 탈북스토리를 이야기해봤습니다!\n재밌게 보셨다면 구독과 좋아요 누르시는거 잊지 않으셨죠?ㅎㅎ\n저희 모녀에게 궁금하신점이 있다면 댓글로 남겨주세요오♥\n\n최신아 티비 \nhttps://www.youtube.com/channel/UCuMaopbr4-COxtDU5NKbrYQ\n\n놀새나라 인스타그램\nhttps://www.instagram.com/kang_naraa/",
        "thumbnail": "https://i.ytimg.com/vi/wIYys-93aaw/mqdefault.jpg",
        "youtubeVideoId": "wIYys-93aaw",
        "uploadedDate": "2020-10-12T02:31:36Z",
        "viewCount": 298321,
        "isCommercial": "False"
    },
    {
        "id": "30fe6e6b-7e42-464c-9888-887bdf75ea75",
        "title": "탈북모녀가 한국의 국정원, 하나원에서 충격받은 이유",
        "description": "놀새님들 유하~!!\n오늘은 특별한 게스트, 저희 어머니를 모셔와서\n엄마가 탈북 당시 한국 국정원과 하나원에서 있었던 에피소드를 이야기해봤어요!\n재밌게 보셨다면 구독과 좋아요 누르시는거 잊지 않으셨죠?ㅎㅎ\n저희 모녀에게 궁금하신점이 있다면 댓글로 남겨주세요오♥\n\n최신아 티비 \nhttps://www.youtube.com/channel/UCuMaopbr4-COxtDU5NKbrYQ\n\n놀새나라 인스타그램\nhttps://www.instagram.com/kang_naraa/",
        "thumbnail": "https://i.ytimg.com/vi/U-j9TudnQdE/mqdefault.jpg",
        "youtubeVideoId": "U-j9TudnQdE",
        "uploadedDate": "2020-10-12T02:31:36Z",
        "viewCount": 393394,
        "isCommercial": "False"
    }
]