[
    {
        "id": "d84effb0-eaea-4a4d-8940-e0ff5206cc87",
        "title": "Private video",
        "description": "This video is private.",
        "thumbnail": null,
        "youtubeVideoId": "UlOPYYpz_-w",
        "uploadedDate": "2020-08-08T14:53:57Z",
        "viewCount": 0,
        "isCommercial": "False"
    },
    {
        "id": "e544022a-a285-4b28-bbdc-d90a75501309",
        "title": "Private video",
        "description": "This video is private.",
        "thumbnail": null,
        "youtubeVideoId": "xuJB0ghFZRs",
        "uploadedDate": "2020-08-08T14:55:23Z",
        "viewCount": 0,
        "isCommercial": "False"
    },
    {
        "id": "6e0c7863-7953-44ce-85af-a975ea3fc478",
        "title": "Private video",
        "description": "This video is private.",
        "thumbnail": null,
        "youtubeVideoId": "IrlsNDK1wO0",
        "uploadedDate": "2020-08-08T14:56:55Z",
        "viewCount": 0,
        "isCommercial": "False"
    },
    {
        "id": "194a1c86-5ac0-45f0-af69-341e24480022",
        "title": "Private video",
        "description": "This video is private.",
        "thumbnail": null,
        "youtubeVideoId": "YMCaDmUeLu8",
        "uploadedDate": "2020-08-08T16:21:57Z",
        "viewCount": 0,
        "isCommercial": "False"
    },
    {
        "id": "a846c953-54cf-4421-9e14-117a8348e742",
        "title": "Private video",
        "description": "This video is private.",
        "thumbnail": null,
        "youtubeVideoId": "0ShDhilczvA",
        "uploadedDate": "2020-08-08T16:23:34Z",
        "viewCount": 0,
        "isCommercial": "False"
    },
    {
        "id": "fa452d94-0004-4eea-b0d2-a67ebb116dba",
        "title": "Private video",
        "description": "This video is private.",
        "thumbnail": null,
        "youtubeVideoId": "A0_RfGG3seA",
        "uploadedDate": "2020-08-08T16:25:36Z",
        "viewCount": 0,
        "isCommercial": "False"
    },
    {
        "id": "fe23a79f-5dfb-4563-865e-668f417c85bd",
        "title": "디바 성대모사로 부르는 '싸이-나팔바지'",
        "description": "♥ 더빙레이디 Live : https://www.twitch.tv/tinkerblond\n♥ 더빙레이디 팬카페 : http://cafe.naver.com/dbevent\n♥ 비즈니스 메일 : tinkerblond@naver.com\n♥ 더빙레이디 후원하기 : https://twip.kr/donate/tinkerblond",
        "thumbnail": "https://i.ytimg.com/vi/IaNJ5jCApak/mqdefault.jpg",
        "youtubeVideoId": "IaNJ5jCApak",
        "uploadedDate": "2020-08-08T16:26:44Z",
        "viewCount": 849048,
        "isCommercial": "False"
    },
    {
        "id": "028ddd93-c76e-4124-a7cf-01e802825e78",
        "title": "Private video",
        "description": "This video is private.",
        "thumbnail": null,
        "youtubeVideoId": "Vycs9kym188",
        "uploadedDate": "2020-08-08T16:37:38Z",
        "viewCount": 0,
        "isCommercial": "False"
    },
    {
        "id": "d4b6d172-5d6e-4ba0-9148-1e1178f9d8fd",
        "title": "롤 만화 더빙 - 언랭은 울지 않는다",
        "description": "리그오브레전드_만화_더빙\n돼통령브리슬 언랭은울지않는다\n\n롤 인벤에서 유명한 작가이신 '돼통령브리슬' 님의 만화를 더빙했습니다!\n2015년에 허락받았던건데 이제서야... 작업을.... 하네요.... 크흑...8ㅅ8\n\n이번 영상은 성우지망생이신 '렘후니'님과 함께 작업했는데요!\n목소리도 정말 좋으시고 ㅠ_ㅠ 연기력 또한.. 작업하면서 얼마나 감탄했는지!\n\n주말동안 1일 1영상을 해냈으니 전 좀 쉬어야겠습니다ㅋㅋㅋ\n세상에 롤 만화 더빙이 이렇게 어려운지 몰랐어요.. \n효과음때문에 날아오를 뻔;\n\n영상편집, 믹싱, 애니 역 / 더빙레이디\n이즈리얼 역 / 렘후니  http://blog.naver.com/kjm044apd\nhttps://www.youtube.com/channel/UC6HdvZbgbXN3j05V2X2ySJA\n\n원작 / 돼통령브리슬",
        "thumbnail": "https://i.ytimg.com/vi/tCuiu1CQ_2c/mqdefault.jpg",
        "youtubeVideoId": "tCuiu1CQ_2c",
        "uploadedDate": "2020-08-08T16:44:14Z",
        "viewCount": 0,
        "isCommercial": "False"
    },
    {
        "id": "4bf6f9cc-bf7c-4939-a2c3-e4b47375435a",
        "title": "Private video",
        "description": "This video is private.",
        "thumbnail": null,
        "youtubeVideoId": "UNs8mfnc6Qs",
        "uploadedDate": "2020-08-22T18:05:29Z",
        "viewCount": 0,
        "isCommercial": "False"
    },
    {
        "id": "06510865-96f6-45ec-9e64-eae606e80321",
        "title": "더빙레이디의 리그오브레전드 성대모사",
        "description": "예전 영상에 이어서 드디어! \n기존 롤 성대모사 영상을 좀 더 확장시켰어요.\n\n녹음 다 하고 영상 다 만들고 나니 좀 안닮은것같아서 속상...ㅠㅠㅠㅠ\n닮지 않았더라두 재미로 가볍게 감상해주세요!\n\n영상제작은 이번에도 '황정빈'님이 수고해주셨습니다. 먼저 잠들어버려서 중간중간 확인도 못하고 피드백도 못 드렸는데 이쁜 영상 만드시느라 새벽까지 고생해주셔서 넘넘 감사드립니다....!",
        "thumbnail": "https://i.ytimg.com/vi/P3A3_t_9j5Q/mqdefault.jpg",
        "youtubeVideoId": "P3A3_t_9j5Q",
        "uploadedDate": "2020-08-22T18:08:39Z",
        "viewCount": 0,
        "isCommercial": "False"
    },
    {
        "id": "ca1c195a-ddc7-463f-8749-807718cecaa9",
        "title": "루시우&디바 성대모사하면서 오버워치를 한다면? (라이언티&더빙레이디)",
        "description": "라이언티, 헤릴린, 츄님과 함께한 '성대모사하면서 오버워치를 한다면?' 합동방송 편집본입니다!\n\n영상이 너무 길어서 편집하느라 \n헤릴린님과 츄님의 분량이 상당히..8_8\n새벽에 플레이한지라 팀원들 반응도 그리 크진 않아서 아쉬운 부분이 살짝 있네요. 그래도 게임하는 내내 정말 재밌었어요.\n\n더빙레이디 방송국 http://www.afreecatv.com/tinkerblond\n더빙레이디 페이지 https://www.facebook.com/dubbinglady\n라이언티 채널 https://www.youtube.com/channel/UChGrYmp0PTFef-XOjueNH6w",
        "thumbnail": "https://i.ytimg.com/vi/jCFe6FFTx-A/mqdefault.jpg",
        "youtubeVideoId": "jCFe6FFTx-A",
        "uploadedDate": "2020-08-22T18:09:23Z",
        "viewCount": 0,
        "isCommercial": "False"
    },
    {
        "id": "63024284-f0b8-4028-9915-7138683cb1e6",
        "title": "메르시&솔져76 성대모사하면서 오버워치를 한다면? 헤릴린&더빙레이디 콜라보",
        "description": "안녕하세요! \n오늘은 전편에서 '라인하르트' 역 맡으셨던 헤릴린님과 둘이 콜라보영상을 촬영했습니다.\n새벽인데도 불구하고 팀원분이 리액션이 좋아서 정말 다행이에요.\n아쉬운점은 새벽인지라 헤릴린님의 라인하르트 목소리를 못 들었다는것 흑흑..!\n다음 영상도 조만간 올라오니 기대해주세요! ^_^\n\n헤릴린 페이스북 https://www.facebook.com/profile.php?id=100003477093805\n헤릴린 유튜브 https://www.youtube.com/channel/UCWP4S-UKQHTbTvs9d_oW1ig/videos\n더빙레이디 페이지 https://www.facebook.com/dubbinglady/",
        "thumbnail": "https://i.ytimg.com/vi/EXV3STDaC_o/mqdefault.jpg",
        "youtubeVideoId": "EXV3STDaC_o",
        "uploadedDate": "2020-08-22T18:09:35Z",
        "viewCount": 0,
        "isCommercial": "False"
    },
    {
        "id": "8b8d1cd1-5cd1-42a9-b225-90a7b5c88e51",
        "title": "나는.. 고민이 있다.. 오버워치 디바로 식빵 더빙 패러디 (with 놀꽃)",
        "description": "나는.. 고민이 있다..\n메카 위에 누웠는데..\n너무 딱딱해서.. 일어날수가 없다...\n오또카지..\n\n그림/녹음/영상 더빙레이디\n\n아프리카 방송국 http://afreecatv.com/tinkerblond\n페이스북 https://www.facebook.com/dubbinglady123\n트위치 https://www.twitch.tv/tinkerblond\n팬 그룹 (더빙레이디는 사랑입니다)\n- https://www.facebook.com/groups/751258055033387/",
        "thumbnail": "https://i.ytimg.com/vi/ozi-ypzfq6Y/mqdefault.jpg",
        "youtubeVideoId": "ozi-ypzfq6Y",
        "uploadedDate": "2020-08-22T18:10:17Z",
        "viewCount": 0,
        "isCommercial": "False"
    },
    {
        "id": "5fe2d333-0fe0-4df8-9404-b4f6a8d336f9",
        "title": "더빙레이디가 성대모사하면서 오버워치 경쟁전을 돌리면? (with.헤릴린) (with 놀꽃)",
        "description": "함께 한 듀오분은 '헤릴린'입니다.\n솔져&라인하르트 성대모사를 주로 하고있어요.\n\n헤릴린 유튜브 https://www.youtube.com/channel/UCWP4S-UKQHTbTvs9d_oW1ig\n\n\n\n아프리카 방송국 http://afreecatv.com/tinkerblond\n페이스북 https://www.facebook.com/dubbinglady123\n트위치 https://www.twitch.tv/tinkerblond\n팬 그룹 (더빙레이디는 사랑입니다)\n- https://www.facebook.com/groups/751258055033387/",
        "thumbnail": "https://i.ytimg.com/vi/hAjD-_ah_X8/mqdefault.jpg",
        "youtubeVideoId": "hAjD-_ah_X8",
        "uploadedDate": "2020-08-22T18:11:06Z",
        "viewCount": 0,
        "isCommercial": "False"
    },
    {
        "id": "12aa037f-afb1-4950-a9dc-0935c99f4c50",
        "title": "성대모사 달인 더빙레이디의 오버워치 '모~든' 여성캐릭터 성대모사!",
        "description": "예전에도 성대모사 영상 올린적이 있었으나\n빠진 캐릭터가 은근 있었기에\n풀버전으로 녹음해서 올려봅니다.\n\n자신없던 캐릭터도 녹음하느라 안 닮은 애들도 몇몇 있어요 ㅋㅋ\n\n예쁜 썸네일은 '세오뎅'님이 그려주셨어요 고마워요 :)\n\n더빙레이디 방송국 http://www.afreecatv.com/tinkerblond\n더빙레이디 트위치 https://www.twitch.tv/tinkerblond\n더빙레이디 페북 https://www.facebook.com/dubbinglady123",
        "thumbnail": "https://i.ytimg.com/vi/F6QgC20zSY8/mqdefault.jpg",
        "youtubeVideoId": "F6QgC20zSY8",
        "uploadedDate": "2020-08-22T18:21:44Z",
        "viewCount": 0,
        "isCommercial": "False"
    },
    {
        "id": "d47b611a-78af-47a2-b716-9e2e9d9026a1",
        "title": "딸에게 고백받은 아빠 !? 짭가비와 더레의 웹툰 더빙",
        "description": "더빙 전문가들이 아니니 그냥 재미로 봐 주세요!\n영상에 나오는 웹툰은 투믹스 홈페이지에서 보실 수 있습니다.\n(투믹스 - 우리는 안 돼!)\n.\n.\n.\n.\n.\n.\n이 영상은 금전적 댓가를 받지 않은 이벤트성 영상임을 알립니다!",
        "thumbnail": "https://i.ytimg.com/vi/3Uy_KO2lRUg/mqdefault.jpg",
        "youtubeVideoId": "3Uy_KO2lRUg",
        "uploadedDate": "2020-08-22T18:25:22Z",
        "viewCount": 0,
        "isCommercial": "False"
    },
    {
        "id": "a9f54a62-8ca9-4dc5-b976-5963ecc9ff16",
        "title": "[더빙] 해됴! 해됴! 나븐새기야!",
        "description": "출처 : https://www.facebook.com/pennacseo/\n그림 사용을 허락해주신 펜낙 작가님 감사합니다 :)\n\n♥ 더빙레이디 Live : https://www.twitch.tv/tinkerblond\n♥ 더빙레이디 팬카페 : http://cafe.naver.com/dbevent\n♥ 비즈니스 메일 : tinkerblond@naver.com\n♥ 더빙레이디 후원하기 : https://twip.kr/donate/tinkerblond",
        "thumbnail": "https://i.ytimg.com/vi/Qoje8NKIk0c/mqdefault.jpg",
        "youtubeVideoId": "Qoje8NKIk0c",
        "uploadedDate": "2020-09-06T10:39:58Z",
        "viewCount": 0,
        "isCommercial": "False"
    },
    {
        "id": "ddc5369c-cc89-441a-9e46-7b64604be64c",
        "title": "오버워치 성대모사~ '캠 키고' 보여드릴게요ㅋㅋㅋ",
        "description": "트위치에서 '더빙레이디'를 검색하면 \n생방송을 볼 수 있다구! d( ･ω´･+) \n\n비즈니스 이메일 : tinkerblond@naver.com\n팬카페 : cafe.naver.com/dbevent \n페이스북 : facebook.com/dubbinglady123 \n인스타그램 : instagram.com/tinkerblond \n트위터 : twitter.com/tinkerblond16",
        "thumbnail": "https://i.ytimg.com/vi/TNo89QcvRIY/mqdefault.jpg",
        "youtubeVideoId": "TNo89QcvRIY",
        "uploadedDate": "2020-09-06T10:59:38Z",
        "viewCount": 0,
        "isCommercial": "False"
    },
    {
        "id": "1bcfa98e-8ea1-4dfc-86f8-10f57f2a014a",
        "title": "카밀라 성대모사 배우기 (with.뱃살요정)",
        "description": "〓〓〓〓〓〓〓〓〓〓〓〓〓〓〓〓〓〓〓〓〓〓〓〓〓〓〓〓〓〓\n영상 사용을 허락해주신 뱃살요정님 감사합니다!\n뱃요님 채널 보러가기 https://www.youtube.com/channel/UCkGtJLZHSCBP6DeWCp9SuJQ\n본 음성은 인공지능 성우 서비스 타입캐스트에서 제작되었습니다. \n\nhttps://typecast.ai\n더빙레이디 채널 구독❤ 좋아요👍 알림설정🔔 해 주실거죠~? 👀💕\n\nMusic provided by 브금대통령\nTrack : 잠자리잡기 - https://youtu.be/UkOw_oz0wGY\n〓〓〓〓〓〓〓〓〓〓〓〓〓〓〓〓〓〓〓〓〓〓〓〓〓〓〓〓〓〓\n❤ 생방송 : https://www.twitch.tv/tinkerblond\n❤ 인스타 : https://www.instagram.com/dubbinglady\n❤ 페이스북 :  https://www.facebook.com/tinkerblond\n❤ 팬카페 : https://cafe.naver.com/dbevent\n❤ 굿즈샵 : https://bit.ly/31pqtxP\n❤ 이메일 : tinkerblond@naver.com\n〓〓〓〓〓〓〓〓〓〓〓〓〓〓〓〓〓〓〓〓〓〓〓〓〓〓〓〓〓〓\n#타입캐스트 #카밀라 #카밀라성대모사",
        "thumbnail": "https://i.ytimg.com/vi/TeYJQ3534_w/mqdefault.jpg",
        "youtubeVideoId": "TeYJQ3534_w",
        "uploadedDate": "2021-06-04T10:53:28Z",
        "viewCount": 1295,
        "isCommercial": "False"
    },
    {
        "id": "7cdbab93-3c5d-42a7-b1dd-66cfe3419191",
        "title": "[Araara Meme] 아라아라 밈, 한국어로 해 보았다!",
        "description": "브금 출처 : https://www.youtube.com/watch?v=oXc3PhIeeoE&t=2s\n일러스트 : 로첼리\n트수 역 : 무룩\n#아라아라 #araara #meme",
        "thumbnail": "https://i.ytimg.com/vi/y1jw_EdWxr8/mqdefault.jpg",
        "youtubeVideoId": "y1jw_EdWxr8",
        "uploadedDate": "2021-06-08T09:40:20Z",
        "viewCount": 4362,
        "isCommercial": "False"
    }
]