[
    {
        "id": "b5d47788-c1f9-447e-8c37-cd68e7d5ed41",
        "title": "로제떡볶이 먹어볼래?ㅎㅎㅎㅎㅎ | 뽀구미의 암살식당",
        "description": "♥생방송은 트위치에서♥\n♥방송시간 및 중요 공지는 트게더에! (아래링크 참조)♥\n(https://tgd.kr/s/geguleee?category=60540644)\n\n트위치 생방송 : https://www.twitch.tv/geguleee \n디스코드 : https://discord.gg/qKajHXA \n인스타그램 : @bbo9_me\n틱톡 : @bbo9_me\n광고 문의 : bbogumioffice@gmail.com\n\n#뽀구미 #암살식당",
        "thumbnail": "https://i.ytimg.com/vi/faUxIqPhLWY/mqdefault.jpg",
        "youtubeVideoId": "faUxIqPhLWY",
        "uploadedDate": "2022-04-08T11:06:36Z",
        "viewCount": 101805,
        "isCommercial": "False"
    },
    {
        "id": "3084ee94-a78e-417d-8682-bc3253202432",
        "title": "암살식당 ㄷㄷㄷㄷㄷㄷㄷㄷㄷㄷㄷㄷㄷㄷㄷ",
        "description": "♥생방송은 트위치에서♥\n♥방송시간 및 중요 공지는 트게더에! (아래링크 참조)♥\n(https://tgd.kr/s/geguleee?category=60540644)\n\n트위치 : https://www.twitch.tv/geguleee \n디스코드: https://discord.gg/qKajHXA \n인스타그램 : @bbo9_me\n틱톡 : @bbo9_me\n광고 문의 : bbogumioffice@gmail.com\n\n#뽀구미 #쿡방",
        "thumbnail": "https://i.ytimg.com/vi/UW03DkO8Tq8/mqdefault.jpg",
        "youtubeVideoId": "UW03DkO8Tq8",
        "uploadedDate": "2022-04-08T11:06:36Z",
        "viewCount": 85919,
        "isCommercial": "False"
    },
    {
        "id": "0d7b414c-737a-417e-967e-fca346e40fae",
        "title": "오직 널 위한 지옥덮밥 | 뽀구미의 암살식당",
        "description": "♥방송 날짜: 2022. 03. 27.♥\n♥생방송은 트위치에서♥\n♥방송시간 및 중요 공지는 트게더에! (아래링크 참조)♥\n(https://tgd.kr/s/geguleee?category=60540644)\n\n트위치 생방송 : https://www.twitch.tv/geguleee \n디스코드 : https://discord.gg/qKajHXA \n인스타그램 : @bbo9_me\n틱톡 : @bbo9_me\n광고 문의 : bbogumioffice@gmail.com\n\n#뽀구미 #쿡방 #암살식당",
        "thumbnail": "https://i.ytimg.com/vi/frxiBVpPc4U/mqdefault.jpg",
        "youtubeVideoId": "frxiBVpPc4U",
        "uploadedDate": "2022-04-09T09:22:13Z",
        "viewCount": 59079,
        "isCommercial": "False"
    },
    {
        "id": "c1955c4c-8e0c-4a5c-b968-fec0a0b50151",
        "title": "맛있는 카레인척 겨자카레 언니한테 먹여버리기ㅋㅋㅋㅋ",
        "description": "♥방송 날짜: 2022. 04. 17.♥\n♥생방송은 트위치에서♥\n♥방송시간 및 중요 공지는 트게더에! (아래링크 참조)♥\n(https://tgd.kr/s/geguleee?category=60540644)\n\n트위치 생방송 : https://www.twitch.tv/geguleee \n인스타그램 : @bbo9_me\n틱톡 : @bbo9_me\n광고 문의 : bbogumioffice@gmail.com\n\n#뽀구미 #눈싸람 #쿡방",
        "thumbnail": "https://i.ytimg.com/vi/CxpzQJeJqRc/mqdefault.jpg",
        "youtubeVideoId": "CxpzQJeJqRc",
        "uploadedDate": "2022-05-19T15:10:02Z",
        "viewCount": 57221,
        "isCommercial": "False"
    },
    {
        "id": "cd64a825-a0e0-4e61-bbd2-2ef4791b9c50",
        "title": "메주 아니고 빠네 리조또에요",
        "description": "♥방송 날짜: 2022. 6. 11.♥\n♥생방송은 트위치에서♥\n♥방송시간 및 중요 공지는 트게더에! (아래링크 참조)♥\n(https://tgd.kr/s/geguleee?category=60540644)\n\n트위치 생방송 : https://www.twitch.tv/geguleee \n인스타그램 : @bbo9_me\n틱톡 : @bbo9_me\n광고 문의 : bbogumioffice@gmail.com\n\n#뽀구미 #암살식당 #쿡방",
        "thumbnail": "https://i.ytimg.com/vi/wI5tHLaKKvo/mqdefault.jpg",
        "youtubeVideoId": "wI5tHLaKKvo",
        "uploadedDate": "2022-07-02T11:26:46Z",
        "viewCount": 49099,
        "isCommercial": "False"
    },
    {
        "id": "46577b7f-1a21-4b01-95be-83e26b97f230",
        "title": "자기야 빨리 먹어 디지기 싫으면 ㅣ 구미식당",
        "description": "♥방송 날짜: 2022. 7. 19.♥\n♥생방송은 트위치에서♥\n♥방송시간 및 중요 공지는 트게더에! (아래링크 참조)♥\n(https://tgd.kr/s/geguleee?category=60540644)\n\n트위치 생방송 : https://www.twitch.tv/geguleee \n인스타그램 : @bbo9_me\n틱톡 : @bbo9_me\n광고 문의 : biz@treasurehunter.co.kr\n\n#뽀구미 #조재원 #쿡방",
        "thumbnail": "https://i.ytimg.com/vi/uGg6PCsVHZs/mqdefault.jpg",
        "youtubeVideoId": "uGg6PCsVHZs",
        "uploadedDate": "2022-08-07T06:22:12Z",
        "viewCount": 43755,
        "isCommercial": "False"
    },
    {
        "id": "3ff42d4c-1927-4e4e-af80-67ca5ad2eb49",
        "title": "Private video",
        "description": "This video is private.",
        "thumbnail": null,
        "youtubeVideoId": "NbDFYsoOXdY",
        "uploadedDate": "2022-09-13T10:30:55Z",
        "viewCount": 0,
        "isCommercial": "False"
    },
    {
        "id": "328ee304-9106-4256-afbe-a415dfda8397",
        "title": "계란 하나 때문에 망한 김치볶음밥ㅣ구미식당",
        "description": "♥방송 날짜: 2022. 9. 4.♥\n♥생방송은 트위치에서♥\n♥방송시간 및 중요 공지는 트게더에! (아래링크 참조)♥\n(https://tgd.kr/s/geguleee?category=60540644)\n\n트위치 생방송 : https://www.twitch.tv/geguleee \n인스타그램 : @bbo9_me\n틱톡 : @bbo9_me\n광고 문의 : biz@treasurehunter.co.kr\n\n#뽀구미 #쿡방 #계란",
        "thumbnail": "https://i.ytimg.com/vi/4S1rqaGkBOo/mqdefault.jpg",
        "youtubeVideoId": "4S1rqaGkBOo",
        "uploadedDate": "2022-09-13T11:18:56Z",
        "viewCount": 26924,
        "isCommercial": "False"
    },
    {
        "id": "02215f93-ce09-4b4a-a1da-172555d46d00",
        "title": "시청자 훈수 전부 듣고 요리했더니ㅋㅋㅋㅋㅋㅋㅋㅋ",
        "description": "♥방송 날짜: 2022. 8. 7.♥\n♥생방송은 트위치에서♥\n♥방송시간 및 중요 공지는 트게더에! (아래링크 참조)♥\n(https://tgd.kr/s/geguleee?category=60540644)\n\n트위치 생방송 : https://www.twitch.tv/geguleee \n인스타그램 : @bbo9_me\n틱톡 : @bbo9_me\n광고 문의 : biz@treasurehunter.co.kr\n\n#뽀구미 #쿡방 #떡볶이",
        "thumbnail": "https://i.ytimg.com/vi/io-O_tD3xbI/mqdefault.jpg",
        "youtubeVideoId": "io-O_tD3xbI",
        "uploadedDate": "2022-09-24T10:14:26Z",
        "viewCount": 33115,
        "isCommercial": "False"
    },
    {
        "id": "bd8c87d1-b623-47c2-8011-19305d379559",
        "title": "칼들었을땐 훈수두지마세요ㅣ암살식당 김밥편",
        "description": "♥방송 날짜: 2022. 10. 8.♥\n♥생방송은 트위치에서♥\n♥방송시간 및 중요 공지는 트게더에! (아래링크 참조)♥\n(https://tgd.kr/s/geguleee?category=60540644)\n\n트위치 생방송 : https://www.twitch.tv/geguleee \n인스타그램 : @bbo9_me\n틱톡 : @bbo9_me\n광고 문의 : biz@treasurehunter.co.kr\n\n#뽀구미 #쿡방 #김밥",
        "thumbnail": "https://i.ytimg.com/vi/CGFlZejZkKQ/mqdefault.jpg",
        "youtubeVideoId": "CGFlZejZkKQ",
        "uploadedDate": "2022-11-10T13:54:16Z",
        "viewCount": 21394,
        "isCommercial": "False"
    }
]