[
    {
        "id": "dc385765-8e02-4d6e-9e60-b2dc8ba846f7",
        "title": "후.. Z플립3 물속에서 1000번 접었다 펼쳤더니.. 극한 방수 테스트 [에잍테스트]",
        "description": "갤럭시 Z플립3 IPX8등급?\n이것 안참지!\n방수테스트는 항상 진심으로 합니다.\n\n오늘은 숨겨진 구독자 이벤트가 있는데요,\n버즈2 화이트를 2분께 드립니다! (다음 영상도 이벤트 숨어있단건 안비밀)\n참여방법은\n1. 당연히 구독자여야하구요 (구독 정보 공개 설정해야 확인 가능)\n2. 영상에 좋아요와 함께, 댓글 남겨주세요\n    댓글 길이는 상관없고, 영상을 본 티만 나면 됩니닷. (그냥 \"참여합니다\" 방지용)\n3. 이메일 작성 시 골뱅이 붙이지말고 뒤에는 한글로!\n예시) itws8692 지메일 \nitws8692 네이버\n등등\n\n당첨자 발표는 9/5(일) 저녁에 커뮤니티로 할게요!\n메일은 아래 메일로 연락드리니, 사칭 주의하세요!\n\nTag\n#Z플립3 #방수테스트 #Zflip3\n\n✔ 비즈니스 문의 : itws8692@gmail.com\n✔ 인스타그램 - https://www.instagram.com/at_the_endd/\n✔ 음원사이트 - https://artlist.io/HONG-1533409\n    (가입 시 2개월 추가 무료 혜택)",
        "thumbnail": "https://i.ytimg.com/vi/df-ldP1fn-Q/mqdefault.jpg",
        "youtubeVideoId": "df-ldP1fn-Q",
        "uploadedDate": "2021-08-28T08:36:32Z",
        "viewCount": 20707,
        "isCommercial": "False"
    },
    {
        "id": "6a30ac7d-a31c-4d6a-9d8f-9e92a142d97a",
        "title": "새롭지 않은데 새로운 느낌..? 갤럭시 One UI 4.0 베타 업데이트 주요 13가지 변화!",
        "description": "갤럭시 One UI 4.0 베타 버전 업데이트가 있었습니다.\n말그대로 베타버전이기때문에 지금 올리는 건 추천드리지 않아요.\n영상을 촬영한 시점인 업데이트 직후보다\n지금은 훨씬 훨씬 훨씬 부드럽다는게 느껴집니다.\n화면 전환이나 최근앱보기 스크롤 이럴때 엄청 부드럽네요.\n약간 아이폰 감성을 담은 애니메이션들이 굉장히 부드럽게 구현된 느낌?\n아이폰13 120Hz가 이런 느낌이려나?\n아무튼 정식버전 너무 기대되네요.\n사이즈 차이는 두기기의 해상도 차이로 인해서,\n전체적으로 S21+이 좀 더 뚱뚱하게 나온것 같긴해요! (ex. 분할화면 같은거)\n\n0:00 One UI 4.0 베타 시작!\n1:05 첫 번째 밝기 조절창\n1:25 두 번째 아이콘 및 UI 사이즈\n1:45 세 번째 부드러운 전환\n2:11 네 번째 카메라 마이크 LED\n2:55 다섯 번째 카메라\n4:08 여섯 번째 갤러리\n4:26 일곱 번째 알림창 나중에\n4:53 여덟 번째 카메라 마이크 권한 원버튼\n5:47 아홉 번째 팝업/분할 화면\n7:30 열 번째 충전 모션\n7:57 열한 번째 위젯 편해짐\n8:21 열두 번째 빅스비루틴 조건 추가\n9:22 열세 번째 AOD 추가 설정\n10:05 마치며\n\nTag\n#ONEUI4.0 #갤럭시\n\n✔ 비즈니스 문의 : itws8692@gmail.com\n✔ 인스타그램 - https://www.instagram.com/at_the_endd/\n✔ 음원사이트 - https://artlist.io/HONG-1533409\n    (가입 시 2개월 추가 무료 혜택)",
        "thumbnail": "https://i.ytimg.com/vi/xGiihWAd148/mqdefault.jpg",
        "youtubeVideoId": "xGiihWAd148",
        "uploadedDate": "2021-09-15T11:41:33Z",
        "viewCount": 52927,
        "isCommercial": "False"
    },
    {
        "id": "354d3304-5873-4d34-adb1-214cb8efb8a9",
        "title": "데스크 셋업 고민이세요? 일반 모니터 2대 vs 울트라와이드 모니터 1대 사용기 장단점 비교",
        "description": "Tag\n#듀얼모니터 #울트라와이드모니터 #가성비 모니터\n\n*타임라인\n0:00 영상 시작쓰\n\n✔ 비즈니스 문의 : itws8692@gmail.com\n✔ 인스타그램 - https://www.instagram.com/at_the_endd/\n✔ 음원사이트 - https://artlist.io/HONG-1533409\n    (가입 시 2개월 추가 무료 혜택)",
        "thumbnail": "https://i.ytimg.com/vi/2Tp1pHjhe1Q/mqdefault.jpg",
        "youtubeVideoId": "2Tp1pHjhe1Q",
        "uploadedDate": "2021-09-26T09:47:47Z",
        "viewCount": 2864,
        "isCommercial": "False"
    },
    {
        "id": "1e213569-1042-4def-90bd-5511c3b18ec2",
        "title": "이 정도 차이 난다고!? 아이폰13프로 vs 12프로 카메라 비교 [저조도/3배 망원 카메라/접사]",
        "description": "이번 영상은 유플러스의 제작지원을 받았습니다.\n유플러스 레벨업 패키지 더 알아보기▼\nhttps://bit.ly/3iRjjL7\n\n오늘은 아이폰13프로의 카메라 성능을 테스트해보고 느낀 점을 알려드려요!\n알기전에는 별로 달라진게 없다고 생각했지만, 생각보다 역시 좋아진 점들이 많네요.\n\n*타임라인\n0:00 인트로 카메라비교\n0:59 망원카메라 비교분석\n3:54 접사카메라\n5:31 플레어/고스트현상\n6:13 색감\n6:55 저조도 비교\n8:48 유플러스 혜택 광고\n12:01 마무리\n\nTag\n#유플러스 #유플레벨업패키지 #아이폰13\n\n✔ 비즈니스 문의 : itws8692@gmail.com\n✔ 인스타그램 - https://www.instagram.com/at_the_endd/\n✔ 음원사이트 - https://artlist.io/HONG-1533409\n    (가입 시 2개월 추가 무료 혜택)",
        "thumbnail": "https://i.ytimg.com/vi/ItRQ9tcdNc4/mqdefault.jpg",
        "youtubeVideoId": "ItRQ9tcdNc4",
        "uploadedDate": "2021-11-04T02:29:08Z",
        "viewCount": 1320,
        "isCommercial": "False"
    },
    {
        "id": "e0d6bb42-b2e6-4adc-8317-1034f1d04f34",
        "title": "충전속도 느리다면 '이거' 확인하세요. 2초만에 아이폰 고속충전 확인하는 방법",
        "description": "아이폰 고속충전 vs 일반충전 확인하는 방법\n쇼츠로 기획했다가\n말 많아서 쇼츠로 만들기 실패한 영상\n하지만 업로드 한드아..\n\nTag\n#아이폰 #고속충전 #아이폰배터리\n\n✔ 비즈니스 문의 : itws8692@gmail.com\n✔ 인스타그램 - https://www.instagram.com/at_the_endd/\n✔ 음원사이트 - https://artlist.io/HONG-1533409\n    (가입 시 2개월 추가 무료 혜택)",
        "thumbnail": "https://i.ytimg.com/vi/tjZ6F6WHkXM/mqdefault.jpg",
        "youtubeVideoId": "tjZ6F6WHkXM",
        "uploadedDate": "2021-12-14T11:19:46Z",
        "viewCount": 3372,
        "isCommercial": "False"
    },
    {
        "id": "bfdab969-c292-4e1f-98fe-4499dfa2d96c",
        "title": "믿고 거른다는 와디즈 펀딩해봤습니다. 아이폰13 케이스 추천. moft 모프트 케이스",
        "description": "모프트 MOFT 스냅온 제품을 구매해봤어요.\n장점부터 단점까지 알려드려요!\n\nTag\n#아이폰케이스 #모프트 #맥세이프거치대\n\n✔ 비즈니스 문의 : itws8692@gmail.com\n✔ 인스타그램 - https://www.instagram.com/at_the_endd/\n✔ 음원사이트 - https://artlist.io/HONG-1533409\n    (가입 시 2개월 추가 무료 혜택)",
        "thumbnail": "https://i.ytimg.com/vi/CESVkr8tdes/mqdefault.jpg",
        "youtubeVideoId": "CESVkr8tdes",
        "uploadedDate": "2022-01-23T10:26:25Z",
        "viewCount": 2210,
        "isCommercial": "False"
    },
    {
        "id": "41187381-6dcf-48a8-bfc7-fdf416a4cc62",
        "title": "설마.. 성능 제한 때문은 아니겠죠..? 저조도 차이가 이정도라고..? 갤럭시S22 울트라 vs 아이폰 13프로 카메라 비교",
        "description": "전체적으로 잘 나오는데, 일부 환경에서 큰차이가 있네요.\n최근 큰 이슈인 GOS이슈에서, 관리 앱중에 카메라가 있다는 말도 있던 것 같은데, 설마 그것 때문은 아니겠죠..?\n이따 밤이되면 원UI 4.0으로 업데이트 안한 폰으로 테스트 해봐야겠네요.\n\n해당 영상은 GOS 논란이 본격적으로 커지기전에 찍어놓은거라, GOS 이슈를 염두에 두고 찍지 않은 영상입니다.\n다만 이슈를 알고나서보니, 괜히 찝찝하게 판단하게되네요.\n\nGOS영상은 지금 편집중이라 빠르면 내일 저녁? 모레 오전 정도에 올라갈 것 같아요!\n\n아이폰13프로\nhttps://link.coupang.com/a/le5t8\n위 링크로 구매하시면 에이트ATE에 소정의 수수료가 지급됩니다.\n\n0:00 카메라 성능\n1:40 밝을때\n3:24 다이나믹레인지\n5:00 둘다 그럭저럭 괜찮은 저조도\n7:04 극단적인 저조도에서 비교\n9:40 손떨림 방지 테스트\n12:30 손떨방 관련 아쉬운 점\n14:06 요약 정리\n\nTag\n#갤럭시s22울트라 #카메라 #gos\n\n✔ 비즈니스 문의 : itws8692@gmail.com\n✔ 인스타그램 - https://www.instagram.com/at_the_endd/\n✔ 음원사이트 - https://artlist.io/HONG-1533409\n    (가입 시 2개월 추가 무료 혜택)",
        "thumbnail": "https://i.ytimg.com/vi/TR-c-vtBNHI/mqdefault.jpg",
        "youtubeVideoId": "TR-c-vtBNHI",
        "uploadedDate": "2022-03-04T09:29:11Z",
        "viewCount": 15508,
        "isCommercial": "False"
    },
    {
        "id": "5c122d28-a72b-46eb-add9-de5d32a041d6",
        "title": "이 시국에 필요한 K-스피커ㅋㅋ. JBL 파티박스 710 & 온더고(ON-THE-GO)",
        "description": "오늘은 JBL에서 나온 파티박스 710과 파티박스 온더고(ON-THE-GO) 제품 사용기를 전해드려요.\n이건 완전 K 정서에 딱인데..?\n근데 JBL 미국회사 아닌가?ㅋㅋㅋㅋㅋㅋㅋㅋ\n\n* 본 영상은 삼성 하만의 지원을 받아 제작되었습니다.\n\n구매 링크 (\"에이트할인\" 입력시 10만원 추가 할인)\n- 파티박스 710 : https://www.samsung.com/sec/harman-life-style-audio/package-jbl-club-pro-partybox-710-d2c/JBLCLUBP-PB710/\n- 파티박스 온더고 (ON-THE-GO) : https://www.samsung.com/sec/harman-life-style-audio/package-jbl-club-pro-partybox-otg-d2c/JBLCLUBP-PBOTG/\n\n삼성닷컴 할인코드 적용 구매 방법 (사용기한 : ~ 4월 30일)\n\nStep1. 삼성닷컴 로그인\nStep2. 주문/결제 창에서 '상품쿠폰' 선택\nStep3. '쿠폰 번호 등록' 선택 후, \"에이트할인\" 입력시 10만원 추가 할인\n(단, 수량 소진 시 조기 종료될 수 있습니다.)\n\nTag\n#파티박스온더고 #JBL #파티박스710\n\n*타임라인\n0:00 영상 시작쓰\n0:35 JBL 파티박스710\n7:08 JBL 파티박스 온더고(ON-THE-GO)\n10:57 마무리\n\n✔ 비즈니스 문의 : itws8692@gmail.com\n✔ 인스타그램 - https://www.instagram.com/at_the_endd/\n✔ 음원사이트 - https://artlist.io/HONG-1533409\n    (가입 시 2개월 추가 무료 혜택)",
        "thumbnail": "https://i.ytimg.com/vi/OzUbkTjYIbM/mqdefault.jpg",
        "youtubeVideoId": "OzUbkTjYIbM",
        "uploadedDate": "2022-03-24T01:12:10Z",
        "viewCount": 1298,
        "isCommercial": "False"
    },
    {
        "id": "00f4e2bd-ee8c-4dd8-9784-ff8aa92ae811",
        "title": "이거 하나면 끝낼 수 있어요! 프린트, 스캔, 복사, FAX, 사진까지! 무한 잉크젯 복합기 캐논 GX7092.",
        "description": "GX7092\nhttps://link.coupang.com/a/lvQoG\n위 링크에서 구매하시면 에이트ATE에게 소정의 수수료가 지급됩니다.\n\n*캐논의 지원을 받아 제작되었습니다.\n\n오늘은 무한 잉크젯 복합기 한대로 비즈니스용 복합기를 끝내는 제품을 소개해드려요.\n사진 출력까지 가능한 복합기는 처음 사용해봤는데, 이것저것 뽑는 재미가 있네요.\n\nTag\n#캐논무한잉크복합기 #GX7092 #복합기추천\n\n0:00 비즈니스 복합기\n1:15 무한 잉크?\n2:28 안료 잉크를 사용하는 이유\n3:46 잉크젯 출력 속도는 느리다?\n4:22 분리된 급지함 장점\n5:04 정작 중요한 출력 품질은? 사진 출력 가능!\n6:18 출력 복사 스캔 팩스, 기본 기능도 편리\n7:43 비즈니스 포스터\n8:35 하나로 끝내는 복합기\n\n✔ 비즈니스 문의 : itws8692@gmail.com\n✔ 인스타그램 - https://www.instagram.com/at_the_endd/\n✔ 음원사이트 - https://artlist.io/HONG-1533409\n    (가입 시 2개월 추가 무료 혜택)",
        "thumbnail": "https://i.ytimg.com/vi/rQ6y1kIXKYA/mqdefault.jpg",
        "youtubeVideoId": "rQ6y1kIXKYA",
        "uploadedDate": "2022-03-28T17:50:23Z",
        "viewCount": 11286,
        "isCommercial": "True"
    },
    {
        "id": "2860e147-3e8e-451d-9249-a43b97e787cd",
        "title": "매일 책상에 앉는분 꼭 보세요! 2개월 내돈내산 장기 리뷰, 루나랩 모션데스크 장단점",
        "description": "오늘은 루나랩에서 나온 모션데스크 장기 사용기 입니다.\n업로드 시점은 거의 3개월째가 되어가네요.\n모션데스크를 쓰면 어떤 장단점이 있는지 정리해봤어요.\n\n루나랩 모션 데스크\nhttps://link.coupang.com/a/lGYI2\n위 링크에서 구매하시면 에이트ATE에게 소정의 수수료가 지급됩니다.\n\nTag\n#모션데스크 #루나랩모션데스크 #전동책상\n\n✔ 비즈니스 문의 : itws8692@gmail.com\n✔ 인스타그램 - https://www.instagram.com/at_the_endd/\n✔ 음원사이트 - https://artlist.io/HONG-1533409\n    (가입 시 2개월 추가 무료 혜택)",
        "thumbnail": "https://i.ytimg.com/vi/GNNND5AkM14/mqdefault.jpg",
        "youtubeVideoId": "GNNND5AkM14",
        "uploadedDate": "2022-04-02T21:59:18Z",
        "viewCount": 1957,
        "isCommercial": "False"
    },
    {
        "id": "bef72533-c5f1-452b-b00c-bd9e299a9470",
        "title": "에어팟프로만 고집하지마세요. 노이즈캔슬링 이어폰 사기전에 꼭 봐야할 영상 / 가격대별 5개 이어폰 비교",
        "description": "장비로 녹음한 소리를 들려드리는 거라, 실제와 차이가 있을 수 있습니다.\n(개인 체감으론 소니 WF-1000XM4가 실제보다 조금 성능이 덜하게 측정된 것 같아요. 메모리 폼이 좀 안맞았나..)\n\n영상에 나온 이어폰들\n\n갤럭시버즈2\nhttps://link.coupang.com/a/pkVsB\n\n자브라 엘리트 85T\nhttps://link.coupang.com/a/pkVw8\n\n에어팟프로\nhttps://link.coupang.com/a/pkVCy\n\n보스 QC 이어버드\nhttps://link.coupang.com/a/pkVFK\n\n소니 WF-1000MX4\nhttps://link.coupang.com/a/pkVUP\n\n링크에서 구매하시면 에이트ATE에게 소정의 수수료가 지급됩니다.\n\nTag\n#노이즈캔슬링이어폰 #노이즈캔슬링체험 #노이즈캔슬링원리\n\n✔ 비즈니스 문의 : itws8692@gmail.com\n✔ 인스타그램 - https://www.instagram.com/at_the_endd/\n✔ 음원사이트 - https://artlist.io/HONG-1533409\n    (가입 시 2개월 추가 무료 혜택)",
        "thumbnail": "https://i.ytimg.com/vi/HQzUyRzHdT8/mqdefault.jpg",
        "youtubeVideoId": "HQzUyRzHdT8",
        "uploadedDate": "2022-06-12T08:59:45Z",
        "viewCount": 2429,
        "isCommercial": "False"
    },
    {
        "id": "0b023e70-1c4f-4c94-8b56-4898645a51c4",
        "title": "업데이트 신기능 \"이거\" 꼭 쓰세요! 아이폰 iOS16 업데이트 핵심 신기능 6가지",
        "description": "오늘은 아이폰13을 iOS16 베타 버전으로 업데이트하고\n2주정도 사용해본 사용기입니다.\n생각보다 유용하게 사용할수있는 꿀팁 설정 기능들이 있네요.\n\n쿠팡 링크\nhttps://link.coupang.com/a/qs2oW\n위 링크에서 구매하시면 에이트ATE에게 소정의 수수료가 지급됩니다.\n\nTag\n#아이폰 #ios16 #ios16신기능 #아이폰설저 \n\n✔ 비즈니스 문의 : itws8692@gmail.com\n✔ 인스타그램 - https://www.instagram.com/at_the_endd/\n✔ 음원사이트 - https://artlist.io/HONG-1533409\n    (가입 시 2개월 추가 무료 혜택)",
        "thumbnail": "https://i.ytimg.com/vi/WUvEC3AsiQE/mqdefault.jpg",
        "youtubeVideoId": "WUvEC3AsiQE",
        "uploadedDate": "2022-06-22T11:19:11Z",
        "viewCount": 2177,
        "isCommercial": "False"
    },
    {
        "id": "b1b73c8b-6fd7-4340-b7be-d91d78ff83cc",
        "title": "갤럭시탭 기능이 아이패드 프로에 들어가면 생기는 일! M1 아이패드 프로 업데이트 신기능 정리",
        "description": "애플 아이패드 멀티태스킹이 좀 아쉽다는 평이 있었는데,\niOS 16이 나오면서 iPadOS16 에서 멀티태스킹이 강화되었습니다.\n직접 사용해보면서 어떻게 활용할 수 있는지 알려드릴게요\n\n쿠팡 링크\nhttps://link.coupang.com/a/ro7lV\n위 링크에서 구매하시면 에이트ATE에게 소정의 수수료가 지급됩니다.\n\nTag\n#아이패드OS #m1아이패드 #아이패드프로 #ipados16 \n아이패드프로 아이패드m1 아이패드업데이트\n\n✔ 비즈니스 문의 : itws8692@gmail.com\n✔ 인스타그램 - https://www.instagram.com/at_the_endd/\n✔ 음원사이트 - https://artlist.io/HONG-1533409\n    (가입 시 2개월 추가 무료 혜택)",
        "thumbnail": "https://i.ytimg.com/vi/6KkA6_y0H6k/mqdefault.jpg",
        "youtubeVideoId": "6KkA6_y0H6k",
        "uploadedDate": "2022-07-01T12:05:58Z",
        "viewCount": 1533,
        "isCommercial": "False"
    },
    {
        "id": "73c2cf00-de8b-4b08-81b8-387213f0960c",
        "title": "VR 후회 안하려면 한번에 좋은거 사세요. 4K 화질/ 120Hz 끝판왕 VR Pico Neo3 Link",
        "description": "VR 하면 오래전에 경험했던 기억이 있는데,\n그때의 기억으로 별로겠지..라고 예상했지만, 너무 의외네요.\n일반 게임이랑 비교가 안돼요.\n\n피코 네오3 링크 보러가기\nhttps://smartstore.naver.com/dwpico/products/6768064373\n\n이 영상은 유료광고를 포함하고 있습니다.\n\n#VR #피코네오3링크 #PicoNeo3Link\n\n쿠팡 링크\nhttps://link.coupang.com/a/le5Oz\n위 링크에서 구매하시면 에이트ATE에게 소정의 수수료가 지급됩니다.\n\n✔ 비즈니스 문의 : itws8692@gmail.com\n✔ 인스타그램 - https://www.instagram.com/at_the_endd/\n✔ 음원사이트 - https://artlist.io/HONG-1533409\n    (가입 시 2개월 추가 무료 혜택)",
        "thumbnail": "https://i.ytimg.com/vi/Osu9cRJM0Yk/mqdefault.jpg",
        "youtubeVideoId": "Osu9cRJM0Yk",
        "uploadedDate": "2022-07-20T07:05:57Z",
        "viewCount": 22621,
        "isCommercial": "True"
    },
    {
        "id": "57c2d548-1cf6-4658-b049-94ae60d1d6c8",
        "title": "에어컨 모드가 있는 휴대용 선풍기, 더위 해결!? 45900원에 산 에어컨 손풍기 리뷰",
        "description": "쿠팡 링크\nhttps://link.coupang.com/a/le5Oz\n위 링크에서 구매하시면 에이트ATE에게 소정의 수수료가 지급됩니다.\n\n요즘 진짜 더운데, 에어컨 기능 들어간 휴대용 선풍기 손풍기가 있다고 해서\n너무 궁금해서 사봤습니다.\n\nTag\n#에어컨 #선풍기 #핸디선풍기 #휴대용선풍기\n\n✔ 비즈니스 문의 : itws8692@gmail.com\n✔ 인스타그램 - https://www.instagram.com/at_the_endd/\n✔ 음원사이트 - https://artlist.io/HONG-1533409\n    (가입 시 2개월 추가 무료 혜택)",
        "thumbnail": "https://i.ytimg.com/vi/0fBFRA20Kjw/mqdefault.jpg",
        "youtubeVideoId": "0fBFRA20Kjw",
        "uploadedDate": "2022-07-30T11:14:50Z",
        "viewCount": 3324,
        "isCommercial": "False"
    },
    {
        "id": "6995f6a7-7927-425d-a7b3-f6189094bcca",
        "title": "하.. Z플립4, Z폴드4 물속에서 1000번 접었다 펼쳐봤더니.. 극한 방수 테스트 [에잍테스트2]",
        "description": "Z플립4\nhttps://link.coupang.com/a/wadpm\n\nZ폴드4\nhttps://link.coupang.com/a/wads9\n\n위 링크에서 구매하시면 에이트ATE에게 소정의 수수료가 지급됩니다.\n\n언박싱하자마자 퐁당\n극한의 방수 테스트...\n\n0:00 드디어 도착\n0:46 언박싱\n1:56 그러면 이제..\n4:03 Z플립4 테스트 시작\n9:01 물 들어가서 스피커 안나올때 꿀팁\n10:17 Z폴드4 테스트 시작\n\n\nTag\n#갤럭시Z폴드4 #갤럭시Z플립4 #z플립4방수 #방수테스트\n\n✔ 비즈니스 문의 : itws8692@gmail.com\n✔ 인스타그램 - https://www.instagram.com/at_the_endd/\n✔ 음원사이트 - https://artlist.io/HONG-1533409\n    (가입 시 2개월 추가 무료 혜택)",
        "thumbnail": "https://i.ytimg.com/vi/MVNzfRT4xJ8/mqdefault.jpg",
        "youtubeVideoId": "MVNzfRT4xJ8",
        "uploadedDate": "2022-08-25T09:24:54Z",
        "viewCount": 28775,
        "isCommercial": "False"
    },
    {
        "id": "0ed765af-7a98-459a-8a6f-547acc5685b6",
        "title": "기대했는데.. 아이폰14프로 굳이 살 필요 없다? 카메라 자세한 비교(vs 13프로) 사전예약 하신분들 꼭 보세요",
        "description": "아이폰14\nhttps://link.coupang.com/a/C0YUY\n위 링크에서 구매하시면 에이트ATE에게 소정의 수수료가 지급됩니다.\n\nTag\n#아이폰14 #아이폰14프로 #아이폰13프로 #아이폰14카메라\n\n*타임라인\n0:00 2~3배 차이나는 카메라 발전?\n0:55 밝을 때, 풍경 사진\n5:17 전면카메라 차이 무엇?\n6:24 역광 DR 비교\n7:01 밝을 때, 가까운 사진\n7:55 접사 비교\n8:34 실내 사진 비교\n10:24 인물모드 비교\n11:40 밝을 때 정리\n12:14 극한의 야간모드\n13:47 조금 극한 야간모드\n16:28 저녁 풍경 야간모드\n18:55 센서 쉬프트 2세대, 동영상 손떨방 비교\n20:05 카메라 비교 정리\n\n✔ 비즈니스 문의 : itws8692@gmail.com\n✔ 인스타그램 - https://www.instagram.com/at_the_endd/\n✔ 음원사이트 - https://artlist.io/HONG-1533409\n    (가입 시 2개월 추가 무료 혜택)",
        "thumbnail": "https://i.ytimg.com/vi/J_7PcVD1Sow/mqdefault.jpg",
        "youtubeVideoId": "J_7PcVD1Sow",
        "uploadedDate": "2022-09-30T12:59:28Z",
        "viewCount": 10716,
        "isCommercial": "False"
    },
    {
        "id": "927f73ee-3c5a-4dee-add9-dedbd2cf42ab",
        "title": "아이폰14 곧 도착하죠? 새로 산 아이폰14로 데이터 그대로 옮기는 방법. 영혼의 백업 / 아이폰 마이그레이션 / 아무거나 누르지 마세요!",
        "description": "아이폰14\nhttps://link.coupang.com/a/DbIEr\n위 링크에서 구매하시면 에이트ATE에게 소정의 수수료가 지급됩니다.\n\nTag\n#아이폰14 #아이폰14프로 #아이폰마이그레이션\n\n✔ 비즈니스 문의 : itws8692@gmail.com\n✔ 인스타그램 - https://www.instagram.com/at_the_endd/\n✔ 음원사이트 - https://artlist.io/HONG-1533409\n    (가입 시 2개월 추가 무료 혜택)",
        "thumbnail": "https://i.ytimg.com/vi/_a8n0AFNRZ0/mqdefault.jpg",
        "youtubeVideoId": "_a8n0AFNRZ0",
        "uploadedDate": "2022-10-06T07:07:54Z",
        "viewCount": 22154,
        "isCommercial": "False"
    },
    {
        "id": "b1fa2934-4be3-492d-a7d8-c71bfa05c64b",
        "title": "이거 하나 아쉽네요. 아이폰14프로 3주 써보고 느낀 장단점 정리! [다이나믹아일랜드 AOD 카메라]",
        "description": "에어팟프로 2세대\nhttps://link.coupang.com/a/DRd8Y\n위 링크에서 구매하시면 에이트ATE에게 소정의 수수료가 지급됩니다.\n\nTag\n#아이폰14 #아이폰14프로\n\n✔ 비즈니스 문의 : itws8692@gmail.com\n✔ 인스타그램 - https://www.instagram.com/at_the_endd/\n✔ 음원사이트 - https://artlist.io/HONG-1533409\n    (가입 시 2개월 추가 무료 혜택)",
        "thumbnail": "https://i.ytimg.com/vi/4Rw84Bxcqe4/mqdefault.jpg",
        "youtubeVideoId": "4Rw84Bxcqe4",
        "uploadedDate": "2022-10-13T10:15:48Z",
        "viewCount": 9368,
        "isCommercial": "False"
    },
    {
        "id": "f9171502-4e98-4aa9-a48c-8638d82acf6a",
        "title": "아이폰 iOS16 잠금화면 위젯 활용법 1탄",
        "description": "에어팟프로 2세대 사전예약\nhttps://link.coupang.com/a/DRd8Y\n위 링크에서 구매하시면 에이트ATE에게 소정의 수수료가 지급됩니다.\n\nTag\n#아이폰14 #아이폰14프로\n\n✔ 비즈니스 문의 : itws8692@gmail.com\n✔ 인스타그램 - https://www.instagram.com/at_the_endd/\n✔ 음원사이트 - https://artlist.io/HONG-1533409\n    (가입 시 2개월 추가 무료 혜택)",
        "thumbnail": "https://i.ytimg.com/vi/eFJx-4YROVo/mqdefault.jpg",
        "youtubeVideoId": "eFJx-4YROVo",
        "uploadedDate": "2022-10-15T09:43:16Z",
        "viewCount": 4401,
        "isCommercial": "False"
    },
    {
        "id": "709ec8ff-2fd7-4911-b36c-744daf08ab7d",
        "title": "Private video",
        "description": "This video is private.",
        "thumbnail": null,
        "youtubeVideoId": "CrNGpoxqJoE",
        "uploadedDate": "2022-10-16T13:37:22Z",
        "viewCount": 8735,
        "isCommercial": "False"
    },
    {
        "id": "e776b223-056a-4f82-be92-a51f0c6246dc",
        "title": "역대급 카톡 먹통 사태! 라인으로 갈아탈만할까? 카카오톡 라인 메신저 기능 비교",
        "description": "쿠팡 링크\nhttps://link.coupang.com/a/le5Oz\n위 링크에서 구매하시면 에이트ATE에게 소정의 수수료가 지급됩니다.\n\nTag\n#카카오톡 #라인 #카톡먹통\n\n✔ 비즈니스 문의 : itws8692@gmail.com\n✔ 인스타그램 - https://www.instagram.com/at_the_endd/\n✔ 음원사이트 - https://artlist.io/HONG-1533409\n    (가입 시 2개월 추가 무료 혜택)",
        "thumbnail": "https://i.ytimg.com/vi/2Lmyu4LrzAY/mqdefault.jpg",
        "youtubeVideoId": "2Lmyu4LrzAY",
        "uploadedDate": "2022-10-17T07:11:30Z",
        "viewCount": 6675,
        "isCommercial": "False"
    },
    {
        "id": "05e35056-a149-4ad5-871b-7a091796574f",
        "title": "에어팟프로 2세대 언박싱 하면서 놀란거",
        "description": "에어팟프로 2세대\nhttps://link.coupang.com/a/EeCL5\n위 링크에서 구매하시면 에이트ATE에게 소정의 수수료가 지급됩니다.\n\nTag\n#에어팟프로2세대 #에어팟프로\n\n✔ 비즈니스 문의 : itws8692@gmail.com\n✔ 인스타그램 - https://www.instagram.com/at_the_endd/",
        "thumbnail": "https://i.ytimg.com/vi/Wo1ZIc-2JEA/mqdefault.jpg",
        "youtubeVideoId": "Wo1ZIc-2JEA",
        "uploadedDate": "2022-10-21T10:10:51Z",
        "viewCount": 23160,
        "isCommercial": "False"
    },
    {
        "id": "9a1bfd4a-6666-41ec-b99d-9de238743472",
        "title": "클릭 몇번으로 음질 떡상시키는 방법. 에어팟프로 2세대 100% 활용하는 초기설정 꿀팁 (1세대도 됨) [배터리, 볼륨제어, 꿀팁, 불량테스트]",
        "description": "에어팟프로 2세대\nhttps://link.coupang.com/a/EeCL5\n위 링크에서 구매하시면 에이트ATE에게 소정의 수수료가 지급됩니다.\n\n오늘은 오랜만에 에어팟프로 2세대로 갈아타신 분들을 위해\n간단하게 초기 불량 테스트를 할 때 어떤 것을 봐야하는지,\n그리고 에어팟 프로 2세대를 어떻게 설정하면\n제대로 활용할 수 있는지 소개해드려요!\n\nTag\n#에어팟프로2설정 #에어팟프로2\n\n0:00 에어팟프로 2세대 출시!\n0:47 초기 불량 체크 - 외관\n2:16 초기 불량 체크 - 충전\n2:51 케이스 소리가 안나요!?\n3:15 소음제어 추가 설정\n4:17 음질 사용자화\n5:50 공간음향 사용자화\n8:17 케이스 충전 소리 끄기\n8:34 에어팟프로2 충전 잘 되나? 확인법\n8:58 배터리 위젯 상시 표시\n10:03 한쪽 노캔\n10:35 볼륨 컨트롤 어려워요?\n11:10 에어팟 청력 보호기능?\n12:30 간단한 후기\n\n✔ 비즈니스 문의 : itws8692@gmail.com\n✔ 인스타그램 - https://www.instagram.com/at_the_endd/",
        "thumbnail": "https://i.ytimg.com/vi/E56K0Dzg5PY/mqdefault.jpg",
        "youtubeVideoId": "E56K0Dzg5PY",
        "uploadedDate": "2022-10-23T09:55:26Z",
        "viewCount": 12774,
        "isCommercial": "False"
    },
    {
        "id": "613f319b-c930-45fd-96eb-cd39e54228b9",
        "title": "Z플립4 Z폴드4 물속에서 1000번 접어봤습니다.",
        "description": "Z플립4\nhttps://link.coupang.com/a/Epa8W\n위 링크에서 구매하시면 에이트ATE에게 소정의 수수료가 지급됩니다.\n\nTag\n#Z플립4 #Z폴드4 #방수테스트\n\n✔ 비즈니스 문의 : itws8692@gmail.com\n✔ 인스타그램 - https://www.instagram.com/at_the_endd/",
        "thumbnail": "https://i.ytimg.com/vi/kKM1JGboyRs/mqdefault.jpg",
        "youtubeVideoId": "kKM1JGboyRs",
        "uploadedDate": "2022-10-24T09:29:07Z",
        "viewCount": 6032,
        "isCommercial": "False"
    },
    {
        "id": "0b9493df-53c3-4bd9-a7bf-3af8e50ebe49",
        "title": "90%는 모르는 카카오톡 신기능으로 이쁨 받는 법. 혼자만 알기 아까워서 공유",
        "description": "Z플립4\nhttps://link.coupang.com/a/Epa8W\n위 링크에서 구매하시면 에이트ATE에게 소정의 수수료가 지급됩니다.\n\n✔ 비즈니스 문의 : itws8692@gmail.com\n✔ 인스타그램 - https://www.instagram.com/at_the_endd/",
        "thumbnail": "https://i.ytimg.com/vi/bLV3GmmBaZs/mqdefault.jpg",
        "youtubeVideoId": "bLV3GmmBaZs",
        "uploadedDate": "2022-10-26T10:46:32Z",
        "viewCount": 2776,
        "isCommercial": "False"
    },
    {
        "id": "e39f1519-0651-4315-9a3e-90a84267f2d3",
        "title": "아무거나 사지마세요. 아이폰14프로 가성비 맥세이프 그립톡 TOP5 비교 (아이폰12, 13 가능)",
        "description": "0:00 아이폰 필수템 맥세이프 그립톡\n0:29 맥세이프 그립톡 TOP5 라인업\n1:33 디자인 비교\n3:15 무게 두께\n4:13 자력 비교\n6:42 내부 보호면 재질 비교\n7:40 구성품\n8:07 루엠 맥세이프 그립톡\n9:02 아이엠듀 맥세이프 그립톡\n9:28 블랙카우랩스 맥세이프 그립톡\n10:47 신지모루 맥세이프 그립톡\n11:22 코지박스 맥세이프 그립톡\n11:51 종합\n\nTag\n#아이폰14 #맥세이프그립톡 #맥세이프 #아이폰14프로\n\n✔ 비즈니스 문의 : itws8692@gmail.com\n✔ 인스타그램 - https://www.instagram.com/at_the_endd/",
        "thumbnail": "https://i.ytimg.com/vi/IEz8nqRCTw4/mqdefault.jpg",
        "youtubeVideoId": "IEz8nqRCTw4",
        "uploadedDate": "2022-10-28T02:25:15Z",
        "viewCount": 5822,
        "isCommercial": "False"
    }
]