[
    {
        "id": "844bd7e0-3018-4d3b-a50c-edfe3b4cddca",
        "title": "ASMR 잠 잘때 듣는 북극에서  빗소리 모음 2시간 [RAIN SOUNDS ASMR] 공부 집중",
        "description": "오늘 영상은 지난 번에 올린 북극 ASMR 에서 좋았던 비 내리는 부분만을 모아서 2시간 정도의\n빗소리 asmr 영상을  만들어 보았습니다! 단순히 모은 것만이 아니라 음악은 없애고 소리나 시각적인 부분이 추가 됐고 바뀐 요소도 있어서 조금 더 온전히 비 내리는 북극을 느낄 수 있을 거예요 그럼 오늘 영상도 여러분께 기분 좋은 영상이면 좋겠습니다! 모두 잘 자고 좋은 꿈 꾸고 좋은 하루 보내세요:)\n\n\n사적인이야기\n- 저는 다이어트를 시작할거예요! 10kg을 감량하겠어! 근육량도 늘리겠어!\n- 올 여름엔 정말루 다이어트 성공해서 돌아오겠습니다....\n- 고등학생때부터 계속 다이어트를 했는데 지금까지 단 한번도 성공한 적이 없어요. 의지력 미쳤어... 이번에 진짜 해야돼...이러다 평생 다이어트 못해ㅠㅠㅠㅠ\n- 여러분도 혹시 다이어트 꿀팁있다면 저한테 알려주세요 :) 댓글로!\n- 그럼 모두 잘 자고 좋은 꿈꾸고 좋은 하루 보내세요! 오늘도 여기까지 봐주셔서 감사합니다!!\n\n\n각종 문의 사항은\nggulggulsuna@gmail.com 으로 보내 주세요\n\n멤버십 회원만 볼 수 있는 비하인드 영상과 많은 혜택들이 있는\n멤버십 가입하러 가기\nhttps://www.youtube.com/channel/UChYcJLnVxqgO3SkM6vKX9aw/join\n\n\n선아의 공식 팬카페 가입하러가기!⬇️\nhttps://cafe.naver.com/ggulggulsuna\n\n💌\n주소: 서울시 성동구 성수이로 20길 16 (성수동2가, JK타워) 8층\n받는이: 꿀꿀선아\n여러분들이 보내 주신 선물은 영상으로 만들 생각입니다☺ 원치 않으시는 분들은 연락을 주시거나 써 주세요!\n\nFan letter address\n8floor, 16, Seongsui-ro 20-gil, Seongdong-gu, Seoul, Republic of Korea\nRecipient(受けるが): ggulggul suna\n\n(추천영상)\n\n몽환적인 북극에서 보낸 하루들 입체음향 ASMR\nhttps://youtu.be/wIFS4qYN7mg\n해리포터 호그와트로 가는 여정 입체음향 ASMR\nhttps://youtu.be/1R-6okrEvAg\n센과 치히로의 행방불명 입체음향 ASMR\nhttps://youtu.be/hzBmp02pMrA\n\n\n선아의 일상과 미니피그 채널:https://goo.gl/kvZ6rl\n선아의 게임채널:https://goo.gl/1bIQgo\n아프리카TV: http://afreecatv.com/ggulsuna\nSUNA Facebook: https://www.facebook.com/kyoung.jeon.92\nSUNA Instargram: https://www.instagram.com/ggulggulsuna\nSUNA Twitch: https://www.twitch.tv/ggulsuna\nPayPal Support link :https://goo.gl/SWRfel",
        "thumbnail": "https://i.ytimg.com/vi/c7fx_urpdhc/mqdefault.jpg",
        "youtubeVideoId": "c7fx_urpdhc",
        "uploadedDate": "2021-03-27T12:00:30Z",
        "viewCount": 97305,
        "isCommercial": "False"
    },
    {
        "id": "247b5080-cb9f-422c-93c8-13305f40afb0",
        "title": "ASMR 한 주를 준비하는 하루 [VLOG ASMR]일상 브이로그,소리일기, 꿀꿀선아,suna asmr",
        "description": "오늘의 ASMR 영상은 VLOG ASMR 입니다! 오랜만에 브이로그 영상이네요ㅎㅎ\n오늘 영상을 보시면 핑돼와 고양이들이 사고를 치는 걸 보실 수 있는데 이건 cctv 화면을 보셨듯이 다른 촬영을 하는 중에 때마침 사고를 마구 쳐 주더라구요.. 하하하.... 멋있는 아이들..\n그리고 이번 영상은 킷캣과 함께하게 되었는데요ㅎㅎ 카라멜, 쿠키크럼블, 헤이즐넛 세 가지 맛이 신제품으로 나왔어요! 넘 맛있음..ㅠㅠ 저는 카라멜이 최애입니다! 여러분들을 위한 이벤트도 준비했으니 많은 참여 부탁드려요!\n\n*해당 영상은 킷캣과 함께 합니다.\n\n#ASMR #VLOG #브이로그 #킷캣\n\n-킷캣브레이크챌린지 게임 온라인 이벤트\n- 매주 킷캣 게임 완료 후 점수를 캡쳐하여 본인계정에 #킷캣브레이크챌린지 해시태그 포함 후 업로드 하면 참여 완료\n- 2/10~3/8까지 매주 다른 빅리워드-3명 와 그외 300명에게 킷캣 신제품 1박스를 증정\n-url: http://www.kitkatevent.co.kr\n\n그러면 모두 잘 자고 좋은 꿈 꾸고 좋은 하루 되세요!\n\n고정 업로드 시간은 매주 수요일 토요일 밤 9시입니다\n각종 문의 사항은\nggulggulsuna@gmail.com 으로 보내 주세요~\n\n멤버십 회원만 볼 수 있는 비하인드 영상과 많은 혜택들이 있는\n멤버십 가입하러 가기\nhttps://www.youtube.com/channel/UChYcJLnVxqgO3SkM6vKX9aw/join\n\n\n선아의 공식 팬카페 가입하러가기!⬇️\nhttps://cafe.naver.com/ggulggulsuna\n\n💌\n주소: 서울시 성동구 성수이로 20길 16 (성수동2가, JK타워) 8층\n받는이: 꿀꿀선아\n여러분들이 보내 주신 선물은 영상으로 만들 생각입니다☺ 원치 않으시는 분들은 연락을 주시거나 써 주세요!\n\nFan letter address\n8floor, 16, Seongsui-ro 20-gil, Seongdong-gu, Seoul, Republic of Korea\nRecipient: ggulggul suna\n\n(추천영상)\n요리로 떠나는 VLOG\nhttps://www.youtube.com/watch?v=F8j0I7l1U8o&t=1314s\n새로 이사한 사무실에서의 하루 [Vlog ASMR]\nhttps://youtu.be/hDdrY3guMRc\n나의 3일간의 소리일기 [Vlog ASMR]\nhttps://youtu.be/gOmIs4FwZg4\n가을 피크닉 브이로그 [VLOG ASMR]\nhttps://youtu.be/-sv-Ueb40F0\n소소한 하루 일상속의 소리들 [Vlog ASMR]\nhttps://youtu.be/QehC7IxCmu0\n\n\n카카오 tv 채널:https://goo.gl/MgEqLt\n카카오톡 플러스친구:검색))꿀꿀선아\n선아의 일상과 미니피그 채널:https://goo.gl/kvZ6rl\n선아의 게임채널:https://goo.gl/1bIQgo\n아프리카TV: http://afreecatv.com/ggulsuna\nSUNA Facebook: https://www.facebook.com/kyoung.jeon.92\nSUNA Instargram: https://www.instagram.com/ggulggulsuna\nSUNA Twitch: https://www.twitch.tv/ggulsuna\nPayPal Support link :https://goo.gl/SWRfel",
        "thumbnail": "https://i.ytimg.com/vi/DqWo6GfNTf4/mqdefault.jpg",
        "youtubeVideoId": "DqWo6GfNTf4",
        "uploadedDate": "2020-02-22T07:08:09Z",
        "viewCount": 1278390,
        "isCommercial": "False"
    },
    {
        "id": "e257e82a-0c49-4acc-9f77-093bd7a53865",
        "title": "ASMR 가을 피크닉 브이로그[VLOG ASMR]소리일기, 꿀꿀선아,suna asmr",
        "description": "오늘의 asmr 영상은 드디어 세번째 브이로그 ASMR 입니다! 지금까지 두번 Vlog asmr을 가져왔는데 둘다 많은 분들이 좋아해주셨어요.영상의 구성은 요리,먹방,걷는소리 등 피크닉을 준비하는 과정부터 모두 담았어요.사실 브이로그 asmr 촬영이 다른 영상들 보다 힘이 몇배로 들어요! asmr 촬영에서 힘든 촬영은 롤플레이를 들 수 있는데 롤플도 정성이 많이 들어가지만 브이로그는 더욱 많이 들어가고 있어요. 그래도 그만큼 여러분이 좋아해주시니까 뿌듯합니다 :) 오늘은 가을을 맞아 피크닉을 떠나는 브이로그입니다! 업로드가 되고 있는 지금은,,,, 겨울에 가까워졌지만... 재촬영도 여러번 있었고 편집도 오래 걸리는 작업이다 보니까 늦어졌어요... 그래도 재밌게 봐주실거라 믿어요!!!\n다음에 또 보고싶은 콘텐츠가 있다면 댓글로 추천해주세요! \n그럼 오늘 영상도 기분좋게 봐주셨으면 좋겠습니다.\n모두 잘자고 좋은 꿈꾸고 좋은 하루되세요!\nVLOG ASMR은 평소의 저의 일상을 재구성해서 촬영한 영상입니다!\n\n#ASMR #VLOG #브이로그\n\n영상에 사용된 센과치히로 행방불명 ost 들으러가기\nReynah님의 One Summer's Day\nhttps://www.youtube.com/watch?v=8AKxbpR_cdo\nBella&Lucas벨라앤루카스님의 생명의이름\nhttps://www.youtube.com/watch?v=Q_C9MZshTW0\n\n\n\n고정 업로드 시간은 매주 수요일 토요일 밤 9시입니다\n각종 문의 사항은\nggulggulsuna@gmail.com 으로 보내 주세요~\n\n멤버십 회원만 볼 수 있는 비하인드 영상과 많은 혜택들이 있는\n멤버십 가입하러 가기\nhttps://www.youtube.com/channel/UChYcJLnVxqgO3SkM6vKX9aw/join\n\n\n선아의 공식 팬카페 가입하러가기!⬇️\nhttps://cafe.naver.com/ggulggulsuna\n\n💌\n주소: 서울시 성동구 성수이로 20길 16 (성수동2가, JK타워) 8층\n받는이: 꿀꿀선아\n여러분들이 보내 주신 선물은 영상으로 만들 생각입니다☺ 원치 않으시는 분들은 연락을 주시거나 써 주세요!\n\nFan letter address\n8floor, 16, Seongsui-ro 20-gil, Seongdong-gu, Seoul, Republic of Korea\nRecipient(受けるが): ggulggul suna\n\n(추천영상)\n새로 이사한 사무실에서의 하루 [Vlog ASMR]\nhttps://youtu.be/hDdrY3guMRc\n한주를 준비하는 날 브이로그 ASMR\nhttps://youtu.be/DqWo6GfNTf4\n3일간의 소리일기 브이로그 ASMR\nhttps://youtu.be/gOmIs4FwZg4\n소소한 하루 일상속의 소리들 브이로그 ASMR\nhttps://youtu.be/QehC7IxCmu0\n\n\n\n카카오 tv 채널:https://goo.gl/MgEqLt\n카카오톡 플러스친구:검색))꿀꿀선아\n선아의 일상과 미니피그 채널:https://goo.gl/kvZ6rl\n선아의 게임채널:https://goo.gl/1bIQgo\n아프리카TV: http://afreecatv.com/ggulsuna\nSUNA Facebook: https://www.facebook.com/kyoung.jeon.92\nSUNA Instargram: https://www.instagram.com/ggulggulsuna\nSUNA Twitch: https://www.twitch.tv/ggulsuna\nPayPal Support link :https://goo.gl/SWRfel",
        "thumbnail": "https://i.ytimg.com/vi/-sv-Ueb40F0/mqdefault.jpg",
        "youtubeVideoId": "-sv-Ueb40F0",
        "uploadedDate": "2019-11-16T08:09:25Z",
        "viewCount": 852265,
        "isCommercial": "False"
    },
    {
        "id": "c509ac77-3331-4d87-9e11-6b71a0f60cd6",
        "title": "ASMR 숲속 미용실 상황극2 선택하는 롤플레이(염색하는소리)Role playing[선아의 숲속미용실 2]",
        "description": "오늘의 asmr 영상은 많은 분들이 기다리고 기다리셨던 asmr role play 롤플레이 영상입니다.머리빗는소리(hair combing),샴푸 asmr,염색 바르는소리 등을 담았어요! 저번 미용실 롤플에 이어 미용실 롤플2탄을 가져왔는데요. 저번 시리즈와 이어지는 내용에 조금 욕심이 생겨서 여러가지 요소를 추가해보았습니다! :) 재밌게 봐주셨으면 좋겠어요! 여러분이 기다리시던 만큼 기분 좋은 영상이었으면 좋겠네요 그럼 모두 잘자고 좋은 꿈꾸고 좋은 하루되세요!\n\n숲속 미용실 asmr 1편을 듣고싶으신분은 밑에 링크를 클릭해주세요!\nhttps://www.youtube.com/watch?v=IZAXNd1OQ5E&t=352s\n\n초반에 사용한 토토로 브금은\nhttps://youtu.be/_YN-6JSw4B8 여기서 들을수있어용\n\n고정 업로드 시간은 매주 수요일 토요일 밤 9시입니다\n각종 문의사항은\nggulggulsuna@gmail.com  으로 보내주세요~\n\n멤버십 회원만 볼수있는 비하인드 영상과 많은 혜택들이 있는\n멤버십 가입하러가기\nhttps://www.youtube.com/channel/UChYcJLnVxqgO3SkM6vKX9aw/join\n\n\n선아의 공식 팬카페 가입하러가기!⬇️\nhttps://cafe.naver.com/ggulggulsuna\n💌\n주소: 서울시 성동구 성수이로 20길 16 (성수동2가, JK타워) 8층\n받는이: 꿀꿀선아\n여러분들이 보내주신 선물은 영상으로 만들 생각입니다☺ 원치 않으시는분들은 연락을 주시거나 써주세요!\n\nFan letter address\n8floor, 16, Seongsui-ro 20-gil, Seongdong-gu, Seoul, Republic of Korea\nRecipient(受けるが): ggulggul suna\n\n\n(추천영상)\n숲속 미용실 롤플 1\nhttps://www.youtube.com/watch?v=IZAXNd1OQ5E&t=352s\n당신은 고양이입니다. 고양이 미용실 롤플레이\nhttps://youtu.be/ifm2PKFct7A\n쌍둥이 귀마사지 롤플\nhttps://www.youtube.com/watch?v=bb65eQ80jOE&t=490s\n메이크업샵 롤플\nhttps://www.youtube.com/watch?v=qatPm-Sax9E&t=33s\n\n\n\n카카오 tv 채널:https://goo.gl/MgEqLt\n카카오톡 플러스친구:검색))꿀꿀선아\n선아의 일상과 미니피그 채널:https://goo.gl/kvZ6rl\n선아의 게임채널:https://goo.gl/1bIQgo\n아프리카TV: http://afreecatv.com/ggulsuna\nSUNA Facebook: https://www.facebook.com/kyoung.jeon.92\nSUNA Instargram: https://www.instagram.com/ggulggulsuna\nSUNA Twitch: https://www.twitch.tv/ggulsuna\nPayPal Support link :https://goo.gl/SWRfel",
        "thumbnail": "https://i.ytimg.com/vi/hJPXoGlfgek/mqdefault.jpg",
        "youtubeVideoId": "hJPXoGlfgek",
        "uploadedDate": "2019-10-05T13:00:08Z",
        "viewCount": 625498,
        "isCommercial": "False"
    },
    {
        "id": "98216c27-cef7-4723-96ce-9b1deb0a2560",
        "title": "ASMR 나의 3일간의 소리일기 [Vlog ASMR]브이로그,꿀꿀선아,suna asmr",
        "description": "오늘의 asmr 영상은 오랜만의 브이로그 asmr이에요.청소하는날,\n쉬는날,일하는날로 구성되어있고 ,다양한 스트레스 받는 하루들을 지지지굿밤을 활용하여 상황들을 만들어보았는데 저번 브이로그 영상보다 알찬구성으로 만들려고 노력했어요. 브이로그영상은 다른 영상에 비해 시간이 더 걸리는데 이번 영상은 더욱 걸렸던거같네요. 그만큼 열심히 재밌고 좋은 영상을 만들려고 노력했으니까 기분 좋게 봐주셨으면 좋겠어요.\n그럼 여러분 모두 잘자고 좋은 꿈꾸고 좋은 하루되세요\n\n*영상에 나온 지지지굿밤 구매하기 링크\nhttps://smartstore.naver.com/vap\n\n-이 영상은 지지지굿밤의 유료광고를 포함하고있습니다\n\n오랜만의 사적인 이야기\n1. 추석이 끝나고부터 드디어 직원분들이 출근을 하세요. 곧 더 자주 여러분들을 찾아뵐수있을거같아요! 요즘 너무너무 바뻐요ㅠㅡㅠ\n2. 17:40초 쯤에 나오는 설기뒤에 설이가 지금 매우 위험한 상태예요. 8월 28일에 플라스틱링에 목이 끼었는데 그걸 자기가 빼려다가 입에 걸려서 지금 거의 일주일째 아무것도 못 먹고 못 마시고 있어요. 제가 구조해주려고 여러번 시도를 해보았지만 먹을거에 관심이 거의 없고 경계도 심해져서 힘드네요. 돈을 지불하고 구조해주는 곳에도 연락을 해보았는데 먹이에 관심없으면 업체에서 하나 제가 하나 똑같다고 하더라구요. 포획틀에도 들어가주지 않고... 지금도 열심히 구조해주려고 노력을 하고있어요. 곧 구조해서 건강한 모습 일상채널에서 보여드릴게요 꼭\n\n#ASMR #브이로그 #VLOG\n\n고정 업로드 시간은 매주 수요일 토요일 밤 9시입니다\n각종 문의사항은\nggulggulsuna@gmail.com  으로 보내주세요~\n\n멤버십 회원만 볼수있는 비하인드 영상과 많은 혜택들이 있는\n멤버십 가입하러가기\nhttps://www.youtube.com/channel/UChYcJLnVxqgO3SkM6vKX9aw/join\n\n\n선아의 공식 팬카페 가입하러가기!⬇️\nhttps://cafe.naver.com/ggulggulsuna\n💌\n주소: 서울시 성동구 성수이로 20길 16 (성수동2가, JK타워) 8층\n받는이: 꿀꿀선아\n여러분들이 보내주신 선물은 영상으로 만들 생각입니다☺ 원치 않으시는분들은 연락을 주시거나 써주세요!\n\nFan letter address\n8floor, 16, Seongsui-ro 20-gil, Seongdong-gu, Seoul, Republic of Korea\nRecipient(受けるが): ggulggul suna\n\n(추천영상)\n새로 이사한 사무실에서의 하루 [Vlog ASMR]\nhttps://youtu.be/hDdrY3guMRc\n한주를 준비하는 브이로그 asmr\nhttps://youtu.be/DqWo6GfNTf4\n가을 브이로그 ASMR\nhttps://youtu.be/-sv-Ueb40F0\n소소한 하루 일상 VLOG ASMR 1\nhttps://youtu.be/QehC7IxCmu0\n\n\n\n카카오 tv 채널:https://goo.gl/MgEqLt\n카카오톡 플러스친구:검색))꿀꿀선아\n선아의 일상과 미니피그 채널:https://goo.gl/kvZ6rl\n선아의 게임채널:https://goo.gl/1bIQgo\n아프리카TV: http://afreecatv.com/ggulsuna\nSUNA Facebook: https://www.facebook.com/kyoung.jeon.92\nSUNA Instargram: https://www.instagram.com/ggulggulsuna\nSUNA Twitch: https://www.twitch.tv/ggulsuna\nPayPal Support link :https://goo.gl/SWRfel",
        "thumbnail": "https://i.ytimg.com/vi/gOmIs4FwZg4/mqdefault.jpg",
        "youtubeVideoId": "gOmIs4FwZg4",
        "uploadedDate": "2019-09-04T12:21:24Z",
        "viewCount": 2839466,
        "isCommercial": "False"
    },
    {
        "id": "2c4393e9-32b4-4ec5-a47c-38de729698a7",
        "title": "ASMR 비온뒤 야외에서 수다  (전원생활에 대해)[Talking asmr]꿀꿀선아,suna asmr,音フェチ",
        "description": "오늘의 ASMR 영상은 수다 talking ASMR인데요.\n영상촬영 준비할 때는 비가 추적추적 내리고 있어서 빗소리와 함께 전원생활에 대해 이야기 하면 좋겠다! 싶어서 촬영을 시작했는데 시작하니 비가 안내리더라구요ㅎㅎ 그래도 비 내린 후의 분위기가좋아서 괜찮았던거같아요. \n새소리가 조금 크긴 했지만?\n점점 시간이 지나면서 소리도 달라지는데 그런걸 느끼면서 시청해주시면 나름대로 재미있을거 같아요! 어두워지니 매미소리와 여러 곤충소리가 많이 크더라구요 ㅠ_ㅠ\n그래서 급하게 마무리 했지만! 오늘 영상도 여러분께 기분 좋은 영상이었으면 좋겠어요!\n모두 잘 자고 좋은꿈꾸고 좋은 하루되세요!\n#ASMR #Whispering #Nature\n\n고정 업로드 시간은 매주 수요일 토요일 밤 9시입니다\n각종 문의사항은\nggulggulsuna@gmail.com  으로 보내주세요~\n\n멤버십 회원만 볼수있는 비하인드 영상과 많은 혜택들이 있는\n멤버십 가입하러가기\nhttps://www.youtube.com/channel/UChYcJLnVxqgO3SkM6vKX9aw/join\n\n\n선아의 공식 팬카페 가입하러가기!⬇️\nhttps://cafe.naver.com/ggulggulsuna\n💌\n주소: 서울시 성동구 성수이로 20길 16 (성수동2가, JK타워) 8층\n받는이: 꿀꿀선아\n여러분들이 보내주신 선물은 영상으로 만들 생각입니다☺ 원치 않으시는분들은 연락을 주시거나 써주세요!\n\nFan letter address\n8floor, 16, Seongsui-ro 20-gil, Seongdong-gu, Seoul, Republic of Korea\nRecipient(受けるが): ggulggul suna\n\n\n(추천영상)\nASMR 단어반복으로 귀를 간지럽히기(+마이크터칭)\nhttps://youtu.be/395k2T7JXTk\n선아의 브이로그 asmr\nhttps://youtu.be/QehC7IxCmu0\n수다 asmr \nhttps://www.youtube.com/watch?v=bAcIvEcYFxg\n근황 수다 ASMR\nhttps://www.youtube.com/watch?v=2kGQZt9YOrg\n야외에서 페인트 asmr\nhttps://www.youtube.com/watch?v=6ekET6i1Y8Q&t=136s\n\n\n카카오 tv 채널:https://goo.gl/MgEqLt\n카카오톡 플러스친구:검색))꿀꿀선아\n선아의 일상과 미니피그 채널:https://goo.gl/kvZ6rl\n선아의 게임채널:https://goo.gl/1bIQgo\n아프리카TV: http://afreecatv.com/ggulsuna\nSUNA Facebook: https://www.facebook.com/kyoung.jeon.92\nSUNA Instargram: https://www.instagram.com/ggulggulsuna\nSUNA Twitch: https://www.twitch.tv/ggulsuna\nPayPal Support link :https://goo.gl/SWRfel",
        "thumbnail": "https://i.ytimg.com/vi/mCFfslmgf1s/mqdefault.jpg",
        "youtubeVideoId": "mCFfslmgf1s",
        "uploadedDate": "2019-07-27T12:02:58Z",
        "viewCount": 412274,
        "isCommercial": "False"
    },
    {
        "id": "9c761d05-9f64-49eb-98e4-c77b6a560aba",
        "title": "ASMR  소소한 하루 일상속의 소리들 [Vlog ASMR]노토킹,꿀꿀선아,비요뜨,suna asmr,音フェチ",
        "description": "오늘의 ASMR영상은 조금 새롭고 특별하게 만들어보았어요. 브이로그를 ASMR로 만드는 새로운 시도를 해보았습니다.영상의 구성은 (머리손질,메이크업,직접만든 먹방,키보드소리,핑돼 먹방)의 구성이에요 !계속 하고싶어서 기획을 해왔단건데 이번 기회에 하게 되어 힘들었지만 그만큼 재밌고 좋았어요😚 제가 좋았던 만큼 여러분의 마음에도 드는 영상이었으면 좋겠습니다. \n그리고 어렸을때의 바램 중 하나가 비요뜨를 왕창 먹는거였거든요ㅎㅎ 덕분에 좋은 기회를 얻어 바램을 이루었네요💕💕\n앞으로도 (여러분께서 마음에 든다면) 이런 브이로그asmr을 계속 만들어보고싶어요.자주 볼 순 없겠지만 여러분이 원하신다면 최대한 자주 만들어보겠습니다 그럼 여러분 모두 잘자고 좋은 꿈 꾸고 좋은 하루되세요❣\n\n*Sponsorship 본 영상은 유료광고를 포함하고 있습니다.\n\n고정 업로드 시간은 매주 수요일 토요일 밤 9시입니다\n각종 문의사항은\nggulggulsuna@gmail.com  으로 보내주세요~\n\n멤버십 회원만 볼수있는 비하인드 영상과 많은 혜택들이 있는\n멤버십 가입하러가기\nhttps://www.youtube.com/channel/UChYcJLnVxqgO3SkM6vKX9aw/join\n\n\n선아의 공식 팬카페 가입하러가기!⬇️\nhttps://cafe.naver.com/ggulggulsuna\n💌\n주소: 서울시 성동구 성수이로 20길 16 (성수동2가, JK타워) 8층\n받는이: 꿀꿀선아\n여러분들이 보내주신 선물은 영상으로 만들 생각입니다☺ 원치 않으시는분들은 연락을 주시거나 써주세요!\n\nFan letter address\n8floor, 16, Seongsui-ro 20-gil, Seongdong-gu, Seoul, Republic of Korea\nRecipient(受けるが): ggulggul suna\n\n\n(추천영상)\n새로 이사한 사무실에서의 하루 [Vlog ASMR]\nhttps://youtu.be/hDdrY3guMRc\n한주를 준비하는 날 브이로그  [Vlog ASMR]\nhttps://youtu.be/DqWo6GfNTf4\n가을 브이로그  [Vlog ASMR]\nhttps://youtu.be/-sv-Ueb40F0\n3일간의 일기 브이로그  [Vlog ASMR]\nhttps://youtu.be/gOmIs4FwZg4\n\n\n\n카카오 tv 채널:https://goo.gl/MgEqLt\n카카오톡 플러스친구:검색))꿀꿀선아\n선아의 일상과 미니피그 채널:https://goo.gl/kvZ6rl\n선아의 게임채널:https://goo.gl/1bIQgo\n아프리카TV: http://afreecatv.com/ggulsuna\nSUNA Facebook: https://www.facebook.com/kyoung.jeon.92\nSUNA Instargram: https://www.instagram.com/ggulggulsuna\nSUNA Twitch: https://www.twitch.tv/ggulsuna\nPayPal Support link :https://goo.gl/SWRfel",
        "thumbnail": "https://i.ytimg.com/vi/QehC7IxCmu0/mqdefault.jpg",
        "youtubeVideoId": "QehC7IxCmu0",
        "uploadedDate": "2019-07-06T12:00:52Z",
        "viewCount": 1770140,
        "isCommercial": "False"
    },
    {
        "id": "c7b51c56-532d-4a61-891c-46b367bf431b",
        "title": "ASMR 야외에서 페인트 칠하는 소리 [nature sounds] painting asmr꿀꿀선아 音フェチ",
        "description": "오늘의 asmr영상은 저희 집 마당에 있는 테이블을 페인트칠하는 영상입니다! 기획한지는 꽤 되었은데 아시다시피 야외에서의 촬영은 악조건들이 많아서ㅠㅠ 드디어 얼마전 촬영만 3일에 걸쳐서 하게되었습니다😆 여러 문제들이 많았지만 그래도 영상이 잘 나온거같아 만족스러워요! 저는 지금 la에 출장을 왔어요ㅎㅎ 다음주에 돌아간답니다! 그럼 여러분 모두 잘자고 좋은 꿈꾸고 좋은 하루되세요!\n\n#Painting #ASMR #Nature\n\n\n고정 업로드 시간은 매주 수요일 토요일 밤 9시입니다\n각종 문의사항은\nggulggulsuna@gmail.com  으로 보내주세요~\n\n멤버십 회원만 볼수있는 비하인드 영상과 많은 혜택들이 있는\n멤버십 가입하러가기\nhttps://www.youtube.com/channel/UChYcJLnVxqgO3SkM6vKX9aw/join\n\n\n선아의 공식 팬카페 가입하러가기!⬇️\nhttps://cafe.naver.com/ggulggulsuna\n💌\n주소: 서울시 성동구 성수이로 20길 16 (성수동2가, JK타워) 8층\n받는이: 꿀꿀선아\n여러분들이 보내주신 선물은 영상으로 만들 생각입니다☺ 원치 않으시는분들은 연락을 주시거나 써주세요!\n\nFan letter address\n8floor, 16, Seongsui-ro 20-gil, Seongdong-gu, Seoul, Republic of Korea\nRecipient(受けるが): ggulggul suna\n\n\n(추천영상)\n야외에서 수다 asmr\nhttps://youtu.be/mCFfslmgf1s\n숲속의 헤어샵 asmr\nhttps://www.youtube.com/watch?v=IZAXNd1OQ5E&t=4s\n숲속의 두피관리샵 asmr\nhttps://www.youtube.com/watch?v=jn-W2bKeRyI&t=43s\n숲속 비오는 소리 asmr\nhttps://www.youtube.com/watch?v=6VsrHfvA7fU\n\n카카오 tv 채널:https://goo.gl/MgEqLt\n카카오톡 플러스친구:검색))꿀꿀선아\n선아의 일상과 미니피그 채널:https://goo.gl/kvZ6rl\n선아의 게임채널:https://goo.gl/1bIQgo\n아프리카TV: http://afreecatv.com/ggulsuna\nSUNA Facebook: https://www.facebook.com/kyoung.jeon.92\nSUNA Instargram: https://www.instagram.com/ggulggulsuna\nSUNA Twitch: https://www.twitch.tv/ggulsuna\nPayPal Support link :https://goo.gl/SWRfel",
        "thumbnail": "https://i.ytimg.com/vi/6ekET6i1Y8Q/mqdefault.jpg",
        "youtubeVideoId": "6ekET6i1Y8Q",
        "uploadedDate": "2019-06-08T08:50:28Z",
        "viewCount": 1186882,
        "isCommercial": "False"
    },
    {
        "id": "e83b1a8d-ca39-478f-9e0e-fb61a0099c22",
        "title": "선아의 숲속 미용실 ASMR 상황극 롤플레이[Roleplay]머리 자르는소리,꿀꿀선아,suna asmr,",
        "description": "오늘의 asmr영상은 미용실 롤플레이 상황극입니다! 선아의 미용실에서 커트도 하고 샴푸도 받고 드라이와 고데기도 해보실 수 있어요영상 스토리는 광고영상을 보고 선아의 숲속 미용실을 찾아가는거예요~ 저번부터 앞에 인트로 영상도 직접 촬영하고있는데 괜찮은가요?:D오늘 영상은 여러분들께 편안한 영상이었으면 좋겠습니다!\n그러면 모두 잘자고 좋은 꿈꾸고 좋은 하루 되세요❤\n\n초반 BGM은 Reynah 님이 연주하신 \"바람이 지나가는 길\"입니다♥️\nhttps://www.youtube.com/watch?v=_YN-6JSw4B8\n\n사적인이야기\n며칠전 할아버지께서 돌아가셨어요 얼마전 병원에 입원하셨는데 제가 바빠서 가보지를 못했거든요 너무 후회가 되더라고요 몇년 전 할머니가 돌아가실때도 같은 실수를 한적이 있어요. 그때도 후회를 했었는데 똑같은 상황이 벌어져서 더욱 마음이 안좋더라고요. \n여러분들은 저와 같은 상황이 일어나지 않았으면좋겠습니다\n그럼 진짜 안녕\n\n00:00 프리뷰\n00:33 헤어샵 찾아가는 길\n01:32 헤어샵 도착\n02:06 먹고싶은 차 고르기\n03:26 고객카드 작성\n04:03 홍삼차 만들기\n04:50 홍삼차 마시기\n06:00 헤어 상담시작\n07:41 무슨 머리할지 고르기\n09:17 커트보 \n09:44 물뿌리기\n11:09 얼굴에 묻은 물 닦아주기\n11:45 커트빗으로 빗기\n12:51 본격적인 커트\n21:46 앞머리커트\n25:00 머리카락털기\n25:57 머리카락 더털지 안털지 정하기\n27:07 샴푸하러갈지 그냥갈지 정하기\n27:22 샴푸실 도착\n28:14 샴푸 시작\n32:26 머리 말리기\n35:28 고데기 시작\n39:24 엔딩\n\n고정 업로드 시간은 매주 수요일 토요일 밤 10시입니다\n각종 문의사항은\nggulggulsuna@gmail.com  으로 보내주세요~\n\n멤버십 회원만 볼수있는 비하인드 영상과 많은 혜택들이 있는\n멤버십 가입하러가기\nhttps://www.youtube.com/channel/UChYcJLnVxqgO3SkM6vKX9aw/join\n\n\n선아의 공식 팬카페 가입하러가기!⬇️\nhttps://cafe.naver.com/ggulggulsuna\n💌\n주소:서울특별시 성동구 연무장 15길 11, 에스팩토리 B동 2층\n받는이:꿀꿀선아\n여러분들이 보내주신 선물은 영상으로 만들 생각입니다☺ 원치 않으시는분들은 연락을 주시거나 써주세요!\n\nFan letter address\n\n2floor ,B dong,11, Yeonmujang 15-gil, Seongdong-gu, Seoul, Republic of Korea\nRecipient(受けるが): ggulggul suna\n\n(추천영상)\n숲속 미용실 상황극2 선택하는 롤플레이\nhttps://youtu.be/hJPXoGlfgek\n숲속 귀청소샵\nhttps://www.youtube.com/watch?v=ZSCdTfWEK_8&t=53s\n숲속 두피관리샵\nhttps://www.youtube.com/watch?v=jn-W2bKeRyI&t=1150s\n당신은 고양이입니다. 고양이 미용실 롤플레이\nhttps://youtu.be/ifm2PKFct7A\n\n카카오 tv 채널:https://goo.gl/MgEqLt\n카카오톡 플러스친구:검색))꿀꿀선아\n선아의 일상과 미니피그 채널:https://goo.gl/kvZ6rl\n선아의 게임채널:https://goo.gl/1bIQgo\n아프리카TV: http://afreecatv.com/ggulsuna\nSUNA Facebook: https://www.facebook.com/kyoung.jeon.92\nSUNA Instargram: https://www.instagram.com/ggulggulsuna\nSUNA Twitch: https://www.twitch.tv/ggulsuna\nPayPal Support link :https://goo.gl/SWRfel",
        "thumbnail": "https://i.ytimg.com/vi/IZAXNd1OQ5E/mqdefault.jpg",
        "youtubeVideoId": "IZAXNd1OQ5E",
        "uploadedDate": "2019-04-25T01:16:32Z",
        "viewCount": 1800891,
        "isCommercial": "False"
    },
    {
        "id": "06fa4501-9094-4e2a-ac46-906e5982c4b0",
        "title": "ASMR 센과 치히로의 행방불명 입체음향[꿀꿀선아]시험기간 듣기좋은,집중력,suna asmr,音フェチ",
        "description": "오늘의 asmr영상은 영화 센과 치히로의 행방불명을 asmr로 만들어보았습니다! 조금 더 새로운 asmr영상을 만들고싶어서 이번에 오디오클립채널에서 10분정도의 클립을 올렸는데 많은 분들이 좋아해주시더라구요! 그래서 영상 스토리에 더욱 충실하고 지루하지않도록 다양한 장면전환을 넣어서 차별화하여 열심히 제작을 해보았습니다!아마 제 영상중에서 가장 길이가 긴 영상일거예요! 오디오클립에도 올라오니 좀 더 편하게 들으실 분들은 오디오클립에서 들어주세요! 그러면 여러분 모두 잘자고 좋은 꿈꾸고 좋은 하루 되세요\n\n부모님과 이사중인 치히로 00:01\n터널발견 02:27\n터널안을 지나감 03:47\n눈앞에 펼쳐진 초원 07:50\n돌다리건너기 10:04\n계단을 올라감 14:08\n포장마차들이 등장 15:46\n건너면 안되는 다리를 건너 하쿠를 만남 19:25\n갑자기 어두워지고 유령이 나타남 21:44\n포장마차쪽 부모님을 찾으러 달려감 22:41\n부모님이 돼지가 되었음 25:32\n도망가기시작  25:43\n강가에 도착 26:21\n배가 들어오고있음 27:00\n배가 멈추고 사람들이 내림 30:00\n거미할아범을 찾아가는길 35:04\n거미할아범이있는 보일러실 38:45\n유바바의 온천여관 44:53\n배를 타고 떠남 01:01:03\n가오나시와 바다열차를 탐 01:05:07\n제니바의 집으로 향하는길 01:14:14\n치료된 하쿠와 하늘을 날아 돌아감 01:17:17\n문제들이 해결되고 부모님께 돌아감 01:21:35\n차를 타고 다시 왔던길을 돌아감 01:25:00\n\nBGM\nReynah님이 연주하신 One Summer's https://www.youtube.com/watch?v=8AKxbpR_cdo\n\nJayM님이 연주하신 언제나 몇번이라도\nhttps://www.youtube.com/watch?v=cF-PO2qaqmM\n\n벨라앤루카스님이 연주하신 생명의 이름\nhttps://www.youtube.com/watch?v=Q_C9MZshTW0\n\n고정 업로드 시간은 매주 수요일 토요일 밤 10시입니다\n각종 문의사항은\nggulggulsuna@gmail.com  으로 보내주세요~\n\n선아의 공식 팬카페 가입하러가기!⬇️\nhttps://cafe.naver.com/ggulggulsuna\n💌\n주소:서울특별시 성동구 연무장 15길 11, 에스팩토리 B동 2층\n받는이:꿀꿀선아\n여러분들이 보내주신 선물은 영상으로 만들 생각입니다☺ 원치 않으시는분들은 연락을 주시거나 써주세요!\n\nFan letter address\n\n2floor ,B dong,11, Yeonmujang 15-gil, Seongdong-gu, Seoul, Republic of Korea\nRecipient(受けるが): ggulggul suna\n\n(추천영상)\n해리포터  ASMR\nhttps://www.youtube.com/watch?v=1R-6okrEvAg\n파우치 태핑소리\nhttps://www.youtube.com/watch?v=wEFChfMjNAU\n쾌감 쩌는 비누 부수기ASMR\nhttps://www.youtube.com/watch?v=42WqBdym7X8\n중독성 최고 물먹은 플로랄폼 ASMR\nhttps://www.youtube.com/watch?v=pJAHaKgSUVs\n자극적이지않은 10종류 탭핑\nhttps://www.youtube.com/watch?v=ZAVUxyqktpc\n\n\n\n카카오 tv 채널:https://goo.gl/MgEqLt\n카카오톡 플러스친구:검색))꿀꿀선아\n선아의 일상과 미니피그 채널:https://goo.gl/kvZ6rl\n선아의 게임채널:https://goo.gl/1bIQgo\n아프리카TV: http://afreecatv.com/ggulsuna\nSUNA Facebook: https://www.facebook.com/kyoung.jeon.92\nSUNA Instargram: https://www.instagram.com/ggulggulsuna\nSUNA Twitch: https://www.twitch.tv/ggulsuna\nPayPal Support link :https://goo.gl/SWRfel",
        "thumbnail": "https://i.ytimg.com/vi/nbpEM449IZQ/mqdefault.jpg",
        "youtubeVideoId": "nbpEM449IZQ",
        "uploadedDate": "2018-10-20T13:20:34Z",
        "viewCount": 0,
        "isCommercial": "False"
    },
    {
        "id": "66374cb3-2422-40ba-b724-8ec2252b528c",
        "title": "ASMR 선아의 숲속🌲귀청소샵 상황극 롤플[Roleplay asmr]롤플레잉,꿀꿀선아,suna asmr,音フェチ",
        "description": "오늘의 asmr 상황극 롤플레이(Roleplay)영상은 귀청소샵입니다! 저번 두피관리샵 다음편?같은느낌으로  리모델링해 귀청소샵으로 꾸민 컨셉이에요. 이번에 여러분들은 손님이면서 친구로 오신겁니다!ㅎㅎ\n그럼 여러분 오늘 영상도 재밌고 편안하게 보셨으면 좋겠어요!\n모두 잘자고 좋은 꿈꾸고 좋은하루 되세요!\n영상에 사용된 BGM은 Reynah님이 연주하신 One Summer's Day입니다 밑에 링크로 가시면 들으실수있어요 ^^\nhttps://www.youtube.com/watch?v=8AKxbpR_cdo\n\n퐁당 오 쇼콜라 레시피\n재료 : 달걀 3개, 다크초콜릿 110g,버터 33g,코코아가루22g,박력분 11g,설탕 67g\n1. 달걀3개를 모두 풀고 설탕을 나눠서 넣어준다.\n2. 초콜릿을 중탕으로 녹여준다.\n3. 초콜릿 그릇을 내리고 버터를 넣어 같이 녹여준다.\n4. 3번에 1번을 나눠넣으며 섞어준다.\n5. 박력분과 코코아가루를 체쳐서 넣어주고 섞는다.\n6. 틀에 담고 200도로 예열해준 오븐에 7~10분 구워준다. 완성!\n고정 업로드 시간은 매주 수요일 토요일 밤 10시입니다\n\n각종 문의사항은\nggulggulsuna@gmail.com  으로 보내주세요~\n\n선아의 공식 팬카페 가입하러가기!⬇️\nhttps://cafe.naver.com/ggulggulsuna\n💌\n주소:서울특별시 성동구 연무장 15길 11, 에스팩토리 B동 2층\n받는이:꿀꿀선아\n여러분들이 보내주신 선물은 영상으로 만들 생각입니다☺ 원치 않으시는분들은 연락을 주시거나 써주세요!\n\nFan letter address\n\n2floor ,B dong,11, Yeonmujang 15-gil, Seongdong-gu, Seoul, Republic of Korea\nRecipient(受けるが): ggulggul suna\n\n(추천영상)\n숲속 미용실 롤플\nhttps://www.youtube.com/watch?v=IZAXNd1OQ5E\n숲속의 두피관리샵 롤플\nhttps://www.youtube.com/watch?v=jn-W2bKeRyI&t=24s\n센과 치히로의 행방불명 asmr \nhttps://www.youtube.com/watch?v=nbpEM449IZQ\n선아의 피부관리샵\nhttps://www.youtube.com/watch?v=TpsN0TVAjFw\n선아의 립스틱 가게\nhttps://www.youtube.com/watch?v=dPZYzfdOXoo\n이비인후과 귀청소 롤플\nhttps://www.youtube.com/watch?v=mUG2J1dz6HY\n\n\n\n카카오 tv 채널:https://goo.gl/MgEqLt\n카카오톡 플러스친구:검색))꿀꿀선아\n선아의 일상과 미니피그 채널:https://goo.gl/kvZ6rl\n선아의 게임채널:https://goo.gl/1bIQgo\n아프리카TV: http://afreecatv.com/ggulsuna\nSUNA Facebook: https://www.facebook.com/kyoung.jeon.92\nSUNA Instargram: https://www.instagram.com/ggulggulsuna\nSUNA Twitch: https://www.twitch.tv/ggulsuna\nPayPal Support link :https://goo.gl/SWRfel",
        "thumbnail": "https://i.ytimg.com/vi/ZSCdTfWEK_8/mqdefault.jpg",
        "youtubeVideoId": "ZSCdTfWEK_8",
        "uploadedDate": "2018-10-18T00:57:06Z",
        "viewCount": 0,
        "isCommercial": "False"
    },
    {
        "id": "e4adc2c6-ed26-47ef-94e6-e86a5219689f",
        "title": "ASMR🌲두피 관리샵 롤플레잉(스켈링,마사지,샴푸)[Role playing ASMR]scalp care asmr,상황극,꿀꿀선아,suna asmr,",
        "description": "오늘의 ASMR 영상은 숲속의 두피관리 스켈링 마사지샵 롤플레잉 상황극입니다.샴푸 두피마사지 두피스캘링으로 구성되었고 팅글가득한 영상이길!롤플레이를 많은분들이 기다려주셨는데 기대에 부응하기위해 열심히 기획해서 만들어보았습니다.여러분들이 영상 재밌고 편안하게 봐주셨으면 좋겠네요.역시 롤플레잉 영상을 촬영하는건 힘들지만 재밌고 보람찬것같아요.그러면 여러분 오늘영상 재밌게 보시고 잘자고 좋은꿈꾸고 좋은하루되세요!\n\n고정 업로드 시간은 매주 수요일 토요일 밤 10시입니다\n각종 문의사항은\nggulggulsuna@gmail.com  으로 보내주세요~\n💌\n선아의 공식 팬카페 가입하러가기!⬇️\nhttps://cafe.naver.com/ggulggulsuna\n💌\n주소:서울특별시 성동구 연무장 15길 11, 에스팩토리 B동 2층\n받는이:꿀꿀선아\n여러분들이 보내주신 선물은 영상으로 만들 생각입니다☺ 원치 않으시는분들은 연락을 주시거나 써주세요!\n\nFan letter address\n\n2floor ,B dong,11, Yeonmujang 15-gil, Seongdong-gu, Seoul, Republic of Korea\nRecipient(受けるが): ggulggul suna\n\n(추천영상)\nASMR 짧은머리 두피 마사지와 스케일링 +스타일링 [Scalp Massage]\nhttps://www.youtube.com/watch?v=U2q6uKRmQtw\n두피 스케일링과 두피 마사지 [Scalp Massage]\nhttps://youtu.be/1Bzf2fJ3Ca4\n시원한 두피 마사지와 빗질\nhttps://youtu.be/sz0yD-gPSQ8\n숲속 미용실 asmr\nhttps://www.youtube.com/watch?v=IZAXNd1OQ5E\n숲속의 귀청소샵 상황극 ASMR\nhttps://www.youtube.com/watch?v=ZSCdTfWEK_8\n센과치히로의 행방불명  asmr\nhttps://www.youtube.com/watch?v=nbpEM449IZQ\n쾌감짱!!비누 부수고 자르기 ASMR\nhttps://www.youtube.com/watch?v=42WqBdym7X8&t=439s\n소리가 좋은 공룡 화석발굴 ASMR\nhttps://www.youtube.com/watch?v=5iMM4Cx_bKk&list=PLfzF1ajk5e__ODe-BpxYy9Sk4VwbMtwdb\n침대에서 귀청소 해줄게👂롤플레잉\nhttps://www.youtube.com/watch?v=yEWAeNQ8XmA&index=4&list=PLfzF1ajk5e__ODe-BpxYy9Sk4VwbMtwdb\n선아의 립스틱가게로 오세요👄롤플레잉 ASMR\nhttps://www.youtube.com/watch?v=dPZYzfdOXoo&index=7&list=PLfzF1ajk5e__ODe-BpxYy9Sk4VwbMtwdb\n선아의 피부관리샵 오픈?!롤플 ASMR 상황극\nhttps://www.youtube.com/watch?v=TpsN0TVAjFw&index=3&list=PLfzF1ajk5e__ODe-BpxYy9Sk4VwbMtwdb\n\n\n카카오 tv 채널:https://goo.gl/MgEqLt\n카카오톡 플러스친구:검색))꿀꿀선아\n선아의 일상과 미니피그 채널:https://goo.gl/kvZ6rl\n선아의 게임채널:https://goo.gl/1bIQgo\n아프리카TV: http://afreecatv.com/ggulsuna\nSUNA Facebook: https://www.facebook.com/kyoung.jeon.92\nSUNA Instargram: https://www.instagram.com/ggulggulsuna\nSUNA Twitch: https://www.twitch.tv/ggulsuna\nPayPal Support link :https://goo.gl/SWRfel",
        "thumbnail": "https://i.ytimg.com/vi/jn-W2bKeRyI/mqdefault.jpg",
        "youtubeVideoId": "jn-W2bKeRyI",
        "uploadedDate": "2018-09-05T20:44:21Z",
        "viewCount": 0,
        "isCommercial": "False"
    },
    {
        "id": "67614660-98eb-4934-9543-e10d8742cb3e",
        "title": "nature raining sound ASMR,나른한 오후의 빗소리 (important notice!)White noise asmr[Suna asmr]",
        "description": "it's raning sounds,white noises ASMR\nMy life I have lived a distant life\nThe rain brushing threw my life\nI hear the raining sound\nListening to the rain\nSuch a beautiful thing to have (direct translation from translator there might be little different then original version in Korean)\nsounds of rain \"Park, Gun-Ho.\"\n\nHello, guys, this is Suna. I finally moved into the new house!\nSo I'll let you know about my new uploading notice.\nThe video will be upload every Wednesday and Saturday at 10 pm (Korea time)\nn I might do pop-upload as well at the random times\nok guys hope you guys enjoy this sound of rain~ goodnight have a sweet dream n have a lovely day~\n\nupload- every Wednesday n Saturday 10 pm\n\nHello guys~I finally moved into the new house!\nSo I'll let you know about my new uploading notice.\nI recorded some sound of rain for you guys with the umbrella :)\nN with the new notice of my asmr! :3\nNext time I'll also record just sound of rain without the umbrella!\nbtw, guys~ we can c each other every Wednesday n Saturday 10 pm!\nn I might do pop-upload as well at the random times, so I hope you guys sub n put the notice mark on my channel XD\nok guys goodnight have a sweet dream n have a lovely day\n\n이번 ASMR 영상은 공부할때 집중하기 좋은 비오는 소리(빗소리)ASMR 백색소음 ASMR영상을 가져왔어요!새소리와 어울어진 자연의 빗소리 기분좋게 들으셨으면 좋겠네요!다음에는 팅글 가득한 영상으로 돌아오겠습니다\n저는 이사를 무사히 끝 마쳤어요\n그럼 빗소리 들으시면서 모두 잘자고 좋은꿈 꾸고 좋은 하루되세요\n\n\n사적인이야기👇\n\n안녕하세요 여러분\n드디어 이사가 거의 끝이 났어요 \n그래서 약속했던 고정업로드 공지를 하려고해요\n비오는 날에 우산을 쓰고 있는 소리를 들려드리려고 빗소리를 녹음했어요\n그러면서 공지까지!ㅎㅎ\n우산을 쓴 빗소리가 아닌 그냥 빗소리 영상도 다음에 만들어볼게요!\n중간중간 깜짝 영상도 볼 수 있으니 꼭 구독과 알람 설정하셔야해요!\n그럼 오늘도 잘자고 좋은꿈꾸고 좋은 하루 되세요!\n\nupload- every Wednesday n Saturday 10 pm\n\nHello guys~I finally moved into the new house!\nSo I'll let you know about my new uploading notice.\nI recorded some sound of rain for you guys with the umbrella :)\nN with the new notice of my asmr! :3\nNext time I'll also record just sound of rain without the umbrella!\nbtw, guys~ we can c each other every Wednesday n Saturday 10 pm!\nn I might do pop-upload as well at the random times, so I hope you guys sub n put the notice mark on my channel XD\nok guys goodnight have a sweet dream n have a lovely day\n\n업로드시간은 매주 수요일 토요일 10시\n스트리밍시간은 매주 화요일 일요일 11시\n\n각종 문의사항은\nggulggulsuna@gmail.com  으로 보내주세요~\n💌\n선아의 공식 팬카페 가입하러가기!⬇️\nhttps://cafe.naver.com/ggulggulsuna\n💌\n주소:서울특별시 성동구 연무장 15길 11, 에스팩토리 B동 2층\n받는이:꿀꿀선아\n여러분들이 보내주신 선물은 영상으로 만들 생각입니다☺ 원치 않으시는분들은 연락을 주시거나 써주세요!\n\nFan letter address\n\n2floor ,B dong,11, Yeonmujang 15-gil, Seongdong-gu, Seoul, Republic of Korea\nRecipient(受けるが): ggulggul suna\n\n\n(추천영상)\n심장소리 3\nhttps://www.youtube.com/watch?v=4IanCqb1AXs&t=1078s\n자연의 숲소리\nhttps://www.youtube.com/watch?v=J4l7BP0r5qU&t=5s\n숲속의 귀청소샵\nhttps://www.youtube.com/watch?v=UoMRc6JxjO8&t=34s\n후쿠오카 소리 \nhttps://www.youtube.com/watch?v=qjRa5tS-V-c\n얼음 먹방 asmr\nhttps://www.youtube.com/watch?v=Qtk2mrUNKXU&t=25s\n직접만든 탕후루\nhttps://www.youtube.com/watch?v=VvPJzjEjuBs \n\n\n카카오 tv 채널:https://goo.gl/MgEqLt\n카카오톡 플러스친구:검색))꿀꿀선아\n선아의 일상과 미니피그 채널:https://goo.gl/kvZ6rl\n선아의 게임채널:https://goo.gl/1bIQgo\n아프리카TV: http://afreecatv.com/ggulsuna\nSUNA Facebook: https://www.facebook.com/kyoung.jeon.92\nSUNA Instargram: https://www.instagram.com/ggulggulsuna\nSUNA Twitch: https://www.twitch.tv/ggulsuna\nPayPal Support link :https://goo.gl/SWRfel",
        "thumbnail": "https://i.ytimg.com/vi/6VsrHfvA7fU/mqdefault.jpg",
        "youtubeVideoId": "6VsrHfvA7fU",
        "uploadedDate": "2018-07-15T07:38:55Z",
        "viewCount": 0,
        "isCommercial": "False"
    },
    {
        "id": "16a1aff7-a5fd-4256-bdb1-30de44d04124",
        "title": "2017 선아ASMR 변천사 하이라이트 모음[한국어 ASMR]asmr 모음,선아 영상 모음,asmr변천사,꿀꿀선아 하이라이트,불면증,수면유도,꿀꿀선아,suna asmr,팅글모음",
        "description": "이영상은 수면용으로는 부적합할수있습니다.\n저의 지난 1년간의 하이라이트를 담다보니 여러모로\n실력이 미숙했던 영상이 많아서 퀄리티가 많이 떨어질수있어요\n저의 1년간의 변화 과정이라고 생각해주세요 ㅠㅠ\n\n2017년이 지나고 2018년이 왔네요. Asmr을 한지도 1년이 되었어요. 1년동안 여러분들께 너무 과분한 사랑을 받았습니다. 정말 모자란 것도 모르는 것도 부족한 것도 많은 저였는데 이렇게 지켜봐주시고 응원해주셔서 정말 감사합니다. 덕분에 이렇게 성장한것같아요!😀 더더욱 열심히해서 발전하겠습니다. 사실 시작한지 얼마 안됐을때에는 왜곡된 이야기와 여러 문제들때문에 힘들었어요. 그렇지만 열심히하고 최선을 다하니 성과가 보이는 것 같아요. 여러분들의 칭찬과 조언이 없었다면 이뤄내지 못했을거예요. 정말 정말 너무 감사합니다! 2018년에도 열심히 하겠습니다 여러분들도 새해 복 많이 받으시고 2018년의 밤은 언제나 편안하시길 바랄게요. 구독자분들 사랑해요♡ 40만 정말 감사드려요\n\n💕제목 번역을 도와주신 시온님 게소님 감사합니다!\n\n자막하러가기\nhttp://www.youtube.com/timedtext_video?ref=share&v=UHM5OYnm_XA\n\n업로드시간은 매주 수요일 토요일 10시\n스트리밍시간은 매주 화요일 일요일 11시\n\n선아의 공식 팬카페 가입하러가기!⬇️\nhttps://cafe.naver.com/ggulggulsuna\n💌\n주소:서울특별시 성동구 연무장 15길 11, 에스팩토리 B동 2층\n받는이:꿀꿀선아\n여러분들이 보내주신 선물은 영상으로 만들 생각입니다☺ 원치 않으시는분들은 연락을 주시거나 써주세요!\n\nFan letter address\n\n2floor ,B dong,11, Yeonmujang 15-gil, Seongdong-gu, Seoul, Republic of Korea\nRecipient(受けるが): ggulggul suna\n\n영상에 나온 영상 보러가기\n\n1.11 오빠 귀청소해줄게\nhttps://www.youtube.com/watch?v=RffIuGDo-RU\n1.17 입소리\nhttps://www.youtube.com/watch?v=aV7OsgIbkWw\n2.26 젤리와 마시멜로우 이팅사운드\nhttps://www.youtube.com/watch?v=qT6NJ-1ePnI\n3.6 귀청소해드릴게요 손님\nhttps://www.youtube.com/watch?v=vCxztTOdslY\n3.18 면도해줄게~\nhttps://www.youtube.com/watch?v=htSvnqWSW1E\n3.23 콩닥콩닥 심장소리\nhttps://www.youtube.com/watch?v=ceRuAuiP6v4\n3.30 밥도둑 이팅사운드,\nhttps://www.youtube.com/watch?v=gckSBoggmfo\n4.11 메이크업해줄게\nhttps://www.youtube.com/watch?v=EjBfNRwFNhM&t=766s\n5.31 절구로 빻는소리,\nhttps://www.youtube.com/watch?v=TRADabGkKgA\n6.8 만족감이 느껴지는 키네틱샌드 자르기\nhttps://www.youtube.com/watch?v=GMiZejb-fa0\n6.22 숲속에서 들리는 자연의소리\nhttps://www.youtube.com/watch?v=J4l7BP0r5qU\n6.28 세계최초 미니피그 먹방\nhttps://www.youtube.com/watch?v=giujoOecHg0\n6.29 직접만든 수제 머랭쿠키\nhttps://www.youtube.com/watch?v=zvXjgyAuN3o\n6.30 잠이 쏟아지는 핸드 무브먼트와 손소리\nhttps://www.youtube.com/watch?v=mDh7UJ3KLFM\n7.6 이비인후과에서 귀청소해요\nhttps://www.youtube.com/watch?v=mUG2J1dz6HY\n7.9 직접만든 비어치킨\nhttps://www.youtube.com/watch?v=nCPixGRK3vI&t=3s\n7.14 귀마사지 5종세트\nhttps://www.youtube.com/watch?v=wlS0AipQ1Kk\n7.20 숨겨둔 쌍둥이와 입소리\nhttps://www.youtube.com/watch?v=bUO6-YCmcvI\n7.27 숲속의 솜털 귀청소샵\nhttps://www.youtube.com/watch?v=UoMRc6JxjO8\n7.29 시원한 소리가나는 용암만들기\nhttps://www.youtube.com/watch?v=B78twl6LyUo\n8.1 과일같은 초당 옥수수\nhttps://www.youtube.com/watch?v=nT9ZPZn0T4k\n8.5 소리가 정말좋은 드라이 아이스\nhttps://www.youtube.com/watch?v=A69p7NMdpgI\n8.18 저랑 함께 떠나요!후쿠오카 소리여행\nhttps://www.youtube.com/watch?v=qjRa5tS-V-c\n8.23 편집하다 잠든 거품 귀마사지\nhttps://www.youtube.com/watch?v=AlVTCccM2AU\n8.26 직접만든 규카츠\nhttps://www.youtube.com/watch?v=TqTPicxhvGw\n8.31 눈 밟는소리가 나는 전분으로 귀마사지\nhttps://www.youtube.com/watch?v=jzR7oV2W2Fc\n9.7 명랑핫도그\nhttps://www.youtube.com/watch?v=xgdEEYl0YyA&t=83s\n9.10 귀지많은친구 귀청소\nhttps://www.youtube.com/watch?v=u58ys6gdJok\n9.12 직접만든 맥앤치츠\nhttps://www.youtube.com/watch?v=iokZzRaxDbw\n9.18 비누조각\nhttps://www.youtube.com/watch?v=6SLsgEcm5No\n10.4 한복입고 조선시대 롤플레잉\nhttps://www.youtube.com/watch?v=WcXzaDH0qbs\n10.6 직접만든 11가지 액체괴물\nhttps://www.youtube.com/watch?v=KlAmec4IFlo\n10.14 직접만든 양념치킨\nhttps://www.youtube.com/watch?v=jhep14W-pqg&t=25s\n10.23 직접만든 코하쿠토\nhttps://www.youtube.com/watch?v=VE0zBjC324s\n11.8 숨겨둔 쌍둥이와 귀청소\nhttps://www.youtube.com/watch?v=R3AsD7frRmg\n11.18 직접만든 탕후루 \nhttps://www.youtube.com/watch?v=VvPJzjEjuBs&t=106s\n11.24 잠이오게 최면을거는 알수없는소리들\nhttps://www.youtube.com/watch?v=R5e8gf1im9s\n12.3 선아의 립스틱가게로 오세요!\nhttps://www.youtube.com/watch?v=dPZYzfdOXoo\n12.12 성장한 미니피그의 먹방,\nhttps://www.youtube.com/watch?v=iQFIiilD9D4\n12.19 침대에서 귀마사지해줄까?\nhttps://www.youtube.com/watch?v=6gb7a6DsHI0\n12.24 직접만든 김장김치\nhttps://www.youtube.com/watch?v=uxSXLTcJJM8&t=682s\n12.25 8가지 립스틱 뚜껑 여닫는소리\nhttps://www.youtube.com/watch?v=bL8HWMmaAos&t=33s\n12.28 또잉 또잉 물속에서 자는기분\nhttps://www.youtube.com/watch?v=2mwnQ5-xbmY&t=25s\n12.30 직접만든 소고기 탕수육\nhttps://www.youtube.com/watch?v=ZKgZBMLg1RU \n\n\n카카오 tv 채널:https://goo.gl/MgEqLt\n카카오톡 플러스친구:검색))꿀꿀선아\n선아의 일상과 미니피그 채널:https://goo.gl/kvZ6rl\n선아의 게임채널:https://goo.gl/1bIQgo\n아프리카TV: http://afreecatv.com/ggulsuna\nSUNA Facebook: https://www.facebook.com/kyoung.jeon.92\nSUNA Instargram: https://www.instagram.com/ggulggulsuna\nSUNA Twitch: https://www.twitch.tv/ggulsuna\nPayPal Support link :https://goo.gl/SWRfel",
        "thumbnail": "https://i.ytimg.com/vi/UHM5OYnm_XA/mqdefault.jpg",
        "youtubeVideoId": "UHM5OYnm_XA",
        "uploadedDate": "2018-01-01T13:41:12Z",
        "viewCount": 0,
        "isCommercial": "False"
    },
    {
        "id": "385e9e5f-3866-48b6-b5ca-995b31d2fa19",
        "title": "저랑 함께 떠나요! 후쿠오카 소리여행ASMR[한국어 ASMR]1인칭,자연의 소리,유후인 풍경,노천탕,긴린코호수,백색소음,일본여행,꿀꿀선아,suna asmr,role play,",
        "description": "이번 휴가를 어머니와 함께 후쿠오카로 다녀왔습니다!\n유후인에서의 풍경이 asmr에 적합할것같아서 유후인에서만\n촬영을했는데,다른것들도 좀 더 찍었으면 하는 아쉬움이 남았네요~!\n혼자 마이크랑 카메라들고 찍을때 무거워서 엄청 힘들었는데 \n종종 카메라를 들어서 찍어주신 어머니한테 너무 고마웠어요 ㅎㅎ\n만약 다음에도 소리여행 컨텐츠를 계속 하게된다면 다양한 요소들을 넣어봐야겠네요~ㅎㅎ\n\n영상에 사용된 브금은 사쿠라의 꿈 이라는 곡이에요~\n\n그리고 방사능 때문에 걱정했는데,부산과 거의 가까운 곳이라\n한국만큼 안전하다고 해서 다녀왔어요 ㅎㅎ\n그래도 식재료는 혹시모르니 회같은거는 안먹었네용\n혹시나 걱정하실까봐!ㅎㅎ\n\n(영상제작을 위한 후원 링크)\nPayPal: https://goo.gl/SWRfel\nToonation: https://goo.gl/CJcAXJ\n\n선아의 공식 팬카페 가입하러가기!⬇️\nhttps://cafe.naver.com/ggulggulsuna\n💌\n주소:서울특별시 성동구 연무장 15길 11, 에스팩토리 B동 2층\n받는이:꿀꿀선아\n여러분들이 보내주신 선물은 영상으로 만들 생각입니다☺ 원치 않으시는분들은 연락을 주시거나 써주세요!\n\nFan letter address\n\n2floor ,B dong,11, Yeonmujang 15-gil, Seongdong-gu, Seoul, Republic of Korea\nRecipient(受けるが): ggulggul suna\n\n카카오 tv 채널:https://goo.gl/MgEqLt\n카카오톡 플러스친구:검색))꿀꿀선아\n선아의 일상과 미니피그 채널:https://goo.gl/kvZ6rl\n선아의 게임채널:https://goo.gl/1bIQgo\n아프리카TV: http://afreecatv.com/ggulsuna\nSUNA Facebook: https://www.facebook.com/kyoung.jeon.92\nSUNA Instargram: https://www.instagram.com/ggulggulsuna\nSUNA Twitch: https://www.twitch.tv/ggulsuna\nPayPal Support link :https://goo.gl/SWRfel\n\n후쿠오카 소리여행ASMR[한국어 ASMR]1인칭,자연의 소리,유후인 풍경,노천탕,긴린코호수,백색소음,일본여행,꿀꿀선아,suna asmr",
        "thumbnail": "https://i.ytimg.com/vi/qjRa5tS-V-c/mqdefault.jpg",
        "youtubeVideoId": "qjRa5tS-V-c",
        "uploadedDate": "2017-08-22T17:22:43Z",
        "viewCount": 0,
        "isCommercial": "False"
    },
    {
        "id": "c5f3ca76-30cd-49e6-a6e5-f118ff1d6926",
        "title": "ear cleaning in the forest,숲속의 솜털 귀청소샵 [no talking asmr]bird sounds,sleep induction,3dio,suna asmr,",
        "description": "Fan letter address\n\n2floor ,B dong,11, Yeonmujang 15-gil, Seongdong-gu, Seoul, Republic of Korea\nRecipient(受けるが): ggulggul suna\n  \n\n이번에는 숲속에서의 귀청소 영상을 만들어봤어요!\n솜털귀청소 위주이지만 중간중간 다른 도구를 사용해서\n귀청소도 했어요 !앞으로 업로드시간은 10시30~11시 30 사이에 올리니 참고해주세요 ^^\n\n네이버오디오클립:https://audioclip.naver.com/channels/1080\n카카오 tv 채널:https://goo.gl/MgEqLt\n카카오톡 플러스친구:검색))꿀꿀선아\n선아의 일상과 미니피그 채널:https://goo.gl/kvZ6rl\n선아의 게임채널:https://goo.gl/1bIQgo\n아프리카TV: http://afreecatv.com/ggulsuna\nSUNA Facebook: https://www.facebook.com/kyoung.jeon.92\nSUNA Instargram: https://www.instagram.com/ggulggulsuna\nSUNA Twitch: https://www.twitch.tv/ggulsuna\nPayPal Support link :https://goo.gl/SWRfel",
        "thumbnail": "https://i.ytimg.com/vi/UoMRc6JxjO8/mqdefault.jpg",
        "youtubeVideoId": "UoMRc6JxjO8",
        "uploadedDate": "2017-08-22T17:22:21Z",
        "viewCount": 0,
        "isCommercial": "False"
    },
    {
        "id": "d735f55d-7fb1-4d51-a824-cefed5afd636",
        "title": "Will u go to sound of forest with me? XD,정말 잠안올때 꼭 봐야할 Asmr (no talking asmr)",
        "description": "This video has better quality on sound than first video bc I edit on sound :)(especially for bird sound) and I used pics on this video so u can imagine with the sound XD thank u! \nI went up to the top of the mountain and expressed my journeys down.\n\nKaKaoTv channel:https://goo.gl/W4aUof\nKaKao Talk Plus friend search))꿀꿀선아\nSuna's life with mini pig Pingdwae: https://goo.gl/kvZ6rl\nSuna's game channel:https://goo.gl/1bIQgo\nAfreeca TV: http://afreecatv.com/ggulsuna\nSUNA Facebook: https://www.facebook.com/kyoung.jeon.92\nSUNA Instagram: https://www.instagram.com/ninanyny_/\nSUNA Twitch: https://www.twitch.tv/ggulsuna\nPayPal Support Link :https://goo.gl/SWRfel\n\n이번 영상은 저번에 녹음한 소리를 훨씬 더 깔끔하게 잡음을 제거하고,부분부분 새소리때문에 묻혔던 다른 소리들을 새소리를 약하게 함으로써 더 부각시키고 제가 나오는 영상 대신 사진으로 대체하여 조금은 상상하며 들을수있도록 만들어진  \n소리 위주의 asmr 영상입니다.\n산의 정상까지 올라갔다가 내려오는 여정들을 표현했습니다.\n\n카카오 tv 채널:https://goo.gl/W4aUof\n카카오톡 플러스친구:검색))꿀꿀선아\n선아의 일상과 미니피그 채널:https://goo.gl/kvZ6rl\n선아의 게임채널:https://goo.gl/1bIQgo\n아프리카TV: http://afreecatv.com/ggulsuna\nSUNA Facebook: https://www.facebook.com/kyoung.jeon.92\nSUNA Instargram: https://www.instagram.com/ninanyny_/\nSUNA Twitch: https://www.twitch.tv/ggulsuna\nPayPal Support Rink :https://goo.gl/SWRfel",
        "thumbnail": "https://i.ytimg.com/vi/NmiaS_pDn0E/mqdefault.jpg",
        "youtubeVideoId": "NmiaS_pDn0E",
        "uploadedDate": "2017-08-22T17:22:06Z",
        "viewCount": 0,
        "isCommercial": "False"
    },
    {
        "id": "21f8b7e3-a30d-4e01-b7eb-c6603a1ffdfb",
        "title": "Forest sound from nature!,숲에서 들리는 자연의 소리Asmr (no talking asmr)",
        "description": "Hello, guys, I made some forest sound this time XD \nI upload this late bc we took too much time to edit sorry.\nit's based on bird sound, leaf sound, and dust sound\nand I did add some music on this video! and planning to upload another video just with some pic from this trip and some sound XD \n\nKaKao TV channel:https://goo.gl/W4aUof\nKaKao Talk plus friend search))꿀꿀선아\nSuna's life with Mini pig:https://goo.gl/kvZ6rl\nSuna's game channel:https://goo.gl/1bIQgo\nAfreeca TV: http://afreecatv.com/ggulsuna\nSUNA Facebook: https://www.facebook.com/kyoung.jeon.92\nSUNA Instagram: https://www.instagram.com/ninanyny_/\nSUNA Twitch: https://www.twitch.tv/ggulsuna\nPayPal Support Link :https://goo.gl/SWRfel\n\n안녕하세요 이번 영상은 숲에서나는 자연의 소리들입니다.\n편집이 오래 걸리는 바람에 늦어졌네요 ㅠㅠ\n새소리,낙엽 밟는소리,흙밟는소리,물떨어지는 소리,위주이며\n중간중간 음악과 함께 흘러나옵니다.추후에 사진에 소리만 입힌 영상도 업로드 될 예정이니 기다려주세여!\n\n\n선아의 공식 팬카페 가입하러가기!⬇️\nhttps://cafe.naver.com/ggulggulsuna\n💌\n주소:서울특별시 성동구 연무장 15길 11, 에스팩토리 B동 2층\n받는이:꿀꿀선아\n여러분들이 보내주신 선물은 영상으로 만들 생각입니다☺ 원치 않으시는분들은 연락을 주시거나 써주세요!\n\nFan letter address\n\n2floor ,B dong,11, Yeonmujang 15-gil, Seongdong-gu, Seoul, Republic of Korea\nRecipient(受けるが): ggulggul suna\n\n\n\n\n네이버오디오클립:https://audioclip.naver.com/channels/1080\n카카오 tv 채널:https://goo.gl/MgEqLt\n카카오톡 플러스친구:검색))꿀꿀선아\n선아의 일상과 미니피그 채널:https://goo.gl/kvZ6rl\n선아의 게임채널:https://goo.gl/1bIQgo\n아프리카TV: http://afreecatv.com/ggulsuna\nSUNA Facebook: https://www.facebook.com/kyoung.jeon.92\nSUNA Instargram: https://www.instagram.com/ggulggulsuna\nSUNA Twitch: https://www.twitch.tv/ggulsuna\nPayPal Support link :https://goo.gl/SWRfel",
        "thumbnail": "https://i.ytimg.com/vi/J4l7BP0r5qU/mqdefault.jpg",
        "youtubeVideoId": "J4l7BP0r5qU",
        "uploadedDate": "2017-08-22T17:21:57Z",
        "viewCount": 0,
        "isCommercial": "False"
    }
]