[
    {
        "id": "e8c126c1-1891-4df8-86ab-880325a3de72",
        "title": "옛날 유적에서 무시무시한 몬스터들이 수업을 들어요!! [마인크래프트 상황극 좀비학교]  minecraft zombie school",
        "description": "트위치 생방 주소 ㄱ\nhttps://www.twitch.tv/pjs9073",
        "thumbnail": "https://i.ytimg.com/vi/XSE8gCBdQXU/mqdefault.jpg",
        "youtubeVideoId": "XSE8gCBdQXU",
        "uploadedDate": "2017-07-07T11:25:16Z",
        "viewCount": 0,
        "isCommercial": "False"
    },
    {
        "id": "d21a32b9-aea7-41e6-b28e-8794e1263ef3",
        "title": "어둠의 해골기사를 만들어내다!! 학교에서 공부대신 몬스터를 만들어내다!! [마인크래프트 몬스터 스쿨 상황극]monster school",
        "description": "트위치 생방 주소 ㄱ\nhttps://www.twitch.tv/pjs9073",
        "thumbnail": "https://i.ytimg.com/vi/jpWRGc6tIzE/mqdefault.jpg",
        "youtubeVideoId": "jpWRGc6tIzE",
        "uploadedDate": "2017-07-14T07:25:14Z",
        "viewCount": 0,
        "isCommercial": "False"
    },
    {
        "id": "675c63e6-4a00-444f-825e-395b155e87d8",
        "title": "좀비에게 플레이어를 놀래키는 방법을 배우다!! [마인크래프트 상황극 좀비학교]  minecraft zombie school",
        "description": "트위치 생방 주소 ㄱ\nhttps://www.twitch.tv/pjs9073",
        "thumbnail": "https://i.ytimg.com/vi/WUbw6H5kwew/mqdefault.jpg",
        "youtubeVideoId": "WUbw6H5kwew",
        "uploadedDate": "2017-07-15T13:43:30Z",
        "viewCount": 0,
        "isCommercial": "False"
    }
]