[
    {
        "id": "481c9492-0e98-42fe-9b44-9bdf1fbd0ffb",
        "title": "요리 고자도 쉽게 만들수있는 혼돈의 치킨 닭다리 [ 거지세끼 ] 밥먹자 쫀득아",
        "description": "트위치 생방 주소 ㄱ\nhttps://www.twitch.tv/pjs9073",
        "thumbnail": "https://i.ytimg.com/vi/ITqfl0vIrlc/mqdefault.jpg",
        "youtubeVideoId": "ITqfl0vIrlc",
        "uploadedDate": "2018-05-16T05:14:23Z",
        "viewCount": 0,
        "isCommercial": "False"
    },
    {
        "id": "a2ce35b7-4893-48ce-949f-a08e1c1f5986",
        "title": "새로나온 컵라면 \"양념치킨 컵라면\"을 먹어보았다! [ 음식 리뷰 ] 쫀득",
        "description": "트위치 생방 주소 ㄱ\nhttps://www.twitch.tv/pjs9073",
        "thumbnail": "https://i.ytimg.com/vi/H5fLEo0mJi0/mqdefault.jpg",
        "youtubeVideoId": "H5fLEo0mJi0",
        "uploadedDate": "2018-05-18T23:16:17Z",
        "viewCount": 0,
        "isCommercial": "False"
    },
    {
        "id": "544182c6-8305-44c0-bb98-7053dc2164b9",
        "title": "고요에게 세상에서 젤'맛있는' 데리야끼치킨을 만들어주었다. [ 쫀득의 암살요리 ] 고요편",
        "description": "트위치 생방 주소 ㄱ\nhttps://www.twitch.tv/pjs9073",
        "thumbnail": "https://i.ytimg.com/vi/wIuRSDYSHr0/mqdefault.jpg",
        "youtubeVideoId": "wIuRSDYSHr0",
        "uploadedDate": "2018-05-24T03:37:50Z",
        "viewCount": 0,
        "isCommercial": "False"
    },
    {
        "id": "5c34e074-1f2c-4e12-9003-e9e9be0c5878",
        "title": "부처님 오신날 기념 무 살육 비빔밥 만들기 [ 거지세끼 ] 밥먹자 쫀득아",
        "description": "트위치 생방 주소 ㄱ\nhttps://www.twitch.tv/pjs9073",
        "thumbnail": "https://i.ytimg.com/vi/a5-4ArON-sI/mqdefault.jpg",
        "youtubeVideoId": "a5-4ArON-sI",
        "uploadedDate": "2018-07-05T04:42:00Z",
        "viewCount": 0,
        "isCommercial": "False"
    },
    {
        "id": "209db36f-72f1-4bd0-b482-8c8efd22b6c0",
        "title": "세기의 대결 별루다 vs 쫀득 요리배틀.. with.편집자.. [ 황천의 요리배틀 쫀득 ] cooking battle",
        "description": "트위치 생방 주소 ㄱ\nhttps://www.twitch.tv/pjs9073",
        "thumbnail": "https://i.ytimg.com/vi/WFGlTWSGT2o/mqdefault.jpg",
        "youtubeVideoId": "WFGlTWSGT2o",
        "uploadedDate": "2018-07-18T07:30:21Z",
        "viewCount": 0,
        "isCommercial": "False"
    },
    {
        "id": "85aad0d7-91cc-430c-956a-2530345dcaf0",
        "title": "쫀득 원피스 해적고기 vs 별루다 치즈케익 만들기 배틀!!  [ 황천의 요리배틀 쫀득 ] cooking battle",
        "description": "트위치 생방 주소 ㄱ\nhttps://www.twitch.tv/pjs9073",
        "thumbnail": "https://i.ytimg.com/vi/IOhAjCGufMk/mqdefault.jpg",
        "youtubeVideoId": "IOhAjCGufMk",
        "uploadedDate": "2018-07-19T05:40:39Z",
        "viewCount": 0,
        "isCommercial": "False"
    },
    {
        "id": "debbdc28-8be8-44ad-9d18-3684d6958061",
        "title": "원피스 해적고기.. 드디어 완성되다 근데 맛이..????? [ 쫀득 vs 별루다 요리배틀 ]",
        "description": "트위치 생방 주소 ㄱ\nhttps://www.twitch.tv/pjs9073",
        "thumbnail": "https://i.ytimg.com/vi/iODRsEmv96g/mqdefault.jpg",
        "youtubeVideoId": "iODRsEmv96g",
        "uploadedDate": "2018-07-22T05:20:48Z",
        "viewCount": 0,
        "isCommercial": "False"
    },
    {
        "id": "6ad1134a-9097-4270-a41c-7be20f8ab26c",
        "title": "엄마한테 밥해주는 은근 효자인세끼.. [ 쫀득 음식하기 ]",
        "description": "트위치 생방 주소 ㄱ\nhttps://www.twitch.tv/pjs9073",
        "thumbnail": "https://i.ytimg.com/vi/CwnafbOzIYQ/mqdefault.jpg",
        "youtubeVideoId": "CwnafbOzIYQ",
        "uploadedDate": "2018-07-29T04:08:40Z",
        "viewCount": 0,
        "isCommercial": "False"
    },
    {
        "id": "3490459b-e636-44b2-a3fe-5900c66a5b01",
        "title": "요리자격증있는 매니저에게 해장국을 해달라했다! 국이;; ㅗㅜㅑ [ 쫀득아 밥먹자 쫀득세끼 ]",
        "description": "트위치 생방 주소 ㄱ\nhttps://www.twitch.tv/pjs9073",
        "thumbnail": "https://i.ytimg.com/vi/j8nMywQrJSs/mqdefault.jpg",
        "youtubeVideoId": "j8nMywQrJSs",
        "uploadedDate": "2018-08-05T02:09:02Z",
        "viewCount": 0,
        "isCommercial": "False"
    },
    {
        "id": "9276bb70-88c5-4786-8a5d-3973005fa540",
        "title": "식욕 억제하는 파란색 음식.. 파란색 카레를 먹으면 맛이 어떨까..? [ 쫀득 괴식탐방 ]",
        "description": "트위치 생방 주소 ㄱ\nhttps://www.twitch.tv/pjs9073",
        "thumbnail": "https://i.ytimg.com/vi/OXojYdxyLiQ/mqdefault.jpg",
        "youtubeVideoId": "OXojYdxyLiQ",
        "uploadedDate": "2018-08-26T02:25:03Z",
        "viewCount": 0,
        "isCommercial": "False"
    },
    {
        "id": "97f4d891-88c5-4f26-97bc-9dc71094523c",
        "title": "편집자가 편집을 포기한 밀웜 된장찌개 영상 [ 쫀득 밀웜 된장찌개 ]",
        "description": "트위치 생방 주소 ㄱ\nhttps://www.twitch.tv/pjs9073",
        "thumbnail": "https://i.ytimg.com/vi/cpbSHvmBg0I/mqdefault.jpg",
        "youtubeVideoId": "cpbSHvmBg0I",
        "uploadedDate": "2018-10-13T02:55:35Z",
        "viewCount": 0,
        "isCommercial": "False"
    },
    {
        "id": "9fae495a-e88b-47d2-a142-fc8dfc3b25c1",
        "title": "으악X발... 이게 뭔 맛이여 ;;;; 취두부,두리안 먹방 [ 쫀득 괴식 ]",
        "description": "트위치 생방 주소 ㄱ\nhttps://www.twitch.tv/pjs9073",
        "thumbnail": "https://i.ytimg.com/vi/oesjHuI7vkI/mqdefault.jpg",
        "youtubeVideoId": "oesjHuI7vkI",
        "uploadedDate": "2018-11-02T04:22:31Z",
        "viewCount": 0,
        "isCommercial": "False"
    }
]