[
    {
        "id": "ba3e896b-861c-4961-b5c3-4dae2d87830c",
        "title": "그림체 역변해서 돌아온 전설의 치유물 애니",
        "description": "애니 제목 : 쓰르라미 울적에 리메이크\n스릴러 명작 애니 보러가기 - https://vo.la/raWn\n\n덕양소 팬아트 및 문의 : yyyjhong7@naver.com\n덕양소 트위치 주소 : https://www.twitch.tv/yyyjhong7",
        "thumbnail": "https://i.ytimg.com/vi/hSquMTKXdkA/mqdefault.jpg",
        "youtubeVideoId": "hSquMTKXdkA",
        "uploadedDate": "2020-04-15T10:34:09Z",
        "viewCount": 263314,
        "isCommercial": "False"
    },
    {
        "id": "9b583877-db71-499a-92ef-aa10c15b3470",
        "title": "'바이올렛 에버가든 극장판'부터 '울려라 유포니엄'까지! BIAF 알아보기!",
        "description": "오늘은 애니메이션 영화제 부천국제애니메이션페스티벌에 대해 알아봅시다!\n\n문의 및 팬아트 : yyyjhong7@naver.com\n\n덕양소에게 선물하기 \nhttps://fancim.me/celeb/celebDonation.aspx?cu_id=g_evr2nVk1iE2JzVH1VVRIo4OSSJNMBGYv\n\n사용된 bgm\n🎵Music provided by 브금대통령\n🎵Track : 청춘 로맨스 - https://youtu.be/yu5vTRS9DpE\n\n* 배지관련 안내사항\n1) 배지는 영화제 현장에서 본인확인 후 수령 가능하며\n   자세한 내용은 당첨자에 한해 개별연락을 드릴 예정입니다.\n2) 배지는 타인에게 대여 및 양도가 절대 불가능합니다.\n3) 타 매체를 통해 중복 당첨이 되더라도 배지는 1인 1매만 지급됩니다.\n\n\n*이 영상은 부천국제애니메이션페스티벌 (BIAF)의 지원을 받아 제작되었습니다.\n\n#바이올렛에버가든 #울려라유포니엄 #BIAF",
        "thumbnail": "https://i.ytimg.com/vi/VX5Q6X3arhY/mqdefault.jpg",
        "youtubeVideoId": "VX5Q6X3arhY",
        "uploadedDate": "2020-10-12T05:33:38Z",
        "viewCount": 115909,
        "isCommercial": "True"
    },
    {
        "id": "f61f82ec-6ef0-4ffe-9b0c-b0d376830d2e",
        "title": "국산 애니메이션, 드디어 빛을 보나?",
        "description": "요즘 국내에서 굉장히 활발해진\n애니메이션 시장에 대해 한번 알아보았습니다!\n\n국산 애니메이션 보러가기 링크\n시타를 위하여 - https://vo.la/1iPm\n과호흡 - https://vo.la/wJoc\n잠에서 깨어보니 베이글녀 - https://vo.la/QzS4\n슈퍼시크릿 - https://vo.la/CobZ\n\n드디어 신의 탑 4월 방영이 코앞으로 다가왔네요 ㅠㅠㅠ\n\n-------------------------------------------------\n사용된 bgm\nretro (youtube)",
        "thumbnail": "https://i.ytimg.com/vi/V2cfpT13M1Y/mqdefault.jpg",
        "youtubeVideoId": "V2cfpT13M1Y",
        "uploadedDate": "2020-02-27T17:43:41Z",
        "viewCount": 862981,
        "isCommercial": "False"
    },
    {
        "id": "0d624009-ef41-4ee4-a41b-a733cfbf67e1",
        "title": "레전드 찍을 예정인 마도조사 우리말 더빙판",
        "description": "애니 제목  : 마도조사\n1화 무료 보러가기\n마도조사 (자막판) - https://vo.la/hL7M\n마도조사 (더빙판) - https://vo.la/HKWi\n시타를 위하여 - https://vo.la/1iPm\n라프텔에서 시청하실 수 있습니다!\n\n드디어 마도조사가 더빙판이 나오는 군여 ㅠㅠㅠ",
        "thumbnail": "https://i.ytimg.com/vi/NIu-CBc0dOI/mqdefault.jpg",
        "youtubeVideoId": "NIu-CBc0dOI",
        "uploadedDate": "2020-02-29T09:27:53Z",
        "viewCount": 434156,
        "isCommercial": "False"
    },
    {
        "id": "00d2528b-0ffe-41e3-8b9e-6dce0447e457",
        "title": "귀멸의 칼날 극장판 「무한열차」 제작 결정! 렌고쿠 간지 미쳤다!",
        "description": "귀멸의 칼날 무한열차의 제작이 결정되었습니다!\n2기가 아닌 극장판인건 조금 아쉽지만 너무 기대되네요 ㅠㅠㅠ",
        "thumbnail": "https://i.ytimg.com/vi/yOtK-2awVCw/mqdefault.jpg",
        "youtubeVideoId": "yOtK-2awVCw",
        "uploadedDate": "2019-09-30T12:49:46Z",
        "viewCount": 212814,
        "isCommercial": "False"
    },
    {
        "id": "29112171-2f1d-4364-96a9-e304c49bdf1a",
        "title": "너의 이름은의 뒤를 이을 작품 '날씨의 아이'! (신카이 마코토 신작)",
        "description": "신카이 마코토 감독의 신작이 드디어 나옵니다!\n어떤 아름다운 작화로 우리를 또 놀라게 해줄까요 :)\n\n아! 처음 나오는 bgm은 제가 직접 연주한 미츠하 테마입니다!\n한번씩 꼭 들어보세요 ㅎㅎ",
        "thumbnail": "https://i.ytimg.com/vi/9O53bbRkQoc/mqdefault.jpg",
        "youtubeVideoId": "9O53bbRkQoc",
        "uploadedDate": "2019-01-18T11:25:36Z",
        "viewCount": 31802,
        "isCommercial": "False"
    },
    {
        "id": "05b3b08a-34c2-4e13-bc74-ee39f6060701",
        "title": "드디어 메구밍과 카즈마에게 핑크빛이? ^3^♥「코노스바 극장판 소식」",
        "description": "오늘 소개시켜드린 작품은\n'이 멋진 세계에 축복을! 붉은 전설!'\n\n배꼽잡고 웃었던 작품인데 극장판은 얼마나 웃길지 너무 기대되네요 ㅋㅋㅋㅋㅋ",
        "thumbnail": "https://i.ytimg.com/vi/amHWKV7P7yI/mqdefault.jpg",
        "youtubeVideoId": "amHWKV7P7yI",
        "uploadedDate": "2019-03-31T10:05:43Z",
        "viewCount": 149770,
        "isCommercial": "False"
    },
    {
        "id": "bda17be5-a35d-428f-ba72-63f7ab9acb45",
        "title": "리제로 2기 알아보기! 마녀들 전부 등장!「렘 안녕...」",
        "description": "리제로 2기가 드디어 방영됩니다!\n렘 안녕....",
        "thumbnail": "https://i.ytimg.com/vi/vpuxjD7la2o/mqdefault.jpg",
        "youtubeVideoId": "vpuxjD7la2o",
        "uploadedDate": "2019-04-01T08:53:57Z",
        "viewCount": 172544,
        "isCommercial": "False"
    },
    {
        "id": "93137e6c-10d3-4d71-909a-a177ee00b89c",
        "title": "[덕후양성소] '너의 이름은' 1주년 1월4일 재개봉!! 특전도 있다구요???",
        "description": "대박! '너의 이름은'이 다시 개봉합니다! 그때 그 감동을 다시 느끼러 가시죠!\n-----------------------------------------------------------------------------------------------------------\n\n 방송 시간 [주말 토, 일 중에 랜덤]\n\n-----------------------------------------------------------------------------------------------------------\n트위치 방송 : https://www.twitch.tv/yyyjhong7\n트위치 도네 : https://twip.kr/donate/yyyjhong7\n덕양소 이메일 : dltldud1663@gamil.com",
        "thumbnail": "https://i.ytimg.com/vi/dFF6hchy57w/mqdefault.jpg",
        "youtubeVideoId": "dFF6hchy57w",
        "uploadedDate": "2017-12-25T23:33:49Z",
        "viewCount": 0,
        "isCommercial": "False"
    },
    {
        "id": "7a581bee-c4de-4759-8928-854086a53dda",
        "title": "[덕후양성소] '너의 이름은' 미공개 스페셜 엔딩 방영! 거기에 실사화 까지 준비중!?",
        "description": "진짜진짜 너무 기대 되네요 어떤 엔딩일까요??\n다음영상은 정말로! 예고했던대로 논논비요리입니다!\n-----------------------------------------------------------------------------------------------------------\n트위치 방송 : https://www.twitch.tv/yyyjhong7\n트위치 도네 : https://twip.kr/donate/yyyjhong7\n덕양소 이메일 : dltldud1663@gamil.com",
        "thumbnail": "https://i.ytimg.com/vi/28L5kGc5qaY/mqdefault.jpg",
        "youtubeVideoId": "28L5kGc5qaY",
        "uploadedDate": "2017-12-27T23:58:05Z",
        "viewCount": 0,
        "isCommercial": "False"
    },
    {
        "id": "159510ac-79a1-4beb-af58-0cf9845bdf39",
        "title": "《날씨의 아이》 나오자 마자 솔직 리뷰! (스포일러X)",
        "description": "날씨의 아이를 보러가기 전에 같은 비오는 배경의 애니메이션\nhttps://hoy.kr/1U30H 언어의 정원을 보시면 신카이 마코토 감독의 성장이 확 느껴지실겁니다.\n\n신카이 마코토의 신작 날씨의 아이를 보고\n솔직 담백한 이야기를 담아봤습니당",
        "thumbnail": "https://i.ytimg.com/vi/rUFT5Ykj5Cc/mqdefault.jpg",
        "youtubeVideoId": "rUFT5Ykj5Cc",
        "uploadedDate": "2019-10-29T19:42:45Z",
        "viewCount": 207472,
        "isCommercial": "False"
    },
    {
        "id": "8347332f-e3b2-444c-b188-33aa70f84136",
        "title": "꿈도 희망도 없는 '메이드 인 어비스' 극장판 깊은 영혼의 여명",
        "description": "1화 무료 보기 - https://hoy.kr/gXWjk\n메이드 인 어비스의 극장판 깊은 영혼의 여명 \n예고편이 새로 공개 되었습니다!\n예고편인데도 연출 미쵸...\n\nTrack : Bossa Lounge\nMusic by 브금파파\nMusic provided by 브금대통령\nWatch : https://youtu.be/Xca6VnSrDJo",
        "thumbnail": "https://i.ytimg.com/vi/M4gyB0wLDCw/mqdefault.jpg",
        "youtubeVideoId": "M4gyB0wLDCw",
        "uploadedDate": "2019-11-22T08:27:08Z",
        "viewCount": 43717,
        "isCommercial": "False"
    },
    {
        "id": "fa504bd0-c5c3-495b-aef0-6e02593c6acc",
        "title": "다 가져가세요...♥",
        "description": "피규어가 받고 싶으신 분들은 댓글에 이메일을 남겨주세용!\n추첨은 투명성을 위해 3월9일(월)에 스트리밍에서 하도록 하겠습니다!\n\n피규어 목록\n오이카와 넨도 x3\n켄마 넨도 x2\n아쿠아 넨도 x1\n리무루 x4\n토도로키 x2\n토가 x2\n렘 양버전 x2\n렘 빨간모자 x2\n사스케 어린시절 버전 x1\n오소마츠 피그마 x1\n쥬시마츠 탁상 피규어 x1 \n\n총 21개입니다! 그러므로 21분 추첨합니다!\n\n다시한번 14만명 구독자 감사합니다 ㅠㅠㅠ",
        "thumbnail": "https://i.ytimg.com/vi/-eRvXup3BCM/mqdefault.jpg",
        "youtubeVideoId": "-eRvXup3BCM",
        "uploadedDate": "2020-03-02T03:20:34Z",
        "viewCount": 44571,
        "isCommercial": "False"
    },
    {
        "id": "0000a0ed-f9c5-43ba-8663-e39320dd3f14",
        "title": "역대급 환골탈태한 '5등분의 신부 2기'",
        "description": "애니제목 : 5등분의 신부\n5등분의 신부 1화 무료보기 - https://vo.la/MjJp\n라프텔에서 시청하실 수 있습니다!\n\n5등분의 신부 2기는 삘이 정말 좋습니다 !!!",
        "thumbnail": "https://i.ytimg.com/vi/LStC3U2lzGo/mqdefault.jpg",
        "youtubeVideoId": "LStC3U2lzGo",
        "uploadedDate": "2020-04-06T13:02:37Z",
        "viewCount": 594721,
        "isCommercial": "False"
    },
    {
        "id": "88fe3ee1-01e7-4b20-be3f-d600111c71f7",
        "title": "또 한번 레전드 찍을 예정인 '귀멸의 칼날 2기' (+귀멸의 칼날 게임 소식)",
        "description": "애니제목 : 귀멸의 칼날\n무삭제판 무료보기 - https://vo.la/hhP2K\n라프텔에서 시청하실 수 있습니다!\n\n문의 및 팬아트 : yyyjhong7@naver.com\n\n덕양소에게 선물하기 \nhttps://fancim.me/celeb/celebDonation.aspx?cu_id=g_evr2nVk1iE2JzVH1VVRIo4OSSJNMBGYv\n\n사용된 bgm\n🎵Music provided by 브금대통령\n🎵Track : Rookie Fighter  - https://youtu.be/lua6ZjX4h2w\n🎵Track : Attack of The Trolls - https://youtu.be/2K9pdErongI\n🎵Track : Ending Waltz - https://youtu.be/VMuUcNQzwaI\n\n#귀멸의칼날 #2기 #유곽편",
        "thumbnail": "https://i.ytimg.com/vi/q2Q437HoSzQ/mqdefault.jpg",
        "youtubeVideoId": "q2Q437HoSzQ",
        "uploadedDate": "2021-02-16T10:45:32Z",
        "viewCount": 322669,
        "isCommercial": "False"
    },
    {
        "id": "b8d5c08f-fcd7-4170-8945-d8248f97be43",
        "title": "올 것이 왔다.. 노빠꾸로 여쭤 본  '김치워리어' 감독님 인터뷰 1부",
        "description": "오늘은 김치워리어 감독님과 인터뷰를 해보았습니다!\n\n문의 및 팬아트 : yyyjhong7@naver.com\n\n덕양소에게 선물하기 \nhttps://fancim.me/celeb/celebDonation.aspx?cu_id=g_evr2nVk1iE2JzVH1VVRIo4OSSJNMBGYv\n\n사용된 bgm\n🎵Music provided by 브금대통령\n🎵Track : 꼬물꼬물 - https://youtu.be/oXc3PhIeeoE\n\n00:00 인트로\n00:22 감독님 자기소개\n01:20 감독님이 좋아하는 김치\n01:36 김치워리어가 만들어진 계기\n03:45 김치워리어의 평판을 예상하셨는지\n06:20 쓰레기 애니리뷰 김치워리어 편을 본 심정\n09:06 김치워리어 제작비\n14:23 다음 화 예고\n\n#김치워리어 #강영만감독 #일싸천리",
        "thumbnail": "https://i.ytimg.com/vi/lYusJhdDdwk/mqdefault.jpg",
        "youtubeVideoId": "lYusJhdDdwk",
        "uploadedDate": "2021-05-03T07:00:15Z",
        "viewCount": 111572,
        "isCommercial": "False"
    },
    {
        "id": "4409ae72-5ef8-4f0c-af26-4b299bbcfe5d",
        "title": "미쳐버린 귀멸의 칼날 게임 근황..렌고쿠 진짜 실화냐..? (원작 초월)",
        "description": "애니제목 : 귀멸의 칼날\n1화 무료보기 - https://vo.la/SJgtk\n무한열차편 (예정)- https://vo.la/OeGiw \n라프텔에서 시청하실 수 있습니다!\n\n문의 및 팬아트 : yyyjhong7@naver.com\n\n덕양소에게 선물하기 \nhttps://fancim.me/celeb/celebDonation.aspx?cu_id=g_evr2nVk1iE2JzVH1VVRIo4OSSJNMBGYv\n\n사용된 bgm\n🎵Music provided by 브금대통령\n🎵Track : Dawn Of Victory - https://youtu.be/7p7XwWT9uKM\n🎵Track : Rookie Fighter  - https://youtu.be/lua6ZjX4h2w\n\n#귀멸의칼날 #렌고쿠 #히노카미혈풍담",
        "thumbnail": "https://i.ytimg.com/vi/iyEayifvSXY/mqdefault.jpg",
        "youtubeVideoId": "iyEayifvSXY",
        "uploadedDate": "2021-05-18T13:25:33Z",
        "viewCount": 41478,
        "isCommercial": "False"
    },
    {
        "id": "ec36ef43-80bf-4605-8c95-16bdf5ded72d",
        "title": "'귀멸의 칼날 게임' 귀여움 터져버린 교복 네즈코ㅋㅋㅋ(feat.무시당하는 기유)",
        "description": "오늘은 귀멸의 칼날 히노카미 혈풍담의 신 pv를 리뷰해보도록 하겠습니다!\n@유진씨 님이 도와주셨어요 ㅎㅎ\n\n애니제목 : 귀멸의 칼날\n1화 무료보기 - https://vo.la/a9X9R\n라프텔에서 시청하실 수 있습니다!\n\n문의 및 팬아트 : yyyjhong7@naver.com\n\n덕양소에게 선물하기 \nhttps://fancim.me/celeb/celebDonation.aspx?cu_id=g_evr2nVk1iE2JzVH1VVRIo4OSSJNMBGYv\n\n사용된 bgm\n🎵Music provided by 브금대통령\n🎵Track : Rookie Fighter  - https://youtu.be/lua6ZjX4h2w\n🎵Track : 쳇바퀴 인생 - https://youtu.be/jpo3kYQpTZs\n🎵Track : 쫓는자 쫓기는자 쫓아가는자 - https://youtu.be/CC_GPj3WaNQ\n🎵Track : I Want To Play - https://youtu.be/rMzEECmmAVg\n\n#귀멸의칼날 #히노카미혈풍담 #귀멸의칼날게임",
        "thumbnail": "https://i.ytimg.com/vi/q5iAobny27M/mqdefault.jpg",
        "youtubeVideoId": "q5iAobny27M",
        "uploadedDate": "2021-06-10T07:57:33Z",
        "viewCount": 35064,
        "isCommercial": "False"
    },
    {
        "id": "a6006986-5458-403c-b94a-862b775582b6",
        "title": "'귀멸의 칼날 게임' 출시일과 캐릭터 확정! 그런데...ㅈ망겜..?",
        "description": "귀멸의 칼날 보러가기▶https://vo.la/he98C\n극장판 무한열차편 보러가기▶https://vo.la/xBXk6\n\n문의 및 팬아트 : yyyjhong7@naver.com\n\n덕양소에게 선물하기 \nhttps://fancim.me/celeb/celebDonation.aspx?cu_id=g_evr2nVk1iE2JzVH1VVRIo4OSSJNMBGYv\n\n사용된 bgm\n🎵Music provided by 브금대통령\n🎵Track : 그 빵은 내꺼야  - https://youtu.be/Jyh4ETOLIhQ\n🎵Track : ㄴr는 ㄱr끔 눈물을 흘린ㄷr..☆ - https://youtu.be/Tq0vxHhcdpo\n\n#귀멸의칼날 #히노카미혈풍담 #귀멸의칼날게임",
        "thumbnail": "https://i.ytimg.com/vi/gUPZ34Qus8M/mqdefault.jpg",
        "youtubeVideoId": "gUPZ34Qus8M",
        "uploadedDate": "2021-06-18T04:07:35Z",
        "viewCount": 47237,
        "isCommercial": "False"
    },
    {
        "id": "0e49aa71-5153-418a-840d-e5e68bc38054",
        "title": "드디어 나온 '귀멸의 칼날 게임' 스토리 모드 PV! 원작초월 미쳤다!!!",
        "description": "애니제목 : 귀멸의 칼날\n1화 무료보기 - https://vo.la/Yzskm\n무한열차 보러가기 ! https://vo.la/fGBRr\n\n라프텔에서 시청하실 수 있습니다!\n\n문의 및 팬아트 : yyyjhong7@naver.com\n\n덕양소에게 선물하기 \nhttps://fancim.me/celeb/celebDonation.aspx?cu_id=g_evr2nVk1iE2JzVH1VVRIo4OSSJNMBGYv\n\n#귀멸의칼날 #귀멸의칼날게임 #히노카미혈풍담",
        "thumbnail": "https://i.ytimg.com/vi/HeLmKirYZXM/mqdefault.jpg",
        "youtubeVideoId": "HeLmKirYZXM",
        "uploadedDate": "2021-06-21T05:49:21Z",
        "viewCount": 26690,
        "isCommercial": "False"
    },
    {
        "id": "19d8b4dd-c183-4a64-9186-6781d181d5b1",
        "title": "덕양소×유진씨 콜라보 그림 콘테스트 개최!!",
        "description": "※덕양소×유진씨 그림 콘테스트 참가방법!※\n\n그림 콘테스트 참가자 분들은 아래의 양식에 맞춰서\n자신만의 멋진 그림을 준비해주시길 바랍니다!\n\n🔹주제 🔹\n덕양소와 유진씨의 캐릭터가 함께 나온 일러스트 작품\n\n예시) 바다에서 휴가를 즐기는 유진씨와 덕양소\n함께 보쿠노피코를 시청하는 유진씨와 덕양소\n함께 게임을 하는 유진씨와 덕양소\n\n🔹그림 가이드🔹\n\n수위높은 그림 금지\n성적행위/속옷노출/신체훼손 등의 야한짤, 고어물, 더러움 등 불가\n\n그림장르 자유\n채색여부자유/타블렛그림/그림판/종이그림/손그림/연필그림/만화\n\n모작 및 트레이싱 금지\nTVA·극장판·원작일러·코믹스·라노벨삽화·타인일러스트 등 전부 금지\n표정 및 포즈를 따라그리는 것은 허용하되 자신만의 그림체로 그려야 함.\n대회 진행중, 끝난후 트레이싱 의혹이 있다면 아래의 이메일로 제보바랍니다\ndukyangso@kakao.com\n트레이싱 적발시 덕양소,유진씨 채널 영구밴 예정입니다.\n\n🔹제출 양식🔹\n\n1인당 1장만 허용합니다!\n파일열람이 가능한 JPG 혹은 PNG 파일 확장자로 제출해주시길 바랍니다\n\n🔹우승자 선정방식🔹\n 7월 24일 저녁 8시 \"덕양소\" 채널에서 실시간 스트리밍 방송을 통해 선정합니다.\n\n\"우승자 선정기준은 시청자가 선택하는것이 아닌 유진씨와 덕양소가 주관적으로 가장 마음에 드는 작품을 선정합니다\"\n\n🔹우승 상품🔹\n\n수상자 전원 - 덕양소와 유진씨의 친필싸인\n1등 - 사쿠라 미쿠 피규어 + 사쿠라 미쿠 캔버스 \n2등 - 사쿠라 미쿠 피규어\n3등 - 귀멸의 칼날 1000피스 퍼즐\n4등 - 귀멸의 칼날 렌고쿠 쿄쥬로 네소베리\n5등 - 사쿠라 미쿠 캔버스\n\n🔹참가자 필수 숙지사항🔹\n\n덕양소x유진씨 그림 콘테스트에 제출된 모든 작품은 위 이벤트 외에 다른 방식으로 \n공식 공개되지 않을 뿐더러 상업적으로 사용되지 않습니다. \n\n스트리밍 시간 관계상 모든 참가 작품들을 보여드리진 못한다는 점 양해부탁드립니다.\n(모든 신청작품을 검수 후 1차적으로 선정하여 스트리밍 진행)\n\n🔹그림접수 방법🔹\n\n7월 23일 저녁 8시 까지 \" dukyangso@kakao.com \" 이메일로 위의 양식을 참고하여\n그림을 보내주시길 바랍니다.\n\n영상 편집은  @지퍼킴 ZipperKim   님이 해주셨습니다!\n\n\n문의 및 팬아트 : yyyjhong7@naver.com\n\n덕양소에게 선물하기 \nhttps://fancim.me/celeb/celebDonation.aspx?cu_id=g_evr2nVk1iE2JzVH1VVRIo4OSSJNMBGYv",
        "thumbnail": "https://i.ytimg.com/vi/plCCibJunz4/mqdefault.jpg",
        "youtubeVideoId": "plCCibJunz4",
        "uploadedDate": "2021-07-09T08:05:33Z",
        "viewCount": 5481,
        "isCommercial": "False"
    },
    {
        "id": "cd84b968-9bbc-419f-adf6-fd3c2bee2d67",
        "title": "귀멸의 칼날 2기! 드디어 신 PV 공개! (키비주얼)",
        "description": "애니제목 : 귀멸의 칼날\n1기 1화 무료보기 - https://vo.la/gbSy7\n무한열차 보러가기 - https://vo.la/SY6j0\n라프텔에서 시청하실 수 있습니다!\n\n문의 및 팬아트 : yyyjhong7@naver.com\n\n덕양소에게 선물하기 \nhttps://fancim.me/celeb/celebDonation.aspx?cu_id=g_evr2nVk1iE2JzVH1VVRIo4OSSJNMBGYv\n\n사용된 bgm\n🎵Music provided by 브금대통령\n🎵Track : Rookie Fighter  - https://youtu.be/lua6ZjX4h2w\n🎵Track : Come on! - https://youtu.be/VBilvOnj8FI\n\n#귀멸의칼날 #유곽편 #귀멸의칼날2기",
        "thumbnail": "https://i.ytimg.com/vi/6fSAqHbTLX4/mqdefault.jpg",
        "youtubeVideoId": "6fSAqHbTLX4",
        "uploadedDate": "2021-07-15T09:38:54Z",
        "viewCount": 40613,
        "isCommercial": "False"
    },
    {
        "id": "ce12a9aa-02a9-4ad1-9a87-b51c0f25f613",
        "title": "분위기 깡패인 요즘 국산 애니메이션 작화 수준",
        "description": "애니제목 : 그 여름\n텀블벅 펀딩: https://vo.la/fqOij\n라프텔 '그 여름': https://vo.la/3m66n\n리디 '그 여름' 원작: https://ridibooks.com/books/371001774\n\n문의 및 팬아트 : yyyjhong7@naver.com\n\n덕양소에게 선물하기 \nhttps://fancim.me/celeb/celebDonation.aspx?cu_id=g_evr2nVk1iE2JzVH1VVRIo4OSSJNMBGYv\n\n사용된 bgm\n🎵Music provided by 브금대통령\n🎵Track : A Peaceful Afternoon - https://youtu.be/Hpe_bA8Pywc\n🎵Track : Tonight, Mood with Me - https://youtu.be/_YLSmpDlYRM\n🎵Track : In Front Of Love - https://youtu.be/UOT6C2OASvE\n🎵Track : Kid's Room 2 - https://youtu.be/r6bG5fLfnao\n\n#백합물 #국산애니 #그여름",
        "thumbnail": "https://i.ytimg.com/vi/5EjpemVjNag/mqdefault.jpg",
        "youtubeVideoId": "5EjpemVjNag",
        "uploadedDate": "2021-07-30T08:23:11Z",
        "viewCount": 33043,
        "isCommercial": "False"
    },
    {
        "id": "58a72a3a-731b-4b7e-9c52-0c7c235f868a",
        "title": "예고편 하나로 난리 난 애니메이션",
        "description": "애니제목 : 체인소맨\npv - https://www.youtube.com/watch?v=q15CRdE5Bv0\n문의 및 팬아트 : yyyjhong7@naver.com\n\n덕양소에게 선물하기 \nhttps://fancim.me/celeb/celebDonation.aspx?cu_id=g_evr2nVk1iE2JzVH1VVRIo4OSSJNMBGYv\n\n사용된 bgm\n🎵Music provided by 브금대통령\n🎵Track : Rookie Fighter  - https://youtu.be/lua6ZjX4h2w\n🎵Track : Fun Night in Philippines - https://youtu.be/rw5Sx5YQ4_0\n\n#체인소맨 #점프 #주술회전",
        "thumbnail": "https://i.ytimg.com/vi/fqh3aWyDJZU/mqdefault.jpg",
        "youtubeVideoId": "fqh3aWyDJZU",
        "uploadedDate": "2021-08-07T06:12:53Z",
        "viewCount": 95419,
        "isCommercial": "False"
    },
    {
        "id": "e704fd0e-3621-4956-9b89-3dcfebf182ad",
        "title": "귀멸의 칼날 새로운 극장판 공개!!!!",
        "description": "애니제목 : 귀멸의 칼날\n보러가기 - https://vo.la/DSB4H\n무한열차편 보러가기 - https://vo.la/sRlpF\n\n라프텔에서 시청하실 수 있습니다!\n\n피규어 리뷰 채널 애니띵\nhttps://www.youtube.com/channel/UCrGZCIRI8KojosCmhDhTMkg\n\n문의 및 팬아트 : yyyjhong7@naver.com\n\n덕양소에게 선물하기 \nhttps://fancim.me/celeb/celebDonation.aspx?cu_id=g_evr2nVk1iE2JzVH1VVRIo4OSSJNMBGYv\n\n사용된 bgm\n🎵Music provided by 브금대통령\n🎵Track : Rookie Fighter  - https://youtu.be/lua6ZjX4h2w\n🎵Track : I Want To Play - https://youtu.be/rMzEECmmAVg\n\n#귀멸의칼날 #유곽편 #남매의연",
        "thumbnail": "https://i.ytimg.com/vi/uKEgU6DG17c/mqdefault.jpg",
        "youtubeVideoId": "uKEgU6DG17c",
        "uploadedDate": "2021-09-10T06:48:53Z",
        "viewCount": 29031,
        "isCommercial": "False"
    },
    {
        "id": "a681d5ce-fa72-4957-a9ab-4d6e4a5ae124",
        "title": "귀멸의 칼날 2기 신 PV공개! 다키 미모 실화냐..? 정보 총정리!★",
        "description": "애니제목 : 귀멸의 칼날 2기 유곽편\n귀멸의 칼날 무삭제 보러가기 - https://vo.la/VzSc8\n극장판 무한열차편 보러가기 - https://vo.la/lKUZ7\n\n라프텔에서 시청하실 수 있습니다!\n\n문의 및 팬아트 : yyyjhong7@naver.com\n\n덕양소에게 선물하기 \nhttps://fancim.me/celeb/celebDonation.aspx?cu_id=g_evr2nVk1iE2JzVH1VVRIo4OSSJNMBGYv\n\n사용된 bgm\n🎵Music provided by 브금대통령\n🎵Track : 힙리제를 위하여 - https://youtu.be/Hcv_0Fo_Kc0\n🎵Track : Rookie Fighter  - https://youtu.be/lua6ZjX4h2w\n\n#귀멸의칼날 #유곽편 #귀멸의칼날2기",
        "thumbnail": "https://i.ytimg.com/vi/fQJQVIP-4BY/mqdefault.jpg",
        "youtubeVideoId": "fQJQVIP-4BY",
        "uploadedDate": "2021-09-29T08:09:06Z",
        "viewCount": 32722,
        "isCommercial": "False"
    },
    {
        "id": "02f19197-5326-4a71-8d80-7f4128394385",
        "title": "미친 퀄리티!! 귀멸의 칼날 게임 아카자 등장씬 공개!! (히노카미 혈풍담)",
        "description": "귀멸의 칼날 게임 히노카미 혈풍담 '무한열차' 스토리 떴따!!! \n귀멸의 칼날 무삭제 보러가기 - https://vo.la/mlemq\n극장판 무한열차편 보러가기 - https://vo.la/n9VUF\n라프텔에서 시청하실 수 있습니다!\n\n문의 및 팬아트 : yyyjhong7@naver.com\n\n덕양소에게 선물하기 \nhttps://fancim.me/celeb/celebDonation.aspx?cu_id=g_evr2nVk1iE2JzVH1VVRIo4OSSJNMBGYv\n\n사용된 bgm\n🎵Music provided by 브금대통령\n🎵Track : Game Epic Music - https://youtu.be/OZwUwjNNjb0\n\n#귀멸의칼날 #귀멸의칼날게임 #아카자렌고쿠",
        "thumbnail": "https://i.ytimg.com/vi/yfHtiQ7MeiQ/mqdefault.jpg",
        "youtubeVideoId": "yfHtiQ7MeiQ",
        "uploadedDate": "2021-10-01T09:10:43Z",
        "viewCount": 27764,
        "isCommercial": "False"
    },
    {
        "id": "74482fa7-3c7b-417d-9572-8de5fcb62d8a",
        "title": "너의 이름은 신카이 마코토 감독 신작 드디어 떴다..! '스즈메의 문단속' 총정리!",
        "description": "신카이 마코토 감독의 신작! 스즈메의 문단속을 알아보자!\n\n극장판 애니메이션 보러가기 - https://vo.la/q1fN1\n\n문의 및 팬아트 : yyyjhong7@naver.com\n\n덕양소에게 선물하기 - https://vo.la/YppfP\n\n사용된 bgm\n🎵Music provided by 브금대통령\n🎵Track : Sea Of Sun - https://youtu.be/_2xcge9tMFM\n🎵Track : Ready To Nap - https://youtu.be/UZE2a9gTsDk",
        "thumbnail": "https://i.ytimg.com/vi/KUv2oo_zmZg/mqdefault.jpg",
        "youtubeVideoId": "KUv2oo_zmZg",
        "uploadedDate": "2021-12-18T05:41:35Z",
        "viewCount": 43396,
        "isCommercial": "False"
    },
    {
        "id": "30417aa7-bf8f-4de4-8253-c76d46357011",
        "title": "대 버추얼 시대..야쿠르트가 아이돌로 돌아왔다..? (야쿠르트 공식)",
        "description": "뮤직비디오 풀버전 감상 and 이벤트 참여하러가기! \nhttps://www.youtube.com/watch?v=zBZP0o5xaNQ\n\n문의 및 팬아트 : yyyjhong7@naver.com\n\n덕양소에게 선물하기 - https://vo.la/YppfP\n\n사용된 bgm\n🎵Music provided by 브금대통령\n🎵Track : Piece of Cake - https://youtu.be/P0SfHRQY1A4\n🎵Track : Brunch II - https://youtu.be/XlhBXAMHUz8\n\n#야쿠르트 #하이파이브 #버추얼",
        "thumbnail": "https://i.ytimg.com/vi/NgbrHzaNl9g/mqdefault.jpg",
        "youtubeVideoId": "NgbrHzaNl9g",
        "uploadedDate": "2021-12-25T08:04:48Z",
        "viewCount": 152588,
        "isCommercial": "True"
    },
    {
        "id": "2f2abfbb-bb05-417c-a9cc-b0cea0204b0a",
        "title": "일본에서 무한열차에 이어 레전드 찍어버린 미친 애니 (한국 개봉 확정!)",
        "description": "애니제목: 주술회전0\n개봉일: 2월 17일\n\n주술회전 보러가기 - https://vo.la/GrDdb\n\n덕양소 인스타그램: https://www.instagram.com/dukyangso/\n\n문의 및 팬아트 : yyyjhong7@naver.com\n\n덕양소에게 선물하기 - https://vo.la/YppfP\n\n편집자: 정우님\n\n사용된 bgm\n🎵Music provided by 브금대통령\n🎵Track : Rookie Fighter - https://youtu.be/lua6ZjX4h2w\n🎵Track : Fun Night in Philippines - https://youtu.be/rw5Sx5YQ4_0\n🎵Track : 비몽사몽 - https://youtu.be/G96mWtjmbck\n🎵Track : Odin - https://youtu.be/LYJsfvgnW9w\n\n#덕양소 #주술회전 #주술회전0",
        "thumbnail": "https://i.ytimg.com/vi/BKNWie61Hro/mqdefault.jpg",
        "youtubeVideoId": "BKNWie61Hro",
        "uploadedDate": "2022-01-30T06:13:14Z",
        "viewCount": 80408,
        "isCommercial": "False"
    },
    {
        "id": "d9e35335-1265-4525-aa4a-32e97184c673",
        "title": "귀멸의 칼날 또 다시 레전드 갱신!!! 3기 제작 확정 소식을 알아보자!",
        "description": "애니제목 : 귀멸의 칼날 환락의 거리편\n1화 무료보기 - https://vo.la/zUUd2a\n라프텔에서 시청하실 수 있습니다!\n\n덕양소 인스타그램: https://www.instagram.com/dukyangso/\n\n문의 및 팬아트 : yyyjhong7@naver.com\n\n덕양소에게 선물하기 - https://vo.la/YppfP\n\n편집자:다희님\n\n사용된 bgm\n🎵Music provided by 브금대통령\n🎵Track : Rookie Fighter  - https://youtu.be/lua6ZjX4h2w\n\n#귀멸의칼날 #환락의거리편 #대장장이마을편",
        "thumbnail": "https://i.ytimg.com/vi/WLQrqdVGrPg/mqdefault.jpg",
        "youtubeVideoId": "WLQrqdVGrPg",
        "uploadedDate": "2022-02-16T08:22:23Z",
        "viewCount": 55590,
        "isCommercial": "False"
    },
    {
        "id": "16341475-9e94-4100-9640-c7c8650a314f",
        "title": "귀멸의 칼날 무한열차 더빙판 PV 공개! 연기력 실화냐..? (더빙판 캐스팅 정리)",
        "description": "애니제목 : 귀멸의 칼날 무한열차편\n1화 무료보기 - https://vo.la/EXThWE\n라프텔에서 시청하실 수 있습니다!\n\n덕양소 인스타그램: https://www.instagram.com/dukyangso/\n\n문의 및 팬아트 : yyyjhong7@naver.com\n\n덕양소에게 선물하기 - https://vo.la/YppfP\n\n편집자:정우님\n\n#덕양소 #귀멸의칼날 #무한열차더빙",
        "thumbnail": "https://i.ytimg.com/vi/lWUbLTS8Wro/mqdefault.jpg",
        "youtubeVideoId": "lWUbLTS8Wro",
        "uploadedDate": "2022-03-30T14:13:26Z",
        "viewCount": 63635,
        "isCommercial": "False"
    },
    {
        "id": "fbf59552-4ad2-48dc-b05b-ac2efe07be40",
        "title": "신카이 마코토 신작 '스즈메의 문단속' 드디어 예고편 공개!!!",
        "description": "애니제목 : 스즈메의 문단속\n감독: 신카이 마코토\n\n개봉일 \n일본: 22년 11월 11일\n한국: 22년 하반기\n\n'스즈메의 문단속' 예고편 보러가기 - https://www.youtube.com/watch?v=6c4GAIig9gY\n각종 애니메이션 보러가기 - https://vo.la/nZ2bHp\n\n덕양소 인스타그램: https://www.instagram.com/dukyangso/\n\n문의 및 팬아트 : yyyjhong7@naver.com\n\n덕양소에게 선물하기 - https://vo.la/YppfP\n\n편집자: 정우님\n\n사용된 bgm\n🎵Music provided by 브금대통령\n🎵Track : 꽃비 - https://youtu.be/ImpXBaOWvUY\n\n#덕양소 #신카이마코토 #스즈메의문단속",
        "thumbnail": "https://i.ytimg.com/vi/90RBiNoOOp8/mqdefault.jpg",
        "youtubeVideoId": "90RBiNoOOp8",
        "uploadedDate": "2022-04-11T04:51:24Z",
        "viewCount": 69492,
        "isCommercial": "False"
    },
    {
        "id": "6ece6015-5e6f-4a79-bcc9-0a49a61da6f6",
        "title": "레전드 국산 웹툰 '나 혼자만 레벨업' 드디어 애니메이션 방영! 분위기 미쳤다 ㅎㄷ",
        "description": "애니제목 : 나 혼자만 레벨업\n2023년에 방영예정!\n\n신작 애니 보러가기 - https://vo.la/7txYVn\n\n덕양소 인스타그램: https://www.instagram.com/dukyangso/\n\n문의 및 팬아트 : yyyjhong7@naver.com\n\n덕양소에게 선물하기 - https://vo.la/YppfP\n\n편집자: 정우님\n\n#덕양소 #애니추천 #나혼자만레벨업",
        "thumbnail": "https://i.ytimg.com/vi/yKXtoVY8ViA/mqdefault.jpg",
        "youtubeVideoId": "yKXtoVY8ViA",
        "uploadedDate": "2022-07-13T07:37:35Z",
        "viewCount": 50938,
        "isCommercial": "False"
    },
    {
        "id": "e27b80f7-5ebe-44f6-a8d4-1e9d90a22f8b",
        "title": "'신카이 마코토' 감독 신작! 스즈메의 문단속 새로운 예고편 공개! 연출 실화..?",
        "description": "애니제목 : 스즈메의 문단속\n2023년 한국 개봉 예정\n스즈메의 문단속' 메인 예고편 보러가기 - https://www.youtube.com/watch?v=x1Y_pud2_FY\n\n신작 애니 보러가기 - https://vo.la/m6xAjK\n\n덕양소 인스타그램: https://www.instagram.com/dukyangso/\n\n문의 및 팬아트 : yyyjhong7@naver.com\n\n덕양소에게 선물하기 - https://vo.la/YppfP\n\n편집자: 찬희님\n\n사용된 bgm\n🎵Music provided by 브금대통령\n🎵Track : 새해에는 - https://youtu.be/bINZIdlQTj0\n\n#덕양소 #스즈메의문단속 #너의이름은 #신카이마코토",
        "thumbnail": "https://i.ytimg.com/vi/vloHUbwF-rc/mqdefault.jpg",
        "youtubeVideoId": "vloHUbwF-rc",
        "uploadedDate": "2022-07-21T11:22:10Z",
        "viewCount": 23955,
        "isCommercial": "False"
    },
    {
        "id": "4fb52218-889b-4c0f-b724-52d263870d4c",
        "title": "야쿠르트 회사에서 각잡고 만든 의인화 애니메이션",
        "description": "오늘은 hy하이파이브의 3집 신곡 \n'PARADE(feat. 양요섭 of 하이라이트)'를 한번 리뷰해 보았습니다!\n\nHY-FIVE(하이파이브) 'PARADE(feat. 양요섭 of 하이라이트)' MV 풀버전 보러가기https://www.youtube.com/watch?v=hpwsfLJCQnM\n\n팬사인회,야쿠르트 레트로굿즈 증정 이벤트 참여하기!\nhttps://yakultgame-event.co.kr/ \n\n덕양소 인스타그램: https://www.instagram.com/dukyangso/\n\n문의 및 팬아트 : yyyjhong7@naver.com\n\n덕양소에게 선물하기 - https://vo.la/YppfP\n\n편집자: 찬희님\n\n사용된 bgm\n🎵Music provided by 브금대통령\n🎵Track : 소라게의 모험 - https://youtu.be/rtqwpjoRXNc \n\n#덕양소 #애니추천 #하이파이브",
        "thumbnail": "https://i.ytimg.com/vi/vAOjFeSS5MU/mqdefault.jpg",
        "youtubeVideoId": "vAOjFeSS5MU",
        "uploadedDate": "2022-08-01T10:04:12Z",
        "viewCount": 106640,
        "isCommercial": "True"
    },
    {
        "id": "a83dba96-b8b1-4a99-b0a7-c4365876c4a6",
        "title": "'귀멸의 칼날' 새로운 극장판 개봉 확정 소식!! 이게 나와주냐..?",
        "description": "귀멸의 칼날 극장판 아사쿠사 편과 장구저택 편이 우리나라에 새롭게\n극장 개봉을 할 예정이라고 합니다!\n그에 맞추어 저번에 개봉했던 총집편 들도 개봉을 하네요!\n남매의 연은 8월 18일(목)\n아사쿠사 편은 8월 25일(목) \n장구저택 편은 9월 15일(목)\n나타구모산 편은 9월 26일(월)\n주합회의·나비저택 편은 9월 29일(목) 개봉!\n\n1기 흐름 그대로 볼 수 있는 기획전입니다!\n\n덕양소 인스타그램: https://www.instagram.com/dukyangso/\n\n문의 및 팬아트 : yyyjhong7@naver.com\n\n덕양소에게 선물하기 - https://vo.la/YppfP\n\n편집자:정우님\n\n#덕양소 #애니추천 #귀멸의칼날",
        "thumbnail": "https://i.ytimg.com/vi/WtAqyEE0y88/mqdefault.jpg",
        "youtubeVideoId": "WtAqyEE0y88",
        "uploadedDate": "2022-08-08T08:56:12Z",
        "viewCount": 21454,
        "isCommercial": "False"
    },
    {
        "id": "a2c73a9f-fce4-43f5-a152-b3cf05d0ff8b",
        "title": "예고편만 봐도 입 벌어지는 미친 액션 애니 '체인소 맨' PV 공개!",
        "description": "애니제목 : 체인소 맨\n10월 방영 예정\n라프텔에서 시청하실 수 있습니다!\n\n신작 애니 보러가기 - https://vo.la/EyrK3D\n\n덕양소 인스타그램: https://www.instagram.com/dukyangso/\n\n문의 및 팬아트 : yyyjhong7@naver.com\n\n덕양소에게 선물하기 - https://vo.la/YppfP\n\n편집자: 찬희님\n\n사용된 bgm\n🎵Music provided by 브금대통령\n🎵Track : Playful Kitten - https://youtu.be/1GXe7LPxN_k\n🎵Track : 둘레길 산책 - https://youtu.be/w1YKBmNmtmA\n\n#덕양소 #애니추천 #체인소맨",
        "thumbnail": "https://i.ytimg.com/vi/yn1zQZP7r2Q/mqdefault.jpg",
        "youtubeVideoId": "yn1zQZP7r2Q",
        "uploadedDate": "2022-08-11T10:13:59Z",
        "viewCount": 25939,
        "isCommercial": "False"
    },
    {
        "id": "902bed88-bbcb-4ab9-a269-3cdb3150cdc0",
        "title": "'귀멸의 칼날' 제작사에서 게임 애니메이션을 만들면 일어나는 일",
        "description": "애니제목 : 원신(미정)\n신작 애니 보러가기 - https://vo.la/8hR6Po\n\n덕양소 인스타그램: https://www.instagram.com/dukyangso/\n\n문의 및 팬아트 : yyyjhong7@naver.com\n\n덕양소에게 선물하기 - https://vo.la/YppfP\n\n편집자: 찬희님\n\n사용된 bgm\n🎵Music provided by 브금대통령\n🎵Track : Bright Daylight - https://youtu.be/aVWGStSO5D4\n🎵Track : 꼬마 공주와 꼬마 왕자 -https://youtu.be/wMDd-UH3YH8\n🎵Track : 알수없는 9살인생 - https://youtu.be/vq9RxbWWWFo\n\n#덕양소 #애니추천 #원신",
        "thumbnail": "https://i.ytimg.com/vi/2FNS1eQlwVk/mqdefault.jpg",
        "youtubeVideoId": "2FNS1eQlwVk",
        "uploadedDate": "2022-09-25T09:11:40Z",
        "viewCount": 42282,
        "isCommercial": "False"
    },
    {
        "id": "2be5e659-c46b-4794-9a14-cd2ed020b7a9",
        "title": "'외모지상주의' 애니 떴냐..? 레전드 국산 웹툰 넷플릭스 공개 확정!!",
        "description": "애니제목 : 외모지상주의(넷플릭스)\n신작애니 보러가기 - https://vo.la/HkhWQR\n\n덕양소 인스타그램: https://www.instagram.com/dukyangso/\n\n문의 및 팬아트 : yyyjhong7@naver.com\n\n덕양소에게 선물하기 - https://vo.la/YppfP\n\n편집자: 다희님\n\n사용된 bgm\n🎵Music provided by 브금대통령\n🎵Track : Ready To Nap - https://youtu.be/UZE2a9gTsDk\n\n#덕양소 #외모지상주의 #애니리뷰",
        "thumbnail": "https://i.ytimg.com/vi/3ltNfKgpHb0/mqdefault.jpg",
        "youtubeVideoId": "3ltNfKgpHb0",
        "uploadedDate": "2022-09-28T08:58:19Z",
        "viewCount": 31375,
        "isCommercial": "False"
    },
    {
        "id": "f4a3abea-ea4b-4ee9-982d-38a4eecfd5ac",
        "title": "진짜 미친거 아니냐..? 역대급 미친 라인업! 22년 4분기 신작애니 미리 알아보기!",
        "description": "오늘은 22년 4분기 신작 애니메이션을 한번 알아보았습니다!\n신작 애니 보러가기- https://vo.la/D7uTIG \n라프텔에서 시청하실 수 있습니다!\n\n덕양소 인스타그램: https://www.instagram.com/dukyangso/\n\n문의 및 팬아트 : yyyjhong7@naver.com\n\n덕양소에게 선물하기 - https://vo.la/YppfP\n\n편집자: 정우님\n\n사용된 bgm\n🎵Music provided by 브금대통령\n🎵Track : Fun Night in Philippines - https://youtu.be/rw5Sx5YQ4_0\n🎵Track : 나를 소개하지 - https://youtu.be/vCGWgcgCj_I\n🎵Track : 수양놀음 - https://youtu.be/MdsZoc_bEok\n🎵Track : Rookie Fighter  - https://youtu.be/lua6ZjX4h2w\n🎵Track : Epic House of Maze - https://youtu.be/ptxfKTfXI48\n🎵Track : 알수없는 9살인생 - https://youtu.be/vq9RxbWWWFo\n🎵Track : 청춘 로맨스 - https://youtu.be/yu5vTRS9DpE\n🎵Track : 보스 레이드 - https://youtu.be/t06uXc-Yf4I\n🎵Track : 꼬물꼬물 - https://youtu.be/oXc3PhIeeoE\n\n00:00 인트로\n00:30 1.체인소 맨\n01:13 2.스파이 패밀리 2쿨\n01:56 3.후궁의 까마귀\n02:45 4.블루록\n03:34 5.모브사이코 100 3기\n04:29 6.범인 한자와 씨\n05:27 7.시끌별 녀석들\n06:29 8.나의 히어로 아카데미아 6기\n06:55 9.4명은 각각 거짓말을 한다\n07:38 그 외 작품\n08:04 아웃트로\n\n#덕양소 #애니추천 #애니리뷰",
        "thumbnail": "https://i.ytimg.com/vi/arYudQ4dWoM/mqdefault.jpg",
        "youtubeVideoId": "arYudQ4dWoM",
        "uploadedDate": "2022-09-30T08:58:10Z",
        "viewCount": 64746,
        "isCommercial": "False"
    },
    {
        "id": "341722cf-ecce-42e3-922c-e76e647c1de1",
        "title": "그리웠던 그 풍경, 다시 볼 수 있다면..? BIAF 알아보기!",
        "description": "오늘은 덕후들의 행사 biaf에 대해서 알아보았습니다! 이벤트도 참여하세요!\n\n이벤트 참여하기 - https://forms.gle/jtizLay7HDgbAM568\n추첨을 통해 3명에게 BIAF 행사에서 다양한 혜택을 받을 수 있는 배지를 증정드립니다!\n이벤트 신청은 10월 10일(월) 저녁 9시에 마감 입니다!\n\n아이바 아이나 성우님 내한도 그렇고 다양한 행사로 저도 너무나 기대하고 있는 행사 BIAF!\n많은 관심 부탁드립니다!\n\n덕양소 인스타그램: https://www.instagram.com/dukyangso/\n\n문의 및 팬아트 : yyyjhong7@naver.com\n\n덕양소에게 선물하기 - https://vo.la/YppfP\n\n편집자: 다희님\n\n사용된 bgm\n🎵Music provided by 브금대통령\n🎵Track : Brunch II - https://youtu.be/XlhBXAMHUz8\n🎵Track : A Boring Day - https://youtu.be/RJNakI_wb5U \n\n#덕양소 #애니리뷰 #애니추천",
        "thumbnail": "https://i.ytimg.com/vi/2baLya87rvE/mqdefault.jpg",
        "youtubeVideoId": "2baLya87rvE",
        "uploadedDate": "2022-10-07T09:00:17Z",
        "viewCount": 6932,
        "isCommercial": "False"
    }
]