[
    {
        "id": "e5a9a89e-f0db-4feb-88f4-ea693d4beed5",
        "title": "차분하고 야무진 술먹방... 2부",
        "description": "오늘도 댕ㅡ청한 워노구\n(ㅍㅈㅈ:휴방좀 작작하세요!)\n\n트위치 라이브 주소: www.twitch.tv/1ho9\n월~금 PM 19시~",
        "thumbnail": "https://i.ytimg.com/vi/D1KPzfriChg/mqdefault.jpg",
        "youtubeVideoId": "D1KPzfriChg",
        "uploadedDate": "2019-05-23T17:37:53Z",
        "viewCount": 0,
        "isCommercial": "False"
    },
    {
        "id": "67425d72-53de-4cb6-9b63-4686ed7fba1a",
        "title": "차분하고 야무진 술먹방... 1부",
        "description": "워노구 트위치 라이브: www.twitch.tv/1ho9\n월~금 19:00~",
        "thumbnail": "https://i.ytimg.com/vi/DNRYsw_kC_c/mqdefault.jpg",
        "youtubeVideoId": "DNRYsw_kC_c",
        "uploadedDate": "2019-05-23T18:27:30Z",
        "viewCount": 0,
        "isCommercial": "False"
    },
    {
        "id": "55c7ac9b-3d0e-4bc5-b919-d9923533a5e2",
        "title": "술이 쓰다고? 적어도 인생보단 달다...★ (술먹방 2부)",
        "description": "트위치 라이브 주소 : https://www.twitch.tv/1ho9",
        "thumbnail": "https://i.ytimg.com/vi/xfVrnglCJZ4/mqdefault.jpg",
        "youtubeVideoId": "xfVrnglCJZ4",
        "uploadedDate": "2019-05-23T18:27:48Z",
        "viewCount": 0,
        "isCommercial": "False"
    },
    {
        "id": "d60e43b2-f50b-4d52-bbcd-ffe86c8a8887",
        "title": "ㄴr는 ㄱr끔 소주를 적신ㄷr. ..★ (술먹방 1부)",
        "description": "혼돈의 술먹방 , 살아있던 낙지와 소주2병\n생방송 주소 : https://www.twitch.tv/1ho9",
        "thumbnail": "https://i.ytimg.com/vi/vVm6xfEC7yQ/mqdefault.jpg",
        "youtubeVideoId": "vVm6xfEC7yQ",
        "uploadedDate": "2019-05-23T18:27:48Z",
        "viewCount": 0,
        "isCommercial": "False"
    }
]