[
    {
        "id": "2dd02891-ff21-433f-b425-691314a78768",
        "title": "밴당했던 시청자 채팅 부검했더니｜패자부활전",
        "description": "♥방송 날짜: 2022. 04. 05.♥\n♥생방송은 트위치에서♥\n♥방송시간 및 중요 공지는 트게더에! (아래링크 참조)♥\n(https://tgd.kr/s/geguleee?category=60540644)\n\n트위치 생방송 : https://www.twitch.tv/geguleee \n디스코드 : https://discord.gg/qKajHXA \n인스타그램 : @bbo9_me\n틱톡 : @bbo9_me\n광고 문의 : bbogumioffice@gmail.com\n\n#뽀구미 #패자부활전 #밴",
        "thumbnail": "https://i.ytimg.com/vi/tX4YEBfYm9Y/mqdefault.jpg",
        "youtubeVideoId": "tX4YEBfYm9Y",
        "uploadedDate": "2022-04-18T00:07:07Z",
        "viewCount": 82330,
        "isCommercial": "False"
    },
    {
        "id": "faa91185-9855-481e-b8d1-6d805acc07fe",
        "title": "밴당한 시청자 채팅 부검하기｜패자부활전",
        "description": "♥생방송은 트위치에서♥\n♥방송시간 및 중요 공지는 트게더에! (아래링크 참조)♥\n(https://tgd.kr/s/geguleee?category=60540644)\n\n트위치 : https://www.twitch.tv/geguleee \n디스코드: https://discord.gg/qKajHXA \n인스타그램 : @bbo9_me\n틱톡 : @bbo9_me\n\n#뽀구미 #밴 #패자부활전",
        "thumbnail": "https://i.ytimg.com/vi/578pd6c-6e4/mqdefault.jpg",
        "youtubeVideoId": "578pd6c-6e4",
        "uploadedDate": "2022-04-18T00:09:15Z",
        "viewCount": 39597,
        "isCommercial": "False"
    },
    {
        "id": "7a880006-608e-439c-9839-0f32b9290acf",
        "title": "제발 처음부터 하지마아아아아아ㅐ아악!!!!!!!!!!!!",
        "description": "♥방송 날짜: 2022. 5. 1.♥\n♥생방송은 트위치에서♥\n♥방송시간 및 중요 공지는 트게더에! (아래링크 참조)♥\n(https://tgd.kr/s/geguleee?category=60540644)\n\n트위치 생방송 : https://www.twitch.tv/geguleee \n인스타그램 : @bbo9_me\n틱톡 : @bbo9_me\n광고 문의 : bbogumioffice@gmail.com\n\n#뽀구미 #채팅부검 #채팅",
        "thumbnail": "https://i.ytimg.com/vi/yPM8xURU2Wk/mqdefault.jpg",
        "youtubeVideoId": "yPM8xURU2Wk",
        "uploadedDate": "2022-06-03T05:40:32Z",
        "viewCount": 62228,
        "isCommercial": "False"
    },
    {
        "id": "a702d210-714c-4b4d-b3b3-21c309311429",
        "title": "정신 나갈것 같은 악질 채팅 부검ㅋㅋㅋㅋ",
        "description": "♥방송 날짜: 2022. XX. XX.♥\n♥생방송은 트위치에서♥\n♥방송시간 및 중요 공지는 트게더에! (아래링크 참조)♥\n(https://tgd.kr/s/geguleee?category=60540644)\n\n트위치 생방송 : https://www.twitch.tv/geguleee \n인스타그램 : @bbo9_me\n틱톡 : @bbo9_me\n광고 문의 : biz@treasurehunter.co.kr\n\n#뽀구마 #악질 #채팅부검",
        "thumbnail": "https://i.ytimg.com/vi/HQrSb73vTxI/mqdefault.jpg",
        "youtubeVideoId": "HQrSb73vTxI",
        "uploadedDate": "2022-10-02T04:39:39Z",
        "viewCount": 82463,
        "isCommercial": "False"
    }
]