[
    {
        "id": "42d2239b-8ce0-40d9-9360-df0f8cdf3e05",
        "title": "서류 광탈ㅠㅠㅠㅠ불합격에 멘탈 털리고..😡면접 준비하는 29살 취준생 일상 [VLOG]",
        "description": "𝐈𝐧𝐬𝐭𝐚𝐠𝐫𝐚𝐦 • https://www.instagram.com/somz_zi/\n𝐂𝐨𝐧𝐭𝐚𝐜𝐭 • ds02_28@naver.com \n\n----\n안녕 얘들아 랜선언니 솜찌야!\n서류 탈락하고 합격하고 온탕과 냉탕을 반복중인데,,,\n드디어,,, 면접이 잡혔다!!!!!!!!!!!\n\n어느 취준생의 취준일상\n오늘도 즐감!!!\n\n----\n✨ 𝐓𝐈𝐌𝐄𝐋𝐈𝐍𝐄\n0:00 맛보기 \n0:15 취준 필수템 \n1:10 스카웃 제의? \n1:37 식욕이 없어서요 \n3:13 바쁜 취준생 \n4:26 부산 회사에 안가는 이유 \n5:50 첫 면접 후기...\n8:37 실시간 탈락ㅋㅋㅋ \n9:30 5개의 면접 준비",
        "thumbnail": "https://i.ytimg.com/vi/Y5fevTOrnD4/mqdefault.jpg",
        "youtubeVideoId": "Y5fevTOrnD4",
        "uploadedDate": "2022-11-02T11:14:20Z",
        "viewCount": 4080,
        "isCommercial": "False"
    },
    {
        "id": "b7f5eeef-e6df-4300-906c-a00ac69ee025",
        "title": "배민? CJ ?🔥 첫 서류 제출한 현실적인 29살 취준생 일상... [VLOG]",
        "description": "𝐈𝐧𝐬𝐭𝐚𝐠𝐫𝐚𝐦 • https://www.instagram.com/somz_zi/\n𝐂𝐨𝐧𝐭𝐚𝐜𝐭 • ds02_28@naver.com \n\n----\n\n안녕 얘들아 랜선언니 솜찌야!\n본격적으로 취업 준비!\n\n자소서, 포트폴리오 만들어서 첫 지원하기까지 \n꺄아아아ㅏㅇㄱ\n오늘도 즐감 \n\n----\n✨ 𝐓𝐈𝐌𝐄𝐋𝐈𝐍𝐄\n0:00 맛보기  \n0:18 실연의 아픔 \n2:38 찐자매 캐미 \n4:35 살빠지는 아침루틴 \n5:21 배민? CJ? 지원?\n7:25 서프라이즈 \n9:46 싸움판 \n11:20 첫 지원 파티(합격파티 아님)",
        "thumbnail": "https://i.ytimg.com/vi/mPrp1Ld1pK0/mqdefault.jpg",
        "youtubeVideoId": "mPrp1Ld1pK0",
        "uploadedDate": "2022-10-25T03:32:39Z",
        "viewCount": 5067,
        "isCommercial": "False"
    },
    {
        "id": "083b3332-dbcd-4fe4-bc09-58a2e242cf36",
        "title": "29살, 본격 취준 시작…부터 멘탈 나감🤯(+소소 먹방) [VLOG]",
        "description": "𝐈𝐧𝐬𝐭𝐚𝐠𝐫𝐚𝐦 • https://www.instagram.com/somz_zi/\n𝐂𝐨𝐧𝐭𝐚𝐜𝐭 • ds02_28@naver.com \n\n----\n본 영상은 '황금구렁이'의 유료광고가 포함되어 있습니다. \n\n🔥이벤트, 하나!\n\"황금구렁이 먹고싶은 이유\" 적어서 \n구글폼 제출하면 참여 완료!  \n\n총 5분께 황금구렁이 1박스를 드립니다!\nhttps://forms.gle/uujsPa5k2FZ2aqE79\n\n\n🔥이벤트, 둘!\n구독자 특별 10% 할인 프로모션\n1) 할인코드 : SOMZZI1017\n2) 사용기간 : 10/17(월) ~ 10/23(일)\n3) 구매링크 : https://bit.ly/3VDUzYP\n\n\n----\n✨ 𝐓𝐈𝐌𝐄𝐋𝐈𝐍𝐄\n0:00 맛보기 \n0:15 코스트코 쇼핑\n2:02 가벼워지는 꿀팁 \n3:54 취준생의 현실  \n6:03 소소한 먹방\n7:09 자소서가 뭔가요\n9:03 멘탈 잡는 최고의 방법\n10:03 솔직 심경 \n12:06 이벤트!",
        "thumbnail": "https://i.ytimg.com/vi/JiypcUBL25E/mqdefault.jpg",
        "youtubeVideoId": "JiypcUBL25E",
        "uploadedDate": "2022-10-16T09:26:57Z",
        "viewCount": 12070,
        "isCommercial": "True"
    },
    {
        "id": "cf1bb9df-978c-44e9-a907-d65e5901e9a4",
        "title": "다시, 서울🤭 회사 취업 한다면서? 유튜브는 어쩌고..? 👥👥(웅성웅성)  [VLOG]",
        "description": "𝐈𝐧𝐬𝐭𝐚𝐠𝐫𝐚𝐦 • https://www.instagram.com/somz_zi/\n𝐂𝐨𝐧𝐭𝐚𝐜𝐭 • ds02_28@naver.com \n\n----\n안녕 얘들아 랜선언니 솜찌ㅇ ㅑ!\n\n29살 취업하기로 결심한 그녀...\n앞으로 유튜브는 어떻게 할지, 그래서 취업준비는 뭐 해야하는지?\n서울가서 시장조사(?)하고 온 브이로그^^!\n(소소한 빵투어도 같이...❤️)\n\n오늘도 즐감!\n\n\n----\n✨ 𝐓𝐈𝐌𝐄𝐋𝐈𝐍𝐄\n\n0:00 다시, 서울?\n0:49 29살 신입\n2:04 유튜브 그만\n3:40 서울숲 빵투어 \n4:49 대기업 언니의 조언 \n6:20 브런치 핫플 \n7:16 다시, 부산\n8:31 기쁜 소식 \n9:15 이제야 짐풀기",
        "thumbnail": "https://i.ytimg.com/vi/ADrp25Hb1So/mqdefault.jpg",
        "youtubeVideoId": "ADrp25Hb1So",
        "uploadedDate": "2022-10-08T03:01:31Z",
        "viewCount": 5431,
        "isCommercial": "False"
    },
    {
        "id": "e0f911a6-16f1-4aa1-b224-8c6a69cee451",
        "title": "연휴 때 5끼씩 먹고 이후에 어떻게 관리하냐구요? (+구남친 만남ㅋㅋ) [VLOG]",
        "description": "👉 모로오렌지 리셋주스 바로가기 : https://rb.gy/hc2wlj\n🎁 솜찌X모로오렌지 리셋주스 추가 10% 할인!\n✔ 할인코드 : somzzi (소문자 필수, 회원 한정)\n✔ 할인코드 : ~9/30일까지!! \n\n*본 영상은 퍼스트플러스에이드의 유료광고가 포함되어 있습니다. \n\n—-\n\n𝐈𝐧𝐬𝐭𝐚𝐠𝐫𝐚𝐦 • https://www.instagram.com/somz_zi/\n𝐂𝐨𝐧𝐭𝐚𝐜𝐭 • ds02_28@naver.com \n\n\n안녕 얘들아 랜선언니 솜찌야\n연휴 먹방 그 끝은 어디인가...\n지난 영상에 이어서 아직 추석을 즐기고 있는 솜찌씨,,,\n\n맛있게 먹고 급빠 관리하는 일상까지\n오늘도 즐감!!!!!\n\n\n----\n✨ 𝐓𝐈𝐌𝐄𝐋𝐈𝐍𝐄\n0:00 인트로 \n0:15 정성베이커리 먹방\n1:49 푸라닭 홀릭 \n3:12 살 안찌는 원리 \n4:05 급찐 이후 관리법 \n5:06 구남친 만나러(ㅋㅋ)\n7:06 태화강 피크닉\n8:46 관리하는 먹바아앙  \n10:46 급찐급빠 했을까?\n\n\n#모로오렌지 #급찐급빠 #3일관리",
        "thumbnail": "https://i.ytimg.com/vi/VTzXO6adPxY/mqdefault.jpg",
        "youtubeVideoId": "VTzXO6adPxY",
        "uploadedDate": "2022-09-21T02:30:52Z",
        "viewCount": 20328,
        "isCommercial": "True"
    },
    {
        "id": "141ef6b9-706d-4a7f-8ee0-c3c293db209e",
        "title": "빵순이의 추석 먹방 그 잡채(서울살이 정리?&근황) [VLOG]",
        "description": "𝐈𝐧𝐬𝐭𝐚𝐠𝐫𝐚𝐦 • https://www.instagram.com/somz_zi/\n𝐂𝐨𝐧𝐭𝐚𝐜𝐭 • ds02_28@naver.com \n\n----\n안녕 얘들아 랜선언니 솜찌야\n다들 추석 얼마나 먹었을려나?\n난 소소하게,, 많이 먹었달까 \n\n그럼 오늘도 즐감♡\n\n----\n✨ 𝐓𝐈𝐌𝐄𝐋𝐈𝐍𝐄\n0:00 인트로 \n0:13 장보기로 스타투 \n2:42 환상의 점심\n3:56 본격 먹방\n4:41 할머니집엔 바게뜨\n5:27 그 와중에\n6:10 드디어... '정성베이커리'\n7:46 코리아디저트 설빙 \n8:34 자취방 뺀 이유\n9:03 영상을 못 올린 이유",
        "thumbnail": "https://i.ytimg.com/vi/iWtuHxUqtiI/mqdefault.jpg",
        "youtubeVideoId": "iWtuHxUqtiI",
        "uploadedDate": "2022-09-15T15:46:10Z",
        "viewCount": 5895,
        "isCommercial": "False"
    },
    {
        "id": "b6d114af-1136-4fb7-8e51-b7adf84743cf",
        "title": "서울 자취방 빼고 이사갑니다....그래서 어디로 가는데? [VLOG]",
        "description": "𝐈𝐧𝐬𝐭𝐚𝐠𝐫𝐚𝐦 • https://www.instagram.com/somz_zi/\n𝐂𝐨𝐧𝐭𝐚𝐜𝐭 • ds02_28@naver.com \n\n----\n\n안녕 얘들아 랜선언니 솜찌야 \n여기 이사온지 벌써 6개월이나 됐더라?\n\n벌써 정들어버린 집을 뒤로하고 \n급하게 이사를 가게 됐어ㅠ_ㅠ엉엉 \n자취방 이사 준비하고 동네와 이별하는 브이로그....\n즐..감!!!!\n\n\n----\n✨ 𝐓𝐈𝐌𝐄𝐋𝐈𝐍𝐄\n0:00 인트로\n0:17 이사가게 된 이유?\n1:24 틈틈히 운동\n2:18 이삿날 D-1\n3:26 수영실력 공개 \n4:38 후회 되는 것 \n6:07 마지막 불타는 밤\n8:44 D-DAY\n9:51 자취방을 떠나며",
        "thumbnail": "https://i.ytimg.com/vi/UsM2b3w6oQ4/mqdefault.jpg",
        "youtubeVideoId": "UsM2b3w6oQ4",
        "uploadedDate": "2022-09-14T14:23:28Z",
        "viewCount": 3724,
        "isCommercial": "False"
    },
    {
        "id": "d99eedbf-463f-4e26-9672-940d671028c8",
        "title": "여름 휴가는 집 입니다만 [VLOG]",
        "description": "𝐈𝐧𝐬𝐭𝐚𝐠𝐫𝐚𝐦 • https://www.instagram.com/somz_zi/\n𝐂𝐨𝐧𝐭𝐚𝐜𝐭 • ds02_28@naver.com \n\n----\n*본 영상은 문화체육관광부와 국민체육진흥공단의 후원으로 제작되었습니다. \n\n(사)대한민국댄스스포츠연맹에서 여성 체육활동 지원사업 일환으로,  \n브레이킹 활성화를 위해 트레이닝 영상을 제작했어! \n\n여성 체육활동 지원사업이란?\n임신, 출산, 육아기, 갱년기 등 다양한 시기의 여성들에게 생활체육 참여 기회를 \n제공하면서 건강한 가정과 사회를 만들고자 하는 대한체육회 사업이야!\n\n더 많은 영상은 (사)대한민국댄스스포츠연맹 공식 유튜브채널과 인스타그램에서 확인 가능해!\n브래이킹 숏츠 찍어봐도 재밋겠는데..! 나보다 잘 추는사람 어디 없나(?) \n👉 https://www.youtube.com/channel/UC4FUZnD0udfW8B5MybLKx0w/featured\n\n----\n✨ 𝐓𝐈𝐌𝐄𝐋𝐈𝐍𝐄\n0:00 인트로 \n0:12 본가로 가요\n0:46 더위탈출 먹방 \n2:06 더위탈출 댄스 \n4:11 New 운동\n5:30 디톡스 스무디 만들기 \n8:23 헬씨\n\n스무디 레시피: https://url.kr/jxc27e",
        "thumbnail": "https://i.ytimg.com/vi/-qYxnrKKhSo/mqdefault.jpg",
        "youtubeVideoId": "-qYxnrKKhSo",
        "uploadedDate": "2022-08-24T12:44:44Z",
        "viewCount": 6166,
        "isCommercial": "True"
    },
    {
        "id": "efc12026-8bea-416d-a2fb-6e464a7999a0",
        "title": "두달만에 몸무게 재봤는데 [VLOG]",
        "description": "𝐈𝐧𝐬𝐭𝐚𝐠𝐫𝐚𝐦 • https://www.instagram.com/somz_zi/\n𝐂𝐨𝐧𝐭𝐚𝐜𝐭 • ds02_28@naver.com\n\n----\n\n안녕 얘들아 랜선언니 솜찌야 \n오늘은~~~ 새로운 식단 만들어 먹고 \n냠냠냠,, 운동도하는 바프 준비 일상이야 \n오늘도 즐감! \n\n----\n✨ 𝐓𝐈𝐌𝐄𝐋𝐈𝐍𝐄\n0:00 인트로 \n0:14 이연복쉡 존맛 레시피\n3:13 -20kg 감량?\n4:23 비쥬얼 김밥 \n6:35 외식 메뉴\n8:12 몸무게공개\n9:38 간식? 술안주?",
        "thumbnail": "https://i.ytimg.com/vi/zikcAsjXJqU/mqdefault.jpg",
        "youtubeVideoId": "zikcAsjXJqU",
        "uploadedDate": "2022-08-06T05:34:54Z",
        "viewCount": 5835,
        "isCommercial": "False"
    },
    {
        "id": "b14fec3b-37ac-4a48-bc0a-9915637308ff",
        "title": "구남친 만나고〰 애플워치 깨지고〰 우당탕탕 솜찌솜일상 [VLOG]",
        "description": "𝐈𝐧𝐬𝐭𝐚𝐠𝐫𝐚𝐦 • https://www.instagram.com/somz_zi/\n𝐂𝐨𝐧𝐭𝐚𝐜𝐭 • ds02_28@naver.com \n\n----\n\n안녕 얘들아 랜선언니 솜찌야\n애플워치 깨지고,,,(우당탕탕)\n전남친 만나고(?)ㅋㅋㅋㅋㅋㅋㅋㅋ더 우당탕탕\n재미나게~~~놀아보는 일상! \n\n오늘도 즐감!!!!!\n\n----\n✨ 𝐓𝐈𝐌𝐄𝐋𝐈𝐍𝐄\n0:00 인트로\n0:14 애플워치 깨진썰 \n1:29 수영 근황\n2:53 구남친 재회\n4:52 애플워치 떠나보내며 \n7:40 헬스를 못놓는 이유\n9:05 한끗 차이로 예뻐지기\n10:13 강철체력 비결",
        "thumbnail": "https://i.ytimg.com/vi/xYUg4PRM42g/mqdefault.jpg",
        "youtubeVideoId": "xYUg4PRM42g",
        "uploadedDate": "2022-07-19T06:58:52Z",
        "viewCount": 4594,
        "isCommercial": "False"
    },
    {
        "id": "c5424afd-c08c-499c-9fec-d6553ff8604e",
        "title": "VLOG💟 어디서 빵냄새 술냄새 안나요? 🥯🍰🍺 다이어트만 빼고 다~ 해버렷!",
        "description": "𝐈𝐧𝐬𝐭𝐚𝐠𝐫𝐚𝐦 • https://www.instagram.com/somz_zi/\n𝐂𝐨𝐧𝐭𝐚𝐜𝐭 • ds02_28@naver.com \n\n----\n안녕 얘들아 랜선언니 솜찌야!\n성수동가서  빵투어X술먹방 하고  \n글쓰기 수업듣고 수영도하는 소소한 일상이야\n오늘도 즐감!\n\n----\n✨옷 정보\n청 원피스 \nhttps://s.zigzag.kr/LV7ua8uzZO?af=1\n\n아이보리 롱부츠 \nhttps://s.zigzag.kr/GU5EqLuSfm?af=1\n\n아이보리 꽈배기 U넥 니트 \nhttps://s.zigzag.kr/QWx2rodAgQ?af=1\n\n블랙 하프 슬랙스 \nhttps://s.zigzag.kr/xlkjhu3BPK?af=1\n\n아이보리 원피스 \nhttps://s.zigzag.kr/6DSYGqJUa4?af=1\n\n*위 링크는 지그재그 활동을 통해 소정의 수수료를 제공받을 수 있습니다.\n\n\n✨ 𝐓𝐈𝐌𝐄𝐋𝐈𝐍𝐄\n0:00 인트로 \n0:17 성수동 빵투어\n1:21 중식엔 술이야\n2:20 디저트까지가 한끼 \n4:03 쇼핑 하울✨\n5:11 마지막 글쓰기 수업\n6:22 마켓컬리 하울\n7:42 웨이트 레벨업(?)\n8:43 로제 순두부 그라탕\n10:30 오일 파스텔 수업 \n12:43 수영 근황\n\n\n*본 영상은 '부산정보산업진흥원'의 편집자 지원사업에 선정되어 제작되었습니다. \n(영상 제작지원은 아니며, 편집자 인건비 단순 지원입니다.)",
        "thumbnail": "https://i.ytimg.com/vi/VzijmPeomrM/mqdefault.jpg",
        "youtubeVideoId": "VzijmPeomrM",
        "uploadedDate": "2022-06-09T04:01:44Z",
        "viewCount": 2791,
        "isCommercial": "False"
    },
    {
        "id": "33446aad-65f5-4392-8b41-14e970ada53f",
        "title": "VLOG💟노는것도 자기계발도 다 잘하고 싶어💬(망원동 핫플/경제공부 tip/NFT)",
        "description": "➰𝐈𝐧𝐬𝐭𝐚𝐠𝐫𝐚𝐦 • https://www.instagram.com/somz_zi/\n𝐂𝐨𝐧𝐭𝐚𝐜𝐭 • ds02_28@naver.com \n\n----\n안녕 얘들아 랜선언니 솜찌야!\n\n망원동 핫플 뿌스고 몰래 하고있는 공부\n\n\n------\n\n✨ 𝐓𝐈𝐌𝐄𝐋𝐈𝐍𝐄\n0:00 인트로 \n0:16 망원동 쿠키집\n1:11 망원 핫플투어 \n2:01 글쓰기수업  \n2:29 NFT 민팅\n3:37 어깨&등 웨이트 루틴\n4:38 다이어트 유튜바 모임🍩🎂 \n6:16 수린이 드디어!!!!!\n6:56 초간단 그릭요거트 만들기 \n7:29 줄서도 못먹는 디저트 먹방\n8:57 경제공부 TIP\n11:34 양식 먹방🕶\n12:55 아침 수영 근황토크\n\n\n✨옷 정보\n➰4:38 dailylook1 \n베이지 상의 - 쉬인(아래 영상에 자세히 나와있어용!)\nhttps://youtu.be/1Xtdh7Xu4aQ  \n\n하이웨스트 청바지  \nhttps://s.zigzag.kr/5nr6ZQhPWu?af=1\n\n체크 아우터 - 프롬비기닝 4년전 구매(ㅜㅜ)\n\n➰11:59 dailylook2 \n흰색 시스루 상의 - 쉬인(아래 영상에 자세히 나와있어용!)\nhttps://youtu.be/1Xtdh7Xu4aQ  \n\n핑크 하이웨스트 핀턱 면바지\nhttps://s.zigzag.kr/HLgZyf4pNt?af=1\n\n트렌치코트 - 오래전 구매 정보X \n\n*위 링크는 지그재그 활동을 통해 소정의 수수료를 제공받을 수 있습니다.\n\n\n✨초간단 그릭요거트 만드는 tip!\n1. 서울우유 요거트 한통을 면포 위에 붓는다\n2. 면포를 감싸고 유청을 거른다(6시간~24시간, 꾸덕함 정도에 따라 시간 조절)\n3. 끝!\n\n➰그릭요거트 \nhttps://link.coupang.com/a/o35qR\n\n*위 링크는 쿠팡 파트너스 활동을 통해 소정의 수수료를 제공받을 수 있습니다.",
        "thumbnail": "https://i.ytimg.com/vi/7w5xZ_Oxk-8/mqdefault.jpg",
        "youtubeVideoId": "7w5xZ_Oxk-8",
        "uploadedDate": "2022-06-09T02:28:41Z",
        "viewCount": 3328,
        "isCommercial": "False"
    },
    {
        "id": "45d63e58-2baa-4647-a8ed-d21e4f77cfdc",
        "title": "운동 3시간씩 하면서 시간 관리 어떻게 하냐구요? 음... 요런거 하는데(!) [VLOG]",
        "description": "𝐈𝐧𝐬𝐭𝐚𝐠𝐫𝐚𝐦 • https://www.instagram.com/somz_zi/\n𝐂𝐨𝐧𝐭𝐚𝐜𝐭 • ds02_28@naver.com \n\n-----\n안녕 얘들아 랜선언니 솜찌야!\n아침에 수영을 시작하면서 아침 저녁으로 운동중인데\n어떻게 시간 관리하냐는 질문이 꽤 있어서 \n몇년간 시간관리 했던 방법들 한번 찍어봤어!\n\n오늘도 즐감!~~~~~~~~\n\n------\n\n✨ 𝐓𝐈𝐌𝐄𝐋𝐈𝐍𝐄\n0:00 인트로\n0:14 하루가 48시간이 되는 시간관리법\n1:57 오늘 뭐 입지?\n2:36 술 먹방? 고기 먹방(!)\n5:11 수린이 수영 근황 \n6:43 헬스장 NEW 등루틴\n8:22 구체적인 시간 관리 TIP\n\n\n#시간관리 #바인더",
        "thumbnail": "https://i.ytimg.com/vi/t1ayv08wEBQ/mqdefault.jpg",
        "youtubeVideoId": "t1ayv08wEBQ",
        "uploadedDate": "2022-06-05T23:37:27Z",
        "viewCount": 4317,
        "isCommercial": "False"
    },
    {
        "id": "08a55d8b-bfee-47e2-92e6-352b5e66ba4e",
        "title": "하루종일 바다랑 함께..🌊🌊 숨겨진 real 부산 명소 걸어봤는데요(&소소 먹방) [VLOG]",
        "description": "𝐈𝐧𝐬𝐭𝐚𝐠𝐫𝐚𝐦 • https://www.instagram.com/somz_zi/\n𝐂𝐨𝐧𝐭𝐚𝐜𝐭 • ds02_28@naver.com \n\n---\n*본 영상은 '한국관광공사'의 지원을 받아 제작되었습니다.\n*참가자들의 촬영 협조를 구하고 촬영하였습니다. \n\n\n안녕 얘들아 랜선언니 솜찌야!\n2022 코리아 둘레길 남파랑길 원정대에 참석해서 \n1박 2일동안 부산의 남파랑길 2코스 걷기하고 왔지롱~.~\n\n두루누비 어플의 따라가기 기능을 사용하면 \n코스 이탈하지 않고 걸을 수 있어! 아름다운 둘레길 한번 걸어보는건 어때! \n\n두루누비 홈페이지 : https://www.durunubi.kr/\n\n\n------\n\n✨ 𝐓𝐈𝐌𝐄𝐋𝐈𝐍𝐄\n0:00 인트로 \n0:15 설레는 부산역 \n1:10 코리아 둘레길 발대식 \n2:15 돼지국밥 먹방  \n2:56 이웃집(?) 남자 만났습니다\n3:42 걷기라 읽고 등산이라 쓴다 \n5:21 부산 숨은 명소 \n6:37 숙소 룸투어 \n7:05 남포동 저녁 먹방  \n8:50 아침 냠냠 \n\n\n#코리아둘레길 #남파랑길원정대",
        "thumbnail": "https://i.ytimg.com/vi/vf-bUpEyc3g/mqdefault.jpg",
        "youtubeVideoId": "vf-bUpEyc3g",
        "uploadedDate": "2022-06-02T02:21:18Z",
        "viewCount": 5781,
        "isCommercial": "True"
    },
    {
        "id": "2154c86b-1f8d-4a61-b3b4-a438c6f66268",
        "title": "🔥헬스 3년차 애플힙이 생기고 있써...!?🔥 바꾼 운동 루틴과 식단들(+청계산 등산) [VLOG]",
        "description": "𝐈𝐧𝐬𝐭𝐚𝐠𝐫𝐚𝐦 • https://www.instagram.com/somz_zi/\n𝐂𝐨𝐧𝐭𝐚𝐜𝐭 • ds02_28@naver.com \n\n---\n안녕 얘들아 랜선언니 솜찌야\n청계산 등산가고, 하체 운동 루틴도 바꿔보고 \n다이어트템 차곡차곡 쌓아가는 일상들\n오늘도 즐감!\n\n------\n\n✨ 𝐓𝐈𝐌𝐄𝐋𝐈𝐍𝐄\n0:00 인트로 \n0:17 청계산 등산\n1:58 정상 맛보기\n2:59 한식 먹방\n3:55 힙업 루틴\n6:48 운동의 순기능\n7:13 일에 대한 생각\n8:26 존맛 식단\n11:24 다이어트 장보기\n12:45 새벽 수영\n13:07 옷 쇼핑\n\n——\n\n➰샐러드 믹스 1kg\nhttps://link.coupang.com/a/nQW45\n\n*위 링크는 쿠팡 파트너스 활동을 통해 소정의 수수료를 제공받을 수 있습니다.\n\n\n\n➰회색 츄리닝\nhttps://s.zigzag.kr/poY73kXzUo?af=1\n\n➰라임 기본 티셔츠\nhttps://s.zigzag.kr/jjYzTpo6UT?af=1\n\n➰흰색 바람막이 \nhttps://s.zigzag.kr/VkOLfGU1Le?af=1\n\n*위 링크는 지그재그 활동을 통해 소정의 수수료를 제공받을 수 있습니다.",
        "thumbnail": "https://i.ytimg.com/vi/fgjB3rVRwE8/mqdefault.jpg",
        "youtubeVideoId": "fgjB3rVRwE8",
        "uploadedDate": "2022-05-26T03:07:48Z",
        "viewCount": 4211,
        "isCommercial": "False"
    },
    {
        "id": "a2e2a9fb-34ef-45f8-bc7b-78efe1b16d28",
        "title": "무기력하기 싫어서 시작한 것들🌊 새벽 6시 강제 미라클모닝하며 갓생살이  [VLOG]",
        "description": "𝐈𝐧𝐬𝐭𝐚𝐠𝐫𝐚𝐦 • https://www.instagram.com/somz_zi/\n𝐂𝐨𝐧𝐭𝐚𝐜𝐭 • ds02_28@naver.com \n\n\n안녕 얘들아 랜선언니 솜찌야 \n어쩌다보니 미라클 모닝 시작하게된 \n강제로 갓생사는(?)ㅋㅋㅋㅋㅋ일상이야 \n\n이번주는 특히 새롭게 배우게 된 것들이 많은데 \n꾸준히해서 일상의 루틴 잘 만들어 가 볼 예정!\n헤헷 오늘도 즐감  \n\n\n——\n\n✨ 청 데님 원피스\nhttps://s.zigzag.kr/LV7ua8uzZO?af=1\n\n\n*위 링크는 지그재그 활동을 통해 소정의 수수료를 제공받을 수 있습니다.\n\n——\n\n✨ 𝐓𝐈𝐌𝐄𝐋𝐈𝐍𝐄\n0:00 인트로 \n0:17 글쓰기수업 등록\n2:05 꽃 받았습니다 \n2:42 마켓컬리 잇템 \n3:52 강제 갓생 살기\n4:08 지옥의 양배추롤 \n7:08 하체 웨이트\n8:06 인맥에 대해 \n9:03 명품 소비\n9:40 겟레디윗미 \n11:18 수영 1일차 \n12:36 어깨 웨이트\n13:04 강제 미라클모닝 \n13:25 눈 건강 필수템 \n13:59 심상치 않은 눈바디 \n\n\n#갓생 #미라클모닝 #무기력극복",
        "thumbnail": "https://i.ytimg.com/vi/C3Wmeyr9vXo/mqdefault.jpg",
        "youtubeVideoId": "C3Wmeyr9vXo",
        "uploadedDate": "2022-05-16T06:44:51Z",
        "viewCount": 6366,
        "isCommercial": "False"
    },
    {
        "id": "ac6949b4-9bff-42fc-9252-8817f7ef0f43",
        "title": "본가가면 원래 많이 먹는지..?🏠 헬스장가서 디저트 받아오는 먹방일상(+경주여행)  [VLOG]",
        "description": "𝐈𝐧𝐬𝐭𝐚𝐠𝐫𝐚𝐦 • https://www.instagram.com/somz_zi/\n𝐂𝐨𝐧𝐭𝐚𝐜𝐭 • ds02_28@naver.com \n\n---\n안녕 얘들아 랜선언니 솜찌야 \n서울 올라와서 처음으로 본가 내려가봤는데\n감회가 새롭.... 방도 낯설구... 그르네\n\n잠깐의 본가지만 경주 여행도 다녀오고\n알차게 먹고 틈틈히 운동도 하는..\n\n무엇보다 2년간 타던 자동차 떠나보내며 슬퍼하는ㅠㅎㅎ\n꽉 채운 본가 일상이야 오늘도 즐감! \n\n---\n✨ 𝐓𝐈𝐌𝐄𝐋𝐈𝐍𝐄\n0:00 인트로\n0:15 본가행🏠\n0:25 샤브샤브 먹방\n1:56 자취생 근황토크 \n2:38  우리집은?\n4:30 자동차....고장 \n6:38 헬스장과 케이크\n7:27 디저트 먹방\n8:15 경주 여행\n10:26 파국의 달고나\n12:06 웨이트 \n12:48 마지막 차\n\n \n#본가일상 #먹방브이로그 #경주여행",
        "thumbnail": "https://i.ytimg.com/vi/6FbCqz62o_k/mqdefault.jpg",
        "youtubeVideoId": "6FbCqz62o_k",
        "uploadedDate": "2022-05-09T01:17:47Z",
        "viewCount": 9845,
        "isCommercial": "False"
    },
    {
        "id": "b7ffe896-27c2-402b-8bb3-1f65b751f8b1",
        "title": "인스타 핫플로 유명한 호캉스가...10만원대?🥂 가성비갑 부산 해운대 호텔 다녀옴 [VLOG]",
        "description": "𝐈𝐧𝐬𝐭𝐚𝐠𝐫𝐚𝐦 • https://www.instagram.com/somz_zi/\n𝐂𝐨𝐧𝐭𝐚𝐜𝐭 • ds02_28@naver.com \n\n---\n\n*본 영상은 '해운대 센트럴호텔' 단순 협찬을 받아 제작되었습니다. \n\n안녕 얘들아 랜선언니 솜찌야 \n최근에 다이어트 쬐~끔 하면서 3kg 감량했거든\n그런 기념으로 수영복입고 해운대 호캉스 다녀왔다아아 \n\n그나저나... 수영 배워야겠고요!\n오늘도 즐감! \n\n\n\n#해운대센트럴호텔 #부산호텔 #오션뷰",
        "thumbnail": "https://i.ytimg.com/vi/MT7-0kuYqjw/mqdefault.jpg",
        "youtubeVideoId": "MT7-0kuYqjw",
        "uploadedDate": "2022-05-06T04:36:51Z",
        "viewCount": 5162,
        "isCommercial": "False"
    },
    {
        "id": "e5479196-3e80-4e82-bbd0-c3751392a9bf",
        "title": "그래서 서울 살면 뭐가 다른데..😳 서울에서 새롭게 시도한(!) 일상들 [VLOG]",
        "description": "𝐈𝐧𝐬𝐭𝐚𝐠𝐫𝐚𝐦 • https://www.instagram.com/somz_zi/\n𝐂𝐨𝐧𝐭𝐚𝐜𝐭 • ds02_28@naver.com \n\n---\n*본 영상은 '홈핏'의 유료광고가 포함되어 있습니다 \n\n\n🏖EVENT.1\n홈핏에서 한 번 들어보고 싶은 수업 또는 응원의 댓글 남겨주면 참여 완료!\n추첨을 통해 총 10명에게 '홈핏 무료 체험 쿠폰 1회'를 드립니다아아아\n\n-참여 기간: 2022.04.29 - 2022.05.01 (3일간)\n-당첨자 발표: 2022.05.02 (채널 커뮤니티에 공지)\n\n*사용 관련 안내 사항\n- 본 쿠폰은 홈핏 전 프로그램 체험에 사용할 수 있습니다. (홈핏 운동, 요가명상, 미술, 음악)\n- 홈핏 홈페이지  '우리동네 전문가 찾기' 를 통해 수업 가능 여부를 미리 확인할 수 있습니다. 수업 가능 여부 확인 후 이벤트에 응모해주시면 당첨 시 보다 빠르게 전문가 매칭이 가능합니다.\n- 당첨자에게는 문자로 무료 쿠폰 번호가 발송됩니다.\n- 방문 트레이닝 서비스 특성 상 지역에 따라 이용 가능한 프로그램이 다를 수 있습니다\n\n🏖   EVENT.2\n솜찌X홈핏 구독자 전원 혜택 이벤트\n\n1) 홈핏 첫 체험 5,000원 할인\n- 아래 링크를 통해 홈핏 회원가입 시 체험 수업 5,000원 할인쿠폰 자동 발급 (무기한)\n- 할인 링크 : https://bit.ly/3Ljco9R\n\n2) 홈핏 정규 수업 10% 할인\n- 홈핏 정규 수업 신청 시 결제 페이지에서 [ 쿠폰번호 : somzzi ] 등록 시 정규 수업 10% 할인\n- 사용기한 : ~2022.05.31 까지\n- 상기 체험 수업 할인 혜택과 동시 적용 불가능\n\n\n---\n\n✨ 𝐓𝐈𝐌𝐄𝐋𝐈𝐍𝐄\n0:00 인트로\n0:19 신상옷 하울\n2:34 자취 꿀템\n3:50 헬스 뿌셔 \n4:17 필라테스 \n6:17 체형 분석 \n6:55 애플힙 만들기\n8:02 1:1코칭 후기 \n8:32 데일리룩\n8:58 합정 나들이\n9:46 서울 초보의 실수 \n10:14 비건 맛집 \n11:26 동양화 수업\n13:43 ★완성★\n\n\n------\n\n스마트조명 \nhttps://link.coupang.com/a/mpdhs\n\n*위 링크는 쿠팡 파트너스 활동을 통해 소정의 수수료를 제공받을 수 있습니다.\n\n\n아이보리 루즈핏 자켓\nhttps://s.zigzag.kr/LsXygoPGtl?af=1\n\n노랑색 티셔츠 \nhttps://s.zigzag.kr/ldVNZDlZjO?af=1\n\n청 데님 원피스\nhttps://s.zigzag.kr/LV7ua8uzZO?af=1\n\n포켓 와이드데님 청바지\nhttps://s.zigzag.kr/5nr6ZQhPWu?af=1\n\n*위 링크는 지그재그 활동을 통해 소정의 수수료를 제공받을 수 있습니다.\n\n\n\n젝시믹스 크롭탑 에쉬\nhttps://url.kr/w9nb2x\n\n블랙라벨시그니처 300n 다크쉐도우S 스톰그레이S\nhttps://url.kr/spilfa\n\n화이트 셔링 탑\nhttps://url.kr/\n\n레드 탑 \nhttps://url.kr/tv8qm3\n\n\n #홈핏 #집에서운동 #취미생활",
        "thumbnail": "https://i.ytimg.com/vi/EbWWR8pNwd0/mqdefault.jpg",
        "youtubeVideoId": "EbWWR8pNwd0",
        "uploadedDate": "2022-04-28T09:59:11Z",
        "viewCount": 15541,
        "isCommercial": "True"
    },
    {
        "id": "033ad068-5cb4-4e19-8411-905323a6e5d5",
        "title": "20대 프리랜서 강사👩‍❤‍👨수강생과 사귄 적 있냐구요?(헤헿) ｜ 강사썰 2탄",
        "description": "𝐈𝐧𝐬𝐭𝐚𝐠𝐫𝐚𝐦 • https://www.instagram.com/somz_zi/\n𝐂𝐨𝐧𝐭𝐚𝐜𝐭 • ds02_28@naver.com \n\n⎽⎽⎽\n\n안녕 얘들아 랜선언니 솜찌야 \n프리랜서 강사로 일 할때 썰 2탄\n강의하다...수강생과.... 사귄 적 있는지? \n썰 풀어봤어 헤헿 오늘도 즐감 ♡\n⎽⎽⎽\n\n0:00 인트로\n0:10 2시간 일하는 프리랜서의 현실(?)\n2:15 강의를 그만둔 결정적 이유 \n3:22 강의하다 썸탄적?\n5:40 최근 겪은 놀라운 일 \n6:14 25살에 강의를 할 수 있었던 이유",
        "thumbnail": "https://i.ytimg.com/vi/GEziVlGY-H8/mqdefault.jpg",
        "youtubeVideoId": "GEziVlGY-H8",
        "uploadedDate": "2022-04-26T12:11:12Z",
        "viewCount": 5897,
        "isCommercial": "False"
    },
    {
        "id": "0d109002-e981-4907-a637-3fb9a61dc10b",
        "title": "침대 못 놓는 서울 6평대 원룸(!)🏠 찐~하게 랜선 룸투어 해드립니다 [VLOG]",
        "description": "𝐈𝐧𝐬𝐭𝐚𝐠𝐫𝐚𝐦 • https://www.instagram.com/somz_zi/\n𝐂𝐨𝐧𝐭𝐚𝐜𝐭 • ds02_28@naver.com \n\n⎽⎽⎽\n\n안녕 얘들아 랜선언니 솜찌야 \n드디어....이삿날!\n\n우여곡절끝에 집 구하고 \n하이텐션으로 랜선집들이 준비해봤습니다^.^\n오늘도 즐감 ♡\n\n⎽⎽⎽\n\n🍎보부상 가방 \nhttps://s.zigzag.kr/SxADKLowH1?af=1\n\n위 링크는 지그재그 활동을 통해 소정의 수수료를 제공받을 수 있습니다.\n\n⎽⎽⎽\n\n✨ 𝐓𝐈𝐌𝐄𝐋𝐈𝐍𝐄\n0:00 인트로\n0:16 이사 D-DAY\n2:00 본격 짐정리\n3:20 빵먹방 \n5:00 난관 봉착\n5:33 다시 빵먹방(ㅋㅋ)\n6:31 ★찐하게 룸투어★\n12:06 중국집 먹방\n12:56 헬스장 구하는 TIP\n13:51 마트 장보기\n15:14 침대 대신 XXX\n16:16 가방 하울\n16:58  매트리스 솔직 후기",
        "thumbnail": "https://i.ytimg.com/vi/esHEKwKzChY/mqdefault.jpg",
        "youtubeVideoId": "esHEKwKzChY",
        "uploadedDate": "2022-04-25T00:28:18Z",
        "viewCount": 9591,
        "isCommercial": "False"
    },
    {
        "id": "5f13529c-6b6f-46cf-a24d-1effcabfefff",
        "title": "20대가 서울에서 살 수 있는 현실적인 원룸...구하기🏠 탈강남하고 방 계약하기까지  [VLOG]",
        "description": "𝐈𝐧𝐬𝐭𝐚𝐠𝐫𝐚𝐦 • https://www.instagram.com/somz_zi/\n𝐂𝐨𝐧𝐭𝐚𝐜𝐭 • ds02_28@naver.com \n⎽⎽⎽\n\n안녕 얘들아 랜선언니 솜찌야 \n발등에 불 떨어져서 급하게 방구하기 시작!^^\n\n이틀간 발품 팔고, 중개사분도 잘 만나서\n무사히 방은 구했는데...이사 잘 갈 수 있겠쮜?\n오늘도 즐감 ♡\n\n⎽⎽⎽\n\n🍰그레이빛 흑청 스키니 \nhttps://s.zigzag.kr/YjrRCpEtVl?af=1\n\n🍰연청 스키니 \nhttps://s.zigzag.kr/kPskurGM0C?af=1\n\n🍰브라운 운동복탑 \nhttps://s.zigzag.kr/kTdLfewsGs?af=1\n\n위 링크는 지그재그 활동을 통해 소정의 수수료를 제공받을 수 있습니다.\n⎽⎽⎽\n\n✨ 𝐓𝐈𝐌𝐄𝐋𝐈𝐍𝐄\n0:00 인트로 \n0:12 어디에 살것인가 \n1:27 나만 궁금해?\n2:11 발품팔기\n2:56 현실 원룸\n3:55 끼니 챙겨\n5:01 이사 준비\n5:49 존맛 샐러드\n7:52 바지 맛집\n8:56 미니멀라이프 \n11:01 짐싸기 만렙 \n11:26 마지막 밤 \n13:52 이사날",
        "thumbnail": "https://i.ytimg.com/vi/_OPzIM9pkWc/mqdefault.jpg",
        "youtubeVideoId": "_OPzIM9pkWc",
        "uploadedDate": "2022-04-19T09:10:16Z",
        "viewCount": 9395,
        "isCommercial": "False"
    },
    {
        "id": "e8568b5f-bba8-4c73-a406-e2502d1bcf58",
        "title": "생일인데 친구 없어?👥👥웅성웅성... 끝까지 혼자 보내는 생일 보러오실분(+언박싱)..👥👥[VLOG]",
        "description": "𝐈𝐧𝐬𝐭𝐚𝐠𝐫𝐚𝐦 • https://www.instagram.com/somz_zi/\n𝐂𝐨𝐧𝐭𝐚𝐜𝐭 • ds02_28@naver.com \n\n⎽⎽⎽\n\n안녕 얘들아 랜선언니 솜찌야 \n생일인데 허허헣.... 어쩌다보니 혼자 보내는 생일 \n본가에서 보내준 택배에 또 눈물버튼 살짝...쿵 할뻔하구 \n혼자지만 알차게 보냈던 생일주간이야\n오늘도 즐감 ♡\n\n⎽⎽⎽\n\n✨ 𝐓𝐈𝐌𝐄𝐋𝐈𝐍𝐄\n0:00 인트로\n0:15 의문의 택배\n2:07 정성베이커리 \n3:21 혼밥 미역국\n4:00 생일선물 언박싱 \n5:06 선물 트렌드  \n5:36 생일선물 언박싱2\n8:12 생필품 템\n9:32 스시x베스킨 먹방 \n10:48 크로스핏 죽일놈\n12:03 제 이야기좀 들어주세요 \n14:30 이사 계획 \n15:10 심각한 일기",
        "thumbnail": "https://i.ytimg.com/vi/2Xb7JzEOJSg/mqdefault.jpg",
        "youtubeVideoId": "2Xb7JzEOJSg",
        "uploadedDate": "2022-04-12T00:45:51Z",
        "viewCount": 10308,
        "isCommercial": "False"
    },
    {
        "id": "b8f66278-83e1-4be4-b898-f0bc64d82f91",
        "title": "서울살이 쉽지않네‼️다이소&꽃시장 털면서 우당탕 집꾸미기🏠 [VLOG]",
        "description": "𝐈𝐧𝐬𝐭𝐚𝐠𝐫𝐚𝐦 • https://www.instagram.com/somz_zi/\n𝐂𝐨𝐧𝐭𝐚𝐜𝐭 • ds02_28@naver.com \n⎽⎽⎽\n\n안녕 얘들아 랜선언니 솜찌야 \n본격 자취시작하는데... 부족한게 왜이렇게 많아?\n\n혼자 산다는 이유로 대충하는게 늘어나길래 \n나를 대접해주면서 살자고 다짐하며\n집도 다시 꾸미고, 새 식물도 맞이하는 일상이야 \n오늘도 즐감 ♡\n\n⎽⎽⎽\n\n✨ 𝐓𝐈𝐌𝐄𝐋𝐈𝐍𝐄\n0:00 인트로\n0:18 심쿵사 \n1:06 눈물 어택\n1:58 향후 계획\n3:41 웨이팅 맛집(?)\n4:51 강남 디저트 대기업\n5:52 모닝루틴\n6:45 팔뚝살 빼는 TIP\n7:31 자취 공감 토크\n9:53 동안 피부 비결\n11:12 잠봉뵈르 먹방\n12:39  고터 쇼핑\n13:18 최대규모 다이소\n14:00 고터 꽃시장\n15:22 자취 실수\n16:24 쇼핑 하울\n18:33 new식물들",
        "thumbnail": "https://i.ytimg.com/vi/UhqmdZkMP5w/mqdefault.jpg",
        "youtubeVideoId": "UhqmdZkMP5w",
        "uploadedDate": "2022-04-07T00:14:23Z",
        "viewCount": 4365,
        "isCommercial": "False"
    },
    {
        "id": "4312f7c3-639a-47fc-9a46-f609f1304169",
        "title": "서울빵...너 뭐 돼?🤢 성수동 유명 빵집 코스로 털고 뭐 되는지 먹어봄✨ [VLOG]",
        "description": "𝐈𝐧𝐬𝐭𝐚𝐠𝐫𝐚𝐦 • https://www.instagram.com/somz_zi/\n𝐂𝐨𝐧𝐭𝐚𝐜𝐭 • ds02_28@naver.com \n\n⎽⎽⎽\n\n안녕 얘들아 랜선언니 솜찌야 \n서울 투어 그 첫번째(!) 성수동 빵집 털고왔지롱\n평소에 안먹던 잠봉뵈르같은 거친빵도 사보고,,,\n소금빵 찐맛집도 발견한 성수 빵투어 브이로그 \n오늘도 즐감 ♡\n\n⎽⎽⎽\n\n✨ 𝐓𝐈𝐌𝐄𝐋𝐈𝐍𝐄\n0:00 인트로\n0:15 빵집투어 계획\n2:03 잠봉뵈르 맛집\n3:01 빵에 진심인 빵집\n3:52 소금빵 NO.1라고?\n4:51 솜찌투어 코스 \n5:03 점심 먹방 \n6:16 문구인의 성지\n8:33 커피 맛집\n9:12 먹방타임 \n11:16 빵 너 뭐 돼?\n12:38 대망의 하이라이트\n\n\n⎽⎽⎽\n\n✨ 정보 \n상의 검정 볼레로 \nhttps://s.zigzag.kr/BuvwQVSBQW?af=1\n\n하의 롱스커트\nhttps://s.zigzag.kr/TBNOmRNJoY?af=1\n\n위 링크는 지그재그 활동을 통해 소정의 수수료를 제공받을 수 있습니다.\n\n⎽⎽⎽\n\n헤어젤 \n어반트라이브 06.6 리퀴드 글레이즈",
        "thumbnail": "https://i.ytimg.com/vi/14xSNCaXai8/mqdefault.jpg",
        "youtubeVideoId": "14xSNCaXai8",
        "uploadedDate": "2022-04-04T00:15:24Z",
        "viewCount": 7481,
        "isCommercial": "False"
    },
    {
        "id": "3ee8f35f-dc17-422f-a4d8-6123d502c9fa",
        "title": "시골쥐 서울 상경해 처음 놀러간 곳이..🥐🍧🍰 지방러 서울투어(노티드/한강/경복궁...) [VLOG]",
        "description": "𝐈𝐧𝐬𝐭𝐚𝐠𝐫𝐚𝐦 • https://www.instagram.com/somz_zi/\n𝐂𝐨𝐧𝐭𝐚𝐜𝐭 • ds02_28@naver.com \n\n⎽⎽⎽\n\n안녕 얘들아 랜선언니 솜찌야 \n이삿짐 정리를 끝내고 드디어 동생이랑 바깥공기 마시러갔어 \n\n동생이 경복궁 가고싶다고 해서 \n경복궁, 북촌한옥마을 가고 \n잠실&송리단길 가는 서울 투어일상이야 \n\n오늘도 즐감 ♡\n\n⎽⎽⎽\n\n✨ 𝐓𝐈𝐌𝐄𝐋𝐈𝐍𝐄\n0:00 짜잔 \n0:13 핫시2 투어 \n1:04 경복궁\n2:42 런던베이글뮤지엄 \n3:27 북촌 빵집투어\n4:23 ♥오랜만에 빵먹빵  \n5:55 벌써 그리운 집밥 먹방 \n8:27 룸투어 맛보기(!)\n9:08 첫 XX 경험 \n9:29 집밥 먹방 \n10:12 지방러가 눈을 보면....\n10:35 서울 버킷리스트\n11:37 노티드 먹방\n12:56 자취 필수템  \n13:12 마지막 만찬",
        "thumbnail": "https://i.ytimg.com/vi/jKgEamxmRv4/mqdefault.jpg",
        "youtubeVideoId": "jKgEamxmRv4",
        "uploadedDate": "2022-03-29T01:18:23Z",
        "viewCount": 7084,
        "isCommercial": "False"
    },
    {
        "id": "9e5ff75a-5d0f-4def-80a6-56fc2201d2ec",
        "title": "강남 월세 200만원 오피스텔에 살게됐습니다..👀 집 꾸미기 전 룸투어 가보자고🏠  [VLOG]",
        "description": "𝐈𝐧𝐬𝐭𝐚𝐠𝐫𝐚𝐦 • https://www.instagram.com/somz_zi/\n𝐂𝐨𝐧𝐭𝐚𝐜𝐭 • ds02_28@naver.com \n\n⎽⎽⎽\n\n안녕 얘들아 랜선언니 솜찌야 \n집 구하기 전 딱 1달만 눈감고 \n강남에서 살아보기로 했....다악!\n\n짐 정리하고 짜장면 먹고(이사 국룰♡)\n본격 살림 차리는 서울 상경 브이로그 \n오늘도 즐감 ♡\n\n⎽⎽⎽\n\n✨ 𝐓𝐈𝐌𝐄𝐋𝐈𝐍𝐄\n0:00 인트로\n0:19 원룸 공개\n2:42 쿠킹룸 \n4:12 짐정리 시작 \n4:56 아니 이런것까지?\n6:04 중국집 먹방♡\n6:55 요가 소녀\n8:24 다신 없을 소비\n9:14 척척박사\n10:42 컴퓨터 살때 꿀팁 \n12:55 브런치요리\n14:50 먹방 \n16:34 면역력 꿀팁 \n\n\n\n⎽⎽⎽\n\n✨영상 속 정보 \n\n한성 모니터 32인치 \nhttps://link.coupang.com/a/lccMX\n\n빨래건조대 미니\nhttps://link.coupang.com/a/lb3TS\n\n고려은단 비타민C 메가도스 3000\nhttps://link.coupang.com/a/lb3YD\n\n\n위 링크는 쿠팡 파트너스 활동을 통해 소정의 수수료를 제공받을 수 있습니다.\n\n\n✨ 조립 컴퓨터 정보와 TIP\n다나와PC가 조립컴 대표적인 사이트인데 \n행복쇼핑이 더 싸길래 (비교 후) 거기서 구매했어! \n\n견적 넣어보고 품절된 제품이 있으면 \n비슷한 다른 제품 넣고 또 견적 내보고\n몇번 반복하면서 가장 저렴한걸로 찾음!\n→예를 들면 쿨러나 PC케이스가 품절이다?\n다른걸로 대체해서 견적 내보면 더 저렴하게 가능!\n\n1,070,000원 정도에 구매했고\n전문가가 아니니 참고만 해줘! \n\n\n행복쇼핑 ▶ https://www.pping.kr/\n\nAMD 라이젠7-4세대 5800X (버미어) (멀티팩(정품))\nMSI MAG B550M 박격포 WiFi\n삼성전자 DDR4-3200 (16GB)\n삼성전자 980 M.2 NVMe (500GB)\nCOLORFUL 지포스 GT1030 REVENGE D4 4GB\nABKO NCORE 베놈 식스LED 강화유리 (블랙)\n쿨러마스터 MWE 700 BRONZE V2 230V\n조립 + 1년 전국 출장 A/S 서비스 (1대분)",
        "thumbnail": "https://i.ytimg.com/vi/upIUs4Spxzk/mqdefault.jpg",
        "youtubeVideoId": "upIUs4Spxzk",
        "uploadedDate": "2022-03-22T06:34:40Z",
        "viewCount": 11394,
        "isCommercial": "False"
    },
    {
        "id": "2144fab8-e9cc-4286-a181-ed6a7e0c6e6e",
        "title": "썸남한테 선물받고 폭풍오열하고😭 우여곡절 끝에 서울 집 이사하는 브이로그(강남라이프-★ 시작) [VLOG]",
        "description": "𝐈𝐧𝐬𝐭𝐚𝐠𝐫𝐚𝐦 • https://www.instagram.com/somz_zi/\n𝐂𝐨𝐧𝐭𝐚𝐜𝐭 • ds02_28@naver.com \n\n⎽⎽⎽\n\n안녕 얘들아 랜선언니 솜찌야 \n여차저차해서 겨우 서울 올라가서 \n찐자취 시작하는 서울라이프...!\n오늘도 즐감 ♡\n\n⎽⎽⎽\n\n✨ 𝐓𝐈𝐌𝐄𝐋𝐈𝐍𝐄\n0:00 인트로\n0:18 D-1 난리났네 \n1:34 썸남이 준 선물 \n3:43 마지막 밤\n4:52 디데이\n7:13 서울집 입성\n7:47 도 식후경 \n9:21 강남이라뇨 \n10:16 자취 필수코스",
        "thumbnail": "https://i.ytimg.com/vi/Bi8vuBk0eSw/mqdefault.jpg",
        "youtubeVideoId": "Bi8vuBk0eSw",
        "uploadedDate": "2022-03-17T02:09:45Z",
        "viewCount": 15368,
        "isCommercial": "False"
    },
    {
        "id": "c8733bd1-7047-4c09-89bf-f553ed8c15ab",
        "title": "서울간다고 가족한테 말했더니 반응이..💦 서울집 구하고 이사 준비하는데...이거 맞아? [VLOG]",
        "description": "𝐈𝐧𝐬𝐭𝐚𝐠𝐫𝐚𝐦 • https://www.instagram.com/somz_zi/\n𝐂𝐨𝐧𝐭𝐚𝐜𝐭 • ds02_28@naver.com \n\n⎽⎽⎽\n\n안녕 얘들아 랜선언니 솜찌야 \n많이들 기다렸던 서울살이 준비영상이야! \n\n서울가서 살 집도 보러가고\n가족들한테 서울간다고 말하고(ㅠㅠ)\n짐싸고 서울 갈 준비하는 브이로그\n오늘도 즐감 ♡\n\n⎽⎽⎽\n\n✨ 𝐓𝐈𝐌𝐄𝐋𝐈𝐍𝐄\n0:00 인트로\n0:18 서울집 구경\n3:09 엄마 반응\n4:15 동생 반응\n7:47 본격 이사 준비\n8:51 1인분의 삶 \n10:05 엄마의 속마음\n10:45 마지막 정성베이커리\n12:41 마지막 빵파티(엉엉)\n14:56 웃는건 일류 \n15:42 이게 맞는건가\n17:23 우리집은 XX권  \n18:58 드디어\n19:57 이사날 D-1",
        "thumbnail": "https://i.ytimg.com/vi/_Iw536PdhKs/mqdefault.jpg",
        "youtubeVideoId": "_Iw536PdhKs",
        "uploadedDate": "2022-03-11T07:19:49Z",
        "viewCount": 9112,
        "isCommercial": "False"
    },
    {
        "id": "66f5ff51-b24d-4035-a249-69000b8fe1d4",
        "title": "요즘 다이어트 트렌드는 잘 먹고 운동하는거래 ㅇㅇ(+첫 스키, 최애 버거집, 교정 후기, 충격 사건...)  [VLOG]",
        "description": "𝐈𝐧𝐬𝐭𝐚𝐠𝐫𝐚𝐦 • https://www.instagram.com/somz_zi/\n𝐂𝐨𝐧𝐭𝐚𝐜𝐭 • ds02_28@naver.com \n\n⎽⎽⎽\n\n안녕 얘들아 랜선언니 솜찌야 \n생에 첫 스키장도 다녀오고 \n교정도 드디어 끝나고(오예에에에)\n인사이트도 많이 얻었던 한주야 \n오늘도 즐감 ♡\n\n⎽⎽⎽\n\n영상 속 모짜렐라치즈(자연치즈 98.5%)\n: https://link.coupang.com/a/kxmsF\n\n위 링크는 쿠팡 파트너스 활동을 통해 소정의 수수료를 제공받을 수 있습니다.\n\n⎽⎽⎽\n\n✨ 𝐓𝐈𝐌𝐄𝐋𝐈𝐍𝐄\n0:00 인트로 \n0:16 생에 첫 스키장\n0:40 ????\n1:19 생에 첫 스키장\n4:27 교정 끝 \n6:01 서면 빵집 투어\n6:53 최애 버거집 \n8:38 폭풍 웨이트\n9:30 충격 사건\n11:03 더 충격 사건\n12:56 인사이트\n14:43 의외의 다이어트식품\n14:57 교정 후기\n16:50 소소한 토크",
        "thumbnail": "https://i.ytimg.com/vi/YefhUAxbEl0/mqdefault.jpg",
        "youtubeVideoId": "YefhUAxbEl0",
        "uploadedDate": "2022-03-07T15:17:09Z",
        "viewCount": 7211,
        "isCommercial": "False"
    },
    {
        "id": "bb0d408b-24f0-4368-ae49-db1b0c4f33d4",
        "title": "🍞다들 이런거 원하지 않아?🍞다이어트 하는지 의심스럽게 다이어트하기 [VLOG]",
        "description": "𝐈𝐧𝐬𝐭𝐚𝐠𝐫𝐚𝐦 • https://www.instagram.com/somz_zi/\n𝐂𝐨𝐧𝐭𝐚𝐜𝐭 • ds02_28@naver.com \n\n⎽⎽⎽\n\n안녕 얘들아 랜선언니 솜찌야 \n왼손이 하는 다이어트를 오른손이 모르게해라...\n맛있는 집밥도 먹고 빵먹으면서 살도 빼고(?)\n\n꽤나 의심스러운 다이어트 일상이야\n오늘도 즐감^^!!\n\n⎽⎽⎽\n\n✨ 𝐓𝐈𝐌𝐄𝐋𝐈𝐍𝐄\n0:00 인트로\n0:18 운동 뿌셧 \n0:51 잘잘먹 \n1:38 모두가 원하는 빵먹방\n3:55 빵먹고 눈바디 \n5:05 다이어터 루틴 \n5:57 샐러드 만드는법 \n6:32 이걸 샀다고?\n7:23 찐추천템 \n8:07 살찐 이유 분석 \n\n#빵순이 #프로다이어터",
        "thumbnail": "https://i.ytimg.com/vi/WM8ER-Uvzmo/mqdefault.jpg",
        "youtubeVideoId": "WM8ER-Uvzmo",
        "uploadedDate": "2022-03-02T01:40:47Z",
        "viewCount": 28686,
        "isCommercial": "False"
    },
    {
        "id": "f30da277-03e4-496f-9755-34903dea5d36",
        "title": "전국민 다이어트 멈춘다는 설날이자나~😎 만두 빚고 먹방요정 강림 [VLOG]",
        "description": "𝐈𝐧𝐬𝐭𝐚𝐠𝐫𝐚𝐦 • https://www.instagram.com/somz_zi/\n𝐂𝐨𝐧𝐭𝐚𝐜𝐭 • ds02_28@naver.com \n\n⎽⎽⎽\n\n안녕 얘들아 랜선언니 솜찌야 \n전국민이 합법적으로 다이어트 멈춘다는 까치까치 설날!!!\n맘 편하게 먹고 즐겁게 운동도 간 일상이야 \n\n그나저나 만두피... 저게 맞나?\n오늘도 즐감 ♡\n\n⎽⎽⎽\n\n✨ 𝐓𝐈𝐌𝐄𝐋𝐈𝐍𝐄\n0:00 인트로\n0:15 이런걸 산다고?\n0:39 공복이 위험한 이유\n2:03 짜빠구리 먹방 \n3:33 빵요정 강림\n5:21 운동(X) 눈동(O)\n6:30 요란한 아침\n8:22 만두 공장 OPEN\n13:22 만두 시식회\n\n \n\n#설날 #만두빚기 #빵요정 #빵먹방",
        "thumbnail": "https://i.ytimg.com/vi/tD05HMqMLn8/mqdefault.jpg",
        "youtubeVideoId": "tD05HMqMLn8",
        "uploadedDate": "2022-02-25T05:57:50Z",
        "viewCount": 8352,
        "isCommercial": "False"
    },
    {
        "id": "1db59be7-3020-4c2e-bad6-9c15ce255eb6",
        "title": "11kg 감량한 친구 식단 꿀팁 털어옴!!!!!😎 동기부여X자극 받고 다이어트 시작 할 사람🔥🔥 [VLOG]",
        "description": "𝐈𝐧𝐬𝐭𝐚𝐠𝐫𝐚𝐦 • https://www.instagram.com/somz_zi/\n𝐂𝐨𝐧𝐭𝐚𝐜𝐭 • ds02_28@naver.com \n\n⎽⎽⎽\n\n안녕 얘들아 랜선언니 솜찌야 \n11kg 감량한 친구한테 살 뺐던 꿀팁들 탈탈 털어오고\n자극 받아서 다이어트 찐- 시작해버렸자나ㅠ_ㅠ \n\n다이어트에 대한 생각들과\n왜 살이 찌게됐는지...!(ㅋㅋㅋㅋ고찰) \n주저리 주저리 말 많아져버린 일상 브이로그\n오늘도 즐감 ♡\n⎽⎽⎽\n\n✨ 𝐓𝐈𝐌𝐄𝐋𝐈𝐍𝐄\n0:00 11kg 감량 꿀팁\n2:00 비하인드 스토리 \n2:24 살 찌게된 이유\n3:47 다이어트 루틴 공개 \n5:17 이렇게...먹는다고?\n6:44 운동x동기부여  \n8:27 먹방 놓지 못해\n10:08 아침밥을 먹으려면   \n11:35 찜닭 먹방\n14:10 미라클 모닝\n15:00 사실 xx먹었어... \n17:20 다이어트의 이치 \n20:04 식단 최고다",
        "thumbnail": "https://i.ytimg.com/vi/IpRu47RWsyg/mqdefault.jpg",
        "youtubeVideoId": "IpRu47RWsyg",
        "uploadedDate": "2022-02-14T13:51:06Z",
        "viewCount": 11995,
        "isCommercial": "False"
    },
    {
        "id": "0c35c25f-6a95-4a34-9634-755efb890e30",
        "title": "운동으로 뺀 살 요요안온다고 누가그래?🐽 서울 먹킷리스트 털고 살쪄버린 일상 [VLOG]",
        "description": "𝐈𝐧𝐬𝐭𝐚𝐠𝐫𝐚𝐦 • https://www.instagram.com/somz_zi/\n𝐂𝐨𝐧𝐭𝐚𝐜𝐭 • ds02_28@naver.com \n\n⎽⎽⎽\n\n안녕 얘들아 랜선언니 솜찌야 \n연말 연초 푹 쉬고 잘 먹는동안 찍었던 일상들이야\n\n서울에 가보고 싶었던 디저트 맛집들 탈탈 털구 \n히피펌도 해버린 일상...♡\n오늘도 즐감...♡\n\n\n⎽⎽⎽\n\n✨ 𝐓𝐈𝐌𝐄𝐋𝐈𝐍𝐄\n0:00 인트로\n0:15 한조각 만칠천원 \n3:08 나빼고 다 아는 프토맛집 \n5:01 요즘 힙한 그머리\n7:09 양식집 2인 4메뉴\n9:43 러쉬 스파\n\n\n[Video Source Support]\nYoutube channel \"freeticon\" : https://www.youtube.com/c/Freeticon",
        "thumbnail": "https://i.ytimg.com/vi/RqYQAAEOymc/mqdefault.jpg",
        "youtubeVideoId": "RqYQAAEOymc",
        "uploadedDate": "2022-02-10T05:30:24Z",
        "viewCount": 11337,
        "isCommercial": "False"
    },
    {
        "id": "181da999-d567-48ad-8be0-8e677c7037f8",
        "title": "10시간 등산🏅 한라산은 몇 칼로리가 소모될까?(겨울에 꼭 가야 하는 이유) [VLOG]",
        "description": "𝐈𝐧𝐬𝐭𝐚𝐠𝐫𝐚𝐦 • https://www.instagram.com/somz_zi/\n𝐂𝐨𝐧𝐭𝐚𝐜𝐭 • ds02_28@naver.com \n\n⎽⎽⎽\n\n안녕 얘들아 랜선언니 솜찌야!\n겨울 한라산이 그렇~~~~~게 예쁘다고 해서 \n왕복 10시간 걸려 한라산 다녀왔어!!!!!!!\n\n한라산은 몇 칼로리가 소모될지 궁금하기도 해서\n애플워치로 같이 재봤어!\n\n한라산은 홈페이지에서 미리 코스 예약하고 입장 가능했고\n관음사로 올라가서 성판악으로 내려오는 코스로 갔다왔어\n(총 9시간 반 소요)\n\n오늘도 즐감!\n\n⎽⎽⎽\n\n✨ 𝐓𝐈𝐌𝐄𝐋𝐈𝐍𝐄\n\n0:00 인트로\n0:13 휴게소 $큰손$\n1:42 대체 언제가요? \n3:24 진짜 출~발 \n4:53 한명이...사라졌다\n5:53 이걸 먹는다고?\n6:50 겨울 왕국 \n8:31 이것만 먹는다고?\n9:25 정상을 향해 \n10:20 ♡컵라면 먹방♡\n11:26 정상에서 빵이라고?\n11:39 하산하거라\n12:35 대망의 칼로리는?\n13:01 한라산을 간 진짜 이유 \n\n\n\n[Video Source Support]\nYoutube channel \"freeticon\" : https://www.youtube.com/c/Freeticon\n#겨울설산 #한라산 #백록담 #등산",
        "thumbnail": "https://i.ytimg.com/vi/c9Swf1t8kCg/mqdefault.jpg",
        "youtubeVideoId": "c9Swf1t8kCg",
        "uploadedDate": "2022-02-04T04:35:05Z",
        "viewCount": 5439,
        "isCommercial": "False"
    },
    {
        "id": "9403954d-6a54-4b2f-bbf8-9876c0626f3a",
        "title": "왜 5kg 쪘는지 이거보니 알겠네😭 제주도 먹방 여행 쁘이로그(+자연스런 빵지순례) [VLOG]",
        "description": "𝐈𝐧𝐬𝐭𝐚𝐠𝐫𝐚𝐦 • https://www.instagram.com/somz_zi/\n𝐂𝐨𝐧𝐭𝐚𝐜𝐭 • ds02_28@naver.com \n\n⎽⎽⎽\n\n안녕 애들아 랜선언니 솜찌야!\n12월에 잠깐 휴가 가지면서 제주도 놀러갔거든!\n...근데 이렇게 먹어서 살이 쪘었~~~~나보다^^!!\n5키로 찐 이유 찾아낸 제주도 여행 뿌이로그\n오늘도 즐감\n\n⎽⎽⎽\n\n✨ 𝐓𝐈𝐌𝐄𝐋𝐈𝐍𝐄\n0:00 제주도 여행 스타뚜 \n1:10 스시 뿌셔 \n2:52 상상도 못할 XXX방문\n3:42 즉흥이란 이런 것\n5:30 제주도 빵순이 \n7:02 혼밥 만렙 혼고기\n8:36 요즘 유행하는 기념품\n9:27 한라산 준비(거덜내기)\n11:25 브런치 카페\n13:11 나만 알고픈 빵집\n14:25 자유 영혼\n15:50 혼자 테마파크^^ㅠ",
        "thumbnail": "https://i.ytimg.com/vi/foAoLVx-rQY/mqdefault.jpg",
        "youtubeVideoId": "foAoLVx-rQY",
        "uploadedDate": "2022-01-27T04:47:46Z",
        "viewCount": 14984,
        "isCommercial": "False"
    },
    {
        "id": "26560bdc-53e2-4866-a32d-3b0e68e010ed",
        "title": "식단이랑 운동 놓으면 생기는 일... 깔끔하게 5kg 쪄버렸다^^@@@(매일매일 빵순이) [VLOG]",
        "description": "𝐈𝐧𝐬𝐭𝐚𝐠𝐫𝐚𝐦 • https://www.instagram.com/somz_zi/\n𝐂𝐨𝐧𝐭𝐚𝐜𝐭 • ds02_28@naver.com \n\n⎽⎽⎽\n\n안녕 얘들아 랜선언니 솜찌야 \n빵이 좋아서 빵 먹고,,\n추우니까 운동가기 귀찮아서 좀 덜가고,,,\n식단 안하고 밥 많이 먹고 했드니만,,, \n\n뭐여 5kg나 쪄버렸네 헤헿 \n뭐 살은 빼면 되니까\n오늘도 즐감^^♡\n\n⎽⎽⎽\n\n\n✨ 𝐓𝐈𝐌𝐄𝐋𝐈𝐍𝐄\n0:00 왜 5KG나 찐거야\n0:10 정성베이커리 큰손 \n1:19 다이어트 깨달음 \n2:05 배란일 축하파티 \n3:58 오늘의 하이라이트 \n6:31 오늘 야식은 XXX닷 \n8:00 존맛 볶음밥 레시피\n9:30 운동 하긴 했음 \n10:03 빵장고 털기\n12:38 미공개분",
        "thumbnail": "https://i.ytimg.com/vi/54Jj_HKT3y0/mqdefault.jpg",
        "youtubeVideoId": "54Jj_HKT3y0",
        "uploadedDate": "2022-01-21T08:45:38Z",
        "viewCount": 21200,
        "isCommercial": "False"
    },
    {
        "id": "80aadae3-839f-407b-82b4-90f2dc3bd766",
        "title": "남자사람 오빠랑 빵집 투어하고 생에 첫 클라이밍 하고.. 또...음👀👀  [VLOG]",
        "description": "𝐈𝐧𝐬𝐭𝐚𝐠𝐫𝐚𝐦 • https://www.instagram.com/somz_zi/\n𝐂𝐨𝐧𝐭𝐚𝐜𝐭 • ds02_28@naver.com \n\n⎽⎽⎽\n\n안녕 얘들아 랜선언니 솜찌야\n남자 사람 오빠랑 부산가서 생에 첫 클라이밍하구,,,\n빵 맛집 돌아다니고 맛있는거 먹는 일상이야 \n\n역시 부산은 좋...다♡\n오늘도 즐감!\n\n⎽⎽⎽\n\n🛍영상 속 옷들🛍\n \n런블랙 심플 베리 집업 1+1 \nhttps://s.zigzag.kr/g4kA07RpxI?af=1\n\n라룸 헤리브이넥니트 \nhttps://s.zigzag.kr/qIpTdN9waO?af=1\n\n\n*모든 제품은 지그재그 앱에서 직접 구매하였으며, \n기재된 링크를 통해 발생한 수익의 일부를 지급 받을 수 있습니다. \n\n⎽⎽⎽\n\n✨ 𝐓𝐈𝐌𝐄𝐋𝐈𝐍𝐄\n0:00 인트로\n0:19 광안리 브런치\n2:48 현실 오빠\n4:08 생에 첫 클라이밍 \n7:31 ....띠로리 \n9:32 빵집 투어♡\n11:37 무서운(?) 차이나타운 \n14:40 당구동아리 회장 실력\n15:38 소비요정 강림",
        "thumbnail": "https://i.ytimg.com/vi/yxArPNKWaQ4/mqdefault.jpg",
        "youtubeVideoId": "yxArPNKWaQ4",
        "uploadedDate": "2022-01-09T14:13:14Z",
        "viewCount": 2287,
        "isCommercial": "False"
    },
    {
        "id": "e152dbef-52b2-4c2d-8ad9-71f0e2f97e53",
        "title": "이태원 떠오르는 핫플✨ 인생샷 찍으러 갔다가 먹고만옴...머쓱^^;;;(피자/도넛/와인...)[VLOG]",
        "description": "𝐈𝐧𝐬𝐭𝐚𝐠𝐫𝐚𝐦 • https://www.instagram.com/somz_zi/\n𝐂𝐨𝐧𝐭𝐚𝐜𝐭 • ds02_28@naver.com \n\n\n*본 영상은 서울신용보증재단의 '지역상권활성화 사업'의 일환으로 소정의 지원을 받아 제작되었습니다. \n\n⎽⎽⎽\n\n안녕 애들아 랜선언니 솜찌야\n이태원 떠오르는 핫플 퀴논길에 방문해서\n신나게 놀ㄷ ㅏ왔어 !\n\n하루종일 먹고,,,,\n인생샷 남기는 포토존까지,,,, \n오늘도 즐감 ♥\n⎽⎽⎽\n\n✨ 𝐓𝐈𝐌𝐄𝐋𝐈𝐍𝐄\n0:00 인트로 \n0:24 베트남 쌀국수 먹방\n2:20 도넛 먹방\n3:59 옷쇼핑\n5:31 인생네컷\n6:08 피자 먹방\n8:28 감성 와인바",
        "thumbnail": "https://i.ytimg.com/vi/KLme5DLyvJ0/mqdefault.jpg",
        "youtubeVideoId": "KLme5DLyvJ0",
        "uploadedDate": "2021-12-16T02:02:40Z",
        "viewCount": 9687,
        "isCommercial": "True"
    },
    {
        "id": "e3bea303-ca6b-455e-a23d-6e88cc70e4cc",
        "title": "3kg 찐 기념으로 연말 소비 요정이 강림했다💸(빵쇼핑, 운동복 구매, 추천템 공유) [VLOG]",
        "description": "𝐈𝐧𝐬𝐭𝐚𝐠𝐫𝐚𝐦 • https://www.instagram.com/somz_zi/\n𝐂𝐨𝐧𝐭𝐚𝐜𝐭 • ds02_28@naver.com \n⎽⎽⎽\n\n안녕 애들아 랜선언니 솜찌야\n연말을 맞이해서,,,\n지름신이 와가지구,,,\n\n이것저것 엄청 구매하고\n(그 와중에 좋은템들 너무 많다며...♡)\n빠지지 않고 운동복 쇼핑까지하는 행복한 일상이야\n오늘도 즐~~~~감!\n\n⎽⎽⎽\n\n✨ 𝐓𝐈𝐌𝐄𝐋𝐈𝐍𝐄\n0:00 양식 \n1:36 휘낭시에 맛집\n2:10 기타 레슨\n3:15 피크닉 \n4:46 빵순이\n6:43 향수 하울\n8:00 택배 언박싱\n10:01 아울렛쇼핑\n13:11 폭풍 쇼핑",
        "thumbnail": "https://i.ytimg.com/vi/JTOmId3lCoM/mqdefault.jpg",
        "youtubeVideoId": "JTOmId3lCoM",
        "uploadedDate": "2021-12-13T08:54:10Z",
        "viewCount": 4528,
        "isCommercial": "False"
    },
    {
        "id": "af9d7282-bd14-4445-b7b4-a64fb993f999",
        "title": "폭발하는 식욕 없애는 최고의 방법: 이것 저것 일 벌이면 됨🔥⛄🍩🐷  [VLOG]",
        "description": "𝐈𝐧𝐬𝐭𝐚𝐠𝐫𝐚𝐦 • https://www.instagram.com/somz_zi/\n𝐂𝐨𝐧𝐭𝐚𝐜𝐭 • ds02_28@naver.com \n\n⎽⎽⎽\n\n안녕 애들아 랜선언니 솜찌야 \n식물에 꽂혀서 꽃시장 사부작 사부작 가가지고..\n식물도 데려오고오~~~~~~~~~~~\n\n커피수업도 듣고\n이것 저것 바쁘게 하는 일상이야\n오늘도 즐감즐감 ♡\n\n⎽⎽⎽\n\n✨ 𝐓𝐈𝐌𝐄𝐋𝐈𝐍𝐄\n\n0:00 인트로\n0:15 집밥 퀄리티 \n2:02 꽃시장\n6:35 언박싱\n7:48 서프라이즈\n11:02 식물 이사 \n12:57 커피수업",
        "thumbnail": "https://i.ytimg.com/vi/zJAmSOgh8GU/mqdefault.jpg",
        "youtubeVideoId": "zJAmSOgh8GU",
        "uploadedDate": "2021-12-07T10:31:46Z",
        "viewCount": 3345,
        "isCommercial": "False"
    },
    {
        "id": "78a31baa-1526-4c79-b225-1195e855f6b5",
        "title": "트레이너쌤 빵으로 타락시키고😈 신상 디저트카페 누구보다 빠르게 다녀오는 일상(+서면 핫플) [VLOG]",
        "description": "𝐈𝐧𝐬𝐭𝐚𝐠𝐫𝐚𝐦 • https://www.instagram.com/somz_zi/\n𝐂𝐨𝐧𝐭𝐚𝐜𝐭 • ds02_28@naver.com \n\n⎽⎽⎽\n\n본 영상은 '요헤미티'의 유료광고가 포함되어 있습니다.\n\n영상 속 요헤미티 구매를 원한다면?! \n👉 https://yohemite.imweb.me/product/?idx=4\n\n\n⎽⎽⎽\n\n안녕 얘들아 랜선언니 솜찌야\n트레이너 선생님 빵먹방으로 타락시키고ㅋㅋㅋㅋㅎㅎ\n(조만간 트레이너 선생님들이랑 빵먹방 할둣?ㅎ)\n\n서면 신상 핫플 생겼대서\n후다닥 방문하고 역시나 빵 먹는 일상이야\n오늘도 즐감~!\n\n⎽⎽⎽\n\n✨ 𝐓𝐈𝐌𝐄𝐋𝐈𝐍𝐄\n\n0:00 인트로\n0:15 바쁜주말\n1:40 트레이너쌤 먹방\n3:35 디저트 타락먹방\n5:10 웨이트 \n8:53 꽃꽂이 클래스\n10:14 신상 핫플\n12:34 서면 핫플\n\n\n#요헤미티 #요헤미티워터 #무설탕이온음료",
        "thumbnail": "https://i.ytimg.com/vi/aqwT_ZcTiS8/mqdefault.jpg",
        "youtubeVideoId": "aqwT_ZcTiS8",
        "uploadedDate": "2021-12-07T03:20:47Z",
        "viewCount": 20665,
        "isCommercial": "True"
    },
    {
        "id": "42b7e0ec-4b64-4e76-84da-5393302383b4",
        "title": "순천 여행 다녀왔는데 뭐라고 적으심 봐줄거에오?(정식 먹방, 닭구이, 순천만 정원&습지) [VLOG]",
        "description": "𝐈𝐧𝐬𝐭𝐚𝐠𝐫𝐚𝐦 • https://www.instagram.com/somz_zi/\n𝐂𝐨𝐧𝐭𝐚𝐜𝐭 • ds02_28@naver.com \n\n⎽⎽⎽\n\n안녕 애들아 랜선언니 솜찌야 \n오랜만에 엄마랑 동생이랑 셋이 \n가을이 다 가기전에 순천 놀러갔다왔어!\n\n카메라 2개로 찍었는데,,, \n한 카메라 SD카드가 통째로 날라가서^-ㅠ \n빵도 먹고 순천만 정원도 갔는데 날아갔다는..\n흑\n흑ㅎ\n흐극 \n\n아쉽지만 오늘도 재밋게봐♡\n\n⎽⎽⎽\n\n\n✨ 𝐓𝐈𝐌𝐄𝐋𝐈𝐍𝐄\n0:00 인트로\n0:16 순천여행\n1:07 꼬막 정식 \n5:18 순천만습지\n8:29 스카이큐브\n9:49 닭구이 \n\n\n#순천 #순천여행 #순천만습지 #순천만국가정원",
        "thumbnail": "https://i.ytimg.com/vi/iTN7yFnxsGs/mqdefault.jpg",
        "youtubeVideoId": "iTN7yFnxsGs",
        "uploadedDate": "2021-12-10T06:15:22Z",
        "viewCount": 3516,
        "isCommercial": "False"
    },
    {
        "id": "46c28700-81ca-4401-bb18-9beb65853f41",
        "title": "나름 4년차 강사👀 대학교 강의하고 7년 쓴 노트북 안락사 시키기(+맥북 언박싱🎁, 경주 여행?) [VLOG]",
        "description": "𝐈𝐧𝐬𝐭𝐚𝐠𝐫𝐚𝐦 • https://www.instagram.com/somz_zi/\n𝐂𝐨𝐧𝐭𝐚𝐜𝐭 • ds02_28@naver.com \n\n⎽⎽⎽\n\n안녕 애들아 랜선언니 솜찌야 \n오랜만에 동국대에 강의하러 갔다가 \n사부작사부작 경주 구경하다오는 일상이야 \n\n아참,,, \n7년쓰던 노트북 안락사했어...\n새 맥북 잘 부탁해 \n⎽⎽⎽\n\n✨ 𝐓𝐈𝐌𝐄𝐋𝐈𝐍𝐄\n0:00 인트로 \n0:16 맥북언박싱 \n3:18 치킨 먹방\n4:49 강사ON\n7:40 떡갈비 정식 \n8:35 강의 최종점검 \n9:41 동국대 강의 \n11:53 황리단길",
        "thumbnail": "https://i.ytimg.com/vi/CmJ7mPJfiyo/mqdefault.jpg",
        "youtubeVideoId": "CmJ7mPJfiyo",
        "uploadedDate": "2021-12-06T02:09:22Z",
        "viewCount": 4074,
        "isCommercial": "False"
    },
    {
        "id": "ee33c33e-5516-4321-aa41-3fa96f70865c",
        "title": "먹고 싶은거 다~~~먹고🍩🍰🍖 딱 한끼만 단백질 쉐이크 먹으면 생기는 일(7일 다이어트)",
        "description": "𝐈𝐧𝐬𝐭𝐚𝐠𝐫𝐚𝐦 • https://www.instagram.com/somz_zi/\n𝐂𝐨𝐧𝐭𝐚𝐜𝐭 • ds02_28@naver.com \n\n*본 영상은 '나에게 용기를' 유료광고가 포함되어 있습니다. \n\n⎽⎽⎽\n\n1. 댓글이벤트 \n\n👉이벤트 내용 \n총 5명 선정, 나에게 용기를 1통 증정! \n\n👉이벤트 참여 방법 \n1. 영상 마지막에 나온 참여방법을 댓글로 적는다(+메일주소X) \n2. 당첨을 기다린다 두근두근 ♥\n\n👉이벤트 기간\n ~21/12/9 자정 마감 \n\n👉당첨자 발표 \n21/12/10(금) 커뮤니티 공지 & 개별 메일 안내\n\n\n\n2. 솜찌X나에게 용기를 할인 이벤트\n\n구매 시 할인코드 입력하면 추가 10% 할인! \n👉할인코드 : SOMZZI7777 (대문자필수)\n👉사용기간 : 12월 6일 18시~12월 11일 23시\n👉나에게용기를 구매 링크 : https://bit.ly/3CLGyNV\n\n\n⎽⎽⎽\n\n✨ 𝐓𝐈𝐌𝐄𝐋𝐈𝐍𝐄\n\n0:00 인트로\n0:12 몸무게 공개 \n0:52 1일차 \n2:23 2일차 \n4:16 3일차\n5:07 4일차\n6:27 5일차 \n7:30 6일차\n7:47 7일차\n8:44 결과발표",
        "thumbnail": "https://i.ytimg.com/vi/Bv6Kk_N_sD8/mqdefault.jpg",
        "youtubeVideoId": "Bv6Kk_N_sD8",
        "uploadedDate": "2021-12-06T03:21:27Z",
        "viewCount": 12762,
        "isCommercial": "False"
    },
    {
        "id": "ce5497cf-aa88-469e-9afc-faac3ca58915",
        "title": "겨울은 살찌우는 계절⛄ 나만 알고픈 부산 찐맛집...풉니다(피크닉, 시장투어, 신상카페, New취미 기타) [VLOG]",
        "description": "𝐈𝐧𝐬𝐭𝐚𝐠𝐫𝐚𝐦 • https://www.instagram.com/somz_zi/\n𝐂𝐨𝐧𝐭𝐚𝐜𝐭 • ds02_28@naver.com \n\n⎽⎽⎽\n\n안녕 얘들아 랜선언니 솜찌야 \n오랜만에 엄마랑 동생이랑 부산 나들이하구\n맛있는거 먹고! 또 이것저것 하는 일상이야\n오늘도 즐~~~~~감!\n\n⎽⎽⎽\n\n✨ 𝐓𝐈𝐌𝐄𝐋𝐈𝐍𝐄\n\n00:00 인트로\n00:12 시장투어\n02:56 부산찐맛집\n05:01 피크닉\n07:03 빵\n09:55 웨이트\n10:38 기타 꿈나무\n12:01 카페투어 \n\n#시장투어 #부산먹방",
        "thumbnail": "https://i.ytimg.com/vi/7H1q5n91Ams/mqdefault.jpg",
        "youtubeVideoId": "7H1q5n91Ams",
        "uploadedDate": "2021-11-29T10:02:59Z",
        "viewCount": 12449,
        "isCommercial": "False"
    },
    {
        "id": "b14363e8-36c3-4be1-87c8-a27e9d5e5df3",
        "title": "몸무게? 안잰다❌ 빵? 먹는다🍩 빵장고 털고 부산 디저트 맛집도 털어버린 빵순이 일상♥(스테이트/버거샵/밀도/어글리) [VLOG]",
        "description": "𝐈𝐧𝐬𝐭𝐚𝐠𝐫𝐚𝐦 • https://www.instagram.com/somz_zi/\n𝐂𝐨𝐧𝐭𝐚𝐜𝐭 • ds02_28@naver.com \n\n⎽⎽⎽\n\n안녕 애들아 랜선언니 솜찌야\n서울가서 빵 왕~~~창 사오고 빵장고 가득 채워둔거\n야금야금 털어먹으면서 행복한 나날들 보내는즁 ♡\n\n단골 수제버거집도 또 다녀오구우~~~~~~~~~\n존맛 스콘 카페 추천 받아서 갔다옴ㅎ_ㅎ\n오늘도 즐감♥\n\n⎽⎽⎽\n\n✨ 𝐓𝐈𝐌𝐄𝐋𝐈𝐍𝐄\n0:00 인트로\n0:14 빵장고털기\n1:59 서면 나들이\n3:01 햄버거 먹방\n4:15 디저트 먹방\n7:09 빵장고털기2\n9:45 승마\n10:30 속마음토크",
        "thumbnail": "https://i.ytimg.com/vi/KLL-Uff7h7s/mqdefault.jpg",
        "youtubeVideoId": "KLL-Uff7h7s",
        "uploadedDate": "2021-11-26T01:27:35Z",
        "viewCount": 7531,
        "isCommercial": "False"
    },
    {
        "id": "92106fcd-10d0-4268-a4d7-010492f8fed0",
        "title": "빵지순례 다녀와서부터 찐이지🔥 유명 맛집 빵먹방, 꽃꽂이, 드라이브하는 찐일상  [VLOG]",
        "description": "𝐈𝐧𝐬𝐭𝐚𝐠𝐫𝐚𝐦 • https://www.instagram.com/somz_zi/\n𝐂𝐨𝐧𝐭𝐚𝐜𝐭 • ds02_28@naver.com \n\n⎽⎽⎽\n\n\n안녕 얘들아 랜선언니 솜찌야\n서울 빵지순례 다녀와서 드!!디!!어!!!\n빵 먹는당 빵빵빵 \n오늘도 즐감♥\n\n⎽⎽⎽\n\n\n본 영상은 '제로다이닝'의 유료광고가 포함되어 있습니다. \n\n\n🍎제로다이닝x솜찌 구독자 이벤트🍎\n \n\n1. 댓글 이벤트 \n👉이벤트 내용 \n총 7명 선정, 제로다이닝 밀키트 1팩 증정! \n\n👉이벤트 참여 방법 \n1. 영상 마지막에 나온 참여방법을 댓글로 적는다(+메일주소❌❌❌❌)\n2. 당첨을 기다린다 두근두근 ♥\n\n👉이벤트 기간\n ~11/30일 자정 마감 \n\n👉당첨자 발표 \n21/12/1(수) 커뮤니티 공지 & 개별 메일 안내\n\n\n2. 스마트스토어 이벤트 \n제로다이닝 스마트스토어 바로가기\n: https://smartstore.naver.com/zerodining\n\n제로다이닝 스마트스토어 방문 ‣ 원하는 제품 담기\n ‣ 배송메시지란에 ‘솜찌’ 입력 후 \n💛 3만원 이상 구매 시 “머릿고기 국밥 증정”\n\n✔ 해당 이벤트는 1인당 1회만 적용 가능합니다.\n✔ 제로다이닝 스마트스토어 구매 건만 이벤트가 적용됩니다.\n✔11월 26일~12월 12일까지 진행 \n\n\n⎽⎽⎽\n\n✨ 𝐓𝐈𝐌𝐄𝐋𝐈𝐍𝐄\n\n0:00 인트로 \n0:18 비몽사몽\n1:42 빵의 정석\n4:18 소불고기 전골\n6:44 일탈\n8:51 꽃꽂이\n10:11 점심 집밥 \n11:56 핫도그를 찾아서",
        "thumbnail": "https://i.ytimg.com/vi/dgfCT5shsyo/mqdefault.jpg",
        "youtubeVideoId": "dgfCT5shsyo",
        "uploadedDate": "2021-11-24T04:15:39Z",
        "viewCount": 18111,
        "isCommercial": "True"
    },
    {
        "id": "1f382401-b36b-4e86-87e5-01719db3748d",
        "title": "부산사람이 서울 빵지순례를 한다면? 일단 유명 빵집 5곳 털었는데😎 (어글리, 밀도, 빵의 정석 등) [VLOG]",
        "description": "𝐈𝐧𝐬𝐭𝐚𝐠𝐫𝐚𝐦 • https://www.instagram.com/somz_zi/\n𝐂𝐨𝐧𝐭𝐚𝐜𝐭 • ds02_28@naver.com \n\n⎽⎽⎽\n\n안녕 애들아 랜선언니 솜찌야 \n서울 촬영때문에 올라갔다가\n겸사겸사... 아니 대놓고 작정한 빵지순례 ♡\n\n미리 빵 사두면 집에 갖고가기 힘드니까\n비행기 타기 직전에 샤샤샤샥!\n빵집 돌고 왔지롱~!\n\n오늘도 즐감♥\n⎽⎽⎽\n\n\n✨ 𝐓𝐈𝐌𝐄𝐋𝐈𝐍𝐄\n0:00 인트로 \n0:18 서울의 아침\n1:22 브런치카페 \n2:58 뷰클랜드\n4:11 빵쇼핑\n5:32 콜라보촬영 \n9:02 브런치 2탄\n11:48 밀도\n12:30 빵의 정석\n13:31 어글리베이커리",
        "thumbnail": "https://i.ytimg.com/vi/bbaQZcnyG1Q/mqdefault.jpg",
        "youtubeVideoId": "bbaQZcnyG1Q",
        "uploadedDate": "2021-11-17T10:10:47Z",
        "viewCount": 7974,
        "isCommercial": "False"
    },
    {
        "id": "7028e532-896d-4f38-b942-0cbaa4eb2876",
        "title": "서울 출장이라 쓰고 먹방여행이라 읽는다..😎 그....그만 먹어...! [VLOG]",
        "description": "𝐈𝐧𝐬𝐭𝐚𝐠𝐫𝐚𝐦 • https://www.instagram.com/somz_zi/\n𝐂𝐨𝐧𝐭𝐚𝐜𝐭 • ds02_28@naver.com \n\n⎽⎽⎽\n\n안녕 애들아 랜선언니 솜찌야!\n촬영이 있어서 간만에 또 서울^ㅍ^\n\n촬영 전날이라 작게 먹으려고 했는디 \n분명 했는디...\n음....\n그렇게됐다 \n\n오늘도 즐감! \n\n⎽⎽⎽\n\n✨ 𝐓𝐈𝐌𝐄𝐋𝐈𝐍𝐄\n\n0:00 인트로 \n0:15 서울행 \n0:44 능동 샐러드\n2:18 눈썹 문신 \n3:37 서울앵무새\n6:51 고기를 품다\n9:20 폭풍 운동\n\n\n[Video Source Support]\nYoutube channel \"freeticon\" : https://www.youtube.com/c/Freeticon",
        "thumbnail": "https://i.ytimg.com/vi/JFdrzb8M7OM/mqdefault.jpg",
        "youtubeVideoId": "JFdrzb8M7OM",
        "uploadedDate": "2021-11-12T04:26:40Z",
        "viewCount": 5400,
        "isCommercial": "False"
    }
]