[
    {
        "id": "4c4bef98-a761-4124-aa14-efbeb9d61f7e",
        "title": "아니 이게 모에화 됐다고?「애니 속 모에화」Top 10 (Part 1)",
        "description": "오늘은 애니 속 재밌는 모에화에 대해 알아봤습니다!\n몇몇개는 모르시는 작품이 있을거에요 ㅎ 저도 몰랐던 거거든요\n근데 보석의 나라는 진짜 재밌으니 추천합니다!\n\n\n팬아트: yyyjhong7@naver.com",
        "thumbnail": "https://i.ytimg.com/vi/9sc3Y7daAno/mqdefault.jpg",
        "youtubeVideoId": "9sc3Y7daAno",
        "uploadedDate": "2019-06-20T13:04:18Z",
        "viewCount": 382497,
        "isCommercial": "False"
    },
    {
        "id": "37ee71fd-fede-467a-bf17-a42cc0437a8d",
        "title": "정신 나간「애니 속 모에화」Top 10 (Part 2)",
        "description": "저번 영상에 이어 파트 2입니다!\n테라포마스는 애교로 봐주세요 :)\n영상이 재밌으셨다면 구독과 알림까지 설정해주세요!!",
        "thumbnail": "https://i.ytimg.com/vi/KqgyoDvK2dc/mqdefault.jpg",
        "youtubeVideoId": "KqgyoDvK2dc",
        "uploadedDate": "2019-07-03T23:12:02Z",
        "viewCount": 144490,
        "isCommercial": "False"
    },
    {
        "id": "33217beb-757f-4648-a0f9-9689dcf076d5",
        "title": "시청자 1만명이 직접 뽑은 ※흑발 여자 캐릭터※ TOP 5!",
        "description": "시청자 분들이 직접 뽑으신 흑발 여자 캐릭터 순위 입니다!\n총 10428표가 던져졌습니다!\n(중복 투표였기 때문에 사실상 만명은 아니얌 찡긋)\n\n마지막 노래는 마스터 딸기님이 불러주신 반짝반짝 치카치카입니다 :)!\n들으러가기 - https://www.youtube.com/watch?v=Y5zSzKHwfko\n\n알파쨩 그려주신 분 - dage(dage901@naver.com)",
        "thumbnail": "https://i.ytimg.com/vi/d9yu_BX4EpY/mqdefault.jpg",
        "youtubeVideoId": "d9yu_BX4EpY",
        "uploadedDate": "2019-06-17T16:02:52Z",
        "viewCount": 19746,
        "isCommercial": "False"
    },
    {
        "id": "c89567fd-e9d0-4dd4-bc2d-47d168f1cc5e",
        "title": "당신을 더 외롭게 할 잊지 못할 후유증 애니 top 10!",
        "description": "저는 크리스마스인데도 군대에 있는데\n여러분들은 즐거운 솔크 보내고 계신가요....?\n제 영상 보시구 외로움을 조금이나마 더 보태길 바랄게요 ㅎㅅㅎ\n아 그리고 중간에 오타는 그냥 애교로 넘어가주세욤♡",
        "thumbnail": "https://i.ytimg.com/vi/p5YbYUHfmR0/mqdefault.jpg",
        "youtubeVideoId": "p5YbYUHfmR0",
        "uploadedDate": "2019-01-01T09:45:31Z",
        "viewCount": 47739,
        "isCommercial": "False"
    },
    {
        "id": "37c2cfc4-0f60-450e-98c7-9842263fc1db",
        "title": "[애니랭킹] 일상물 좋아하시나요? 직접 뽑아본 '일상물 애니 top 30!'",
        "description": "일상물 매니아로써 재밌게본 일상물을 한번 선정해 보았어요!\n렌더링 오류로 인해 22번째 애니가 빠졌는데 \n22번째는 '이능배틀은 일상계속에서'입니다! 계속 오류떠서 \n어쩔수 없이 뺐네요 ㅠ\n\nps.설마 설마 속으시는 분들은 없겠지만\n보쿠노피코와 학교생활은 함정입니다! 도망치세요!\n-----------------------------------------------------------------------------------------------------------\n트위치 방송 : https://www.twitch.tv/yyyjhong7\n트위치 도네 : https://twip.kr/donate/yyyjhong7\n덕양소 이메일 : dltldud1663@gamil.com",
        "thumbnail": "https://i.ytimg.com/vi/r_Vuz7nKXfI/mqdefault.jpg",
        "youtubeVideoId": "r_Vuz7nKXfI",
        "uploadedDate": "2019-01-01T09:45:57Z",
        "viewCount": 0,
        "isCommercial": "False"
    },
    {
        "id": "712364fe-5667-497f-ab04-8f8f1cf35262",
        "title": "[애니랭킹] 이번 크리스마스도 혼자 보내신다구요? 그래서 준비했습니다. '하렘 애니 top 6'!",
        "description": "-----------------------------------------------------------------------------------------------------------\n정말 오랜만입니다 여러분 ㅠㅠㅠ 늦어서 죄송해요\n군대가기 전까지! 꾸준히 영상업로드 하겠습니당! 메리크리스마스!\n\n-----------------------------------------------------------------------------------------------------------\n트위치 방송 : https://www.twitch.tv/yyyjhong7\n트위치 도네 : https://twip.kr/donate/yyyjhong7\n덕양소 이메일 : dltldud1663@gamil.com",
        "thumbnail": "https://i.ytimg.com/vi/MC4V8FGLH2Q/mqdefault.jpg",
        "youtubeVideoId": "MC4V8FGLH2Q",
        "uploadedDate": "2019-01-01T09:46:20Z",
        "viewCount": 0,
        "isCommercial": "False"
    },
    {
        "id": "c2f1b16e-429b-4f52-9ee4-8855f503fbf8",
        "title": "알고보면 재밌는 캐릭터 이름에 숨겨진 뜻 TOP 15!",
        "description": "오늘은 간만에 랭킹 영상을 가져왔습니당 ㅎㅎㅎ\n재밌으셨다면 구독과 좋아요! 알림설정까지!\n\n팬아트 및 문의 \nyyyjhong7@naver.com\n\n------------------------------------------------------------------------\nbgm 정보\nMusic by 브금대통령 \nMusic provided by 브금대통령\nPIECE OF CAKE - https://youtu.be/P0SfHRQY1A4\n우리동네한바퀴 -https://youtu.be/iyaIxy9KQJQ\nBABY SWING - https://youtu.be/c6jIGVNOGs0\nTHE WALKING CAT - https://youtu.be/tA-t_wpcqlE",
        "thumbnail": "https://i.ytimg.com/vi/zcG7nT6_w7Y/mqdefault.jpg",
        "youtubeVideoId": "zcG7nT6_w7Y",
        "uploadedDate": "2020-01-04T04:05:50Z",
        "viewCount": 183273,
        "isCommercial": "False"
    },
    {
        "id": "44094c62-fcb5-47e9-bc70-f09ac7ea8f9a",
        "title": "아니 얘가 성인이라고..? 믿기 힘든 동안 캐릭터 TOP 8!",
        "description": "오늘은 기억력을 더듬어 만들어 본 \n동안 캐릭터 TOP 8 영상을 만들어 봤는데요\n어째 사기먹은 기분이네요..ㅋㅋㅋㅋ\n\n등장한 애니메이션들을 볼 수 있는 링크를 남겨 놓을게요!\n\n슈타인즈 게이트 : https://vo.la/a0I4\n블렌드S : https://vo.la/6vKt\n여동생만 있으면 돼. : https://vo.la/iinR\n오란고교 호스트부 : https://vo.la/l4I3\n명탐정 코난 : https://vo.la/DkLM\n원펀맨 : https://vo.la/IWOS\n내 뇌 속의 선택지가 학원 러브 코미디를 전력으로 방해하고 있다  : https://vo.la/QZSr\n어떤 마술의 금서목록 : https://vo.la/JbDh\n이웃집 흡혈귀 씨 : https://vo.la/Crv2\n전생했더니 슬라임이었던 건에 대하여 : https://vo.la/SZVo\n\n\n사용된 bgm\n🎵Music provided by 브금대통령\n🎵Track : Bossa Lounge - https://youtu.be/Xca6VnSrDJo\n🎵Track : Happy Day  - https://youtu.be/5BXQFjJMTfY\n\n\n\n#동안캐릭터#덕양소랭킹",
        "thumbnail": "https://i.ytimg.com/vi/1VfHv9itDXU/mqdefault.jpg",
        "youtubeVideoId": "1VfHv9itDXU",
        "uploadedDate": "2020-05-15T12:46:28Z",
        "viewCount": 181905,
        "isCommercial": "False"
    },
    {
        "id": "94c5a7b7-c426-497e-8397-3a02d036d992",
        "title": "미칠듯이 소름 끼치는 기괴한 애니들 (feat. 코브)",
        "description": "항상 게임을 기똥차게 재밌게 소개시켜주시는 @코브  님과의 콜라보 영상입니다!\n코브님과의 콜라보라니.. 이런게 진짜 성덕 아닐까요\n\n영상 재밌게 보셨다면 @코브 님의 게임채널과 애니메이션 채널 @히코 까지 구독!\n\n팬아트 및 문의 : yyyjhong7@naver.com\n\n덕양소에게 선물 보내기 \nhttps://fancim.me/celeb/celebDonation.aspx?cu_id=g_evr2nVk1iE2JzVH1VVRIo4OSSJNMBGYv\n\n사용된 bgm\n🎵Music provided by 브금대통령\n🎵Track : Right Behind You - https://youtu.be/aNula35oPLk\n\n00:00 인트로\n00:30 약속의 네버랜드\n01:30 쓰르라미 울적에\n02:23 마법소녀 마도카 마기카\n02:53 극흑의 브륜힐데\n03:39 학교생활\n04:38 블러드c\n05:19 해피슈가 라이프\n05:55 어나더\n06:48 엔딩\n\n#스릴러애니 #코브님과 #콜라보",
        "thumbnail": "https://i.ytimg.com/vi/BnhKrs-nZho/mqdefault.jpg",
        "youtubeVideoId": "BnhKrs-nZho",
        "uploadedDate": "2020-09-12T00:54:53Z",
        "viewCount": 477454,
        "isCommercial": "False"
    },
    {
        "id": "6f533074-546e-4f80-9168-56cd3de25c33",
        "title": "덕양소가 직접 본 BL 애니 추천 6선 (강력추천)",
        "description": "오늘은 개인적으로 추천드릴만한 BL물들을 가져와봤습니다!\n\n덕양소가 추천한 BL물들 애니들 보러가기\n안기남 https://vo.la/LKY0h\n기븐 https://vo.la/Ua7y1\n동급생 https://vo.la/T4UdN\n과호흡 https://vo.la/6MXlG\n마도조사 (자막) https://vo.la/VlcVB\n마도조사 (더빙) https://vo.la/5bHEM\n\n라프텔에서 시청하실 수 있습니다!\n\n문의 및 팬아트 : yyyjhong7@naver.com\n\n덕양소에게 선물하기 \nhttps://fancim.me/celeb/celebDonation.aspx?cu_id=g_evr2nVk1iE2JzVH1VVRIo4OSSJNMBGYv\n\n사용된  bgm\n🎵Music provided by 브금대통령\n🎵Track : 꼬물꼬물 - https://youtu.be/oXc3PhIeeoE\n🎵Track : 꿈의 왈츠 - https://youtu.be/xZLI501R-iw\n🎵Track : Celestial Forest - https://youtu.be/VTkHC4U0p3I\n🎵Track : This Masquerade  - https://youtu.be/nXT9yIF-xaE\n\n00:00 인트로\n00:31 동급생\n01:17 안기남\n02:15 기븐\n03:07 과호흡\n03:41 마도조사\n04:17 거인족의 신부\n05:23 인생명작\n06:02 아웃트로\n#뭘좋아할지몰라서 #다준비해봤어 #BL물추천",
        "thumbnail": "https://i.ytimg.com/vi/8WgV5BV6cEI/mqdefault.jpg",
        "youtubeVideoId": "8WgV5BV6cEI",
        "uploadedDate": "2020-09-18T08:58:59Z",
        "viewCount": 468310,
        "isCommercial": "False"
    }
]