[
    {
        "id": "2916c502-ae2f-41d0-b2f1-2268aefb1bde",
        "title": "이미 사위 삼아버리신 밤양갱 어머님...",
        "description": "#쫀득 #10월1주차 #핫클립\n편집자 by 콩석\n\n썸네일 by 콩석\n\n트위치 생방 주소 ㄱ\nhttps://www.twitch.tv/pjs9073\n\n후원\nhttps://toon.at/donate/636948819261097211",
        "thumbnail": "https://i.ytimg.com/vi/QORVaUjNKgY/mqdefault.jpg",
        "youtubeVideoId": "QORVaUjNKgY",
        "uploadedDate": "2022-11-10T07:00:50Z",
        "viewCount": 131899,
        "isCommercial": "False"
    },
    {
        "id": "46e082b1-4986-4d4e-b124-ebce165cd36d",
        "title": "학교 매점의 아이돌 꽃감이ㅋㅋㅋㅋㅋㅋㅋㅋㅋㅋㅋ",
        "description": "#10월4주차 #핫클립 #꽃감이\n편집자 by 콩석\n\n썸네일 by 콩석\n\n트위치 생방 주소 ㄱ\nhttps://www.twitch.tv/pjs9073\n\n후원\nhttps://toon.at/donate/636948819261097211",
        "thumbnail": "https://i.ytimg.com/vi/BT_B6DwuGwU/mqdefault.jpg",
        "youtubeVideoId": "BT_B6DwuGwU",
        "uploadedDate": "2022-11-03T03:00:10Z",
        "viewCount": 115712,
        "isCommercial": "False"
    },
    {
        "id": "35f8851d-9c65-4d5c-a7d2-35e8a534ee66",
        "title": "여동생있으면 이런 기분일까..?",
        "description": "#쫀득 #10월1주차 #핫클립\n편집자 by 유도비\n\n썸네일 by 유도비\n\n트위치 생방 주소 ㄱ\nhttps://www.twitch.tv/pjs9073\n\n후원\nhttps://toon.at/donate/636948819261097211",
        "thumbnail": "https://i.ytimg.com/vi/XL6RwWFAdeg/mqdefault.jpg",
        "youtubeVideoId": "XL6RwWFAdeg",
        "uploadedDate": "2022-10-14T03:00:05Z",
        "viewCount": 147796,
        "isCommercial": "False"
    },
    {
        "id": "0989abd2-2b0c-43c6-8a50-b7a7fa8969fe",
        "title": "우결천재 카라미ㅋㅋㅋㅋㅋㅋㅋㅋㅋ",
        "description": "#쫀득 #9월5주차 #핫클립\n편집자 by 유도비\n\n썸네일 by 유도비\n\n트위치 생방 주소 ㄱ\nhttps://www.twitch.tv/pjs9073\n\n후원\nhttps://toon.at/donate/636948819261097211",
        "thumbnail": "https://i.ytimg.com/vi/eoKa0-MTiHU/mqdefault.jpg",
        "youtubeVideoId": "eoKa0-MTiHU",
        "uploadedDate": "2022-10-06T07:00:23Z",
        "viewCount": 124655,
        "isCommercial": "False"
    },
    {
        "id": "410b1f27-b6c0-4ef2-8c3d-e8507b9be644",
        "title": "저랑 삐부 청첩장 공개되어버렸습니다...",
        "description": "#쫀득 #9월4주차 #핫클립\n편집자 by 유도비\n\n썸네일 by 유도비\n\n트위치 생방 주소 ㄱ\nhttps://www.twitch.tv/pjs9073\n\n후원\nhttps://toon.at/donate/636948819261097211",
        "thumbnail": "https://i.ytimg.com/vi/zbxABiyNBbA/mqdefault.jpg",
        "youtubeVideoId": "zbxABiyNBbA",
        "uploadedDate": "2022-09-29T03:00:52Z",
        "viewCount": 150624,
        "isCommercial": "False"
    },
    {
        "id": "c09d70cf-aca9-43cd-8f57-53f4053fa10f",
        "title": "삐부면 좋다고 말하는 우리 엄마...",
        "description": "#쫀득 #9월3주차 #핫클립\n편집자 by 콩석\n\n썸네일 by 콩석\n\n트위치 생방 주소 ㄱ\nhttps://www.twitch.tv/pjs9073\n\n후원\nhttps://toon.at/donate/636948819261097211",
        "thumbnail": "https://i.ytimg.com/vi/JAcTKtoX6r4/mqdefault.jpg",
        "youtubeVideoId": "JAcTKtoX6r4",
        "uploadedDate": "2022-09-22T07:00:50Z",
        "viewCount": 145860,
        "isCommercial": "False"
    },
    {
        "id": "e189a329-aa5a-427e-87ca-51eb30fa85bd",
        "title": "우결 아티스트 카라미ㅋㅋㅋㅋㅋㅋㅋㅋㅋㅋ",
        "description": "#쫀득 #9월2주차 #핫클립\n편집자 by 콩석 \n\n썸네일 by 콩석 \n\n트위치 생방 주소 ㄱ\nhttps://www.twitch.tv/pjs9073\n\n후원\nhttps://toon.at/donate/636948819261097211",
        "thumbnail": "https://i.ytimg.com/vi/Mtyh6v5qGeI/mqdefault.jpg",
        "youtubeVideoId": "Mtyh6v5qGeI",
        "uploadedDate": "2022-09-15T03:01:29Z",
        "viewCount": 146601,
        "isCommercial": "False"
    },
    {
        "id": "e0eff14b-b4da-48af-8d25-3ac58b3edcb2",
        "title": "직진 여캠 옆에서 수줍어하시는 용형님... ㅎㅎ",
        "description": "#쫀득 #9월1주차 #핫클립\n편집자 by 콩석\n\n썸네일 by 콩석\n\n트위치 생방 주소 ㄱ\nhttps://www.twitch.tv/pjs9073\n\n후원\nhttps://toon.at/donate/636948819261097211",
        "thumbnail": "https://i.ytimg.com/vi/to0QyQGoYKc/mqdefault.jpg",
        "youtubeVideoId": "to0QyQGoYKc",
        "uploadedDate": "2022-09-08T07:00:32Z",
        "viewCount": 116582,
        "isCommercial": "False"
    },
    {
        "id": "e6f66239-f4dd-40ff-8135-d8bfde4ce20b",
        "title": "여캠 놀라 자빠지는 마술ㅋㅋㅋㅋㅋㅋㅋㅋㅋㅋㅋㅋㅋ",
        "description": "#쫀득 #8월4주차 #핫클립\n편집자 by 콩석\n\n썸네일 by 콩석\n\n트위치 생방 주소 ㄱ\nhttps://www.twitch.tv/pjs9073\n\n후원\nhttps://toon.at/donate/636948819261097211",
        "thumbnail": "https://i.ytimg.com/vi/LHC9KeIx7E8/mqdefault.jpg",
        "youtubeVideoId": "LHC9KeIx7E8",
        "uploadedDate": "2022-09-01T07:03:17Z",
        "viewCount": 112779,
        "isCommercial": "False"
    },
    {
        "id": "c3c9db44-7ed8-465d-bff1-749813d5cf79",
        "title": "용형님은 먹는것도 잘 드시네...",
        "description": "#쫀득 #8월3주차 #핫클립\n편집자 by 콩석\n\n썸네일 by 콩석\n\n트위치 생방 주소 ㄱ\nhttps://www.twitch.tv/pjs9073\n\n후원\nhttps://toon.at/donate/636948819261097211",
        "thumbnail": "https://i.ytimg.com/vi/VUOwQ_WuXhw/mqdefault.jpg",
        "youtubeVideoId": "VUOwQ_WuXhw",
        "uploadedDate": "2022-08-25T03:00:42Z",
        "viewCount": 94986,
        "isCommercial": "False"
    },
    {
        "id": "c3ff72c0-b375-4885-a0fb-6dd8678e4c65",
        "title": "마젠타 코 축소술 직관ㅋㅋㅋㅋㅋㅋㅋㅋㅋㅋㅋㅋㅋㅋ",
        "description": "#쫀득 #8월2주차 #핫클립\n편집자 by 콩석\n\n썸네일 by 콩석\n\n트위치 생방 주소 ㄱ\nhttps://www.twitch.tv/pjs9073\n\n후원\nhttps://toon.at/donate/636948819261097211",
        "thumbnail": "https://i.ytimg.com/vi/x1sJ1OWDvEU/mqdefault.jpg",
        "youtubeVideoId": "x1sJ1OWDvEU",
        "uploadedDate": "2022-08-18T03:00:09Z",
        "viewCount": 105100,
        "isCommercial": "False"
    },
    {
        "id": "68cecf76-9a89-4408-ac6a-b4422c5f6d70",
        "title": "우리 삐삐 공주님... 제가 닦아드릴게요ㅎㅎ - 8월 1주차 핫클립",
        "description": "#쫀득 #8월1주차 #핫클립\n편집자 by 콩석\n\n썸네일 by 콩석\n\n트위치 생방 주소 ㄱ\nhttps://www.twitch.tv/pjs9073\n\n후원\nhttps://toon.at/donate/636948819261097211",
        "thumbnail": "https://i.ytimg.com/vi/7GiBuyeFvno/mqdefault.jpg",
        "youtubeVideoId": "7GiBuyeFvno",
        "uploadedDate": "2022-08-11T03:00:33Z",
        "viewCount": 21093,
        "isCommercial": "False"
    },
    {
        "id": "6edb029e-324c-448e-b65f-1b3f04b9637e",
        "title": "삐삐야... 같이 밥먹으러 갈래??",
        "description": "#박삐삐 #7월 #4주차 \n편집자 by 콩석\n\n썸네일 by 콩석\n\n트위치 생방 주소 ㄱ\nhttps://www.twitch.tv/pjs9073\n\n후원\nhttps://toon.at/donate/636948819261097211",
        "thumbnail": "https://i.ytimg.com/vi/QanPexEVsMU/mqdefault.jpg",
        "youtubeVideoId": "QanPexEVsMU",
        "uploadedDate": "2022-08-04T02:54:14Z",
        "viewCount": 92504,
        "isCommercial": "False"
    },
    {
        "id": "66605909-7295-4136-ac70-4eb34196e778",
        "title": "첫 통화에 사위 삼고 머스탱 주신다는 밤양갱 어머... 아니 장모님ㅋㅋㅋㅋㅋㅋ",
        "description": "#쫀득 #7월3주차 #핫클립\n편집자 by 콩석\n\n썸네일 by 콩석\n\n트위치 생방 주소 ㄱ\nhttps://www.twitch.tv/pjs9073\n\n후원\nhttps://toon.at/donate/636948819261097211",
        "thumbnail": "https://i.ytimg.com/vi/2zYMulmtEBg/mqdefault.jpg",
        "youtubeVideoId": "2zYMulmtEBg",
        "uploadedDate": "2022-07-28T03:00:19Z",
        "viewCount": 116983,
        "isCommercial": "False"
    },
    {
        "id": "4226d588-3b97-4387-8bbc-46f05cc4a3af",
        "title": "나랑은 왜 안 사겨주냐고 애원하는 여캠ㅋㅋㅋㅋㅋㅋㅋ 얘 뭐라고 하는 거냐???;;;",
        "description": "#쫀득 #7월2주차 #핫클립\n편집자 by 콩석\n\n썸네일 by 콩석\n\n트위치 생방 주소 ㄱ\nhttps://www.twitch.tv/pjs9073\n\n후원\nhttps://toon.at/donate/636948819261097211",
        "thumbnail": "https://i.ytimg.com/vi/kOJpT78dwoI/mqdefault.jpg",
        "youtubeVideoId": "kOJpT78dwoI",
        "uploadedDate": "2022-07-21T03:02:01Z",
        "viewCount": 102301,
        "isCommercial": "False"
    },
    {
        "id": "cac0d5eb-0968-47a9-90d6-b0abac87d1de",
        "title": "카라미 심자 밖에서 데이트 하면 제보 부탁드립니다^... - 7월 1주차 핫클립",
        "description": "#쫀득 #7월1주차 #핫클립\n\n🔥무한 영웅 변신 RPG 『세븐나이츠 레볼루션』🔥\n👉 지금 사전등록: https://mar.by/skr_webgag\n👉 공식 포럼 가기: https://forum.netmarble.com/skr\n지금 바로 사전 등록하고 최신 정보와 다양한 이벤트를 만나보세요!\n\n편집자 by 콩석\n\n썸네일 by 콩석\n\n트위치 생방 주소 ㄱ\nhttps://www.twitch.tv/pjs9073\n\n후원\nhttps://toon.at/donate/636948819261097211",
        "thumbnail": "https://i.ytimg.com/vi/DgB5TA7walw/mqdefault.jpg",
        "youtubeVideoId": "DgB5TA7walw",
        "uploadedDate": "2022-07-14T07:00:08Z",
        "viewCount": 177165,
        "isCommercial": "True"
    },
    {
        "id": "a9e1d370-d140-4ddf-b1ff-852d95356cf3",
        "title": "쫀득에게도 우결각이 오나..? - 6월 5주차 핫클립",
        "description": "#쫀득 #6월5주차 #핫클립\n편집자 by 콩석\n\n썸네일 by 콩석\n\n트위치 생방 주소 ㄱ\nhttps://www.twitch.tv/pjs9073\n\n후원\nhttps://toon.at/donate/636948819261097211",
        "thumbnail": "https://i.ytimg.com/vi/ljRZ_P8SqBk/mqdefault.jpg",
        "youtubeVideoId": "ljRZ_P8SqBk",
        "uploadedDate": "2022-07-07T03:00:12Z",
        "viewCount": 98378,
        "isCommercial": "False"
    },
    {
        "id": "6c53025e-2043-4299-9ca9-3fc27b5f5bc5",
        "title": "난 장난이었는데 진짜 사귀나...??ㅋㅋㅋㅋㅋ 뭐냐 니네;; - 6월 4주차 핫클립",
        "description": "#쫀득 #6월4주차 #핫클립\n편집자 by 콩석\n\n썸네일 by 콩석\n\n트위치 생방 주소 ㄱ\nhttps://www.twitch.tv/pjs9073\n\n후원\nhttps://toon.at/donate/636948819261097211",
        "thumbnail": "https://i.ytimg.com/vi/hZRCDyRZg-U/mqdefault.jpg",
        "youtubeVideoId": "hZRCDyRZg-U",
        "uploadedDate": "2022-06-30T03:00:33Z",
        "viewCount": 199345,
        "isCommercial": "False"
    },
    {
        "id": "6e11d67d-b156-4e8a-b0c0-0ab62a15f69b",
        "title": "공파야 축하한다...! 신혼집은 한국이야 캐나다야?ㅋㅋㅋㅋㅋㅋㅋㅋㅋ - 6월 3주차 핫클립",
        "description": "#쫀득 #6월3주차 #핫클립\n편집자 by 콩석\n\n썸네일 by 콩석\n\n트위치 생방 주소 ㄱ\nhttps://www.twitch.tv/pjs9073\n\n후원\nhttps://toon.at/donate/636948819261097211",
        "thumbnail": "https://i.ytimg.com/vi/fI-YNURDFz8/mqdefault.jpg",
        "youtubeVideoId": "fI-YNURDFz8",
        "uploadedDate": "2022-06-24T03:01:17Z",
        "viewCount": 124245,
        "isCommercial": "False"
    },
    {
        "id": "1b782aa1-5da7-47bd-b251-37f2bad24801",
        "title": "모솔 공파리파와 잘 가르치는 눈나ㅋㅋㅋㅋㅋㅋ - 6월 2주차 핫클립",
        "description": "#쫀득 #6월2주차 #핫클립\n편집자 by 콩석\n\n썸네일 by 콩석\n\n트위치 생방 주소 ㄱ\nhttps://www.twitch.tv/pjs9073\n\n후원\nhttps://toon.at/donate/636948819261097211",
        "thumbnail": "https://i.ytimg.com/vi/7Yd7nYkYZiA/mqdefault.jpg",
        "youtubeVideoId": "7Yd7nYkYZiA",
        "uploadedDate": "2022-06-16T07:04:31Z",
        "viewCount": 96050,
        "isCommercial": "False"
    },
    {
        "id": "a5201e58-e7c2-4d8b-b042-b0cba397ffbb",
        "title": "제가 이상형이라고요...? - 5월 4주차 핫클립",
        "description": "#쫀득 #5월4주차 #핫클립\n편집자 by 콩석\n\n썸네일 by 콩석\n\n트위치 생방 주소 ㄱ\nhttps://www.twitch.tv/pjs9073\n\n후원\nhttps://toon.at/donate/636948819261097211",
        "thumbnail": "https://i.ytimg.com/vi/Q-hi8qxP4Ak/mqdefault.jpg",
        "youtubeVideoId": "Q-hi8qxP4Ak",
        "uploadedDate": "2022-06-09T03:00:17Z",
        "viewCount": 60500,
        "isCommercial": "False"
    },
    {
        "id": "a453ab8f-f038-4e3c-989c-90a0d612716e",
        "title": "이건 안마기기야 잉갱아 제발 좀!!! - 5월 3주차 핫클립",
        "description": "#쫀득 #5월3주차 #핫클립\n편집자 by 콩석\n\n썸네일 by 콩석\n\n트위치 생방 주소 ㄱ\nhttps://www.twitch.tv/pjs9073\n\n후원\nhttps://toon.at/donate/636948819261097211",
        "thumbnail": "https://i.ytimg.com/vi/cfWN-VdOPN8/mqdefault.jpg",
        "youtubeVideoId": "cfWN-VdOPN8",
        "uploadedDate": "2022-06-02T03:00:17Z",
        "viewCount": 136374,
        "isCommercial": "False"
    },
    {
        "id": "86685377-2cc0-4466-9d53-817d31e94e0b",
        "title": "공파를 좋아한다고..?? - 5월 2주차 핫클립",
        "description": "#쫀득 #5월2주차 #핫클립\n편집자 by 콩석\n\n썸네일 by 콩석\n\n트위치 생방 주소 ㄱ\nhttps://www.twitch.tv/pjs9073\n\n후원\nhttps://toon.at/donate/636948819261097211",
        "thumbnail": "https://i.ytimg.com/vi/zpZYLh3PJTY/mqdefault.jpg",
        "youtubeVideoId": "zpZYLh3PJTY",
        "uploadedDate": "2022-05-26T07:00:10Z",
        "viewCount": 94142,
        "isCommercial": "False"
    },
    {
        "id": "a052bd07-4d46-4baa-84e4-a1577ab334d6",
        "title": "밤양갱 누나 꼬시는 직진 연하남 원정상...  둘이 뭐하냐??ㅋㅋ - 4월 4주차 핫클립",
        "description": "#쫀득 #4월4주차 #핫클립\n편집자 by 콩석\n\n썸네일 by 콩석\n\n트위치 생방 주소 ㄱ\nhttps://www.twitch.tv/pjs9073\n\n후원\nhttps://toon.at/donate/636948819261097211",
        "thumbnail": "https://i.ytimg.com/vi/Paq4-G8H7Y8/mqdefault.jpg",
        "youtubeVideoId": "Paq4-G8H7Y8",
        "uploadedDate": "2022-05-12T03:00:31Z",
        "viewCount": 129889,
        "isCommercial": "False"
    },
    {
        "id": "37175ebd-d8a8-4824-b16f-adfc398949e5",
        "title": "삐부와의 드라이브..🌟 - 4월 2주차 핫클립",
        "description": "#쫀삡 #4월2주차 #핫클립\n편집자 by 콩석\n\n썸네일 by 콩석\n\n트위치 생방 주소 ㄱ\nhttps://www.twitch.tv/pjs9073\n\n후원\nhttps://toon.at/donate/636948819261097211",
        "thumbnail": "https://i.ytimg.com/vi/HmbW8_T6-TE/mqdefault.jpg",
        "youtubeVideoId": "HmbW8_T6-TE",
        "uploadedDate": "2022-04-29T03:02:27Z",
        "viewCount": 84572,
        "isCommercial": "False"
    },
    {
        "id": "87d1af23-7540-4657-b856-d327a5ca329c",
        "title": "옷 살때 모델이 입는거 보고 사지마세요~ - 4월 1주차 핫클립",
        "description": "#쫀득 #4월1주차 #핫클립\n편집자 by 콩석\n\n썸네일 by 콩석\n\n트위치 생방 주소 ㄱ\nhttps://www.twitch.tv/pjs9073\n\n후원\nhttps://toon.at/donate/636948819261097211",
        "thumbnail": "https://i.ytimg.com/vi/yKM-_-A2VhQ/mqdefault.jpg",
        "youtubeVideoId": "yKM-_-A2VhQ",
        "uploadedDate": "2022-04-21T03:00:05Z",
        "viewCount": 189186,
        "isCommercial": "False"
    },
    {
        "id": "853d4843-819c-4002-9393-e158a23f639c",
        "title": "쿨뷰티 미녀 앞에선 찐따남;; - 3월 4주차 핫클립",
        "description": "#한갱 #3월4주차 #핫클립\n편집자 by 콩석\n\n썸네일 by 콩석\n\n트위치 생방 주소 ㄱ\nhttps://www.twitch.tv/pjs9073\n\n후원\nhttps://toon.at/donate/636948819261097211",
        "thumbnail": "https://i.ytimg.com/vi/foGULsEH2cg/mqdefault.jpg",
        "youtubeVideoId": "foGULsEH2cg",
        "uploadedDate": "2022-04-15T03:09:59Z",
        "viewCount": 73092,
        "isCommercial": "False"
    },
    {
        "id": "cef3ce25-10e4-48f1-8b10-92e320e37c34",
        "title": "웃음 참기 하다가 쓰러질뻔했네ㅋㅋㅋㅋㅌㅋㅋ - 3월 3주차 핫클립",
        "description": "#쫀득#3월3주차#핫클립\n편집자 by 콩석\n\n썸네일 by 콩석\n\n트위치 생방 주소 ㄱ\nhttps://www.twitch.tv/pjs9073\n\n후원\nhttps://toon.at/donate/636948819261097211",
        "thumbnail": "https://i.ytimg.com/vi/lkGeUfEQjcE/mqdefault.jpg",
        "youtubeVideoId": "lkGeUfEQjcE",
        "uploadedDate": "2022-04-07T03:00:03Z",
        "viewCount": 55346,
        "isCommercial": "False"
    },
    {
        "id": "d43a0136-b804-4c85-9a19-8cc57a459461",
        "title": "자희양.. 술 한잔 따라주겠어요? - 2월 3주차 핫클립",
        "description": "#견쫀 #2월3주차 #핫클립\n편집자 by 콩석\n\n썸네일 by 콩석\n\n트위치 생방 주소 ㄱ\nhttps://www.twitch.tv/pjs9073\n\n후원\nhttps://toon.at/donate/636948819261097211",
        "thumbnail": "https://i.ytimg.com/vi/0U-G3gT809M/mqdefault.jpg",
        "youtubeVideoId": "0U-G3gT809M",
        "uploadedDate": "2022-03-03T02:53:41Z",
        "viewCount": 165665,
        "isCommercial": "False"
    },
    {
        "id": "30c56602-3e93-435a-9614-95bb6ebdf11a",
        "title": "누나를 향한 마지막 진심... 우리 같이 살래요 - 2월 2주차 핫클립",
        "description": "#견쫀 #2월2주차 #핫클립\n편집자 by 콩석\n\n썸네일 by 콩석\n\n트위치 생방 주소 ㄱ\nhttps://www.twitch.tv/pjs9073\n\n후원\nhttps://toon.at/donate/636948819261097211",
        "thumbnail": "https://i.ytimg.com/vi/l3erDV5UZVY/mqdefault.jpg",
        "youtubeVideoId": "l3erDV5UZVY",
        "uploadedDate": "2022-02-24T07:00:27Z",
        "viewCount": 107194,
        "isCommercial": "False"
    },
    {
        "id": "e2b193b2-8a52-4d79-bbd6-086f81ef8ae7",
        "title": "제가 자희님을 꼬셔보겠습니다.. - 2월 1주차 핫클립",
        "description": "#쫀득 #견자희 #핫클립\n\n노래방 풀버전 : https://youtu.be/MQw4_tO71_0\n\n편집자 by 콩석\n\n썸네일 by 콩석\n\n트위치 생방 주소 ㄱ\nhttps://www.twitch.tv/pjs9073\n\n후원\nhttps://toon.at/donate/636948819261097211",
        "thumbnail": "https://i.ytimg.com/vi/6dmR-_cDb3A/mqdefault.jpg",
        "youtubeVideoId": "6dmR-_cDb3A",
        "uploadedDate": "2022-02-17T03:00:15Z",
        "viewCount": 161830,
        "isCommercial": "False"
    },
    {
        "id": "9518ac91-27e5-47c1-bac6-aa70889a2d4f",
        "title": "국대 듀얼리스트? 받아라! 『SHINING DRAW』!!!  - 1월 4주차 핫클립",
        "description": "#유희왕 #1월4주차 #핫클립\n편집자 by \n\n썸네일 by \n\n트위치 생방 주소 ㄱ\nhttps://www.twitch.tv/pjs9073\n\n후원\nhttps://toon.at/donate/636948819261097211",
        "thumbnail": "https://i.ytimg.com/vi/lCWg9LBdAZg/mqdefault.jpg",
        "youtubeVideoId": "lCWg9LBdAZg",
        "uploadedDate": "2022-02-10T02:30:28Z",
        "viewCount": 169495,
        "isCommercial": "False"
    },
    {
        "id": "961413ee-bc52-477c-8d57-67ae3ae65332",
        "title": "모코코 강화 구경하기ㅋㅋㅋㅋ 응 내꺼 아니야 ㅋㅋ - 1월 3주차 핫클립",
        "description": "#푸린 #1월3주차 #핫클립\n편집자 by 콩석\n\n썸네일 by 콩석\n\n트위치 생방 주소 ㄱ\nhttps://www.twitch.tv/pjs9073\n\n후원\nhttps://toon.at/donate/636948819261097211",
        "thumbnail": "https://i.ytimg.com/vi/9pjBVCuugnU/mqdefault.jpg",
        "youtubeVideoId": "9pjBVCuugnU",
        "uploadedDate": "2022-02-03T03:05:55Z",
        "viewCount": 116392,
        "isCommercial": "False"
    },
    {
        "id": "b045cc3b-a56e-404e-be2e-ddf5b6e7da1e",
        "title": "신호등 치킨이 맛있는 헬창들ㅋㅋㅋㅋㅋㅋㅋㅋㅋㅋㅋ - 1월 2주차 핫클립",
        "description": "#신호등치킨 #1월2주차 #핫클립\n편집자 by 콩석\n\n썸네일 by 콩석\n\n트위치 생방 주소 ㄱ\nhttps://www.twitch.tv/pjs9073\n\n후원\nhttps://toon.at/donate/636948819261097211",
        "thumbnail": "https://i.ytimg.com/vi/xwtpHWdqImk/mqdefault.jpg",
        "youtubeVideoId": "xwtpHWdqImk",
        "uploadedDate": "2022-01-27T03:00:10Z",
        "viewCount": 139649,
        "isCommercial": "False"
    },
    {
        "id": "3cde119c-7adf-44e9-9b2d-248ba9bee85a",
        "title": "한동숙 벗기기..on 시미칸과 탱글쫀득의 숨막히는 누드쇼 - 1월 1주차 핫클립",
        "description": "#쫀득 #1월1주차 #핫클립\n편집자 by 콩석\n\n썸네일 by 콩석\n\n트위치 생방 주소 ㄱ\nhttps://www.twitch.tv/pjs9073\n\n후원\nhttps://toon.at/donate/636948819261097211",
        "thumbnail": "https://i.ytimg.com/vi/0vOXrX-55CU/mqdefault.jpg",
        "youtubeVideoId": "0vOXrX-55CU",
        "uploadedDate": "2022-01-20T03:00:03Z",
        "viewCount": 186784,
        "isCommercial": "False"
    },
    {
        "id": "dd6da349-3daa-4927-9f67-059b1b7599df",
        "title": "멀티버스 프린스 쫀득 등장 ㅋㅋㅋㅋㅋㅋㅋ - 12월 5주차 핫클립",
        "description": "#쫀득 #12월5주차 #핫클립\n편집자 by 콩석\n\n썸네일 by 콩석\n\n트위치 생방 주소 ㄱ\nhttps://www.twitch.tv/pjs9073\n\n후원\nhttps://toon.at/donate/636948819261097211",
        "thumbnail": "https://i.ytimg.com/vi/njY5kid29F8/mqdefault.jpg",
        "youtubeVideoId": "njY5kid29F8",
        "uploadedDate": "2022-01-13T03:00:11Z",
        "viewCount": 234464,
        "isCommercial": "False"
    },
    {
        "id": "bd6ba7aa-7722-4a4e-9b34-b491f6f7810f",
        "title": "아니;; 마술사가 아니라 수속성 서머너잖아ㅋㅋㅋㅋ 어디서 나온거야?? - 12월 4주차 핫클립",
        "description": "#쫀득 #12월4주차 #핫클립\n편집자 by 콩석\n\n썸네일 by 콩석\n\n트위치 생방 주소 ㄱ\nhttps://www.twitch.tv/pjs9073\n\n후원\nhttps://toon.at/donate/636948819261097211",
        "thumbnail": "https://i.ytimg.com/vi/QbykSzt4TnI/mqdefault.jpg",
        "youtubeVideoId": "QbykSzt4TnI",
        "uploadedDate": "2022-01-06T03:01:47Z",
        "viewCount": 159536,
        "isCommercial": "False"
    },
    {
        "id": "5885a475-7c84-452d-9670-7c74769d428b",
        "title": "으아아ㅏㄱ !!! 비행기고 뭐고 그냥 빨리 먹여달라고!!!! - 12월 3주차 핫클립",
        "description": "#쫀득 #12월3주차 #핫클립\n편집자 by 콩석\n\n썸네일 by 콩석\n\n트위치 생방 주소 ㄱ\nhttps://www.twitch.tv/pjs9073\n\n후원\nhttps://toon.at/donate/636948819261097211",
        "thumbnail": "https://i.ytimg.com/vi/4gsxX5cpqAE/mqdefault.jpg",
        "youtubeVideoId": "4gsxX5cpqAE",
        "uploadedDate": "2021-12-30T03:04:01Z",
        "viewCount": 169179,
        "isCommercial": "False"
    },
    {
        "id": "c1ace379-a93d-42ec-8329-af9a61f53928",
        "title": "상수행님... 맥주 참.. 뭣 같이 따르시네요ㅋㅋㅋㅋㅋ 엌ㅋㅋㅋ - 12월 2주차 핫클립",
        "description": "#쫀득 #12월2주차 #핫클립\n편집자 by 콩석\n\n썸네일 by 콩석\n\n트위치 생방 주소 ㄱ\nhttps://www.twitch.tv/pjs9073\n\n후원\nhttps://toon.at/donate/636948819261097211",
        "thumbnail": "https://i.ytimg.com/vi/u6ojhpA2c0o/mqdefault.jpg",
        "youtubeVideoId": "u6ojhpA2c0o",
        "uploadedDate": "2021-12-23T03:00:40Z",
        "viewCount": 181771,
        "isCommercial": "False"
    },
    {
        "id": "4e5d1ee1-55aa-4f06-bedf-54a354bbabcd",
        "title": "가지 마... 나만 바라봐 쫀득....  - [12월 1주차 핫클립]",
        "description": "#핫클립 #12월1주차 #하이라이트\n편집자 by 홈랜드\n\n썸네일 by 홈랜드\n\n트위치 생방 주소 ㄱ\nhttps://www.twitch.tv/pjs9073\n\n후원\nhttps://toon.at/donate/636948819261097211",
        "thumbnail": "https://i.ytimg.com/vi/lQtDPmQYFmQ/mqdefault.jpg",
        "youtubeVideoId": "lQtDPmQYFmQ",
        "uploadedDate": "2021-12-16T03:00:50Z",
        "viewCount": 42075,
        "isCommercial": "False"
    },
    {
        "id": "cfb0f829-6882-4bf9-9a57-1728b1a96437",
        "title": "지팡이에서 물고기로 바뀌는 마술 ㄷㄷ;; 마술 대회 예선 미쳤네 ㅋㅋㅋ - [11월 4주차 핫클립]",
        "description": "#쫀득 #11월4주차 #하이라이트\n편집자 by 홈랜드\n\n썸네일 by 홈랜드\n\n트위치 생방 주소 ㄱ\nhttps://www.twitch.tv/pjs9073\n\n후원\nhttps://toon.at/donate/636948819261097211",
        "thumbnail": "https://i.ytimg.com/vi/IrA0USb__X0/mqdefault.jpg",
        "youtubeVideoId": "IrA0USb__X0",
        "uploadedDate": "2021-12-09T10:48:38Z",
        "viewCount": 63685,
        "isCommercial": "False"
    },
    {
        "id": "6124fabd-f754-443a-b919-21fd02d55a09",
        "title": "삐부... 너에게로 떠나는 여행... - [11월 3주차 핫클립]",
        "description": "#쫀득 #11월3주차 #핫클립\n편집자 by 콩석\n\n썸네일 by 콩석\n\n00:00 삐부와 함께하는 좋아요와 구독\n00:38 16층 쫀득이 그리운 다주...\n01:01 불러와서 패는 포켓몬 고인물\n01:36 삐부랑 두근두근 무궁화 꽃이 피었습니다\n02:20 내가 틀렸다고? 어쩔TV~\n03:07 지스타의 피리 부는 사나이 ‘쫀득’\n03:25 왜 여기서도 똥믈리에 짓을...\n03:48 당신이 개발자였구나...?\n04:32 미션 중 삐부 제철 이슈\n05:20 공주님 안기 ㅁㅇㅁㅇ?\n06:31 굵고 긴... 서양의... 그것...\n07:19 잼민? 두유 노 삐부?\n07:40 ??? : 우리는... 군단이다..\n08:09 ??? : (유튜브 각 나오게) 잘하고 있어요~\n09:20 프로 집순이 삐부의 푸념\n\n트위치 생방 주소 ㄱ\nhttps://www.twitch.tv/pjs9073\n\n후원\nhttps://toon.at/donate/636948819261097211",
        "thumbnail": "https://i.ytimg.com/vi/DyhEcsjAMDQ/mqdefault.jpg",
        "youtubeVideoId": "DyhEcsjAMDQ",
        "uploadedDate": "2021-12-02T07:00:14Z",
        "viewCount": 201067,
        "isCommercial": "False"
    },
    {
        "id": "b90c9097-373d-4bec-b8a1-93e266778396",
        "title": "전 여친 이름으로 문신 한 사람... - [11월 2주차 핫클립]",
        "description": "#쫀득  #11월2주차 #핫클립\n\n00:00 연애할 때 여친 이름으로 타투하면 안 되는 이유\n00:14 스마게가 잊지 못할 그 이름... 쫀득...\n01:02 헬스의 길이 어울리는 여자 (W. 아구이뽀 푸린 왼팔)\n01:48 아니 풀이 과정은 보여줘요 교수님 (W. 준표 임마술)\n02:14 밥 먹자 99999999999999999 (W. 준표 임마술)\n02:51 일단 지어... 그리고 고쳐  (W. 휘용 꽃핀 고차비 삐부)\n03:16 와 유튜브에서 듣던 거! (W. 휘용 꽃핀 고차비 삐부)\n03:48 ??? : 쟤 야하게 생겼네...  (W. 준표 임마술)\n04:33 저 친구 마술 잘하게 생겼네 (W. 준표 임마술)\n04:51 미친 재능의 왼파르 킴 (W. 아구이뽀 푸린 왼팔)\n07:13 수상한 시청자의 취향 \n07:27 드디어 만난 준ㅍ.. 곰시쿤\n07:58 동숲에서도 마술합방\n08:09 으어이 쩌라고오오~ (W. 아구이뽀 푸린 왼팔)\n08:51 남친짤 머도기 미러전\n09:10 하얗고 농밀한 치즈 먹방\n\n편집자 by 콩석\n\n썸네일 by 콩석\n\n트위치 생방 주소 ㄱ\nhttps://www.twitch.tv/pjs9073\n\n후원\nhttps://toon.at/donate/636948819261097211",
        "thumbnail": "https://i.ytimg.com/vi/J0ujUJm3v2Q/mqdefault.jpg",
        "youtubeVideoId": "J0ujUJm3v2Q",
        "uploadedDate": "2021-11-25T03:02:41Z",
        "viewCount": 167999,
        "isCommercial": "False"
    },
    {
        "id": "425ed34e-f6e9-44c3-820f-5e7f333cb9b4",
        "title": "간절한 마음을 담은 수줍은 고백... 삐부야.. 나랑 여행 갈래? - [11월 1주차 핫클립]",
        "description": "#쫀득 #삐부 #핫클립\n편집자 by 콩석\n\n썸네일 by 콩석\n\n트위치 생방 주소 ㄱ\nhttps://www.twitch.tv/pjs9073\n\n후원\nhttps://toon.at/donate/636948819261097211",
        "thumbnail": "https://i.ytimg.com/vi/FyZ0gsiNuIY/mqdefault.jpg",
        "youtubeVideoId": "FyZ0gsiNuIY",
        "uploadedDate": "2021-11-18T07:00:16Z",
        "viewCount": 150076,
        "isCommercial": "False"
    },
    {
        "id": "9deab1ba-2ba8-4017-83e7-0e728b0feeb2",
        "title": "우리 준표... 이정도면 잘 키웠다!~ ver.2 - [10월 4주차 핫클립]",
        "description": "#쫀득 #10월4주차 #핫클립\n편집자 by 홈랜드\n\n썸네일 by 홈랜드\n\n트위치 생방 주소 ㄱ\nhttps://www.twitch.tv/pjs9073\n\n후원\nhttps://toon.at/donate/636948819261097211",
        "thumbnail": "https://i.ytimg.com/vi/h5BvJdJ6bwU/mqdefault.jpg",
        "youtubeVideoId": "h5BvJdJ6bwU",
        "uploadedDate": "2021-11-11T02:59:47Z",
        "viewCount": 101790,
        "isCommercial": "False"
    },
    {
        "id": "38386c9d-76fa-4bf8-a176-11d32dc69d03",
        "title": "'마술' 그 자체의 동전마술 ㄷㄷ; 뭐야 동전 왜 여깄어?? - [10월 3주차 핫클립]",
        "description": "#쫀득 #10월3주차 #주간핫클립\n편집자 by 콩석\n\n썸네일 by 콩석\n\n트위치 생방 주소 ㄱ\nhttps://www.twitch.tv/pjs9073\n\n후원\nhttps://toon.at/donate/636948819261097211",
        "thumbnail": "https://i.ytimg.com/vi/dRuusyxKUlo/mqdefault.jpg",
        "youtubeVideoId": "dRuusyxKUlo",
        "uploadedDate": "2021-11-04T03:00:55Z",
        "viewCount": 106648,
        "isCommercial": "False"
    },
    {
        "id": "5b64fc3d-4e6d-4cf0-936c-4cd48e427217",
        "title": "우결? 누가? 준표가? ㅋㅋㅋㅋㅋ 이제 진짜 팍스준이네 ㅋㅋㅋ - [10월 2주차 핫클립]",
        "description": "#쫀득 #10월2주차 #핫클립\n편집자 by 콩석\n\n썸네일 by 콩석\n\n트위치 생방 주소 ㄱ\nhttps://www.twitch.tv/pjs9073\n\n후원\nhttps://toon.at/donate/636948819261097211",
        "thumbnail": "https://i.ytimg.com/vi/mw8I0z72u4Q/mqdefault.jpg",
        "youtubeVideoId": "mw8I0z72u4Q",
        "uploadedDate": "2021-10-28T03:10:40Z",
        "viewCount": 162841,
        "isCommercial": "False"
    },
    {
        "id": "f79eb009-81c2-410d-bb06-683d3439d6c7",
        "title": "여심 폭격기, 눈물 사냥꾼, 유혹의 대악마, 전설의 카사노바, 의자왕의 현신 A.K.A. 박준석 - [10월 1주차 핫클립]",
        "description": "#쫀득 #10월1주차 #핫클립\n편집자 by 콩석\n\n썸네일 by 콩석\n\n트위치 생방 주소 ㄱ\nhttps://www.twitch.tv/pjs9073\n\n후원\nhttps://toon.at/donate/636948819261097211",
        "thumbnail": "https://i.ytimg.com/vi/ORJPdYFZYsU/mqdefault.jpg",
        "youtubeVideoId": "ORJPdYFZYsU",
        "uploadedDate": "2021-10-21T03:01:10Z",
        "viewCount": 123720,
        "isCommercial": "False"
    },
    {
        "id": "12cc3eb9-9e3b-4df6-9f5d-00cb92cead83",
        "title": "잘들어 박준석! 패션은 자신감이야! - 9월5주차 핫클립",
        "description": "#쫀득 #9월5주차 #핫클립\n편집자 by 콩석\n\n썸네일 by 콩석\n\n트위치 생방 주소 ㄱ\nhttps://www.twitch.tv/pjs9073\n\n후원\nhttps://toon.at/donate/636948819261097211",
        "thumbnail": "https://i.ytimg.com/vi/2uRPM4-RGo0/mqdefault.jpg",
        "youtubeVideoId": "2uRPM4-RGo0",
        "uploadedDate": "2021-10-14T03:01:09Z",
        "viewCount": 109626,
        "isCommercial": "False"
    },
    {
        "id": "aa991c66-9d11-4cdc-989c-560ee44aa12c",
        "title": "섹시한 누님들과 한껏 경직된 준표쿤... -  9월 4주차 핫클립",
        "description": "#쫀득 #9월4주차 #핫클립\n편집자 by 콩석\n\n썸네일 by 콩석\n\n트위치 생방 주소 ㄱ\nhttps://www.twitch.tv/pjs9073\n\n후원\nhttps://toon.at/donate/636948819261097211",
        "thumbnail": "https://i.ytimg.com/vi/5RF51nlOPTI/mqdefault.jpg",
        "youtubeVideoId": "5RF51nlOPTI",
        "uploadedDate": "2021-10-07T03:00:49Z",
        "viewCount": 264140,
        "isCommercial": "False"
    }
]