[
    {
        "id": "8caa0a79-80f6-4cad-aee1-3bc092da7b18",
        "title": "너덜트 숏드라마 촬영 다녀온 썰 푼다",
        "description": "즐거웠다~\n샤라웃 @너덜트  @하승진 HASEUNGJIN \n\n◇비즈니스 문의 : biz@treasurehunter.co.kr\n\n◆우정잉 팬카페 http://cafe.daum.net/ingsfriend\n◆트위치 생방송 https://www.twitch.tv/nanajam777 \n◆인스타그램 https://www.instagram.com/friendshiping94\n\n\n22.11.3 목요일 방송분입니다.\n#너덜트 #하승진 #비하인드 \n\n음원출처 브금대통령:\nhttps://www.youtube.com/user/GwooA",
        "thumbnail": "https://i.ytimg.com/vi/JCMb4tPXlsw/mqdefault.jpg",
        "youtubeVideoId": "JCMb4tPXlsw",
        "uploadedDate": "2022-11-08T16:21:06Z",
        "viewCount": 200180,
        "isCommercial": "False"
    },
    {
        "id": "24dd9b7d-7613-48e3-96d1-629c3d23b183",
        "title": "일 크게 만들지 말고 가시라고요",
        "description": "#코믹숏무비 #너덜트 #일진\n으슥한 골목길, 일진 무리와 펼치는 “거대한” 기싸움\n\n일진1 역 / 우정잉\n유튜브 우정잉\nhttps://www.youtube.com/c/우정잉튜브\n\n형 역 / 하승진\n유튜브 하승진 HASEUNGJIN\nhttps://www.youtube.com/channel/UCINRJxfiq8pXfQm1EucWFfw\n\n동생 역 / 유현규\n인스타그램\nhttps://www.instagram.com/gyuis_\n\n일진2 역 / 전상협\n인스타그램\nhttps://www.instagram.com/j_negotiation\n\n일진3 역 / 임재형\n인스타그램\nhttps://www.instagram.com/jaehyung_log\n\n너덜트 공식 인스타그램\nhttps://www.instagram.com/nerd_ult",
        "thumbnail": "https://i.ytimg.com/vi/rIfJrhfJadk/mqdefault.jpg",
        "youtubeVideoId": "rIfJrhfJadk",
        "uploadedDate": "2022-11-02T09:12:34Z",
        "viewCount": 1353049,
        "isCommercial": "False"
    },
    {
        "id": "e88a8c47-4628-43fa-8802-c4c1b2672a1e",
        "title": "우정잉 일진설 해명 영상",
        "description": "진짜야\n\n◇비즈니스 문의 : biz@treasurehunter.co.kr\n\n◆우정잉 팬카페 http://cafe.daum.net/ingsfriend\n◆트위치 생방송 https://www.twitch.tv/nanajam777 \n◆인스타그램 https://www.instagram.com/friendshiping94\n\n\n22.5.8 일요일 방송분입니다.\n#일진녀 #해명 #보증받음\n\n음원출처 브금대통령:\nhttps://www.youtube.com/user/GwooA",
        "thumbnail": "https://i.ytimg.com/vi/meFdfdAtY0s/mqdefault.jpg",
        "youtubeVideoId": "meFdfdAtY0s",
        "uploadedDate": "2022-11-02T09:13:17Z",
        "viewCount": 116579,
        "isCommercial": "False"
    },
    {
        "id": "e129b328-fb48-4845-a2af-216fc086834a",
        "title": "잉친아 나 체육복 빌려주면 안 돼? ㅎㅎㅎ",
        "description": "학교폭력은 나쁜 거에용 \n\n\n\nTrack : Black Comedy\nMusic by 브금대통령 \nMusic provided by 브금대통령\nWatch : https://youtu.be/gHlSF3VpB9U\n---------------------\n우정잉 팬카페 http://cafe.daum.net/ingsfriend/\n트위치 생방송 https://www.twitch.tv/nanajam777\n----------------------",
        "thumbnail": "https://i.ytimg.com/vi/XoQRbFOO3QY/mqdefault.jpg",
        "youtubeVideoId": "XoQRbFOO3QY",
        "uploadedDate": "2022-11-02T09:14:07Z",
        "viewCount": 263695,
        "isCommercial": "False"
    },
    {
        "id": "1f4d535c-cf8a-4b74-b423-0e62d4b5043c",
        "title": "찐따한테 고백받은 일찐녀",
        "description": "일찐 아닙니다 \n\n◇비즈니스 문의 : kimfriendshiping@gmail.com\n\n◆우정잉 팬카페 http://cafe.daum.net/ingsfriend\n◆트위치 생방송 https://www.twitch.tv/nanajam777 \n◆인스타그램 https://www.instagram.com/friendshiping94\n\n\n22.2.10 목요일 방송분입니다.\n#Shorts #찐따 #상황극",
        "thumbnail": "https://i.ytimg.com/vi/uxIFIAofU1Y/mqdefault.jpg",
        "youtubeVideoId": "uxIFIAofU1Y",
        "uploadedDate": "2022-11-02T09:13:49Z",
        "viewCount": 95503,
        "isCommercial": "False"
    },
    {
        "id": "03df9105-a48e-4125-ad8f-6c947321f377",
        "title": "(안경을 벗으며) 너 우리 도서부 들어오면 안돼?",
        "description": "뭐야.. 치..\n\n◇비즈니스 문의 : biz@treasurehunter.co.kr\n\n◆우정잉 팬카페 http://cafe.daum.net/ingsfriend\n◆트위치 생방송 https://www.twitch.tv/nanajam777 \n◆인스타그램 https://www.instagram.com/friendshiping94\n\n\n22.04.06 수요일 방송분입니다.\n#첫사랑 #힐링영상 #부정맥자가치료",
        "thumbnail": "https://i.ytimg.com/vi/uTpRJEuSagE/mqdefault.jpg",
        "youtubeVideoId": "uTpRJEuSagE",
        "uploadedDate": "2022-11-02T09:14:04Z",
        "viewCount": 67946,
        "isCommercial": "False"
    },
    {
        "id": "bb2ed803-7bf8-4a1a-9c3d-048fca28b262",
        "title": "형들 얘 나한테 관심 있어보임? 없어보임? 평가좀",
        "description": "ㅎㅎ\n\n◇비즈니스 문의 : biz@treasurehunter.co.kr\n\n◆우정잉 팬카페 http://cafe.daum.net/ingsfriend\n◆트위치 생방송 https://www.twitch.tv/nanajam777 \n◆인스타그램 https://www.instagram.com/friendshiping94\n\n\n22.7.4 월요일 방송분입니다.\n#전학생 #여사친 #연애\n\n음원출처 브금대통령:\nhttps://www.youtube.com/user/GwooA",
        "thumbnail": "https://i.ytimg.com/vi/VsNfeNHqvp4/mqdefault.jpg",
        "youtubeVideoId": "VsNfeNHqvp4",
        "uploadedDate": "2022-11-02T09:13:57Z",
        "viewCount": 61468,
        "isCommercial": "False"
    },
    {
        "id": "502fb36f-5015-4abe-a0d8-8d94b419d78b",
        "title": "※ PTSD 주의 ※ 10년 전 일찐 연기 ㄹㅈㄷ;; #shorts",
        "description": "원본은 여기에서 볼 수 있어! \nhttps://youtu.be/XoQRbFOO3QY\n\n◇비즈니스 문의 : biz@treasurehunter.co.kr\n\n◆우정잉 팬카페 http://cafe.daum.net/ingsfriend\n◆트위치 생방송 https://www.twitch.tv/nanajam777 \n◆인스타그램 https://www.instagram.com/friendshiping94",
        "thumbnail": "https://i.ytimg.com/vi/vCa1JfRRDN8/mqdefault.jpg",
        "youtubeVideoId": "vCa1JfRRDN8",
        "uploadedDate": "2022-11-02T09:13:26Z",
        "viewCount": 56472,
        "isCommercial": "False"
    },
    {
        "id": "4c43e50f-5ffa-43bd-9b76-25e56665ce5e",
        "title": "[EP.2] 0.5초 청우성 보통 아이요. 그쟈~? 조세호 치아 색 커피로 잘나가는 4학년 1반 아재 카사미카☕  #쎄오세호 2회",
        "description": "편집실 문을 두드리는 구수한 커피향\n쎄오세호를 방문해 주셔서 감사합니다. 쌩Q...\n\n4호선 1번 출구 편집장 JO도 카며드는\n4학년 1반 아재 카사미카의 그윽한 눈빛👀❣\n\n정우성이 보였던 거 같기도..? 아니쎄오..?\n\n옷 잘 입는 아재, 핵인싸, 패션 요정, 인플루언서까지\n핫플 카페보다 더 유명한 요즘 대세 사장님★\n\n유쾌함뿐만 아니라 MZ 세대에 맞춤인\n찐 리더의 매력까지 갖추고 있다는데?!\n\n이 사람 멋지다. 그쟈이~?\n\n#쎄오세호 #조세호 #이병호 #우정잉 #박강현\n\n\n￣￣￣￣￣￣￣￣￣￣￣￣￣￣￣￣￣￣￣￣\n진짜를 보는 눈 👉 https://www.kolonmall.com\n안목있는 매거진 👉 https://www.kolonmall.com/OLOMagazine",
        "thumbnail": "https://i.ytimg.com/vi/jR7cck8LhW4/mqdefault.jpg",
        "youtubeVideoId": "jR7cck8LhW4",
        "uploadedDate": "2022-11-09T09:45:18Z",
        "viewCount": 33765,
        "isCommercial": "True"
    }
]