[
    {
        "id": "0816bd6e-3599-40ff-90c9-67d7a3fbbae5",
        "title": "뽀구미 코카인 댄스 교차편집",
        "description": "원본음악: Kokain 2021 - initio [JERIDE REMIX]\n\n♥생방송은 트위치에서♥\n♥방송시간 및 중요 공지는 트게더에! (아래링크 참조)♥\n(https://tgd.kr/s/geguleee?category=60540644)\n\n트위치 : https://www.twitch.tv/geguleee \n디스코드: https://discord.gg/qKajHXA \n인스타그램 : @bbo9_me\n틱톡 : @bbo9_me\n광고 문의 : bbogumioffice@gmail.com\n\n#뽀구미 #코카인댄스",
        "thumbnail": "https://i.ytimg.com/vi/BzcrBlUSHAo/mqdefault.jpg",
        "youtubeVideoId": "BzcrBlUSHAo",
        "uploadedDate": "2022-04-30T11:22:39Z",
        "viewCount": 51049,
        "isCommercial": "False"
    },
    {
        "id": "d426e5a9-0d7c-41e6-8750-076d612346a7",
        "title": "누가 밥먹을때 시골집 문닫히는 소리내냐고ㅋㅋ 아 ㄹㅇㅋㅋ",
        "description": "♥생방송은 트위치에서♥\n♥방송시간 및 중요 공지는 트게더에! (아래링크 참조)♥\n(https://tgd.kr/s/geguleee?category=60540644)\n\n트위치 : https://www.twitch.tv/geguleee \n디스코드: https://discord.gg/qKajHXA \n인스타그램 : @bbo9_me\n틱톡 : @bbo9_me\n광고 문의 : bbogumioffice@gmail.com\n\n#뽀구미 #아웁",
        "thumbnail": "https://i.ytimg.com/vi/C83EeYfiup4/mqdefault.jpg",
        "youtubeVideoId": "C83EeYfiup4",
        "uploadedDate": "2022-04-30T11:26:30Z",
        "viewCount": 97284,
        "isCommercial": "False"
    },
    {
        "id": "00f86597-3756-478c-9ff3-01a7b9ce3e86",
        "title": "[입덕직캠] 스우파 뽀구미 직캠 4K 'Hey Mama'",
        "description": "♥생방송은 트위치에서♥\n♥방송시간 및 중요 공지는 트게더에! (아래링크 참조)♥\n(https://tgd.kr/s/geguleee?category=60540644)\n\n트위치 : https://www.twitch.tv/geguleee\n디스코드: https://discord.gg/qKajHXA\n인스타그램 : @bbo9_me\n틱톡 : @bbo9_me\n\n#뽀구미 #Shorts #스우파 #헤이마마",
        "thumbnail": "https://i.ytimg.com/vi/hGZF_buuZMg/mqdefault.jpg",
        "youtubeVideoId": "hGZF_buuZMg",
        "uploadedDate": "2022-04-30T11:31:44Z",
        "viewCount": 2020,
        "isCommercial": "False"
    },
    {
        "id": "e8e1d920-5cec-4d0e-a465-9373aeb2f236",
        "title": "나를 여자로 생각하는 분들에게 드리고싶은 말 (진지 어그로X)",
        "description": "어떤 시청자 분이 트림 모음집을 만들어주셔서 제 노래로 만들어봤습니다\n\n♥생방송은 트위치에서♥\n♥방송시간 및 중요 공지는 트게더에! (아래링크 참조)♥\n(https://tgd.kr/s/geguleee?category=60540644)\n\n트위치 : https://www.twitch.tv/geguleee\n디스코드: https://discord.gg/qKajHXA\n인스타그램 : @bbo9_me\n틱톡 : @bbo9_me\n\n#뽀구미 #트림 #모음집",
        "thumbnail": "https://i.ytimg.com/vi/BNnO-xLhgbQ/mqdefault.jpg",
        "youtubeVideoId": "BNnO-xLhgbQ",
        "uploadedDate": "2022-04-30T11:36:56Z",
        "viewCount": 6014,
        "isCommercial": "False"
    },
    {
        "id": "bade0500-f27f-4f2b-aef8-f32b41ce36eb",
        "title": "[롤린 교차편집] 하도 못춘다하길래 춤실력 공개합니다",
        "description": "수익 없음! \n-\n안녕하세요트위치 스트리머 뽀구미 입니당!\n구독과 좋아요 많이 부탁드립니다.\n-\ninstargram: https://www.instagram.com/bbo9_me/?hl...​\n\ntwitch: https://www.twitch.tv/geguleee​​​​​​​​​​​\n\n\n#뽀구미 #브레이브걸스 #롤린",
        "thumbnail": "https://i.ytimg.com/vi/6AVv4ynQ9_8/mqdefault.jpg",
        "youtubeVideoId": "6AVv4ynQ9_8",
        "uploadedDate": "2022-04-30T12:22:25Z",
        "viewCount": 17887,
        "isCommercial": "False"
    },
    {
        "id": "5414e032-f746-481b-9800-5a97523d09be",
        "title": "뚜들겨 맞는 애교",
        "description": "애교부릴 때 방해 하지마~~~ 죽여버릴거란다\n-\n안녕하세요트위치 스트리머 뽀구미 입니당!\n구독과 좋아요 많이 부탁드립니다.\n-\ninstargram: https://www.instagram.com/bbo9_me/?hl...​\ntwitch: https://www.twitch.tv/geguleee​​​​​​​​\n\n\n#뽀구미​​​ #애교",
        "thumbnail": "https://i.ytimg.com/vi/3OdEYUpVvIs/mqdefault.jpg",
        "youtubeVideoId": "3OdEYUpVvIs",
        "uploadedDate": "2022-04-30T16:35:37Z",
        "viewCount": 11332,
        "isCommercial": "False"
    },
    {
        "id": "282915bf-94c4-4827-949c-440041898af5",
        "title": "무조건 섹시해질 수 있는 인싸 춤 [중독댄스]",
        "description": "살랑살랑 중독댄스\n-\n안녕하세요트위치 스트리머 뽀구미 입니당!\n구독과 좋아요 많이 부탁드립니다.\n-\ninstargram: https://www.instagram.com/bbo9_me/?hl=ko\ntwitch: https://www.twitch.tv/geguleee\n\n\n#뽀구미 #인싸춤 #중독댄스",
        "thumbnail": "https://i.ytimg.com/vi/CDeLcBIC5PQ/mqdefault.jpg",
        "youtubeVideoId": "CDeLcBIC5PQ",
        "uploadedDate": "2022-04-30T17:11:17Z",
        "viewCount": 21815,
        "isCommercial": "False"
    },
    {
        "id": "266c0102-d2bd-4e47-80e7-3be16fc5c798",
        "title": "뽀쿠란보",
        "description": "귀여운척 좀 해봤습니다 ㅎ히히 귀엽게 봐주세여!\n-\n안녕하세요트위치 스트리머 뽀구미 입니당!\n구독과 좋아요 많이 부탁드립니다.\n-\ninstargram: https://www.instagram.com/bbo9_me/?hl=ko\ntwitch: https://www.twitch.tv/geguleee\n\n\n#뽀구미 #사쿠란보 #뽀쿠란보",
        "thumbnail": "https://i.ytimg.com/vi/WQlKWeM4SKI/mqdefault.jpg",
        "youtubeVideoId": "WQlKWeM4SKI",
        "uploadedDate": "2022-04-30T17:13:22Z",
        "viewCount": 18957,
        "isCommercial": "False"
    },
    {
        "id": "82d1acd0-7631-4d42-b64f-85838f06f228",
        "title": "내앞에서 다른여자 보지말라고 [오토바이춤]",
        "description": "나만 봐 나만보라고!!!!\n\ninstargram: https://www.instagram.com/bbo9_me/?hl=ko\ntwitch: https://www.twitch.tv/geguleee\n\n#뽀구미 #오토바이춤 #춤실력",
        "thumbnail": "https://i.ytimg.com/vi/FXZvNTphfOM/mqdefault.jpg",
        "youtubeVideoId": "FXZvNTphfOM",
        "uploadedDate": "2022-04-30T17:13:36Z",
        "viewCount": 18040,
        "isCommercial": "False"
    },
    {
        "id": "4fc4a0c8-07c6-4f1c-9008-5d7e342f19e7",
        "title": "뽀구미 애교 유튜브 아웃트로 만들기 [귀여움 주의]",
        "description": "유튜브 아웃트로를 열심히 만들어보았슴미다...\n귀엽게 봐주ㅓ\n구독 좋아요 박아\n\ninstargram: https://www.instagram.com/bbo9_me/?hl=ko\ntwitch: https://www.twitch.tv/geguleee\n\n#뽀구미 #애교 #아웃트로",
        "thumbnail": "https://i.ytimg.com/vi/HlX6AXA33pM/mqdefault.jpg",
        "youtubeVideoId": "HlX6AXA33pM",
        "uploadedDate": "2022-04-30T17:13:44Z",
        "viewCount": 8784,
        "isCommercial": "False"
    },
    {
        "id": "7a208209-cde9-4a3e-ae9c-27b73bd4034f",
        "title": "트수들이 오버워치 싫어해서 공포게임 했더니...",
        "description": "공포게임은 하지 않는 것이 좋겠어요\n저는 쭈구리니까요\n(오버워치 하러가야지)\n\ninstargram: https://www.instagram.com/bbo9_me/?hl=ko\ntwitch: https://www.twitch.tv/geguleee\n\n#뽀구미 #핫클립 #공포게임",
        "thumbnail": "https://i.ytimg.com/vi/3s4DcvMz7uU/mqdefault.jpg",
        "youtubeVideoId": "3s4DcvMz7uU",
        "uploadedDate": "2022-04-30T17:13:51Z",
        "viewCount": 6284,
        "isCommercial": "False"
    }
]