[
    {
        "id": "9493ea22-4ab2-42fe-a414-03e7345cf5a8",
        "title": "삶의 질 상승시켜주는 무료 어플 추천 5가지! (아이폰 갤럭시 모두 가능)",
        "description": "0:00 스마트폰으로 삶의질 높이는 방법\n0:43 구독 한번에 관리하기\n2:06 넷플릭스 더 싸게 보는법 쉐어 추천인 코드 Hfy0KQ\n3:58 내 차 손쉽게 비싸게 팔기\n9:27 면허증 이제 들고다닐 필요 없다?\n11:12 괜찮은 식당 쉽게 알아보기\n12:51 숨겨진 카드 포인트 현금으로 받기\n\nTag\n#어플추천 #삶의질\n\n이번 영상은 헤이딜러 앱의 광고를 포함하고 있습니다.\n\n✔ 비즈니스 문의 : itws8692@gmail.com\n✔ 인스타그램 - https://www.instagram.com/at_the_endd/",
        "thumbnail": "https://i.ytimg.com/vi/h_Y4lPumqo0/mqdefault.jpg",
        "youtubeVideoId": "h_Y4lPumqo0",
        "uploadedDate": "2022-10-29T05:06:54Z",
        "viewCount": 14272,
        "isCommercial": "True"
    },
    {
        "id": "b871373d-a231-4a33-923e-e360b147cde8",
        "title": "솔직히 나보다 낫다! 물걸레 청소기 끝판왕. 알아서 빨래해주고, 건조까지 해주는 나르왈 프레오 로봇청소기",
        "description": "오늘은 물걸레 로봇청소기 끝판왕 소개해드립니다!\n집 메인 청소기 바꾼드아!!\n\n이번 영상은 나르왈의 지원을 받아 제작되었습니다\n\n●Narwal korea 바로가기 : https://bit.ly/ytatekrfl\n●2022년 10월 27 나르왈 프레오 한국 런칭\n●런칭 프로모션 기간: 10월 27일-10월 31일\n (네이버, 쿠팡에서 구매 가능)\n\n나르왈 프레오 쿠팡 링크\nhttps://link.coupang.com/a/Ezqkf\n위 링크에서 구매하시면 에이트ATE에게 소정의 수수료가 지급됩니다.\n\n●Narwal korea 바로가기 : https://bit.ly/ytatekrfl\n●2022년 10월 27 나르왈 프레오 한국 런칭\n●런칭 프로모션 기간: 10월 27일-10월 31일\n (네이버, 쿠팡에서 구매 가능)\n\nTag\n#NarwalFreo #물걸레로봇청소기 #나르왈 # Narwal #나르왈런칭\n\n✔ 비즈니스 문의 : itws8692@gmail.com\n✔ 인스타그램 - https://www.instagram.com/at_the_endd/",
        "thumbnail": "https://i.ytimg.com/vi/0votwEucDTI/mqdefault.jpg",
        "youtubeVideoId": "0votwEucDTI",
        "uploadedDate": "2022-10-27T09:37:36Z",
        "viewCount": 6337,
        "isCommercial": "True"
    },
    {
        "id": "c8fd3da2-4a6a-4c47-bbd4-54184e73c20e",
        "title": "에어컨 모드가 있는 휴대용 선풍기, 더위 해결!? 45900원에 산 에어컨 손풍기 리뷰",
        "description": "쿠팡 링크\nhttps://link.coupang.com/a/le5Oz\n위 링크에서 구매하시면 에이트ATE에게 소정의 수수료가 지급됩니다.\n\n요즘 진짜 더운데, 에어컨 기능 들어간 휴대용 선풍기 손풍기가 있다고 해서\n너무 궁금해서 사봤습니다.\n\nTag\n#에어컨 #선풍기 #핸디선풍기 #휴대용선풍기\n\n✔ 비즈니스 문의 : itws8692@gmail.com\n✔ 인스타그램 - https://www.instagram.com/at_the_endd/\n✔ 음원사이트 - https://artlist.io/HONG-1533409\n    (가입 시 2개월 추가 무료 혜택)",
        "thumbnail": "https://i.ytimg.com/vi/0fBFRA20Kjw/mqdefault.jpg",
        "youtubeVideoId": "0fBFRA20Kjw",
        "uploadedDate": "2022-07-30T11:14:50Z",
        "viewCount": 3324,
        "isCommercial": "False"
    },
    {
        "id": "1ae9dd3f-398c-41bf-a76e-ab5327a17ed3",
        "title": "레벨이 다른데요? 역대급 비싸고 좋은 로봇청소기 끝판왕 로보락 S7 MaxV Ultra 사용기",
        "description": "Tag\n#로보락S7_MaxV_Ultra #로봇청소기추천\n\n▶로보락 S7 MaxV Ultra 구입하러 가기 : https://bit.ly/3y6ZmIX\n--------\n로보락코리아 공식 SNS 채널 바로가기:\n▶인스타그램: https://www.instagram.com/roborock.korea/\n▶페이스북: https://www.facebook.com/RoborockKorea/\n\n*로보락의 지원을 받아 제작되었습니다.\n\n*타임라인\n0:00 로봇청소기 진짜 필욯나가?\n0:38 로봇청소기 고르는 4가지 기준\n2:00 끝판왕 로청 로보락 S7 MaxV 울트라\n2:42 장애물 회피 능력\n5:41 먼지통 자동비움\n8:37 물걸레 세척까지?\n11:36 홈 CCTV\n12:55 물걸레 오토리프팅\n13:12 요약\n\n쿠팡 링크\nhttps://link.coupang.com/a/le5Oz\n위 링크에서 구매하시면 에이트ATE에게 소정의 수수료가 지급됩니다.\n\n✔ 비즈니스 문의 : itws8692@gmail.com\n✔ 인스타그램 - https://www.instagram.com/at_the_endd/\n✔ 음원사이트 - https://artlist.io/HONG-1533409\n    (가입 시 2개월 추가 무료 혜택)",
        "thumbnail": "https://i.ytimg.com/vi/XURjQe2LGNM/mqdefault.jpg",
        "youtubeVideoId": "XURjQe2LGNM",
        "uploadedDate": "2022-04-25T09:41:32Z",
        "viewCount": 11250,
        "isCommercial": "True"
    },
    {
        "id": "59076606-e5d8-4add-8408-dfdfcf480e40",
        "title": "매일 책상에 앉는분 꼭 보세요! 2개월 내돈내산 장기 리뷰, 루나랩 모션데스크 장단점",
        "description": "오늘은 루나랩에서 나온 모션데스크 장기 사용기 입니다.\n업로드 시점은 거의 3개월째가 되어가네요.\n모션데스크를 쓰면 어떤 장단점이 있는지 정리해봤어요.\n\n루나랩 모션 데스크\nhttps://link.coupang.com/a/lGYI2\n위 링크에서 구매하시면 에이트ATE에게 소정의 수수료가 지급됩니다.\n\nTag\n#모션데스크 #루나랩모션데스크 #전동책상\n\n✔ 비즈니스 문의 : itws8692@gmail.com\n✔ 인스타그램 - https://www.instagram.com/at_the_endd/\n✔ 음원사이트 - https://artlist.io/HONG-1533409\n    (가입 시 2개월 추가 무료 혜택)",
        "thumbnail": "https://i.ytimg.com/vi/GNNND5AkM14/mqdefault.jpg",
        "youtubeVideoId": "GNNND5AkM14",
        "uploadedDate": "2022-04-02T21:59:18Z",
        "viewCount": 1957,
        "isCommercial": "False"
    },
    {
        "id": "cbeea91c-7f93-40a6-984d-63fb95e525cc",
        "title": "없어서 못산다는 119만원짜리 미니 프로젝터!? 삼성 더 프리스타일",
        "description": "나오자마자 매진행렬이던 삼성 더 프리스타일 사용해봤어요!\n프로젝터중에 휴대성 편의성은 가장 최고지않나 싶어요\n\n#삼성TheFreestyle #더프리스타일 #TheFreestyle #올라운드플레이어 #더프리스타일체험단 #TheFreestyle체험단\n\n3월부터 삼성닷컴에서 더 프리스타일 체험 후기의 콘텐츠가\n공개될 예정이라고 하니 사전 구독 이벤트도 참여해보세요~\nhttps://www.samsung.com/sec/event/thefreestyleplayer/\n\n본 영상은 제품을 소개하면서 삼성전자로부터 제품 지급 및 원고료를 제공받았습니다.\n\n✔ 비즈니스 문의 : itws8692@gmail.com\n✔ 인스타그램 - https://www.instagram.com/at_the_endd/\n✔ 음원사이트 - https://artlist.io/HONG-1533409\n    (가입 시 2개월 추가 무료 혜택)",
        "thumbnail": "https://i.ytimg.com/vi/G9z4JvLhf3Q/mqdefault.jpg",
        "youtubeVideoId": "G9z4JvLhf3Q",
        "uploadedDate": "2022-03-02T14:02:00Z",
        "viewCount": 25040,
        "isCommercial": "True"
    },
    {
        "id": "1b3a4904-0e74-4d2b-a60d-d25b62d2149e",
        "title": "공기 '청정' 말고 공기 '살균'까지 하세요. 세스코 UV 공기살균기 센스미",
        "description": "이 영상은 지원을 받아 제작되었습니다.\n\n이번 영상은 해충잡는 세스코에서 만든 공기살균기 센스미 사용기에요\n요즘 시국에 새로운 트렌드로 잡힐만한 제품군이 탄생한 것 같아요.\n각종 실험과 인증서로 확인된 공기 중 바이러스 99.99% 제거부터 모션인식 기술로 바이러스 선제공격 시스템을 갖춰 센스있게 안심 공간 관리를 해주는 기능까지.\n자세한 정보는 영상과 아래 링크로 확인해보세요!\n\n 제품 더 알아보기\nhttps://bit.ly/3JMyTTm\n\n세스코 대표번호 : 1588-1119\n\n#공기살균기 #센스미 #세스코 #세스코공기살균기\n\n✔ 비즈니스 문의 : itws8692@gmail.com\n✔ 인스타그램 - https://www.instagram.com/at_the_endd/\n✔ 음원사이트 - https://artlist.io/HONG-1533409\n    (가입 시 2개월 추가 무료 혜택)",
        "thumbnail": "https://i.ytimg.com/vi/ORRu7PcU0xE/mqdefault.jpg",
        "youtubeVideoId": "ORRu7PcU0xE",
        "uploadedDate": "2022-02-25T05:53:18Z",
        "viewCount": 13792,
        "isCommercial": "True"
    },
    {
        "id": "93aace88-477a-410c-b1da-f845fc2fff69",
        "title": "이런 '고오급 정수기'는 처음 사용해봤습니다. 프리미엄 정수기가 다른 이유 (feat. 코웨이 노블 정수기)",
        "description": "코웨이의 지원을 받아 제작되었습니다.\n\n오늘은 코웨이의 프리미엄 정수기 #노블정수기 를 소개해드려요.\n내집이었으면 무조건 빌트인 선택했을듯ㅠㅠ 존예. 깔끔.\n디자인부터 위생, 편의기능까지 왜 프리미엄인지 알 수 있던 것 같아요.\n\n노블 정수기 빌트인 : https://bit.ly/3DwBWLK\n노블 정수기 세로형 : https://bit.ly/3rEivi0\n노블 정수기 가로형 : https://bit.ly/3oDkPnH\n\n#코웨이 #프리미엄정수기 #정수기추천 #인테리어정수기\n\n✔ 비즈니스 문의 : itws8692@gmail.com\n✔ 인스타그램 - https://www.instagram.com/at_the_endd/\n✔ 음원사이트 - https://artlist.io/HONG-1533409\n    (가입 시 2개월 추가 무료 혜택)",
        "thumbnail": "https://i.ytimg.com/vi/ObNXWItFGpg/mqdefault.jpg",
        "youtubeVideoId": "ObNXWItFGpg",
        "uploadedDate": "2021-12-12T08:21:12Z",
        "viewCount": 5122,
        "isCommercial": "False"
    },
    {
        "id": "f1cf79cb-e143-4816-90dd-d2931eaf0c08",
        "title": "이게 된다고? 먼지/액체/물걸레 청소에 물걸레 오토 클리닝까지 들어간 무선 청소기 드리미 H11max, H11",
        "description": "이번건 정말 찍기 어려웠네요.\n\nH11max: https://bit.ly/303erMC\n권장 소매가: 699,000 원\n얼리버드 가격: 599,000 원\n유효기간: 11월 11일 ~ 30일\n\nH11: https://bit.ly/3EYZz0N\n\nTag\n#dreame #드리미 #H11max #dreamebot #doubleclean\n\n*타임라인\n0:00 영상 시작쓰\n0:50 H11 max & H11 디자인\n2:17 청소모드 일반\n3:05 물걸레 청소\n3:44 오토 클리닝\n5:05 액체 흡입 모드\n5:55 액체+건더기 흡입\n8:07 H11과 H11 max 차이\n8:45 마무리\n\n✔ 비즈니스 문의 : itws8692@gmail.com\n✔ 인스타그램 - https://www.instagram.com/at_the_endd/\n✔ 음원사이트 - https://artlist.io/HONG-1533409\n    (가입 시 2개월 추가 무료 혜택)",
        "thumbnail": "https://i.ytimg.com/vi/roy5svZ5Kq8/mqdefault.jpg",
        "youtubeVideoId": "roy5svZ5Kq8",
        "uploadedDate": "2021-11-17T09:48:03Z",
        "viewCount": 9321,
        "isCommercial": "False"
    },
    {
        "id": "4a31839c-b96a-43c9-ac31-7820b2764af1",
        "title": "왜 이제야 썼을까.. 음식물 처리기 쓰기 전,후로 달라진 점! 스마트카라 pcs-400 사용기",
        "description": "쓰기 전까지는 억지로 다 먹고,\n못먹은 음식땜에 음쓰 지옥이었다면\n이제는 내 맘대루 처리 가능!\n\nhttps://smartcara.com/onlineShop/\n\n* 에이트에게 보고싶은 콘텐츠 추천하기\n\"이트야 이것좀 해보거라~\" ▼ (크롬 브라우저 추천)\nhttps://forms.gle/EityPLDpxd1XrK529\n\nTag\n#스마트카라 #음식물쓰레기 #음식물처리기\n\n*협찬 : 해당 영상은 유료광고 포함하고 있습니다.\n\n* (비즈니스 문의) itws8692@gmail.com\n* (일상/소통) https://www.instagram.com/at_the_endd/",
        "thumbnail": "https://i.ytimg.com/vi/artN3Xc6LmI/mqdefault.jpg",
        "youtubeVideoId": "artN3Xc6LmI",
        "uploadedDate": "2021-05-18T07:45:59Z",
        "viewCount": 16509,
        "isCommercial": "True"
    },
    {
        "id": "21cb3f86-514c-4cc3-b72a-4768171dc2d0",
        "title": "사기전에 꼭 보고 사세요! 자취생 추천 아이템! 발뮤다 토스터기 2달 사용기",
        "description": "오늘 아침도 토스트 해먹음\n저 요리 좀 하는 듯. 먹으러 오실?\n에어프라이기 있다면 추천은 아님! (빵에 살고 빵에 죽는다면 추천)\n에어프라이기 없다면 강추쓰 (할인 할 때 노리기)\n\n* 에이트에게 보고싶은 콘텐츠 추천하기\n\"이트야 이것좀 해보거라~\" ▼\nhttps://forms.gle/EityPLDpxd1XrK529\n\nTag\n#발뮤다토스터 #마약토스트 #발뮤다토스터레시피\n\n*협찬 : 해당 영상은 협찬사항 없습니다.\n\n* (비즈니스 문의) itws8692@gmail.com\n* (일상/소통) https://www.instagram.com/at_the_endd/\n\n*타임라인\n0:00 영상 시작쓰\n1:36 닥 화이트\n3:29 죽은빵도 살린다는 5cc\n4:36 토스트 상태가..?\n6:26 군고구마 냉동만두 작살남\n8:42 다양한 레시피\n9:52 도자기 트레이...\n11:07 사이즈가 은근히...\n12:00 도자기 트레이2222...\n13:08 가격이..?\n14:12 불량품?\n14:40 그래서 추천은?",
        "thumbnail": "https://i.ytimg.com/vi/vGTOBo9IkC4/mqdefault.jpg",
        "youtubeVideoId": "vGTOBo9IkC4",
        "uploadedDate": "2021-04-09T02:45:19Z",
        "viewCount": 5634,
        "isCommercial": "False"
    },
    {
        "id": "f9743db6-a3ae-4142-9e65-109e7f7bf4a1",
        "title": "스피커 맞습니다. 의외로 쓸만한? 5만원 짜리 블루투스 스피커 사용기",
        "description": "예전부터 사보고 싶었는데, 이제 소개해드리네요!ㅋㅋㅋㅋ\n\n#코르크스피커 #블루투스스피커 #여행용스피커\n\n*협찬 : 해당영상은 협찬사항 없습니다.\n\n안사면 0원 사면 영원!\n유용한 꿀팁/설정, 핫한 아이템, 신박한 물건, 최신 기기 리뷰의 모든 것!\n\n* (비즈니스 문의) itws8692@gmail.com\n* (일상/소통) https://www.instagram.com/at_the_endd/",
        "thumbnail": "https://i.ytimg.com/vi/dn8LrEeOgX4/mqdefault.jpg",
        "youtubeVideoId": "dn8LrEeOgX4",
        "uploadedDate": "2021-04-01T10:03:06Z",
        "viewCount": 3418,
        "isCommercial": "False"
    },
    {
        "id": "bef9e8e6-cc7f-42a5-be25-8a59b9340988",
        "title": "끝판왕이래서 테스트 해봤습니다. 21년 신제품 LG 코드제로 A9S 쓰고 달라진 점",
        "description": "자동으로 먼지통 비워주는건 물론,  액세서리 보관도 깔끔한 올인원타워!\n그리고 흡입+물걸레 동시 청소 가능한 물걸레 흡입구까지\nLG 코드제로 A9S 써보니 삶의  질 수직 상승..! 한달 가까이 사용해보니 너무 좋네요.\n \n#LG코드제로A9S #LG오브제컬렉션청소기 #올인원타워\n\n*LG전자로부터 소정의 제작비와 리뷰용 제품을 무상 제공 받아 제작했습니다.\n\n안사면 0원 사면 영원!\n유용한 꿀팁/설정, 핫한 아이템, 신박한 물건, 최신 기기 리뷰의 모든 것!\n\n* (비즈니스 문의) itws8692@gmail.com\n* (일상/소통) https://www.instagram.com/at_the_endd/",
        "thumbnail": "https://i.ytimg.com/vi/7lyCRspiPHs/mqdefault.jpg",
        "youtubeVideoId": "7lyCRspiPHs",
        "uploadedDate": "2021-03-30T09:07:48Z",
        "viewCount": 19459,
        "isCommercial": "True"
    },
    {
        "id": "a8a942a0-e5b2-4107-8a1a-ffe5fac0bf8f",
        "title": "요즘 에어컨 너무 똑똑하다. 한겨울에도 에어컨 뽐뿌오게 만드는 2021 LG 휘센 에어컨",
        "description": "*협찬 : LG전자로부터 지원을 받아 제작되었습니다.\n\nLG에서 새롭게 태어난 휘센 에어컨을 만나보고 왔어요.\n청정관리부터 스마트 센서를 이용한 절전기능까지!\n이번 여름은 요녀석이겠네요!\n\n#LG휘센 #2021휘센에어컨 #신기능\n\n안사면 0원 사면 영원!\n유용한 꿀팁/설정, 핫한 아이템, 신박한 물건, 최신 기기 리뷰의 모든 것!\n\n* (비즈니스 문의) itws8692@gmail.com\n* (일상/소통) https://www.instagram.com/at_the_endd/",
        "thumbnail": "https://i.ytimg.com/vi/a1t_ircCXIg/mqdefault.jpg",
        "youtubeVideoId": "a1t_ircCXIg",
        "uploadedDate": "2021-01-28T07:57:45Z",
        "viewCount": 13968,
        "isCommercial": "True"
    },
    {
        "id": "5db654e3-3d22-4542-b5b3-18656b52a8b1",
        "title": "적적한 요즘, 하나쯤 필요한 가성비 블루투스 스피커, 앤커 사운드코어 모션플러스",
        "description": "새해 복 많이 받으세요.\n제가 구입했을때는 8만원대였는데,\n지금은 배송비 포함 10만원 쯤으로 구할수있는 것 같네요\n10만원이어도 지금의 저라면 살 것 같아요!\n그런데 사용할수록 뭔가 배터리가 빨리닳는 느낌이 있네요.\n\n#블루투스스피커 #가성비 #앤커사운드코어모션플러스\n\n0:00 으구 시원하다\n0:39 디자인\n2:08 음질\n5:53 기타 특징 방수/멀티링크 \n6:48 어플\n8:08 마무리\n\n*협찬 : 해당영상은 협찬사항 없습니다.\n안사면 0원 사면 영원!\n유용한 꿀팁/설정, 핫한 아이템, 신박한 물건, 최신 기기 리뷰의 모든 것!\n\n* (비즈니스 문의) itws8692@gmail.com\n* (일상/소통) https://www.instagram.com/at_the_endd/",
        "thumbnail": "https://i.ytimg.com/vi/nvY5kjsPXSE/mqdefault.jpg",
        "youtubeVideoId": "nvY5kjsPXSE",
        "uploadedDate": "2021-01-01T11:07:02Z",
        "viewCount": 16430,
        "isCommercial": "False"
    },
    {
        "id": "eac7efbb-a838-45b7-97c7-5c167d74fe9e",
        "title": "날면도만 하던 남자가 전기면도기를 사용하면? 날면도기 vs 전기면도기",
        "description": "*협찬 : 필립스로부터 지원을 받아 제작되었습니다.\n\n메리 크리스마스!\n20대 되면서 항상 고민했던건데,\n몇년동안 깔끔한 날면도만 고집하던 제가\n전기면도기를 사용하게된 이유에 대해서 알려드릴게용!\n\n필립스 기획전 바로가기!\nhttps://philips.to/32Efilu\n\n#SkinIQ5000 #S5000 #필립스 #전기면도기\n\n*타임라인\n0:00 고민된다..\n0:38 절삭력 비교\n2:56 절삭력 테스트 하드코어 버전\n6:06 피부보호\n7:12 가격비교\n10:27 편의성\n11:56 매무리\n\n안사면 0원 사면 영원!\n유용한 꿀팁/설정, 핫한 아이템, 신박한 물건, 최신 기기 리뷰의 모든 것!\n\n* (비즈니스 문의) itws8692@gmail.com\n* (일상/소통) https://www.instagram.com/at_the_endd/",
        "thumbnail": "https://i.ytimg.com/vi/6h5W0xsuJ38/mqdefault.jpg",
        "youtubeVideoId": "6h5W0xsuJ38",
        "uploadedDate": "2020-12-25T09:07:22Z",
        "viewCount": 53417,
        "isCommercial": "True"
    },
    {
        "id": "e8cb92a0-ea8b-4d0a-a013-c7a3d43a4ed9",
        "title": "5만원 이하 가성비 전자제품 인생템 TOP6 - 삶의 질 수직 상승!",
        "description": "2020 결산하면서 TOP5를 찍으려고했는데, 촬영하다보니 6개를 소개해드렸네요.\n사실은 6+1개 ㅋㅋ\n모두 다 완전 만족하면서 사용중! 강추!\n\n*타임라인\n0:00 안녕하세요\n0:38 베이스어스 모니터 조명\n1:51 베이스어스 자동 손세정기\n3:44 뽀모도로 타이머\n4:47 콕스 CK-87 기계식 키보드\n6:22 태블릿 거치대\n8:11 블루라이트 차단안경\n9:04 모니터 암\n10:40 마무리\n\n#가성비 #인생템 #TOP5\n\n해당영상은 협찬사항 없습니다.\n\n안사면 0원 사면 영원!\n유용한 꿀팁/설정, 핫한 아이템, 신박한 물건, 최신 기기 리뷰의 모든 것!\n\n* (비즈니스 문의) itws8692@gmail.com\n* (일상/소통) https://www.instagram.com/at_the_endd/",
        "thumbnail": "https://i.ytimg.com/vi/zO9foghKEjY/mqdefault.jpg",
        "youtubeVideoId": "zO9foghKEjY",
        "uploadedDate": "2020-12-22T11:15:30Z",
        "viewCount": 224040,
        "isCommercial": "False"
    },
    {
        "id": "9f4fe4ec-8a2a-4903-99e9-b1a9139d8151",
        "title": "업무 효율 높이는 데스크 셋업 필수템! 듀얼 모니터암 장단점 카멜 CMA-2DPB",
        "description": "저도 모르고 구입을해서 책상 배치까지 바꿔버렸네요ㅠ\n관심있으신분들은 공간 꼭 확인하고 설치하세요!\n\n*협찬 : 영상에 잠깐 나오는 로지텍 MX anywhere는 제조사로부터 받은 제품이지만 이번 영상과는 무관한 제품임을 알립니다.\n\n*타임라인\n0:00 안녕하세요 에이트입니다.\n0:25 모니터암이 뭐냐면\n0:45 데스크 셋업 전\n1:58 모니터암 준비 및 조립\n3:39 모니터암을 설치했더니 구조가 바뀌었다\n4:00 데스크 셋업 후\n4:20 모니터암 장단점\n6:11 데스크 셋업 둘러보기\n7:11 총정리\n\n#모니터암 #카멜모니터암 #듀얼모니터셋업 #데스크셋업\n\n안사면 0원 사면 영원!\n유용한 꿀팁/설정, 핫한 아이템, 신박한 물건, 최신 기기 리뷰의 모든 것!\n\n* (비즈니스 문의) itws8692@gmail.com\n* (일상/소통) https://www.instagram.com/at_the_endd/",
        "thumbnail": "https://i.ytimg.com/vi/T-8rMj9aU-k/mqdefault.jpg",
        "youtubeVideoId": "T-8rMj9aU-k",
        "uploadedDate": "2020-11-08T09:19:14Z",
        "viewCount": 20393,
        "isCommercial": "False"
    },
    {
        "id": "9e88a11b-eb90-4260-8160-8c8f0dd6847a",
        "title": "블루투스 스피커 3종 비교! 소리 좋고 디자인 예쁜 스피커를 찾는다면?! LG엑스붐Go PL시리즈",
        "description": "*협찬 : LG전자로부터 소정의 제작비를 지원받아 제작되었습니다.\n\n오늘 소개해드릴 제품은 블루투 스피커 크기별로 3개의 시리즈로 나온\nLG 엑스붐GO PL2 / PL5 / PL7 제품이에요.\n물론 숫자가 높아지면서 가격도 높아지지만,\n그만큼 갬동도 커진다는거ㅠㅠ!\n소리도 좋고 디자인도 좋아서 내가 쓰기에도 좋고,\n선물용으로도 부담없이 좋을 것 같아요!\n\n#블루투스스피커 #LG엑스붐Go #젤리빈스피커 #메리디안\n\n\n안사면 0원 사면 영원!\n유용한 꿀팁/설정, 핫한 아이템, 신박한 물건, 최신 기기 리뷰의 모든 것!\n\n* (비즈니스 문의) itws8692@gmail.com\n* (일상/소통) https://www.instagram.com/at_the_endd/",
        "thumbnail": "https://i.ytimg.com/vi/AcGLZCoaZ7k/mqdefault.jpg",
        "youtubeVideoId": "AcGLZCoaZ7k",
        "uploadedDate": "2020-10-27T09:36:11Z",
        "viewCount": 11412,
        "isCommercial": "True"
    },
    {
        "id": "ad72f9c8-ca21-4e16-8777-396aca4c4eb9",
        "title": "빔프로젝터 로망이 있다면... 빔프로젝터 고르는 방법! 네뷸라 코스모스 스마트 빔프로젝터 3주 사용기",
        "description": "*협찬 : 앤커로부터 제품대여와 소정의 제작비 지원을 받아 제작되었습니다.\n\n오늘은 스마트 빔프로젝터!\n앤커 네뷸라의 코스모스 제품을 소개해드리면서\n빔프로젝터를 살때 봐야하는 스펙들과 특징들에 대해서 알려드려요!\n3주동안 사용해본 결과... X싸는 기계가 되었습니다.\n먹고 보고 자고 먹고 보고 자고...\n\n\n#앤커 #네뷸라 #코스모스 #스마트빔프로젝터 #빔프로젝터스펙\n\n*타임라인\n0:00 인트로\n0:30 안시루멘?루멘?\n2:24 밝기 테스트\n3:05 어떤OS를 지원하는지?\n4:16 스피커 확인\n5:36 그외 및 코스모스 소개\n8:57 빔프 활용법\n9:35 마무리 정리\n\n앤커 네뷸라 코스모스 제품 더 알아보기 : \nhttps://bit.ly/36elkeR\n\n\n안사면 0원 사면 영원!\n유용한 꿀팁/설정, 핫한 아이템, 신박한 물건, 최신 기기 리뷰의 모든 것!\n\n* 구독하기 : https://bit.ly/37a8qvP\n* (비즈니스) itws8692@gmail.com\n* (일상/소통) https://www.instagram.com/at_the_endd/",
        "thumbnail": "https://i.ytimg.com/vi/eEvPPTxVGLU/mqdefault.jpg",
        "youtubeVideoId": "eEvPPTxVGLU",
        "uploadedDate": "2020-10-05T14:43:47Z",
        "viewCount": 7585,
        "isCommercial": "False"
    },
    {
        "id": "b554286b-ca60-4260-a82a-b3140437c3d1",
        "title": "우리집엔 뭐가 좋을까? 가성비 로봇청소기 vs 무선청소기 비교 / 샤오미 V11 vs F9",
        "description": "*협찬 : 샤오미의 지원을 통해 제작되었습니다.\n\n가성비 로봇 청소기 샤오미 F9 vs 가성비 무선 청소기 샤오미 V11를 비교해봤어요!\n청소기 고르실때, 참고하시면 좋을 것 같습니다.\n\n#로봇청소기 #무선청소기 #V11 #F9 #샤오미\n\n샤오미측 지원을 통해 여러분들께 오랜만에 이벤트 제공 할 수 있게 되었어요!\n*이벤트 참여 방법\n: 구독 + 댓글 + 구글 폼 작성하기!\n구글 폼 → https://forms.gle/WuqFTrzAZ3tCXKTT9\n(구글 폼 작성 이유는 구독 인증과 추첨, 그리고 당첨자분들께 연락드리기 위함입니다.)\n\n*V11 무선 청소기 바로보기\n→ http://bitly.kr/uoSRV1rb8V\n*F9 로봇 청소기 바로보기\n→ http://bitly.kr/VaJwUjGIO1m\n\n안사면 0원 사면 영원!\n유용한 꿀팁/설정, 핫한 아이템, 신박한 물건, 최신 기기 리뷰의 모든 것!\n\n* 구독하기 : https://bit.ly/37a8qvP\n* (비즈니스) itws8692@gmail.com\n* (일상/소통)인스타그램 : https://www.instagram.com/ate.youtube/",
        "thumbnail": "https://i.ytimg.com/vi/pXPDao31k2U/mqdefault.jpg",
        "youtubeVideoId": "pXPDao31k2U",
        "uploadedDate": "2020-06-13T06:54:57Z",
        "viewCount": 0,
        "isCommercial": "False"
    },
    {
        "id": "2caa9495-c997-4db2-8b1f-eb0b80da102b",
        "title": "우리집엔 뭐가 좋을까? 가성비 로봇청소기 vs 무선청소기 비교 / 샤오미 V11 vs F9",
        "description": "*협찬 : 샤오미의 지원을 통해 제작되었습니다.\n\n가성비 로봇 청소기 샤오미 F9 vs 가성비 무선 청소기 샤오미 V11를 비교해봤어요!\n청소기 고르실때, 참고하시면 좋을 것 같습니다.\n\n#로봇청소기 #무선청소기 #V11 #F9 #샤오미\n\n샤오미측 지원을 통해 여러분들께 오랜만에 이벤트 제공 할 수 있게 되었어요!\n*이벤트 참여 방법\n: 구독 + 댓글 + 구글 폼 작성하기!\n구글 폼 → https://forms.gle/WuqFTrzAZ3tCXKTT9\n(구글 폼 작성 이유는 구독 인증과 추첨, 그리고 당첨자분들께 연락드리기 위함입니다.)\n\n*V11 무선 청소기 바로보기\n→ http://bitly.kr/uoSRV1rb8V\n*F9 로봇 청소기 바로보기\n→ http://bitly.kr/VaJwUjGIO1m\n\n안사면 0원 사면 영원!\n유용한 꿀팁/설정, 핫한 아이템, 신박한 물건, 최신 기기 리뷰의 모든 것!\n\n* 구독하기 : https://bit.ly/37a8qvP\n* (비즈니스) itws8692@gmail.com\n* (일상/소통)인스타그램 : https://www.instagram.com/ate.youtube/",
        "thumbnail": "https://i.ytimg.com/vi/pXPDao31k2U/mqdefault.jpg",
        "youtubeVideoId": "pXPDao31k2U",
        "uploadedDate": "2020-06-13T06:55:37Z",
        "viewCount": 0,
        "isCommercial": "False"
    },
    {
        "id": "031fa172-eb03-4871-9007-c4464d59fb51",
        "title": "그저..미쳤다..!! 1300만원짜리 삼성 QLED 8K TV 사용기",
        "description": "* 협찬 : 삼성전자로부터 제품 대여 및 원고료를 제공받았습니다.\n\n#삼성QLED #QLED #8K\n\n오늘은 삼성 QLED 8K 75인치 TV 사용기입니다!\n4K도아니고 8K라니ㅋㅋㅋㅋ\n좋은 장비써서 여러분들께 화질 보여드리고 싶은데,\n못 보여드려서 죄송하고 아쉬울 뿐이네요ㅠㅠ\n삼성 디지털 프라자 가셔서 직접 보시면 장난아닐꺼에요\n#초고화질 이며 #생생한사운드 까지 미쳤습니다.\n\n#퀀텀디스플레이 #AI퀀텀프로세서 #AI퀀텀사운드\n\n안사면 0원 사면 영원!\n유용한 꿀팁/설정, 핫한 아이템, 신박한 물건, 최신 기기 리뷰의 모든 것!\n\n* 구독하기 : https://bit.ly/37a8qvP\n* (비즈니스) itws8692@gmail.com\n* (일상/소통)인스타그램 : https://www.instagram.com/ate.youtube/",
        "thumbnail": "https://i.ytimg.com/vi/x_FYcseb5Ys/mqdefault.jpg",
        "youtubeVideoId": "x_FYcseb5Ys",
        "uploadedDate": "2020-05-13T15:26:31Z",
        "viewCount": 0,
        "isCommercial": "False"
    },
    {
        "id": "c2ef6726-b700-4c7c-a427-2a2fb3a45acb",
        "title": "세균까지 잡는 공기청정기 고르는 방법!? (크기, 필터, 편의기능 구분법!) feat.클라윈드 공기청정기",
        "description": "*협찬 : 캐리어로부터 지원받아 제작되었습니다.\n\n흐어어 마스크 벗고싶다!ㅠㅠ\n미세먼지는 당연하고 세균까지 잡아주는 공기청정기!\n나노이 기술을 통해서 가능하다고 해요!\n공기청정기 평수 크기 고르는법부터 필터보는법까지 알려드리면서 클라윈드 공기청정기 같이 소개해드릴게요!\n\n#공기청정기 #나노이 #클라윈드\n\n영상에 나온 18평형 제품 더 알아보기! → http://bitly.kr/ZHHBOdlNN\n\n안사면 0원 사면 영원!\n유용한 꿀팁/설정, 핫한 아이템, 신박한 물건, 최신 기기 리뷰의 모든 것!\n* 구독하기 : https://bit.ly/37a8qvP\n* (비즈니스) itws8692@gmail.com\n* (일상/소통)인스타그램 : https://www.instagram.com/ate.youtube/",
        "thumbnail": "https://i.ytimg.com/vi/xC9RFf4FpMk/mqdefault.jpg",
        "youtubeVideoId": "xC9RFf4FpMk",
        "uploadedDate": "2020-04-27T09:25:25Z",
        "viewCount": 0,
        "isCommercial": "False"
    },
    {
        "id": "15332d67-e45d-499b-8d49-90b6c86ff7a1",
        "title": "Private video",
        "description": "This video is private.",
        "thumbnail": null,
        "youtubeVideoId": "SNm_VR4x9lw",
        "uploadedDate": "2019-05-02T15:25:37Z",
        "viewCount": 0,
        "isCommercial": "False"
    }
]