[
    {
        "id": "e868bf5f-22a9-45bd-9063-40840559c63a",
        "title": "[랩커버] Fake Streamer - 워노구X무룩X핑군",
        "description": "#랩 #커버 #Fake Rock Star\n\nOriginal Song : Fake Rock Star (Feat. NO:EL) - 스윙스(Swings), 한요한\nCovered by 워노구, 무룩, 핑군\nProduce and Mixed by 봄수\n\n-------------------------------------------------------------------\n\n☞ 트위치 라이브 방송: https://www.twitch.tv/1ho9\n\n☞ 워노구 트게더: https://tgd.kr/1ho9\n\n☞ 워노구 컬러링: Sik-K (식케이) - h1ghr gang (Feat. pH-1, 박재범) (Prod. BOYCOLD) [BOYCOLD]\n\n☞ oneho9da@gmail.com",
        "thumbnail": "https://i.ytimg.com/vi/CorcPM4SN1E/mqdefault.jpg",
        "youtubeVideoId": "CorcPM4SN1E",
        "uploadedDate": "2020-08-11T09:21:01Z",
        "viewCount": 3043,
        "isCommercial": "False"
    },
    {
        "id": "e20a61f5-14e6-4fed-af31-3b6c55a8e292",
        "title": "[긴급박제] 200217 호미더머니",
        "description": "^^7\n\n슈퍼비 - +82 Bars\n루피(Loopy) - Gear 2 (Remastered)\n-------------------------------------------------------------------\n\n☞ 트위치 라이브 방송: https://www.twitch.tv/1ho9\n\n☞ 워노구 트게더: https://tgd.kr/1ho9\n\n☞ 워노구 컬러링: Sik-K (식케이) - h1ghr gang (Feat. pH-1, 박재범) (Prod. BOYCOLD) [BOYCOLD]\n\n☞ oneho9da@gmail.com",
        "thumbnail": "https://i.ytimg.com/vi/q8JTbGzqBJc/mqdefault.jpg",
        "youtubeVideoId": "q8JTbGzqBJc",
        "uploadedDate": "2020-02-17T12:26:11Z",
        "viewCount": 0,
        "isCommercial": "False"
    },
    {
        "id": "b325190a-0ad2-4795-bf46-fae31330cbbd",
        "title": "힙찔거리는 스트리머가 있다?!",
        "description": "트위치 라이브 방송\nhttps://www.twitch.tv/1ho9\nPM 19:00 ~",
        "thumbnail": "https://i.ytimg.com/vi/duZu3xR1L94/mqdefault.jpg",
        "youtubeVideoId": "duZu3xR1L94",
        "uploadedDate": "2019-05-03T13:03:46Z",
        "viewCount": 0,
        "isCommercial": "False"
    },
    {
        "id": "22b1f408-5f6c-4923-8f25-77403b645257",
        "title": "와나나 편집자 마로..아니 콩순이 랩으로 찢겠습니다 ^^7",
        "description": "와나나튜브 편집자 마로군과의 랩배틀 영상입니다.\n콩순이냉장고누르면물나와요.\n라이브 방송 : https://www.twitch.tv/1ho9",
        "thumbnail": "https://i.ytimg.com/vi/repYIcOZhX8/mqdefault.jpg",
        "youtubeVideoId": "repYIcOZhX8",
        "uploadedDate": "2019-05-03T13:04:10Z",
        "viewCount": 0,
        "isCommercial": "False"
    }
]