[
    {
        "id": "bddc8e8f-be51-49e6-ab15-f8c71fe8726c",
        "title": "👾소통왕 범수형의 오랜만에 찾아뵙는 라이브!👾 Q&A, 친필 사인 선물까지!!?",
        "description": "범수의!👈 세계!✨\n\n오늘은 숨범찾이 종료되고 구독자 여러분들과의 그동안 못했었던 썰들을 \n풀어보려 합니다!\n\n👥많은...👥 성원을 보내주신 만큼... 👥준비한 특별한....👥 이벤트까지👥 있다는ㄷ..👥👥 (웅성웅성)\n\n※2021년 11월 5일 진행된 라이브의 편집본입니다※\n\n매주 금요일 오후 6시에 업로드 됩니다.\n\n🎥제작: 트레져헌터\n💼비즈니스 문의: adm@treasurehunter.co.kr\n\n#김범수 #숨범찾 #범수의세계",
        "thumbnail": "https://i.ytimg.com/vi/yOYIg5xiEhY/mqdefault.jpg",
        "youtubeVideoId": "yOYIg5xiEhY",
        "uploadedDate": "2021-11-11T14:17:09Z",
        "viewCount": 1702,
        "isCommercial": "False"
    },
    {
        "id": "6d60e73e-0425-414b-93f4-aafda48297e3",
        "title": "제2의 김범수가 결정되는 마지막 무대.. 과연 우승자는? | 숨범찾 최종화",
        "description": "올해 7월부터 장난삼아 던진 말로 시작된 '숨은 범수 찾기 시즌1'\n많은 재야의 고수들을 이기고 살아남은 이창현과 이지훈!\n\n과연 시즌1의 우승자는 누가 될까요?\n\n🎥제작: 트레져헌터\n💼비즈니스 문의: adm@treasurehunter.co.kr\n\n#김범수 #끝사랑 #바보같은내게 #숨범찾",
        "thumbnail": "https://i.ytimg.com/vi/eGZL9mgWwho/mqdefault.jpg",
        "youtubeVideoId": "eGZL9mgWwho",
        "uploadedDate": "2021-10-22T02:00:58Z",
        "viewCount": 15116,
        "isCommercial": "False"
    },
    {
        "id": "041fb29e-921c-4b87-ab81-8870550759c2",
        "title": "숨은 김범수들의 최종 결전.. 스티비원더, 이해리의 곡을 소화하는 참가자들!! | 숨범찾 Final Part.1",
        "description": "범수형의 첫 대형기획, \n'숨은 범수 찾기' 그 마지막 경연의 현장..\n영상에서 확인하세요!\n\n※ 2부는 10월 22일(금) 오후 6시 공개 예정입니다. ※\n\n🎥제작: 트레져헌터\n💼비즈니스 문의: adm@treasurehunter.co.kr\n\n#김범수 #숨범찾",
        "thumbnail": "https://i.ytimg.com/vi/__hRL1PVqT8/mqdefault.jpg",
        "youtubeVideoId": "__hRL1PVqT8",
        "uploadedDate": "2021-10-14T10:08:15Z",
        "viewCount": 37967,
        "isCommercial": "False"
    },
    {
        "id": "40dcf1f4-a654-4035-a53a-c84063ef30de",
        "title": "🎁댓글 이벤트 주의🎁 숨범찾 결승은 이렇게 진행됩니다!! (feat. 범수형 밥도둑 먹방)",
        "description": "대망의 결승전만을 앞둔 숨범찾!!\n🔈결승전에 앞서 진행 방식을 범수형이 직접 알려드립니다🔈\n\n🎁댓글 이벤트도 받아라~🎁\n결승 진출자 두 분을 향한 응원댓글을 남겨주시는 분들께\n추첨을 통하여 '밥순삭꽃게야' 제품 일부를 선물로 드립니다!\n많은 참여 부탁드립니다!!\n\n매주 금요일 오후 6시에 업로드 됩니다.\n\n🎥제작: 트레져헌터\n💼비즈니스 문의: adm@treasurehunter.co.kr\n\n#김범수 #숨범찾 #이벤트",
        "thumbnail": "https://i.ytimg.com/vi/E2nzbRz5ecI/mqdefault.jpg",
        "youtubeVideoId": "E2nzbRz5ecI",
        "uploadedDate": "2021-10-07T09:28:39Z",
        "viewCount": 1873,
        "isCommercial": "False"
    },
    {
        "id": "8c1cd1b8-8cf9-4f9f-a2ce-148c0e99e19c",
        "title": "이창현 - Cali Shine [숨범찾 결승 진출자 Live Clip] #Shorts",
        "description": "🐯범수 내려온다🐯\n안식년을 끝내고 돌아온 대한민국 탑 비주얼 가수 김범수의 2021 NEW SEASON✨\n\n매주 금요일 오후 6시에 업로드 됩니다.\n\n🎥제작: 트레져헌터\n💼비즈니스 문의: adm@treasurehunter.co.kr\n\n#김범수 #Calishine #숨범찾",
        "thumbnail": "https://i.ytimg.com/vi/rygnSgVpOxA/mqdefault.jpg",
        "youtubeVideoId": "rygnSgVpOxA",
        "uploadedDate": "2021-10-01T11:47:11Z",
        "viewCount": 1480,
        "isCommercial": "False"
    },
    {
        "id": "793ab90d-4b4e-43ca-a442-09781f3ff495",
        "title": "이지훈 - 진심 [숨범찾 결승 진출자 Live Clip] #Shorts",
        "description": "🐯범수 내려온다🐯\n안식년을 끝내고 돌아온 대한민국 탑 비주얼 가수 김범수의 2021 NEW SEASON✨\n\n매주 금요일 오후 6시에 업로드 됩니다.\n\n🎥제작: 트레져헌터\n💼비즈니스 문의: adm@treasurehunter.co.kr\n\n#김범수 #진심 #숨범찾",
        "thumbnail": "https://i.ytimg.com/vi/fSdAbJDKBM4/mqdefault.jpg",
        "youtubeVideoId": "fSdAbJDKBM4",
        "uploadedDate": "2021-10-01T06:40:00Z",
        "viewCount": 1321,
        "isCommercial": "False"
    },
    {
        "id": "f438a5aa-c122-438e-8662-011621e9f336",
        "title": "🔥준결승전 종료!🔥 결승전에 오를 최종 명단 발표합니다!!✨ | 숨범찾 ep.05 Part.2",
        "description": "📢숨범찾 결승전 구독자 평가 점수 반영 안내📢\n\n🐯4강전을 끝으로 드디어 두명의 결승 진출자가 가려진 숨범찾!🐯\n범수의 세계에서 결승전에 구독자분들의 '구독자 평가 점수'를 반영하려고 하는데요!\n구독자 평가 점수를 결승전 당일에 합산하여 최종 심사를 할 예정입니다!👏👏👏\n\n🔥 결승 진출자 두 명의 숏츠 영상 중에서, 응원하는 진출자의 영상을 보고 좋아요를 눌러주세요! 🔥\n숏츠 영상의 '조회수 및 좋아요 수'에 따라 결승전 점수에 반영하여 심사할 예정입니다!🐯\n\n✨ 투표 기간 : 2021.10.01 ~ 2021.10.05 (오후 12시)\n✨ 참여 방법 : 아래 숏츠 영상 링크 중 응원하는 참가자의 영상을 보고 좋아요 클릭\n      ㄴ 이창현 참가자 : https://youtu.be/rygnSgVpOxA\n      ㄴ 이지훈 참가자 : https://youtu.be/fSdAbJDKBM4\n✨ 심사 반영 : 좋아요 수 x 100과 조회수의 합으로 산정  (결승전 심사 20% 반영 예정)\n\n\n🐯범수 내려온다🐯\n안식년을 끝내고 돌아온 대한민국 탑 비주얼 가수 김범수의 2021 NEW SEASON✨\n\n매주 금요일 오후 6시에 업로드 됩니다.\n\n🎥제작: 트레져헌터\n💼비즈니스 문의: adm@treasurehunter.co.kr\n\n#김범수 #일반인 #숨범찾",
        "thumbnail": "https://i.ytimg.com/vi/TeDxDQnV-3g/mqdefault.jpg",
        "youtubeVideoId": "TeDxDQnV-3g",
        "uploadedDate": "2021-10-07T09:44:32Z",
        "viewCount": 4135,
        "isCommercial": "False"
    },
    {
        "id": "f444a3c4-d913-4c5e-aea9-c98e9e275a01",
        "title": "🔥드디어 준결승전이다!!!🔥그 누구도 예상하지 못한 충격적인 결과?! | 숨범찾 ep.05 Part.1",
        "description": "📢숨범찾 결승전 구독자 평가 점수 반영 안내📢\n\n🐯4강전을 끝으로 드디어 두명의 결승 진출자가 가려진 숨범찾!🐯\n범수의 세계에서 결승전에 구독자분들의 '구독자 평가 점수'를 반영하려고 하는데요!\n구독자 평가 점수를 결승전 당일에 합산하여 최종 심사를 할 예정입니다!👏👏👏\n\n🔥 결승 진출자 두 명의 숏츠 영상 중에서, 응원하는 진출자의 영상을 보고 좋아요를 눌러주세요! 🔥\n숏츠 영상의 '조회수 및 좋아요 수'에 따라 결승전 점수에 반영하여 심사할 예정입니다!🐯\n\n✨ 투표 기간 : 2021.10.01 ~ 2021.10.05 (오후 12시)\n✨ 참여 방법 : 아래 숏츠 영상 링크 중 응원하는 참가자의 영상을 보고 좋아요 클릭\n      ㄴ 이창현 참가자 : https://youtu.be/rygnSgVpOxA\n      ㄴ 이지훈 참가자 : https://youtu.be/fSdAbJDKBM4\n✨ 심사 반영 : 좋아요 수 x 100과 조회수의 합으로 산정  (결승전 심사 20% 반영 예정)\n\n\n숨범찾 준결승전!!🔥\n\n과연 결승에 진출할 최종 2인은 누가 될 것인가!\n\n다음 편은 오후 8시에 이어서 업로드됩니다.\n\n🎥제작: 트레져헌터\n💼비즈니스 문의: adm@treasurehunter.co.kr\n\n#김범수 #일반인 #숨범찾",
        "thumbnail": "https://i.ytimg.com/vi/82_dmWmFD4o/mqdefault.jpg",
        "youtubeVideoId": "82_dmWmFD4o",
        "uploadedDate": "2021-10-07T09:44:17Z",
        "viewCount": 6512,
        "isCommercial": "False"
    },
    {
        "id": "e4e5b5b7-5997-40d6-8489-5a52710d886c",
        "title": "🎤본선 8강 종료! ✨박효신, 박정현, 거미, 선우정아의 레전드 곡 재해석! ✨ | 숨범찾 ep.04 Part.2",
        "description": "드디어 치열한 8강 경연 끝에 4강 멤버가 결정된다!\n박효신, 박정현, 거미, 선우정아의 레전드 곡 재해석 커버 무대!\n과연 참가자들은 어떤 무대를 보여줄지 영상에서 확인해주세요!\n\n🐯범수 내려온다🐯\n안식년을 끝내고 돌아온 대한민국 탑 비주얼 가수 김범수의 2021 NEW SEASON✨\n\n매주 금요일 오후 6시에 업로드 됩니다.\n\n🎥제작: 트레져헌터\n💼비즈니스 문의: adm@treasurehunter.co.kr\n\n#김범수 #숨범찾 #일반인",
        "thumbnail": "https://i.ytimg.com/vi/ILM3mEeC0vA/mqdefault.jpg",
        "youtubeVideoId": "ILM3mEeC0vA",
        "uploadedDate": "2021-09-17T07:39:14Z",
        "viewCount": 23986,
        "isCommercial": "False"
    },
    {
        "id": "92f92516-c666-4c27-b7f4-86167bb2ba44",
        "title": "🎤본선 8강 시작! ✨임나박이, 임거박이 커버를 재해석하는 참가자들?! ✨ | 숨범찾 ep.04 Part.1",
        "description": "본선 8강에 진출한 TOP8 멤버들..\n그리고 그들을 기다리고 있는 예상치 못한 미션곡!🔥\n\n과연 오늘은 어떤 무대를 보여줄까?\n영상에서 확인하세요!\n※본선 8강 2부는 9/17 (금)에 업로드 예정입니다!※\n\n매주 금요일 오후 6시에 업로드 됩니다.\n\n*숨은범수찾기 본선 8강 무대는 이디야의 협찬 지원을 받아 제작되었습니다.\n\n\n🎥제작: 트레져헌터\n💼비즈니스 문의: adm@treasurehunter.co.kr\n\n#김범수 #숨범찾 #일반인 #임거박이 #임나박이",
        "thumbnail": "https://i.ytimg.com/vi/TENFFqULfyY/mqdefault.jpg",
        "youtubeVideoId": "TENFFqULfyY",
        "uploadedDate": "2021-09-15T08:28:39Z",
        "viewCount": 49705,
        "isCommercial": "True"
    },
    {
        "id": "0b04ed2d-6d44-4a9d-8173-de86758f989b",
        "title": "🎤예선 종료! ✨TOP 8 멤버가 결정되는 숙명의 날!✨ | 숨범찾 ep.03",
        "description": "169명의 참가자로 시작된 숨은 범수 찾기!\n🔥쟁쟁한 참가자들 중 TOP8이 공개됩니다🔥\n\n그 영예의 주인공들! 영상에서 확인하세요!\n\n매주 금요일 오후 6시에 업로드 됩니다.\n\n🎥제작: 트레져헌터\n💼비즈니스 문의: adm@treasurehunter.co.kr\n\n#김범수 #숨범찾 #명곡 #일반인",
        "thumbnail": "https://i.ytimg.com/vi/nJmEefL3qO8/mqdefault.jpg",
        "youtubeVideoId": "nJmEefL3qO8",
        "uploadedDate": "2021-09-10T01:32:06Z",
        "viewCount": 10219,
        "isCommercial": "False"
    },
    {
        "id": "8fcb0dd2-1651-4fe5-9366-b999337ff91a",
        "title": "최고령 참가자 등장! 연륜을 보여준 레전드 무대 탄생? [숨범찾 ep.03 예고편] #Shorts",
        "description": "🐯범수 내려온다🐯\n안식년을 끝내고 돌아온 대한민국 탑 비주얼 가수 김범수의 2021 NEW SEASON✨\n\n매주 금요일 오후 6시에 업로드 됩니다.\n\n🎥제작: 트레져헌터\n💼비즈니스 문의: adm@treasurehunter.co.kr\n\n#김범수 #숨범찾 #일반인",
        "thumbnail": "https://i.ytimg.com/vi/8STE3GKNqR8/mqdefault.jpg",
        "youtubeVideoId": "8STE3GKNqR8",
        "uploadedDate": "2021-09-06T09:46:29Z",
        "viewCount": 2315,
        "isCommercial": "False"
    },
    {
        "id": "d9cc7bd4-eb38-4faa-9682-66c8eab2c616",
        "title": "🎤 점점 모습을 드러내는 재야의 고수들!🏃 16강으로 가는 경연!🏃‍♀️  | 숨범찾 ep.02",
        "description": "🐯범수 내려온다🐯\n안식년을 끝내고 돌아온 대한민국 탑 비주얼 가수 김범수의 2021 NEW SEASON✨\n\n매주 금요일 오후 6시에 업로드 됩니다!\n\n🎥제작: 트레져헌터\n💼비즈니스 문의: adm@treasurehunter.co.kr\n\n#김범수 #숨범찾 #일반인",
        "thumbnail": "https://i.ytimg.com/vi/1BKQ-MTOOY4/mqdefault.jpg",
        "youtubeVideoId": "1BKQ-MTOOY4",
        "uploadedDate": "2021-09-03T05:00:37Z",
        "viewCount": 10447,
        "isCommercial": "False"
    },
    {
        "id": "69f967f5-5cb3-4c5c-854b-d798e795f762",
        "title": "김범수를 감동시킨 참가자의 정체는?! [숨범찾 ep.02 예고편] #Shorts",
        "description": "🐯범수 내려온다🐯\n안식년을 끝내고 돌아온 대한민국 탑 비주얼 가수 김범수의 2021 NEW SEASON✨\n\n매주 금요일 오후 6시에 업로드 됩니다.\n\n🎥제작: 트레져헌터\n💼비즈니스 문의: adm@treasurehunter.co.kr\n\n#Shorts #김범수 #숨범찾",
        "thumbnail": "https://i.ytimg.com/vi/cXVNpDxdAOQ/mqdefault.jpg",
        "youtubeVideoId": "cXVNpDxdAOQ",
        "uploadedDate": "2021-09-01T12:14:10Z",
        "viewCount": 1877,
        "isCommercial": "False"
    },
    {
        "id": "16992f11-1d39-4827-af61-9f877cc78a28",
        "title": "🔥참가자분들 수준 실화예요?🔥 오늘 안에 못끝낼 것 같아요..😂 | 숨범찾 ep.01",
        "description": "🐯범수 내려온다🐯\n안식년을 끝내고 돌아온 대한민국 탑 비주얼 가수 김범수의 2021 NEW SEASON✨\n\n매주 금요일 오후 6시에 업로드 됩니다.\n\n🎥제작: 트레져헌터\n💼비즈니스 문의: adm@treasurehunter.co.kr\n\n#김범수 #오디션 #숨범찾 #보고싶다 #히든싱어",
        "thumbnail": "https://i.ytimg.com/vi/JElvOLEdLjg/mqdefault.jpg",
        "youtubeVideoId": "JElvOLEdLjg",
        "uploadedDate": "2021-08-27T08:48:29Z",
        "viewCount": 10621,
        "isCommercial": "False"
    },
    {
        "id": "6e2c9c2c-69aa-437c-83ef-235ae1383bdf",
        "title": "🎤전국 김범수 다모였다!!!🎤 숨.범.찾 지금 시작합니다! (feat. 티져)",
        "description": "🐯범수 내려온다🐯\n안식년을 끝내고 돌아온 대한민국 탑 비주얼 가수 김범수의 2021 NEW SEASON✨\n\n매주 금요일 오후 6시에 업로드 됩니다.\n\n🎥제작: 트레져헌터\n💼비즈니스 문의: adm@treasurehunter.co.kr\n\n#김범수 #오디션 #보고싶다",
        "thumbnail": "https://i.ytimg.com/vi/xA9a1RjEaoo/mqdefault.jpg",
        "youtubeVideoId": "xA9a1RjEaoo",
        "uploadedDate": "2021-08-13T01:57:35Z",
        "viewCount": 6889,
        "isCommercial": "False"
    },
    {
        "id": "e44b2150-e2f4-4722-9f8e-24140697d761",
        "title": "[숨.범.찾 공지사항] 📢참여 방법 자세히 알려드립니다📢 [범수의 세계]",
        "description": "🐯범수 내려온다🐯\n안식년을 끝내고 돌아온 대한민국 탑 비주얼 가수 김범수의 2021 NEW SEASON✨\n\n매주 금요일 오후 6시에 업로드 됩니다.\n\n🎥제작: 트레져헌터\n💼비즈니스 문의: adm@treasurehunter.co.kr\n\n#김범수 #오디션 #김범수오디션",
        "thumbnail": "https://i.ytimg.com/vi/dGCmU2qq8gc/mqdefault.jpg",
        "youtubeVideoId": "dGCmU2qq8gc",
        "uploadedDate": "2021-08-13T02:01:44Z",
        "viewCount": 4988,
        "isCommercial": "False"
    },
    {
        "id": "b2320ada-b92d-4bce-9f0d-c913b1d7d820",
        "title": "🎤제1회 숨은 김범수 찾아라!! [범수의 세계]",
        "description": "[숨은 김범수를 찾아라]_숨.범.찾🎤\n\n'전국 8도에 숨어있는 김범수를 찾아라!🔥'\n\n노래 대결을 통해 전국에 있는 숨은 김범수를 뽑고, 최종 8인이 모여, 제2의 김범수를 가린다!\n\n자세한 내용은 '범수의 세계'커뮤니티를 확인해주세요\n\n#김범수 #오디션 #보고싶다",
        "thumbnail": "https://i.ytimg.com/vi/-C5PSuZbFcY/mqdefault.jpg",
        "youtubeVideoId": "-C5PSuZbFcY",
        "uploadedDate": "2021-08-13T02:01:31Z",
        "viewCount": 4550,
        "isCommercial": "False"
    }
]