[
    {
        "id": "ad98edbc-4a81-442b-897f-4b546af5f68a",
        "title": "자취하는 여자가 물 받는 방법 #shorts",
        "description": "▶CONTACT ME\nInstagram : https://www.instagram.com/o4.18/\nFacebook : https://www.facebook.com/oo4.18​​​​\nAfreecaTV :  http://bj.afreecatv.com/smpk96​​\n\n#자취녀 #넥스트레벨 #댄스",
        "thumbnail": "https://i.ytimg.com/vi/aLSEOLf8fhI/mqdefault.jpg",
        "youtubeVideoId": "aLSEOLf8fhI",
        "uploadedDate": "2021-08-02T11:35:37Z",
        "viewCount": 10995,
        "isCommercial": "False"
    },
    {
        "id": "24ef9da6-f492-436a-b66e-aa2502a78f12",
        "title": "나 떠난다",
        "description": "▶CONTACT ME\nInstagram : https://www.instagram.com/o4.18/\nFacebook : https://www.facebook.com/oo4.18​​​​\nAfreecaTV :  http://bj.afreecatv.com/smpk96​​",
        "thumbnail": "https://i.ytimg.com/vi/SXDwbI3Kc0M/mqdefault.jpg",
        "youtubeVideoId": "SXDwbI3Kc0M",
        "uploadedDate": "2021-08-14T09:34:30Z",
        "viewCount": 8762,
        "isCommercial": "False"
    },
    {
        "id": "8ccbb898-8e95-4f6c-ad26-a09e35b78547",
        "title": "계획 없이 제주도 오면 이렇게 됩니다.",
        "description": "▶CONTACT ME\nInstagram : https://www.instagram.com/o4.18/\nFacebook : https://www.facebook.com/oo4.18​​​​\nAfreecaTV :  http://bj.afreecatv.com/smpk96​​",
        "thumbnail": "https://i.ytimg.com/vi/RVyyDdoBh5s/mqdefault.jpg",
        "youtubeVideoId": "RVyyDdoBh5s",
        "uploadedDate": "2021-08-15T14:58:41Z",
        "viewCount": 750,
        "isCommercial": "False"
    },
    {
        "id": "189ac4d4-8009-41c4-991d-ac2111db9d91",
        "title": "러브샷",
        "description": "▶CONTACT ME\nInstagram : https://www.instagram.com/o4.18/\nFacebook : https://www.facebook.com/oo4.18​​​​\nAfreecaTV :  http://bj.afreecatv.com/smpk96​​",
        "thumbnail": "https://i.ytimg.com/vi/35yKHV4FA9Q/mqdefault.jpg",
        "youtubeVideoId": "35yKHV4FA9Q",
        "uploadedDate": "2021-09-04T10:36:43Z",
        "viewCount": 3604,
        "isCommercial": "False"
    },
    {
        "id": "9039b308-2fe8-4c91-b368-10a6efe7d739",
        "title": "음식 시켰는데 배달원이 방송 BJㅋㅋㅋ",
        "description": "▶CONTACT ME\nInstagram : https://www.instagram.com/o4.18/\nFacebook : https://www.facebook.com/oo4.18​​​​\nAfreecaTV :  http://bj.afreecatv.com/smpk96​​",
        "thumbnail": "https://i.ytimg.com/vi/H-ARORmEHG0/mqdefault.jpg",
        "youtubeVideoId": "H-ARORmEHG0",
        "uploadedDate": "2021-09-26T11:26:52Z",
        "viewCount": 8817,
        "isCommercial": "False"
    },
    {
        "id": "72e3a454-79ac-4a35-902b-8f8b535cf4e3",
        "title": "비상! 이사장님 떴다!",
        "description": "▶CONTACT ME\nInstagram : https://www.instagram.com/o4.18/\nFacebook : https://www.facebook.com/oo4.18​​​​\nAfreecaTV :  http://bj.afreecatv.com/smpk96​​\n\n\n#박삐삐 #유복실 #지두두 #감스트 #술먹방",
        "thumbnail": "https://i.ytimg.com/vi/79rdcSjxijw/mqdefault.jpg",
        "youtubeVideoId": "79rdcSjxijw",
        "uploadedDate": "2022-01-09T22:39:31Z",
        "viewCount": 6403,
        "isCommercial": "False"
    },
    {
        "id": "520f93dd-8a6f-4c08-a2fb-2d8b7ab9c89a",
        "title": "나 이제 벤치 아니다 [바스포드vs파이스트] 8경기 삐삐vs섭이",
        "description": "▶CONTACT ME\nInstagram : https://www.instagram.com/o4.18/\nFacebook : https://www.facebook.com/oo4.18​​​​\nAfreecaTV :  http://bj.afreecatv.com/smpk96​​\n\n#박삐삐 #바스포드 #대학대전",
        "thumbnail": "https://i.ytimg.com/vi/ILCHwdDfX8I/mqdefault.jpg",
        "youtubeVideoId": "ILCHwdDfX8I",
        "uploadedDate": "2022-01-18T13:18:25Z",
        "viewCount": 23357,
        "isCommercial": "False"
    }
]