[
    {
        "id": "a2ad85c1-2ee7-4652-badd-ed1bc6c7d6bf",
        "title": "진짜 망한 유튜버 모임 (신쿡/차진혁/쏫/안재억/채채)",
        "description": "다 반가운 얼굴들이죵? ^_ㅠ 웃음참기+눈물참기... \n영상 오류로 재업로드 합니다! #망한유튜버 #죄송합니다 #유튜버근황\n\n*이 영상은 비디오몬스터의 유료광고를 포함하고 있습니다. \npc: https://bit.ly/3iioQtA\nmo: https://app.adjust.com/8924mva\n\n♪음악출처 [마이시그널]♪  https://mysignal.kr/",
        "thumbnail": "https://i.ytimg.com/vi/HD9ug0D1nSM/mqdefault.jpg",
        "youtubeVideoId": "HD9ug0D1nSM",
        "uploadedDate": "2022-03-23T08:44:46Z",
        "viewCount": 23706,
        "isCommercial": "True"
    },
    {
        "id": "8b084c65-287b-4855-8943-8543b3467051",
        "title": "눈물의 망한 유튜버 선발대회💦 (재넌/양수빈/영주/채채)",
        "description": "#망한유튜버 #죄송합니다 #근황 \n이번 화부터는 최종 우승자를 뽑지 않았습니다(!)\n\n♪음악출처 [마이시그널]♪  https://mysignal.kr/",
        "thumbnail": "https://i.ytimg.com/vi/hhIZxEwHv-8/mqdefault.jpg",
        "youtubeVideoId": "hhIZxEwHv-8",
        "uploadedDate": "2022-02-10T07:36:16Z",
        "viewCount": 4776,
        "isCommercial": "False"
    },
    {
        "id": "7c1f36be-057e-42bb-bdf1-84924c629b91",
        "title": "🔥 망한유튜버 선발대회🔥 (소프/유준호/딕헌터/윤쭈꾸)",
        "description": "끝까지 보세요...........너무 웃기니까..........\n\n00:49 자기 소개\n01:56 21년 말 근황\n04:49 전성기 \n06:57 하락기\n08:26 망한 이유\n13:22 망한 유튜버 선정\n\n♪BGM - Canon in D Major \n출처: http://incompetech.com/music/royalty-free/index.html?isrc=USUAN1100301\n아티스트: http://incompetech.com/\n#망한유튜버선발대회 #사이버렉카 #유튜버",
        "thumbnail": "https://i.ytimg.com/vi/AyRemrW7ZIY/mqdefault.jpg",
        "youtubeVideoId": "AyRemrW7ZIY",
        "uploadedDate": "2021-12-02T10:48:50Z",
        "viewCount": 9851,
        "isCommercial": "False"
    },
    {
        "id": "839d376e-a366-43e7-b5bb-b979cfae238b",
        "title": "망한 유튜버 선발대회 (조섭/딕헌터/김스카이/꽁지/채채)",
        "description": "🌟제 1회 망한 유튜버 선발대회🌟\n01:32 근황 토크\n03:09 구독자 수 (최고 → 최저)\n05:05 수익 공개 (최근 1달)\n08:05 수익 공개 (전성기)\n09:02 망한 이유\n11:48 최근 댓글 개수\n13:29 망한 유튜버 투표\n\n✔해당 영상 정부 지침을 준수하여, 업무(촬영)목적으로 진행되었습니다.\n✔16:17 부터 마이크 녹음 문제로 음향이 달리 들릴 수 있습니다.\n✔딕헌터와 풀샷이 없는 이유는 이미 그는 구독자가 +1만 되었기에... \n\n촬영 도움 주신 딕헌터님, 조섭님, 김스카이님, 꽁지님 모두 감사합니다!\n우리의 영상을 봐주시는 여러분들 덕분에 우리는 늘 힘을 얻고 살아갑니다. 감사합니다! \n\n♪BGM - Canon in D Major \n출처: http://incompetech.com/music/royalty-free/index.html?isrc=USUAN1100301\n아티스트: http://incompetech.com/\n\n#망한유튜버선발대회 #사이버렉카 #유튜버",
        "thumbnail": "https://i.ytimg.com/vi/Xj4QwLzXG8s/mqdefault.jpg",
        "youtubeVideoId": "Xj4QwLzXG8s",
        "uploadedDate": "2021-06-10T05:26:22Z",
        "viewCount": 3331,
        "isCommercial": "False"
    },
    {
        "id": "8a8829e0-606b-408b-b725-f0cd794e95ae",
        "title": "한 아이의 엄마가 되었습니다.. [채채 X 해피무브 해외봉사]",
        "description": "#월드비전 #해피무브 #현대자동차\n한국엄마로서 오래도록 파얄을 후원하겠습니다.\n\n해당 영상은 19년 7월 26일 업로드 되었으며, 공정거래위원회에서 광고법과 관련한 법과 지침이 변경됨에 따라 오해를 방지하고자 추가 설명을 기재합니다. (20.08.11)\n해당 영상은 현대자동차(해피무브)로부터 소정의 강연료를 지원 받았습니다.\n\n\n▶ 구독 youtube : https://www.youtube.com/chaechaetv\n▶ 팔로우 facebook : https://www.facebook.com/dolheesun\n▶ 문의 e-mail : chaechaetv@naver.com",
        "thumbnail": "https://i.ytimg.com/vi/E6JlJ6l0lqA/mqdefault.jpg",
        "youtubeVideoId": "E6JlJ6l0lqA",
        "uploadedDate": "2019-07-25T02:09:59Z",
        "viewCount": 83995,
        "isCommercial": "False"
    },
    {
        "id": "da9b281d-f887-4dc1-83db-bcafd3c62970",
        "title": "(생) 나 쇼핑호스트 도전한다!! 미친 텐션은 덤이다!!! +이벤트선물 [채채]",
        "description": "제니퍼룸 마카롱 밥솥, 오렌지 착즙기, 미니오븐!! 오늘 하루 최저가 판매래요! \n상품 구매 url : https://bit.ly/2ZJkUqq\n\n채채X롯데홈쇼핑 영상 봐주셔서 감사합니다!",
        "thumbnail": "https://i.ytimg.com/vi/yX0FaVmFbkQ/mqdefault.jpg",
        "youtubeVideoId": "yX0FaVmFbkQ",
        "uploadedDate": "2019-07-01T07:41:40Z",
        "viewCount": 20489,
        "isCommercial": "False"
    },
    {
        "id": "fc2af82b-25d0-4fa7-aacb-5c21e1ef0a37",
        "title": "여러분이 제 남자친구 골라주세요! ✨채희선 남자친구 선발대회✨ [채채]",
        "description": "* 모두 다 좋으신 분들 입니다..\n* 장르 : 페이크 예능..\n\n▶ 구독 youtube : https://www.youtube.com/chaechaetv\n▶ 팔로우 facebook : https://www.facebook.com/dolheesun\n▶ 팔로우 instagram : https://www.instagram.com/chaechaetv\n▶ 문의 e-mail : chaechaetv@naver.com\n▶ 음악 : https://www.bensound.com/",
        "thumbnail": "https://i.ytimg.com/vi/fUBiFkCr8c0/mqdefault.jpg",
        "youtubeVideoId": "fUBiFkCr8c0",
        "uploadedDate": "2019-05-02T09:00:42Z",
        "viewCount": 51683,
        "isCommercial": "False"
    },
    {
        "id": "1a1a0514-72ad-4354-a958-228ecce3fa0b",
        "title": "채채❤️신동훈❤️영알남 삼각관계 해명합니다 [채채TV]",
        "description": "역대급으로 물음표와 괄호가 많았던 영상이었네요. 수고해준 영알남, 협의해준(?) 신동훈 모두 고맙습니다.\n\n▶ 구독 youtube : https://www.youtube.com/chaechaetv\n▶ 팔로우 facebook : https://www.facebook.com/dolheesun\n▶ 팔로우 instagram : https://www.instagram.com/chaechaetv\n▶ 문의 e-mail : chaechaetv@naver.com\n\n#채채 #신동훈 #영알남 #삼각관계 #썸",
        "thumbnail": "https://i.ytimg.com/vi/OiKJBnKVDwg/mqdefault.jpg",
        "youtubeVideoId": "OiKJBnKVDwg",
        "uploadedDate": "2019-02-21T16:12:09Z",
        "viewCount": 113654,
        "isCommercial": "False"
    },
    {
        "id": "5f13dc0f-83c8-4142-bb77-63b038c87849",
        "title": "눈 가리고 짜장면 먹여주다 절교할뻔 (우정테스트 with이시니)",
        "description": "자본주의 사회에서 사귄 유일한 친구 이시니. 사랑해.\n\n▶ 구독 youtube : https://www.youtube.com/chaechaetv\n▶ 팔로우 facebook : https://www.facebook.com/dolheesun\n▶ 팔로우 instagram : https://www.instagram.com/chaechaetv\n▶ 문의 e-mail : chaechaetv@naver.com",
        "thumbnail": "https://i.ytimg.com/vi/XseoN54m89s/mqdefault.jpg",
        "youtubeVideoId": "XseoN54m89s",
        "uploadedDate": "2018-09-29T02:48:26Z",
        "viewCount": 32846,
        "isCommercial": "False"
    },
    {
        "id": "a3b7b939-8796-4685-9c5b-78ab5a924acc",
        "title": "처음 만난 오빠랑 둘이 19금♨영화 봄 with.김스카이 [채채TV]",
        "description": "야한장면과 언행이 1도 없으니 안심하고 보세요.\n\n▶ 구독 youtube : https://www.youtube.com/chaechaetv\n▶ 팔로우 facebook : https://www.facebook.com/dolheesun\n▶ 팔로우 instagram : https://www.instagram.com/chaechaetv\n▶ 문의 e-mail : chaechaetv@naver.com",
        "thumbnail": "https://i.ytimg.com/vi/DabS9j4HGVg/mqdefault.jpg",
        "youtubeVideoId": "DabS9j4HGVg",
        "uploadedDate": "2018-08-31T06:17:37Z",
        "viewCount": 67877,
        "isCommercial": "False"
    },
    {
        "id": "b2503bd9-e994-4395-8efa-f91250087520",
        "title": "여자 유튜버들과 풍선 폭탄 게임을 했다 [채채TV] with 시니, 혜서니, 유찌",
        "description": "장난감..인줄 알았지만 시니의 귀는 장난아니게 아팠다고 합니다.\n\n▶ 구독 youtube : https://goo.gl/IQHIBa \n▶ 팔로우 facebook : https://www.facebook.com/dolheesun\n▶ 팔로우 instagram : https://www.instagram.com/chaechaetv/\n▶ 문의 e-mail : chaechaetv@naver.com",
        "thumbnail": "https://i.ytimg.com/vi/81-upEGWyeI/mqdefault.jpg",
        "youtubeVideoId": "81-upEGWyeI",
        "uploadedDate": "2017-07-28T18:20:42Z",
        "viewCount": 0,
        "isCommercial": "False"
    },
    {
        "id": "9ede6e1e-11d0-4c77-adff-b8114ce8bcad",
        "title": "청테이프로 털을 뽑아 보았다 (with.겨털뽑기 장인 선바) [채채TV]",
        "description": "직장동료입니다.\n\n▶ 도움 주신 선바님 : https://www.youtube.com/user/Sunbaaking\n▶ 구독 youtube : https://www.youtube.com/chaechaetv\n▶ 팔로우 facebook : https://www.facebook.com/dolheesun\n▶ 팔로우 instagram : https://www.instagram.com/chaechaetv/\n▶ 문의 e-mail : chaechaetv@naver.com",
        "thumbnail": "https://i.ytimg.com/vi/enoMrjzheEM/mqdefault.jpg",
        "youtubeVideoId": "enoMrjzheEM",
        "uploadedDate": "2017-05-25T22:35:28Z",
        "viewCount": 0,
        "isCommercial": "False"
    },
    {
        "id": "69dbd834-5af9-4d9b-ab74-4e6a1d822ba1",
        "title": "절교와 지옥을 느낀 신길동 매운 짬뽕 먹방 with 시니 [채채TV]",
        "description": "그동안 즐거웠고 다시는 만나지 말자! \n\n▶ 구독 youtube : https://goo.gl/IQHIBa \n▶ 팔로우 facebook : https://www.facebook.com/dolheesun\n▶ 팔로우 instagram : https://www.instagram.com/chaechaetv/\n▶ 문의 e-mail : chaechaetv@naver.com",
        "thumbnail": "https://i.ytimg.com/vi/CrPiWNBCsMM/mqdefault.jpg",
        "youtubeVideoId": "CrPiWNBCsMM",
        "uploadedDate": "2017-04-23T02:47:50Z",
        "viewCount": 0,
        "isCommercial": "False"
    },
    {
        "id": "d33077c8-1524-4599-93f6-9268c0b15329",
        "title": "더럽고 웃긴 개구기끼고 양념치킨 먹방 [채채x망가녀]",
        "description": "▶ 망가녀채널 : https://youtu.be/IH4XwRPtkYo \n▶ 채채채널 : https://goo.gl/IQHIBa \n▶ 팔로우 facebook : https://www.facebook.com/dolheesun\n▶ 팔로우 instagram : https://www.instagram.com/chaechaetv/\n▶ 문의 e-mail : chaechaetv@naver.com",
        "thumbnail": "https://i.ytimg.com/vi/meTqmx6rQfY/mqdefault.jpg",
        "youtubeVideoId": "meTqmx6rQfY",
        "uploadedDate": "2017-03-30T18:31:04Z",
        "viewCount": 0,
        "isCommercial": "False"
    },
    {
        "id": "5ba22b20-fbda-4b68-97e4-74b0548a49dd",
        "title": "채희선이 소개하는 아이템_02.시니 [채채TV]",
        "description": "시니님 채널에서는 함께 좀비라멘 리뷰를 했어요! ▶ https://www.youtube.com/watch?v=nDqYJXVcQlQ\n\n▶ 구독 youtube : https://goo.gl/IQHIBa \n▶ 팔로우 facebook : https://www.facebook.com/dolheesun\n▶ 팔로우 instagram : https://www.instagram.com/chaechaetv/\n▶ 문의 e-mail : chaechaetv@naver.com",
        "thumbnail": "https://i.ytimg.com/vi/DscXOPakyjM/mqdefault.jpg",
        "youtubeVideoId": "DscXOPakyjM",
        "uploadedDate": "2017-02-10T07:33:27Z",
        "viewCount": 0,
        "isCommercial": "False"
    },
    {
        "id": "7809c232-dd02-44f2-b257-ebfe825d6b96",
        "title": "채희선이 소개하는 아이템_01.혜서니 편 [채채TV]",
        "description": "▶ 채채 x 혜서니 영상 보러가기 : https://youtu.be/D-RrsbvJk9E\n▶ 채채티비 구독 youtube : https://goo.gl/IQHIBa \n▶ 팔로우 facebook : https://www.facebook.com/dolheesun\n▶ 팔로우 instagram : https://www.instagram.com/chaechaetv/\n▶ 문의 e-mail : chaechaetv@naver.com\n\nKevin MacLeod의 Breaktime - Silent Film Light은(는) Creative Commons Attribution 라이선스(https://creativecommons.org/licenses/by/4.0/)에 따라 라이선스가 부여됩니다. \n출처: http://incompetech.com/music/royalty-free/index.html?isrc=USUAN1100302 \n아티스트: http://incompetech.com/",
        "thumbnail": "https://i.ytimg.com/vi/b6l3Vx8srSo/mqdefault.jpg",
        "youtubeVideoId": "b6l3Vx8srSo",
        "uploadedDate": "2017-01-23T15:59:22Z",
        "viewCount": 0,
        "isCommercial": "False"
    },
    {
        "id": "9f313085-7647-449f-8fcc-05f2b1bf61e3",
        "title": "러시안 룰렛 라면 (랜덤 냉장고 재료 라면) 채희선 X 억섭호",
        "description": "러시안 룰렛 라면 다시는 안 만들겠습니다. 껄껄.\n\n▶ 트림 참고 콜라 마시기 영상 보러 가기 : https://youtu.be/Dwo62F6pEhw\n▶ 채채TV 구독 youtube : https://goo.gl/IQHIBa \n▶ 팔로우 facebook : https://www.facebook.com/dolheesun\n▶ 팔로우 instagram : https://www.instagram.com/chaechaetv/\n▶ 취미기록 blog : http://blog.naver.com/chaechaetv\n▶ 문의 e-mail : chaechaetv@naver.com \n\n구독/좋아요/공유 잊지말고 해주시면 감사하겠어요.\n유익하고 유쾌한 컨텐츠크리에이터 채희선에게 응원을 듬뿍해주실수록, 영상이 자주 올라갑니다♥!",
        "thumbnail": "https://i.ytimg.com/vi/QHG-G_myQsE/mqdefault.jpg",
        "youtubeVideoId": "QHG-G_myQsE",
        "uploadedDate": "2016-05-29T03:48:12Z",
        "viewCount": 0,
        "isCommercial": "False"
    },
    {
        "id": "d1c92751-f24a-4c9c-8b31-0dad9555bde6",
        "title": "태권도를 배워 보았다 (격파,겨루기) with K-Tigers [채채TV]",
        "description": "채채TV와 더불어 K-Tigers 미니앨범 '영웅' 많이 사랑해주세요!\n\n▶ 구독 youtube : https://goo.gl/IQHIBa \n▶ 팔로우 facebook : https://www.facebook.com/dolheesun\n▶ 팔로우 instagram : https://www.instagram.com/chaechaetv/\n▶ 취미기록 blog : http://blog.naver.com/chaechaetv\n▶ 문의 e-mail : chaechaetv@naver.com \n\n구독/좋아요/공유 잊지말고 해주시면 감사하겠어요.\n유익하고 유쾌한 컨텐츠크리에이터 채희선에게 응원을 듬뿍해주실수록, 영상이 자주 올라갑니다♥!",
        "thumbnail": "https://i.ytimg.com/vi/y13dGIMgGuY/mqdefault.jpg",
        "youtubeVideoId": "y13dGIMgGuY",
        "uploadedDate": "2016-04-14T13:21:58Z",
        "viewCount": 0,
        "isCommercial": "False"
    },
    {
        "id": "a9cf420a-e4b7-4345-8e08-f781103dce86",
        "title": "(ENG) 외국 연예인 나이 맞히기 Guessing foreign celebrity's ages 채희선X데이브 [채채TV]",
        "description": "여러분도 외국 연예인들의 나이를 함께 맞혀보세요! 뿌우뿌우!\n\n▶ 채채TV 구독 youtube : https://goo.gl/IQHIBa \n▶ 팔로우 facebook : https://www.facebook.com/dolheesun\n▶ 팔로우 instagram : https://www.instagram.com/chaechaetv/\n▶ 문의 e-mail : chaechaetv@naver.com \n\n구독/좋아요/공유 잊지말고 해주시면 감사하겠어요.\n유익하고 유쾌한 컨텐츠크리에이터 채희선에게 응원을 듬뿍해주실수록, 영상이 자주 올라갑니다♥!",
        "thumbnail": "https://i.ytimg.com/vi/G5x7JWXiCSk/mqdefault.jpg",
        "youtubeVideoId": "G5x7JWXiCSk",
        "uploadedDate": "2016-01-29T15:00:29Z",
        "viewCount": 0,
        "isCommercial": "False"
    },
    {
        "id": "66213248-564d-4f71-9ca3-e289eeb662f7",
        "title": "(ENG) 채희선의 영어 약자 맞히고 배우기시간?! (with 데이브) English abbreviations guessing game [채채TV]",
        "description": "평소에 알아두면 유용할! 영어 약자 맞히기! 여러분도 공부하세요!\n\n▶ Subscribe 구독 youtube : https://goo.gl/IQHIBa \n▶ Follow 팔로우 facebook : https://www.facebook.com/dolheesun\n▶ 팔로우 instagram : https://www.instagram.com/chaechaetv/\n▶ 문의 e-mail : chaechaetv@naver.com \n\n리포터 & 컨텐츠 크리에이터 '채희선'의 영상을 꾸~준히 보고싶다면, 구독하기 눌러주세요. 일주일에 한번 이상 채희선을 만날수 있어요.",
        "thumbnail": "https://i.ytimg.com/vi/JYymbWh2z2Y/mqdefault.jpg",
        "youtubeVideoId": "JYymbWh2z2Y",
        "uploadedDate": "2015-12-25T15:16:39Z",
        "viewCount": 0,
        "isCommercial": "False"
    },
    {
        "id": "8fea0ca2-d060-457b-8804-f0a0d3d29260",
        "title": "안대쓰고 물건 맞히기 [채희선X유준호] Guess the object with eye patch",
        "description": "준호 → 희선의 물건 맞추기 영상이 궁금하신 분들은\n요기로 가서 확인해주세요 ▶ https://youtu.be/xD71VvK9U4c\n\n▶ Subscribe 구독 youtube : https://goo.gl/IQHIBa \n\n\n리포터 & 컨텐츠 크리에이터 '채희선'의 영상을 꾸~준히 보고싶다면, 구독하기 눌러주세요. 일주일에 한번 이상 채희선을 만날수 있어요.",
        "thumbnail": "https://i.ytimg.com/vi/YXVIFSRCTBQ/mqdefault.jpg",
        "youtubeVideoId": "YXVIFSRCTBQ",
        "uploadedDate": "2015-11-26T16:19:54Z",
        "viewCount": 0,
        "isCommercial": "False"
    },
    {
        "id": "c96a4e3c-2824-49c7-8171-6f8543e4f5d3",
        "title": "채희선 2015 강서구 허준가요제 본선에 나가다! (with선바) (핵병맛주의)",
        "description": "강서구 스릉흡니다..\n\n▶ Subscribe 구독 youtube : https://goo.gl/IQHIBa \n▶ Follow 팔로우 facebook : https://www.facebook.com/dolheesun\n\n리포터 & 컨텐츠 크리에이터 '채희선'의 영상을 꾸~준히 보고싶다면, 구독하기 눌러주세요. 일주일에 한번 이상 채희선을 만날수 있어요.",
        "thumbnail": "https://i.ytimg.com/vi/shlEvrkwyWs/mqdefault.jpg",
        "youtubeVideoId": "shlEvrkwyWs",
        "uploadedDate": "2015-10-16T17:49:12Z",
        "viewCount": 0,
        "isCommercial": "False"
    },
    {
        "id": "99c1cb5a-15cf-4b94-b7ea-ef007512a853",
        "title": "2015 강서구 허준가요제 예선영상 (with 선바) (예선편보다 본선편이 더 재밌습니다/본선은 내일저녁 업로드!)",
        "description": "허준가요제 = 흑역사&추억 제조 하고 옴..\n\n▶ Subscribe 구독 youtube : https://goo.gl/IQHIBa \n▶ Follow 팔로우 facebook : https://www.facebook.com/dolheesun\n\n리포터 & 컨텐츠 크리에이터 '채희선'의 영상을 꾸~준히 보고싶다면, 구독하기 눌러주세요. 일주일에 한번 이상 채희선을 만날수 있어요.",
        "thumbnail": "https://i.ytimg.com/vi/MATS0acn0Uc/mqdefault.jpg",
        "youtubeVideoId": "MATS0acn0Uc",
        "uploadedDate": "2015-10-16T15:37:41Z",
        "viewCount": 0,
        "isCommercial": "False"
    },
    {
        "id": "2af1bff4-93f8-4ee0-8314-158834605171",
        "title": "Private video",
        "description": "This video is private.",
        "thumbnail": null,
        "youtubeVideoId": "PcL7MfTjKG0",
        "uploadedDate": "2015-08-18T13:13:21Z",
        "viewCount": 0,
        "isCommercial": "False"
    },
    {
        "id": "a33adfaf-3230-42aa-968a-6a90c4d09b53",
        "title": "[채채TV] 이별 한 사람한테 맞기 (with 쿠쿠크루 김진완) Goodbye X-boyfriend",
        "description": "To. X-boyfriend (나는 당신에게 어떠한 감정을 갖고 있지 않아요. 영상은 영상일뿐, 나의 일을 존중해줬던 것처럼 이 영상도 존중해주길 바랍니다. 그리고 부디 행복하시길.)\n▶ 구독 youtube : https://www.youtube.com/c/채희선 & https://goo.gl/IQHIBa \n▶ 팔로우 facebook : https://www.facebook.com/dolheesun\n\n리포터 & 컨텐츠 크리에이터 '채희선'의 영상을 꾸~준히 보고싶다면, 구독하기 눌러주세요.\n일주일에 한번 이상 채희선을 만날수 있어요. 감사합니다. 사랑합니다.",
        "thumbnail": "https://i.ytimg.com/vi/xCMdN8_GYy4/mqdefault.jpg",
        "youtubeVideoId": "xCMdN8_GYy4",
        "uploadedDate": "2015-08-18T13:13:10Z",
        "viewCount": 0,
        "isCommercial": "False"
    },
    {
        "id": "0576bdf2-70e2-41d5-b955-ba27d69cc056",
        "title": "처음 만난 사람과 노래방 감 (with 선바) Sing the song 'Digimon Adventure' [채채TV]",
        "description": "선바랑 채채랑 처음 만난 날이었습니다. 미친 사람들 같으니라고..\n▶ 구독 youtube : https://www.youtube.com/c/채희선 & https://goo.gl/IQHIBa \n▶ 팔로우 facebook : https://www.facebook.com/dolheesun\n\n리포터 & 컨텐츠 크리에이터 '채희선'의 영상을 꾸~준히 보고싶다면, 구독하기 눌러주세요.\n일주일에 한번 이상 채희선을 만날수 있어요. 감사합니다. 사랑합니다.",
        "thumbnail": "https://i.ytimg.com/vi/HijaJ8q4ihI/mqdefault.jpg",
        "youtubeVideoId": "HijaJ8q4ihI",
        "uploadedDate": "2015-08-18T13:12:57Z",
        "viewCount": 40993,
        "isCommercial": "False"
    }
]