[
    {
        "id": "827f1b6a-889b-44dd-824e-ed273fdce0a1",
        "title": "또 나만 진심이었지?(시청자 투표 게임 '초이스 챔버 Choice Chamber')",
        "description": "-------------------------------------------------------------------\n\n☞ 트위치 라이브 방송: https://www.twitch.tv/1ho9\n\n☞ 워노구 트게더: https://tgd.kr/1ho9\n\n☞ 워노구 컬러링: Sik-K (식케이) - h1ghr gang (Feat. pH-1, 박재범) (Prod. BOYCOLD) [BOYCOLD]\n\n☞ oneho9da@gmail.com",
        "thumbnail": "https://i.ytimg.com/vi/-mIQxt_X7w0/mqdefault.jpg",
        "youtubeVideoId": "-mIQxt_X7w0",
        "uploadedDate": "2021-02-02T11:57:27Z",
        "viewCount": 1940,
        "isCommercial": "False"
    }
]