[
    {
        "id": "8aa19f67-efb1-4b70-bf02-68a118380dab",
        "title": "야무지게 먹어야지의 최후",
        "description": "♥방송 날짜: 2022. 2. 28♥\n♥생방송은 트위치에서♥\n♥방송시간 및 중요 공지는 트게더에! (아래링크 참조)♥\n(https://tgd.kr/s/geguleee?category=60540644)\n\n트위치 생방송 : https://www.twitch.tv/geguleee \n디스코드 : https://discord.gg/qKajHXA \n인스타그램 : @bbo9_me\n틱톡 : @bbo9_me\n광고 문의 : bbogumioffice@gmail.com\n\n#Shorts #뽀구미",
        "thumbnail": "https://i.ytimg.com/vi/JOCdiUGrNoU/mqdefault.jpg",
        "youtubeVideoId": "JOCdiUGrNoU",
        "uploadedDate": "2022-04-30T09:54:52Z",
        "viewCount": 89053,
        "isCommercial": "False"
    },
    {
        "id": "bd2ac0e2-4314-4bba-b440-efbd13b75d32",
        "title": "욕쟁이할머니 유망주",
        "description": "♥방송 날짜: 2022. 04. 09.♥\n♥생방송은 트위치에서♥\n♥방송시간 및 중요 공지는 트게더에! (아래링크 참조)♥\n(https://tgd.kr/s/geguleee?category=60540644)\n\n트위치 생방송 : https://www.twitch.tv/geguleee \n디스코드 : https://discord.gg/qKajHXA \n인스타그램 : @bbo9_me\n틱톡 : @bbo9_me\n광고 문의 : bbogumioffice@gmail.com\n\n#뽀구미 #극대노 #Shorts",
        "thumbnail": "https://i.ytimg.com/vi/RsxP3rDdXPQ/mqdefault.jpg",
        "youtubeVideoId": "RsxP3rDdXPQ",
        "uploadedDate": "2022-04-30T09:59:43Z",
        "viewCount": 22158,
        "isCommercial": "False"
    },
    {
        "id": "fa4abc31-2a60-42da-9115-c1ed510e8c06",
        "title": "야 저기 니 여친 지나간다",
        "description": "♥생방송은 트위치에서♥\n♥방송시간 및 중요 공지는 트게더에! (아래링크 참조)♥\n(https://tgd.kr/s/geguleee?category=60540644)\n\n트위치 생방송 : https://www.twitch.tv/geguleee \n디스코드 : https://discord.gg/qKajHXA \n인스타그램 : @bbo9_me\n틱톡 : @bbo9_me\n광고 문의 : bbogumioffice@gmail.com\n\n#뽀구미 #여친 #Shorts",
        "thumbnail": "https://i.ytimg.com/vi/L54wlHy65zY/mqdefault.jpg",
        "youtubeVideoId": "L54wlHy65zY",
        "uploadedDate": "2022-04-30T10:00:17Z",
        "viewCount": 35538,
        "isCommercial": "False"
    },
    {
        "id": "5bf24a8d-2ceb-46b1-9b98-1188953ea8be",
        "title": "살풀이",
        "description": "♥생방송은 트위치에서♥\n♥방송시간 및 중요 공지는 트게더에! (아래링크 참조)♥\n(https://tgd.kr/s/geguleee?category=60540644)\n\n트위치 생방송 : https://www.twitch.tv/geguleee \n디스코드 : https://discord.gg/qKajHXA \n인스타그램 : @bbo9_me\n틱톡 : @bbo9_me\n광고 문의 : bbogumioffice@gmail.com\n\n#뽀구미 #BTS #Shorts",
        "thumbnail": "https://i.ytimg.com/vi/SjTb9ZsuDRA/mqdefault.jpg",
        "youtubeVideoId": "SjTb9ZsuDRA",
        "uploadedDate": "2022-04-30T10:03:17Z",
        "viewCount": 41762,
        "isCommercial": "False"
    },
    {
        "id": "78d88e0f-dd8e-4b86-803c-ecba8f01ae0d",
        "title": "우리나라 아이돌 엔딩",
        "description": "♥생방송은 트위치에서♥\n♥방송시간 및 중요 공지는 트게더에! (아래링크 참조)♥\n(https://tgd.kr/s/geguleee?category=60540644)\n\n트위치 생방송 : https://www.twitch.tv/geguleee \n디스코드 : https://discord.gg/qKajHXA \n인스타그램 : @bbo9_me\n틱톡 : @bbo9_me\n광고 문의 : bbogumioffice@gmail.com\n\n#뽀구미 #돌아이 #Shorts",
        "thumbnail": "https://i.ytimg.com/vi/n-aB17ztxbw/mqdefault.jpg",
        "youtubeVideoId": "n-aB17ztxbw",
        "uploadedDate": "2022-04-30T10:04:06Z",
        "viewCount": 59809,
        "isCommercial": "False"
    },
    {
        "id": "fc38be73-c5a4-4a74-a4b5-d8d9d673dcd1",
        "title": "클럽에 노래만 들으러 간다는 여자 특",
        "description": "♥생방송은 트위치에서♥\n♥방송시간 및 중요 공지는 트게더에! (아래링크 참조)♥\n(https://tgd.kr/s/geguleee?category=60540644)\n\n트위치 생방송 : https://www.twitch.tv/geguleee \n디스코드 : https://discord.gg/qKajHXA \n인스타그램 : @bbo9_me\n틱톡 : @bbo9_me\n광고 문의 : bbogumioffice@gmail.com\n\n#뽀구미 #클럽 #Shorts",
        "thumbnail": "https://i.ytimg.com/vi/JbZQZQSA_fQ/mqdefault.jpg",
        "youtubeVideoId": "JbZQZQSA_fQ",
        "uploadedDate": "2022-04-30T10:05:21Z",
        "viewCount": 66323,
        "isCommercial": "False"
    },
    {
        "id": "55a79cbc-60e0-4fa4-9217-65d2b5f41819",
        "title": "음식메뉴 선택장애 특",
        "description": "♥생방송은 트위치에서♥\n♥방송시간 및 중요 공지는 트게더에! (아래링크 참조)♥\n(https://tgd.kr/s/geguleee?category=60540644)\n\n트위치 생방송 : https://www.twitch.tv/geguleee \n디스코드 : https://discord.gg/qKajHXA \n인스타그램 : @bbo9_me\n틱톡 : @bbo9_me\n광고 문의 : bbogumioffice@gmail.com\n\n#뽀구미 #shorts",
        "thumbnail": "https://i.ytimg.com/vi/bTitAY9tDBM/mqdefault.jpg",
        "youtubeVideoId": "bTitAY9tDBM",
        "uploadedDate": "2022-04-30T10:08:27Z",
        "viewCount": 41060,
        "isCommercial": "False"
    },
    {
        "id": "a4dc7ec1-af38-409e-ace1-e3898b5848ed",
        "title": "이중인격이 무서운 이유",
        "description": "♥생방송은 트위치에서♥\n♥방송시간 및 중요 공지는 트게더에! (아래링크 참조)♥\n(https://tgd.kr/s/geguleee?category=60540644)\n\n트위치 생방송 : https://www.twitch.tv/geguleee \n디스코드 : https://discord.gg/qKajHXA \n인스타그램 : @bbo9_me\n틱톡 : @bbo9_me\n광고 문의 : bbogumioffice@gmail.com\n\n#뽀구미 #Shorts",
        "thumbnail": "https://i.ytimg.com/vi/PfdQHr8dHV8/mqdefault.jpg",
        "youtubeVideoId": "PfdQHr8dHV8",
        "uploadedDate": "2022-04-30T10:11:25Z",
        "viewCount": 30480,
        "isCommercial": "False"
    },
    {
        "id": "229dcd23-0230-406a-ab9f-f0eaf25131f9",
        "title": "Private video",
        "description": "This video is private.",
        "thumbnail": null,
        "youtubeVideoId": "iogR8ZZTQu8",
        "uploadedDate": "2022-04-30T11:13:35Z",
        "viewCount": 0,
        "isCommercial": "False"
    },
    {
        "id": "01e79283-8b7e-4a40-b4cc-6cf33f3b0f8e",
        "title": "찐 특",
        "description": "♥생방송은 트위치에서♥\n♥방송시간 및 중요 공지는 트게더에! (아래링크 참조)♥\n(https://tgd.kr/s/geguleee?category=60540644)\n\n트위치 생방송 : https://www.twitch.tv/geguleee \n디스코드 : https://discord.gg/qKajHXA \n인스타그램 : @bbo9_me\n틱톡 : @bbo9_me\n광고 문의 : bbogumioffice@gmail.com\n\n#뽀구미 #Shorts",
        "thumbnail": "https://i.ytimg.com/vi/3Q2CJOzFIU8/mqdefault.jpg",
        "youtubeVideoId": "3Q2CJOzFIU8",
        "uploadedDate": "2022-04-30T11:14:59Z",
        "viewCount": 49731,
        "isCommercial": "False"
    },
    {
        "id": "4d53a032-b6dd-481a-af97-fd45fe8ec17d",
        "title": "이러면 실버버튼 줄맛 나지 ㄹㅇㅋㅋ",
        "description": "♥생방송은 트위치에서♥\n♥방송시간 및 중요 공지는 트게더에! (아래링크 참조)♥\n(https://tgd.kr/s/geguleee?category=60540644)\n\n트위치 생방송 : https://www.twitch.tv/geguleee \n디스코드 : https://discord.gg/qKajHXA \n인스타그램 : @bbo9_me\n틱톡 : @bbo9_me\n광고 문의 : bbogumioffice@gmail.com\n\n#뽀구미 #Shorts",
        "thumbnail": "https://i.ytimg.com/vi/vqhEn_2YsTs/mqdefault.jpg",
        "youtubeVideoId": "vqhEn_2YsTs",
        "uploadedDate": "2022-04-30T11:15:07Z",
        "viewCount": 40278,
        "isCommercial": "False"
    },
    {
        "id": "42d9d2b8-b0e9-4af9-a424-3ef075f8945c",
        "title": "이정도 반전이면 나도 예쁘잖아!!!",
        "description": "♥생방송은 트위치에서♥\n♥방송시간 및 중요 공지는 트게더에! (아래링크 참조)♥\n(https://tgd.kr/s/geguleee?category=60540644)\n\n트위치 생방송 : https://www.twitch.tv/geguleee \n디스코드 : https://discord.gg/qKajHXA \n인스타그램 : @bbo9_me\n틱톡 : @bbo9_me\n광고 문의 : bbogumioffice@gmail.com\n\n#뽀구미 #Shorts #틱톡",
        "thumbnail": "https://i.ytimg.com/vi/zbCe-_Y5RaQ/mqdefault.jpg",
        "youtubeVideoId": "zbCe-_Y5RaQ",
        "uploadedDate": "2022-04-30T11:15:38Z",
        "viewCount": 77673,
        "isCommercial": "False"
    },
    {
        "id": "87e3e544-92d1-400a-83b9-d779dd13d9b4",
        "title": "우디르도 한수 배우는 태세전환",
        "description": "♥생방송은 트위치에서♥\n♥방송시간 및 중요 공지는 트게더에! (아래링크 참조)♥\n(https://tgd.kr/s/geguleee?category=60540644)\n\n트위치 생방송 : https://www.twitch.tv/geguleee \n디스코드 : https://discord.gg/qKajHXA \n인스타그램 : @bbo9_me\n틱톡 : @bbo9_me\n광고 문의 : bbogumioffice@gmail.com\n\n#Shorts #뽀구미 #탈룰라",
        "thumbnail": "https://i.ytimg.com/vi/n5g4GHIDjzM/mqdefault.jpg",
        "youtubeVideoId": "n5g4GHIDjzM",
        "uploadedDate": "2022-04-30T11:18:54Z",
        "viewCount": 54353,
        "isCommercial": "False"
    },
    {
        "id": "2829828d-4c56-4413-b290-560d3ba74b8c",
        "title": "급발진 해명 레전드 (꼭 끝까지 보세요)",
        "description": "♥생방송은 트위치에서♥\n♥방송시간 및 중요 공지는 트게더에! (아래링크 참조)♥\n(https://tgd.kr/s/geguleee?category=60540644)\n\n트위치 생방송 : https://www.twitch.tv/geguleee \n디스코드 : https://discord.gg/qKajHXA \n인스타그램 : @bbo9_me\n틱톡 : @bbo9_me\n광고 문의 : bbogumioffice@gmail.com\n\n#뽀구미 #극대노 #Shorts",
        "thumbnail": "https://i.ytimg.com/vi/Z9_vL6bkjC0/mqdefault.jpg",
        "youtubeVideoId": "Z9_vL6bkjC0",
        "uploadedDate": "2022-04-30T11:19:30Z",
        "viewCount": 43707,
        "isCommercial": "False"
    },
    {
        "id": "94f83c60-007e-4c85-946e-e312d6396507",
        "title": "틱톡의 현실",
        "description": "♥생방송은 트위치에서♥\n♥방송시간 및 중요 공지는 트게더에! (아래링크 참조)♥\n(https://tgd.kr/s/geguleee?category=60540644)\n\n트위치 : https://www.twitch.tv/geguleee\n디스코드: https://discord.gg/qKajHXA\n인스타그램 : @bbo9_me\n틱톡 : @bbo9_me\n\n#뽀구미 #Shorts #틱톡",
        "thumbnail": "https://i.ytimg.com/vi/eTkrxYM4oaw/mqdefault.jpg",
        "youtubeVideoId": "eTkrxYM4oaw",
        "uploadedDate": "2022-04-30T11:20:34Z",
        "viewCount": 102600,
        "isCommercial": "False"
    },
    {
        "id": "a38f0c6a-1d00-41f5-bb28-48d7d897371f",
        "title": "[입덕직캠 4k] 뽀구미 '코카인' (BBO GU MI Fan Cam) _ 2022.01.10",
        "description": "♥생방송은 트위치에서♥\n♥방송시간 및 중요 공지는 트게더에! (아래링크 참조)♥\n(https://tgd.kr/s/geguleee?category=60540644)\n\n트위치 : https://www.twitch.tv/geguleee \n디스코드: https://discord.gg/qKajHXA \n인스타그램 : @bbo9_me\n틱톡 : @bbo9_me\n광고 문의 : bbogumioffice@gmail.com\n\n#뽀구미 #코카인 #Shorts",
        "thumbnail": "https://i.ytimg.com/vi/jHpshfy2DR8/mqdefault.jpg",
        "youtubeVideoId": "jHpshfy2DR8",
        "uploadedDate": "2022-04-30T11:23:57Z",
        "viewCount": 19294,
        "isCommercial": "False"
    },
    {
        "id": "31ff9fcb-8baf-47d3-8b3c-51686baeaf5c",
        "title": "미연시 과몰입 레전드",
        "description": "♥생방송은 트위치에서♥\n♥방송시간 및 중요 공지는 트게더에! (아래링크 참조)♥\n(https://tgd.kr/s/geguleee?category=60540644)\n\n트위치 : https://www.twitch.tv/geguleee \n디스코드: https://discord.gg/qKajHXA \n인스타그램 : @bbo9_me\n틱톡 : @bbo9_me\n광고 문의 : bbogumioffice@gmail.com\n\n#뽀구미 #미연시 #Shorts",
        "thumbnail": "https://i.ytimg.com/vi/PYPFTIJJ9SI/mqdefault.jpg",
        "youtubeVideoId": "PYPFTIJJ9SI",
        "uploadedDate": "2022-04-30T11:24:21Z",
        "viewCount": 56198,
        "isCommercial": "False"
    },
    {
        "id": "b8444dfa-f900-4666-a49d-4e38d5f8a098",
        "title": "유산균 좀 봐달라니까!!!!",
        "description": "♥생방송은 트위치에서♥\n♥방송시간 및 중요 공지는 트게더에! (아래링크 참조)♥\n(https://tgd.kr/s/geguleee?category=60540644)\n\n트위치 : https://www.twitch.tv/geguleee \n디스코드: https://discord.gg/qKajHXA \n인스타그램 : @bbo9_me\n틱톡 : @bbo9_me\n광고 문의 : bbogumioffice@gmail.com\n\n#아이힐 #아이힐비너스유산균 #Shorts\n\n(여성에게 좋은 아이힐비너스유산균)\nhttps://m.iheal.co.kr/goods/goods_view.php?goodsNo=1000000001",
        "thumbnail": "https://i.ytimg.com/vi/ecA-SdXIlIY/mqdefault.jpg",
        "youtubeVideoId": "ecA-SdXIlIY",
        "uploadedDate": "2022-04-30T11:26:35Z",
        "viewCount": 1579883,
        "isCommercial": "True"
    },
    {
        "id": "1f6a321e-b6d1-4de0-b4e5-8001bbfb660b",
        "title": "이딴걸 후원이라고 지금!!!!!",
        "description": "♥생방송은 트위치에서♥\n♥방송시간 및 중요 공지는 트게더에! (아래링크 참조)♥\n(https://tgd.kr/s/geguleee?category=60540644)\n\n트위치 : https://www.twitch.tv/geguleee \n디스코드: https://discord.gg/qKajHXA \n인스타그램 : @bbo9_me\n틱톡 : @bbo9_me\n광고 문의 : bbogumioffice@gmail.com\n\n#뽀구미 #변화구 #Shorts",
        "thumbnail": "https://i.ytimg.com/vi/-kc_FxU4AKo/mqdefault.jpg",
        "youtubeVideoId": "-kc_FxU4AKo",
        "uploadedDate": "2022-04-30T11:26:57Z",
        "viewCount": 36922,
        "isCommercial": "False"
    },
    {
        "id": "dc361e66-c122-4e9f-ab3b-a090ad82b8b0",
        "title": "눈썹의 중요성 (깜놀주의)",
        "description": "♥생방송은 트위치에서♥\n♥방송시간 및 중요 공지는 트게더에! (아래링크 참조)♥\n(https://tgd.kr/s/geguleee?category=60540644)\n\n트위치 : https://www.twitch.tv/geguleee \n디스코드: https://discord.gg/qKajHXA \n인스타그램 : @bbo9_me\n틱톡 : @bbo9_me\n\n#뽀구미 #눈썹 #Shorts",
        "thumbnail": "https://i.ytimg.com/vi/xgRYK2tqAYw/mqdefault.jpg",
        "youtubeVideoId": "xgRYK2tqAYw",
        "uploadedDate": "2022-04-30T11:27:11Z",
        "viewCount": 30596,
        "isCommercial": "False"
    },
    {
        "id": "cbb82bb7-be56-4356-a0dc-e68e4989a7f8",
        "title": "주인의 재롱을 보고 한심함을 느낀 강아지",
        "description": "♥생방송은 트위치에서♥\n♥방송시간 및 중요 공지는 트게더에! (아래링크 참조)♥\n(https://tgd.kr/s/geguleee?category=60540644)\n\n트위치 : https://www.twitch.tv/geguleee \n디스코드: https://discord.gg/qKajHXA \n인스타그램 : @bbo9_me\n틱톡 : @bbo9_me\n\n#뽀구미 #표정 #Shorts",
        "thumbnail": "https://i.ytimg.com/vi/9D4bYwjyA1o/mqdefault.jpg",
        "youtubeVideoId": "9D4bYwjyA1o",
        "uploadedDate": "2022-04-30T11:27:20Z",
        "viewCount": 20432,
        "isCommercial": "False"
    },
    {
        "id": "ffd1e23f-3560-4874-8a4a-c256e2e94945",
        "title": "검색어 기록 방송에서 공개되서 논란된 방송인",
        "description": "♥생방송은 트위치에서♥\n♥방송시간 및 중요 공지는 트게더에! (아래링크 참조)♥\n(https://tgd.kr/s/geguleee?category=60540644)\n\n트위치 : https://www.twitch.tv/geguleee \n디스코드: https://discord.gg/qKajHXA \n인스타그램 : @bbo9_me\n틱톡 : @bbo9_me\n\n#뽀구미 #검색기록 #Shorts",
        "thumbnail": "https://i.ytimg.com/vi/A1pztDu_-dk/mqdefault.jpg",
        "youtubeVideoId": "A1pztDu_-dk",
        "uploadedDate": "2022-04-30T11:27:36Z",
        "viewCount": 19063,
        "isCommercial": "False"
    },
    {
        "id": "09604bb8-6063-4d0b-82a4-c2faf9034c9d",
        "title": "방송에 흑역사가 공개되면 생기는일ㅋㅋㅋㅋㅋ",
        "description": "♥생방송은 트위치에서♥\n♥방송시간 및 중요 공지는 트게더에! (아래링크 참조)♥\n(https://tgd.kr/s/geguleee?category=60540644)\n\n트위치 : https://www.twitch.tv/geguleee \n디스코드: https://discord.gg/qKajHXA \n인스타그램 : @bbo9_me\n틱톡 : @bbo9_me\n\n#뽀구미 #애교 #Shorts",
        "thumbnail": "https://i.ytimg.com/vi/I_zQHzj1i3o/mqdefault.jpg",
        "youtubeVideoId": "I_zQHzj1i3o",
        "uploadedDate": "2022-04-30T11:27:39Z",
        "viewCount": 11193,
        "isCommercial": "False"
    },
    {
        "id": "f58ae7cb-8dc7-4734-9b56-c432221765f4",
        "title": "자격지심의 최후 (사이다)",
        "description": "♥생방송은 트위치에서♥\n♥방송시간 및 중요 공지는 트게더에! (아래링크 참조)♥\n(https://tgd.kr/s/geguleee?category=60540644)\n\n트위치 : https://www.twitch.tv/geguleee \n디스코드: https://discord.gg/qKajHXA \n인스타그램 : @bbo9_me\n틱톡 : @bbo9_me\n\n#뽀구미 #Shorts",
        "thumbnail": "https://i.ytimg.com/vi/7xjrLxgSz8I/mqdefault.jpg",
        "youtubeVideoId": "7xjrLxgSz8I",
        "uploadedDate": "2022-04-30T11:28:08Z",
        "viewCount": 32442,
        "isCommercial": "False"
    },
    {
        "id": "d9c084b8-4340-4d21-9c4e-c2cc4882b215",
        "title": "스트리머가 잼민이면 생기는 일 #Shorts",
        "description": "♥생방송은 트위치에서♥\n♥방송시간 및 중요 공지는 트게더에! (아래링크 참조)♥\n(https://tgd.kr/s/geguleee?category=60540644)\n\n트위치 : https://www.twitch.tv/geguleee \n디스코드: https://discord.gg/qKajHXA \n인스타그램 : @bbo9_me\n틱톡 : @bbo9_me\n\n#뽀구미 #Shorts #말싸움",
        "thumbnail": "https://i.ytimg.com/vi/jtBWeDuyH48/mqdefault.jpg",
        "youtubeVideoId": "jtBWeDuyH48",
        "uploadedDate": "2022-04-30T11:28:15Z",
        "viewCount": 8406,
        "isCommercial": "False"
    },
    {
        "id": "06f6ef94-db8d-4ada-97e3-33186405db74",
        "title": "공포영상 보다가 빙의된 뽀구미 ㅋㅋㅋㅋㅋ#Shorts",
        "description": "♥생방송은 트위치에서♥\n♥방송시간 및 중요 공지는 트게더에! (아래링크 참조)♥\n(https://tgd.kr/s/geguleee?category=60540644)\n\n트위치 : https://www.twitch.tv/geguleee\n디스코드: https://discord.gg/qKajHXA\n인스타그램 : @bbo9_me\n틱톡 : @bbo9_me\n\n#뽀구미 #Shorts #도네반응",
        "thumbnail": "https://i.ytimg.com/vi/QNAnrPpFmwA/mqdefault.jpg",
        "youtubeVideoId": "QNAnrPpFmwA",
        "uploadedDate": "2022-04-30T11:28:22Z",
        "viewCount": 10705,
        "isCommercial": "False"
    },
    {
        "id": "a8b64e3a-dc8c-46c4-9ad9-11abfe8e20d2",
        "title": "가나다 동요 변화구 레전드ㅋㅋㅋ #Shorts",
        "description": "♥생방송은 트위치에서♥\n♥방송시간 및 중요 공지는 트게더에! (아래링크 참조)♥\n(https://tgd.kr/s/geguleee?category=60540644)\n\n트위치 : https://www.twitch.tv/geguleee\n디스코드: https://discord.gg/qKajHXA\n인스타그램 : @bbo9_me\n틱톡 : @bbo9_me\n\n#뽀구미 #Shorts #도네반응",
        "thumbnail": "https://i.ytimg.com/vi/k9Ypckjf0u8/mqdefault.jpg",
        "youtubeVideoId": "k9Ypckjf0u8",
        "uploadedDate": "2022-04-30T11:30:10Z",
        "viewCount": 2278,
        "isCommercial": "False"
    },
    {
        "id": "d62bcb63-f895-458c-b166-58a7b1620ced",
        "title": "틱톡의 현실 (꼭 끝까지 보세요) #Shorts",
        "description": "♥생방송은 트위치에서♥\n♥방송시간 및 중요 공지는 트게더에! (아래링크 참조)♥\n(https://tgd.kr/s/geguleee?category=60540644)\n\n트위치 : https://www.twitch.tv/geguleee\n디스코드: https://discord.gg/qKajHXA\n인스타그램 : @bbo9_me\n틱톡 : @bbo9_me\n\n#뽀구미 #Shorts #틱톡",
        "thumbnail": "https://i.ytimg.com/vi/Qutg3VF8qDA/mqdefault.jpg",
        "youtubeVideoId": "Qutg3VF8qDA",
        "uploadedDate": "2022-04-30T11:30:17Z",
        "viewCount": 3611,
        "isCommercial": "False"
    },
    {
        "id": "ab591165-90e1-4799-976b-f026dc4c0311",
        "title": "이 공약 못지키면 눈썹 밀겠습니다 #Shorts",
        "description": "♥생방송은 트위치에서♥\n♥방송시간 및 중요 공지는 트게더에! (아래링크 참조)♥\n(https://tgd.kr/s/geguleee?category=60540644)\n\n트위치 : https://www.twitch.tv/geguleee\n디스코드: https://discord.gg/qKajHXA\n인스타그램 : @bbo9_me\n틱톡 : @bbo9_me\n\n#뽀구미 #Shorts #다이어트 #공약",
        "thumbnail": "https://i.ytimg.com/vi/ZF75hzIRGc0/mqdefault.jpg",
        "youtubeVideoId": "ZF75hzIRGc0",
        "uploadedDate": "2022-04-30T11:31:07Z",
        "viewCount": 3585,
        "isCommercial": "False"
    },
    {
        "id": "969484ef-3fde-4b52-bd20-08154b2360ef",
        "title": "30초만에 보는 정식출시한 ALTF4 현황 #Shorts",
        "description": "♥생방송은 트위치에서♥\n♥방송시간 및 중요 공지는 트게더에! (아래링크 참조)♥\n(https://tgd.kr/s/geguleee?category=60540644)\n\n트위치 : https://www.twitch.tv/geguleee\n디스코드: https://discord.gg/qKajHXA\n인스타그램 : @bbo9_me\n틱톡 : @bbo9_me\n\n#뽀구미 #Shorts #알트에프포 #ALTF4",
        "thumbnail": "https://i.ytimg.com/vi/G9L9-1rNGFk/mqdefault.jpg",
        "youtubeVideoId": "G9L9-1rNGFk",
        "uploadedDate": "2022-04-30T11:31:24Z",
        "viewCount": 846,
        "isCommercial": "False"
    },
    {
        "id": "389e753d-1a2e-4b3c-b214-2c6ffbc63b84",
        "title": "[입덕직캠] 스우파 뽀구미 직캠 4K 'Hey Mama'",
        "description": "♥생방송은 트위치에서♥\n♥방송시간 및 중요 공지는 트게더에! (아래링크 참조)♥\n(https://tgd.kr/s/geguleee?category=60540644)\n\n트위치 : https://www.twitch.tv/geguleee\n디스코드: https://discord.gg/qKajHXA\n인스타그램 : @bbo9_me\n틱톡 : @bbo9_me\n\n#뽀구미 #Shorts #스우파 #헤이마마",
        "thumbnail": "https://i.ytimg.com/vi/hGZF_buuZMg/mqdefault.jpg",
        "youtubeVideoId": "hGZF_buuZMg",
        "uploadedDate": "2022-04-30T11:31:44Z",
        "viewCount": 2020,
        "isCommercial": "False"
    },
    {
        "id": "45edf97b-14b1-49a2-b77b-c83639a2d4ec",
        "title": "여캠이 가슴 영혼까지 끌어모으는 방법",
        "description": "♥생방송은 트위치에서♥\n♥방송시간 및 중요 공지는 트게더에! (아래링크 참조)♥\n(https://tgd.kr/s/geguleee?category=60540644)\n\n트위치 : https://www.twitch.tv/geguleee\n디스코드: https://discord.gg/qKajHXA\n인스타그램 : @bbo9_me\n틱톡 : @bbo9_me\n\n#뽀구미 #Shorts",
        "thumbnail": "https://i.ytimg.com/vi/dOJmh1sghXM/mqdefault.jpg",
        "youtubeVideoId": "dOJmh1sghXM",
        "uploadedDate": "2022-04-30T11:31:51Z",
        "viewCount": 3315,
        "isCommercial": "False"
    },
    {
        "id": "031117c1-3a4c-4033-94b2-1b86b53e8987",
        "title": "브베한테 고백받은 여자",
        "description": "♥생방송은 트위치에서♥\n♥방송시간 및 중요 공지는 트게더에! (아래링크 참조)♥\n(https://tgd.kr/s/geguleee?category=60540644)\n\n트위치 : https://www.twitch.tv/geguleee\n디스코드: https://discord.gg/qKajHXA\n인스타그램 : @bbo9_me\n틱톡 : @bbo9_me\n\n#뽀구미 #Shorts",
        "thumbnail": "https://i.ytimg.com/vi/AT8q7O4DMRE/mqdefault.jpg",
        "youtubeVideoId": "AT8q7O4DMRE",
        "uploadedDate": "2022-04-30T11:32:05Z",
        "viewCount": 3027,
        "isCommercial": "False"
    },
    {
        "id": "b553e41e-bb38-4a79-8a93-633eb0ebf392",
        "title": "비오 카운팅 스타, 뭣도아닌 일반인이 부르면 안되는 이유",
        "description": "♥생방송은 트위치에서♥\n♥방송시간 및 중요 공지는 트게더에! (아래링크 참조)♥\n(https://tgd.kr/s/geguleee?category=60540644)\n\n트위치 : https://www.twitch.tv/geguleee\n디스코드: https://discord.gg/qKajHXA\n인스타그램 : @bbo9_me\n틱톡 : @bbo9_me\n\n#Shorts #카운팅스타 #비오",
        "thumbnail": "https://i.ytimg.com/vi/d-iHqtC8yWo/mqdefault.jpg",
        "youtubeVideoId": "d-iHqtC8yWo",
        "uploadedDate": "2022-04-30T11:32:42Z",
        "viewCount": 831,
        "isCommercial": "False"
    },
    {
        "id": "c3832fe8-0c93-48e7-b937-81102c3c8c42",
        "title": "어? 이거 나만 되나...?",
        "description": "♥생방송은 트위치에서♥\n♥방송시간 및 중요 공지는 트게더에! (아래링크 참조)♥\n(https://tgd.kr/s/geguleee?category=60540644)\n\n트위치 : https://www.twitch.tv/geguleee\n디스코드: https://discord.gg/qKajHXA\n인스타그램 : @bbo9_me\n틱톡 : @bbo9_me\n\n#Shorts #챌린지 #목주름",
        "thumbnail": "https://i.ytimg.com/vi/O20-AJFmk5A/mqdefault.jpg",
        "youtubeVideoId": "O20-AJFmk5A",
        "uploadedDate": "2022-04-30T11:33:50Z",
        "viewCount": 3942,
        "isCommercial": "False"
    },
    {
        "id": "4ca0b5c2-11d1-43a3-ae4c-55ae7383600a",
        "title": "흔한 한국인의 한글날 미션",
        "description": "♥생방송은 트위치에서♥\n♥방송시간 및 중요 공지는 트게더에! (아래링크 참조)♥\n(https://tgd.kr/s/geguleee?category=60540644)\n\n트위치 : https://www.twitch.tv/geguleee\n디스코드: https://discord.gg/qKajHXA\n인스타그램 : @bbo9_me\n틱톡 : @bbo9_me\n\n#Shorts #미션",
        "thumbnail": "https://i.ytimg.com/vi/f9ENtyF0sL0/mqdefault.jpg",
        "youtubeVideoId": "f9ENtyF0sL0",
        "uploadedDate": "2022-04-30T11:35:49Z",
        "viewCount": 1545,
        "isCommercial": "False"
    },
    {
        "id": "d08f7684-4b08-4722-ab67-4219d38633bc",
        "title": "함부로 예쁜척을 하면 안되는 이유",
        "description": "♥생방송은 트위치에서♥\n♥방송시간 및 중요 공지는 트게더에! (아래링크 참조)♥\n(https://tgd.kr/s/geguleee?category=60540644)\n\n트위치 : https://www.twitch.tv/geguleee\n디스코드: https://discord.gg/qKajHXA\n인스타그램 : @bbo9_me\n틱톡 : @bbo9_me\n\n#Shorts",
        "thumbnail": "https://i.ytimg.com/vi/V-DuKfi1TdU/mqdefault.jpg",
        "youtubeVideoId": "V-DuKfi1TdU",
        "uploadedDate": "2022-04-30T11:37:26Z",
        "viewCount": 3482,
        "isCommercial": "False"
    },
    {
        "id": "df30db08-fa28-4972-a8ce-626b1ff774ad",
        "title": "아이유 노래를 일반인이 부르면 안되는 이유",
        "description": "진짜 너무 어려운 노래..\n\n• Artist: IU(아이유)\n• Song ♫: 어푸\n• Album: LILAC -  5TH ALBUM\n\n♥생방송은 트위치에서♥\n♥방송시간 및 중요 공지는 트게더에! (아래링크 참조)♥\n(https://tgd.kr/s/geguleee?category=60540644)\n\n트위치 : https://www.twitch.tv/geguleee\n디스코드: https://discord.gg/qKajHXA\n인스타그램 : @bbo9_me\n틱톡 : @bbo9_me\n\n#Shorts #뽀구미 #아이유",
        "thumbnail": "https://i.ytimg.com/vi/HCiskW65zS8/mqdefault.jpg",
        "youtubeVideoId": "HCiskW65zS8",
        "uploadedDate": "2022-04-30T11:37:41Z",
        "viewCount": 3560,
        "isCommercial": "False"
    },
    {
        "id": "2a336fd4-6a64-44ec-b9ae-1892b1a69114",
        "title": "예쁘잖아 레전드 댓글 모음",
        "description": "♥생방송은 트위치에서♥\n♥방송시간 및 중요 공지는 트게더에! (아래링크 참조)♥\n(https://tgd.kr/s/geguleee?category=60540644)\n\n트위치 생방송 : https://www.twitch.tv/geguleee \n인스타그램 : @bbo9_me\n틱톡 : @bbo9_me\n광고 문의 : bbogumioffice@gmail.com\n\n#뽀구미 #에쁘잖아 #Shorts",
        "thumbnail": "https://i.ytimg.com/vi/OEcI-4vOZAY/mqdefault.jpg",
        "youtubeVideoId": "OEcI-4vOZAY",
        "uploadedDate": "2022-05-26T10:01:45Z",
        "viewCount": 91533,
        "isCommercial": "False"
    },
    {
        "id": "0acaa940-73a5-4678-bca0-1eed4d31904f",
        "title": "죄수번호 6648 밥왔다",
        "description": "♥생방송은 트위치에서♥\n♥방송시간 및 중요 공지는 트게더에! (아래링크 참조)♥\n(https://tgd.kr/s/geguleee?category=60540644)\n\n트위치 생방송 : https://www.twitch.tv/geguleee \n인스타그램 : @bbo9_me\n틱톡 : @bbo9_me\n광고 문의 : bbogumioffice@gmail.com\n\n#뽀구미 #죄수 #Shorts",
        "thumbnail": "https://i.ytimg.com/vi/Xo3V-icv9Co/mqdefault.jpg",
        "youtubeVideoId": "Xo3V-icv9Co",
        "uploadedDate": "2022-05-29T07:10:27Z",
        "viewCount": 57639,
        "isCommercial": "False"
    },
    {
        "id": "b4a098fe-1638-45c6-9212-bc6db0729a98",
        "title": "개혜자 감전 리액션ㅋㅋㅋ",
        "description": "♥방송 날짜: 2022. 5. 1.♥\n♥생방송은 트위치에서♥\n♥방송시간 및 중요 공지는 트게더에! (아래링크 참조)♥\n(https://tgd.kr/s/geguleee?category=60540644)\n\n트위치 생방송 : https://www.twitch.tv/geguleee \n인스타그램 : @bbo9_me\n틱톡 : @bbo9_me\n광고 문의 : bbogumioffice@gmail.com\n\n#뽀구미 #리액션 #shorts",
        "thumbnail": "https://i.ytimg.com/vi/n2L3T-MtL6A/mqdefault.jpg",
        "youtubeVideoId": "n2L3T-MtL6A",
        "uploadedDate": "2022-06-11T11:26:01Z",
        "viewCount": 27589,
        "isCommercial": "False"
    },
    {
        "id": "f3c99564-dc25-418b-80e7-d8dd6f35a929",
        "title": "요즘같이 더울때 국룰",
        "description": "♥생방송은 트위치에서♥\n♥방송시간 및 중요 공지는 트게더에! (아래링크 참조)♥\n(https://tgd.kr/s/geguleee?category=60540644)\n\n트위치 생방송 : https://www.twitch.tv/geguleee \n인스타그램 : @bbo9_me\n틱톡 : @bbo9_me\n광고 문의 : bbogumioffice@gmail.com\n\n#뽀구미 #Shorts",
        "thumbnail": "https://i.ytimg.com/vi/JZnUUcvu0lg/mqdefault.jpg",
        "youtubeVideoId": "JZnUUcvu0lg",
        "uploadedDate": "2022-06-27T08:28:59Z",
        "viewCount": 350605,
        "isCommercial": "False"
    },
    {
        "id": "fcaddb5c-ec86-4178-8db1-4b05b2d1f224",
        "title": "브레지어 인간화",
        "description": "♥생방송은 트위치에서♥\n♥방송시간 및 중요 공지는 트게더에! (아래링크 참조)♥\n(https://tgd.kr/s/geguleee?category=60540644)\n\n트위치 생방송 : https://www.twitch.tv/geguleee \n인스타그램 : @bbo9_me\n틱톡 : @bbo9_me\n광고 문의 : bbogumioffice@gmail.com\n\n#뽀구미 #Shorts",
        "thumbnail": "https://i.ytimg.com/vi/plHQVuAF_6w/mqdefault.jpg",
        "youtubeVideoId": "plHQVuAF_6w",
        "uploadedDate": "2022-06-29T11:09:35Z",
        "viewCount": 93064,
        "isCommercial": "False"
    },
    {
        "id": "e130e15d-2752-4f2a-8efa-d791f6bb11b9",
        "title": "돈이 사람에게 미치는 영향",
        "description": "♥생방송은 트위치에서♥\n♥방송시간 및 중요 공지는 트게더에! (아래링크 참조)♥\n(https://tgd.kr/s/geguleee?category=60540644)\n\n트위치 생방송 : https://www.twitch.tv/geguleee \n인스타그램 : @bbo9_me\n틱톡 : @bbo9_me\n광고 문의 : bbogumioffice@gmail.com\n\n#뽀구미 #GTA #Shorts",
        "thumbnail": "https://i.ytimg.com/vi/EsPVQHoiBj8/mqdefault.jpg",
        "youtubeVideoId": "EsPVQHoiBj8",
        "uploadedDate": "2022-07-05T14:47:19Z",
        "viewCount": 11885,
        "isCommercial": "False"
    },
    {
        "id": "9f266f0d-8f56-4c9f-9fce-8ad1fe03f087",
        "title": "반박할 수 없는 팩트",
        "description": "♥생방송은 트위치에서♥\n♥방송시간 및 중요 공지는 트게더에! (아래링크 참조)♥\n(https://tgd.kr/s/geguleee?category=60540644)\n\n트위치 생방송 : https://www.twitch.tv/geguleee \n인스타그램 : @bbo9_me\n틱톡 : @bbo9_me\n광고 문의 : bbogumioffice@gmail.com\n\n#뽀구미 #Shorts #shorts",
        "thumbnail": "https://i.ytimg.com/vi/xe3AW09_fc0/mqdefault.jpg",
        "youtubeVideoId": "xe3AW09_fc0",
        "uploadedDate": "2022-07-12T13:29:02Z",
        "viewCount": 22417,
        "isCommercial": "False"
    },
    {
        "id": "8ec3a4c6-7661-4760-8ad4-505f85d74c40",
        "title": "다이어트를 실패하는 결정적 이유",
        "description": "본영상 : https://youtu.be/F0rbiRiUB6k\n\n♥생방송은 트위치에서♥\n♥방송시간 및 중요 공지는 트게더에! (아래링크 참조)♥\n(https://tgd.kr/s/geguleee?category=60540644)\n\n트위치 생방송 : https://www.twitch.tv/geguleee \n인스타그램 : @bbo9_me\n틱톡 : @bbo9_me\n광고 문의 : bbogumioffice@gmail.com\n\n#Shorts #뽀구미 #다이어트",
        "thumbnail": "https://i.ytimg.com/vi/0v4PTME4V40/mqdefault.jpg",
        "youtubeVideoId": "0v4PTME4V40",
        "uploadedDate": "2022-07-13T20:41:09Z",
        "viewCount": 18499,
        "isCommercial": "False"
    },
    {
        "id": "ec27c0c6-4f95-4cce-9127-f52209104c4d",
        "title": "자존심 상하지ㅋㅋ",
        "description": "♥생방송은 트위치에서♥\n♥방송시간 및 중요 공지는 트게더에! (아래링크 참조)♥\n(https://tgd.kr/s/geguleee?category=60540644)\n\n트위치 생방송 : https://www.twitch.tv/geguleee \n인스타그램 : @bbo9_me\n틱톡 : @bbo9_me\n광고 문의 : bbogumioffice@gmail.com\n\n#Shorts #뽀구미",
        "thumbnail": "https://i.ytimg.com/vi/pAFr-rFUR50/mqdefault.jpg",
        "youtubeVideoId": "pAFr-rFUR50",
        "uploadedDate": "2022-07-20T08:52:15Z",
        "viewCount": 30023,
        "isCommercial": "False"
    },
    {
        "id": "d26e1f6e-2893-4493-a07a-c195792d59dc",
        "title": "똑똑해 보이는 꿀팁",
        "description": "♥생방송은 트위치에서♥\n♥방송시간 및 중요 공지는 트게더에! (아래링크 참조)♥\n(https://tgd.kr/s/geguleee?category=60540644)\n\n트위치 생방송 : https://www.twitch.tv/geguleee \n인스타그램 : @bbo9_me\n틱톡 : @bbo9_me\n광고 문의 : biz@treasurehunter.co.kr\n\n#뽀구미 #회사 #Shorts",
        "thumbnail": "https://i.ytimg.com/vi/7LA0l5eRGdA/mqdefault.jpg",
        "youtubeVideoId": "7LA0l5eRGdA",
        "uploadedDate": "2022-07-26T13:38:12Z",
        "viewCount": 11557,
        "isCommercial": "False"
    },
    {
        "id": "0bfb58ac-66d9-4467-9804-81e4bc2a2216",
        "title": "오랜만에 할머니 집 갔을때 공감",
        "description": "♥생방송은 트위치에서♥\n♥방송시간 및 중요 공지는 트게더에! (아래링크 참조)♥\n(https://tgd.kr/s/geguleee?category=60540644)\n\n트위치 생방송 : https://www.twitch.tv/geguleee \n인스타그램 : @bbo9_me\n틱톡 : @bbo9_me\n광고 문의 : biz@treasurehunter.co.kr\n\n#뽀구미 #공감 #Shorts",
        "thumbnail": "https://i.ytimg.com/vi/HRfDxSQ5BNQ/mqdefault.jpg",
        "youtubeVideoId": "HRfDxSQ5BNQ",
        "uploadedDate": "2022-07-28T09:07:14Z",
        "viewCount": 25111,
        "isCommercial": "False"
    },
    {
        "id": "d4f98e3a-3363-4c6b-b97c-32c565cf074b",
        "title": "Deleted video",
        "description": "This video is unavailable.",
        "thumbnail": null,
        "youtubeVideoId": "hn7EFH07LHc",
        "uploadedDate": "2022-08-08T12:42:11Z",
        "viewCount": 61578,
        "isCommercial": "False"
    }
]