[
    {
        "id": "f52ec0e5-00b1-4714-89e1-cd50a3cecb53",
        "title": "ASMR 수업을 듣다보면 잠이 솔솔 오는 과외선생님 상황극 / 핸드크림 발라주기, 고2 문학 공부, 채점 소리, 문제집 넘기는 소리 Private tutor RP",
        "description": "안녕하세요. 여러분 ! 정말정말 오랜만에 롤플레잉이네요.\n오늘은 [장정일_라디오와 같이 사랑을 끄고 켤 수 있다면]\n[김현승_눈물] 두개의 시를 해석을 해보며 수업하는 \n국어과외선생님 컨셉의 영상이에요 :)\n\n저는 실제.. 과외선생님이 아니므로..\n제 영상으로 절대 공부하지마세요.\n(문제집 해설지를 본게 아니고 인터넷 뒤진거랑 저의 개인적인 해석이라서 엉터리일수도.. 있답니다 ~!ㅋㅋ)\n\n오늘도 영상 시청해주셔서 감사하고, 잠이 솔솔 오는 수업과 함께 좋은 밤 되세요 ♡\n\n\n00:16 연츄 선생님 등장\n00:45 연츄 선생님 착석\n01:02 손 소독제 꺼내고 손소독제 소리\n02:19 학생 손 소독제 발라주기\n03:29 학생 핸드크림 발라주기\n05:30 책 보여주고 시험범위 체크하기\n07:30 문제집에 학생 이름 써주기\n08:14 수업시작\n09:40 라디오와 같이 사랑을 끄고 켤 수 있다면 해석\n15:35 눈물 해석\n22:33 문제를 혼자 풀어보렴\n23:35 채점\n25:30 수업 마무리, 숙제 내주기\n26:36 나는 이제 갈게..\n\n\n----------------------------------------------------------------------------\n\n▶연츄 채널 멤버십 가입 링크 (전용 영상/전용 커뮤니티 업로드)\nhttps://www.youtube.com/channel/UCjypzyxU_p0_0ElbWSi8QQw/join \n\n▶멤버십 영상 재생목록 미리보기\nhttps://youtube.com/playlist?list=PLgV547LHihrRZk8cHhtg4_uqD3Ag13cCx\n\n----------------------------------------------------------------------------\n\n▶후원 링크 Thank you for your support\nhttps://toon.at/donate/asmr_yeonchu\n후원 금액은 영상을 위해 사용됩니다.\n후원해주신 분들 감사합니다🙏🏻💕\n\n----------------------------------------------------------------------------\n\n▶instargram : http://www.instagram.com/y.zzu \n▶E-mail duswnk1002@naver.com\n\n----------------------------------------------------------------------------\n\n▶연츄  VLOG\nhttps://www.youtube.com/channel/UCbhbaBMBCIJRT0PPxsYrbhw\n\n----------------------------------------------------------------------------\n\nASMR 수업을 듣다보면 잠이 솔솔 오는 과외선생님 상황극 / 핸드크림 발라주기, 고2 문학 공부, 채점 소리, 문제집 넘기는 소리 Private tutor RP / Relaxing teacher asmr",
        "thumbnail": "https://i.ytimg.com/vi/t-75_So2f3Y/mqdefault.jpg",
        "youtubeVideoId": "t-75_So2f3Y",
        "uploadedDate": "2021-09-28T14:04:35Z",
        "viewCount": 22330,
        "isCommercial": "False"
    },
    {
        "id": "be48477f-3a3d-486e-b9a8-a0e540d6df78",
        "title": "ASMR 마음이 편안해지는 시 읽기 2탄│나태주 필사시집",
        "description": "♡늘 좋은 꿈 꾸시고, 행복하세요♡\nASMR 마음이 편안해지는 시 읽기 2탄│나태주 필사시집\n\n\n출판사에 저작권 허락을 받고 업로드 된 영상입니다\n\n\n\n●연츄채널 후원하기\n(매 달 한분을 선정하여 선물과 편지를 보내드려요)\nhttps://toon.at/donate/asmr_yeonchu\n\n●연츄채널 멤버십 가입\n(멤버십 전용 ASMR영상 업로드&소통+닉네임 옆 특별 뱃지)\nhttps://www.youtube.com/channel/UCjypzyxU_p0_0ElbWSi8QQw/join\n\n●연츄로그 (일상채널)\nhttps://www.youtube.com/channel/UCbhbaBMBCIJRT0PPxsYrbhw\n\n●INSTAGRAM\nhttp://www.instagram.com/y.zzu\n\n●EMAIL(비즈니스문의)\nduswnk1002@naver.com\n\n●영상 자막 달아주기 (subtitles)\nhttp://www.youtube.com/timedtext_cs_panel?tab=2&c=UCjypzyxU_p0_0ElbWSi8QQw\n\n●연츄 쇼핑몰 (홈웨어,집순이템 등)\nhttp://www.gn-darling.shop\n\n\n●팬카페 츄랜드\nhttps://cafe.naver.com/yeonchuasmr\n\n●사서함\n서울 성동구 연무장15길 11 에스팩토리 B동 2층 (받는이:연츄)\n\n\n※ASMR이란?\n심리적 안정을 유도하는 영상입니다.\n힐링을 원하는 청취자들에게 안정감을 주고,불면증에 도움이 됩니다.",
        "thumbnail": "https://i.ytimg.com/vi/-ROVGgO8nYs/mqdefault.jpg",
        "youtubeVideoId": "-ROVGgO8nYs",
        "uploadedDate": "2020-02-24T05:57:52Z",
        "viewCount": 19006,
        "isCommercial": "False"
    },
    {
        "id": "f67325fc-0e0c-4e8b-93ab-b1ee0a694cd8",
        "title": "ASMR [책 읽어주는 연츄] 마음이 따뜻하고 순수해지는 \"내친구스누피\" 조곤조곤 Whispering",
        "description": "이 영상은 비룡소플래닛의 지원을 받아 제작되었습니다.\n\n\nASMR [책 읽어주는 연츄] 마음이 따뜻하고 순수해지는 \"내친구스누피\" 조곤조곤 Whispering\n\n●연츄채널 후원하기\n(매 달 한분을 선정하여 선물과 편지를 보내드려요)\nhttps://toon.at/donate/asmr_yeonchu\n\n●연츄채널 멤버십 가입\n(멤버십 전용 ASMR영상 업로드&소통+닉네임 옆 특별 뱃지)\nhttps://www.youtube.com/channel/UCjypzyxU_p0_0ElbWSi8QQw/join\n\n●연츄로그 (일상채널)\nhttps://www.youtube.com/channel/UCbhbaBMBCIJRT0PPxsYrbhw\n\n●INSTAGRAM\nhttp://www.instagram.com/y.zzu\n\n●EMAIL(비즈니스문의)\nduswnk1002@naver.com\n\n●영상 자막 달아주기 (subtitles)\nhttp://www.youtube.com/timedtext_cs_panel?tab=2&c=UCjypzyxU_p0_0ElbWSi8QQw\n\n●대부분의 옷 정보\n(할인코드'연츄'입력 시 5%추가할인)\nhttps://www.seoulstore.com/\n\n●팬카페 츄랜드\nhttps://cafe.naver.com/yeonchuasmr\n\n●사서함\n서울 성동구 연무장15길 11 에스팩토리 B동 2층 (받는이:연츄)\n\n\n※ASMR이란?\n심리적 안정을 유도하는 영상입니다.\n힐링을 원하는 청취자들에게 안정감을 주고,불면증에 도움이 됩니다.",
        "thumbnail": "https://i.ytimg.com/vi/UzC4WFVk3TY/mqdefault.jpg",
        "youtubeVideoId": "UzC4WFVk3TY",
        "uploadedDate": "2019-10-13T11:27:17Z",
        "viewCount": 17898,
        "isCommercial": "False"
    },
    {
        "id": "719facd7-7a45-44dd-b832-dd3a4f1397c3",
        "title": "책 ASMR 사는게 용감한걸까 죽는게 용감한걸까",
        "description": "책 ASMR 조용한 낭독과 함께 잠드소서. [그 찬란한 빛들 모두 사라진다 해도] 책 읽어주는 연츄\n\n\n\n♡늘 좋은 꿈 꾸시고, 행복하세요♡\n\n✔️출판사: 나무의철학\n✔️저자: 줄리 입 윌리엄스\n✔️도서명: 그 찬란한 빛들 모두 사라진다 해도\n\n●연츄채널 후원하기\n(매 달 한분을 선정하여 선물과 편지를 보내드려요)\nhttps://toon.at/donate/asmr_yeonchu\n\n●연츄채널 멤버십 가입\n(멤버십 전용 ASMR영상 업로드&소통+닉네임 옆 특별 뱃지)\nhttps://www.youtube.com/channel/UCjypzyxU_p0_0ElbWSi8QQw/join\n\n●연츄로그 (일상채널)\nhttps://www.youtube.com/channel/UCbhbaBMBCIJRT0PPxsYrbhw\n\n●INSTAGRAM\nhttp://www.instagram.com/y.zzu\n\n●EMAIL(비즈니스문의)\nduswnk1002@naver.com\n\n●영상 자막 달아주기 (subtitles)\nhttp://www.youtube.com/timedtext_cs_panel?tab=2&c=UCjypzyxU_p0_0ElbWSi8QQw\n\n●대부분의 옷 정보\n(할인코드'연츄'입력 시 5%추가할인)\nhttps://www.seoulstore.com/\n\n●팬카페 츄랜드\nhttps://cafe.naver.com/yeonchuasmr\n\n●사서함\n서울 성동구 연무장15길 11 에스팩토리 B동 2층 (받는이:연츄)\n\n\n※ASMR이란?\n심리적 안정을 유도하는 영상입니다.\n힐링을 원하는 청취자들에게 안정감을 주고,불면증에 도움이 됩니다.",
        "thumbnail": "https://i.ytimg.com/vi/r7M2o-2U1CY/mqdefault.jpg",
        "youtubeVideoId": "r7M2o-2U1CY",
        "uploadedDate": "2019-05-14T14:44:57Z",
        "viewCount": 0,
        "isCommercial": "False"
    },
    {
        "id": "1370a688-2055-4b46-9898-5e0ef821560d",
        "title": "한국어ASMR 책읽어주는연츄_📚브랜드가 되어간다는 것_독서ASMR book",
        "description": "#ASMR#한국어ASMR#책ASMR\n\n♡늘 좋은 꿈 꾸시고, 행복하세요♡\n\n●연츄채널 후원하기\n(매 달 한분을 선정하여 선물과 편지를 보내드려요)\nhttps://toon.at/donate/asmr_yeonchu\n\n●연츄채널 멤버십 가입\n(멤버십 전용 ASMR영상 업로드&소통+닉네임 옆 특별 뱃지)\nhttps://www.youtube.com/channel/UCjypzyxU_p0_0ElbWSi8QQw/join\n\n●연츄로그 (일상채널)\nhttps://www.youtube.com/channel/UCbhbaBMBCIJRT0PPxsYrbhw\n\n●INSTAGRAM\nhttp://www.instagram.com/y.zzu\n\n●EMAIL(비즈니스문의)\nduswnk1002@naver.com\n\n●영상 자막 달아주기 (subtitles)\nhttp://www.youtube.com/timedtext_cs_panel?tab=2&c=UCjypzyxU_p0_0ElbWSi8QQw\n\n●대부분의 옷 정보\n(할인코드'연츄'입력 시 5%추가할인)\nhttps://www.seoulstore.com/\n\n●팬카페 츄랜드\nhttps://cafe.naver.com/yeonchuasmr\n\n●사서함\n서울 성동구 연무장15길 11 에스팩토리 B동 2층 (받는이:연츄)\n\n\n※ASMR이란?\n심리적 안정을 유도하는 영상입니다.\n힐링을 원하는 청취자들에게 안정감을 주고,불면증에 도움이 됩니다.",
        "thumbnail": "https://i.ytimg.com/vi/jnGai_vodf8/mqdefault.jpg",
        "youtubeVideoId": "jnGai_vodf8",
        "uploadedDate": "2019-04-17T11:17:48Z",
        "viewCount": 0,
        "isCommercial": "False"
    },
    {
        "id": "05048ceb-f46e-45ab-bc72-6ea00137b670",
        "title": "[한국어 ASMR] 조곤조곤 책 읽어주기│나 열심히 살고있는데 왜 자꾸 눈물이 나는거니?│수다asmr│책 읽어주는 연츄(book reading,talking)",
        "description": "#ASMR#한국어ASMR#책\n\n♡늘 좋은 꿈 꾸시고, 행복하세요♡\n\n●연츄채널 후원하기\n(매 달 한분을 선정하여 선물과 편지를 보내드려요)\nhttps://toon.at/donate/asmr_yeonchu\n\n●연츄채널 멤버십 가입\n(멤버십 전용 ASMR영상 업로드&소통+닉네임 옆 특별 뱃지)\nhttps://www.youtube.com/channel/UCjypzyxU_p0_0ElbWSi8QQw/join\n\n●연츄로그 (일상채널)\nhttps://www.youtube.com/channel/UCbhbaBMBCIJRT0PPxsYrbhw\n\n●INSTAGRAM\nhttp://www.instagram.com/y.zzu\n\n●EMAIL(비즈니스문의)\nduswnk1002@naver.com\n\n●영상 자막 달아주기 (subtitles)\nhttp://www.youtube.com/timedtext_cs_panel?tab=2&c=UCjypzyxU_p0_0ElbWSi8QQw\n\n●대부분의 옷 정보\n(할인코드'연츄'입력 시 5%추가할인)\nhttps://www.seoulstore.com/\n\n●팬카페 츄랜드\nhttps://cafe.naver.com/yeonchuasmr\n\n●사서함\n서울 성동구 연무장15길 11 에스팩토리 B동 2층 (받는이:연츄)\n\n\n※ASMR이란?\n심리적 안정을 유도하는 영상입니다.\n힐링을 원하는 청취자들에게 안정감을 주고,불면증에 도움이 됩니다.\n\n[한국어 ASMR] 조곤조곤 책 읽어주기│나 열심히 살고있는데 왜 자꾸 눈물이 나는거니?│수다asmr│책 읽어주는 연츄(book reading,talking)",
        "thumbnail": "https://i.ytimg.com/vi/6Bn7XfxCYAg/mqdefault.jpg",
        "youtubeVideoId": "6Bn7XfxCYAg",
        "uploadedDate": "2019-01-17T11:05:17Z",
        "viewCount": 0,
        "isCommercial": "False"
    },
    {
        "id": "12aecd09-6fd1-409b-b2ba-26451bfa3c79",
        "title": "[한국어ASMR] 조근조근 수다와 책 읽어주기 [쓰디 쓴 오늘에 휘핑크림]│위스퍼링 수다 Whispering talking ASMR│Book reading ASMR",
        "description": "ASMR 이란, 자율감각쾌락반응의 약자로\n뇌를 자극해 심리적인 안정을 유도하는 영상으로 바람이 부는 소리, 연필로 글씨를 쓰는 소리, 바스락거리는 소리 등을 제공해 힐링을 얻고자하는 청취자들에게 안정감을 주며 불면증에 도움이 된다.\n-\n▷▶ 연츄에게 *후원하기*\nhttps://toon.at/donate/asmr_yeonchu \n후원 금액은 더 좋은 영상 제작에 필요한 장비나 소품 구매에\n쓰이며, 후원해주시는 분들 중 매 달 한 분께 작은선물과 편지를\n보내드릴 예정입니다.\n\n■ 인스타그램\nhttp://www.instagram.com/y.zzu\n\n■ 개인적인 메일\nduswnk1002@naver.com\n\n▶ 비즈니스 메일\nad.group@treasurehunter.co.kr\n\n■ 일상채널 ( 연츄로그 )\nhttps://www.youtube.com/channel/UCbhbaBMBCIJRT0PPxsYrbhw\n\n■ 츄랜드\nhttps://cafe.naver.com/yeonchuasmr\n\n\n[한국어ASMR] 속닥속닥 수다와 책 읽어주기 [쓰디 쓴 오늘에 휘핑크림]│위스퍼링 수다 Whispering talking ASMR│Book reading ASMR",
        "thumbnail": "https://i.ytimg.com/vi/ywuuHU04xJE/mqdefault.jpg",
        "youtubeVideoId": "ywuuHU04xJE",
        "uploadedDate": "2018-09-10T17:13:21Z",
        "viewCount": 0,
        "isCommercial": "False"
    },
    {
        "id": "1bbb10d2-1266-4d37-bc78-138cf776176b",
        "title": "한국어ASMR│귀파주면서 동화책 읽어주기 & 양 세주기│Cotton swab Ear cleaning & Book reading(The Little Mermaid) 재워줄게용 ♡",
        "description": "Asmr이란?\n심리적인 안정을 유도하는 영상으로 조그만 목소리와. 반복적인 소리, 편안한 소리 등을 제공해 불면증과 안정에 도움이 됩니다.\n(이어폰 착용을 권장합니다.)\n-\n여러분을 내 동생이다 ~~ 생각하고\n귀청소도 해주고 , 동화책도 읽어주고, 양도 세주며\n좋은 꿈 속으로 들어가게해주는 영상이예요. 좋은 꿈 꾸세요 ♡\n-\n*타임라인*\n00:10 다짐!\n01:41 매우 건조한 귀청소시작\n05:17 인어공주 동화책 읽으며 바스락 귀청소\n11:19 귀여워서 심쿵\n15:52 귀청소와 수다\n22:23 양 스무마리 세주기\n-\n#블로그 : http://blog.naver.com/duswnk1002 (연츄 마켓)\n#인스타 : http://www.instagram.com/y.zzu\n#비즈니스문의: adm@treasurehunter.co.kr\n#개인메일: duswnk1002@naver.com\n#사서함: 서울특별시 성동구 연무장15길 11 에스팩토리 B동 2층\n받는이:연츄\n-\n한국어ASMR│면봉 귀청소와 동화책 읽어주기 & 양 세주기│Cotton swab Ear cleaning & Book reading(The Little Mermaid) 꼬옥 재워줄게용 ♡ 재워주는 asmr",
        "thumbnail": "https://i.ytimg.com/vi/0z46ox57f5A/mqdefault.jpg",
        "youtubeVideoId": "0z46ox57f5A",
        "uploadedDate": "2018-09-10T17:15:54Z",
        "viewCount": 0,
        "isCommercial": "False"
    },
    {
        "id": "db96ad0c-3e14-449a-9e3d-677def03beb6",
        "title": "[한국어 ASMR] 📚 마음에 위로가 되는 책 소개│좋은 책 구절 읽기│책 읽어주는 연츄│soft spoken asmr 한국어│book reading│책 추천",
        "description": "Asmr이란?\n심리적인 안정을 유도하는 영상으로 조그만 목소리와. 반복적인 소리, 편안한 소리 등을 제공해 불면증과 안정에 도움이 됩니다.\n(이어폰 착용을 권장합니다.)\n-\n*타임라인*\n01:10 첫번째 책_생각이 나서\n07:26 두번째 책_아불류시불류\n11:16 세번째 책_미래에서 기다릴게\n13:50 네번째 책_당신이라는 안정제\n-\n#블로그 : http://blog.naver.com/duswnk1002 (연츄 마켓)\n#인스타 : http://www.instagram.com/y.zzu\n#비즈니스문의: adm@treasurehunter.co.kr\n#개인메일: duswnk1002@naver.com\n#사서함: 서울특별시 성동구 연무장15길 11 에스팩토리 B동 2층\n받는이:연츄\n-\n[한국어 ASMR] 마음에 위로가 되는 책 소개│좋은 책 구절 읽기│책 읽어주는 연츄│soft spoken asmr 한국어│book reading│책 추천/독서asmr",
        "thumbnail": "https://i.ytimg.com/vi/zAt8NZEOaxA/mqdefault.jpg",
        "youtubeVideoId": "zAt8NZEOaxA",
        "uploadedDate": "2018-09-10T17:14:26Z",
        "viewCount": 0,
        "isCommercial": "False"
    },
    {
        "id": "c3131e09-9e6a-4962-a7da-2790b1ee8a36",
        "title": "한국어asmr [책 읽어주는 연츄] #어린왕자 3 │book reading_ The little prince│책 읽어주는 asmr│soft speaking │수다/Talking",
        "description": "Asmr이란?\n심리적인 안정을 유도하는 영상으로 조그만 목소리와. 반복적인 소리, 편안한 소리 등을 제공해 불면증과 안정에 도움이 됩니다.\n(이어폰 착용을 권장합니다.)\n*\n*\n안녕하세요 여러분 연츄입니다 ~~\n오늘은 책읽어주기 시리즈 '어린왕자' 의 마지막이야기를 준비해봤어요. 크리스마스가 다가오고, 오늘은 눈도 많이 내렸죠~?\n분위기에 맞게 영상을 만들어봤어요. 그리고 내용도...분위기와 어울린답니다. 저는 읽으며 울컥울컥 했어요..ㅠ\n어린왕자는 어릴 적 읽어봤고, 어른이 되고나서는 처음으로 제대로 읽어보았는데요... 이런 결말인줄 모르고 있었어요.\n많은 생각이 드는 책이었어요..어린왕자야 행복하거라..ㅠ\n여러분 덕에 저도 이런 좋은 책을 끝까지 소리내어 읽을 수 있어서 정말 좋았습니다. 감사해요~\n요즘 날씨가 많이 추운데 감기 조심하시구, 남은 2017년도 힘냅시당!! 화이팅!! ♡\n*\n*\n인스타그램: http://www.instagram.com/y.zzu\n비즈니스문의: adm@treasurehunter.co.kr\n개인메일: duswnk1002@naver.com\n사서함: 서울특별시 성동구 연무장15길 11 에스팩토리 B동 2층\n받는이:연츄\n-\n한국어asmr [책 읽어주는 연츄] #어린왕자 3 │book reading_ The little prince│책 읽어주는 asmr│soft speaking │수다/Talking/책읽기",
        "thumbnail": "https://i.ytimg.com/vi/Kni0wbOrdtU/mqdefault.jpg",
        "youtubeVideoId": "Kni0wbOrdtU",
        "uploadedDate": "2018-09-10T17:16:02Z",
        "viewCount": 0,
        "isCommercial": "False"
    },
    {
        "id": "92f81b75-8830-4345-8558-5b2d8d10afe6",
        "title": "Private video",
        "description": "This video is private.",
        "thumbnail": null,
        "youtubeVideoId": "-rjpIblX49U",
        "uploadedDate": "2018-09-10T17:16:17Z",
        "viewCount": 0,
        "isCommercial": "False"
    },
    {
        "id": "5a3ac981-ec3d-4ae4-a23b-52673e3ecec2",
        "title": "Private video",
        "description": "This video is private.",
        "thumbnail": null,
        "youtubeVideoId": "LfhDk4expJw",
        "uploadedDate": "2018-09-10T17:13:44Z",
        "viewCount": 0,
        "isCommercial": "False"
    },
    {
        "id": "4c169ce1-0b61-456b-95cb-c046fb8dde94",
        "title": "Private video",
        "description": "This video is private.",
        "thumbnail": null,
        "youtubeVideoId": "pMRXW3nIzXI",
        "uploadedDate": "2018-09-10T17:16:09Z",
        "viewCount": 0,
        "isCommercial": "False"
    }
]