[
    {
        "id": "8625219c-6abf-44d5-bb82-70392a2ab87a",
        "title": "ASMR 츄포터 다섯분의 이름을 쌍둥이가 단어반복 (13:00 부터 이어블로잉 같이)",
        "description": "이름을 고른 기준은 무엇이냐 함은...\n팅글팅글 할 것 같은 발음으로 골랐습니댜..ㅎㅎㅎㅎ\n호호...\n\n어제 낮부터 무려 20시간의 렌더링을 거친...\n(컴퓨터야 정신차려~)\n영사잉에요... ㅠ\n\n약 13분부터는 이어블로잉 추가되어 반복되는 영상입니다 !",
        "thumbnail": "https://i.ytimg.com/vi/TJ5gElhfcUU/mqdefault.jpg",
        "youtubeVideoId": "TJ5gElhfcUU",
        "uploadedDate": "2022-11-06T04:09:13Z",
        "viewCount": 0,
        "isCommercial": "False"
    },
    {
        "id": "5485eadf-0da2-4822-93a6-1474324ac530",
        "title": "이벤트 했던 연츄",
        "description": "오늘 택배 도착 문자 받고 업로드 합니다아..\n그나저나 bin님은 제가 동 호수를 누락했는지..\n택배기사님께 연락이 와서.. 주소 다시 알려드렸는데..\n잘 받으셨는지 모르게써요,...\n포장들이 못생겨서... 죄송해요..\n저의 진심은 알아쥬시길 흐규규 ㅋㅋㅋ ㅠ0ㅠ\n\n여러분이랑 가까워진 느낌 들고 조아써요.\n\n예전에 그림 그려주기 이벤트 할 때도\n여러분 얼굴 그려줄 수 있어서 재밌었는데\n이케 택배도 보내고 편지도 쓰고 하니까\n또 새로운 재미가....\n\n늘 제가 많이 감사해요.\n우리 소수정예 멤버쉽 ㅋㅋㅋㅋㅋ\n히히 도란도란 잘 지내보아요.\n잘자요 ♥",
        "thumbnail": "https://i.ytimg.com/vi/TS4ZgKqMt6M/mqdefault.jpg",
        "youtubeVideoId": "TS4ZgKqMt6M",
        "uploadedDate": "2022-10-26T12:52:37Z",
        "viewCount": 0,
        "isCommercial": "False"
    },
    {
        "id": "d7b0ed0d-5e85-42aa-b3ea-87d0367caacb",
        "title": "ASMR 내 침대에서 연츄가 코오 재워주께요 ♥ 소곤소곤, 양 세기, 귀청소, 토닥토닥, 시각적 트리거 I'll put you to sleep",
        "description": "*멤버십 영상 내 장면 캡쳐 및 유포 금지* !!\n멤버십 채널은 유료회원분들을 위한 공간이에요.\n캡처 및 유포 하지 말아주세요 ㅠ_ㅠ !!\n\n-----------------------------------------------------------------------\n\n오늘은 저번 이벤트 때 요청이 많던\n재워주기 영상을 준비해보았어요 ㅎㅎ\n포근한 분위기를 위해 무드등과 실제 제 방 침대 촬영으로\n느낌 내 보았는데, 편안한가요 ~?\n오늘 영상으로 코오~ 깊은 잠에 드시길 바랄게요 ♡",
        "thumbnail": "https://i.ytimg.com/vi/f4AhCqmDt7g/mqdefault.jpg",
        "youtubeVideoId": "f4AhCqmDt7g",
        "uploadedDate": "2022-10-24T14:14:53Z",
        "viewCount": 0,
        "isCommercial": "False"
    },
    {
        "id": "35f4f404-081a-4c0c-a24b-6ed539390f5d",
        "title": "ASMR 온 몸에 소름 돋는 🫦💋💕 팅글파티 고막 가까운 소리 좌우 왔다갔다 Tingle !",
        "description": "여러분 오랜만 같아요..(사실 오랜만 아님)\n넘 보고싶어써요~~~ 제가 정말 죠아하구\n여러분도 좋아해주시구.. 팅글로는 짱인데..\n차마.. 일반 영상에 노란달러때문에 올릴 수가 없는..\n영상입니다 ㅠ3ㅠ 오늘은 팅글나잇!!",
        "thumbnail": "https://i.ytimg.com/vi/Gar01KI4fDE/mqdefault.jpg",
        "youtubeVideoId": "Gar01KI4fDE",
        "uploadedDate": "2022-10-13T09:47:39Z",
        "viewCount": 0,
        "isCommercial": "False"
    },
    {
        "id": "1401c17f-ff00-4a04-af33-11fa8a7635ba",
        "title": "ASMR 이 팅글폭탄 영상도 이사왔어요 ~",
        "description": "제가 애끼는 영상 중 하나였는데 요것도 이사왔어요~~♥\n신규 영상도 조만간 업로드 됩니다~!\n아직 간호사 영상 안 보신 분들은 그 영상도 강추드려요!\n오늘도 편안한 밤 되시와용 여러분 ~!",
        "thumbnail": "https://i.ytimg.com/vi/JZjZtj2wNHo/mqdefault.jpg",
        "youtubeVideoId": "JZjZtj2wNHo",
        "uploadedDate": "2022-10-05T12:35:09Z",
        "viewCount": 0,
        "isCommercial": "False"
    },
    {
        "id": "28d3e096-8b92-4ff1-8322-8889d6e46f0a",
        "title": "ASMR 연츄 간호사가 해주는 팅글 시술 / 귀 소독, 귀 주사, 팅글관 마사지 ear injectinon, tingle massage",
        "description": "오늘은 바꾼 카메라로 처음 찍어본 팅글 시술 영상 !\n초보 간호사지만 팅글을 되살리는 실력은 좋다구요오 ~\n이어폰 착용하고 들어보세요 !\n소독과 따끔주사, 마사지까지 풀코스로 받고\n좋은 밤 되세요 ㅎㅎㅎ\n굿나잇!!",
        "thumbnail": "https://i.ytimg.com/vi/el_Q79x5mxc/mqdefault.jpg",
        "youtubeVideoId": "el_Q79x5mxc",
        "uploadedDate": "2022-09-28T09:27:00Z",
        "viewCount": 0,
        "isCommercial": "False"
    },
    {
        "id": "a1959201-6054-485e-8a01-14803a767257",
        "title": "ASMR 또각또각 ~ 슬라임도 밟밟! 👠",
        "description": "옮겨온 영상 두번째 또각또각 뚜벅뚜벅 ~\n오늘은 일반 영상도 하나 올라갈 예정이에요 여러분!\n조금만 기다려주세요 ♥",
        "thumbnail": "https://i.ytimg.com/vi/O7k8Wx88wsI/mqdefault.jpg",
        "youtubeVideoId": "O7k8Wx88wsI",
        "uploadedDate": "2022-09-23T09:12:10Z",
        "viewCount": 0,
        "isCommercial": "False"
    },
    {
        "id": "a891e46c-73ea-4088-86bb-e4230b40f874",
        "title": "ASMR 콩캉콩캉... 🫀💓후우우..😮‍💨💨",
        "description": "옮겨온 기존 영상 첫번째 ! 오랜만에 심장소리 하트비트!\n그리고 후우우 후우우~ 저의 숨소리까지..\n저의 완전 단발시절 영상이라 추억이 새록새록하구만용!?",
        "thumbnail": "https://i.ytimg.com/vi/Zf7HOqAKcIk/mqdefault.jpg",
        "youtubeVideoId": "Zf7HOqAKcIk",
        "uploadedDate": "2022-09-21T16:39:37Z",
        "viewCount": 0,
        "isCommercial": "False"
    },
    {
        "id": "ca9edb31-0cba-4ccd-9b08-88787e7df554",
        "title": "ASMR 탄산음료 마시며 소곤소곤 3DIO수다 / 한번이라도 최선을 다해본 경험이 있다면 실패해도 괜챠나",
        "description": "백만년만에 멤버십 수다~~\n원래 더 길었는데.. 막.. 가정사 나오고~ 분위기 무겁고~\nㅋㅋㅋㅋㅋㅋ그래서 좀 짤랐쓰요...ㅎㅎㅎㅎㅎㅎㅎㅎㅎ\n9월은 저의 이석증으로 인해 업로드가 이전보다는 좀 뜸했죠 ㅠㅠ\n치료 열심히 하며 어지럼증이 많이 덜해지고 있어요.\n10월쯤 되면 완치 되기를 기원하며 ㅠㅠ\n오늘은 소곤소곤 수다영상 하나 투척!하고 갑니다 ㅎㅎ\n다음 영상은 롤플 올리고 싶은데, 노토킹이 먼저 편집 될 것 같기두 하구..\n\n암튼! 오늘두 여러분 굿밤 되시구요~\n여러분과의 프라이빗한 수다도 참 매력있네요.\n편안한 밤 되셔요. 늘 고마워요. 애정합니다.",
        "thumbnail": "https://i.ytimg.com/vi/QZyRe6KmE6g/mqdefault.jpg",
        "youtubeVideoId": "QZyRe6KmE6g",
        "uploadedDate": "2022-09-19T10:49:56Z",
        "viewCount": 0,
        "isCommercial": "False"
    },
    {
        "id": "8f76ea33-cbd9-4e3f-9460-ef28f7494692",
        "title": "ASMR (뽀너스) 유카타 입고 낼륨히",
        "description": "여러분 ! 미미카키텐 찍은 날, 여러분 보여드리고 싶어서\n촬영했어요 ㅎㅎㅎ 숨차하는 구간을 다 자르고 나니 8분 ㅠ (안습)\n이라서...넘 짧다 느끼실까봐 8분부터 15분까지는 복붙구간입니다!\n\n정식 영상은 아니구 그냥 뽀너스 선물(?) 느낌으로\n짧게 즐겨주시와용~~~\n\n여러분 즐거운 추석 보내시구\n맛있는 것 많~~이 드세요 ^3^*\n사랑해용~~~",
        "thumbnail": "https://i.ytimg.com/vi/YDHAVSqR4mc/mqdefault.jpg",
        "youtubeVideoId": "YDHAVSqR4mc",
        "uploadedDate": "2022-09-09T17:40:40Z",
        "viewCount": 0,
        "isCommercial": "False"
    },
    {
        "id": "bf6ff8f7-46c7-47d6-9904-2421627bd8f5",
        "title": "ASMR 너랑 여행와서 같이 반신욕 스파하며 샌디치 냠냠, 수다 조곤조곤 ♥",
        "description": "손등의 멍은... 링겔 자국이애옹 ㅠㅠ \n새끼손가락 빨간건.. 입술 바르고 묻은거 ㅎㅎㅎ\n\n여러분이랑 스파에서 조근조근 수다도 떨고 샌드위치두 먹구\n물놀이도 하고 즐거웠어요옹~\n\n제 입원썰도 풀구\n진짜 친구랑 놀러온 느낌으로 신나게 찍었어요 히히\n\n늦여름이지만 이제라도 함께 바캉스를 즐겨보아요!\n아참 영상 속에.. 멤버십 다음 영상 (또는 다다음?) 스포 있음!\n\n모두 잘자구~ 행복한 9월 맞이해요!",
        "thumbnail": "https://i.ytimg.com/vi/GU0homYBj5o/mqdefault.jpg",
        "youtubeVideoId": "GU0homYBj5o",
        "uploadedDate": "2022-09-04T17:41:41Z",
        "viewCount": 0,
        "isCommercial": "False"
    },
    {
        "id": "db4c53c4-b5f4-4177-8723-6a823a91d11d",
        "title": "ASMR 시각적 트리거와 인어디블 ♥ inaudible sounds",
        "description": "여러분 요거는 츄포터 전용으로 찍은게 아니라!\n일반 영상에서 귀태핑과 인어디블 영상을 제작하려고, 촬영했었는데\n그 때에 인어디블 녹음했던~ 장면이에요 ^^\n\n아마 일반영상에 올라 갈 때는 사운드만 들어갈 것 같아요.\n화면은 요기 멤버십에서만 볼 수 있을 듯 해요.\n화면이 들어가더라두 뒷부분 핸드무브먼트 정도?\n\n호옥시 영상 없어서 못 주무시고 계시는 분 있을까봐\n요거 먼저 올려드릴게요^^!\n\n좌우 구분 되는 소리로 관통사운드 느낌 인어디블이에요.\n좋은 주말 되시구, 츄포터 전용 영상도 조만간 업로드하께요오!\n\n늘 감사해요^^\n\nEveryone, this was not filmed exclusively for Chuporters!\nI filmed it to make an ear tapping and inaudible video in a normal video.\nIt's a scene I recorded inaudible at that time ^^\n\nI think only sound will be included when uploading to a general video.\nIt seems that the screen can only be seen by membership.\nEven if the screen is inserted, only the hand movement at the back will appear on the screen.\n\nIn case anyone is unable to sleep because there is no video\nI'll upload this first ^^!\n\nIt is a penetrating sound with a sound that separates left and right.\nHave a good weekend, I will upload a membership video soon too!\n\nThank you always ^^",
        "thumbnail": "https://i.ytimg.com/vi/nhsozPflBJM/mqdefault.jpg",
        "youtubeVideoId": "nhsozPflBJM",
        "uploadedDate": "2022-08-26T19:25:31Z",
        "viewCount": 0,
        "isCommercial": "False"
    },
    {
        "id": "742bc284-d27f-4739-9723-49151f2669b5",
        "title": "ASMR 연츄 모기.. 쫍쫍...!!! 하뚜 빨대 입소링 ♥",
        "description": "여러분 모기때문에 힘드시죠 ?\n연츄 모기 등장 !!! 저는 잠 재우는 모기애오 위이잉~\n본 채널에 넘 업로드해보고 싶은 소리였는데,\n노딱이 무서워서 아직 제대로 못 올려보았어요.\n어떤가요~?!",
        "thumbnail": "https://i.ytimg.com/vi/31LlKpYHGZg/mqdefault.jpg",
        "youtubeVideoId": "31LlKpYHGZg",
        "uploadedDate": "2022-08-18T14:44:48Z",
        "viewCount": 0,
        "isCommercial": "False"
    },
    {
        "id": "c90157b5-bd46-48fe-b2c1-548ea040a068",
        "title": "ASMR ㄹㅇ찐친의 1:1 귀마사지와 수다 상황극 / 반말 / 민낯 / 현실말투 / 재밌어서 잠 안옴 히히 Friend Earmassage RP",
        "description": "촬영하다가 너무 재밌어서\n너무너무 몰입해서 진짜 카메라랑 찐친먹음\nㅎㅎㅎㅎㅎㅎㅋㅋㅋㅋ 나중엔 정말 카메라가\n우리 학원 다녔으면 좋겠더라니까요....?!\n학생느낌 낭낭하게 거의 민낯으로 톤업크림에 립밤정도만 바르고\n학생때를 회상하며 촬영해봤어요. 말투는 거의..제가 친한 친구들한테\n대하는 말투라서.. 여러분.. 조금 낯설지도...",
        "thumbnail": "https://i.ytimg.com/vi/rML03_T2Y4o/mqdefault.jpg",
        "youtubeVideoId": "rML03_T2Y4o",
        "uploadedDate": "2022-08-08T08:35:33Z",
        "viewCount": 0,
        "isCommercial": "False"
    },
    {
        "id": "c30ca6e1-516f-4c2b-aaa9-0046bce452d9",
        "title": "ASMR 뉄류믜는 여기서 보는걸루 ㅎㅎ.. spit painting only membership",
        "description": "연령제한..걸렸어요.. 오마이갓...\n유튜브 인생 처음 겪는 경험에....\n충격의 도가니탕 !\n\n열심히 만든 영상이 노란달러 걸릴 때도 속상하지만\n구냥 제가 수익창출 안하면 되는거니까,\n채널에 악영향이 될 수 있다는 말에도 불구하고\n수익없는 영상으로라도, 좋은 트리거 함께하고 싶어 그냥 뒀는데..\n연령제한까지 걸리니까 넘 놀라서! (뭔가 잘못한 기분..?)\n당장 삭제하고 츄포터로 대피왔어요!!\n\n그저 좋은 소리와 좋은 트리거로 만나뵙고 싶었을 뿐인데....\n열심히 찍은 영상이니 우리 츄포터들이라도 볼 수 있게\n여기 업로드해둘게요 🥺🥹\n\n힝\n힝",
        "thumbnail": "https://i.ytimg.com/vi/hHSeM79JZkk/mqdefault.jpg",
        "youtubeVideoId": "hHSeM79JZkk",
        "uploadedDate": "2022-08-01T06:15:10Z",
        "viewCount": 0,
        "isCommercial": "False"
    },
    {
        "id": "ebbbf82b-7443-47dc-9cdc-72258b8cbd24",
        "title": "NG 컷. 메이킹. 고런 느낌",
        "description": "최근 영상들 (+아직 업로드 되지 않은 영상)의\n뒷 이야기..(?) 를 담아보았어요.\n\n흐흐 요즘 저는 요로케 촬영하고 있답니다.\n\n어제도 이러한 비슷한 우여곡절 끝에\n7시간 가량 촬영을 해찌요 !\n\n그래서 업로드할 영상이 또 준비되어이쓰요 !!\n담주 월요일쯤 멤버십 ASMR 영상 또 업로드할테니,\nASMR 아니라고 실망하지 말기이!!\n\n오늘 영상은 그냥 재미로 시청해주세용 ~^^\n\n아참, 제가 유튜브 소속사를 옮기느라\n최근에 멤버십 관련해서 중지되었다, 다시 재개되었다 이런식의\n문자나 팝업 받으신 분들 몇몇분 계실텐데..!\n잘 유지 되고 있는 것이니\n걱정 않으셔도 됩니댜 !!!ㅎㅎㅎ\n\n또 새로운 곳에서 파이팅해볼게요 !\n\n이따 밤에는 일반 ASMR 영상도 업로드 되니까\n기둘려주세요오~\n오늘도 굿밤입니댜 !!",
        "thumbnail": "https://i.ytimg.com/vi/6jR7gD3jQKc/mqdefault.jpg",
        "youtubeVideoId": "6jR7gD3jQKc",
        "uploadedDate": "2022-07-29T10:11:46Z",
        "viewCount": 0,
        "isCommercial": "False"
    },
    {
        "id": "e88d337d-1995-48f5-9540-623ef614ca1d",
        "title": "ASMR 팝핑 캔디 영상은 사실 이 영상이 먼저랍니다.",
        "description": "며칠 전 업로드 되었던 팝핑캔디 asmr 보셨나요 여러분~?\n사실 그 영상 업로드 전, 이 영상을 먼저 찍었었답니댜...ㅎㅎㅎ\n업로드 전에  여러버전으로 촬영을 하고 (3~4번) 그 중 한개를\n업로드하는 형식인데. 이 영상이랑 업로드 된 영상 두개 다\n저는 개인적으로 참 좋아서 ㅎㅎㅎ 고르기 어려웠어요.\n\n그래서 하나는 일반영상, 하나는 멤버쉽영상으로 업로드 !\n\n멤버쉽영상에서 보고싶은 영상은 언제든 댓글로 신청주세요!\n이 팝핑캔디 영상도 울 츄포터분이 신청해주셔서 제작하게 되었던 것이니..\n롤플이든~ 듣고싶은 트리거든~ 맘껏 댓글신청해주시면\n메모장에 자알 적어두께요 ㅎㅎ\n\n저는 요거 업로드하고 멤버쉽 롤플 편집하러갑니다요 !\n오늘도 좋은 밤 되시구, 좋은 꿈 꾸세요 여러분 !",
        "thumbnail": "https://i.ytimg.com/vi/mtnLewVKZbk/mqdefault.jpg",
        "youtubeVideoId": "mtnLewVKZbk",
        "uploadedDate": "2022-07-25T16:58:04Z",
        "viewCount": 0,
        "isCommercial": "False"
    },
    {
        "id": "a92565e8-2abe-4383-8618-d9a3b3b780a9",
        "title": "ASMR 좌우 구분되는 입소리와 낼루미, 그리고 바디스크래칭.. 갠적으로 이거 팅글 정말 좋으네요...ㅎㅎㅎ헤헤...",
        "description": "제가 좋아하는 트리거들을 여러개 담아보았어요.\n개인적으로 저는 생각보다 너무 팅글이 돋아서!!!\n이거 진짜 길게길게 꼭 또 찍어보고싶어요...\n\n멤버십 롤플도 언농 준비해보께요! 오늘두 조은밤 ♥\n\n이어폰 착용하고 꼭 들어보시길..히히",
        "thumbnail": "https://i.ytimg.com/vi/I_iaII9i5vo/mqdefault.jpg",
        "youtubeVideoId": "I_iaII9i5vo",
        "uploadedDate": "2022-07-18T13:56:02Z",
        "viewCount": 0,
        "isCommercial": "False"
    },
    {
        "id": "5051b92d-bd62-41f7-b505-57056cd586d0",
        "title": "ASMR 바디 스크래칭 😳 피부의 소리 Body scratching",
        "description": "앞부분에 말했듯.. 뭔가 쑥쓰러운...\n그러나 소리는 좋은? ㅋㅋㅋㅋㅋㅋ\n옷감소리와 피부의 소리... ♥\n다 녹음하고나니 손톱이 닳아있는건 착각일까요 ?\n좌우 구분 확실하게 해서 녹음했더니\n이어폰 착용했을 때 소리가 넘 맘에 들어요 !\n오늘도 좋은 밤 되시길 바랍니다 !",
        "thumbnail": "https://i.ytimg.com/vi/7Ckgru3M0hI/mqdefault.jpg",
        "youtubeVideoId": "7Ckgru3M0hI",
        "uploadedDate": "2022-07-05T16:26:16Z",
        "viewCount": 0,
        "isCommercial": "False"
    },
    {
        "id": "f24ca19e-19d2-4957-a61e-37a850bad496",
        "title": "ASMR 화 많은 진상손님 귀청소... 힘들다...RP│쭈구리 직원...│죄책감주의 earcleaning roleplay",
        "description": "뭔가 화가 많은 손님을 대하는 쭈구리 소심 직원 컨셉으로 촬영해봤는데\n본의아니게.. 시청하시는 분들이 저에게 미안할까봐(?)ㅋㅋㅋㅋ걱정이 되는\n그런 롤플레이네요..?\n중간에 코고는 소리는 제가 직접 드르렁 거리며 녹음했어요ㅋㅋㅋㅋ\n멤버쉽 영상은 이런 다양한 상황극도 해볼 수 있어서 재밌어요...흐흐\n그럼 오늘도 좋은 밤 ...♥",
        "thumbnail": "https://i.ytimg.com/vi/gNIhl41AEC4/mqdefault.jpg",
        "youtubeVideoId": "gNIhl41AEC4",
        "uploadedDate": "2022-06-28T10:35:44Z",
        "viewCount": 0,
        "isCommercial": "False"
    },
    {
        "id": "82a1c368-fbc3-4032-969a-19df89b236c7",
        "title": "ASMR 저 이제 낼루미 잘해요 ! Spit Painting you",
        "description": "낼루미 맹연습해왔음 !!!헤헤헤.... 이모티콘 저.. 열심히그리구있어요 여러분 ! 이번주 중에 가져올게요 ~~ㅎㅎㅎㅎ",
        "thumbnail": "https://i.ytimg.com/vi/KX_dvPyXuUg/mqdefault.jpg",
        "youtubeVideoId": "KX_dvPyXuUg",
        "uploadedDate": "2022-06-20T17:05:12Z",
        "viewCount": 0,
        "isCommercial": "False"
    },
    {
        "id": "d989f4e6-7dd7-42a6-99a6-1312adea8803",
        "title": "ASMR 이 코스프레복으로 무슨 영상 찍을지 물어보려 했는데 부꾸러운 속마음 토크가 되어버린 (?) 수다 영상...",
        "description": "어쩌다보니 요런 수다가 되어버렸넹?\n우리 이런 토크토크 자주 나눠요...!\n다음엔 밸런스게임이나 진실게임 같은것두? 흐흐흐...ㅎㅎㅎㅎㅎ",
        "thumbnail": "https://i.ytimg.com/vi/IgLSH9eh8qM/mqdefault.jpg",
        "youtubeVideoId": "IgLSH9eh8qM",
        "uploadedDate": "2022-06-13T20:23:16Z",
        "viewCount": 0,
        "isCommercial": "False"
    },
    {
        "id": "67473523-6259-41a8-bed6-9bd43d9d2481",
        "title": "ASMR 낼루미👅 (스핏페인팅, 이팅유 !) 나도 도저언.... 연습...^^; Eating you",
        "description": "첫 영상이라 굉장히.. 엉성~~~쓰..!!ㅎㅎㅎㅎ\n오.. 생각보다 어색하고 어렵네요?!\n근데 되게 좋은 트리거같고 재미있어요.\n멤버십 영상에 종종 업로드하도록 할게요 !\n(혼자서도 연습해봐야게쒀.....)\n오늘은 일반 영상도 업로드 되었는데\n멤버십영상까지 두배로 포곤하게 잠드셨음 좋겠어요!\n\n저는 업로드날짜를 딱 정해놓지 않았지만\n그렇다고해서 업로드를 더디게하거나 자주 찾아뵙지 않으려는건 아녜요!\n여러분께 선물처럼 짜잔-하고 나타나고 싶은 마음 !\n\n1-2주에 한번~두번..꼴로..( 또는 이번주처럼 세번!?ㅋㅋㅋ ) 찾아올게요.\n\n잘자요 여러분 !",
        "thumbnail": "https://i.ytimg.com/vi/R2-yd-PX85Y/mqdefault.jpg",
        "youtubeVideoId": "R2-yd-PX85Y",
        "uploadedDate": "2022-06-04T15:55:48Z",
        "viewCount": 0,
        "isCommercial": "False"
    },
    {
        "id": "4c1a7ca8-4e11-4a64-9fea-85904f7edad6",
        "title": "ASMR 자는 숨소리 1시간... Zzz 옆에서 자는 기분 [ 1 hour of sleep sound ]",
        "description": "바로 저번 영상에서 뒷부분에 나왔던 자는 숨소리 부분을\n1시간분량으로 복붙하여 만든 영상이에요.\n정식영상은 아니고, 요청에 의해 만들어진 영상으로\n빠른 업로드 하였습니다 !\n헤헤 주말 선물 하뚜!\n잘자요 오늘두 !!\n내일부터 또 화이팅입니다용~~\n\nThe person who appeared at the back of the last video did the breathing sound part.\nThis is a video I made over and over for an hour.\nThis is not an official video, but a video made by request.\nFast upload !\nHehe weekend gift Hattu!\nGood night today too!!\nFighting again from tomorrow.",
        "thumbnail": "https://i.ytimg.com/vi/2x3k-0iZCD0/mqdefault.jpg",
        "youtubeVideoId": "2x3k-0iZCD0",
        "uploadedDate": "2022-05-29T14:02:57Z",
        "viewCount": 0,
        "isCommercial": "False"
    },
    {
        "id": "d969aa06-064e-45fa-85b3-1acac32ec43f",
        "title": "ASMR 이번주도 수고했어 ! 같이 소근소근 잠들자 RP (약간의 수다와 숨소리) Let's sleep together",
        "description": "이번주 한주도 수고 많으셨어요 :)\n뒷부분은 같이 잠드는 느낌으로 눈감고 숨소리를 녹음하다 진짜 잠들었다눙.. Zz..ㅎㅎㅎ 혼자 잠드시는 분들을 위해 저 부분만 길~게 제작할까 싶기도...?\n\n멤버십다운 미니 롤플 정도로 봐주셔요! 즐거운 주말 보내세용 !\n\nYou've worked hard this week :)\nIn the back part, I felt like I was sleeping together and I fell asleep while recording the sound of my breath.. Zz..hehe I wonder if I should make just that part longer for those who sleep alone...?\n\nPlease view it as a mini-role play like a membership! Have a nice weekend!",
        "thumbnail": "https://i.ytimg.com/vi/UcsJnYKRuFc/mqdefault.jpg",
        "youtubeVideoId": "UcsJnYKRuFc",
        "uploadedDate": "2022-05-27T13:43:10Z",
        "viewCount": 0,
        "isCommercial": "False"
    },
    {
        "id": "b2b5e9e1-d335-4e6f-9df8-e4baef37d52a",
        "title": "ASMR 친구 등에 꿀도 바르고 알로에도 바르고.. 흐으 간지르르르 팅그르르 7분안에 잠재워줄게요 Zzz.. ♥ Back Tingle Massage",
        "description": "오늘도 저의 멤버쉽 영상을 위해 등을 희생해준 보미 ASMR 언니에게 감사를 표합니다.. ♥ 끈덕끈덕 등이 되었을텐데도 시원하다구.. 헤헤\n\n빠른 템포로 잠재워드리는 느낌을 원했는데 생각보다 느릿느릿 졸려요 ~\n꿀도 발라보고 알로에도 발라보고 시각적 팅글도 연출해봤어요 !\n\n이번주는 멤버쉽 영상이 두우개~\n그리고 업로드 시간은 조금 빠르게~\nㅋㅋㅋㅋㅋㅋ 이따가 주무세용?!\n\n would like to express my gratitude to Bomi ASMR unnie who sacrificed her back for my membership video today.. ♥ It would have been a sticky back, but it was cool.. hehe\n\nI wanted a feeling of putting me to sleep at a fast tempo, but I'm more sleepy than I thought~\nI also applied honey, applied aloe, and created a visual tingle!\n\nTwo membership videos this week~",
        "thumbnail": "https://i.ytimg.com/vi/oqYFLLgd8Rg/mqdefault.jpg",
        "youtubeVideoId": "oqYFLLgd8Rg",
        "uploadedDate": "2022-05-18T08:05:26Z",
        "viewCount": 0,
        "isCommercial": "False"
    },
    {
        "id": "9fb8a589-cb55-4445-b161-24626b11d0d0",
        "title": "ASMR 팅글 대박인데 자꾸 노딱 걸리는게 의문인..그래서 업로드 할수 없는 소리 / 타스캠 ver",
        "description": "저 이렇게 좌우 번갈아 직접적으로 터치하고 꽉 쥐며 약간 이어커핑 느낌도 내는 듯한~? 요런 자극적이면서도 간질간질한 마이크터칭을 정말 좋아하는데요 ! 어느날부턴가 자꾸만 노딱에 걸리더라구요 ㅠㅠㅎㅎ... 그래서 업로드하지 못했던 소리 ! 멤버십에는 올릴 수 있어 좋으네용. 여느때처럼 멤버십 영상에는 수익창출 버튼을 체크해두지 않으니 유튜브프리미엄 으로 듣지 않으시는 분들도 광고 재생 되지 않으니 안심하고 들으셔요 !\n\n오늘 원래 계획은 제가 열심히 기획했던 롤플이 업로드 될 계획이었는데,\n그 영상 파일이 어찌된 영문인지 자꾸만 깨져 재생되어서\n편집하다가 포기했어요.\n\n파일을 복구하는 방법을 찾아보거나, 깨지는 파일로 어찌저찌\n편집을 해서 살려보거나 ,, 또는 재촬영을 해보거나 ㅠ_ㅠ\n하도록 하겠습니다 !!흡..\n.\n이 영상은 다음주쯤 업로드하려고 아껴뒀는데\n오늘 업로드하려던 롤플영상 파일이 깨진 관계로 ㅎㅎㅎ\n미리 업로드합니다아~~\n\n평소 딱 정해진 날짜 없이 암묵적으로 1~2주 정도의 텀을 두고\n멤버십 영상을 업로드하고 있는데\n늘 믿고 묵묵히 응원하며 기다려주시는 츄포터분들께\n진심으로 감사드리고, 언제나 노력하는 연츄될게요.\n\n진심으로 고맙습니다.\n오늘도 좋은 밤 되시고 행복한 주말 보내세요 !",
        "thumbnail": "https://i.ytimg.com/vi/MibUu4I1Edw/mqdefault.jpg",
        "youtubeVideoId": "MibUu4I1Edw",
        "uploadedDate": "2022-05-14T12:34:25Z",
        "viewCount": 0,
        "isCommercial": "False"
    },
    {
        "id": "30ade0bd-6060-46b1-9bc0-28780b07a692",
        "title": "[Sub] ASMR 츄포터를 위한 심장소리 / 빗소리 Heartbeat ♥",
        "description": "앞부분은 오리지널 심장소리\n15:00 부터는 빗소리와 심장소리로 구성되어있습니다.\n심장소리 영상은 사실 몇개 있긴 하지만.. ㅎㅎ\n노란달러 이슈로 최근 버전을 업로드하지 못한지\n꽤 오래 됐었거든요..ㅠ_ㅠ\n이렇게 요즘 버전으로 새로이 업로드 할 수 있게되었네요.\n\n저의 심장은.. 늘 같은 심장일테고..\n같은 속도로 뛰겠지만..(?) 찍을 때 마다, 녹음 할 때 마다\n미묘하게 달라지는 신기한 심장소리 컨텐츠 ㅎㅎㅎ!\n\n저는 개인적으로 빗소리 들어간게 더 마음에 드네요.\n\n오늘도 편안한 밤 되시길 바랍니다 여러분 ♥\n\nThe front part is the original heart sound\nFrom 15:00 it consists of rain and heart sounds.\nThere are actually a few heartbeat videos, but... haha\nCouldn't upload the latest version due to the yellow dollar issue?\nIt's been quite a while.. ㅠ_ㅠ\nIt is now possible to upload a new version in this way.\n\nMy heart... it will always be the same heart...\nIt will run at the same speed, but...(?) Every time I take a picture, every time I record\nMysterious heart sound content that changes subtly haha!\n\nPersonally, I like the sound of rain more.\n\nI hope you all have a comfortable night tonight everyone ♥",
        "thumbnail": "https://i.ytimg.com/vi/abKUpEZNEbw/mqdefault.jpg",
        "youtubeVideoId": "abKUpEZNEbw",
        "uploadedDate": "2022-04-29T12:50:47Z",
        "viewCount": 0,
        "isCommercial": "False"
    },
    {
        "id": "dbd4ee45-fdcb-48d3-b82e-1cb5a4de35b3",
        "title": "ASMR 다양한 귀마사지 팅글 트리거 Tingle Ear Massage Triggers",
        "description": "여러가지 귀 마사지 트리거, 태핑 등 제가 좋아하는 귀 관련 소리들을 담아봤어요 ♡ 정성 가득 녹음했으니 좋은 밤 되시길 바라요 !",
        "thumbnail": "https://i.ytimg.com/vi/-Xr0p8mfdgc/mqdefault.jpg",
        "youtubeVideoId": "-Xr0p8mfdgc",
        "uploadedDate": "2022-04-21T15:06:10Z",
        "viewCount": 0,
        "isCommercial": "False"
    },
    {
        "id": "e90b7e5e-b5b0-4d26-852d-9cc212a417ea",
        "title": "ASMR 👅🍦뇸뇸쫍쫍 추억의 아이스크림 / 위스퍼링 , 입소리 Icecream eating sounds mukbang whispering",
        "description": "추억의 아스크림들이에요.\n그리고.. 내가 좋아하는 것들로만 !ㅎㅎㅎ\n여러분은 이 중에 뭐가 제일 좋은가요 ?!\n\nThese are memories of ice cream.\nAnd... only with the things I like!\nWhich of these do you like best?!",
        "thumbnail": "https://i.ytimg.com/vi/th2ZJ301n-4/mqdefault.jpg",
        "youtubeVideoId": "th2ZJ301n-4",
        "uploadedDate": "2022-04-12T13:11:09Z",
        "viewCount": 0,
        "isCommercial": "False"
    },
    {
        "id": "5a350fb5-0884-40fd-aaff-c7a780b77fb1",
        "title": "ASMR 방에 놀러온 친구랑 같이 숙제도 하고, 손톱정리도 하면서 핸드크림도 발라줄게..! 수다도 왕창 떨자 ~ friend RP",
        "description": "안녕! 오늘은 컨셉에 맞게 반말로 영상을 소개할게 !\n고등학교에 올라와서 처음으로 초대한 너..!\n우리 함께 숙제를 해보자 ~\n근데.. 숙제는 왜 이렇게 재미가 없니..\n우선 내 방 소개를 해주고.. 내 책가방도 구경시켜줄게..\n어랏, 가방에서 네일 용품들이 나와버렸넹..?\n그러고보니 너 손톱이 지저분하잖앙..?\n손톱정리도 하고 핸드크림도 발라줘야겠다 !\n숙제 하기전에 수다도 소근소근 떨어줘야지이~~~\n\n나이에 안맞게... 교복을 입고 학생 컨셉으로 영상을 찍어봤는데,\n리얼함을 살리기 위해 다양한 각도와 장면으로\n좋은 영상 만들어보려 노력했으니 꼭 만족하길 바랄게!\n편안한 영상이 되었으면 좋겠다..♥\n그럼 우리는.. 떡볶이 먹으러 고고!",
        "thumbnail": "https://i.ytimg.com/vi/lni6DfwUYY0/mqdefault.jpg",
        "youtubeVideoId": "lni6DfwUYY0",
        "uploadedDate": "2022-03-31T09:55:41Z",
        "viewCount": 0,
        "isCommercial": "False"
    },
    {
        "id": "0d4759bf-ce92-4e53-b3a2-ac87b0858824",
        "title": "ASMR 얼굴을 만지는데 왜 입소리가 나니 👄☝🏻 화면 터칭 시각적 팅글│씽크 100%│visual trigger, mouth sounds",
        "description": "00:05 인사,위스퍼링\n00:59 톡톡 소리와 손가락터치\n03:45 낼름~ 냠! 입소리와 화면터치 (약하게 강하게 번갈아)\n15:00 똟! 혀소리와 화면꼬집기\n\n00:05 greeting, whispering\n00:59 Tick and finger touch\n03:45 Nallm~ Yum! Mouth sounds and screen touch \n15:00 Tongue and screen pinch\n\n\n\n▶연츄 채널 멤버십 가입 링크 (전용 영상/전용 커뮤니티 업로드)\nhttps://www.youtube.com/channel/UCjypzyxU_p0_0ElbWSi8QQw/join \n\n▶멤버십 영상 재생목록 미리보기\nhttps://youtube.com/playlist?list=PLgV547LHihrRZk8cHhtg4_uqD3Ag13cCx\n\n----------------------------------------------------------------------------\n\n▶후원 링크 Thank you for your support\nhttps://toon.at/donate/asmr_yeonchu\n후원 금액은 영상을 위해 사용됩니다.\n후원해주신 분들 감사합니다🙏🏻💕\n\n----------------------------------------------------------------------------\n\n▶instargram : http://www.instagram.com/y.zzu \n▶E-mail duswnk1002@naver.com\n\n----------------------------------------------------------------------------\n\n▶연츄  VLOG\nhttps://www.youtube.com/channel/UCbhbaBMBCIJRT0PPxsYrbhw\n\n----------------------------------------------------------------------------",
        "thumbnail": "https://i.ytimg.com/vi/-9vx1V3_DIk/mqdefault.jpg",
        "youtubeVideoId": "-9vx1V3_DIk",
        "uploadedDate": "2022-03-29T07:25:59Z",
        "viewCount": 0,
        "isCommercial": "False"
    },
    {
        "id": "894df41a-97ca-4962-a906-ea809ad3461d",
        "title": "수다 영상 NG 모음│딥빡츄│NG video [Sub✔]",
        "description": "▶연츄 채널 멤버십 가입 링크 (전용 영상/전용 커뮤니티 업로드)\nhttps://www.youtube.com/channel/UCjypzyxU_p0_0ElbWSi8QQw/join \n\n▶멤버십 영상 재생목록 미리보기\nhttps://youtube.com/playlist?list=PLgV547LHihrRZk8cHhtg4_uqD3Ag13cCx\n\n----------------------------------------------------------------------------\n\n▶후원 링크 Thank you for your support\nhttps://toon.at/donate/asmr_yeonchu\n후원 금액은 영상을 위해 사용됩니다.\n후원해주신 분들 감사합니다🙏🏻💕\n\n----------------------------------------------------------------------------\n\n▶instargram : http://www.instagram.com/y.zzu \n▶E-mail duswnk1002@naver.com\n\n----------------------------------------------------------------------------\n\n▶연츄  VLOG\nhttps://www.youtube.com/channel/UCbhbaBMBCIJRT0PPxsYrbhw\n\n----------------------------------------------------------------------------",
        "thumbnail": "https://i.ytimg.com/vi/pIO25aQEPjE/mqdefault.jpg",
        "youtubeVideoId": "pIO25aQEPjE",
        "uploadedDate": "2022-03-16T15:56:40Z",
        "viewCount": 0,
        "isCommercial": "False"
    },
    {
        "id": "ed3c9589-7be0-4b6a-8f9c-125feebcc771",
        "title": "ASMR 잠이 오는 손동작과, 물기 가득 알로에 손소리 + 촉촉한 인어디블 = 귀가 따끔한 촉촉 팅글 끝판왕",
        "description": "▶연츄 채널 멤버십 가입 링크 (전용 영상/전용 커뮤니티 업로드)\nhttps://www.youtube.com/channel/UCjypzyxU_p0_0ElbWSi8QQw/join \n\n▶멤버십 영상 재생목록 미리보기\nhttps://youtube.com/playlist?list=PLgV547LHihrRZk8cHhtg4_uqD3Ag13cCx\n\n----------------------------------------------------------------------------\n\n▶후원 링크 Thank you for your support\nhttps://toon.at/donate/asmr_yeonchu\n후원 금액은 영상을 위해 사용됩니다.\n후원해주신 분들 감사합니다🙏🏻💕\n\n----------------------------------------------------------------------------\n\n▶instargram : http://www.instagram.com/y.zzu \n▶E-mail duswnk1002@naver.com\n\n----------------------------------------------------------------------------\n\n▶연츄  VLOG\nhttps://www.youtube.com/channel/UCbhbaBMBCIJRT0PPxsYrbhw\n\n----------------------------------------------------------------------------",
        "thumbnail": "https://i.ytimg.com/vi/sOBQFuisuBY/mqdefault.jpg",
        "youtubeVideoId": "sOBQFuisuBY",
        "uploadedDate": "2022-03-11T13:23:08Z",
        "viewCount": 0,
        "isCommercial": "False"
    },
    {
        "id": "aa808a01-4530-461e-a52a-042d54ae327c",
        "title": "ASMR 썩은물을 위한 빠른 단어반복과 빠른 입소리 !! 팅글폭탄 / 최초 zoom6버전 ♥ fast trigger words & nibbling mouth sounds",
        "description": "00:09 토토토, 트크트크\n03:51 냔냔냐\n04:15 호요호요, 롤롤롤\n05:50 초코초코\n06:24 니블링\n\n\n▶연츄 채널 멤버십 가입 링크 (전용 영상/전용 커뮤니티 업로드)\nhttps://www.youtube.com/channel/UCjypzyxU_p0_0ElbWSi8QQw/join \n\n▶멤버십 영상 재생목록 미리보기\nhttps://youtube.com/playlist?list=PLgV547LHihrRZk8cHhtg4_uqD3Ag13cCx\n\n----------------------------------------------------------------------------\n\n▶후원 링크 Thank you for your support\nhttps://toon.at/donate/asmr_yeonchu\n후원 금액은 영상을 위해 사용됩니다.\n후원해주신 분들 감사합니다🙏🏻💕\n\n----------------------------------------------------------------------------\n\n▶instargram : http://www.instagram.com/y.zzu \n▶E-mail duswnk1002@naver.com\n\n----------------------------------------------------------------------------\n\n▶연츄  VLOG\nhttps://www.youtube.com/channel/UCbhbaBMBCIJRT0PPxsYrbhw\n\n----------------------------------------------------------------------------",
        "thumbnail": "https://i.ytimg.com/vi/owmeFSZOCGc/mqdefault.jpg",
        "youtubeVideoId": "owmeFSZOCGc",
        "uploadedDate": "2022-02-22T11:56:27Z",
        "viewCount": 0,
        "isCommercial": "False"
    },
    {
        "id": "6425cc36-76b7-4c29-b0e7-612ddaacc4ca",
        "title": "반말 ASMR ♥ 작은 목소리로 메이크업하며 수다떨깅 Makeup & talking (메이크업 꿀템 대방출!)",
        "description": "요것은 백만년만에 돌아온... \n조곤조곤 수다이올시다! 헤헷 \n위스퍼링만 계속계속 해왔는데,\n그냥 목소리로 작게 조근조근 수다떨던걸\n그리워해주시는 분들도 계시더라구요.\n\n근데 저는 사실 이게 .. 호불호가 갈려서 ㅠ.ㅠ\n(asmr이라기엔 너무 목소리가 크다는 분도 계시구)\n업로드하기가 겁이 나는 컨텐츠이기도 했어요.\n그러나.. 저는 개인적으로 위스퍼링보다 조곤조곤을 더 즐겨듣는편!!\n\n그래서 멤버십에 살포시~ 조곤조곤 수다와 메이크업 남기고갑니당.\n민낯에 깜~짝 놀라실 수 있지만.. 이제 익숙하시죠 제 생얼?하핫..\n그냥 친근하게 봐주세용 ~~ 잘자요 !!\n\n\n\nToday is not a whisper, but a video of talking quietly and putting on makeup. I couldn't upload it often because there were some likes and dislikes about speaking in this voice, but I personally like to make this voice. I hope that you listen to it well, too. You might be surprised by my bare face, Please enjoy it. Good night.\n\n\n\n▶연츄 채널 멤버십 가입 링크 (전용 영상/전용 커뮤니티 업로드)\nhttps://www.youtube.com/channel/UCjypzyxU_p0_0ElbWSi8QQw/join \n\n▶멤버십 영상 재생목록 미리보기\nhttps://youtube.com/playlist?list=PLgV547LHihrRZk8cHhtg4_uqD3Ag13cCx\n\n----------------------------------------------------------------------------\n\n▶후원 링크 Thank you for your support\nhttps://toon.at/donate/asmr_yeonchu\n후원 금액은 영상을 위해 사용됩니다.\n후원해주신 분들 감사합니다🙏🏻💕\n\n----------------------------------------------------------------------------\n\n▶instargram : http://www.instagram.com/y.zzu \n▶E-mail duswnk1002@naver.com\n\n----------------------------------------------------------------------------\n\n▶연츄  VLOG\nhttps://www.youtube.com/channel/UCbhbaBMBCIJRT0PPxsYrbhw\n\n----------------------------------------------------------------------------",
        "thumbnail": "https://i.ytimg.com/vi/8F5NC3FTYbM/mqdefault.jpg",
        "youtubeVideoId": "8F5NC3FTYbM",
        "uploadedDate": "2022-02-15T14:05:58Z",
        "viewCount": 0,
        "isCommercial": "False"
    },
    {
        "id": "0e61a147-3b8d-43c1-a988-5e44fb9fd41b",
        "title": "ASMR 악몽으로 깬 너를 다시 재워줄게 RP│귀청소, 토닥, 쓰담 (근데 내가 자버림) puts you to sleep RP (Earcleaning, real sleep..)",
        "description": "아직 안 주무시는 츄포터 계세요오..?\n방금 완성된 따끈따끈한 영상이에요오...!\n조금이라도 빨리 업로드 해드리고 싶어서\n늦은 시간이지만 새벽에 살포시 남기고 갑니다.\n안 주무시는 분들은 좋은 꿈 꾸시구,\n주무시고 계시는 분들은 오늘 밤에 시청하시라구..ㅎㅎ\n\n아참 ! 그리고 여러분, 멤버십 전용 '이모티콘'이 생겼어요.\n댓글에서 사용하실 수 있는데.. 확인해보세요 !\n그리고 멤버십 회원별 뱃지 모양도 오늘이나 내일 중으로\n조금의 변경이 있을 예정입니다. (더 귀엽게 디자인했어요.)\n\n여러분 제가 많이 감사하고 사랑합니다.\n좋은 밤 (?) 새벽 ! 되세요 !!!\n\nAre there any Chuppoters who are not sleeping yet..?\nThis is a hot video that was just completed...!\nI want to upload it as soon as possible\nIt's late, but I leave it behind in the morning.\nThose who do not sleep, have a good dream,\nFor those of you who are sleeping, watch it tonight!\n\nOh ! And everyone, there is an 'emoticon' exclusively for membership.\nYou can use it in comments or chat, so check it out!\n\nAnd the shape of the badge for each member is either today or tomorrow.\nThere are going to be some changes. (I designed it more cutely.)\n\nEveryone, I am very grateful and I love you.\nHave a good night !!!\n\n\n\n▶연츄 채널 멤버십 가입 링크 (전용 영상/전용 커뮤니티 업로드)\nhttps://www.youtube.com/channel/UCjypzyxU_p0_0ElbWSi8QQw/join \n\n▶멤버십 영상 재생목록 미리보기\nhttps://youtube.com/playlist?list=PLgV547LHihrRZk8cHhtg4_uqD3Ag13cCx\n\n----------------------------------------------------------------------------\n\n▶후원 링크 Thank you for your support\nhttps://toon.at/donate/asmr_yeonchu\n후원 금액은 영상을 위해 사용됩니다.\n후원해주신 분들 감사합니다🙏🏻💕\n\n----------------------------------------------------------------------------\n\n▶instargram : http://www.instagram.com/y.zzu \n▶E-mail duswnk1002@naver.com\n\n----------------------------------------------------------------------------\n\n▶연츄  VLOG\nhttps://www.youtube.com/channel/UCbhbaBMBCIJRT0PPxsYrbhw\n\n----------------------------------------------------------------------------",
        "thumbnail": "https://i.ytimg.com/vi/RCYGpHf1wpo/mqdefault.jpg",
        "youtubeVideoId": "RCYGpHf1wpo",
        "uploadedDate": "2022-02-03T18:39:36Z",
        "viewCount": 0,
        "isCommercial": "False"
    },
    {
        "id": "20d53eb2-b2f2-4896-baf8-229ed94daf1e",
        "title": "ASMR [수다] 머리카락, z플립3, 여행욕구, 추위 타는 병?, 낫지않는 감기 / 송충이 귀청소와 소곤소곤 earcleaning & whispering",
        "description": "▶연츄 채널 멤버십 가입 링크 (전용 영상/전용 커뮤니티 업로드)\nhttps://www.youtube.com/channel/UCjypzyxU_p0_0ElbWSi8QQw/join \n\n▶멤버십 영상 재생목록 미리보기\nhttps://youtube.com/playlist?list=PLgV547LHihrRZk8cHhtg4_uqD3Ag13cCx\n\n----------------------------------------------------------------------------\n\n▶후원 링크 Thank you for your support\nhttps://toon.at/donate/asmr_yeonchu\n후원 금액은 영상을 위해 사용됩니다.\n후원해주신 분들 감사합니다🙏🏻💕\n\n----------------------------------------------------------------------------\n\n▶instargram : http://www.instagram.com/y.zzu \n▶E-mail duswnk1002@naver.com\n\n----------------------------------------------------------------------------\n\n▶연츄  VLOG\nhttps://www.youtube.com/channel/UCbhbaBMBCIJRT0PPxsYrbhw\n\n----------------------------------------------------------------------------",
        "thumbnail": "https://i.ytimg.com/vi/jlAk1cxer7g/mqdefault.jpg",
        "youtubeVideoId": "jlAk1cxer7g",
        "uploadedDate": "2022-01-21T14:02:33Z",
        "viewCount": 0,
        "isCommercial": "False"
    },
    {
        "id": "80ed75e6-1a26-4dfe-a1df-c05ad14c22ad",
        "title": "ASMR 간지러운 화면 터치와 팅글사운드 레이어드 ♡ Screen touch & tingle sound layerd",
        "description": "▶멤버십 영상 재생목록 미리보기\nhttps://youtube.com/playlist?list=PLgV547LHihrRZk8cHhtg4_uqD3Ag13cCx\n\n----------------------------------------------------------------------------\n\n▶후원 링크 Thank you for your support\nhttps://toon.at/donate/asmr_yeonchu\n후원 금액은 영상을 위해 사용됩니다.\n후원해주신 분들 감사합니다🙏🏻💕\n\n----------------------------------------------------------------------------\n\n▶instargram : http://www.instagram.com/y.zzu \n▶E-mail duswnk1002@naver.com\n\n----------------------------------------------------------------------------\n\n▶연츄  VLOG\nhttps://www.youtube.com/channel/UCbhbaBMBCIJRT0PPxsYrbhw\n\n----------------------------------------------------------------------------",
        "thumbnail": "https://i.ytimg.com/vi/OVmwZ-6_WCg/mqdefault.jpg",
        "youtubeVideoId": "OVmwZ-6_WCg",
        "uploadedDate": "2022-01-12T13:39:03Z",
        "viewCount": 0,
        "isCommercial": "False"
    },
    {
        "id": "e499e791-91af-4771-a8b9-54ef0fe0f910",
        "title": "ASMR (초보금지🚫) 뇌 씹어먹히는 기분│이번엔 더 강력한 양쪽 동시 팅글 레이어드 니블링│Layered Mic NIbbling Mouth Sounds",
        "description": "ASMR 뇌 씹어먹히는 기분│이번엔 더 강력한 팅글가득 레이어드 니블링│Layered Mic NIbbling Mouth Sounds \n\n\n00:14 살짝 레이어드 니블링 (layered nibbling)\n20:00 뇌먹방(?) (Intense brain eating)\n\n\n* 일상채널\nhttps://www.youtube.com/channel/UCbhbaBMBCIJRT0PPxsYrbhw\n\n* INSTAGRAM\nhttp://www.instagram.com/y.zzu\n\n* 비즈니스 문의\nduswnk1002@naver.com\n\n* 자막 (subtitles)\nhttp://www.youtube.com/timedtext_cs_panel?tab=2&c=UCjypzyxU_p0_0ElbWSi8QQw\n\n* 멤버십 가입\nhttps://www.youtube.com/channel/UCjypzyxU_p0_0ElbWSi8QQw/join\n\n* 비고라이브\nID: yeonchuasmr (또는 \"연츄\" 검색)\n https://bigolive.onelink.me/sG8X/YEONCHU \n\n\n※ASMR이란?\n심리적 안정을 유도하는 영상입니다.\n힐링을 원하는 청취자들에게 안정감을 주고,불면증에 도움이 됩니다.",
        "thumbnail": "https://i.ytimg.com/vi/RKX3PGibEcc/mqdefault.jpg",
        "youtubeVideoId": "RKX3PGibEcc",
        "uploadedDate": "2022-01-01T14:36:51Z",
        "viewCount": 2858084,
        "isCommercial": "False"
    },
    {
        "id": "d46d7c2f-962d-4a55-9aa3-4f83f35e5f25",
        "title": "ASMR 코스프레 옷 입어보고 멤버십에 대한 공지 ♥ Try on cosplay clothes & Notice on membership channels",
        "description": "안녕하세요 여러분 !\n오늘은 색다른 의상으로 찾아왔습니다아~\n그 동안 롤플레이를 본 채널에서 보여드리지 못했던 이유들과\n앞으로 멤버십 운영에 대하여 속닥속닥 이야기 해보았어요.\n\n언제나 제가 애정하는거 아시죠~?\n오늘도 좋은 밤 되세요 ♥",
        "thumbnail": "https://i.ytimg.com/vi/PJJ-AwTme10/mqdefault.jpg",
        "youtubeVideoId": "PJJ-AwTme10",
        "uploadedDate": "2022-01-01T14:36:32Z",
        "viewCount": 0,
        "isCommercial": "False"
    },
    {
        "id": "810ee4cb-dfe5-4463-8223-ec3b24abc184",
        "title": "ASMR 새해맞이 소곤소곤 수다♥ mbti inside 이야기 살짝쿵,,│사랑니 수면마취 하러 갔던 썰│구름이 없인 못살아,,",
        "description": "▶멤버십 영상 재생목록 미리보기\nhttps://youtube.com/playlist?list=PLgV547LHihrRZk8cHhtg4_uqD3Ag13cCx\n\n----------------------------------------------------------------------------\n\n▶후원 링크 Thank you for your support\nhttps://toon.at/donate/asmr_yeonchu\n후원 금액은 영상을 위해 사용됩니다.\n후원해주신 분들 감사합니다🙏🏻💕\n\n----------------------------------------------------------------------------\n\n▶instargram : http://www.instagram.com/y.zzu \n▶E-mail duswnk1002@naver.com\n\n----------------------------------------------------------------------------\n\n▶연츄  VLOG\nhttps://www.youtube.com/channel/UCbhbaBMBCIJRT0PPxsYrbhw\n\n----------------------------------------------------------------------------",
        "thumbnail": "https://i.ytimg.com/vi/3Thk5hKzkb8/mqdefault.jpg",
        "youtubeVideoId": "3Thk5hKzkb8",
        "uploadedDate": "2022-01-01T14:33:56Z",
        "viewCount": 0,
        "isCommercial": "False"
    },
    {
        "id": "b2c7d510-bfac-44e0-8eb1-5dcdfae6e687",
        "title": "ASMR 《오징어 게임》 '무궁화 꽃이 피었습니다' 무궁화 인형 영희 시점 상황극 패러디│Squid game RP 챌린지",
        "description": "오징어게임에 중독되어서..\n매일 달고나를 먹고, 무궁화 게임 노래를 흥얼거리다가\n재미있게 만들어본 가벼운 영상이에요.\n\n간단한 후시녹음도 들어있고,\n두두두 단어반복도 들어있어서,\n짧지만 나름 알찬(?) …ㅎㅎㅎ\n\n재미를 위해 구독자분들을 대상으로 게임 하였지만 !\n저는 여러분 애껴요. 알죠~?ㅠ.ㅠㅋㅋㅋㅋ\n재미로만 봐주세요 꼭 !\n\n수면용이라기엔 짧기도하고, 그냥 가볍게 시청해주시면\n좋을 것 같습니다 ! 다다음 영상은 길고 조용한 수면용 영상이 업로드 될 예정입니다 :) 빠르게 가져올게요.\n\n오늘도 편안한 밤 되시고,\n영상 시청해주셔서 감사합니다.\n\n\n\n▶연츄 채널 멤버십 가입 링크 (전용 영상/전용 커뮤니티 업로드) https://www.youtube.com/channel/UCjypzyxU_p0_0ElbWSi8QQw/join \n\n▶멤버십 영상 재생목록 미리보기\nhttps://youtube.com/playlist?list=PLgV547LHihrRZk8cHhtg4_uqD3Ag13cCx\n\n----------------------------------------------------------------------------\n\n▶후원 링크 Thank you for your support\nhttps://toon.at/donate/asmr_yeonchu\n후원 금액은 영상을 위해 사용됩니다.\n후원해주신 분들 감사합니다🙏🏻💕\n\n----------------------------------------------------------------------------\n\n▶instargram : http://www.instagram.com/y.zzu \n▶E-mail duswnk1002@naver.com\n\n----------------------------------------------------------------------------\n\n▶연츄  VLOG\nhttps://www.youtube.com/channel/UCbhbaBMBCIJRT0PPxsYrbhw\n\n----------------------------------------------------------------------------\n\nASMR 《오징어게임》 '무궁화 꽃이 피었습니다' 마음이 약한 무궁화 인형 시점 상황극│Squid game RP",
        "thumbnail": "https://i.ytimg.com/vi/4bzoPdoGpVA/mqdefault.jpg",
        "youtubeVideoId": "4bzoPdoGpVA",
        "uploadedDate": "2021-12-15T08:46:25Z",
        "viewCount": 14276,
        "isCommercial": "False"
    },
    {
        "id": "b8dce01f-4d53-48c0-b603-053ba03e50ac",
        "title": "ASMR 김부장님은 왜 맨날 늦게끝내줘? 퇴근한 너에게 촉촉한 스킨케어 (후시녹음) Skin care RP",
        "description": "제가 후시녹음, 스킨케어 롤플 안 찍는 이유를 알게 되실걸요..?ㅠ.ㅠ\n(너무 못해서!)\n\n\n\n\n▶연츄 채널 멤버십 가입 링크 (전용 영상/전용 커뮤니티 업로드)\nhttps://www.youtube.com/channel/UCjypzyxU_p0_0ElbWSi8QQw/join \n\n▶멤버십 영상 재생목록 미리보기\nhttps://youtube.com/playlist?list=PLgV547LHihrRZk8cHhtg4_uqD3Ag13cCx\n\n----------------------------------------------------------------------------\n\n▶후원 링크 Thank you for your support\nhttps://toon.at/donate/asmr_yeonchu\n후원 금액은 영상을 위해 사용됩니다.\n후원해주신 분들 감사합니다🙏🏻💕\n\n----------------------------------------------------------------------------\n\n▶instargram : http://www.instagram.com/y.zzu \n▶E-mail duswnk1002@naver.com\n\n----------------------------------------------------------------------------\n\n▶연츄  VLOG\nhttps://www.youtube.com/channel/UCbhbaBMBCIJRT0PPxsYrbhw\n\n----------------------------------------------------------------------------",
        "thumbnail": "https://i.ytimg.com/vi/Miotuz7JCWQ/mqdefault.jpg",
        "youtubeVideoId": "Miotuz7JCWQ",
        "uploadedDate": "2021-12-15T08:44:28Z",
        "viewCount": 0,
        "isCommercial": "False"
    },
    {
        "id": "7844755f-fea6-4dd5-8bea-0bf6bda7b0e9",
        "title": "ASMR 포오옹 ☁️",
        "description": "만지며 위스퍼링 속닥거림, 귀에 쉐이빙폼 짜는 소리, 브러쉬로 폼 브러슁하기, 폼 가지고 놀기, 쇠 막대기로 폼 걷어내며 귀마사지 등 다양한 소리들을 담아봤어요. 제 개인적으로 제일제일 좋아하는 소리 top3에 들만한 소리예요 !\n여러분도 좋아하셨으면 좋겠습니다 ♥\n\n앞에 약 15분은 소근소근 수다가 있고 뒤에는 노토킹으로\n더 다양한 쉐이빙폼 사운드를 담았어요 !\n오늘도 감사하구, 좋은 밤 되세요 ♥\n\n\n\n▶연츄 채널 멤버십 가입 링크 (전용 영상/전용 커뮤니티 업로드)\nhttps://www.youtube.com/channel/UCjypzyxU_p0_0ElbWSi8QQw/join \n\n▶멤버십 영상 재생목록 미리보기\nhttps://youtube.com/playlist?list=PLgV547LHihrRZk8cHhtg4_uqD3Ag13cCx\n\n----------------------------------------------------------------------------\n\n▶후원 링크 Thank you for your support\nhttps://toon.at/donate/asmr_yeonchu\n후원 금액은 영상을 위해 사용됩니다.\n후원해주신 분들 감사합니다🙏🏻💕\n\n----------------------------------------------------------------------------\n\n▶instargram : http://www.instagram.com/y.zzu \n▶E-mail duswnk1002@naver.com\n\n----------------------------------------------------------------------------\n\n▶연츄  VLOG\nhttps://www.youtube.com/channel/UCbhbaBMBCIJRT0PPxsYrbhw\n\n----------------------------------------------------------------------------",
        "thumbnail": "https://i.ytimg.com/vi/oXqSx5GuLt0/mqdefault.jpg",
        "youtubeVideoId": "oXqSx5GuLt0",
        "uploadedDate": "2021-12-09T15:35:48Z",
        "viewCount": 0,
        "isCommercial": "False"
    },
    {
        "id": "962ad5ae-55cd-473f-9b9d-7c498870e202",
        "title": "새벽에 같이 수다떨어용✨",
        "description": "▶연츄 채널 멤버십 가입 링크 (전용 영상/전용 커뮤니티 업로드)\nhttps://www.youtube.com/channel/UCjypzyxU_p0_0ElbWSi8QQw/join \n\n▶멤버십 영상 재생목록 미리보기\nhttps://youtube.com/playlist?list=PLgV547LHihrRZk8cHhtg4_uqD3Ag13cCx\n\n----------------------------------------------------------------------------\n\n▶후원 링크 Thank you for your support\nhttps://toon.at/donate/asmr_yeonchu\n후원 금액은 영상을 위해 사용됩니다.\n후원해주신 분들 감사합니다🙏🏻💕\n\n----------------------------------------------------------------------------\n\n▶instargram : http://www.instagram.com/y.zzu \n▶E-mail duswnk1002@naver.com\n\n----------------------------------------------------------------------------\n\n▶연츄  VLOG\nhttps://www.youtube.com/channel/UCbhbaBMBCIJRT0PPxsYrbhw\n\n----------------------------------------------------------------------------",
        "thumbnail": "https://i.ytimg.com/vi/wE43U99c1jE/mqdefault.jpg",
        "youtubeVideoId": "wE43U99c1jE",
        "uploadedDate": "2021-11-23T16:34:26Z",
        "viewCount": 0,
        "isCommercial": "False"
    },
    {
        "id": "0ef4dca9-ec71-47aa-bfdd-7ba97c838a81",
        "title": "ASMR 귓 속 고막 꼬집꼬집 ! 꾸욱 꾸욱 ! I'll pinch your eardrums !",
        "description": "여러분..♡\n커뮤니티에 올린 이유로\n이번 영상은 쬐에끔 늦어졌어요.\n얼굴이 그래도 괜찮아보이죠 ~?\n최대한 잘 가려서 촬영했답니당. 그래도 좀 부었어요 흑흑,,\n빵빵 연츄 ㅎㅎㅎㅎ\n\n먹먹~한 소리가 취향저격이에요 !\n오늘도 감사하고, 좋은 밤 되시길 바랄게요 ♥\n\n00:10 왔다 갔다 고막 꼬집기\n12:55 귀 꾸욱 막고 꼬집으며 이어커핑\n\n-\n\n\nI really like the stinky sound. Put on your earphones and listen.\n00:10 pinching the eardrum back and forth\n12:55 ear cupping\n\n\n▶멤버십 영상 재생목록 미리보기\nhttps://youtube.com/playlist?list=PLgV547LHihrRZk8cHhtg4_uqD3Ag13cCx\n\n----------------------------------------------------------------------------\n\n▶후원 링크 Thank you for your support\nhttps://toon.at/donate/asmr_yeonchu\n후원 금액은 영상을 위해 사용됩니다.\n후원해주신 분들 감사합니다🙏🏻💕\n\n----------------------------------------------------------------------------\n\n▶instargram : http://www.instagram.com/y.zzu \n▶E-mail duswnk1002@naver.com\n\n----------------------------------------------------------------------------\n\n▶연츄  VLOG\nhttps://www.youtube.com/channel/UCbhbaBMBCIJRT0PPxsYrbhw\n\n----------------------------------------------------------------------------",
        "thumbnail": "https://i.ytimg.com/vi/M8jbTG9Z3FI/mqdefault.jpg",
        "youtubeVideoId": "M8jbTG9Z3FI",
        "uploadedDate": "2021-11-19T11:16:34Z",
        "viewCount": 0,
        "isCommercial": "False"
    },
    {
        "id": "ed168b11-8fc6-42cf-9713-2af70db14a35",
        "title": "ASMR 교복 입고, 비밀스럽게 소근소근 연애 Q&A (이상형,짝사랑,첫사랑,썸 TMI.. ?) 내가 이걸 해도 될까요 ? Whispering",
        "description": "멤버십에서만 비밀~스럽게 할만한 수다영상이 뭐가 있을까~? 하다가 해본.. 연애관 q&a 랍니다.\n왔다갔다 소곤소곤 귓 속에 말하듯 가까이 이야기해보았어요.\ntmi 난무하지만... 핫..ㅎㅎ\n우리만의 비밀~~\n잘자용 ♡\n\nSleep well while listening to the whispering, members ♡\n\n▶연츄 채널 멤버십 가입 링크 (전용 영상/전용 커뮤니티 업로드)\nhttps://www.youtube.com/channel/UCjypzyxU_p0_0ElbWSi8QQw/join \n\n▶멤버십 영상 재생목록 미리보기\nhttps://youtube.com/playlist?list=PLgV547LHihrRZk8cHhtg4_uqD3Ag13cCx\n\n----------------------------------------------------------------------------\n\n▶후원 링크 Thank you for your support\nhttps://toon.at/donate/asmr_yeonchu\n후원 금액은 영상을 위해 사용됩니다.\n후원해주신 분들 감사합니다🙏🏻💕\n\n----------------------------------------------------------------------------\n\n▶instargram : http://www.instagram.com/y.zzu \n▶E-mail duswnk1002@naver.com\n\n----------------------------------------------------------------------------\n\n▶연츄  VLOG\nhttps://www.youtube.com/channel/UCbhbaBMBCIJRT0PPxsYrbhw\n\n----------------------------------------------------------------------------",
        "thumbnail": "https://i.ytimg.com/vi/Mj1dXQbUOHg/mqdefault.jpg",
        "youtubeVideoId": "Mj1dXQbUOHg",
        "uploadedDate": "2021-11-04T12:54:11Z",
        "viewCount": 0,
        "isCommercial": "False"
    },
    {
        "id": "c18d30a2-6a54-4c71-ba77-85373796ab49",
        "title": "ASMR 팅글과 수면사이.. 근데 이제 시원한 옷차림을 곁들인..│까끌까끌 동글동글 노랑노랑 등 Trigger words",
        "description": "안녕하세요 여러분 :)\n오늘 영상은 ! 제가 여름에 찍어뒀던 멤버십 영상이에요.\n그 당시 계속 새로운 영상을 찍기만 하면..\n새 영상이 마음에 들어서 얘를 미루고 미루다\n이제서야 공개하네요 헿\n소리는 정말 좋은데!\n추~운 날씨에 시원~한 옷차림과\n오랜만에 저의 앞머리까지 !ㅎㅎㅎ\n제가 발굴해낸 너무너무 좋은 단어들을\n좌우 구분 확실하게 반복반복 해봤어요.\n\n아참 ! 그리구 전에 멤버십 커뮤니티에\n남겨주셨던 댓글들.. 참고해서 새로운 영상 구상중이에요 !\n기대해주세요오 ㅎㅎㅎ 좋은 밤 되세요 ♡!\n\n00:07 인사\n00:39 노랑노랑\n05:40 보라보라\n10:55 핑크핑크\n15:36 동글동글\n22:11 까끌까끌\n26:51 냠냠냠\n\n\n\n▶멤버십 영상 재생목록 미리보기\nhttps://youtube.com/playlist?list=PLgV547LHihrRZk8cHhtg4_uqD3Ag13cCx\n\n----------------------------------------------------------------------------\n\n▶후원 링크 Thank you for your support\nhttps://toon.at/donate/asmr_yeonchu\n후원 금액은 영상을 위해 사용됩니다.\n후원해주신 분들 감사합니다🙏🏻💕\n\n----------------------------------------------------------------------------\n\n▶instargram : http://www.instagram.com/y.zzu \n▶E-mail duswnk1002@naver.com\n\n----------------------------------------------------------------------------\n\n▶연츄  VLOG\nhttps://www.youtube.com/channel/UCbhbaBMBCIJRT0PPxsYrbhw\n\n----------------------------------------------------------------------------",
        "thumbnail": "https://i.ytimg.com/vi/CyCqFU8SINI/mqdefault.jpg",
        "youtubeVideoId": "CyCqFU8SINI",
        "uploadedDate": "2021-10-27T16:43:11Z",
        "viewCount": 0,
        "isCommercial": "False"
    },
    {
        "id": "223cdf2f-65eb-403b-a85a-01d01fa5ae55",
        "title": "ASMR 귓 속을 깊게 파고드는 따끔 주사 놔줄게요 A tingle injection that pierces the ear",
        "description": "오늘은 저번에 잠깐 보여드린 간호사 복장을 입고, 따끔주사 놔보았어요!\n멤버십 영상에서는 오랜만에 노토킹 영상이니 편안하게 잠들어주세요 :)\n포근하고 따끔한 팅글이 맘에 드셨으면 좋겠어요. 좋은 밤 되세요.\n\nToday, I put on a stinging injection in the nurse uniform I showed you a little while ago! In the membership video, it's a no-talking video after a long time, so please sleep comfortably :)\nI hope you like the warm and stinging Tingle. Have a good night.\n\n▶연츄 채널 멤버십 가입 링크 (전용 영상/전용 커뮤니티 업로드)\nhttps://www.youtube.com/channel/UCjypzyxU_p0_0ElbWSi8QQw/join \n\n▶멤버십 영상 재생목록 미리보기\nhttps://youtube.com/playlist?list=PLgV547LHihrRZk8cHhtg4_uqD3Ag13cCx\n\n----------------------------------------------------------------------------\n\n▶후원 링크 Thank you for your support\nhttps://toon.at/donate/asmr_yeonchu\n후원 금액은 영상을 위해 사용됩니다.\n후원해주신 분들 감사합니다🙏🏻💕\n\n----------------------------------------------------------------------------\n\n▶instargram : http://www.instagram.com/y.zzu \n▶E-mail duswnk1002@naver.com\n\n----------------------------------------------------------------------------\n\n▶연츄  VLOG\nhttps://www.youtube.com/channel/UCbhbaBMBCIJRT0PPxsYrbhw\n\n----------------------------------------------------------------------------",
        "thumbnail": "https://i.ytimg.com/vi/ddjXQZeMWAE/mqdefault.jpg",
        "youtubeVideoId": "ddjXQZeMWAE",
        "uploadedDate": "2021-10-10T13:52:58Z",
        "viewCount": 0,
        "isCommercial": "False"
    }
]