[
    {
        "id": "d2ac7d56-3cce-42f1-9662-d5f13adcc161",
        "title": "드루와 드루와~~~😈 구독자분들 소원 들어드립니다!!! 김나박이(❌) 임나박이(⭕) [범수의 세계]",
        "description": "#김범수 #취미 #라이브\n\n범수로운 슬기생활, 김범수의 취미생활을 보여드립니다.\n저에게 어울리는 취미 생활을 추천해주세요.\n\n매주 금요일 오후 6시에 업로드 됩니다.\n\n🎥제작: 샌드박스네트워크\n💼비즈니스 문의: youngent05@daum.net",
        "thumbnail": "https://i.ytimg.com/vi/gO9quZ2NyZQ/mqdefault.jpg",
        "youtubeVideoId": "gO9quZ2NyZQ",
        "uploadedDate": "2021-03-08T04:00:11Z",
        "viewCount": 102366,
        "isCommercial": "False"
    },
    {
        "id": "51e17999-c4a3-4ae4-8bfd-c9afca1fe94c",
        "title": "김범수 - 그대는 어디에 (원곡: 임재범) 🎤임나박이 커버 시리즈 #1🎤 [범수의 세계]",
        "description": "#김범수 #라이브 #임재범\n\n범수로운 슬기생활, 김범수의 취미생활을 보여드립니다.\n저에게 어울리는 취미 생활을 추천해주세요.\n\n매주 금요일 오후 6시에 업로드 됩니다.\n\n🎥제작: 샌드박스네트워크\n💼비즈니스 문의: youngent05@daum.net",
        "thumbnail": "https://i.ytimg.com/vi/EOG9a2Ll104/mqdefault.jpg",
        "youtubeVideoId": "EOG9a2Ll104",
        "uploadedDate": "2021-03-08T04:00:11Z",
        "viewCount": 1068119,
        "isCommercial": "False"
    },
    {
        "id": "813aa37e-75e5-4b50-9b3d-30abe41a876f",
        "title": "김범수 - 바람 기억 (원곡: 나얼) 🎤임나박이 커버 시리즈 #2🎤 [범수의 세계]",
        "description": "#김범수 #라이브 #나얼\n\n범수로운 슬기생활, 김범수의 취미생활을 보여드립니다.\n저에게 어울리는 취미 생활을 추천해주세요.\n\n매주 금요일 오후 6시에 업로드 됩니다.\n\n🎥제작: 샌드박스네트워크\n💼비즈니스 문의: youngent05@daum.net",
        "thumbnail": "https://i.ytimg.com/vi/-1HbFmXHKWs/mqdefault.jpg",
        "youtubeVideoId": "-1HbFmXHKWs",
        "uploadedDate": "2021-03-08T04:00:11Z",
        "viewCount": 2706033,
        "isCommercial": "False"
    },
    {
        "id": "8a3118f4-4ca1-4382-aa64-b260729930f4",
        "title": "김범수 - Good Bye (원곡: 박효신) 🎤임나박이 커버 시리즈 #3🎤 [범수의 세계]",
        "description": "#김범수 #라이브 #박효신\n\n범수로운 슬기생활, 김범수의 취미생활을 보여드립니다.\n저에게 어울리는 취미 생활을 추천해주세요.\n\n매주 금요일 오후 6시에 업로드 됩니다.\n\n🎥제작: 샌드박스네트워크\n💼비즈니스 문의: youngent05@daum.net",
        "thumbnail": "https://i.ytimg.com/vi/kDnrZ0HsuuI/mqdefault.jpg",
        "youtubeVideoId": "kDnrZ0HsuuI",
        "uploadedDate": "2021-03-08T04:00:11Z",
        "viewCount": 1067201,
        "isCommercial": "False"
    },
    {
        "id": "f4ca7649-fea6-4616-82a9-7bb6411250ef",
        "title": "김범수 - 어디에도 (원곡: 이수) 🎤임나박이 커버 시리즈 #4🎤 [범수의 세계]",
        "description": "#김범수 #라이브 #이수 #어디에도\n\n범수로운 슬기생활, 김범수의 취미생활을 보여드립니다.\n저에게 어울리는 취미 생활을 추천해주세요.\n\n매주 금요일 오후 6시에 업로드 됩니다.\n\n🎥제작: 샌드박스네트워크\n💼비즈니스 문의: youngent05@daum.net",
        "thumbnail": "https://i.ytimg.com/vi/WoW76P2YNoU/mqdefault.jpg",
        "youtubeVideoId": "WoW76P2YNoU",
        "uploadedDate": "2021-03-08T04:00:11Z",
        "viewCount": 2235586,
        "isCommercial": "False"
    }
]