[
    {
        "id": "dea26cd0-49ba-42c7-95c1-5050b807ecb5",
        "title": "𝙎𝙪𝙢𝙢𝙚𝙧 𝙝𝙖𝙪𝙡 🍉내돈내산! 편한데 예쁜 신상옷 하울&룩북ㅣ프롬비기닝•라룸•트렌디 어패럴 등",
        "description": "𝐈𝐧𝐬𝐭𝐚𝐠𝐫𝐚𝐦 • https://www.instagram.com/somz_zi/\n𝐂𝐨𝐧𝐭𝐚𝐜𝐭 • ds02_28@naver.com \n\n\n🌷1\n라룸 올드슬릿데님(27,000원)\n연청s\nhttps://s.zigzag.kr/yMtm3GS3Jf?af=1\n\n\n🌷2\n완스몰 몽블랑 브이넥 퍼프 블라우스(21,850원)\n핑크 free\nhttps://s.zigzag.kr/5kEWKNLBYF?af=1\n\n\n🌷3\n트렌디 어패럴 텀스 핀턱 하프 슬랙스(32,000원) \n블랙xs\nhttps://s.zigzag.kr/xlkjhu3BPK?af=1\n\n\n🌷4\n니어 폴드 꽈배기 U넥(22,900원)\n아이보리 \nhttps://s.zigzag.kr/QWx2rodAgQ?af=1\n\n\n🌷5\n트렌디어패럴 바이닐 린넨 생지 숏 슬랙스(33,000원)\n진청s \nhttps://s.zigzag.kr/6rd9Bmpr6V?af=1\n\n\n🌷6\n고고싱 디어화이트OPS(26,000원)\n화이트 ver.160\nhttps://s.zigzag.kr/R9ecsQPVNM?af=1\n\n\n🌷7\n완스몰 바셀 멜빵 데님팬츠(28,500원)\n데님 free\nhttps://s.zigzag.kr/4ms5MS9irW?af=1\n\n\n🌷8\n프롬비기닝 람버스 크로셰니트탑(16,000원)\n빈티지블루 \nhttps://s.zigzag.kr/RanPMkCFTr?af=1\n\n\n*전부 내돈내산 제품입니다.\n*위 링크는 지그재그 활동을 통해 소정의 수수료를 제공받을 수 있습니다.\n#패션하울 #여름하울 #여름옷",
        "thumbnail": "https://i.ytimg.com/vi/H080Uo19gms/mqdefault.jpg",
        "youtubeVideoId": "H080Uo19gms",
        "uploadedDate": "2022-07-01T22:05:55Z",
        "viewCount": 2906,
        "isCommercial": "False"
    },
    {
        "id": "d3903902-44e7-4ff1-8dd4-ac7fc19f7e61",
        "title": "💸20벌에 15만원...?💸 미친 가격 해외직구로 여름옷 쇼핑하기(ft.쉬인 하울)",
        "description": "𝐈𝐧𝐬𝐭𝐚𝐠𝐫𝐚𝐦 • https://www.instagram.com/somz_zi/\n𝐂𝐨𝐧𝐭𝐚𝐜𝐭 • ds02_28@naver.com \n\n\n안녕 얘들아 랜선언니 솜찌야\n나만 몰랐던 것 같은...(?) 해외직구 쉬인 어플에서 \n여름 맞이 쇼핑을 해봤는데 20벌에 무려... 15만원!!!!!\n과연 퀄리티는 어떨지~~~~~~~오늘도 즐감!\n\n#쉬인 #해외직구\n\n-----\n\n✨ 𝐓𝐈𝐌𝐄𝐋𝐈𝐍𝐄\n0:00 인트로\n0:11 소개 \n1:03 본격 하울\n\n\n\n🎵Music provided by 브금대통령\n🎵Track : Brunch II - https://youtu.be/XlhBXAMHUz8",
        "thumbnail": "https://i.ytimg.com/vi/1Xtdh7Xu4aQ/mqdefault.jpg",
        "youtubeVideoId": "1Xtdh7Xu4aQ",
        "uploadedDate": "2022-05-30T00:42:02Z",
        "viewCount": 3744,
        "isCommercial": "False"
    },
    {
        "id": "df70edf3-7bad-4110-9cb7-f83c81c25ad3",
        "title": "당장 운동하러 가버릴지 몰라🔥 편한 가을&겨울 운동복 하울 𝗪𝗶𝗻𝘁𝗲𝗿 𝗵𝗮𝘂𝗹 (아디다스, 젝시믹스, 런블랙 등)",
        "description": "𝐈𝐧𝐬𝐭𝐚𝐠𝐫𝐚𝐦 • https://www.instagram.com/somz_zi/\n𝐂𝐨𝐧𝐭𝐚𝐜𝐭 • ds02_28@naver.com \n\n⎽⎽⎽\n※전부 내돈내산 제품입니다※\n랜선언니 컨셉으로 반말 사용하는 점 양해 부탁드립니다! \n\n\n🍒1 \n런블랙 심플베리집업[21FW] (32,000원)\n블랙 S\n\n🍒2\n아디다스 여성 에어로래디탑 GD4612(95,000원)\n화이트 JXS\n\n🍒3\n아디다스 카고팬츠 GN3449(109,000원)\n블랙 S\n\n🍒4\n런블랙 데일리 셔링 롱슬리브 1+1(29,000원)\n올리브 / 레드빈 \n\n🍒5\n젝시믹스 블랙라벨 시그니처 360N 레깅스 1+1(49,000원)\n로즈홀릭S / 로즐리 베이지S \n\n🍒6\n아디다스 파이어버드 트랙팬츠 GN2819(89,000원)\n블랙 S\n\n🍒7\n데비웨어 페이스 슬림 티셔츠(17,6000원)\n페일민트\n\n\n⎽⎽⎽\n✨ 𝐓𝐈𝐌𝐄𝐋𝐈𝐍𝐄\n\n0:00 인트로 \n0:51 런블랙 집업 \n1:42 아디다스 탑\n3:19 아디다스 카고팬츠\n4:51 런블랙 롱슬리브\n6:28 젝시믹스 레깅스\n8:14 아디다스 팬츠\n9:36 데비웨어 탑",
        "thumbnail": "https://i.ytimg.com/vi/ZetDA66648M/mqdefault.jpg",
        "youtubeVideoId": "ZetDA66648M",
        "uploadedDate": "2021-12-14T12:31:32Z",
        "viewCount": 6294,
        "isCommercial": "False"
    },
    {
        "id": "4feb3370-4c00-4972-af2f-f880dcd0fa3d",
        "title": "𝐇𝐀𝐔𝐋 날이 추워졌으니🎅🏻 내돈내산 가을&겨울 아우터 모음.zip(후드집업, 가디건, 니트집업, 라이더자켓 등)",
        "description": "𝐈𝐧𝐬𝐭𝐚𝐠𝐫𝐚𝐦 • https://www.instagram.com/somz_zi/\n𝐂𝐨𝐧𝐭𝐚𝐜𝐭 • ds02_28@naver.com \n\n⎽⎽⎽\n\n* 전부 내돈내산 제품들입니다＊\n\n\n🍒1 썸플레이스 \nsome 오버핏 싱글 라이더 자켓(29,200원) \n\n\n🍒2 에일런 \n포에버 투웨이 니트집업 베이지(32,400원) \n/하의 흰색팬츠 앤니즈 \n/하의 프롬비기닝 메이플 골지밴딩니트롱스커트 모카\n\n\n🍒3 히니크 \n블랑코 크롭 볼레로 긴팔 가디건 블랙(19,500원)\n/하의 트렌디어페럴 스턴 힙 조거팬츠 미니 오트밀\n\n\n🍒4 프롬비기닝 \n엘리 라운드니트가디건 다크그레이(20,000원) \n/하의 리리앤코 \n\n\n🍒5 크림치즈마켓 \n크롭 후드집업 자켓 블랙(29,000원) \n/하의 앤니즈(흰색)\n/하의 블랙업 호딘 트레이닝 팬츠 \n\n\n🍒6 미니포에 \n오브크롭cd 핑크(16,000원)\n/하의 육육걸즈 쿨생지뒷밴딩 롱데님\n\n⎽⎽⎽\n\n𝐓𝐈𝐌𝐄𝐋𝐈𝐍𝐄\n0:00 소개\n0:35 라이더자켓 \n1:50 니트집업\n3:25 볼레로 가디건\n4:28 그레이 가디건\n5:58 후드집업 \n7:21 크롭 가디건\n\n \n#아우터하울 #아우터룩북 #가디건 #후드집업 #라이더자켓",
        "thumbnail": "https://i.ytimg.com/vi/bIJTXiaLrM0/mqdefault.jpg",
        "youtubeVideoId": "bIJTXiaLrM0",
        "uploadedDate": "2021-11-03T06:25:42Z",
        "viewCount": 6299,
        "isCommercial": "False"
    },
    {
        "id": "1b7f40b5-2d35-42ac-9919-4b51e99d15fd",
        "title": "𝒇𝒂𝒍𝒍 𝒉𝒂𝒖𝒍🍁 기본템부터 편하게 입기 좋은 데일리룩 10가지(니트,셔츠,원피스,트레이닝 팬츠 등)",
        "description": "𝐈𝐧𝐬𝐭𝐚𝐠𝐫𝐚𝐦 • https://www.instagram.com/somz_zi/\n𝐂𝐨𝐧𝐭𝐚𝐜𝐭 • ds02_28@naver.com\n\n본 영상 제품들은 광고/협찬을 포함하지 않은 \n내돈내산 제품들입니다\n\n\n☁1\n크림치즈마켓 티코 코튼 셔츠 남방 블라우스 \n베이지(22,500원) \n\n\n☁2\n트렌디어페럴 스턴 힙 조거팬츠 \n미니 오트밀(26,100원)\n\n\n☁3\n히니크 한눈에 반해썸 핀턱 퍼프 키작녀 스퀘어넥 미니 원피스 \n블랙S 기장추가(45,600원) \n\n\n☁4\n프롬비기닝 볼드스트라이프 크롭카라니트 \n블랙(29,000원) \n\n\n☁5\n플라이모델 러비트-pt \n진청S(26,000원)\n\n\n☁6\n보니제이 첼시 밴딩 롱부츠 \n블랙/롱/225(25,500원)\n\n\n☁7\n슬로우앤드 에브리데이 모브스커트 \n블랙S(22,000원)\n\n\n☁8\n블랙업 호딘 트레이닝 팬츠 \n블랙(19,000원)\n\n\n☁9\n프롬비기닝 메이플 루즈핏골지V넥니트 모카(13,300원)\n프롬비기닝 메이플 골지밴딩니트롱스커트 모카(13,300원) \n\n\n☁10\n쇼퍼랜드 보온성 좋은 목늘어짐 없는 티셔츠 \n1+1 아이보리 가을버전/차콜그레이(12,640원) \n\n\n\n#인터넷쇼핑몰 #가을하울",
        "thumbnail": "https://i.ytimg.com/vi/JJ3k7SlzgZI/mqdefault.jpg",
        "youtubeVideoId": "JJ3k7SlzgZI",
        "uploadedDate": "2021-10-22T04:50:04Z",
        "viewCount": 10804,
        "isCommercial": "False"
    },
    {
        "id": "bfd02c4c-ac7f-4ebd-9bf0-37b0a9e24b21",
        "title": "운동복 부자의🥊 최근 구매한 신상 운동복 하울(ft.쫀쫀 레깅스/상의/크롭티) Fashion Haul",
        "description": "운동복 부자의🥊 최근 구매한 신상 운동복 하울(ft.쫀쫀 레깅스/상의/크롭티) Fashion Haul  \n\n#운동복하울 #필라테스 #요가 #헬스\n――――――――――――――\n💌 인스타 :  https://www.instagram.com/somz_zi/\n💌 메일 :  ds02_28@naver.com \n――――――――――――――\n안녕 애들아\n오늘은 내.돈.내.산 \n비교적 최근에 구매했던 운동복 하울이야!\n오늘도 즐감~~~~~~~~~~~~! \n\n\n\n🍒1 \n젝시믹스 헤바 크롭탑 1+1 \n블랙S 노티컬블루S 32,000원 \n\n\n🍒2 \n데비웨어 래브백 리본 티셔츠 \n베이지 24,000원 \n\n\n🍒3 \n젝시믹스 블랙라벨 시그니처 380 \n블랙S 캡틴네이비S 1+1 59,000원 \n\n\n🍒4 \n모어아웃 라이트 스트링 티셔츠 \n옐로우 블루 22,000원 \n\n\n🍒5 \n젝시믹스 프레쉬페더 트위스트  크롭 숏슬리브 \n블랙S 18,000원 \n\n\n🍒6\n데비웨어 익스틴 서포트 티 \n크림 레몬 (24,000원)\n\n\n🍒7\n젝시믹스 메쉬 스트링 숏슬리브 마린 \n네이비S 19,000원",
        "thumbnail": "https://i.ytimg.com/vi/a1XxHhBPFS4/mqdefault.jpg",
        "youtubeVideoId": "a1XxHhBPFS4",
        "uploadedDate": "2021-09-29T04:11:17Z",
        "viewCount": 4575,
        "isCommercial": "False"
    },
    {
        "id": "422fa703-a8a7-48f7-81f9-8e137a819121",
        "title": "𝐁𝐚𝐠 𝐡𝐚𝐮𝐥👜휘뚜루 마뚜루 들기 좋은! 1~2만원대 인쇼 가방 하울",
        "description": "𝐁𝐚𝐠 𝐡𝐚𝐮𝐥👜휘뚜루 마뚜루 들기 좋은! 1~2만원대 인쇼 가방 하울  \n\n#보세가방 #가방하울 \n――――――――――――――\n💌 인스타 :  https://www.instagram.com/somz_zi/\n💌 메일 :  ds02_28@naver.com \n――――――――――――――\n*랜선언니 컨셉 상 반말을 사용한 점 양해 부탁드립니다!\n*본 제품은 전부 '내돈내산' 입니다. \n\n\n🍒1 \n라룸 바게트백\n아이보리 (20,000원) \n\n\n🍒2\n무드니크 컬러 셔링 주름 미니 토트 크로스백\n소라 (17,900원)\n\n\n🍒3\n원더원더  부키 미니 바게트 스쿨룩 숄더백\n블랙 (12,800원)\n\n\n🍒4\n데일리쥬 해브 에코백\n아이보리 (15,000원) \n\n\n🍒5\n에제 크레파스 미니 네트백 그물가방\n옐로우 (17,000원)\n\n\n🍒6\n라이니 크림 바게트 숄더백\n인디핑크 (17,900원)\n\n\n🍒7\n풀문 데일리 미니 화이트 가죽백 레더가방\n블랙 (12,900원)",
        "thumbnail": "https://i.ytimg.com/vi/lhnT2Qlc0uc/mqdefault.jpg",
        "youtubeVideoId": "lhnT2Qlc0uc",
        "uploadedDate": "2021-09-03T02:47:14Z",
        "viewCount": 2228,
        "isCommercial": "False"
    },
    {
        "id": "40439373-54b4-49ba-97a6-4c75bb97f41e",
        "title": "0~2만원대! 간절기 패션 하울🍂 12가지 옷과 코디 룩북 Fashion Haul",
        "description": "0~2만원대! 간절기 패션 하울 & 코디 룩북🍂 Fashion Haul \n\n#간절기하울 #코디룩북 \n―――――――――――\n💌 인스타 :  https://www.instagram.com/somz_zi/\n💌 메일 :  ds02_28@naver.com \n――――――――――――――\n*영상에 소개된 제품은 내돈내산 리뷰입니다\n*랜선언니 컨셉으로 반말을 사용하는 점 양해 부탁드립니다\n\n\n🍁lookbook 1\n쇼퍼랜드 심플 코튼 나시 롱 원피스(18,900원) 아이보리 \n쇼퍼랜드 라이크 크롭 썸머 니트 가디건(13,300원) 오트베이지 \n\n\n🍁lookbook 2\n육육걸즈 쿨생지뒷밴딩 롱데님(18,900원) 진청\n쇼퍼랜드 슈가 부클 케이블 니트 조끼(13,800원) 스카이블루 \n핫핑 그라밍 루즈핏 무지반팔티 (7,800원) 화이트 \n\n\n🍁lookbook 3\n초코파이마켓 슬림 데님랩 미니원피스(20,000원) S \n\n\n🍁lookbook 4\n육육걸즈 슈가레이어드롱 OPS(22,8000원) 아이보리 \n육육걸즈 쿨생지뒷밴딩 롱데님(18,900원) 진청 F \n\n\n🍁lookbook 5\n육육걸즈 도트랩브이반팔롱 원피스(23,500원) 블루\n\n\n🍁lookbook 6\n쇼퍼랜드 엔터 시스루 크롭 셔츠(13,900원) 아이보리 \n육육걸즈 쿨생지뒷밴딩 롱데님(18,900원) 진청\n\n \n🍁lookbook 7\n쇼퍼랜드 플랫 피케 반팔 미니 원피스(17,900원) 그레이",
        "thumbnail": "https://i.ytimg.com/vi/AKdSPN2VUXg/mqdefault.jpg",
        "youtubeVideoId": "AKdSPN2VUXg",
        "uploadedDate": "2021-08-20T10:49:06Z",
        "viewCount": 3728,
        "isCommercial": "False"
    },
    {
        "id": "e91d1452-6d5f-4650-b1e9-d33d85796c32",
        "title": "💸내돈내산💸 1~2만원대 퀄리티 좋은 옷만🍉여름 패션하울(블라우스/바지/티)𝐟𝐚𝐬𝐡𝐢𝐨𝐧 𝐡𝐚𝐮𝐥",
        "description": "💸내돈내산💸 1~2만원대 퀄리티 좋은 옷만🍉여름 패션하울(블라우스/바지/티)𝐟𝐚𝐬𝐡𝐢𝐨𝐧 𝐡𝐚𝐮𝐥\n\n#내돈내산 #여름패션하울 \n――――――――――――――\n💌 인스타 :  https://www.instagram.com/somz_zi/\n💌 메일 :  ds02_28@naver.com \n――――――――――――――\n\n안녕 애들아 랜선언니 솜찌야\n얼마만에.. 패션하울인지?ㅎㅎ \n앞으로 패션 콘텐츠도 자주 자주 올릴게에 \n\n――――――――――――――\n\n🍊1. 슬로우앤드 \n핀턱 코튼 쇼츠\r아이보리s (26,000원) \nhttps://bit.ly/3f6zClA\n\n\n🍊2. 핫핑 \n\r스윗데이 루즈핏 코튼셔츠 \r소라 1사이즈 (22,800원) \nhttps://bit.ly/2WuPojG\n\n\n🍊3. 케이클럽\r로렌 \n스모크 밴딩 블라우스\r민트 S (16,100원)  \nhttps://bit.ly/2Wtomct\n\n\n🍊4. 고고싱 \r\n얇은 롱핏코튼PT\r 카키 ver.155 XS  (\r19,800원)  \nhttps://bit.ly/3zKwDH8\n\n\n🍊5. 로렌하이 \n\r웨즈 사선 퍼프 블라우스\r네이비 free (24,900원) \nhttps://bit.ly/2WuPtUw\n\n\n🍊6. 고고싱 \n\r핀턱 스트레이트 일자슬랙스 \r차콜 ver.155 S\r (19,800원)  \nhttps://bit.ly/3i8l72x\n\n\n🍊7. 핫핑 \r\n여리여리 U넥 코튼 반팔티셔츠 \r그레이/소라 (9,800원)\nhttps://bit.ly/3i8zROL",
        "thumbnail": "https://i.ytimg.com/vi/-VJ6pyOKIVY/mqdefault.jpg",
        "youtubeVideoId": "-VJ6pyOKIVY",
        "uploadedDate": "2021-07-28T07:19:43Z",
        "viewCount": 6369,
        "isCommercial": "False"
    },
    {
        "id": "8ba55f56-afeb-427e-acdd-22a4fddc794f",
        "title": "겨울 필수템⛄인기많은 플리스자켓(후리스) 7종 하울&코디｜ Fleece Jacket Haul",
        "description": "겨울 필수템⛄인기많은 플리스자켓(후리스) 7종 하울&코디｜ Fleece Jacket Haul \n\n#플리스 #아우터하울 \n――――――――――――――\n💌 인스타 :  https://www.instagram.com/somz_zi/\n💌 메일 :  ds02_28@naver.com \n――――――――――――――\n스펙 : 156cm 50kg  / 44사이즈 / 허리26\n\n*본 영상은 서울스토어로부터 포인트를 제공받았으며 친구할인코드 사용에 따라 적립금을 제공받을 수 있습니다. \n*본 영상은 브랜드 PPL 영상이 아니며 제품 선택과 리뷰는 100% 개인의 견해로 제작된 영상입니다. \n\n\n친구할인코드란에 \"솜뭉찌\" 입력하면 추가 5%할인! \n\n서울스토어 링크 : http://bit.ly/2QiIdUy\n솜찌 제품 리뷰 링크 : http://bit.ly/2Qhlh7Z\n\n――――――――――――――\n*컨셉상 반말을 사용하는 점 양해 부탁드립니다..♡\n\n \n💖.1 \n어나더아카이브 [1+1]리버시블 보아털 퀼팅 점퍼\n블랙 FREE / 아이보리 FREE\nhttps://bit.ly/3ksxLrP\n\n\n💖.2\n언리미트 Fleece Jacket (U19DTJK43) \nIVORY S \nhttps://bit.ly/3ouBjfs\n\n\n💖.3\n무아무아 투톤 콤비 플리스 자켓\n네이비 FREE\nhttps://bit.ly/31LIXbK\n\n\n💖.4\n후아유 유니 덤블집업[라이트 베이지] WHJJA1116U\n라이트베이지 M_95\nhttps://bit.ly/2HGb05B\n\n\n💖.5\n파마컬렉션 스탠다드 플리스 집업_블랙\nFREE\nhttps://bit.ly/3jxgXP9\n\n\n💖.6\n퍼스텝 킵 플리스 듀얼 집업 자켓 4종 MSOT4217\n연노랑 M\nhttps://bit.ly/3ovUzcM",
        "thumbnail": "https://i.ytimg.com/vi/TTQhO67GjsQ/mqdefault.jpg",
        "youtubeVideoId": "TTQhO67GjsQ",
        "uploadedDate": "2020-10-28T10:08:44Z",
        "viewCount": 56308,
        "isCommercial": "True"
    },
    {
        "id": "3846512c-3311-46aa-b150-5c6f7381f250",
        "title": "1만원~5만원대💸 가성비 짱짱한 브랜드 맨투맨 10가지 하울 (키르시, 게스, 타미힐피거, 테일러스튜디오 등)",
        "description": "1만원~5만원대💸 가성비 짱짱한 브랜드 맨투맨 10가지 하울 (키르시, 게스, 타미힐피거, 테일러스튜디오 등)\n\n#맨투맨하울 #가을겨울\n―――――――――――――\n💌 인스타 :  https://www.instagram.com/somz_zi/\n💌 메일 :  ds02_28@naver.com \n――――――――――――――\n스펙 : 156cm 48kg  / 44사이즈 / 허리25\n\n*본 영상은 서울스토어로부터 포인트를 제공받았으며 친구할인코드 사용에 따라 적립금을 제공받을 수 있습니다. \n*본 영상은 브랜드 PPL 영상이 아니며 제품 선택과 리뷰는 100% 개인의 견해로 제작된 영상입니다. \n\n\n친구할인코드란에 \"솜뭉찌\" 입력하면 추가 5%할인! \n서울스토어 링크 : http://bit.ly/2QiIdUy\n솜찌 제품 리뷰 링크 : http://bit.ly/2Qhlh7Z\n\n――――――――――――――\n*컨셉상 반말을 사용하는 점 양해 부탁드립니다..♡\n\n \n💖.1 \n키르시 MIDDLE CHERRY SWEATSHIRT JA(56,000원)\n1사이즈 \nhttps://bit.ly/3iarkaI\n\n\n💖.2\n무아무아 부클 라인 양기모 맨투맨(27,900원)\n그레이 FREE\nhttps://bit.ly/335cD4G\n\n\n💖.3\n테일러스튜디오 20FW 맨투맨 4종(49,900원)\n로만 (아이보리) WOMAN\nR.M (애쉬블루) WOMAN\nhttps://bit.ly/3cA2LmH\n\n\n💖.4\n게스 \n핸드라이팅 ▽ 맨투맨_MK3K9440(52,200원)\nIVY(아이보리) XS\nhttps://bit.ly/2G6q6An\n\n\n💖.5\n타미힐피거\n[한정수량]타미힐피거 남녀공용 가을 맨투맨티셔츠 4종(37,800원)\n블랙S \nhttps://bit.ly/338VY0b\n\n\n💖.6\n어커버\n[1+1] 포인트 사이드벤트 스웨트셔츠(31,900원)\n포인트 사이드벤트 스웨트셔츠_차콜 M\n포인트 사이드벤트 스웨트셔츠_크림 M\nhttps://bit.ly/36cF2aN\n\n\n💖.7\n어반에이지 [1+1] 센서티브 오버 기모 맨투맨(37,740원)\n네이비M 머스타드M\nhttps://bit.ly/2S3ha10",
        "thumbnail": "https://i.ytimg.com/vi/cLvZR0rW518/mqdefault.jpg",
        "youtubeVideoId": "cLvZR0rW518",
        "uploadedDate": "2020-09-28T08:40:12Z",
        "viewCount": 81112,
        "isCommercial": "False"
    },
    {
        "id": "c0665340-5121-4483-bdda-2e6034119f7d",
        "title": "운동복 부자의🏋🏻‍♀️ 데일리 운동복소개, 헬스&필라테스 운동복코디 TIP",
        "description": "운동복 부자의🏋🏻‍♀️ 데일리 운동복소개, 헬스&필라테스 운동복코디 TIP\n\n――――――――――――――\n💌 인스타 :  https://www.instagram.com/somz_zi/\n💌 메일 :  ds02_28@naver.com \n――――――――――――――\n스펙 : 156cm 45kg  / 44사이즈 / 허리24\n\n*본 영상은 서울스토어로부터 포인트를 제공받았으며 \n친구할인코드 사용에 따라 적립금을 제공받을 수 있습니다. \n*본 영상은 브랜드 PPL 영상이 아니며 제품 선택과 리뷰는 100% 개인의 견해로 제작된 영상입니다. \n\n친구할인코드란에 \"솜뭉찌\" 입력하면 추가 5%할인! \n――――――――――――――\n서울스토어 링크 : http://bit.ly/2QiIdUy\n솜찌 제품 리뷰 링크 : http://bit.ly/2Qhlh7Z",
        "thumbnail": "https://i.ytimg.com/vi/fSmfRxXWMXU/mqdefault.jpg",
        "youtubeVideoId": "fSmfRxXWMXU",
        "uploadedDate": "2020-08-28T01:14:07Z",
        "viewCount": 13148,
        "isCommercial": "False"
    },
    {
        "id": "77713eed-6615-4a97-812b-5400ebbbdbcb",
        "title": "누구나 따라입기 쉬운 슬랙스 코디 8가지 룩북, Summer~Fall Lookbook",
        "description": "누구나 따라입기 쉬운 슬랙스 코디 8가지 룩북, Summer~Fall Lookbook\n\n#슬랙스 #코디룩북\n――――――――――――――\n💌 인스타 :  https://www.instagram.com/somz_zi/\n💌 메일 :  ds02_28@naver.com \n――――――――――――――\n스펙 : 156cm 45kg  / 44사이즈 / 허리24\n\n모든 옷들은 솜찌가 운영하는 솜데이 제품입니다\n솜데이 : http://bit.ly/2IZRTk0\n\n\n💖.1 \n상의 - https://bit.ly/3gwoMmR\n하의 - https://bit.ly/3hADtGs\n가방 - https://bit.ly/2C3pxp0\n신발 - https://bit.ly/32puraU\n\n\n💖.2\n상의 - https://bit.ly/2QsMi9w\n하의 - https://bit.ly/3hADtGs\n가방 - https://bit.ly/2Vn4yEn\n신발 - https://bit.ly/2YSx3KS\n\n\n💖.3 \n상의 - https://bit.ly/31LVSJJ\n하의 - https://bit.ly/3hADtGs\n가방 - https://bit.ly/3ifpUw5\n신발 - https://bit.ly/2DETdcv\n\n\n💖.4\n상의 - https://bit.ly/34pzAk8\n하의 - https://bit.ly/3hogSwN\n가방 - 정보없음 \n신발 - https://bit.ly/2DETdcv\n\n\n💖.5\n상의 - https://bit.ly/31nPFF9\n하의 - https://bit.ly/3hADtGs\n가방 - https://bit.ly/39lENK9\n신발 - 아키클래식\n\n\n💖.6\n상의 - https://bit.ly/3gwoMmR\n하의 - https://bit.ly/3hogSwN\n가방 - https://bit.ly/2C3pxp0\n신발 - https://bit.ly/2DETdcv\n\n\n💖.7\n상의 - https://bit.ly/31l1PhQ\n하의 - https://bit.ly/3hogSwN\n가방 - http://bit.ly/2uGBVau\n신발 - https://bit.ly/2DETdcv\n\n\n💖.8\n상의 - https://bit.ly/2CTpxsh\n하의 - https://bit.ly/3hADtGs\n가방 - https://bit.ly/3idE1Cc\n신발 - https://bit.ly/2OwQILu",
        "thumbnail": "https://i.ytimg.com/vi/U_YaeX5e2Os/mqdefault.jpg",
        "youtubeVideoId": "U_YaeX5e2Os",
        "uploadedDate": "2020-08-23T12:00:51Z",
        "viewCount": 8331,
        "isCommercial": "False"
    },
    {
        "id": "38e7144d-da35-43f5-a665-2d32214984fb",
        "title": "🌴편안한 꾸안꾸 룩북🌴휴가갈때 이렇게 입으면 기분이 좋크등여.. Summer Lookbook",
        "description": "🌴편안한 꾸안꾸 룩북🌴휴가갈때 이렇게 입으면 기분이 좋크등여.. Summer Lookbook\n\n―――――――――――\n💌 인스타 :  https://www.instagram.com/somz_zi/\n💌 메일 :  ds02_28@naver.com \n――――――――――――――\n스펙 : 156cm 45kg  / 44사이즈 / 허리24\n\n옷들은 솜데이 제품\n솜데이 : http://bit.ly/2IZRTk0\n\n\n💖.1 \n상하의 - 업뎃예정\n신발 - https://bit.ly/2PJLdtD\n\n\n💖.2\n상의 - https://bit.ly/2DDm69A\n하의 - https://bit.ly/3gQqH6C\n가방 - https://bit.ly/2XB1wgx\n신발 - https://bit.ly/32puraU\n\n\n💖.3\n원피스 - https://bit.ly/2PKCebx\n가방 - 엔딜로즈\n신발 - https://bit.ly/2YSx3KS\n\n\n💖.4 \n상의 - https://bit.ly/31LVSJJ\n하의 - 정보없음\n가방 - https://bit.ly/3idE1Cc\n신발 - https://bit.ly/2PJLdtD\n\n\n💖.5\n원피스 - https://bit.ly/31H6WYF\n가방 - https://bit.ly/3ifpUw5\n신발 - 아키클래식\n\n💖.6\n상의 - https://bit.ly/3iKnean\n하의 - https://bit.ly/3gQqH6C\n가방 - https://bit.ly/33CZjFg\n신발 - https://bit.ly/2DETdcv\n\n💖.7\n상하의 - 업뎃예정\n가방 - https://bit.ly/35Mh7wP\n신발 - https://bit.ly/2YSx3KS",
        "thumbnail": "https://i.ytimg.com/vi/B24MZwztFqo/mqdefault.jpg",
        "youtubeVideoId": "B24MZwztFqo",
        "uploadedDate": "2020-08-12T07:13:05Z",
        "viewCount": 5135,
        "isCommercial": "False"
    },
    {
        "id": "bf5e05a9-87d0-4511-afcf-fe8e76b9b6bb",
        "title": "5만원이하 가성비 짱짱한 데일리 가방 & 지갑 8종 하울 ｜Daily Bag & Wallet",
        "description": "5만원이하 가성비 짱짱한 데일리 가방 & 지갑 8종 하울 ｜Daily Bag & Wallet\n\n#가방하울 #지갑하울\n――――――――――――――\n💌 인스타 :  https://www.instagram.com/somz_zi/\n💌 메일 :  ds02_28@naver.com \n――――――――――――――\n스펙 : 156cm 45kg  / 44사이즈 / 허리24\n\n옷들은 솜데이 제품\n솜데이 : http://bit.ly/2IZRTk0\n――――――――――――――\n*본 콘텐츠는 브랜드 '디랩'의 AD가 포함되어 있습니다\n\n\n💖.1 \n디랩 lily bag 검정(52,000원) \nhttps://bit.ly/33CZjFg\n\n\n💖.2\n디랩 elly bag 아이보리(49,700원)\nhttps://bit.ly/2XB1wgx\n\n\n💖.3\n디랩 may bag 카키(52,000원)\nhttps://bit.ly/2C3pxp0\n\n\n💖.4 \n디랩 mimi bag 아이보리(43,500원)\nhttps://bit.ly/3idE1Cc\n\n\n💖.5 \n디랩 momo bag 버건디(49,700원)\nhttps://bit.ly/3ifpUw5\n\n\n💖.6 \n디랩 엘린 3단 중지갑 핑크(33,000원)\nhttps://bit.ly/3a3m0n9\n\n\n💖.7 \n디랩 탄생화 자수 카드지갑 1월(19,800원)\nhttps://bit.ly/2Xxhpok\n\n\n💖.8 \n디랩 피오 카드 지갑 검정 (22,400원)\nhttps://bit.ly/3a4VVo4",
        "thumbnail": "https://i.ytimg.com/vi/i6coc_74lCw/mqdefault.jpg",
        "youtubeVideoId": "i6coc_74lCw",
        "uploadedDate": "2020-08-06T06:18:57Z",
        "viewCount": 18811,
        "isCommercial": "True"
    },
    {
        "id": "58f4cc62-ebb3-4ec5-9a61-f5cd5f2eef4c",
        "title": "👖브랜드 바지하울👖 1만원대 반바지부터~슬랙스까지 편안한 데일리 팬츠 하울-♡",
        "description": "👖브랜드 바지하울👖 1만원대 반바지부터~슬랙스까지 편안한 데일리 팬츠 하울-♡\n\n#바지하울 #여름바지\n――――――――――――――\n💌 인스타 :  https://www.instagram.com/somz_zi/\n💌 메일 :  ds02_28@naver.com \n――――――――――――――\n스펙 : 156cm 45kg  / 44사이즈 / 허리24\n\n*본 영상은 서울스토어로부터 포인트를 제공받았으며 친구할인코드 사용에 따라 적립금을 제공받을 수 있습니다. \n*본 영상은 브랜드 PPL 영상이 아니며 제품 선택과 리뷰는 100% 개인의 견해로 제작된 영상입니다. \n\n\n친구할인코드란에 \"솜뭉찌\" 입력하면 추가 5%할인! \n\n서울스토어 링크 : http://bit.ly/2QiIdUy\n솜찌 제품 리뷰 링크 : http://bit.ly/2Qhlh7Z\n\n――――――――――――――\n\n💖같이 코디한 제품들은 쇼핑몰 솜데이 \n:  http://bit.ly/2IZRTk0\n\n\n💖.1 \n오프위 아이스쿨링 와이드 냉장고바지(19,900원)\n블랙FREE\nhttps://bit.ly/2EdwRiy\n\n\n💖.2\n밀리언코르 시크릿밴드 롱 루즈 와이드 데님(46,500원)\n다크그레이S 일반원단 \nhttps://bit.ly/3hDY9Nz\n\n\n💖.3 \n오프위 스퀘어로고 데님4부팬츠 + 더블라벨 데님4부팬츠(38,900원) \n스퀘어로고 4부팬츠 연청S / 더블라벨 4부팬츠 진청S \nhttps://bit.ly/2WS5KAf\n\n\n💖.4 \n앤니즈 Linen wide slacks(60,200원)\n아이보리S\nhttps://bit.ly/2WZiQeX\n\n\n💖.5\n이에스엔 [1+1] 슬림 스트레이트 이지 밴딩 9부 슬랙스(29,800원)\n블랙M / 베이지M  \nhttps://bit.ly/3eZNDhV",
        "thumbnail": "https://i.ytimg.com/vi/HIcVSr958Q0/mqdefault.jpg",
        "youtubeVideoId": "HIcVSr958Q0",
        "uploadedDate": "2020-07-26T12:49:46Z",
        "viewCount": 5000,
        "isCommercial": "True"
    },
    {
        "id": "96a1fb30-911b-4a49-addf-a557469a4a72",
        "title": "💘착한가격 브랜드 가방하울💘 한번 사면 매일 드는 대학생&직장인 가방추천 ｜Daily bag haul",
        "description": "💘착한가격 브랜드 가방하울💘 한번 사면 매일 드는 대학생&직장인 가방추천 ｜Daily bag haul\n\n――――――――――――――\n💌 인스타 :  https://www.instagram.com/somz_zi/\n💌 메일 :  ds02_28@naver.com \n――――――――――――――\n스펙 : 156cm 48kg  / 44.5사이즈 / 허리25\n\n*본 영상은 오프레더의 간접광고가 포함되어 있습니다.\n\n\n💖같이 코디한 제품들은 쇼핑몰 솜데이 \n:  http://bit.ly/2IZRTk0\n\n\n💖.1 \nOFF LEATHER FLIPPER(68,000원) BLACK \nhttps://bit.ly/39lENK9\n\nOFF LEATHER FLIPPER(68,000원) IVORY\nhttps://bit.ly/30BX8id\n\n\n💖.2\n스컬프터 Logo Denim Bucket Bag(39,200원) 진청\nhttps://bit.ly/2V62WP0\n\n\n💖.3\n브라비시모 메텔 BURGUNDY(65,450원)\nhttp://bit.ly/39VJjhq\n\n\n💖.4\n에크루 하프문백 아이보리(67,760원)\nhttps://bit.ly/33CRQ73\n\n\n💖.5\n버밀란 KIND BAG BLACK(62,500원)\nhttp://bit.ly/2NntBDA",
        "thumbnail": "https://i.ytimg.com/vi/uI7N5sZDuaY/mqdefault.jpg",
        "youtubeVideoId": "uI7N5sZDuaY",
        "uploadedDate": "2020-07-23T03:20:37Z",
        "viewCount": 8287,
        "isCommercial": "True"
    },
    {
        "id": "6dbfe5c9-e3f6-4f77-8890-c5faf6b0384b",
        "title": "기본템으로 누구나 입기 좋은 🌊시원~한 여름 룩북 모음.zip🌊",
        "description": "기본템으로 누구나 입기 좋은 🌊시원~한 여름 룩북 모음.zip🌊\n\n#여름룩북 #여름코디\n――――――――――――――\n💌 인스타 :  https://www.instagram.com/somz_zi/\n💌 메일 :  ds02_28@naver.com \n――――――――――――――\n스펙 : 156cm 48kg  / 44사이즈 / 허리25\n\n💖같이 코디한 제품들은 쇼핑몰 솜데이 \n:  http://bit.ly/2IZRTk0\n\n\n💖.1\n상의 : https://bit.ly/2ZyFMU4\n하의 : https://bit.ly/39BYTyb\n가방 : 품절\n신발 : https://bit.ly/32puraU\n\n\n💖.2\n상의 : https://bit.ly/3eAKkh4\n하의 : 업뎃예정\n가방 : 정보없음\n신발 : https://bit.ly/32puraU\n\n\n💖.3\n상의 : https://bit.ly/3jce8Uu\n하의 : https://bit.ly/3h5OoaA\n가방 : 정보없음 \n신발 : https://bit.ly/2YSx3KS\n\n\n💖.4\n상의 : https://bit.ly/3eAKkh4\n하의 : https://bit.ly/2OscYq3\n가방 : 앤딜로즈 파우치\n신발 : https://bit.ly/32puraU\n\n\n💖.5\n상의 : https://bit.ly/2YltUnF\n하의 : https://bit.ly/3gZ05jk\n가방 : https://bit.ly/2wdTUX2\n신발 : https://bit.ly/2DETdcv\n\n\n💖.6\n상의 : https://bit.ly/2Ch0T4u\n하의 : https://bit.ly/32pQHkW\n가방 : https://bit.ly/33CRQ73\n신발 : https://bit.ly/32puraU\n\n\n💖.7\n상의 : https://bit.ly/3fAy41k\n하의 : https://bit.ly/3j8iOe5\n가방 : https://bit.ly/2yIGuDh\n신발 : https://bit.ly/2OwQILu",
        "thumbnail": "https://i.ytimg.com/vi/EJ6tDzrdsps/mqdefault.jpg",
        "youtubeVideoId": "EJ6tDzrdsps",
        "uploadedDate": "2020-07-15T06:21:33Z",
        "viewCount": 7875,
        "isCommercial": "False"
    },
    {
        "id": "0564bbc8-0abd-49c2-b674-b057cf394020",
        "title": "기본템으로 누구나 입기 좋은 🌊시원~한 여름 룩북 모음.zip🌊",
        "description": "기본템으로 누구나 입기 좋은 🌊시원~한 여름 룩북 모음.zip🌊\n\n#여름룩북 #여름코디\n――――――――――――――\n💌 인스타 :  https://www.instagram.com/somz_zi/\n💌 메일 :  ds02_28@naver.com \n――――――――――――――\n스펙 : 156cm 48kg  / 44사이즈 / 허리25\n\n💖같이 코디한 제품들은 쇼핑몰 솜데이 \n:  http://bit.ly/2IZRTk0\n\n\n💖.1\n상의 : https://bit.ly/2ZyFMU4\n하의 : https://bit.ly/39BYTyb\n가방 : 품절\n신발 : https://bit.ly/32puraU\n\n\n💖.2\n상의 : https://bit.ly/3eAKkh4\n하의 : 업뎃예정\n가방 : 정보없음\n신발 : https://bit.ly/32puraU\n\n\n💖.3\n상의 : https://bit.ly/3jce8Uu\n하의 : https://bit.ly/3h5OoaA\n가방 : 정보없음 \n신발 : https://bit.ly/2YSx3KS\n\n\n💖.4\n상의 : https://bit.ly/3eAKkh4\n하의 : https://bit.ly/2OscYq3\n가방 : 앤딜로즈 파우치\n신발 : https://bit.ly/32puraU\n\n\n💖.5\n상의 : https://bit.ly/2YltUnF\n하의 : https://bit.ly/3gZ05jk\n가방 : https://bit.ly/2wdTUX2\n신발 : https://bit.ly/2DETdcv\n\n\n💖.6\n상의 : https://bit.ly/2Ch0T4u\n하의 : https://bit.ly/32pQHkW\n가방 : https://bit.ly/33CRQ73\n신발 : https://bit.ly/32puraU\n\n\n💖.7\n상의 : https://bit.ly/3fAy41k\n하의 : https://bit.ly/3j8iOe5\n가방 : https://bit.ly/2yIGuDh\n신발 : https://bit.ly/2OwQILu",
        "thumbnail": "https://i.ytimg.com/vi/EJ6tDzrdsps/mqdefault.jpg",
        "youtubeVideoId": "EJ6tDzrdsps",
        "uploadedDate": "2020-07-15T06:21:48Z",
        "viewCount": 7875,
        "isCommercial": "False"
    },
    {
        "id": "8b5a5eae-bd32-407d-8d91-bd972263ad24",
        "title": "👠𝐒𝐡𝐨𝐞𝐬 𝐇𝐚𝐮𝐥👠1~3만원대 착한가격! 편한데 예쁜 여름 신발 하울❤️(샌들&슬리퍼&뮬)",
        "description": "🩰𝐒𝐡𝐨𝐞𝐬 𝐇𝐚𝐮𝐥🩰1~3만원대 착한가격! 편한데 예쁜 여름 신발 하울❤️(샌들&슬리퍼&뮬)\n\n\n#여름신발 #신발하울\n――――――――――――――\n💌 인스타 :  https://www.instagram.com/somz_zi/\n💌 메일 :  ds02_28@naver.com \n――――――――――――――\n스펙 : 156cm 48kg  / 44사이즈 / 허리25\n\n옷들은 솜데이 제품\n솜데이 : http://bit.ly/2IZRTk0\n\n――――――――――――――\n*본 콘텐츠는 브랜드 '사뿐'의 AD가 포함되어 있습니다\n\n오늘은 착한가격에 전체적으로 착화감이 편한 \n브랜드 '사뿐'과 함께 콘텐츠를 제작해봤어!!!🩰\n\n\n💖.1 \n플로디 천연가죽 슬리퍼 (1cm)\n베이지 스트랩 230mm(32,900원)\nhttp://bitly.kr/aNZ6zf0Ce4\n\n\n💖.2\n메그넘 크로스스트랩 뮬 슬리퍼 (6cm)\n블랙 파이톤 / 브라운 인조가죽 225mm\nhttp://bitly.kr/Qo7IrA0nFC\n\n\n💖.3\n플렌디 스트랩 샌들 (1cm)\n블랙 220mm\nhttp://bitly.kr/KBZHVdZq4w\n\n\n💖.4\n슈플린 메리제인 샌들힐 (5cm / 8cm) \n화이트 8cm 220mm\nhttp://bitly.kr/R6RjgYwz3s\n\n\n💖.5\n리피트 투스트랩 뮬 슬리퍼 (2cm / 4cm) \n레드 4cm 220mm\nhttp://bitly.kr/t8N8JZdJGG",
        "thumbnail": "https://i.ytimg.com/vi/S9r83GL6RwU/mqdefault.jpg",
        "youtubeVideoId": "S9r83GL6RwU",
        "uploadedDate": "2020-07-02T05:28:48Z",
        "viewCount": 22333,
        "isCommercial": "True"
    },
    {
        "id": "c8c6504b-4d71-4006-a4a2-341d2d4f4ea6",
        "title": "🔥가성비갑 ~1만원대!!! 브랜드 반팔 하울🔥 여름 반팔티셔츠 고민 end...^^",
        "description": "🔥가성비갑 ~1만원대!!! 브랜드 반팔 하울🔥 여름 반팔티셔츠 고민 end...^^\n\n#브랜드반팔티 #기본반팔티\n――――――――――――――\n💌 인스타 :  https://www.instagram.com/somz_zi/\n💌 메일 :  ds02_28@naver.com \n――――――――――――――\n스펙 : 156cm 48kg  / 44.5사이즈 / 허리25\n\n본 영상은 서울스토어와 함께합니다!\n친구할인코드란에 \"솜뭉찌\" 입력하면 추가 5%할인! \n\n서울스토어 링크 : http://bit.ly/2QiIdUy\n솜찌 제품 리뷰 링크 : http://bit.ly/2Qhlh7Z\n\n――――――――――――――\n💖같이 코디한 제품들은 쇼핑몰 솜데이 \n:  http://bit.ly/2IZRTk0\n\n\n💖.1\n무아무아 1+1 시그니처 BEST(19,800원)\n와펜 스퀘어 티셔츠_스카이블루FREE\n로워 프린팅 라인 반팔티_화이트FREE\nhttps://bit.ly/2CAPcVY\n\n\n💖.2 \n어커버 베이직 포켓 티셔츠(10,900원)\n네이비 m\nhttps://bit.ly/384jc8E\n\n\n💖.3\n어반에이지 센서티브 에센셜 오버 반팔(15,800원)\n네온 m\nhttps://bit.ly/2B3rJwx\n\n\n💖.4 \n어커버 스트레인저 티셔츠(11,900원)\n화이트 m \nhttps://bit.ly/2BJjkyg\n\n\n💖.5\n언라이크 메종 로고 티셔츠(18,900원)\n옐로우\nhttps://bit.ly/3dDeNue\n \n\n💖.6\n프랑켄모노 오리지널 모노 반팔 티셔츠(15,900원)\n레드 m \nhttps://bit.ly/31f2AcR",
        "thumbnail": "https://i.ytimg.com/vi/8VRlVVZ8FgQ/mqdefault.jpg",
        "youtubeVideoId": "8VRlVVZ8FgQ",
        "uploadedDate": "2020-06-28T14:34:13Z",
        "viewCount": 7833,
        "isCommercial": "True"
    },
    {
        "id": "060893b3-d881-4386-a340-e48d49097243",
        "title": "편한 옷이 최고지💕여름 필수템으로 꾸민 룩북 7가지 모음.zip [lookbook & haul]",
        "description": "편한 옷이 최고지💕여름 필수템으로 꾸민 룩북 7가지 모음.zip [lookbook & haul]\n\n#여름룩북 #꾸안꾸\n――――――――――――――\n💌 인스타 :  https://www.instagram.com/somz_zi/\n💌 메일 :  ds02_28@naver.com \n――――――――――――――\n스펙 : 156cm 48kg  / 44사이즈 / 허리25\n\n룩북 옷들은 솜데이 제품\n솜데이 : http://bit.ly/2IZRTk0\n\n――――――――――――――\n💖.1 \n상의 : https://bit.ly/2Z3m6X8\n하의 : https://bit.ly/2V45PzG\n가방 :정보없음 \n신발 : https://bit.ly/3ezIfm4\n\n\n💖.2\n원피스 : https://bit.ly/2YoDBSt\n가방 : 정보없음 \n신발 : 반스\n\n\n💖.3\n상의 : https://bit.ly/2ANqaCJ\n하의 : https://bit.ly/2ZbwXyj\n가방 : https://bit.ly/2V62WP0\n신발 : https://bit.ly/2NfxnxY\n\n\n💖.4 \n원피스 : https://bit.ly/3hJVxPb\n가방 :https://bit.ly/2Vn4yEn\n신발 : https://bit.ly/2NfxnxY\n\n\n💖.5 \n상의 : https://bit.ly/3eAG5TD\n하의 : https://bit.ly/3eoJZyz\n가방 : 정보 없음 \n신발 : https://bit.ly/3ezIfm4\n\n\n💖.6\n상의 : https://bit.ly/2YltUnF\n하의 : 업뎃예정\n가방 : 정보없음\n신발 : https://bit.ly/2YSx3KS\n\n💖.7\n상의 : https://bit.ly/2ZkQah0\n하의 : https://bit.ly/2ZbwXyj\n가방 : https://bit.ly/35Mh7wP\n신발 : https://bit.ly/2YSx3KS",
        "thumbnail": "https://i.ytimg.com/vi/z5niHdE0HCc/mqdefault.jpg",
        "youtubeVideoId": "z5niHdE0HCc",
        "uploadedDate": "2020-06-22T09:20:31Z",
        "viewCount": 8385,
        "isCommercial": "False"
    },
    {
        "id": "31def0b6-3e21-427c-ac27-548b85aeed34",
        "title": "편한 옷이 최고지💕여름 필수템으로 꾸민 룩북 7가지 모음.zip [lookbook & haul]",
        "description": "편한 옷이 최고지💕여름 필수템으로 꾸민 룩북 7가지 모음.zip [lookbook & haul]\n\n#여름룩북 #꾸안꾸\n――――――――――――――\n💌 인스타 :  https://www.instagram.com/somz_zi/\n💌 메일 :  ds02_28@naver.com \n――――――――――――――\n스펙 : 156cm 48kg  / 44사이즈 / 허리25\n\n룩북 옷들은 솜데이 제품\n솜데이 : http://bit.ly/2IZRTk0\n\n――――――――――――――\n💖.1 \n상의 : https://bit.ly/2Z3m6X8\n하의 : https://bit.ly/2V45PzG\n가방 :정보없음 \n신발 : https://bit.ly/3ezIfm4\n\n\n💖.2\n원피스 : https://bit.ly/2YoDBSt\n가방 : 정보없음 \n신발 : 반스\n\n\n💖.3\n상의 : https://bit.ly/2ANqaCJ\n하의 : https://bit.ly/2ZbwXyj\n가방 : https://bit.ly/2V62WP0\n신발 : https://bit.ly/2NfxnxY\n\n\n💖.4 \n원피스 : https://bit.ly/3hJVxPb\n가방 :https://bit.ly/2Vn4yEn\n신발 : https://bit.ly/2NfxnxY\n\n\n💖.5 \n상의 : https://bit.ly/3eAG5TD\n하의 : https://bit.ly/3eoJZyz\n가방 : 정보 없음 \n신발 : https://bit.ly/3ezIfm4\n\n\n💖.6\n상의 : https://bit.ly/2YltUnF\n하의 : 업뎃예정\n가방 : 정보없음\n신발 : https://bit.ly/2YSx3KS\n\n💖.7\n상의 : https://bit.ly/2ZkQah0\n하의 : https://bit.ly/2ZbwXyj\n가방 : https://bit.ly/35Mh7wP\n신발 : https://bit.ly/2YSx3KS",
        "thumbnail": "https://i.ytimg.com/vi/z5niHdE0HCc/mqdefault.jpg",
        "youtubeVideoId": "z5niHdE0HCc",
        "uploadedDate": "2020-06-22T09:21:00Z",
        "viewCount": 8385,
        "isCommercial": "False"
    },
    {
        "id": "f44fed21-6717-4da3-9e52-a79293edcf16",
        "title": "편한 옷이 최고지💕여름 필수템으로 꾸민 룩북 7가지 모음.zip [lookbook & haul]",
        "description": "편한 옷이 최고지💕여름 필수템으로 꾸민 룩북 7가지 모음.zip [lookbook & haul]\n\n#여름룩북 #꾸안꾸\n――――――――――――――\n💌 인스타 :  https://www.instagram.com/somz_zi/\n💌 메일 :  ds02_28@naver.com \n――――――――――――――\n스펙 : 156cm 48kg  / 44사이즈 / 허리25\n\n룩북 옷들은 솜데이 제품\n솜데이 : http://bit.ly/2IZRTk0\n\n――――――――――――――\n💖.1 \n상의 : https://bit.ly/2Z3m6X8\n하의 : https://bit.ly/2V45PzG\n가방 :정보없음 \n신발 : https://bit.ly/3ezIfm4\n\n\n💖.2\n원피스 : https://bit.ly/2YoDBSt\n가방 : 정보없음 \n신발 : 반스\n\n\n💖.3\n상의 : https://bit.ly/2ANqaCJ\n하의 : https://bit.ly/2ZbwXyj\n가방 : https://bit.ly/2V62WP0\n신발 : https://bit.ly/2NfxnxY\n\n\n💖.4 \n원피스 : https://bit.ly/3hJVxPb\n가방 :https://bit.ly/2Vn4yEn\n신발 : https://bit.ly/2NfxnxY\n\n\n💖.5 \n상의 : https://bit.ly/3eAG5TD\n하의 : https://bit.ly/3eoJZyz\n가방 : 정보 없음 \n신발 : https://bit.ly/3ezIfm4\n\n\n💖.6\n상의 : https://bit.ly/2YltUnF\n하의 : 업뎃예정\n가방 : 정보없음\n신발 : https://bit.ly/2YSx3KS\n\n💖.7\n상의 : https://bit.ly/2ZkQah0\n하의 : https://bit.ly/2ZbwXyj\n가방 : https://bit.ly/35Mh7wP\n신발 : https://bit.ly/2YSx3KS",
        "thumbnail": "https://i.ytimg.com/vi/z5niHdE0HCc/mqdefault.jpg",
        "youtubeVideoId": "z5niHdE0HCc",
        "uploadedDate": "2020-06-22T09:21:13Z",
        "viewCount": 8385,
        "isCommercial": "False"
    },
    {
        "id": "0d110382-d7a8-4855-b430-62501bedb62e",
        "title": "편한 옷이 최고지💕여름 필수템으로 꾸민 룩북 7가지 모음.zip [lookbook & haul]",
        "description": "편한 옷이 최고지💕여름 필수템으로 꾸민 룩북 7가지 모음.zip [lookbook & haul]\n\n#여름룩북 #꾸안꾸\n――――――――――――――\n💌 인스타 :  https://www.instagram.com/somz_zi/\n💌 메일 :  ds02_28@naver.com \n――――――――――――――\n스펙 : 156cm 48kg  / 44사이즈 / 허리25\n\n룩북 옷들은 솜데이 제품\n솜데이 : http://bit.ly/2IZRTk0\n\n――――――――――――――\n💖.1 \n상의 : https://bit.ly/2Z3m6X8\n하의 : https://bit.ly/2V45PzG\n가방 :정보없음 \n신발 : https://bit.ly/3ezIfm4\n\n\n💖.2\n원피스 : https://bit.ly/2YoDBSt\n가방 : 정보없음 \n신발 : 반스\n\n\n💖.3\n상의 : https://bit.ly/2ANqaCJ\n하의 : https://bit.ly/2ZbwXyj\n가방 : https://bit.ly/2V62WP0\n신발 : https://bit.ly/2NfxnxY\n\n\n💖.4 \n원피스 : https://bit.ly/3hJVxPb\n가방 :https://bit.ly/2Vn4yEn\n신발 : https://bit.ly/2NfxnxY\n\n\n💖.5 \n상의 : https://bit.ly/3eAG5TD\n하의 : https://bit.ly/3eoJZyz\n가방 : 정보 없음 \n신발 : https://bit.ly/3ezIfm4\n\n\n💖.6\n상의 : https://bit.ly/2YltUnF\n하의 : 업뎃예정\n가방 : 정보없음\n신발 : https://bit.ly/2YSx3KS\n\n💖.7\n상의 : https://bit.ly/2ZkQah0\n하의 : https://bit.ly/2ZbwXyj\n가방 : https://bit.ly/35Mh7wP\n신발 : https://bit.ly/2YSx3KS",
        "thumbnail": "https://i.ytimg.com/vi/z5niHdE0HCc/mqdefault.jpg",
        "youtubeVideoId": "z5niHdE0HCc",
        "uploadedDate": "2020-06-22T09:21:18Z",
        "viewCount": 8385,
        "isCommercial": "False"
    },
    {
        "id": "ddf09d64-63b9-43d5-b200-5e32b76e7618",
        "title": "🔥3만원이하🔥 브랜드 가방 퀄리티는? 직장인&대학생 저렴이 데일리 가방 하울",
        "description": "🔥3만원이하🔥 브랜드 가방 퀄리티는? 직장인&대학생 저렴이 데일리 가방 하울\n\n#가성비갑 #가방하울\n――――――――――――――\n💌 인스타 :  https://www.instagram.com/somz_zi/\n💌 메일 :  ds02_28@naver.com \n――――――――――――――\n스펙 : 156cm 48kg  / 44.5사이즈 / 허리25\n\n🍑코디된 옷들은 솜데이🍑\n http://bit.ly/2IZRTk0\n\n초록 원피스만 주드맥콜 제품! \n\n――――――――――――――\n*본 영상은 브랜드 \"밸럽\"과 함께합니다 \nhttps://www.valluv.com/\n\n이번 영상은 대학생~직장인들이 데일리하게 들기 좋은 가방 브랜드 밸럽과 함께했어! \n특히 가격대가 정말 저렴한데, 직접 생산~유통 모든 과정을 직접 해서 가격의 거품을 없앴다고 하더라고..!!! \n미니멀한 디자인의 4종류 가방을 소개할건데 오늘도 즐감 ♥\n\n\n 💖.1\n누벨 미니 크로스백 바이올렛 핑크, 블랙(34,900원)\nhttps://bit.ly/2XJL6TT\n\n\n💖.2\n샤르 미니크로스백 아이보리(32,900원)\nhttps://bit.ly/2MBGRmP\n\n\n💖.3\n라피네 타프 베이지(29,900원)\nhttps://bit.ly/2Y6Tuvq\n\n\n💖.4\n랑데 미니크로스백 블랙(34,900원)\nhttps://bit.ly/3h1EhEt\n\n\n레터링 스트랩(9,900원) \nhttps://bit.ly/3eZDxhv",
        "thumbnail": "https://i.ytimg.com/vi/jBaumpuo1aE/mqdefault.jpg",
        "youtubeVideoId": "jBaumpuo1aE",
        "uploadedDate": "2020-06-05T07:25:06Z",
        "viewCount": 10639,
        "isCommercial": "True"
    },
    {
        "id": "26a8ee7b-7c31-4e95-bf64-ee0af293f0ef",
        "title": "망한(?) 여름 브랜드 원피스 하울^^",
        "description": "망한(?) 여름 브랜드 원피스 하울^^\n\n#원피스하울 #원피스리뷰 \n――――――――――――――\n💌 인스타 :  https://www.instagram.com/somz_zi/\n💌 메일 :  ds02_28@naver.com \n――――――――――――――\n스펙 : 156cm 48kg  / 44.5사이즈 / 허리25\n\n본 영상은 서울스토어와 함께합니다!\n친구할인코드란에 \"솜뭉찌\" 입력하면 추가 5%할인! \n\n서울스토어 링크 : http://bit.ly/2QiIdUy\n솜찌 제품 리뷰 링크 : http://bit.ly/2Qhlh7Z\n\n――――――――――――――\n💖.1\n서울스토어 - 스컬프터 \nCheck Lace Off-Shoulder Dress [BLACK] 71,100원\nhttps://bit.ly/3eDgEjQ\n\n\n💖.2\n서울스토어 - 에이린\n비우 라운드 버튼 롱원피스_LIGHT BEIGE 56,000원 \nhttps://bit.ly/2zGJj8S\n\n\n💖.3\n서울스토어 - 주드맥콜\nDaisy Shirring Mini Dress (2color) green 82,500원 \nhttps://bit.ly/3dnjGbs\n\n\n💖.4\n서울스토어 - 네스티팬시클럽\nFANCY LINE BELT ONE-PIECE(BLACK) 42,000원\nhttps://bit.ly/2ZYOFXB\n\n\n💖.5 \n서울스토어 - 베테제 \nTape Zip Line Onepiece (white) 35,000원\nhttps://bit.ly/2XKQ2qk\n\n\n💖.6\n서울스토어 - 스파오\n앨리스 랩원피스_SPMAA12G03 navy 85s 19,900원\nhttps://bit.ly/3dmbU1L",
        "thumbnail": "https://i.ytimg.com/vi/PooEwUv67m4/mqdefault.jpg",
        "youtubeVideoId": "PooEwUv67m4",
        "uploadedDate": "2020-05-31T13:23:16Z",
        "viewCount": 7882,
        "isCommercial": "True"
    },
    {
        "id": "ce8f353f-1af9-41ed-84b7-a3a0f9024e7b",
        "title": "🍑유명한 브랜드 기본티 전부 데려옴🍑 티셔츠 11개 솔직하울&리뷰(키르시, OIOI, 칼하트, 게스, 수지티)",
        "description": "🍑유명한 브랜드 기본티 전부 데려옴🍑 티셔츠 11개 솔직하울&리뷰(키르시, OIOI, 칼하트, 게스, 수지티)\n\n――――――――――――――\n💌 인스타 :  https://www.instagram.com/somz_zi/\n💌 메일 :  ds02_28@naver.com \n――――――――――――――\n스펙 : 156cm 48kg  / 44사이즈 / 허리25\n\n\n본 영상은 서울스토어와 함께합니다!\n친구할인코드란에 \"솜뭉찌\" 입력하면 추가 5%할인! \n\n서울스토어 링크 : http://bit.ly/2QiIdUy\n솜찌 제품 리뷰 링크 : http://bit.ly/2Qhlh7Z\n\n――――――――――――――\n🌼. 1\n서울스토어 - KIRSH WAFFLE STRIPE T-SHIRTS JS [BLACK]\nhttps://bit.ly/2Xlthcc\n\n\n🌼. 2\n서울스토어 - 오프위 신상 반팔티 4종\n그라데이션 반팔티 블랙 / 라이트 반팔티 코랄핑크 \nhttps://bit.ly/2yubCGO\n\n\n🌼. 3\n서울스토어 - 플루크 마운틴 실루엣 반팔티셔츠 FST151\n화이트 M / 카키 M\nhttps://bit.ly/2WXdDog\n\n\n🌼. 4\n서울스토어 - 5252 2020 SIGNATURE T-SHIRTS white\nS\nhttps://bit.ly/2WYQqSR\n\n🌼. 5\n서울스토어 - 게스 유니 중삼각 심플 세미오버 반팔티\nhttps://bit.ly/2WWZEyY\n\n\n🌼. 6\n서울스토어 - 셉템버29 SHORT SLEEVE BASIC TEE\n올리브 / 그레이\nhttps://bit.ly/36ssUAB\n\n\n🌼. 7\n서울스토어 - 칼하트 포켓반팔티 K87 남녀공용\n다크브라운S / 헌터그린S \nhttps://bit.ly/3cZFk5H",
        "thumbnail": "https://i.ytimg.com/vi/_vPYIf-Dn1Q/mqdefault.jpg",
        "youtubeVideoId": "_vPYIf-Dn1Q",
        "uploadedDate": "2020-05-25T03:52:16Z",
        "viewCount": 32137,
        "isCommercial": "True"
    },
    {
        "id": "dfe9a390-c687-430b-84a9-6de457c1504c",
        "title": "🍑유명한 브랜드 기본티 전부 데려옴🍑 티셔츠 11개 솔직하울&리뷰(키르시, OIOI, 칼하트, 게스, 수지티)",
        "description": "🍑유명한 브랜드 기본티 전부 데려옴🍑 티셔츠 11개 솔직하울&리뷰(키르시, OIOI, 칼하트, 게스, 수지티)\n\n――――――――――――――\n💌 인스타 :  https://www.instagram.com/somz_zi/\n💌 메일 :  ds02_28@naver.com \n――――――――――――――\n스펙 : 156cm 48kg  / 44사이즈 / 허리25\n\n\n본 영상은 서울스토어와 함께합니다!\n친구할인코드란에 \"솜뭉찌\" 입력하면 추가 5%할인! \n\n서울스토어 링크 : http://bit.ly/2QiIdUy\n솜찌 제품 리뷰 링크 : http://bit.ly/2Qhlh7Z\n\n――――――――――――――\n🌼. 1\n서울스토어 - KIRSH WAFFLE STRIPE T-SHIRTS JS [BLACK]\nhttps://bit.ly/2Xlthcc\n\n\n🌼. 2\n서울스토어 - 오프위 신상 반팔티 4종\n그라데이션 반팔티 블랙 / 라이트 반팔티 코랄핑크 \nhttps://bit.ly/2yubCGO\n\n\n🌼. 3\n서울스토어 - 플루크 마운틴 실루엣 반팔티셔츠 FST151\n화이트 M / 카키 M\nhttps://bit.ly/2WXdDog\n\n\n🌼. 4\n서울스토어 - 5252 2020 SIGNATURE T-SHIRTS white\nS\nhttps://bit.ly/2WYQqSR\n\n🌼. 5\n서울스토어 - 게스 유니 중삼각 심플 세미오버 반팔티\nhttps://bit.ly/2WWZEyY\n\n\n🌼. 6\n서울스토어 - 셉템버29 SHORT SLEEVE BASIC TEE\n올리브 / 그레이\nhttps://bit.ly/36ssUAB\n\n\n🌼. 7\n서울스토어 - 칼하트 포켓반팔티 K87 남녀공용\n다크브라운S / 헌터그린S \nhttps://bit.ly/3cZFk5H",
        "thumbnail": "https://i.ytimg.com/vi/_vPYIf-Dn1Q/mqdefault.jpg",
        "youtubeVideoId": "_vPYIf-Dn1Q",
        "uploadedDate": "2020-05-25T03:51:35Z",
        "viewCount": 32137,
        "isCommercial": "True"
    },
    {
        "id": "7b970a81-edaa-4e73-bc1d-0bc0cc1f4694",
        "title": "🍑유명한 브랜드 기본티 전부 데려옴🍑 티셔츠 11개 솔직하울&리뷰(키르시, OIOI, 칼하트, 게스, 수지티)",
        "description": "🍑유명한 브랜드 기본티 전부 데려옴🍑 티셔츠 11개 솔직하울&리뷰(키르시, OIOI, 칼하트, 게스, 수지티)\n\n――――――――――――――\n💌 인스타 :  https://www.instagram.com/somz_zi/\n💌 메일 :  ds02_28@naver.com \n――――――――――――――\n스펙 : 156cm 48kg  / 44사이즈 / 허리25\n\n\n본 영상은 서울스토어와 함께합니다!\n친구할인코드란에 \"솜뭉찌\" 입력하면 추가 5%할인! \n\n서울스토어 링크 : http://bit.ly/2QiIdUy\n솜찌 제품 리뷰 링크 : http://bit.ly/2Qhlh7Z\n\n――――――――――――――\n🌼. 1\n서울스토어 - KIRSH WAFFLE STRIPE T-SHIRTS JS [BLACK]\nhttps://bit.ly/2Xlthcc\n\n\n🌼. 2\n서울스토어 - 오프위 신상 반팔티 4종\n그라데이션 반팔티 블랙 / 라이트 반팔티 코랄핑크 \nhttps://bit.ly/2yubCGO\n\n\n🌼. 3\n서울스토어 - 플루크 마운틴 실루엣 반팔티셔츠 FST151\n화이트 M / 카키 M\nhttps://bit.ly/2WXdDog\n\n\n🌼. 4\n서울스토어 - 5252 2020 SIGNATURE T-SHIRTS white\nS\nhttps://bit.ly/2WYQqSR\n\n🌼. 5\n서울스토어 - 게스 유니 중삼각 심플 세미오버 반팔티\nhttps://bit.ly/2WWZEyY\n\n\n🌼. 6\n서울스토어 - 셉템버29 SHORT SLEEVE BASIC TEE\n올리브 / 그레이\nhttps://bit.ly/36ssUAB\n\n\n🌼. 7\n서울스토어 - 칼하트 포켓반팔티 K87 남녀공용\n다크브라운S / 헌터그린S \nhttps://bit.ly/3cZFk5H",
        "thumbnail": "https://i.ytimg.com/vi/_vPYIf-Dn1Q/mqdefault.jpg",
        "youtubeVideoId": "_vPYIf-Dn1Q",
        "uploadedDate": "2020-05-25T03:51:52Z",
        "viewCount": 32137,
        "isCommercial": "True"
    },
    {
        "id": "3ad43429-cd9f-4167-b41e-b5e1c071d69b",
        "title": "🍑유명한 브랜드 기본티 전부 데려옴🍑 티셔츠 11개 솔직하울&리뷰(키르시, OIOI, 칼하트, 게스, 수지티)",
        "description": "🍑유명한 브랜드 기본티 전부 데려옴🍑 티셔츠 11개 솔직하울&리뷰(키르시, OIOI, 칼하트, 게스, 수지티)\n\n――――――――――――――\n💌 인스타 :  https://www.instagram.com/somz_zi/\n💌 메일 :  ds02_28@naver.com \n――――――――――――――\n스펙 : 156cm 48kg  / 44사이즈 / 허리25\n\n\n본 영상은 서울스토어와 함께합니다!\n친구할인코드란에 \"솜뭉찌\" 입력하면 추가 5%할인! \n\n서울스토어 링크 : http://bit.ly/2QiIdUy\n솜찌 제품 리뷰 링크 : http://bit.ly/2Qhlh7Z\n\n――――――――――――――\n🌼. 1\n서울스토어 - KIRSH WAFFLE STRIPE T-SHIRTS JS [BLACK]\nhttps://bit.ly/2Xlthcc\n\n\n🌼. 2\n서울스토어 - 오프위 신상 반팔티 4종\n그라데이션 반팔티 블랙 / 라이트 반팔티 코랄핑크 \nhttps://bit.ly/2yubCGO\n\n\n🌼. 3\n서울스토어 - 플루크 마운틴 실루엣 반팔티셔츠 FST151\n화이트 M / 카키 M\nhttps://bit.ly/2WXdDog\n\n\n🌼. 4\n서울스토어 - 5252 2020 SIGNATURE T-SHIRTS white\nS\nhttps://bit.ly/2WYQqSR\n\n🌼. 5\n서울스토어 - 게스 유니 중삼각 심플 세미오버 반팔티\nhttps://bit.ly/2WWZEyY\n\n\n🌼. 6\n서울스토어 - 셉템버29 SHORT SLEEVE BASIC TEE\n올리브 / 그레이\nhttps://bit.ly/36ssUAB\n\n\n🌼. 7\n서울스토어 - 칼하트 포켓반팔티 K87 남녀공용\n다크브라운S / 헌터그린S \nhttps://bit.ly/3cZFk5H",
        "thumbnail": "https://i.ytimg.com/vi/_vPYIf-Dn1Q/mqdefault.jpg",
        "youtubeVideoId": "_vPYIf-Dn1Q",
        "uploadedDate": "2020-05-25T03:52:01Z",
        "viewCount": 32137,
        "isCommercial": "True"
    },
    {
        "id": "cfc4d7d6-b0e4-458b-a828-c82e9fffab3e",
        "title": "기본템으로 편하게 꾸며본 여름 룩북 & 하울 7가지 ｜ fashion lookbook",
        "description": "기본템으로 편하게 꾸며본 여름 룩북 & 하울 7가지\n\n#기본템 #꾸안꾸 #여름룩북\n――――――――――――――\n💌 인스타 :  https://www.instagram.com/somz_zi/\n💌 메일 :  ds02_28@naver.com \n――――――――――――――\n스펙 : 156cm 48kg  / 44사이즈 / 허리25\n\n\n🌼. 1\n아우터 : https://bit.ly/2LM5NYn\n상의 : 업뎃예정\n하의 : https://bit.ly/36k0FUA\n가방 : 품절\n신발 : https://bit.ly/2SgPYww\n\n\n🌼. 2\n아우터 : https://bit.ly/36jeHWK\n상의 : https://bit.ly/3bXPToB\n하의 : https://bit.ly/3bTN082\n가방 : 오프라인 구매\n신발 : 스파오\n\n\n🌼. 3\n원피스 : https://bit.ly/3bW6gC4\n상의 : https://bit.ly/3cLkAhM\n가방 : https://bit.ly/2LLgmef\n신발 : 스파오\n\n\n🌼. 4\n아우터 : https://bit.ly/36jeHWK\n상의 : https://bit.ly/3bXPToB\n하의 : https://bit.ly/344xBQ4\n가방 : https://bit.ly/2zIOqFf\n신발 : 반스\n\n\n🌼. 5\n상의 : https://bit.ly/2ZmsB8Z\n하의 : https://bit.ly/2xYzly6\n하의 : https://bit.ly/36k0FUA\n가방 : https://bit.ly/2zIOqFf\n가방 : https://bit.ly/33CRQ73\n신발 : 뉴발란스 \n신발 : https://bit.ly/2SgPYww\n\n\n🌼. 6\n상의 : https://bit.ly/2ANIbAq\n하의 : https://bit.ly/2z9p2IO\n가방 : https://bit.ly/3aM6pr1\n신발 : 스파오\n\n\n\n🌼. 7\n상의 : https://bit.ly/2Tp8FP4\n하의 : 업뎃예정\n가방 : https://bit.ly/3bYUNCc\n신발 : 스파오",
        "thumbnail": "https://i.ytimg.com/vi/i3Dz6M2dgTI/mqdefault.jpg",
        "youtubeVideoId": "i3Dz6M2dgTI",
        "uploadedDate": "2020-05-21T01:43:02Z",
        "viewCount": 6580,
        "isCommercial": "False"
    },
    {
        "id": "92678ae9-1add-45a8-a648-b0f8f95b6556",
        "title": "기본템으로 편하게 꾸며본 여름 룩북 & 하울 7가지 ｜ fashion lookbook",
        "description": "기본템으로 편하게 꾸며본 여름 룩북 & 하울 7가지\n\n#기본템 #꾸안꾸 #여름룩북\n――――――――――――――\n💌 인스타 :  https://www.instagram.com/somz_zi/\n💌 메일 :  ds02_28@naver.com \n――――――――――――――\n스펙 : 156cm 48kg  / 44사이즈 / 허리25\n\n\n🌼. 1\n아우터 : https://bit.ly/2LM5NYn\n상의 : 업뎃예정\n하의 : https://bit.ly/36k0FUA\n가방 : 품절\n신발 : https://bit.ly/2SgPYww\n\n\n🌼. 2\n아우터 : https://bit.ly/36jeHWK\n상의 : https://bit.ly/3bXPToB\n하의 : https://bit.ly/3bTN082\n가방 : 오프라인 구매\n신발 : 스파오\n\n\n🌼. 3\n원피스 : https://bit.ly/3bW6gC4\n상의 : https://bit.ly/3cLkAhM\n가방 : https://bit.ly/2LLgmef\n신발 : 스파오\n\n\n🌼. 4\n아우터 : https://bit.ly/36jeHWK\n상의 : https://bit.ly/3bXPToB\n하의 : https://bit.ly/344xBQ4\n가방 : https://bit.ly/2zIOqFf\n신발 : 반스\n\n\n🌼. 5\n상의 : https://bit.ly/2ZmsB8Z\n하의 : https://bit.ly/2xYzly6\n하의 : https://bit.ly/36k0FUA\n가방 : https://bit.ly/2zIOqFf\n가방 : https://bit.ly/33CRQ73\n신발 : 뉴발란스 \n신발 : https://bit.ly/2SgPYww\n\n\n🌼. 6\n상의 : https://bit.ly/2ANIbAq\n하의 : https://bit.ly/2z9p2IO\n가방 : https://bit.ly/3aM6pr1\n신발 : 스파오\n\n\n\n🌼. 7\n상의 : https://bit.ly/2Tp8FP4\n하의 : 업뎃예정\n가방 : https://bit.ly/3bYUNCc\n신발 : 스파오",
        "thumbnail": "https://i.ytimg.com/vi/i3Dz6M2dgTI/mqdefault.jpg",
        "youtubeVideoId": "i3Dz6M2dgTI",
        "uploadedDate": "2020-05-21T01:43:20Z",
        "viewCount": 6580,
        "isCommercial": "False"
    },
    {
        "id": "09fabf4a-65ca-423f-a4f3-059f3e6437db",
        "title": "2~6만원대! 정말 잘 메고다니는 💖최애 데일리가방 추천&하울💖｜daily bag haul",
        "description": "#대학생가방 #직장인가방 #데일리가방추천\n――――――――――――――\n💌 인스타 :  https://www.instagram.com/somz_zi/\n💌 메일 :  ds02_28@naver.com \n――――――――――――――\n스펙 : 156cm 48kg  / 44.5사이즈 / 허리25\n\n본 영상은 서울스토어와 함께합니다!\n친구할인코드란에 \"솜뭉찌\" 입력하면 추가 5%할인! \n\n서울스토어 링크 : http://bit.ly/2QiIdUy\n솜찌 제품 리뷰 링크 : http://bit.ly/2Qhlh7Z\n\n――――――――――――――\n*가격은 \"솜뭉찌\" 친구할인코드 적용가입니다!\n\n\n💖.1\n서울스토어 - 에크루 미니 호안백(55,000원대)\nhttps://bit.ly/2zIOqFf\n\n💖.2\n서울스토어 - 에크루 하프문백 아이보리(67,000원대)\nhttps://bit.ly/33CRQ73\n\n💖.3\n서울스토어 - 브라비시모 마조르 Black(46,000원대)\nhttp://bit.ly/2uGBVau\n\n💖.4\n서울스토어 - 돈키 almond bag brown(26,000원대)\n얼마전까지만해도 구매가능해서 촬영했는데 품절됐어ㅠㅠㅠㅠㅠㅠ엉엉  \n\n💖.5\n서울스토어 - 스컬프터 Nylon Handy Bag(32,000원대)\nhttps://bit.ly/35Mh7wP",
        "thumbnail": "https://i.ytimg.com/vi/q3znV_wDTxw/mqdefault.jpg",
        "youtubeVideoId": "q3znV_wDTxw",
        "uploadedDate": "2020-05-09T11:26:23Z",
        "viewCount": 34171,
        "isCommercial": "True"
    },
    {
        "id": "1025d5ec-6e34-42ef-92fb-d28e3ea5c4a3",
        "title": "2~6만원대! 정말 잘 메고다니는 💖최애 데일리가방 추천&하울💖｜daily bag haul",
        "description": "#대학생가방 #직장인가방 #데일리가방추천\n――――――――――――――\n💌 인스타 :  https://www.instagram.com/somz_zi/\n💌 메일 :  ds02_28@naver.com \n――――――――――――――\n스펙 : 156cm 48kg  / 44.5사이즈 / 허리25\n\n본 영상은 서울스토어와 함께합니다!\n친구할인코드란에 \"솜뭉찌\" 입력하면 추가 5%할인! \n\n서울스토어 링크 : http://bit.ly/2QiIdUy\n솜찌 제품 리뷰 링크 : http://bit.ly/2Qhlh7Z\n\n――――――――――――――\n*가격은 \"솜뭉찌\" 친구할인코드 적용가입니다!\n\n\n💖.1\n서울스토어 - 에크루 미니 호안백(55,000원대)\nhttps://bit.ly/2zIOqFf\n\n💖.2\n서울스토어 - 에크루 하프문백 아이보리(67,000원대)\nhttps://bit.ly/33CRQ73\n\n💖.3\n서울스토어 - 브라비시모 마조르 Black(46,000원대)\nhttp://bit.ly/2uGBVau\n\n💖.4\n서울스토어 - 돈키 almond bag brown(26,000원대)\n얼마전까지만해도 구매가능해서 촬영했는데 품절됐어ㅠㅠㅠㅠㅠㅠ엉엉  \n\n💖.5\n서울스토어 - 스컬프터 Nylon Handy Bag(32,000원대)\nhttps://bit.ly/35Mh7wP",
        "thumbnail": "https://i.ytimg.com/vi/q3znV_wDTxw/mqdefault.jpg",
        "youtubeVideoId": "q3znV_wDTxw",
        "uploadedDate": "2020-05-09T11:26:33Z",
        "viewCount": 34171,
        "isCommercial": "True"
    },
    {
        "id": "78d08a9a-5d2f-42d3-86b0-bded1bfe8fc2",
        "title": "5분안에 보는 봄&여름 트랜드 코디룩북 20개 모음.ZIP｜Fashion Lookbook",
        "description": "5분안에 보는 봄&여름 트랜드 코디룩북 20개 모음.ZIP｜Fashion Lookbook\n\n#봄룩북 #여름룩북 #룩북모아보기 \n――――――――――――――\n💌 쇼핑몰솜데이 : http://bit.ly/2IZRTk0\n💌 인스타 :  https://www.instagram.com/somz_zi/\n💌 메일 :  ds02_28@naver.com \n――――――――――――――\n스펙 : 156cm 48kg  / 44사이즈 / 허리25\n\n*입은 옷들은 솜데이 제품 !\n*서울스토어 가방, 신발 구매시 친구할인코드 \"솜뭉찌\" 입력하면 추가 5%할인! \n\n\n🌼. 1\n상의 : https://bit.ly/3agTNrP\n하의 : \n가방 : https://bit.ly/2zIOqFf\n신발 : https://bit.ly/3bOE30H\n\n\n🌼. 2\n상의 : https://bit.ly/3476W52\n하의 : https://bit.ly/2UZDUQB\n가방 : 앤딜로즈 파우치 사은품\n신발 : 사뿐\n\n\n🌼. 3\n상의 : https://bit.ly/2JBvkSV\n하의 : https://bit.ly/3alRX9D\n가방 : https://bit.ly/2xN6qgo\n\n\n🌼. 4\n상의 : https://bit.ly/3enoEpA\n하의 : https://bit.ly/344xBQ4\n가방 : https://bit.ly/3aM6pr1\n신발 : https://bit.ly/2xHvENk\n\n\n🌼. 5\n상의 : https://bit.ly/3bMDnZ9 \n하의 : https://bit.ly/2UZDUQB\n가방 : https://bit.ly/2wdTUX2\n신발 : 스파오\n\n\n🌼. 6\n상의 : https://bit.ly/3acbV62\n하의 : https://bit.ly/3empvH8\n가방 : https://bit.ly/3belFOg\n신발 : 스파오\n\n\n🌼. 7\n상의 : https://bit.ly/3bkLlZt\n원피스 : https://bit.ly/3ab8fCl \n가방 : https://bit.ly/2UFyUkj\n\n\n🌼. 8\n상의 : https://bit.ly/3dP3AIl\n하의 : https://bit.ly/344xBQ4\n가방 : https://bit.ly/2yyO97f\n신발 : 스파오\n\n\n🌼. 9\n상의 : https://bit.ly/3dLnDrj\n하의 : https://bit.ly/39BYTyb\n가방 : http://bit.ly/2JXKx1s\n벨트 : http://bitly.kr/7NEvS0CP\n\n\n🌼. 10\n상의 : https://bit.ly/3bMDnZ9 \n하의 : https://bit.ly/2xYzly6\n가방 : https://bit.ly/3aXp4Be\n신발 : 반스\n\n\n🌼. 11\n상의 : https://bit.ly/3acbV62\n하의 : https://bit.ly/2KcuKLz\n가방 : https://bit.ly/3bYUNCc\n신발 : https://bit.ly/2SgPYww\n\n\n🌼. 12\n아우터 : https://bit.ly/2J8czGo\n상의 : 정보없음\n원피스 : https://bit.ly/2JnEQcl\n가방 : https://bit.ly/2QTpdgR\n\n\n🌼. 13\n상의 : https://bit.ly/3bNLMvW\n하의 : https://bit.ly/2y9LK2p\n가방 : https://bit.ly/3belFOg\n신발 : 정보없음 \n\n\n🌼. 14\n아우터 : 정보없음\n원피스 : https://bit.ly/3bXnLCe\n가방 : https://bit.ly/2yIGuDh\n신발 : 정보없음\n\n\n🌼. 15\n상의 : 정보없음\n하의 : https://bit.ly/39BYTyb\n가방 : https://bit.ly/3aZXCCK\n신발 : 정보없음 \n\n\n🌼. 16\n상의 : https://bit.ly/3agTNrP\n하의 : https://bit.ly/2REJOpM\n가방 : https://bit.ly/3d0FNEm\n신발 : 정보없음 \n\n\n🌼. 17\n상의 : https://bit.ly/3drLNXH\n하의 : https://bit.ly/3dD83xZ\n가방 : https://bit.ly/33NzL6F\n\n\n🌼. 18\n아우터 : https://bit.ly/2J8czGo\n원피스 : https://bit.ly/2WxsLJm\n가방 : http://bit.ly/38MyDRL\n\n\n🌼. 19\n아우터 : https://bit.ly/2J8czGo\n상의 : https://bit.ly/39knN5q\n하의 : https://bit.ly/2y9LK2p\n가방 : https://bit.ly/33CRQ73\n\n\n🌼. 20\n상의 : https://bit.ly/3drLNXH\n하의 : https://bit.ly/3dyqio1\n가방 : http://bit.ly/39VJjhq",
        "thumbnail": "https://i.ytimg.com/vi/a-erBFn3Yag/mqdefault.jpg",
        "youtubeVideoId": "a-erBFn3Yag",
        "uploadedDate": "2020-04-28T10:50:23Z",
        "viewCount": 6790,
        "isCommercial": "True"
    },
    {
        "id": "cbef47dc-7296-43f5-96ac-99d619b36e19",
        "title": "5분안에 보는 봄&여름 트랜드 코디룩북 20개 모음.ZIP｜Fashion Lookbook",
        "description": "5분안에 보는 봄&여름 트랜드 코디룩북 20개 모음.ZIP｜Fashion Lookbook\n\n#봄룩북 #여름룩북 #룩북모아보기 \n――――――――――――――\n💌 쇼핑몰솜데이 : http://bit.ly/2IZRTk0\n💌 인스타 :  https://www.instagram.com/somz_zi/\n💌 메일 :  ds02_28@naver.com \n――――――――――――――\n스펙 : 156cm 48kg  / 44사이즈 / 허리25\n\n*입은 옷들은 솜데이 제품 !\n*서울스토어 가방, 신발 구매시 친구할인코드 \"솜뭉찌\" 입력하면 추가 5%할인! \n\n\n🌼. 1\n상의 : https://bit.ly/3agTNrP\n하의 : \n가방 : https://bit.ly/2zIOqFf\n신발 : https://bit.ly/3bOE30H\n\n\n🌼. 2\n상의 : https://bit.ly/3476W52\n하의 : https://bit.ly/2UZDUQB\n가방 : 앤딜로즈 파우치 사은품\n신발 : 사뿐\n\n\n🌼. 3\n상의 : https://bit.ly/2JBvkSV\n하의 : https://bit.ly/3alRX9D\n가방 : https://bit.ly/2xN6qgo\n\n\n🌼. 4\n상의 : https://bit.ly/3enoEpA\n하의 : https://bit.ly/344xBQ4\n가방 : https://bit.ly/3aM6pr1\n신발 : https://bit.ly/2xHvENk\n\n\n🌼. 5\n상의 : https://bit.ly/3bMDnZ9 \n하의 : https://bit.ly/2UZDUQB\n가방 : https://bit.ly/2wdTUX2\n신발 : 스파오\n\n\n🌼. 6\n상의 : https://bit.ly/3acbV62\n하의 : https://bit.ly/3empvH8\n가방 : https://bit.ly/3belFOg\n신발 : 스파오\n\n\n🌼. 7\n상의 : https://bit.ly/3bkLlZt\n원피스 : https://bit.ly/3ab8fCl \n가방 : https://bit.ly/2UFyUkj\n\n\n🌼. 8\n상의 : https://bit.ly/3dP3AIl\n하의 : https://bit.ly/344xBQ4\n가방 : https://bit.ly/2yyO97f\n신발 : 스파오\n\n\n🌼. 9\n상의 : https://bit.ly/3dLnDrj\n하의 : https://bit.ly/39BYTyb\n가방 : http://bit.ly/2JXKx1s\n벨트 : http://bitly.kr/7NEvS0CP\n\n\n🌼. 10\n상의 : https://bit.ly/3bMDnZ9 \n하의 : https://bit.ly/2xYzly6\n가방 : https://bit.ly/3aXp4Be\n신발 : 반스\n\n\n🌼. 11\n상의 : https://bit.ly/3acbV62\n하의 : https://bit.ly/2KcuKLz\n가방 : https://bit.ly/3bYUNCc\n신발 : https://bit.ly/2SgPYww\n\n\n🌼. 12\n아우터 : https://bit.ly/2J8czGo\n상의 : 정보없음\n원피스 : https://bit.ly/2JnEQcl\n가방 : https://bit.ly/2QTpdgR\n\n\n🌼. 13\n상의 : https://bit.ly/3bNLMvW\n하의 : https://bit.ly/2y9LK2p\n가방 : https://bit.ly/3belFOg\n신발 : 정보없음 \n\n\n🌼. 14\n아우터 : 정보없음\n원피스 : https://bit.ly/3bXnLCe\n가방 : https://bit.ly/2yIGuDh\n신발 : 정보없음\n\n\n🌼. 15\n상의 : 정보없음\n하의 : https://bit.ly/39BYTyb\n가방 : https://bit.ly/3aZXCCK\n신발 : 정보없음 \n\n\n🌼. 16\n상의 : https://bit.ly/3agTNrP\n하의 : https://bit.ly/2REJOpM\n가방 : https://bit.ly/3d0FNEm\n신발 : 정보없음 \n\n\n🌼. 17\n상의 : https://bit.ly/3drLNXH\n하의 : https://bit.ly/3dD83xZ\n가방 : https://bit.ly/33NzL6F\n\n\n🌼. 18\n아우터 : https://bit.ly/2J8czGo\n원피스 : https://bit.ly/2WxsLJm\n가방 : http://bit.ly/38MyDRL\n\n\n🌼. 19\n아우터 : https://bit.ly/2J8czGo\n상의 : https://bit.ly/39knN5q\n하의 : https://bit.ly/2y9LK2p\n가방 : https://bit.ly/33CRQ73\n\n\n🌼. 20\n상의 : https://bit.ly/3drLNXH\n하의 : https://bit.ly/3dyqio1\n가방 : http://bit.ly/39VJjhq",
        "thumbnail": "https://i.ytimg.com/vi/a-erBFn3Yag/mqdefault.jpg",
        "youtubeVideoId": "a-erBFn3Yag",
        "uploadedDate": "2020-04-28T10:50:51Z",
        "viewCount": 6790,
        "isCommercial": "True"
    },
    {
        "id": "9762177e-5baf-4762-bcf7-c4dc30f09b77",
        "title": "🌷룩북 25개 한번에 몰아보기🌷 키작녀 쇼핑몰 모델의 인생샷 건지는 봄코디룩북 25 ｜Spring Lookbook 25",
        "description": "🌷룩북 25개 한번에 몰아보기🌷 키작녀 쇼핑몰 모델의 인생샷 건지는 봄코디룩북 25 ｜Spring Lookbook 25 \n\n#봄룩북 #룩북모아보기 #봄코디\n――――――――――――――\n💌 인스타 :  https://www.instagram.com/somz_zi/\n💌 메일 :  ds02_28@naver.com \n――――――――――――――\n스펙 : 156cm 48kg  / 44사이즈 / 허리25\n\n\n🌼. 1\n상의 : https://bit.ly/3476W52\n하의 : https://bit.ly/2UZDUQB\n가방 : https://bit.ly/3aHv28S \n(친구할인코드 \"솜뭉찌\"입력하면 추가 5%할인)\n\n\n🌼. 2\n상의 : https://bit.ly/2JBvkSV\n하의 : https://bit.ly/344xBQ4\n가방 : https://bit.ly/2xN6qgo \n(친구할인코드 \"솜뭉찌\"입력하면 추가 5%할인)\n신발 : https://bit.ly/2xHvENk\n\n\n🌼. 3\n상의 : https://bit.ly/2VhG8Lw\n하의 : 솜데이 업뎃예정\n가방 : https://bit.ly/2wdTUX2\n(친구할인코드 \"솜뭉찌\"입력하면 추가 5%할인)\n\n\n🌼. 4\n상의 : https://bit.ly/3exMFdU\n하의 : https://bit.ly/2REJOpM\n가방 : https://bit.ly/2xN6qgo \n(친구할인코드 \"솜뭉찌\"입력하면 추가 5%할인)\n신발 :https://bit.ly/2xHvENk\n\n\n🌼. 5\n상의 : https://bit.ly/3ablORo\n하의 : https://bit.ly/3cov8CL\n가방 : https://bit.ly/2xUJOuA \n(친구할인코드 \"솜뭉찌\"입력하면 추가 5%할인)\n신발 :https://bit.ly/2xHvENk\n\n\n🌼. 6\n상의 : https://bit.ly/3476W52\n하의 : https://bit.ly/344xBQ4\n가방 : https://bit.ly/344xDYe\n\n\n🌼. 7\n상의 : https://bit.ly/2VcxaAb \n하의 : https://bit.ly/344xBQ4\n가방 : 사은품(ㅎㅎ)\n신발 : 반스\n\n\n🌼. 8\n상의 : https://bit.ly/3enoEpA\n하의 : https://bit.ly/2KcuKLz\n가방 : https://bit.ly/33CRQ73 (친구할인코드 \"솜뭉찌\"입력하면 추가 5%할인)\n신발 : 스파오\n\n\n🌼. 9\n상의 : https://bit.ly/3bUCYnx\n하의 : https://bit.ly/2xYzly6\n가방 : https://bit.ly/2y7ttTC\n\n\n🌼. 10\n상의 : https://bit.ly/3agTNrP\n하의 : https://bit.ly/34C24VT\n가방 : https://bit.ly/2XBBMBJ (친구할인코드 \"솜뭉찌\"입력하면 추가 5%할인)\n신발 :https://bit.ly/2xHvENk\n\n\n🌼. 11\n상의 : https://bit.ly/2XBD7IL\n하의 : https://bit.ly/39BYTyb\n가방 : https://bit.ly/2KaKij5\n\n\n🌼. 12\n원피스 : https://bit.ly/3dmZxmf\n아우터 : https://bit.ly/2J8czGo\n\n\n🌼. 13\n상의 : https://bit.ly/3bkLlZt\n하의 : https://bit.ly/2JkD9fz\n가방 : https://bit.ly/2WAwsxO\n\n\n🌼. 14\n원피스 : https://bit.ly/2xg2CUV\n가방 : https://bit.ly/3dqp5PN\n\n\n\n🌼. 15\n아우터 : https://bit.ly/2J8czGo\n상의 : 정보 없음\n하의 : https://bit.ly/2vZHIZL\n가방 : 오프라인 구매 \n\n\n🌼. 16\n상의 : https://bit.ly/3dLnDrj\n하의 : 정보없음 \n가방 : https://bit.ly/3c2Wyhm\n\n\n🌼.17\n아우터 : https://bit.ly/2J8czGo\n원피스 : https://bit.ly/2WxsLJm\n가방 : https://bit.ly/33CRQ73\n\n\n🌼. 18\n상의 : https://bit.ly/3dP3AIl\n하의 : https://bit.ly/2XNpZQG\n가방 : 엔딜로즈 \n신발 : 스파오\n\n\n🌼. 19\n상의 : https://bit.ly/3dP3AIl\n하의 : https://bit.ly/2xYzly6\n가방 : https://bit.ly/2xUJOuA\n신발 : 캔버스\n벨트 : http://bitly.kr/HDSJfwr2\n\n\n\n🌼. 20\n상의 : https://bit.ly/3bMDnZ9\n하의 : https://bit.ly/2UZDUQB\n가방 : https://bit.ly/2UZn98o (친구할인코드 \"솜뭉찌\"입력하면 추가 5%할인)\n악세사리 : http://bitly.kr/O1FfDj3j\n신발 : 스파오 \n\n\n🌼. 21\n상의 : https://bit.ly/2UD80tg\n하의 : https://bit.ly/3dD83xZ \n가방 : https://bit.ly/2UFyUkj\n\n\n🌼. 22\n원피스 : https://bit.ly/2RUCbM3\n아우터 : 정보없음 \n가방 : 정보없음 해외구매 \n신발 : 스파오\n\n\n🌼. 23\n상의 : https://bit.ly/2Rn6ivg\n하의 : https://bit.ly/2y9LK2p\n가방 : https://bit.ly/33CRQ73\n신발 : 정보없음\n\n\n🌼. 24\n원피스 : https://bit.ly/3ab8fCl\n\n\n\n🌼. 25\n원피스 : https://bit.ly/3aQoO6J \n가방 : https://bit.ly/39QA8yr",
        "thumbnail": "https://i.ytimg.com/vi/Lspsu70HRSk/mqdefault.jpg",
        "youtubeVideoId": "Lspsu70HRSk",
        "uploadedDate": "2020-04-20T03:37:56Z",
        "viewCount": 8413,
        "isCommercial": "True"
    },
    {
        "id": "7d22ff7a-3915-47eb-8449-785eb45a75ca",
        "title": "퀄리티갑 데일리로 들기좋은 사이즈별 대학생 & 직장인 가방 추천(ft.앤딜로즈) ｜daily bag haul",
        "description": "퀄리티갑 데일리로 들기좋은 사이즈별 대학생 & 직장인 가방 추천(ft.앤딜로즈) ｜daily bag haul\n\n\n#대학생가방 #직장인가방 #디자이너브랜드\n――――――――――――――\n💌 인스타 :  https://www.instagram.com/somz_zi/\n💌 메일 :  ds02_28@naver.com \n――――――――――――――\n스펙 : 156cm 48kg  / 44.5사이즈 / 허리25\n\n본 영상은 서울스토어와 함께합니다!\n친구할인코드란에 \"솜뭉찌\" 입력하면 기본 추가 5%할인!  \n\n서울스토어 링크 : http://bit.ly/2QiIdUy\n솜찌 제품 리뷰 링크 : http://bit.ly/2Qhlh7Z\n\n――――――――――――――\n🌹 영상 속 가방정보\n\n🌼. 1 \n서울스토어 - 앤딜로즈 Bridge bag_Lemon\nhttps://bit.ly/2xN6qgo\n\n\n🌼. 2 \n서울스토어 - 앤딜로즈 N U shoulder bag_3color\nhttps://bit.ly/3belFOg\n\n\n🌼. 3 \n서울스토어 - 앤딜로즈 Mini Wave bag_White\nhttps://bit.ly/2yIGuDh\n서울스토어 - 앤딜로즈 Mini Wave bag_Rose pink\nhttps://bit.ly/39QA8yr\n\n\n🌼. 4 \n서울스토어 -앤딜로즈 Wave bag_Beige \nhttps://bit.ly/3aZXCCK\n서울스토어 -앤딜로즈 Wave bag_Black\nhttps://bit.ly/2KaKij5\n\n\n🌼. 5 \n서울스토어 - 앤딜로즈 Pebble bag_Wine\nhttps://bit.ly/3aHv28S\n\n\n🌼. 6\n서울스토어 - 앤딜로즈 Plus bag_Black\nhttps://bit.ly/2wdTUX2\n\n\n🌼. 7\n서울스토어 - 앤딜로즈 Uni bag_Ivory\nhttps://bit.ly/344xDYe\n\n\n――――――――――――――\n🌹 영상 속 옷 정보 \n\n🌼. 1 \n상의 : https://bit.ly/2JBvkSV\n상의 : https://bit.ly/3exMFdU\n하의 : https://bit.ly/344xBQ4 \n하의 : https://bit.ly/3alRX9D\n하의 : https://bit.ly/2REJOpM\n\n\n🌼. 2\n상의 : https://bit.ly/3acbV62\n하의 : https://bit.ly/3empvH8\n\n\n🌼. 3 \n원피스 : https://bit.ly/3aQoO6J \n원피스 : https://bit.ly/3bXnLCe\n\n\n🌼. 4 \n상의 : https://bit.ly/2XBD7IL\n하의 : https://bit.ly/39BYTyb\n\n\n🌼. 5 \n상의 : https://bit.ly/3476W52\n하의 : https://bit.ly/2UZDUQB\n\n\n🌼. 6 \n상의 : https://bit.ly/2VhG8Lw\n하의 : 솜데이 업뎃예정\n\n🌼. 7 \n상의 : https://bit.ly/3476W52\n하의 : https://bit.ly/344xBQ4",
        "thumbnail": "https://i.ytimg.com/vi/WWrBWMFAHhE/mqdefault.jpg",
        "youtubeVideoId": "WWrBWMFAHhE",
        "uploadedDate": "2020-04-17T00:55:03Z",
        "viewCount": 15085,
        "isCommercial": "True"
    },
    {
        "id": "4ca16717-6eec-46d8-aac2-666f1319fdb7",
        "title": "🍒여름하울&룩북🍒 발빠르게 여름 트렌드로 코디해본 \"꾸안꾸\" 일주일 코디룩｜summer fashion haul lookbook [패션]",
        "description": "🍒여름하울&룩북🍒 발빠르게 여름 트렌드로 코디해본 \"꾸안꾸\" 일주일 코디룩｜summer fashion haul lookbook [패션]\n\n\n#여름하울 #여름룩북 #봄룩북 \n――――――――――――――\n💌 인스타 :  https://www.instagram.com/somz_zi/\n💌 메일 :  ds02_28@naver.com \n💌 쇼핑몰솜데이 : http://bit.ly/2IZRTk0\n――――――――――――――\n스펙 : 156cm 48kg  / 44.5사이즈 / 허리25\n\n\n착장 : https://bit.ly/2XBD7IL\n\n🌼. 1\n상의 : https://bit.ly/3agTNrP\n하의 : https://bit.ly/34C24VT\n가방 : https://bit.ly/2XBBMBJ (친구할인코드 \"솜뭉찌\"입력하면 추가 5%할인)\n신발 :https://bit.ly/2xHvENk\n\n\n\n🌼. 2\n상의 : https://bit.ly/3exMFdU\n하의 : https://bit.ly/2REJOpM\n가방 : https://bit.ly/2xN6qgo (친구할인코드 \"솜뭉찌\"입력하면 추가 5%할인)\n신발 :https://bit.ly/2xHvENk\n\n\n🌼. 3\n상의 : https://bit.ly/3acbV62\n하의 : \n가방 : https://bit.ly/3belFOg (친구할인코드 \"솜뭉찌\"입력하면 추가 5%할인)\n신발 : 스파오\n\n\n🌼. 4\n상의 : https://bit.ly/3ablORo\n하의 : https://bit.ly/3cov8CL\n가방 : https://bit.ly/2xUJOuA (친구할인코드 \"솜뭉찌\"입력하면 추가 5%할인)\n신발 :https://bit.ly/2xHvENk\n\n\n🌼. 5\n상의 : https://bit.ly/3enoEpA\n하의 : https://bit.ly/2KcuKLz\n가방 : https://bit.ly/33CRQ73 (친구할인코드 \"솜뭉찌\"입력하면 추가 5%할인)\n신발 : 스파오\n\n\n🌼. 6\n원피스 : https://bit.ly/2RUCbM3\n아우터 : 정보없음 \n가방 : 정보없음 해외구매 \n신발 : 스파오\n\n\n\n🌼. 7\n상의 : https://bit.ly/2VcxaAb \n하의 : https://bit.ly/344xBQ4\n가방 : 사은품(ㅎㅎ)\n신발 : 반스",
        "thumbnail": "https://i.ytimg.com/vi/SxlbOiEDRuU/mqdefault.jpg",
        "youtubeVideoId": "SxlbOiEDRuU",
        "uploadedDate": "2020-04-14T15:28:10Z",
        "viewCount": 7153,
        "isCommercial": "True"
    },
    {
        "id": "d91ea475-ecbe-4837-96d6-4947e60a067c",
        "title": "🌼𝐁𝐚𝐠 𝐇𝐚𝐮𝐥🌼가방이 큰데 왜이쁘냐구요,,, 수납력 짱짱한 큰가방 솔직 하울 ｜직장인 대학생 데일리백(+코디룩북) [FASHION]",
        "description": "#가방하울 #큰가방하울 \n\n――――――――――――――\n💌 인스타 :  https://www.instagram.com/somz_zi/\n💌 메일 :  ds02_28@naver.com \n――――――――――――――\n스펙 : 156cm 48kg  / 44.5사이즈 / 허리25\n\n본 영상은 서울스토어와 함께합니다!\n친구할인코드란에 \"솜뭉찌\" 입력하면 추가 5%할인! \n\n서울스토어 링크 : http://bit.ly/2QiIdUy\n솜찌 제품 리뷰 링크 : http://bit.ly/2Qhlh7Z\n\n――――――――――――――\n\n[BAG]\n\n🌼. 1 \n서울스토어 - 펀프롬펀 Shirring Hobo Bag_ Check Blue\nhttps://bit.ly/2y7ttTC\n\n🌼. 2\n서울스토어 - 돈키 valley cross bag (babypink)\nhttps://bit.ly/2yyO97f\n\n\n🌼. 3\n서울스토어 - 베테제 RETRO CROSS BAG\nhttps://bit.ly/3aXp4Be\n\n🌼. 4 \n서울스토어 - 베이프릴 플레인 백팩 (베이지)\nhttps://bit.ly/3c2Wyhm\n\n\n🌼. 5\n서울스토어 - 펀프롬펀 Gloss Shoulder Bag_ Black\nhttps://bit.ly/3cc1iS9\n\n\n🌼. 6\n서울스토어 - 앤딜로즈 Wave bag Beige\nhttps://bit.ly/3aZXCCK\n\n\n🌼. 7\n서울스토어 - 쏘차밍 페이즐리 어저스트 숄더백 체리레드\nhttps://bit.ly/2RrsgNA\n\n\n\n\n[CLOTHES]\n🌼착장 : https://bit.ly/2VhG8Lw \n\n\n🌼. 1\n상의 : https://bit.ly/3bUCYnx\n하의 : https://bit.ly/2xYzly6\n\n\n🌼. 2 \n상의 : https://bit.ly/3dP3AIl\n하의 : https://bit.ly/344xBQ4\n\n\n🌼. 3 \n상의 : https://bit.ly/3bMDnZ9\n하의 : https://bit.ly/2xYzly6\n\n\n\n🌼. 4 \n상의 : https://bit.ly/3dLnDrj\n하의 : 정보없음 \n\n\n🌼. 5 \n상의 : https://bit.ly/3dP3AIl\n하의 : https://bit.ly/2xYzly6\n\n\n🌼. 6 \n상의 : 정보없음\n하의 : https://bit.ly/39BYTyb\n\n\n🌼. 7 \n상의 : https://bit.ly/3dP3AIl\n하의 : 정보없음",
        "thumbnail": "https://i.ytimg.com/vi/-czuYkNj-VM/mqdefault.jpg",
        "youtubeVideoId": "-czuYkNj-VM",
        "uploadedDate": "2020-04-10T00:04:46Z",
        "viewCount": 36328,
        "isCommercial": "True"
    },
    {
        "id": "226b01ef-648e-4640-ab94-dde6b6db4043",
        "title": "🌸2020 봄 캠퍼스 패션룩북🌸 한번쯤 뒤돌아볼 취항저격 대학생 캠퍼스 코디 7종 ｜spring lookbook & haul",
        "description": "🌸2020 봄 캠퍼스 패션룩북🌸 한번쯤 뒤돌아볼 취항저격 대학생 캠퍼스 코디 7종 ｜spring lookbook & haul \n\n#캠퍼스룩북 #봄신상 \n――――――――――――――\n💌 인스타 :  https://www.instagram.com/somz_zi/\n💌 메일 :  ds02_28@naver.com \n――――――――――――――\n스펙 : 156cm 48kg  / 44.5사이즈 / 허리25\n*의류는 모두 솜데이 제품입니다\n\n\n🌼. 1\n상의 : https://bit.ly/3bMDnZ9\n하의 : https://bit.ly/2xYzly6\n가방 : https://bit.ly/3aXp4Be\n신발 : 반스 \n벨트 : http://bitly.kr/HDSJfwr2\n\n\n🌼. 2\n원피스 : https://bit.ly/3aQoO6J\n가방 :https://bit.ly/39QA8yr (서울스토어 친구할인코드 \"솜뭉찌\" 입력하면 추가 5% 할인)\n신발 : 정보없음\n\n\n🌼. 3\n상의 : https://bit.ly/3dP3AIl\n하의 : https://bit.ly/2xYzly6\n가방 : https://bit.ly/2xUJOuA\n신발 : 캔버스\n벨트 : http://bitly.kr/HDSJfwr2\n\n\n🌼. 4\n상의 : https://bit.ly/3dP3AIl\n하의 : \n가방 : 엔딜로즈 \n신발 : 스파오\n\n🌼. 5\n상의 : https://bit.ly/2Rn6ivg\n하의 : https://bit.ly/2y9LK2p\n가방 : https://bit.ly/33CRQ73\n신발 : 정보없음\n\n🌼. 6\n상의 : https://bit.ly/2JBvkSV\n하의 :https://bit.ly/3alRX9D\n가방 :https://bit.ly/2xN6qgo\n\n\n🌼. 7\n아우터 : 정보없음 \n원피스 : https://bit.ly/3bXnLCe\n가방 : https://bit.ly/2yIGuDh\n신발 : 정보없음",
        "thumbnail": "https://i.ytimg.com/vi/Wq-98kFZfic/mqdefault.jpg",
        "youtubeVideoId": "Wq-98kFZfic",
        "uploadedDate": "2020-04-07T17:02:36Z",
        "viewCount": 7442,
        "isCommercial": "True"
    },
    {
        "id": "cad35172-7972-44a8-b4ad-e12bdb393744",
        "title": "🌷봄 신상가득 패션하울 & 룩북🌷 기본템 돌려입기로 매치한 직장인 데일리룩 8종 코디 [패션]",
        "description": "🌷봄 신상가득 패션하울 & 룩북🌷 기본템 돌려입기로 매치한 직장인 데일리룩 8종 코디 [패션]\n\n――――――――――――――\n💌 인스타 :  https://www.instagram.com/somz_zi/\n💌 메일 :  ds02_28@naver.com \n――――――――――――――\n스펙 : 156cm 48kg  / 44.5사이즈 / 허리25\n*의류는 모두 솜데이 제품입니다\n\n\n착장 : https://bit.ly/3dP3AIl\n\n🌼. 1\n상의 : https://bit.ly/2JBvkSV\n하의 : https://bit.ly/344xBQ4\n가방 : https://bit.ly/2xN6qgo (친구할인코드 \"솜뭉찌\"입력하면 추가 5%할인)\n신발 : https://bit.ly/2xHvENk\n\n\n🌼. 2\n상의 : https://bit.ly/3476W52\n하의 : https://bit.ly/2UZDUQB\n가방 : https://bit.ly/3aHv28S (친구할인코드 \"솜뭉찌\"입력하면 추가 5%할인)\n\n\n🌼. 3\n상의 : https://bit.ly/3476W52\n하의 : https://bit.ly/2UZDUQB\n아우터 : 프롬비기닝 (링크없음)\n가방 : 앤딜로즈 파우치 (링크없음)\n\n\n🌼. 4\n상의 : https://bit.ly/3dP3AIl\n하의 : https://bit.ly/344xBQ4\n가방 : https://bit.ly/2yyO97f\n신발 : 스파오\n\n\n🌼. 5\n상의 : https://bit.ly/3476W52\n하의 : https://bit.ly/344xBQ4\n가방 :https://bit.ly/344xDYe (친구할인코드 \"솜뭉찌\"입력하면 추가 5%할인)\n\n\n🌼. 6\n상의 : https://bit.ly/3bMDnZ9\n하의 : https://bit.ly/2UZDUQB\n가방 : https://bit.ly/2UZn98o (친구할인코드 \"솜뭉찌\"입력하면 추가 5%할인)\n악세사리 : http://bitly.kr/O1FfDj3j\n신발 : 스파오 \n\n\n🌼. 7\n상의 : https://bit.ly/3dLnDrj\n하의 : https://bit.ly/39BYTyb\n가방 : https://bit.ly/2wdTUX2 (친구할인코드 \"솜뭉찌\"입력하면 추가 5%할인)\n벨트 : http://bitly.kr/7NEvS0CP\n신발 : 스파오\n\n\n🌼. 8\n상의 :https://bit.ly/39knN5q\n원피스 :https://bit.ly/3ab8fCl\n가방 :http://bit.ly/2YbwDyA",
        "thumbnail": "https://i.ytimg.com/vi/H6EtciEdabk/mqdefault.jpg",
        "youtubeVideoId": "H6EtciEdabk",
        "uploadedDate": "2020-04-03T09:51:48Z",
        "viewCount": 16537,
        "isCommercial": "True"
    },
    {
        "id": "a5774fab-c895-4682-8ccc-104fbb7cb7cd",
        "title": "일주일 입고도 남을 \"기본 자켓\" 돌려입기 코디룩북 8가지｜spring fashion lookbook [패션]",
        "description": "일주일 입고도 남을 \"기본 자켓\" 돌려입기 코디룩북 8가지｜spring fashion lookbook [패션]\n\n#자켓 #돌려입기 #코디룩북\n――――――――――――――\n💌 인스타 :  https://www.instagram.com/somz_zi/\n💌 메일 :  ds02_28@naver.com \n――――――――――――――\n스펙 : 156cm 48kg  / 44.5사이즈 / 허리25\n\n착장 : https://bit.ly/3bUCYnx\n\n🌼. 1 \n아우터 : https://bit.ly/2J8czGo\n상의 : 정보 없음\n하의 : https://bit.ly/2vZHIZL\n가방 : 오프라인 구매 \n\n\n🌼. 2\n아우터 : https://bit.ly/2J8czGo\n원피스 : https://bit.ly/2WxsLJm\n가방 : https://bit.ly/33CRQ73\n\n\n🌼. 3 \n아우터 : https://bit.ly/2J8czGo\n상의 : https://bit.ly/2wGMQ5i\n원피스 : https://bit.ly/2JnEQcl\n가방 :https://bit.ly/2QTpdgR\n\n\n🌼. 4 \n아우터 : https://bit.ly/2J8czGo\n상의 : https://bit.ly/39knN5q\n하의 :https://bit.ly/2y9LK2p\n가방 : https://bit.ly/33CRQ73\n\n\n🌼. 5 \n아우터 : https://bit.ly/2J8czGo\n상의 : https://bit.ly/3bkLlZt\n하의 : https://bit.ly/2JkD9fz\n가방 : https://bit.ly/2WAwsxO\n\n\n🌼. 6 \n아우터 : https://bit.ly/2J8czGo\n상의 : https://bit.ly/3drLNXH\n하의 : https://bit.ly/3dyqio1\n가방 : http://bit.ly/39VJjhq\n\n\n🌼. 7 \n아우터 : https://bit.ly/2J8czGo\n상의 : https://bit.ly/3drLNXH\n하의 : https://bit.ly/3alRX9D\n가방 : 정보없음 \n\n\n🌼. 8\n아우터 : https://bit.ly/2J8czGo\n상의 : https://bit.ly/2WO1tP0\n원피스 : https://bit.ly/3ab8fCl\n하의 : https://bit.ly/3dD83xZ\n가방 : http://bit.ly/2AILg1d\n가방 : https://bit.ly/2QTpdgR",
        "thumbnail": "https://i.ytimg.com/vi/7haAsUzSqUA/mqdefault.jpg",
        "youtubeVideoId": "7haAsUzSqUA",
        "uploadedDate": "2020-03-28T07:47:10Z",
        "viewCount": 13108,
        "isCommercial": "False"
    },
    {
        "id": "daf8f799-55a5-4a85-9788-185c33fcda3c",
        "title": "이것만 알면 색감매치 실패확률 0%, 아주 쉽게 옷 잘입는 코디 꿀팁 대방출 [패션]",
        "description": "이것만 알면 색감매치 실패확률 0%, 아주 쉽게 옷 잘입는 코디 꿀팁 대방출 [패션]\n\n――――――――――――――\n💌 인스타 :  https://www.instagram.com/somz_zi/\n💌 메일 :  ds02_28@naver.com \n――――――――――――――\n영상 속 제품 정보 솜데이 : http://bit.ly/2IZRTk0\n\n안녕 애들아 오늘은 처음...으로ㅎㅎ\n내가 평소에 색감 매치하던 코디 방법을 알려줄려고 해 \n크게 두가지로 준비해봤구 전문가는 아니기때문에 \n참고만 했으면 좋겠어!!!! 오늘도 즐감!!",
        "thumbnail": "https://i.ytimg.com/vi/ZUHiXcMSU-E/mqdefault.jpg",
        "youtubeVideoId": "ZUHiXcMSU-E",
        "uploadedDate": "2020-03-26T07:15:38Z",
        "viewCount": 4619,
        "isCommercial": "False"
    },
    {
        "id": "701df323-ae0f-4007-a17f-d9db7733a9ba",
        "title": "𝐁𝐚𝐠 𝐇𝐚𝐮𝐥🌼봄 취향저격 브랜드 미니가방 7종 하울(+룩북은 덤♥) ｜Spring Mini Bag Haul",
        "description": "𝐁𝐚𝐠 𝐇𝐚𝐮𝐥🌼봄 취향저격 브랜드 미니가방 7종 하울(+룩북은 덤♥) ｜Spring Mini Bag Haul\n\n――――――――――――――\n💌 인스타 :  https://www.instagram.com/somz_zi/\n💌 메일 :  ds02_28@naver.com \n――――――――――――――\n스펙 : 156cm 48kg  / 44.5사이즈 / 허리25\n\n본 영상은 서울스토어와 함께합니다!\n친구할인코드란에 \"솜뭉찌\" 입력하면 추가 5%할인! \n\n서울스토어 링크 : http://bit.ly/2QiIdUy\n솜찌 제품 리뷰 링크 : http://bit.ly/2Qhlh7Z\n\n――――――――――――――\n🌹 영상 속 가방정보\n\n\n🌼. 1 \n서울스토어 - 브라비시모 레니 레드(43,400원)\nhttps://bit.ly/2UFyUkj\n\n\n🌼. 2\n서울스토어 - 에크루 하프문백(70,400원)\nhttps://bit.ly/33CRQ73\n\n\n🌼. 3\n서울스토어 - 투오 BELLO MINI CROSSBODY BAG_SKY BLUE(73,050원)\nhttps://bit.ly/3dqp5PN\n\n\n🌼. 4\n서울스토어 - 도리스BY-D0105 라일리 크로스백 INDIPINK(73,810원)\nhttps://bit.ly/2WAwsxO\n\n\n🌼. 5\n서울스토어 - 도리스BY-D0101 앤 크로스백 BROWN(65,706원)\nhttps://bit.ly/2vCya6K\n\n\n🌼. 6\n서울스토어 - 펀프롬펀 Wave Canvas Mini Bag_ Ivory\nhttps://bit.ly/2xRlz0f\n\n\n🌼. 7\n서울스토어 - 에잇세컨즈 블랙 페이크 레더 플랩 스퀘어 투웨이백\nhttps://bit.ly/33NzL6F\n\n\n――――――――――――――\n🌹 영상 속 옷 정보 \n\n🌼. 1 \n상의 : https://bit.ly/2UD80tg\n하의 : https://bit.ly/3dD83xZ \n\n\n🌼. 2\n상의 : https://bit.ly/2WO1tP0\n하의 :https://bit.ly/2y9LK2p\n\n\n🌼. 3 \n원피스 : https://bit.ly/2xg2CUV\n\n\n🌼. 4 \n상의 : https://bit.ly/3bkLlZt\n하의 : https://bit.ly/2JkD9fz\n\n\n🌼. 5 \n원피스 : https://bit.ly/3dmZxmf\n\n\n🌼. 6 \n상의 : https://bit.ly/2QMEdgD\n하의 : https://bit.ly/3alRX9D \n\n\n🌼. 7 \n상의 : https://bit.ly/3drLNXH\n하의 : https://bit.ly/3dD83xZ",
        "thumbnail": "https://i.ytimg.com/vi/Pn_TWPQZ5eI/mqdefault.jpg",
        "youtubeVideoId": "Pn_TWPQZ5eI",
        "uploadedDate": "2020-03-22T09:00:57Z",
        "viewCount": 30912,
        "isCommercial": "True"
    },
    {
        "id": "ff388c57-4283-4fcf-87c4-7eec98f08aae",
        "title": "올 봄을 책임질 러블리한 신상 원피스 7종 룩북 & 스타일링 팁(+이벤트) ｜Dress Lookbook [패션]",
        "description": "올 봄을 책임질 러블리한 신상 원피스 7종 룩북 & 스타일링 팁(+이벤트) ｜Dress Lookbook [패션]\n\n――――――――――――――\n💜 인스타 :  https://www.instagram.com/somz_zi/\n💜 메일 :  ds02_28@naver.com \n―――――――――――――― \n영상 속 모든 옷들은 쇼핑몰 솜데이 제품입니다 :) \n솜데이 : http://bit.ly/2IZRTk0\n\n\n🌙 원피스 이벤트 참여방법 🌙 \n1. 룩북에 소개된 원피스 중 마음에 드는 원피스를 골라 \n2. 댓글에 메일주소 + 원피스번호 + 한마디 적으면 참여완료! \n\n총 3명을 추첨해서 댓글에 적은 원피스를 선물로 줍니댜~~~~!!!! \n(혹시나 구매했는데 당첨 된 경우 다른 원피스 추가로 선물해줄게!!!) \n\n이벤트 발표일 : 3/30일 \n공지 : 커뮤니티(+메일 개별 연락)\n―――――――――――――― \n\n🌼. 1 \n원피스 : https://bit.ly/2xZYM2y\n\n🌼. 2\n원피스 : https://bit.ly/2xg2CUV\n\n🌼. 3 \n원피스 : https://bit.ly/3dmZxmf\n아우터 : https://bit.ly/2J8czGo\n\n🌼. 4\n원피스 : https://bit.ly/2vFZXmR\n아우터 : https://bit.ly/2J8czGo\n\n🌼. 5 \n원피스 : https://bit.ly/2WxsLJm\n아우터 : https://bit.ly/2J8czGo\n\n🌼. 6\n원피스 : https://bit.ly/3ab8fCl\n상의 : https://bit.ly/3bkLlZt\n\n🌼. 7\n원피스 : https://bit.ly/2U8fDsA",
        "thumbnail": "https://i.ytimg.com/vi/hBONG5snM5c/mqdefault.jpg",
        "youtubeVideoId": "hBONG5snM5c",
        "uploadedDate": "2020-03-21T14:15:38Z",
        "viewCount": 10331,
        "isCommercial": "False"
    },
    {
        "id": "5a5ef733-4432-4e48-a13c-af82668f7a64",
        "title": "문의폭주🌹편하지만 세련된 오피스룩 & 직장인코디 7가지｜룩북 OFFICE LOOKBOOK",
        "description": "문의폭주🌹캐쥬얼하면서 세련된 오피스룩 & 직장인코디 7가지｜룩북 OFFICE LOOKBOOK  \n\n#직딩룩 #오피스룩 #캐주얼룩 #직장인코디 \n\n――――――――――――――\n💜 인스타 :  https://www.instagram.com/somz_zi/\n💜 메일 :  ds02_28@naver.com \n――――――――――――――\n스펙 : 156cm 48kg  / 44.5사이즈 / 허리25\n\n ✨. 1 \n아우터 - 리리앤코 트렌디스트 베이직 자켓 \n(검정티 오프라인 구매)\n하의 - 리리앤코 너츠밤 하이웨스트 핀턱밴딩 팬츠 \n\n\n ✨. 2\n상의 - 리리앤코 원데리 베이직 루즈 셔츠 \n가디건 - 302호 가을루즈핏 데일리 니트가디건 \n하의 - 유니크온 하이웨스트 뒷밴딩 무지 \n(조끼 오프라인 구매)\n\n\n ✨. 3\n아우터 - 리리앤코 에보니 투피스 자켓 \n(흰티 정보없음)\n하의 - 리리앤코 에보니 투피스 팬츠 \n\n\n ✨. 4\n아우터 - 리리앤코 트렌디스트 베이직 자켓 \n뷔스티에 - 모던앤코 머메이드 스커트세트 투피스 \n치마 - 오프라인 구매 \n\n\n✨. 5\n아우터 - 핫핑 제이쿤 트렌치코트 \n상의 - 정보 없음 \n하의 - 메롱샵 코튼핀턱와이드 \n\n\n\n✨. 6\n아우터 - 모든 토즈 백포인트 루즈핏 핸드메이드코트 \n상의 - 리리앤코 원데리 베이직 루즈 셔츠 \n원피스 - 리리앤코 리몬 뷔스티에 리본 플레어 롱원피스 \n\n\n✨. 7\n아우터 - 모던앤코 브이넥 꽈배기퍼프가디건 \n상의 - 리리앤코 원데리 베이직 루즈 셔츠 \n치마 - 오프라인 구매",
        "thumbnail": "https://i.ytimg.com/vi/Dg3XbeeRh-4/mqdefault.jpg",
        "youtubeVideoId": "Dg3XbeeRh-4",
        "uploadedDate": "2020-03-08T05:04:42Z",
        "viewCount": 20785,
        "isCommercial": "False"
    },
    {
        "id": "566d30c1-b16c-474d-ae28-d4915022d220",
        "title": "운동복이 이렇게 예뻐;;? 요즘 최애 운동복 코디 7가지💘｜요가복 트레이닝복 하울 sportwear haul [패션]",
        "description": "운동복이 이렇게 예뻐;;? 요즘 최애 운동복 코디 7가지💘｜요가복 트레이닝복 하울 sportwear haul [패션]\n\n#운동복 #트레이닝복 #스포츠웨어 #요가복 \n――――――――――――――\n💜 인스타 :  https://www.instagram.com/somz_zi/\n💜 메일 :  ds02_28@naver.com \n――――――――――――――\n안녕 애들아~~~~~~~~!!!! \n오늘은 브이로그에서 운동복을 잠깐 소개했더니 \n문의가 폭주해서,,, 요즘 잘 입고댕기는 운동복 위주로 \n코디 룩북 & 간단한 하울을 준비해봐써 \n정보는 아래에 있구, 오래전에 산것들은 정보가 없을수도 있오 \n그럼 오늘도 즐감!!!! \n――――――――――――――\n스펙 : 156cm 48kg  / 44.5사이즈 / 허리25\n\n본 영상은 서울스토어와 함께합니다!\n친구할인코드란에 \"솜뭉찌\" 입력하면 추가 5%할인! \n\n서울스토어 링크 : http://bit.ly/2QiIdUy\n솜찌 제품 리뷰 링크 : http://bit.ly/2Qhlh7Z\n――――――――――――――\n\n✨. 1 \n상의 - 서울스토어 데비웨어 devi-t0019 화이트(s)\nhttp://bit.ly/333I3qD\n\n하의 - 서울스토어 모어아웃 써니 7.5부 레깅스 에쉬블루(s)\nhttp://bit.ly/2Iv6PGm\n\n아우터 - 서울스토어 파슬리 메쉬 집업 자켓 딥블루(2)\nhttp://bit.ly/2W0KfgT\n\n\n ✨. 2\n상의 - 서울스토어 아디다스 크롭 탱크 w \nhttp://bit.ly/2vTwfL8\n\n하의 - 서울스토어 아디다스 3st 타이즈(90)\nhttp://bit.ly/2Ty7NZ0\n\n아우터 - 서울스토어 아디다스 파이어버드 트랙탑(95)\nhttp://bit.ly/2IsMPUW\n\n\n ✨. 3 \n상의 - 서울스토어 데비웨어 devi-t0019 카키(s)\nhttp://bit.ly/3aHlY3o\n\n하의 - 서울스토어 안다르 에어코튼 뉴시리 9부 카키(2)\nhttp://bit.ly/3aDcjLq\n\n\n ✨. 4 \n상의 - 서울스토어 나이키 드라이 스우시 반팔티(m) \nhttp://bit.ly/2It0F9Y\n\n하의 - 서울스토어 나이키 우먼스파크 2 니트쇼트 \nhttp://bit.ly/2vH2sFK\n\n양말 - 서울스토어 아디다스 솔리드 장목양말 화이트 \nhttp://bit.ly/2TRBdQC\n\n\n ✨. 5 \n상의 - 서울스토어 카인다미 스퀘어핏 크롭 블랙(s)\nhttp://bit.ly/38DtGdw\n\n하의 - 서울스토어 안다르 에어코튼 뉴시리 8.2부 블랙(2) \nhttp://bit.ly/39zYCwx\n\n아우터 - 서울스토어 휠라 집업 래쉬가드(90)\nhttp://bit.ly/2IvcA77\n\n\n ✨. 6 \n상의 - 정보없음 \n\n하의 - 서울스토어 안다르 에어코튼 뉴시리 8.2부 문미스트(2)\nhttp://bit.ly/3cHZOjo\n\n\n ✨. 7\n상의 - 서울스토어 나이키 맨투맨 CLUB FREECE CREW 804343 블랙(M)\n\n하의 - 서울스토어 나이키 유소년 저지 조거 팬츠(150)\nhttp://bit.ly/3cIzq99",
        "thumbnail": "https://i.ytimg.com/vi/ibWudBcg7BE/mqdefault.jpg",
        "youtubeVideoId": "ibWudBcg7BE",
        "uploadedDate": "2020-03-07T02:50:01Z",
        "viewCount": 40795,
        "isCommercial": "True"
    },
    {
        "id": "4f55158f-14ed-425f-a9e6-244dc087e76b",
        "title": "브랜드 가방 하울👜신상가득!! 고퀄리티 저렴이 직장인&대학생 가방 추천(+코디룩북은 덤) ｜dailybag haul [패션]",
        "description": "브랜드 가방 하울👜신상가득!! 고퀄리티 저렴이 직장인&대학생 가방 추천(+코디룩북은 덤) ｜dailybag haul [패션]\n\n#브랜드가방 #직장인가방 #대학생가방\n―――――――――――――\n💜 인스타 :  https://www.instagram.com/somz_zi/\n💜 메일 :  ds02_28@naver.com \n――――――――――――――\n스펙 : 156cm 48kg  / 44.5사이즈 / 허리25\n\n본 영상은 서울스토어와 함께합니다!\n친구할인코드란에 \"솜뭉찌\" 입력하면 추가 5%할인! \n\n서울스토어 링크 : http://bit.ly/2QiIdUy\n솜찌 제품 리뷰 링크 : http://bit.ly/2Qhlh7Z\n\n――――――――――――――\n\n*가격은 할인코드(솜뭉찌)와 쿠폰 적용가입니다\n*2020년 3월 16일 자정까지만 친구할인코드 \"솜뭉찌\" 10% 할인!\n\n ✨. 1 \n서울스토어 - 앤딜로즈 N U Shoulder bag_Dark taupe(72,100원)\nhttp://bit.ly/2TdmSNZ\n\n ✨. 2\n서울스토어 - 브라비시모프레즈 (Fraise) - Black (73,905원)\nhttp://bit.ly/2Vi90F9\n\n✨. 3\n서울스토어 - 브라비시모 메텔(metel bag) - Burgundy(71,150원)\nhttp://bit.ly/39VJjhq\n\n✨. 4\n서울스토어 - 잇츠백 DANA MINI Flap Bag 11 Color(54,240원)\nhttp://bit.ly/3a17fAi\n\n✨. 5\n서울스토어 - 브라비시모 몽드(Monde) - Gray(52,862원) \nhttp://bit.ly/2VhPsAI\n\n✨. 6\n서울스토어 - 브라비시모 마인(main bag) - Red burgundy(63,550원)\nhttp://bit.ly/2veL4HQ\n\n✨. 7\n서울스토어 - 버밀란 퀼팅(QUILTING) 무드백 - 블랙(50,487원)\nhttp://bit.ly/37ZEwul",
        "thumbnail": "https://i.ytimg.com/vi/KcxvOiKObXU/mqdefault.jpg",
        "youtubeVideoId": "KcxvOiKObXU",
        "uploadedDate": "2020-02-29T14:14:41Z",
        "viewCount": 73807,
        "isCommercial": "True"
    }
]