[
    {
        "id": "1765b3ac-d2c8-4681-b719-5a6239da5379",
        "title": "3만명이 열광한 레전드 합방(feat.감스트)",
        "description": "▶CONTACT ME\nInstagram : https://www.instagram.com/o4.18/​​​​\nFacebook : https://www.facebook.com/oo4.18​​​​\nAfreecaTV :  http://bj.afreecatv.com/smpk96​​\n\n#박삐삐 #감스트 #합방",
        "thumbnail": "https://i.ytimg.com/vi/uFvMQPCNC-A/mqdefault.jpg",
        "youtubeVideoId": "uFvMQPCNC-A",
        "uploadedDate": "2021-06-21T07:00:17Z",
        "viewCount": 86878,
        "isCommercial": "False"
    },
    {
        "id": "5e965419-f615-4f78-adce-4a155ca3bb61",
        "title": "감바스님 감스트 드실래요?",
        "description": "▶CONTACT ME\nInstagram : https://www.instagram.com/o4.18/\nFacebook : https://www.facebook.com/oo4.18​​​​\nAfreecaTV :  http://bj.afreecatv.com/smpk96​​\n\n#박삐삐 #감스트 #합방\n\n본 음성은 인공지능 성우 서비스 타입캐스트에서 제작되었습니다.\n인공지능 성우 찬구\nhttps://typecast.ai?attribution=60bd887ee6b6d80edf1873e4",
        "thumbnail": "https://i.ytimg.com/vi/rp8XLmP5N6o/mqdefault.jpg",
        "youtubeVideoId": "rp8XLmP5N6o",
        "uploadedDate": "2021-06-21T07:00:33Z",
        "viewCount": 48160,
        "isCommercial": "False"
    },
    {
        "id": "6f675a60-8e0b-48c7-8f9e-d791d7e97d0b",
        "title": "비서 계약하고 왔습니다!",
        "description": "▶CONTACT ME\nInstagram : https://www.instagram.com/o4.18/\nFacebook : https://www.facebook.com/oo4.18​​​​\nAfreecaTV :  http://bj.afreecatv.com/smpk96​​\n\n#박삐삐 #감스트 #비서\n\n본 음성은 인공지능 성우 서비스 타입캐스트에서 제작되었습니다.\n인공지능 성우 찬구\nhttps://typecast.ai?attribution=60bd8...",
        "thumbnail": "https://i.ytimg.com/vi/eanfbEEm288/mqdefault.jpg",
        "youtubeVideoId": "eanfbEEm288",
        "uploadedDate": "2021-06-21T07:01:09Z",
        "viewCount": 129990,
        "isCommercial": "False"
    },
    {
        "id": "51e8b6a1-1a03-41d2-a95f-74d4c1072a64",
        "title": "사장님 뺨치는 박삐삐의 저세상 벌스 (feat.감스트)",
        "description": "▶CONTACT ME\n\nInstagram : https://www.instagram.com/o4.18/\nFacebook : https://www.facebook.com/oo4.18​​​​\nAfreecaTV :  http://bj.afreecatv.com/smpk96​​\n\n\n#박삐삐 #감스트 #킬링벌스\n\n\n본 음성은 인공지능 성우 서비스 타입캐스트에서 제작되었습니다.\n인공지능 성우 삐뚤어진 찬구\nhttps://typecast.ai?attribution=60bd887ee6b6d80edf1873e4",
        "thumbnail": "https://i.ytimg.com/vi/0KSZSGFfaTM/mqdefault.jpg",
        "youtubeVideoId": "0KSZSGFfaTM",
        "uploadedDate": "2021-06-21T07:01:21Z",
        "viewCount": 45721,
        "isCommercial": "False"
    },
    {
        "id": "5e176e40-0ae0-4bcf-8d0e-a37a6125737e",
        "title": "사장님 김치찌개 맛있게 해드릴ㄱ...",
        "description": "▶CONTACT ME\nInstagram : https://www.instagram.com/o4.18/\nFacebook : https://www.facebook.com/oo4.18​​​​\nAfreecaTV :  http://bj.afreecatv.com/smpk96​​\n\n#박삐서 #요리배우기 #요린이",
        "thumbnail": "https://i.ytimg.com/vi/VZaBS_ODBDA/mqdefault.jpg",
        "youtubeVideoId": "VZaBS_ODBDA",
        "uploadedDate": "2021-06-27T12:22:30Z",
        "viewCount": 6812,
        "isCommercial": "False"
    },
    {
        "id": "f7677875-380f-43d7-a8d3-b57eec729e93",
        "title": "[playlist] 서울의 잠 못 이루는 밤 듣기 좋은 찐으로 모아본 플레이리스트 l 10CM 권정열 무료광고 포함 ㅎㅂㅎ",
        "description": "정열아,,수현이랑 같이 부른 신곡 \n너무 좋다ㅎㅂㅎ 사랑한다.  \n\n@10CM_Official @MAGIC STRAWBERRY SOUND \n\n#무료광고포함 #playlist #플레이리스트 \n#음악모음 #노래모음 #광고없음 #10cm #십센치",
        "thumbnail": "https://i.ytimg.com/vi/fvQADsrzn-o/mqdefault.jpg",
        "youtubeVideoId": "fvQADsrzn-o",
        "uploadedDate": "2021-07-16T11:03:03Z",
        "viewCount": 0,
        "isCommercial": "False"
    }
]