[
    {
        "id": "c8f3b9ef-e7f7-4c16-b2f3-559c15cee451",
        "title": "마술은 역시 단어",
        "description": "위 이야기는 사실과 아주 다를 수 있습니다\n\n댓글과 트위치로 함께 소통합시다\n\n많이 사랑합니다.\n\n트위치 : 마술사김준표\n월~토 오후 7시 방송\n\n마술 강의\nhttps://www.lnmagic.co.kr/goods/goods_search.php?keyword=%EA%B9%80%EC%A4%80%ED%91%9C&recentCount=10\n\nhttps://arcanamagic.com/goods/search?keyword_log_flag=Y&search_text=%EA%B9%80%EC%A4%80%ED%91%9C&x=0&y=0\n\n김준표 배우는 마술 클래스 101\nhttps://class101.app/e/junpyo-class\n\n비즈니스 & 합방 공연 & 강의 문의\nadm@treasurehunter.co.kr\n\n공연 및 강의 정보\nhttps://www.notion.so/kalidcerona/9f4490ab22414594874f7fbabe1bb59a\n\n영상을 퍼가실 경우 꼭 출처를 남겨주시길 바라며\n다른 영상과 합치지 마시길 바랍니다",
        "thumbnail": "https://i.ytimg.com/vi/TIJRpu3Q4Vg/mqdefault.jpg",
        "youtubeVideoId": "TIJRpu3Q4Vg",
        "uploadedDate": "2019-03-18T11:36:36Z",
        "viewCount": 0,
        "isCommercial": "False"
    },
    {
        "id": "6fc819af-6eca-4c7a-a0c6-ed5305380b1d",
        "title": "타이밍 이즈 나우!",
        "description": "위 이야기는 사실과 아주 다를 수 있습니다\n\n댓글과 트위치로 함께 소통합시다\n\n많이 사랑합니다.\n\n트위치 : 마술사김준표\n월~토 오후 7시 방송\n\n마술 강의\nhttps://www.lnmagic.co.kr/goods/goods_search.php?keyword=%EA%B9%80%EC%A4%80%ED%91%9C&recentCount=10\n\nhttps://arcanamagic.com/goods/search?keyword_log_flag=Y&search_text=%EA%B9%80%EC%A4%80%ED%91%9C&x=0&y=0\n\n김준표 배우는 마술 클래스 101\nhttps://class101.app/e/junpyo-class\n\n비즈니스 & 합방 공연 & 강의 문의\nadm@treasurehunter.co.kr\n\n공연 및 강의 정보\nhttps://www.notion.so/kalidcerona/9f4490ab22414594874f7fbabe1bb59a\n\n영상을 퍼가실 경우 꼭 출처를 남겨주시길 바라며\n다른 영상과 합치지 마시길 바랍니다",
        "thumbnail": "https://i.ytimg.com/vi/UDTQU5AIHEQ/mqdefault.jpg",
        "youtubeVideoId": "UDTQU5AIHEQ",
        "uploadedDate": "2019-03-26T07:00:12Z",
        "viewCount": 0,
        "isCommercial": "False"
    },
    {
        "id": "6c941ea1-be93-494d-bd00-51e9e1e0b9cb",
        "title": "한 번도 신기한데 두 번 연속으로?!(acaan)",
        "description": "acaan\n\n\n위 이야기는 사실과 아주 다를 수 있습니다\n\n댓글과 트위치로 함께 소통합시다\n\n많이 사랑합니다.\n\n트위치 : 마술사김준표\n월~토 오후 7시 방송\n\n마술 강의\nhttps://www.lnmagic.co.kr/goods/goods_search.php?keyword=%EA%B9%80%EC%A4%80%ED%91%9C&recentCount=10\n\nhttps://arcanamagic.com/goods/search?keyword_log_flag=Y&search_text=%EA%B9%80%EC%A4%80%ED%91%9C&x=0&y=0\n\n김준표 배우는 마술 클래스 101\nhttps://class101.app/e/junpyo-class\n\n비즈니스 & 합방 공연 & 강의 문의\nadm@treasurehunter.co.kr\n\n공연 및 강의 정보\nhttps://www.notion.so/kalidcerona/9f4490ab22414594874f7fbabe1bb59a\n\n영상을 퍼가실 경우 꼭 출처를 남겨주시길 바라며\n다른 영상과 합치지 마시길 바랍니다",
        "thumbnail": "https://i.ytimg.com/vi/Zu78FjAQbA0/mqdefault.jpg",
        "youtubeVideoId": "Zu78FjAQbA0",
        "uploadedDate": "2019-03-28T14:06:33Z",
        "viewCount": 0,
        "isCommercial": "False"
    },
    {
        "id": "9bec5528-8db6-4c30-954b-72b791c01b03",
        "title": "작가는 좋겠다. 다음 내용 알아서",
        "description": "작가는 좋겠다. 다음 내용 알아서\n\n\n위 이야기는 사실과 아주 다를 수 있습니다\n\n댓글과 트위치로 함께 소통합시다\n\n많이 사랑합니다.\n\n트위치 : 마술사김준표\n월~토 오후 7시 방송\n\n마술 강의\nhttps://www.lnmagic.co.kr/goods/goods_search.php?keyword=%EA%B9%80%EC%A4%80%ED%91%9C&recentCount=10\n\nhttps://arcanamagic.com/goods/search?keyword_log_flag=Y&search_text=%EA%B9%80%EC%A4%80%ED%91%9C&x=0&y=0\n\n김준표 배우는 마술 클래스 101\nhttps://class101.app/e/junpyo-class\n\n비즈니스 & 합방 공연 & 강의 문의\nadm@treasurehunter.co.kr\n\n공연 및 강의 정보\nhttps://www.notion.so/kalidcerona/9f4490ab22414594874f7fbabe1bb59a\n\n영상을 퍼가실 경우 꼭 출처를 남겨주시길 바라며\n다른 영상과 합치지 마시길 바랍니다",
        "thumbnail": "https://i.ytimg.com/vi/KcN89dcQdEI/mqdefault.jpg",
        "youtubeVideoId": "KcN89dcQdEI",
        "uploadedDate": "2019-04-03T02:41:56Z",
        "viewCount": 24744,
        "isCommercial": "False"
    },
    {
        "id": "8b4f9cd5-5d2b-453e-996e-25323ab831ff",
        "title": "아놔.... 내가 선택했는데!(Trick that cannot be Explained)",
        "description": "위 이야기는 사실과 아주 다를 수 있습니다\n\n댓글과 트위치로 함께 소통합시다\n\n많이 사랑합니다.\n\n트위치 : 마술사김준표\n월~토 오후 7시 방송\n\n마술 강의\nhttps://www.lnmagic.co.kr/goods/goods_search.php?keyword=%EA%B9%80%EC%A4%80%ED%91%9C&recentCount=10\n\nhttps://arcanamagic.com/goods/search?keyword_log_flag=Y&search_text=%EA%B9%80%EC%A4%80%ED%91%9C&x=0&y=0\n\n김준표 배우는 마술 클래스 101\nhttps://class101.app/e/junpyo-class\n\n비즈니스 & 합방 공연 & 강의 문의\nadm@treasurehunter.co.kr\n\n공연 및 강의 정보\nhttps://www.notion.so/kalidcerona/9f4490ab22414594874f7fbabe1bb59a\n\n영상을 퍼가실 경우 꼭 출처를 남겨주시길 바라며\n다른 영상과 합치지 마시길 바랍니다",
        "thumbnail": "https://i.ytimg.com/vi/YroTd9lOOxU/mqdefault.jpg",
        "youtubeVideoId": "YroTd9lOOxU",
        "uploadedDate": "2021-03-05T10:11:20Z",
        "viewCount": 0,
        "isCommercial": "False"
    },
    {
        "id": "5bdfa738-0ad3-4c33-a69b-9066adfec406",
        "title": "원신 마술공연 풀영상",
        "description": "아프리카 다시보기 - https://vod.afreecatv.com/PLAYER/STATION/82860963\n트위치 다시보기 - https://www.twitch.tv/videos/1274194949\n\n댓글과 트위치로 함께 소통합시다\n\n많이 사랑합니다.\n\n트위치 : 마술사김준표\n월~금 오후 7시 방송\n\n마술 강의\nhttps://www.lnmagic.co.kr/goods/goods_search.php?keyword=%EA%B9%80%EC%A4%80%ED%91%9C&recentCount=10\n\nhttps://arcanamagic.com/goods/search?keyword_log_flag=Y&search_text=%EA%B9%80%EC%A4%80%ED%91%9C&x=0&y=0\n\n김준표 배우는 마술 클래스 101\nhttps://101.gg/junpyo-class\n\n비즈니스 & 합방 공연 & 강의 문의\nadm@treasurehunter.co.kr\n\n공연 및 강의 정보\nhttps://www.notion.so/kalidcerona/9f4490ab22414594874f7fbabe1bb59a\n\n영상을 퍼가실 경우 꼭 출처를 남겨주시길 바라며\n다른 영상과 합치지 마시길 바랍니다",
        "thumbnail": "https://i.ytimg.com/vi/FYnc6KtnbSQ/mqdefault.jpg",
        "youtubeVideoId": "FYnc6KtnbSQ",
        "uploadedDate": "2022-01-25T09:03:24Z",
        "viewCount": 89022,
        "isCommercial": "True"
    },
    {
        "id": "1978b161-9e0a-4fe4-9747-592eabc17882",
        "title": "오즈의 마법사에서 진짜 마법하는 준표쿤",
        "description": "위 이야기는 사실과 아주 다를 수 있습니다\n\n댓글과 트위치로 함께 소통합시다\n\n많이 사랑합니다.\n\n트위치 : 마술사김준표\n월~금 오후 7시 방송\n\n마술 강의\nhttps://www.lnmagic.co.kr/goods/goods_search.php?keyword=%EA%B9%80%EC%A4%80%ED%91%9C&recentCount=10\n\nhttps://arcanamagic.com/goods/search?keyword_log_flag=Y&search_text=%EA%B9%80%EC%A4%80%ED%91%9C&x=0&y=0\n\n김준표 배우는 마술 클래스 101\nhttps://101.gg/junpyo-class\n\n비즈니스 & 합방 공연 & 강의 문의\nadm@treasurehunter.co.kr\n\n공연 및 강의 정보\nhttps://www.notion.so/kalidcerona/9f4490ab22414594874f7fbabe1bb59a\n\n영상을 퍼가실 경우 꼭 출처를 남겨주시길 바라며\n다른 영상과 합치지 마시길 바랍니다",
        "thumbnail": "https://i.ytimg.com/vi/R1YREDpti4Q/mqdefault.jpg",
        "youtubeVideoId": "R1YREDpti4Q",
        "uploadedDate": "2022-02-12T17:47:30Z",
        "viewCount": 124775,
        "isCommercial": "False"
    },
    {
        "id": "099cef38-7a1c-4e7b-94e7-55fbb2df11dc",
        "title": "레전드 마술공연",
        "description": "위 이야기는 사실과 아주 다를 수 있습니다\n\n댓글과 트위치로 함께 소통합시다\n\n많이 사랑합니다.\n\n트위치 : 마술사김준표\n월~금 오후 7시 방송\n\n마술 강의\nhttps://www.lnmagic.co.kr/goods/goods_search.php?keyword=%EA%B9%80%EC%A4%80%ED%91%9C&recentCount=10\n\nhttps://arcanamagic.com/goods/search?keyword_log_flag=Y&search_text=%EA%B9%80%EC%A4%80%ED%91%9C&x=0&y=0\n\n김준표 배우는 마술 클래스 101\nhttps://101.gg/junpyo-class\n\n비즈니스 & 합방 공연 & 강의 문의\nadm@treasurehunter.co.kr\n\n공연 및 강의 정보\nhttps://www.notion.so/kalidcerona/9f4490ab22414594874f7fbabe1bb59a\n\n영상을 퍼가실 경우 꼭 출처를 남겨주시길 바라며\n다른 영상과 합치지 마시길 바랍니다",
        "thumbnail": "https://i.ytimg.com/vi/Cp7n2n-RHRE/mqdefault.jpg",
        "youtubeVideoId": "Cp7n2n-RHRE",
        "uploadedDate": "2022-04-09T09:09:11Z",
        "viewCount": 124950,
        "isCommercial": "False"
    },
    {
        "id": "2bd14453-026d-4e68-bf0c-c40d5f987729",
        "title": "이젠 하다하다 초능력까지 쓰는 마술사",
        "description": "위 이야기는 사실과 아주 다를 수 있습니다\n\n댓글과 트위치로 함께 소통합시다\n\n많이 사랑합니다.\n\n트위치 : 마술사김준표\n화목금토일 오후 7시 방송\n\n마술 강의\nhttps://www.lnmagic.co.kr/goods/goods_search.php?keyword=%EA%B9%80%EC%A4%80%ED%91%9C&recentCount=10\n\nhttps://arcanamagic.com/goods/search?keyword_log_flag=Y&search_text=%EA%B9%80%EC%A4%80%ED%91%9C&x=0&y=0\n\n김준표 배우는 마술 클래스 101\nhttps://101.gg/junpyo-class\n\n비즈니스 & 합방 공연 & 강의 문의\nadm@treasurehunter.co.kr\n\n공연 및 강의 정보\nhttps://www.notion.so/kalidcerona/9f4490ab22414594874f7fbabe1bb59a\n\n영상을 퍼가실 경우 꼭 출처를 남겨주시길 바라며\n다른 영상과 합치지 마시길 바랍니다\n\nPicture date: Tuesday December 16, 2014\nPhoto credit should read: David Parry/PA Wire",
        "thumbnail": "https://i.ytimg.com/vi/zPVnoKz-06U/mqdefault.jpg",
        "youtubeVideoId": "zPVnoKz-06U",
        "uploadedDate": "2022-04-29T11:35:20Z",
        "viewCount": 90445,
        "isCommercial": "False"
    },
    {
        "id": "7f0a5e7b-a210-4c60-a1a9-0d8ec8455a82",
        "title": "17년차 레전드 마술사의 공중부양 마술 w.우정잉님",
        "description": "위 이야기는 사실과 아주 다를 수 있습니다\n\n댓글과 트위치로 함께 소통합시다\n\n많이 사랑합니다.\n\n트위치 : 마술사김준표\n화목금토일 오후 7시 방송\n\n마술 강의\nhttps://www.lnmagic.co.kr/goods/goods_search.php?keyword=%EA%B9%80%EC%A4%80%ED%91%9C&recentCount=10\n\nhttps://arcanamagic.com/goods/search?keyword_log_flag=Y&search_text=%EA%B9%80%EC%A4%80%ED%91%9C&x=0&y=0\n\n김준표 배우는 마술 클래스 101\nhttps://101.gg/junpyo-class\n\n비즈니스 & 합방 공연 & 강의 문의\nadm@treasurehunter.co.kr\n\n공연 및 강의 정보\nhttps://www.notion.so/kalidcerona/9f4490ab22414594874f7fbabe1bb59a\n\n영상을 퍼가실 경우 꼭 출처를 남겨주시길 바라며\n다른 영상과 합치지 마시길 바랍니다",
        "thumbnail": "https://i.ytimg.com/vi/gFBl1VLWiXk/mqdefault.jpg",
        "youtubeVideoId": "gFBl1VLWiXk",
        "uploadedDate": "2022-05-04T14:46:05Z",
        "viewCount": 59289,
        "isCommercial": "False"
    },
    {
        "id": "574ff444-1f9d-4e9f-988c-d750e5e0c988",
        "title": "마술계 영원한 미스터리로 남을 카드마술",
        "description": "위 이야기는 사실과 아주 다를 수 있습니다\n\n댓글과 트위치로 함께 소통합시다\n\n많이 사랑합니다.\n\n트위치 : 마술사김준표\n월수금토일 오후 7시 방송\n\n마술 강의\n\n렉쳐노트\nhttps://www.lnmagic.co.kr/goods/goods_search.php?keyword=%EA%B9%80%EC%A4%80%ED%91%9C&recentCount=10\n\n아르카나\nhttps://arcanamagic.com/?s=%EA%B9%80%EC%A4%80%ED%91%9C&post_type=course\n\n김준표 배우는 마술 클래스 101\nhttps://101.gg/junpyo-class\n\n비즈니스 & 합방 공연 & 강의 문의\nadm@treasurehunter.co.kr\n\n공연 및 강의 정보\nhttps://www.notion.so/kalidcerona/9f4490ab22414594874f7fbabe1bb59a\n\n영상을 퍼가실 경우 꼭 출처를 남겨주시길 바라며\n다른 영상과 합치지 마시길 바랍니다",
        "thumbnail": "https://i.ytimg.com/vi/AG7LB4s7lKM/mqdefault.jpg",
        "youtubeVideoId": "AG7LB4s7lKM",
        "uploadedDate": "2022-07-07T16:22:39Z",
        "viewCount": 47437,
        "isCommercial": "False"
    },
    {
        "id": "1fcbf255-b7e9-4da7-97a8-63cfc044b334",
        "title": "삐부 바보 아니다!!! 마술 잘하는 털보 오빠에게 속는 바보(with 쫀득, 삐부)",
        "description": "위 이야기는 사실과 아주 다를 수 있습니다\n\n댓글과 트위치로 함께 소통합시다\n\n많이 사랑합니다.\n\n트위치 : 마술사김준표\n월수금토일 오후 7시 방송\n\n마술 강의\n\n렉쳐노트\nhttps://www.lnmagic.co.kr/goods/goods_search.php?keyword=%EA%B9%80%EC%A4%80%ED%91%9C&recentCount=10\n\n아르카나\nhttps://arcanamagic.com/?s=%EA%B9%80%EC%A4%80%ED%91%9C&post_type=course\n\n김준표 배우는 마술 클래스 101\nhttps://101.gg/junpyo-class\n\n비즈니스 & 합방 공연 & 강의 문의\nadm@treasurehunter.co.kr\n\n공연 및 강의 정보\nhttps://www.notion.so/kalidcerona/9f4490ab22414594874f7fbabe1bb59a\n\n영상을 퍼가실 경우 꼭 출처를 남겨주시길 바라며\n다른 영상과 합치지 마시길 바랍니다",
        "thumbnail": "https://i.ytimg.com/vi/QAaZCrv4mvI/mqdefault.jpg",
        "youtubeVideoId": "QAaZCrv4mvI",
        "uploadedDate": "2022-07-17T08:17:30Z",
        "viewCount": 34461,
        "isCommercial": "False"
    },
    {
        "id": "2fb409dd-3d3f-4f49-a307-c0e934d578b0",
        "title": "[추석특집 마술쇼] 와나나 패밀리 쩔더라",
        "description": "위 이야기는 사실과 아주 다를 수 있습니다\n\n댓글과 트위치로 함께 소통합시다\n\n많이 사랑합니다.\n\n트위치 : 마술사김준표\n월수금토일 오후 7시 방송\n\n마술 강의\n\n렉쳐노트\nhttps://www.lnmagic.co.kr/goods/goods_search.php?keyword=%EA%B9%80%EC%A4%80%ED%91%9C&recentCount=10\n\n아르카나\nhttps://arcanamagic.com/?s=%EA%B9%80%EC%A4%80%ED%91%9C&post_type=course\n\n김준표 배우는 마술 클래스 101\nhttps://101.gg/junpyo-class\n\n비즈니스 & 합방 공연 & 강의 문의\nadm@treasurehunter.co.kr\n\n공연 및 강의 정보\nhttps://www.notion.so/kalidcerona/9f4490ab22414594874f7fbabe1bb59a\n\n영상을 퍼가실 경우 꼭 출처를 남겨주시길 바라며\n다른 영상과 합치지 마시길 바랍니다",
        "thumbnail": "https://i.ytimg.com/vi/ppI9LN9nhlI/mqdefault.jpg",
        "youtubeVideoId": "ppI9LN9nhlI",
        "uploadedDate": "2022-09-12T07:28:20Z",
        "viewCount": 116606,
        "isCommercial": "False"
    },
    {
        "id": "1a41a753-d2fa-4785-b0a5-f090e3d3c2de",
        "title": "거리공연 레전드 마법 모음",
        "description": "위 이야기는 사실과 아주 다를 수 있습니다\n\n댓글과 트위치로 함께 소통합시다\n\n많이 사랑합니다.\n\n트위치 : 마술사김준표\n월수금토일 오후 7시 방송\n\n마술 강의\n\n렉쳐노트\nhttps://www.lnmagic.co.kr/goods/goods_search.php?keyword=%EA%B9%80%EC%A4%80%ED%91%9C&recentCount=10\n\n아르카나\nhttps://arcanamagic.com/?s=%EA%B9%80%EC%A4%80%ED%91%9C&post_type=course\n\n김준표 배우는 마술 클래스 101\nhttps://101.gg/junpyo-class\n\n비즈니스 & 합방 공연 & 강의 문의\nadm@treasurehunter.co.kr\n\n공연 및 강의 정보\nhttps://www.notion.so/kalidcerona/9f4490ab22414594874f7fbabe1bb59a\n\n영상을 퍼가실 경우 꼭 출처를 남겨주시길 바라며\n다른 영상과 합치지 마시길 바랍니다",
        "thumbnail": "https://i.ytimg.com/vi/Kx-pe04MmNg/mqdefault.jpg",
        "youtubeVideoId": "Kx-pe04MmNg",
        "uploadedDate": "2022-10-20T17:51:37Z",
        "viewCount": 53559,
        "isCommercial": "False"
    },
    {
        "id": "62871221-d1d6-4da3-b1bb-82b365fe916a",
        "title": "포켓몬 전문가들 마술로 멘탈 파괴",
        "description": "위 이야기는 사실과 아주 다를 수 있습니다\n\n댓글과 트위치로 함께 소통합시다\n\n많이 사랑합니다.\n\n트위치 : 마술사김준표\n월수금토일 오후 7시 방송\n\n마술 강의\n\n렉쳐노트\nhttps://www.lnmagic.co.kr/goods/goods_search.php?keyword=%EA%B9%80%EC%A4%80%ED%91%9C&recentCount=10\n\n아르카나\nhttps://arcanamagic.com/?s=%EA%B9%80%EC%A4%80%ED%91%9C&post_type=course\n\n김준표 배우는 마술 클래스 101\nhttps://101.gg/junpyo-class\n\n비즈니스 & 합방 공연 & 강의 문의\nadm@treasurehunter.co.kr\n\n공연 및 강의 정보\nhttps://www.notion.so/kalidcerona/9f4490ab22414594874f7fbabe1bb59a\n\n영상을 퍼가실 경우 꼭 출처를 남겨주시길 바라며\n다른 영상과 합치지 마시길 바랍니다",
        "thumbnail": "https://i.ytimg.com/vi/uDNizlW1UU8/mqdefault.jpg",
        "youtubeVideoId": "uDNizlW1UU8",
        "uploadedDate": "2022-10-25T07:18:01Z",
        "viewCount": 31460,
        "isCommercial": "False"
    }
]