[
    {
        "id": "03b225af-a369-4fe7-a45e-f3ec3fc1185b",
        "title": "[쫀득] 자작노래 램램송",
        "description": "램램송입니다.\n아프리카 주소 ㄱ\nafreeca.com/azsxdcff\n생방 5시, 12시반",
        "thumbnail": "https://i.ytimg.com/vi/CAmQ93UICL0/mqdefault.jpg",
        "youtubeVideoId": "CAmQ93UICL0",
        "uploadedDate": "2016-03-06T17:34:19Z",
        "viewCount": 0,
        "isCommercial": "False"
    },
    {
        "id": "e091fa78-5400-4f8b-aecd-93c32bfc32b6",
        "title": "[쫀득] Rhapsody - Emerald Sword 코믹 노래",
        "description": "아프리카 티비 쫀득 입니다.\n주소\nhttp://afreeca.com/azsxdcff",
        "thumbnail": "https://i.ytimg.com/vi/QrA2QlQWtH4/mqdefault.jpg",
        "youtubeVideoId": "QrA2QlQWtH4",
        "uploadedDate": "2016-01-23T20:16:36Z",
        "viewCount": 0,
        "isCommercial": "False"
    },
    {
        "id": "ee34a7c2-dc33-47c1-b02d-0055f90a50f2",
        "title": "[쫀득] 오로라민씨를 따라해보았다!",
        "description": "아프리카티비 쫀득입니다\nafreeca.com/azsxdcff\n영상 나그네님.",
        "thumbnail": "https://i.ytimg.com/vi/kNZ1Bvkf0vA/mqdefault.jpg",
        "youtubeVideoId": "kNZ1Bvkf0vA",
        "uploadedDate": "2016-02-14T18:53:03Z",
        "viewCount": 0,
        "isCommercial": "False"
    },
    {
        "id": "f3c9bc73-6b2e-427e-8f5e-a7a3fc7edcc6",
        "title": "[쫀득]산와머니 를 불러 보았다.",
        "description": "산와 산와~ 산와머니\n아프리카 방송 주소\nafreeca.com/azsxdcff",
        "thumbnail": "https://i.ytimg.com/vi/2HgV-x--i7E/mqdefault.jpg",
        "youtubeVideoId": "2HgV-x--i7E",
        "uploadedDate": "2016-02-17T03:35:39Z",
        "viewCount": 0,
        "isCommercial": "False"
    },
    {
        "id": "03e2a888-d452-427e-9fa4-eb275d0be25f",
        "title": "쫀득 램램방송 웃긴 노래 브금 모음집",
        "description": "웃긴노래들",
        "thumbnail": "https://i.ytimg.com/vi/bZvcJvNCOHY/mqdefault.jpg",
        "youtubeVideoId": "bZvcJvNCOHY",
        "uploadedDate": "2016-01-23T20:16:36Z",
        "viewCount": 0,
        "isCommercial": "False"
    },
    {
        "id": "c4b43489-20e3-4da7-8ff8-a2b7088fb29b",
        "title": "램램TV 브금 사막송",
        "description": "램램TV 브금 사막송",
        "thumbnail": "https://i.ytimg.com/vi/O2kHAMq4wEY/mqdefault.jpg",
        "youtubeVideoId": "O2kHAMq4wEY",
        "uploadedDate": "2016-01-23T20:16:36Z",
        "viewCount": 0,
        "isCommercial": "False"
    },
    {
        "id": "63dd242c-895c-4e6b-b1eb-4c04a6e1d09d",
        "title": "램램방송 브금 추노 낙인 개그주의",
        "description": "램램방송 브금 추노 낙인 개그주의",
        "thumbnail": "https://i.ytimg.com/vi/-l-kBHYwZGg/mqdefault.jpg",
        "youtubeVideoId": "-l-kBHYwZGg",
        "uploadedDate": "2016-01-23T20:16:36Z",
        "viewCount": 0,
        "isCommercial": "False"
    },
    {
        "id": "62ff0d27-1370-4e99-8a2c-25d421c945a0",
        "title": "[쫀득] 쫀득 목소리 리믹스 노래 (흥겨움 주의) remix",
        "description": "영상 : 나그네\n제 목소리를 녹음해서 만든 노래입니다.\n아프리카 주소 ㄱ\nafreeca.com/azsxdcff\n생방 5시, 12시반",
        "thumbnail": "https://i.ytimg.com/vi/L3ynWvG3NrE/mqdefault.jpg",
        "youtubeVideoId": "L3ynWvG3NrE",
        "uploadedDate": "2016-03-01T14:55:30Z",
        "viewCount": 0,
        "isCommercial": "False"
    },
    {
        "id": "49464964-a1fd-4a10-a42a-2fa41f02adbb",
        "title": "Private video",
        "description": "This video is private.",
        "thumbnail": null,
        "youtubeVideoId": "UIQ4Q6xEkOk",
        "uploadedDate": "2016-04-16T08:28:20Z",
        "viewCount": 0,
        "isCommercial": "False"
    }
]