[
    {
        "id": "f1e930bc-de40-4bfd-aaad-10a88a2051fe",
        "title": "걱정거리는 너굴맨이 처리했으니 안심하라구! [Donut County /풀영상]",
        "description": "우정잉의 생방송은 여기서 확인하세요!\n우정잉 트위치 https://www.twitch.tv/nanajam777",
        "thumbnail": "https://i.ytimg.com/vi/z2NfJ9KU8co/mqdefault.jpg",
        "youtubeVideoId": "z2NfJ9KU8co",
        "uploadedDate": "2018-09-23T16:26:01Z",
        "viewCount": 0,
        "isCommercial": "False"
    },
    {
        "id": "519a243f-ae75-4854-bdc7-3abcb8510a24",
        "title": "잉기옥을 모으자...!!! [세포키우기 / 풀영상]",
        "description": "세포키우기 풀버젼 영상입니다 :)\n\n우정잉의 생방송은 여기서 확인하세요!\n우정잉 트위치 https://www.twitch.tv/nanajam777\n\n#트위치 #우정잉 #세포키우기",
        "thumbnail": "https://i.ytimg.com/vi/40w_6pDr4Ak/mqdefault.jpg",
        "youtubeVideoId": "40w_6pDr4Ak",
        "uploadedDate": "2018-09-25T12:17:08Z",
        "viewCount": 0,
        "isCommercial": "False"
    },
    {
        "id": "8e9541e0-5579-4b02-bc19-428193bb99c6",
        "title": "역대급 고증 팬게임 잉과함께가 돌아왔다..! 방송 1주년 기념 팬게임 [잉과함께 2]",
        "description": "팬게임 만들어주신 '겔포스'님께 다시한번 감사의 말씀을 드립니다!\n재밌게 봐주세요 ^w^\n\n우정잉의 생방송은 여기서 확인하세요!\n우정잉 트위치 https://www.twitch.tv/nanajam777",
        "thumbnail": "https://i.ytimg.com/vi/p-wJMqJlOcQ/mqdefault.jpg",
        "youtubeVideoId": "p-wJMqJlOcQ",
        "uploadedDate": "2018-10-18T13:47:16Z",
        "viewCount": 0,
        "isCommercial": "False"
    },
    {
        "id": "33d378cd-6a45-4b04-85fe-916f4fe6a348",
        "title": "여기서 아무 것도 건들면 안된다고요..? 절.대.누.르.지.마 [Please, Don't Touch Anything]",
        "description": "우정잉의 생방송은 여기서 확인하세요!\n우정잉 트위치 https://www.twitch.tv/nanajam777",
        "thumbnail": "https://i.ytimg.com/vi/qZcq_mS-ss8/mqdefault.jpg",
        "youtubeVideoId": "qZcq_mS-ss8",
        "uploadedDate": "2018-10-19T13:17:45Z",
        "viewCount": 0,
        "isCommercial": "False"
    },
    {
        "id": "0b140ec1-fef7-4b30-9c34-d13ecc4462b0",
        "title": "옆으로 가면 몸이 터져요..? [직진게임] (181201)",
        "description": "우정잉의 생방송은 여기서 확인하세요!\n우정잉 트위치 https://www.twitch.tv/nanajam777",
        "thumbnail": "https://i.ytimg.com/vi/IFkZoFUua8w/mqdefault.jpg",
        "youtubeVideoId": "IFkZoFUua8w",
        "uploadedDate": "2018-12-09T11:06:29Z",
        "viewCount": 0,
        "isCommercial": "False"
    },
    {
        "id": "f52e88b7-c4cd-42a1-b23d-f4a462f466a5",
        "title": "누구세요..?우정잉의 하드에서 발굴한 투더문 후속작 파인딩 파라다이스",
        "description": "우정잉의 생방송은 여기서 확인하세요!\n우정잉 트위치 https://www.twitch.tv/nanajam777",
        "thumbnail": "https://i.ytimg.com/vi/qGVk55LV1fw/mqdefault.jpg",
        "youtubeVideoId": "qGVk55LV1fw",
        "uploadedDate": "2018-12-23T10:16:53Z",
        "viewCount": 0,
        "isCommercial": "False"
    },
    {
        "id": "8f275492-4e9d-4e5b-bbb0-8a1357d59b78",
        "title": "역대급 (보는 사람이) 화딱지 나는 리듬 게임 [A Dance of Fire And ICE]",
        "description": "우정잉의 생방송은 여기서 확인하세요!\n우정잉 트위치 https://www.twitch.tv/nanajam777",
        "thumbnail": "https://i.ytimg.com/vi/gTpS776EJ9Y/mqdefault.jpg",
        "youtubeVideoId": "gTpS776EJ9Y",
        "uploadedDate": "2019-02-21T10:48:30Z",
        "viewCount": 0,
        "isCommercial": "False"
    },
    {
        "id": "835a7433-6a53-439d-8141-f2e8028acbe6",
        "title": "2시간 30분 동안 소리만 지르는 영상｜역대급 무서운 공포 게임 [마녀의 집]",
        "description": "샌드박스 스튜디오에서 마녀의 집\n\n우정잉의 생방송은 여기서 확인하세요!\n우정잉 트위치 https://www.twitch.tv/nanajam777\n#공포 #쫄보 #리액션",
        "thumbnail": "https://i.ytimg.com/vi/Hp7mrCcv8i0/mqdefault.jpg",
        "youtubeVideoId": "Hp7mrCcv8i0",
        "uploadedDate": "2019-03-08T14:33:24Z",
        "viewCount": 0,
        "isCommercial": "False"
    },
    {
        "id": "dd15c784-a8c3-40e5-a4c8-bdc32a13ed92",
        "title": "인테리어 시공 전문가 김영희씨의 일생(PTSD 주의) [하우스플리퍼]",
        "description": "190507_하우스플리퍼\n우정잉의 생방송은 여기서 확인하세요!\n우정잉 트위치 https://www.twitch.tv/nanajam777\n#우줌마 #역겹 #잉혐",
        "thumbnail": "https://i.ytimg.com/vi/GmLdK_LYm9E/mqdefault.jpg",
        "youtubeVideoId": "GmLdK_LYm9E",
        "uploadedDate": "2019-05-12T05:44:27Z",
        "viewCount": 0,
        "isCommercial": "False"
    },
    {
        "id": "9134419e-e642-40d5-a3d0-b5fca9329314",
        "title": "자칭 퍼즐 여포(ㅋㅋㅋㅋ)의 퍼즐 게임 스피드런 [190404 더 룸1]",
        "description": "우정잉의 생방송은 여기서 확인하세요!\n우정잉 트위치 https://www.twitch.tv/nanajam777",
        "thumbnail": "https://i.ytimg.com/vi/1Klaczc6zgQ/mqdefault.jpg",
        "youtubeVideoId": "1Klaczc6zgQ",
        "uploadedDate": "2019-05-26T01:13:12Z",
        "viewCount": 0,
        "isCommercial": "False"
    },
    {
        "id": "71720ec9-e9fd-49f7-b977-ee2bad26ccb5",
        "title": "여포는 지능캐가 아니라 힘캔데요..ㅋㅋ 자칭 퍼즐 여포의 더 룸2 [The Room2]",
        "description": "190405_더 룸2\n\n우정잉의 생방송은 여기서 확인하세요!\n우정잉 트위치 https://www.twitch.tv/nanajam777",
        "thumbnail": "https://i.ytimg.com/vi/YcUhzGzqMAg/mqdefault.jpg",
        "youtubeVideoId": "YcUhzGzqMAg",
        "uploadedDate": "2019-06-02T08:29:53Z",
        "viewCount": 0,
        "isCommercial": "False"
    },
    {
        "id": "0cca7099-040c-4b72-bc4a-1078190c938d",
        "title": "[약간 무서움 주의] 코딩 천재 김우정의 제4의 벽 깨기 포니 아일랜드 [Pony Island]",
        "description": "190607_포니 아일랜드\n\n우정잉의 생방송은 여기서 확인하세요!\n우정잉 트위치 https://www.twitch.tv/nanajam777\n#게임실황 #공포",
        "thumbnail": "https://i.ytimg.com/vi/2BNqo5JGwdY/mqdefault.jpg",
        "youtubeVideoId": "2BNqo5JGwdY",
        "uploadedDate": "2019-06-09T09:37:49Z",
        "viewCount": 15016,
        "isCommercial": "False"
    },
    {
        "id": "1c50062c-d70d-429f-8e96-b2022705b94b",
        "title": "(약간 무서움 주의) 띵작 초자연 미스테리 어드벤처 게임 옥센프리 [Oxenfree]",
        "description": "190521_Oxenfree\n\n우정잉의 생방송은 여기서 확인하세요!\n우정잉 트위치 https://www.twitch.tv/nanajam777",
        "thumbnail": "https://i.ytimg.com/vi/ZBIiB6rixPI/mqdefault.jpg",
        "youtubeVideoId": "ZBIiB6rixPI",
        "uploadedDate": "2019-06-12T10:53:50Z",
        "viewCount": 0,
        "isCommercial": "False"
    },
    {
        "id": "a7948e4d-ac7e-4564-8f53-900282124115",
        "title": "드디어 개가 돼버린 우정잉 [나는 개가 되었다]",
        "description": "190616_나는 개가 되었다\n\n우정잉의 생방송은 여기서 확인하세요!\n우정잉 트위치 https://www.twitch.tv/nanajam777",
        "thumbnail": "https://i.ytimg.com/vi/b6LuzqDYW-U/mqdefault.jpg",
        "youtubeVideoId": "b6LuzqDYW-U",
        "uploadedDate": "2019-06-23T10:27:45Z",
        "viewCount": 0,
        "isCommercial": "False"
    },
    {
        "id": "4e02f24a-0b5c-4616-9196-2a2704fc3a5f",
        "title": "잉튜브 밈을 모른다면 이 영상을 보세요 [잉과함께 3]",
        "description": "우정잉의 생방송은 여기서 확인하세요!\n우정잉 트위치 https://www.twitch.tv/nanajam777\n#잉과함께 #잉혐 #팬게임",
        "thumbnail": "https://i.ytimg.com/vi/zalgO3Ileq4/mqdefault.jpg",
        "youtubeVideoId": "zalgO3Ileq4",
        "uploadedDate": "2019-11-02T09:18:12Z",
        "viewCount": 84512,
        "isCommercial": "False"
    }
]