[
    {
        "id": "3555ea66-06b0-4a37-bd30-8b7e7ec6abf3",
        "title": "듀얼 스크린 노트북?? 160만원 고성능 [ASUS 젠북]",
        "description": "에이수스 젠북 스크린패드2.0 ux534 [가격,스펙,디자인,성능,리뷰]\n\n새해 노트북 알아보시는분들이 많을 것 같아서\nASUS 젠북 스크린패드2.0\n노트북 가지고 왔어요!\n(작지만) 화면 두개 노트북이라 정말 좋네요ㅠㅠ\n\n*에이수스에서 제품 \"대여\"만 받아서 내맘대로 리뷰했슴다~\n\n#에이수스 #asus #젠북 #가성비노트북\n\n\n안사면 0원 사면 영원!\n항상 유용하고 재밌는 영상으로 찾아뵙겠습니다.\n구독과 좋아요 그리고 알림설정은 사랑입니다~\n* 인스타그램 : https://www.instagram.com/ate.youtube/\n* 구독하기 : https://bit.ly/37a8qvP\n* 문의 메일 : itws8692@gmail.com",
        "thumbnail": "https://i.ytimg.com/vi/FmHKT9IrL3o/mqdefault.jpg",
        "youtubeVideoId": "FmHKT9IrL3o",
        "uploadedDate": "2020-01-28T11:53:44Z",
        "viewCount": 0,
        "isCommercial": "False"
    },
    {
        "id": "d797c32c-cf65-4076-bcf6-55e1a896e7f7",
        "title": "저가형이 선넘네.. 50만원대 가성비 노트북! 레노버 아이디어패드 슬림3 14ARE R7 사용기",
        "description": "11월 오픈마켓 할인때 55만원에 구입한 \n레노버 아이디어패드 슬림3 14ARE R7 - 4700U\n업로드할때 다시 찾아보니 R5제품이 50만원대 극 후반이네요.\n\n슬림3\n램 4GB (20GB까지 확장가능)\n배터리 35Wh\n디스플레이 NTSC 45% IPS / 250nits\n포트 USB2.0 * 1 / USB3.2 *2\nPD충전 불가\n\n슬림5\n램 4+4 총 8기가 (확장 불가)\n배터리 57Wh\n디스플레이 NTSC 45% IPS / 300nits\n포트 USB3.2 *2 / USB C *1\nPD충전 가능\n\n#레노버 #가성비노트북 #저가형노트북 #르누아르 #라이젠7 #4700U\n\n*협찬 : 해당영상은 협찬사항 없습니다.\n\n*타임라인\n0:00 우와앙\n0:07 안녕하세요\n1:39 디자인\n2:37 크기 및 키보드\n3:19 CPU 및 배터리\n4:21 이친구 용도\n5:05 디스플레이 및 스피커\n5:54 전면카메라 기능\n6:40 성능테스트\n8:25 마무리 정리\n\n안사면 0원 사면 영원!\n유용한 꿀팁/설정, 핫한 아이템, 신박한 물건, 최신 기기 리뷰의 모든 것!\n\n* (비즈니스 문의) itws8692@gmail.com\n* (일상/소통) https://www.instagram.com/at_the_endd/",
        "thumbnail": "https://i.ytimg.com/vi/q8EaSIQo13M/mqdefault.jpg",
        "youtubeVideoId": "q8EaSIQo13M",
        "uploadedDate": "2020-11-15T16:14:28Z",
        "viewCount": 27371,
        "isCommercial": "False"
    },
    {
        "id": "375363e7-3b65-4f50-8fb2-b503b2e45515",
        "title": "작고 예쁜 휴대용 노트북! 90만원대 마이크로소프트 서피스 랩탑 고 장단점 사용기",
        "description": "갤탭S7+랑 크기 차이가 거의 없네요.\n작고 예쁘고 비싼것까지!\n괜히 윈도우의 맥북이라 불리는게 아니네요.\n성능을 위한 제품이 아니지만, 휴대성 디자인을 생각하면 괜찮은 것 같아요!\n다만 가격이...\n\n#서피스랩탑고 #마이크로소프트 #surfacelaptopgo\n\n*타임라인\n0:00 돌아가세요\n1:11 장점들어갑니닷\n6:36 단점들어갑니닷\n10:40 매무리\n\n*협찬 : 해당영상은 협찬사항 없습니다.\n\n안사면 0원 사면 영원!\n유용한 꿀팁/설정, 핫한 아이템, 신박한 물건, 최신 기기 리뷰의 모든 것!\n\n* (비즈니스 문의) itws8692@gmail.com\n* (일상/소통) https://www.instagram.com/at_the_endd/",
        "thumbnail": "https://i.ytimg.com/vi/vjqWtBhQ1xw/mqdefault.jpg",
        "youtubeVideoId": "vjqWtBhQ1xw",
        "uploadedDate": "2020-12-18T10:38:11Z",
        "viewCount": 25713,
        "isCommercial": "False"
    },
    {
        "id": "a7411b3b-8a5e-4d76-b618-dc2989c0603e",
        "title": "20년차 윈도우 유저가 한달동안 사용한 맥북에어란? 애플 생태계 리뷰",
        "description": "맥북에어 리뷰 한달 사용기 입니다.\n너무 분량이 많아지는것 같아 여러편으로 제작해야 할 것 같네요!\n성능위주보다는 맥북 아이패드 아이폰이 이어지는 생태계에 대한 리뷰에요.\n\n*협찬 : 해당영상은 협찬사항 없습니다.\n\n#맥북에어 #M1맥북 #애플생태계\n\n*타임라인\n0:00 아니 맥북인데?\n2:31 애플의 연동성\n4:10 트랙패드\n7:22 조합키의 조잡함\n9:31 총평 및 매무리\n\n안사면 0원 사면 영원!\n유용한 꿀팁/설정, 핫한 아이템, 신박한 물건, 최신 기기 리뷰의 모든 것!\n\n* (비즈니스 문의) itws8692@gmail.com\n* (일상/소통) https://www.instagram.com/at_the_endd/",
        "thumbnail": "https://i.ytimg.com/vi/1E6-kJ8GTHA/mqdefault.jpg",
        "youtubeVideoId": "1E6-kJ8GTHA",
        "uploadedDate": "2021-01-13T10:28:22Z",
        "viewCount": 63390,
        "isCommercial": "False"
    },
    {
        "id": "81c89555-2e1c-4ab0-a6ac-16b36ce6d653",
        "title": "Private video",
        "description": "This video is private.",
        "thumbnail": null,
        "youtubeVideoId": "B-K4skembhw",
        "uploadedDate": "2021-01-14T07:12:17Z",
        "viewCount": 2410843,
        "isCommercial": "False"
    },
    {
        "id": "5ca1c47b-6518-4fb2-90aa-ca1f8b1d511d",
        "title": "맥북 샀으면 최소한 이건 설치하세요! 반드시 써야하는 맥북 필수 어플 5가지! [m1 맥북 에어]",
        "description": "#맥북필수어플 #맥북꿀팁\n\n평화로운 맥북생활 하세요!\n\n0:00 사실 두달전인듯\n1:00 분할화면 빠르게\n4:20 동기화 노트\n6:33 잠자기 방지\n7:18 단축키 빠르게보기\n8:38 터치 커스터마이징\n10:33 완전 강추\n\n*협찬 : 해당영상은 협찬사항 없습니다.\n\n안사면 0원 사면 영원!\n유용한 꿀팁/설정, 핫한 아이템, 신박한 물건, 최신 기기 리뷰의 모든 것!\n\n* (비즈니스 문의) itws8692@gmail.com\n* (일상/소통) https://www.instagram.com/at_the_endd/",
        "thumbnail": "https://i.ytimg.com/vi/7rvhoACFnyw/mqdefault.jpg",
        "youtubeVideoId": "7rvhoACFnyw",
        "uploadedDate": "2021-03-26T02:49:34Z",
        "viewCount": 9636,
        "isCommercial": "False"
    },
    {
        "id": "30f695ad-a78f-4517-ba31-3cc89fd0ff06",
        "title": "드디어 나왔네요. 갤럭시 생태계를 책임질 갤럭시북 프로 360 13.3인치 국내최초 언박싱 및 첫인상.",
        "description": "*협찬 : 삼성전자로부터 금전적 대가 없이 제품을 제공받아 제작되었습니다.\n\n삼성에서 발표한 갤럭시북 시리즈\n갤럭시북 프로 360 언박싱 및 간단한 첫인상입니다!\n\n조금 더 사용해보면서 성능적인 부분 자세히 알려드릴게요!\n사실 성능보다 갤럭시 생태계를 어떻게 꾸려놨을지 더 집중해서 준비할거에요!\n\nTag\n#갤럭시북 #갤럭시북프로360 #노트북추천\n\n갤럭시북 프로 360 스펙\n가격 : 181~274 만 원\n디스플레이 : 13.3인치 FHD 슈퍼 AMOLED 16:9비율\n프로세서 : 인텔 i7-1165g7\n네트워크 : 와이파이6 지원 / 5G 모델 따로 있음\n메모리 : 8GB ~ 16GB\n카메라 : 720p\n배터리 : 63Wh\n65W 충전기, S펜 기본 제공\n포트 : 썬더볼트4, USB-C*2, 마이크로 SD카드, 헤드폰 단자.\n\n* 갤럭시 캠퍼스 스토어(대학생 할인) : https://www.samsung.com/sec/galaxycampus/\n\n* 삼성닷컴 사전구매 : https://www.samsung.com/sec/store-model/new-galaxy-pc/preorder/\n\n* 에이트에게 보고싶은 콘텐츠 추천하기\n\"이트야 이것좀 해보거라~\" ▼ (크롬 브라우저 추천)\nhttps://forms.gle/EityPLDpxd1XrK529\n\n* (비즈니스 문의) itws8692@gmail.com\n* (일상/소통) https://www.instagram.com/at_the_endd/\n\n*타임라인\n0:00 영상 시작쓰\n1:04 언박싱 및 구성품\n2:39 디자인\n3:08 두께 미쳤다\n3:51 360 회전 디스플레이\n4:29 키보드\n4:53 외부 포트 및 기타 스펙\n5:09 갤럭시 생태계!!\n7:30 매무리",
        "thumbnail": "https://i.ytimg.com/vi/7NqzWtxCupQ/mqdefault.jpg",
        "youtubeVideoId": "7NqzWtxCupQ",
        "uploadedDate": "2021-04-29T04:01:51Z",
        "viewCount": 43148,
        "isCommercial": "True"
    },
    {
        "id": "7b84860b-8208-464c-9036-d091b46c0ab2",
        "title": "\"좋은데..안좋기도..\" 갤럭시북 프로 360 아쉬움 느껴지는 이유!? 자세한 3주 사용기. 장단점 추천 리뷰",
        "description": "갤럭시 생태계와 갤럭시북 프로 360의 2in1 노트북 활용목적의 삼성노트의 장단점을 소개해드립니닷.\n정말 좋아졌지만, 아직 조금 더 개선할 점들이 보이네요.\n\n* 에이트에게 보고싶은 콘텐츠 추천하기\n\"이트야 이것좀 해보거라~\" ▼ (크롬 브라우저 추천)\nhttps://forms.gle/EityPLDpxd1XrK529\n\nTag\n#갤럭시북 #프로360 #사용기 #갤럭시생태계 #연동성\n\n*협찬 : 지난 언박싱 만을 목적으로 제공받은 제품으로, 이번 영상과는 관련 없습니다.\n\n* (비즈니스 문의) itws8692@gmail.com\n* (일상/소통) https://www.instagram.com/at_the_endd/",
        "thumbnail": "https://i.ytimg.com/vi/FRq18EmkJpw/mqdefault.jpg",
        "youtubeVideoId": "FRq18EmkJpw",
        "uploadedDate": "2021-05-23T04:46:17Z",
        "viewCount": 4652,
        "isCommercial": "False"
    },
    {
        "id": "82614e06-1c1c-47c4-8497-a7d9914d6a76",
        "title": "이게 되네..? 4K 듀얼모니터로 영상편집, 게임까지 활용하는법! ASUS 젠북 프로 듀오 노트북 리뷰",
        "description": "*협찬 : 해당 영상은 ASUS의 지원을 받아 제작되었습니다.\n\n완전 고성능 노트북 \nASUS 젠북 프로 듀오 OLED UX582LR 리뷰입니다~\n비싼게 좋긴 좋다...\n\n* 에이트에게 보고싶은 콘텐츠 추천하기\n\"이트야 이것좀 해보거라~\" ▼ (크롬 브라우저 추천)\nhttps://forms.gle/EityPLDpxd1XrK529\n\n* 프로모션!\n11st : http://www.11st.co.kr/plan/front/exhibitions/2055040/detail\nGmarket : http://rpp.gmarket.co.kr/?exhib=47308  \n옥션 : http://rpp.auction.co.kr/?exhib=47310  \nASUS Store : https://kr.store.asus.com/\n\nTag\n#ASUS #젠북프로듀오_15_OLED #OLED듀얼스크린노트북\n\n* (비즈니스 문의) itws8692@gmail.com\n* (일상/소통) https://www.instagram.com/at_the_endd/",
        "thumbnail": "https://i.ytimg.com/vi/--zXomOe-70/mqdefault.jpg",
        "youtubeVideoId": "--zXomOe-70",
        "uploadedDate": "2021-06-29T08:01:09Z",
        "viewCount": 659,
        "isCommercial": "False"
    },
    {
        "id": "ee461013-e7e2-4b5e-af39-5b90214ceb4a",
        "title": "갤럭시 생태계 막둥이 나왔다! 가장 저렴한 갤럭시북 GO 장단점 리뷰 (와이파이 필요없는 노트북)",
        "description": "*협찬 : 해당 영상은 삼성전자의 지원을 받아 제작되었습니다.\n\n오늘은 갤럭시 생태계에 나온 막둥이 노트북!\n갤럭시북 Go 를 소개해드립니다.\nLTE 전용모델이라 와이파이 없는 환경에서도 자유롭게 사용할 수 있다는 점이 장점이네요!\n\n갤럭시 북 GO 런칭 구매혜택 보러가기\nhttps://www.samsung.com/sec/event/GalaxyBook-GO/\n\nTag\n#갤럭시북Go #갤럭시생태계 #LTE노트북\n\n타임라인\n0:00 스냅드래곤 노트북?\n0:40 디자인\n1:15 좋았던점\n4:58 아쉬운점\n6:59 사전구매혜택\n\n* (비즈니스 문의) itws8692@gmail.com\n* (일상/소통) https://www.instagram.com/at_the_endd/",
        "thumbnail": "https://i.ytimg.com/vi/FNSS0Afk_m4/mqdefault.jpg",
        "youtubeVideoId": "FNSS0Afk_m4",
        "uploadedDate": "2021-07-27T05:31:29Z",
        "viewCount": 43633,
        "isCommercial": "True"
    },
    {
        "id": "2cd36ca4-b4c7-47a4-9da8-891ad152ac6b",
        "title": "성능 빵빵하네요..! 16인치대 게이밍 노트북 HP VICTUS 빅터스16",
        "description": "HP의 지원을 받아 제작되었습니다.\n\n오늘은 게이밍 노트북\nHP VICTUS에 대해서 소개해드려요.\n무게를 제외하곤 쿨링이나 성능의 쾌적함이 마음에 드는 제품이네요.\n16-e0105ax 와 16-e0104ax 모델이 있는데,\n영상에 나오는 제품은 e0104ax 모델입니다. (200만원대)\n가성비가 더 중요하신 분들은 e0105ax 를 선택하시는 게 좋을 것 같아요!\n\nTag\n#HPVICTUS #게이밍노트북 #가성비노트북 #16-e0104AX\n\n✔ 비즈니스 문의 : itws8692@gmail.com\n✔ 인스타그램 - https://www.instagram.com/at_the_endd/\n✔ 음원사이트 - https://artlist.io/HONG-1533409\n    (가입 시 2개월 추가 무료 혜택)",
        "thumbnail": "https://i.ytimg.com/vi/o_hOuqPTlE0/mqdefault.jpg",
        "youtubeVideoId": "o_hOuqPTlE0",
        "uploadedDate": "2021-10-05T08:43:35Z",
        "viewCount": 30296,
        "isCommercial": "True"
    },
    {
        "id": "fa86745c-f61a-4ff0-8cf1-94134950d641",
        "title": "2022 LG그램, 이번에는 건너뛰어야 한다그램.. LG그램 +view 내돈 내산 사용기",
        "description": "첫 그램을 구매해봤는데, 사실 그램 자체보다는 새롭게 출시한 플러스 뷰가 궁금하더라구요.\n그램을 구입하시려는 분들은 기존 2021 그램을 저렴하게 구입하는 걸 추천하고, 플러스 뷰는 어떤지 자세히 알려드릴게요.\n\nTag\n#2022그램 #LG그램16인치 #그램뷰+ #그램+뷰\n\n✔ 비즈니스 문의 : itws8692@gmail.com\n✔ 인스타그램 - https://www.instagram.com/at_the_endd/\n✔ 음원사이트 - https://artlist.io/HONG-1533409\n    (가입 시 2개월 추가 무료 혜택)",
        "thumbnail": "https://i.ytimg.com/vi/SWaoJwi5k58/mqdefault.jpg",
        "youtubeVideoId": "SWaoJwi5k58",
        "uploadedDate": "2022-02-02T08:02:47Z",
        "viewCount": 3340,
        "isCommercial": "False"
    },
    {
        "id": "5bc4ae38-0768-4330-bd7a-fb3bf82a919a",
        "title": "드디어 나왔다! 갤럭시북2 프로 360 주로 살펴볼 점 2가지 (12세대 성능/디스플레이 이슈/갤럭시생태계)",
        "description": "오늘은 잠시나마 미리 써본 갤럭시북2 프로 360 모델\n\nTag\n#갤럭시북2프로 #갤럭시북2프로360 #인텔12세대\n\n*타임라인\n0:00 갤럭시북2 프로 360 출시!\n1:16 인텔 12세대\n2:25 i5 1240P\n3:05 성능 테스트\n6:54 디스플레이 이슈?\n8:05 디스플레이 현미경으로 보기\n10:15 추가로 아쉬운점\n10:50 사실 장점도 굉장히 많아요\n12:03 삼성 멀티 컨트롤 기능?\n\n삼성전자에서 대여 받았으며, 자유롭게 리뷰했습니다.\n\n✔ 비즈니스 문의 : itws8692@gmail.com\n✔ 인스타그램 - https://www.instagram.com/at_the_endd/\n✔ 음원사이트 - https://artlist.io/HONG-1533409\n    (가입 시 2개월 추가 무료 혜택)",
        "thumbnail": "https://i.ytimg.com/vi/yJRFTrpQ4sQ/mqdefault.jpg",
        "youtubeVideoId": "yJRFTrpQ4sQ",
        "uploadedDate": "2022-03-13T04:11:49Z",
        "viewCount": 3828,
        "isCommercial": "False"
    },
    {
        "id": "04d926c0-fdc2-4ea1-835b-03e2ebe83d91",
        "title": "이거 하나면 끝낼 수 있어요! 프린트, 스캔, 복사, FAX, 사진까지! 무한 잉크젯 복합기 캐논 GX7092.",
        "description": "GX7092\nhttps://link.coupang.com/a/lvQoG\n위 링크에서 구매하시면 에이트ATE에게 소정의 수수료가 지급됩니다.\n\n*캐논의 지원을 받아 제작되었습니다.\n\n오늘은 무한 잉크젯 복합기 한대로 비즈니스용 복합기를 끝내는 제품을 소개해드려요.\n사진 출력까지 가능한 복합기는 처음 사용해봤는데, 이것저것 뽑는 재미가 있네요.\n\nTag\n#캐논무한잉크복합기 #GX7092 #복합기추천\n\n0:00 비즈니스 복합기\n1:15 무한 잉크?\n2:28 안료 잉크를 사용하는 이유\n3:46 잉크젯 출력 속도는 느리다?\n4:22 분리된 급지함 장점\n5:04 정작 중요한 출력 품질은? 사진 출력 가능!\n6:18 출력 복사 스캔 팩스, 기본 기능도 편리\n7:43 비즈니스 포스터\n8:35 하나로 끝내는 복합기\n\n✔ 비즈니스 문의 : itws8692@gmail.com\n✔ 인스타그램 - https://www.instagram.com/at_the_endd/\n✔ 음원사이트 - https://artlist.io/HONG-1533409\n    (가입 시 2개월 추가 무료 혜택)",
        "thumbnail": "https://i.ytimg.com/vi/rQ6y1kIXKYA/mqdefault.jpg",
        "youtubeVideoId": "rQ6y1kIXKYA",
        "uploadedDate": "2022-03-28T17:50:23Z",
        "viewCount": 11286,
        "isCommercial": "True"
    },
    {
        "id": "21491e60-18ec-43dc-bcc4-5a9ca4c083e6",
        "title": "1등 할만하네. 고성능 뽑아내는 ASUS 젠북 프로 17.3인치 노트북 사용기. UM6702RC 라이젠 6800H + RTX3050",
        "description": "오늘은 젠북 프로 17.3인치 모델을 소개해드립니다.\n사용하면서 OLED 인데 FHD 라는 점이 좀 아쉬웠던 점 말고는\nASUS UM6702RC 는 성능도 잘나오고, 색감도 좋고 괜찮더라구요.\nQHD 모델이랑 약 20만원정도 차이라고 하는데, 그 외의 다른 성능 업그레이드들도 있으니까,\n그 모델을 고려해보시는 것도 좋을 것 같아요.\n\nASUS 로부터 제품 대영을 받고, 소정의 제작비를 제공받았습니다.\n\n해시태그: #AMD #ASUS #젠북프로17 #젠북프로\n\n프로모션 링크: https://bit.ly/3uNaUyf\n\n✔ 비즈니스 문의 : itws8692@gmail.com\n✔ 인스타그램 - https://www.instagram.com/at_the_endd/\n✔ 음원사이트 - https://artlist.io/HONG-1533409\n    (가입 시 2개월 추가 무료 혜택)",
        "thumbnail": "https://i.ytimg.com/vi/7xOsLhinL-o/mqdefault.jpg",
        "youtubeVideoId": "7xOsLhinL-o",
        "uploadedDate": "2022-07-14T16:30:37Z",
        "viewCount": 19594,
        "isCommercial": "True"
    },
    {
        "id": "9962a5f7-b25d-47f6-b3b9-a06af9c168c5",
        "title": "작정하고 만들었다는 비즈니스 노트북 'HP 엘리트북 860 G9'",
        "description": "HP 엘리트북 860 G9\nhttps://link.coupang.com/a/EjuhG\n위 링크에서 구매하시면 에이트ATE에게 소정의 수수료가 지급됩니다.\n\n본 영상은 HP의 지원으로 제작된 유료광고 입니다.\n\nTag\n#HP #엘리트북 #노트북 #860 \n\n*타임라인\n0:00 공용와이파이 무섭\n1:05 특별한 보안 시스템?\n2:07 가장 마음에 드는 보안\n4:05 스펙\n5:22 비즈니스 특화 스피커\n6:16 디자인\n6:50 외부 포트\n7:49 키보드에 있는 기능\n8:37 정리\n\n✔ 비즈니스 문의 : itws8692@gmail.com\n✔ 인스타그램 - https://www.instagram.com/at_the_endd/\n✔ 음원사이트 - https://artlist.io/HONG-1533409\n    (가입 시 2개월 추가 무료 혜택)",
        "thumbnail": "https://i.ytimg.com/vi/KgsG1_0ou6I/mqdefault.jpg",
        "youtubeVideoId": "KgsG1_0ou6I",
        "uploadedDate": "2022-10-22T11:58:40Z",
        "viewCount": 7492,
        "isCommercial": "True"
    },
    {
        "id": "83751881-d33c-4c3c-ac9b-a9f3b2985686",
        "title": "Private video",
        "description": "This video is private.",
        "thumbnail": null,
        "youtubeVideoId": "bP5wBu250hQ",
        "uploadedDate": "2022-10-23T10:14:01Z",
        "viewCount": 0,
        "isCommercial": "False"
    }
]