[
    {
        "id": "d4ef3db6-3b4e-41dc-8a12-b8a9619cf327",
        "title": "요즘 친구들(2000년 이후 출생)은 잘 모르는 숫자송",
        "description": "2000년대 이후에 태어난 분이 이 노래를 알고 있다면..미..미안합니다.\n\n▶ 구독 youtube : https://goo.gl/IQHIBa \n▶ 팔로우 facebook : https://www.facebook.com/dolheesun\n▶ 팔로우 instagram : https://www.instagram.com/chaechaetv/\n▶ 취미기록 blog : http://blog.naver.com/chaechaetv\n▶ 문의 e-mail : chaechaetv@naver.com \n\n구독/좋아요/공유 잊지말고 해주시면 감사하겠어요.\n유익하고 유쾌한 컨텐츠크리에이터 채희선에게 응원을 듬뿍해주실수록, 영상이 자주 올라갑니다♥!",
        "thumbnail": "https://i.ytimg.com/vi/9BDGYE8wMNA/mqdefault.jpg",
        "youtubeVideoId": "9BDGYE8wMNA",
        "uploadedDate": "2016-12-30T08:44:37Z",
        "viewCount": 0,
        "isCommercial": "False"
    },
    {
        "id": "30409079-723f-42e5-bd1f-96e15a95de8a",
        "title": "3D펜으로 그림그리기?! 입체도형만들기?! 리뷰 [채희선/채채TV]",
        "description": "미술실력이 좋은 팅구들은 잘 만들수 있을듯요..\n\n▶ 구독 youtube : https://goo.gl/IQHIBa \n▶ 팔로우 facebook : https://www.facebook.com/dolheesun\n▶ 팔로우 instagram : https://www.instagram.com/chaechaetv/\n▶ 취미기록 blog : http://blog.naver.com/chaechaetv\n▶ 문의 e-mail : chaechaetv@naver.com \n\n구독/좋아요/공유 잊지말고 해주시면 감사하겠어요.\n유익하고 유쾌한 컨텐츠크리에이터 채희선에게 응원을 듬뿍해주실수록, 영상이 자주 올라갑니다♥!",
        "thumbnail": "https://i.ytimg.com/vi/lAsiVnHammA/mqdefault.jpg",
        "youtubeVideoId": "lAsiVnHammA",
        "uploadedDate": "2016-12-30T09:14:45Z",
        "viewCount": 0,
        "isCommercial": "False"
    },
    {
        "id": "3c83ab79-fd9c-49df-96b6-8ac9d8102bc6",
        "title": "새로운 젤리빈부즐! 개사료,양말,상한우유,썩은달걀맛 등..Review of the new jelly bean boozled [채채TV]",
        "description": "▶ 구독 youtube : https://goo.gl/IQHIBa \n▶ 팔로우 facebook : https://www.facebook.com/dolheesun\n▶ 팔로우 instagram : https://www.instagram.com/chaechaetv/\n▶ 취미기록 blog : http://blog.naver.com/chaechaetv\n▶ 문의 e-mail : chaechaetv@naver.com \n\n구독/좋아요/공유 잊지말고 해주시면 감사하겠어요.\n유익하고 유쾌한 컨텐츠크리에이터 채희선에게 응원을 듬뿍해주실수록, 영상이 자주 올라갑니다♥!\n\nKevin MacLeod의 Breaktime - Silent Film Light은(는) Creative Commons Attribution 라이선스(https://creativecommons.org/licenses/by/4.0/)에 따라 라이선스가 부여됩니다. \n\n출처: http://incompetech.com/music/royalty-free/index.html?isrc=USUAN1100302 \n\n아티스트: http://incompetech.com/",
        "thumbnail": "https://i.ytimg.com/vi/8GA9V28ZClw/mqdefault.jpg",
        "youtubeVideoId": "8GA9V28ZClw",
        "uploadedDate": "2016-12-30T09:17:31Z",
        "viewCount": 0,
        "isCommercial": "False"
    },
    {
        "id": "c7736373-1aa1-4ae3-baf8-a9c6baa45402",
        "title": "베스킨라빈스맛 사탕&초콜렛 리뷰 Baskinrobbins31 icecream candy & chocolate Review [채희선/채채TV]",
        "description": "아이스크림 사탕이 더 특이한 맛들로 많이 나왔으면 좋겠어요!\n\n▶ 구독 youtube : https://goo.gl/IQHIBa \n▶ 팔로우 facebook : https://www.facebook.com/dolheesun\n▶ 팔로우 instagram : https://www.instagram.com/chaechaetv/\n▶ 취미기록 blog : http://blog.naver.com/chaechaetv\n▶ 문의 e-mail : chaechaetv@naver.com \n\n구독/좋아요/공유 잊지말고 해주시면 감사하겠어요.\n유익하고 유쾌한 컨텐츠크리에이터 채희선에게 응원을 듬뿍해주실수록, 영상이 자주 올라갑니다♥!",
        "thumbnail": "https://i.ytimg.com/vi/V3RQeJ5EGEI/mqdefault.jpg",
        "youtubeVideoId": "V3RQeJ5EGEI",
        "uploadedDate": "2016-12-30T09:20:57Z",
        "viewCount": 0,
        "isCommercial": "False"
    },
    {
        "id": "c03dc4c6-0473-4910-930e-3de6540e6c39",
        "title": "사탕 뽑기 기계 리뷰 Candy Machine Review [채채TV]",
        "description": "끝까지 보세요 ^_^ ㅎㅎ\n\n▶ 구독 youtube : https://goo.gl/IQHIBa \n▶ 팔로우 facebook : https://www.facebook.com/dolheesun\n▶ 팔로우 instagram : https://www.instagram.com/chaechaetv/\n▶ 취미기록 blog : http://blog.naver.com/chaechaetv\n▶ 문의 e-mail : chaechaetv@naver.com \n\n구독/좋아요/공유 잊지말고 해주시면 감사하겠어요.\n유익하고 유쾌한 컨텐츠크리에이터 채희선에게 응원을 듬뿍해주실수록, 영상이 자주 올라갑니다♥!",
        "thumbnail": "https://i.ytimg.com/vi/QrRb0wgsvRc/mqdefault.jpg",
        "youtubeVideoId": "QrRb0wgsvRc",
        "uploadedDate": "2016-12-30T09:03:09Z",
        "viewCount": 0,
        "isCommercial": "False"
    },
    {
        "id": "11ca9936-f472-4e93-8a21-d0cbda7d8172",
        "title": "해리포터 젤리?! 젤리벨리 1.8kg 44가지맛 리뷰 Review of the Harry Potter jelly [채채TV]",
        "description": "해리포터 젤리빈과 젤리벨리가 다른것은 저도 알아요! \n하지만 해리포터 젤리빈과 젤리벨리에 있는 젤리들이 비슷한게 많답니다. 더 이상 '해리포터젤리아닌데'와 같은 댓글은 그만 ^.^!\n\n▶ 구독 youtube : https://goo.gl/IQHIBa \n▶ 팔로우 facebook : https://www.facebook.com/dolheesun\n▶ 팔로우 instagram : https://www.instagram.com/chaechaetv/\n▶ 취미기록 blog : http://blog.naver.com/chaechaetv\n▶ 문의 e-mail : chaechaetv@naver.com \n\n구독/좋아요/공유 잊지말고 해주시면 감사하겠어요.\n유익하고 유쾌한 컨텐츠크리에이터 채희선에게 응원을 듬뿍해주실수록, 영상이 자주 올라갑니다♥!",
        "thumbnail": "https://i.ytimg.com/vi/mTJf9RWV4oo/mqdefault.jpg",
        "youtubeVideoId": "mTJf9RWV4oo",
        "uploadedDate": "2016-12-30T08:49:48Z",
        "viewCount": 0,
        "isCommercial": "False"
    },
    {
        "id": "a23e5579-53a6-4f50-80fd-768d766aa037",
        "title": "초코파이 100개로 똥 케잌 만들기 (feat. 신동훈을 위한 발렌타인데이 몰카) Make a POO CAKE [채채TV]",
        "description": "^_^ 몰카는 2016년 2월 13일 저녁5시 영상에서 만나요!\n\n▶ 구독 youtube : https://goo.gl/IQHIBa \n▶ 팔로우 facebook : https://www.facebook.com/dolheesun\n▶ 팔로우 instagram : https://www.instagram.com/chaechaetv/\n▶ 취미기록 blog : http://blog.naver.com/chaechaetv\n▶ 문의 e-mail : chaechaetv@naver.com \n\n구독/좋아요/공유 잊지말고 해주시면 감사하겠어요.\n유익하고 유쾌한 컨텐츠크리에이터 채희선에게 응원을 듬뿍해주실수록, 영상이 자주 올라갑니다♥!",
        "thumbnail": "https://i.ytimg.com/vi/z3X76HGRtBM/mqdefault.jpg",
        "youtubeVideoId": "z3X76HGRtBM",
        "uploadedDate": "2016-12-30T08:53:39Z",
        "viewCount": 0,
        "isCommercial": "False"
    },
    {
        "id": "6129281f-90df-429a-af71-4db0b226cb0c",
        "title": "술맛초코렛을 먹어보았다. 킷캣 사케맛 리뷰! Japanese Sake Kitkat Review [채채TV]",
        "description": "오늘의 명언: 술을 먹고 쓰레기가 되는 것보다 술쓰레기가 낫습니다.\n\n▶ 구독 youtube : https://goo.gl/IQHIBa \n▶ 팔로우 facebook : https://www.facebook.com/dolheesun\n▶ 팔로우 instagram : https://www.instagram.com/chaechaetv/\n▶ 취미기록 blog : http://blog.naver.com/chaechaetv\n▶ 문의 e-mail : chaechaetv@naver.com \n\n구독/좋아요/공유 잊지말고 해주시면 감사하겠어요.\n유익하고 유쾌한 컨텐츠크리에이터 채희선에게 응원을 듬뿍해주실수록, 영상이 자주 올라갑니다♥!",
        "thumbnail": "https://i.ytimg.com/vi/aPwiwgGxN5U/mqdefault.jpg",
        "youtubeVideoId": "aPwiwgGxN5U",
        "uploadedDate": "2016-12-30T09:16:19Z",
        "viewCount": 0,
        "isCommercial": "False"
    },
    {
        "id": "c67f2389-1d76-4e08-9ed9-36baed466ae2",
        "title": "초코가루 + 우유 = 초코 철판 아이스크림을 휘핑크림없이 만들어보다!? 그 맛은?! [채채TV/채채문방구]",
        "description": "철판 아이스크림 초보라서 어려웠어요. 여러분이 응원해주면 채채가 잘 만들수 있겠죠? \n\n▶ 구독 youtube : https://goo.gl/IQHIBa \n▶ 팔로우 facebook : https://www.facebook.com/dolheesun\n▶ 팔로우 instagram : https://www.instagram.com/chaechaetv/\n▶ 문의 e-mail : chaechaetv@naver.com",
        "thumbnail": "https://i.ytimg.com/vi/DoxKp11dX-g/mqdefault.jpg",
        "youtubeVideoId": "DoxKp11dX-g",
        "uploadedDate": "2017-01-31T07:59:17Z",
        "viewCount": 0,
        "isCommercial": "False"
    },
    {
        "id": "f2b7971b-477c-45f6-8c24-04ee4f59253d",
        "title": "베이컨맛 사탕을 먹어보았다! Eat a sizzling bacon candy  [채채TV]",
        "description": "우리나라에서도 삼겹살 사탕이 있었으면 좋겠다.\n\n▶ 구독 youtube : https://goo.gl/IQHIBa \n▶ 팔로우 facebook : https://www.facebook.com/dolheesun\n▶ 팔로우 instagram : https://www.instagram.com/chaechaetv/\n▶ 취미기록 blog : http://blog.naver.com/chaechaetv\n▶ 문의 e-mail : chaechaetv@naver.com \n\n구독/좋아요/공유 잊지말고 해주시면 감사하겠어요.\n유익하고 유쾌한 컨텐츠크리에이터 채희선에게 응원을 듬뿍해주실수록, 영상이 자주 올라갑니다♥!\n\nKevin MacLeod의 Jaunty Gumption은(는) Creative Commons Attribution 라이선스(https://creativecommons.org/licenses/by/4.0/)에 따라 라이선스가 부여됩니다. \n\n출처: http://incompetech.com/music/royalty-free/index.html?isrc=USUAN1300017 \n\n아티스트: http://incompetech.com/",
        "thumbnail": "https://i.ytimg.com/vi/l0igy0kOIkk/mqdefault.jpg",
        "youtubeVideoId": "l0igy0kOIkk",
        "uploadedDate": "2016-12-30T09:18:25Z",
        "viewCount": 0,
        "isCommercial": "False"
    },
    {
        "id": "1c64d4a0-e468-416c-9265-5a415470c978",
        "title": "똥케잌 몰카 (with신동훈) Valentine's Day poo prank [채채TV]",
        "description": "^_^똥 먹어라 신동훈!\n\n▶ 구독 youtube : https://goo.gl/IQHIBa \n▶ 팔로우 facebook : https://www.facebook.com/dolheesun\n▶ 팔로우 instagram : https://www.instagram.com/chaechaetv/\n▶ 취미기록 blog : http://blog.naver.com/chaechaetv\n▶ 문의 e-mail : chaechaetv@naver.com \n\n구독/좋아요/공유 잊지말고 해주시면 감사하겠어요.\n유익하고 유쾌한 컨텐츠크리에이터 채희선에게 응원을 듬뿍해주실수록, 영상이 자주 올라갑니다♥!",
        "thumbnail": "https://i.ytimg.com/vi/rWo1XFuA2lU/mqdefault.jpg",
        "youtubeVideoId": "rWo1XFuA2lU",
        "uploadedDate": "2016-12-30T08:54:02Z",
        "viewCount": 0,
        "isCommercial": "False"
    },
    {
        "id": "995dd92e-c087-45c3-bb3a-afc048c53d6a",
        "title": "초6 수학문제풀기 도전! (feat.수학경시대회) [채채TV]",
        "description": "십여년전, 수학경시대회에서 상을 세번이나 받았던 채채의 수학실력은?\n\n▶ 구독 youtube : https://goo.gl/IQHIBa \n▶ 팔로우 facebook : https://www.facebook.com/dolheesun\n▶ 팔로우 instagram : https://www.instagram.com/chaechaetv/\n▶ 취미기록 blog : http://blog.naver.com/chaechaetv\n▶ 문의 e-mail : chaechaetv@naver.com \n\n구독/좋아요/공유 잊지말고 해주시면 감사하겠어요.\n유익하고 유쾌한 컨텐츠크리에이터 채희선에게 응원을 듬뿍해주실수록, 영상이 자주 올라갑니다♥!",
        "thumbnail": "https://i.ytimg.com/vi/mNf7ffPB6H0/mqdefault.jpg",
        "youtubeVideoId": "mNf7ffPB6H0",
        "uploadedDate": "2016-12-30T09:08:54Z",
        "viewCount": 0,
        "isCommercial": "False"
    },
    {
        "id": "9f5230ae-021b-4878-b87b-52a204a78fba",
        "title": "대왕 페레로로쉐를 먹어보았다! Grand Ferrero Rocher Review [채채TV]",
        "description": "여러분은 어떻게 보셨나요? 전 페레로로쉐의 반전에 놀랐어요. 키키.\n\n▶ 구독 youtube : https://goo.gl/IQHIBa \n▶ 팔로우 facebook : https://www.facebook.com/dolheesun\n▶ 팔로우 instagram : https://www.instagram.com/chaechaetv/\n▶ 취미기록 blog : http://blog.naver.com/chaechaetv\n▶ 문의 e-mail : chaechaetv@naver.com \n\n구독/좋아요/공유 잊지말고 해주시면 감사하겠어요.\n유익하고 유쾌한 컨텐츠크리에이터 채희선에게 응원을 듬뿍해주실수록, 영상이 자주 올라갑니다♥!",
        "thumbnail": "https://i.ytimg.com/vi/OIvcKP4698g/mqdefault.jpg",
        "youtubeVideoId": "OIvcKP4698g",
        "uploadedDate": "2016-12-30T09:19:20Z",
        "viewCount": 0,
        "isCommercial": "False"
    },
    {
        "id": "96f2cb13-fd0d-4678-859d-a42daae1fb17",
        "title": "거짓말탐지기 리뷰 (채채의 사생활을 파헤치다?!) Electric Shock Lie Detector test [채채TV/채희선]",
        "description": "▶ 취미기록 blog : http://blog.naver.com/chaechaetv\n\n구독/좋아요/공유 잊지말고 해주시면 감사하겠어요.\n유익하고 유쾌한 컨텐츠크리에이터 채희선에게 응원을 듬뿍해주실수록, 영상이 자주 올라갑니다♥!",
        "thumbnail": "https://i.ytimg.com/vi/EAJWbF3_-Pw/mqdefault.jpg",
        "youtubeVideoId": "EAJWbF3_-Pw",
        "uploadedDate": "2016-12-30T09:11:46Z",
        "viewCount": 0,
        "isCommercial": "False"
    },
    {
        "id": "60831c14-fd28-4dd4-b69a-12833310143b",
        "title": "가루로 된 액체괴물?! 젤리괴물!? Slime Baff Review [채채TV]",
        "description": "버릴때는 물에 희석해서 버려주면 된대요. 환경오염 걱정 NO.\n\n▶ 구독 youtube : https://goo.gl/IQHIBa \n▶ 팔로우 facebook : https://www.facebook.com/dolheesun\n▶ 팔로우 instagram : https://www.instagram.com/chaechaetv/\n▶ 취미기록 blog : http://blog.naver.com/chaechaetv\n▶ 문의 e-mail : chaechaetv@naver.com \n\n구독/좋아요/공유 잊지말고 해주시면 감사하겠어요.\n유익하고 유쾌한 컨텐츠크리에이터 채희선에게 응원을 듬뿍해주실수록, 영상이 자주 올라갑니다♥!",
        "thumbnail": "https://i.ytimg.com/vi/fod2Xddy2rg/mqdefault.jpg",
        "youtubeVideoId": "fod2Xddy2rg",
        "uploadedDate": "2016-12-30T09:21:21Z",
        "viewCount": 0,
        "isCommercial": "False"
    },
    {
        "id": "3fb7fe21-8d06-4738-ac85-5f5585accbe7",
        "title": "문어알모양 젤리를 만들고 먹어보았다!  콧물맛의 도톳토 젤리? [채채TV/채채문방구]",
        "description": "채채문방구 물건 중에 최저의 점수를 받은 그 맛은?!\n\n▶ 구독 youtube : https://goo.gl/IQHIBa \n▶ 팔로우 facebook : https://www.facebook.com/dolheesun\n▶ 팔로우 instagram : https://www.instagram.com/chaechaetv/\n▶ 문의 e-mail : chaechaetv@naver.com\n\nKevin MacLeod의 Fig Leaf Rag은(는) Creative Commons Attribution 라이선스(https://creativecommons.org/licenses/by/4.0/)에 따라 라이선스가 부여됩니다. \n출처: http://incompetech.com/music/royalty-free/index.html?isrc=USUAN1100701 \n아티스트: http://incompetech.com/",
        "thumbnail": "https://i.ytimg.com/vi/KSmkr_6Z5DE/mqdefault.jpg",
        "youtubeVideoId": "KSmkr_6Z5DE",
        "uploadedDate": "2017-02-02T15:08:03Z",
        "viewCount": 0,
        "isCommercial": "False"
    },
    {
        "id": "2b9d51e4-b0e9-4225-8bbb-95b9c2c4762f",
        "title": "거품나는 세탁기 장난감 과자, 모꼬모꼬 가루쿡 [채채TV&채채문방구]",
        "description": "채채는 여섯살. 스물여섯살..\n\n▶ 구독 youtube : https://goo.gl/IQHIBa \n▶ 팔로우 facebook : https://www.facebook.com/dolheesun\n▶ 팔로우 instagram : https://www.instagram.com/chaechaetv/\n▶ 문의 e-mail : chaechaetv@naver.com",
        "thumbnail": "https://i.ytimg.com/vi/HgYATM7yVkg/mqdefault.jpg",
        "youtubeVideoId": "HgYATM7yVkg",
        "uploadedDate": "2017-01-14T02:46:17Z",
        "viewCount": 0,
        "isCommercial": "False"
    },
    {
        "id": "32a82e52-ed1c-4f4b-9e1c-023fd2c55c36",
        "title": "장미꽃맛 사탕을 먹어보았다 ※반전※ [채채TV&채채문방구]",
        "description": "장미꽃맛 사탕에선 정말 장미맛? 장미향?이 날까요?\n\n▶ 구독 youtube : https://goo.gl/IQHIBa \n▶ 팔로우 facebook : https://www.facebook.com/dolheesun\n▶ 팔로우 instagram : https://www.instagram.com/chaechaetv/\n▶ 문의 e-mail : chaechaetv@naver.com",
        "thumbnail": "https://i.ytimg.com/vi/XaEShvMzXYg/mqdefault.jpg",
        "youtubeVideoId": "XaEShvMzXYg",
        "uploadedDate": "2017-01-04T16:59:48Z",
        "viewCount": 0,
        "isCommercial": "False"
    },
    {
        "id": "9eea7cbb-70bd-4d9b-9c87-a6c4c8af02fd",
        "title": "미용실 놀이 할수있는 장난감 과자! 오카시나살롱, 가루쿡 [채채TV&채채문방구]",
        "description": "오늘도 채채는 예쁘게 만들 생각은 커녕 동심파괴만 ㅎㅎ데헿\n\n▶ 구독 youtube : https://goo.gl/IQHIBa \n▶ 팔로우 facebook : https://www.facebook.com/dolheesun\n▶ 팔로우 instagram : https://www.instagram.com/chaechaetv/\n▶ 취미기록 blog : http://blog.naver.com/chaechaetv\n▶ 문의 e-mail : chaechaetv@naver.com \n\n구독/좋아요/공유 잊지말고 해주시면 감사하겠어요.\n유익하고 유쾌한 컨텐츠크리에이터 채희선에게 응원을 듬뿍해주실수록, 영상이 자주 올라갑니다♥!",
        "thumbnail": "https://i.ytimg.com/vi/txBvvxMwvRU/mqdefault.jpg",
        "youtubeVideoId": "txBvvxMwvRU",
        "uploadedDate": "2017-01-03T15:46:41Z",
        "viewCount": 0,
        "isCommercial": "False"
    },
    {
        "id": "d71cf8d5-a178-4d80-a3e5-348140148ccc",
        "title": "생방송)  일본 편의점 음식 내맘대로 먹방",
        "description": "구글 행사로 처음으로 일본출장 왔어요! \n밤에 잠깐 시간나서 일본 편의점 음식 먹방할게요! 냠냠",
        "thumbnail": "https://i.ytimg.com/vi/q7R88sGZti4/mqdefault.jpg",
        "youtubeVideoId": "q7R88sGZti4",
        "uploadedDate": "2016-12-30T09:18:41Z",
        "viewCount": 0,
        "isCommercial": "False"
    },
    {
        "id": "22b87ae4-b690-4137-aac1-c4e446c53fe5",
        "title": "미니 당구 장난감 리뷰 Review of the pool toys [채채TV/채희선]",
        "description": "당구 좋아하시는 분들도 한번쯤은 해볼만한..!\n\n▶ 구독 youtube : https://goo.gl/IQHIBa \n▶ 팔로우 facebook : https://www.facebook.com/dolheesun\n▶ 팔로우 instagram : https://www.instagram.com/chaechaetv/\n▶ 문의 e-mail : chaechaetv@naver.com \n\n구독/좋아요/공유 잊지말고 해주시면 감사하겠어요.\n유익하고 유쾌한 컨텐츠크리에이터 채희선에게 응원을 듬뿍해주실수록, 영상이 자주 올라갑니다♥!",
        "thumbnail": "https://i.ytimg.com/vi/G428G9QM8JM/mqdefault.jpg",
        "youtubeVideoId": "G428G9QM8JM",
        "uploadedDate": "2016-12-30T09:09:51Z",
        "viewCount": 0,
        "isCommercial": "False"
    },
    {
        "id": "1dd1d1d6-dfa4-4cd9-a50b-e7f7c2162282",
        "title": "사이다+우유=밀키스!? 의외의 발견을 한 채희선..[채채TV]",
        "description": "ㅎㅎ하지만 돈주고 밀키스를 사먹는것이 낫습니다.\n\n▶ 구독 youtube : https://goo.gl/IQHIBa \n▶ 팔로우 facebook : https://www.facebook.com/dolheesun\n▶ 팔로우 instagram : https://www.instagram.com/chaechaetv/\n▶ 문의 e-mail : chaechaetv@naver.com \n\n구독/좋아요/공유 잊지말고 해주시면 감사하겠어요.\n유익하고 유쾌한 컨텐츠크리에이터 채희선에게 응원을 듬뿍해주실수록, 영상이 자주 올라갑니다♥!",
        "thumbnail": "https://i.ytimg.com/vi/8QS8R0jJTwU/mqdefault.jpg",
        "youtubeVideoId": "8QS8R0jJTwU",
        "uploadedDate": "2016-12-30T09:02:50Z",
        "viewCount": 0,
        "isCommercial": "False"
    },
    {
        "id": "e2040171-6de3-41a0-b1fa-83b1517645f2",
        "title": "캔 팝콘 만들기 Make a can popcorn [채채TV]",
        "description": "팝콘보면서 같이 영화 먹을 사람이 없네..눈물..쥬륵..\n\n▶ 구독 youtube : https://goo.gl/IQHIBa \n▶ 팔로우 facebook : https://www.facebook.com/dolheesun\n▶ 팔로우 instagram : https://www.instagram.com/chaechaetv/\n▶ 취미기록 blog : http://blog.naver.com/chaechaetv\n▶ 문의 e-mail : chaechaetv@naver.com \n\n구독/좋아요/공유 잊지말고 해주시면 감사하겠어요.\n유익하고 유쾌한 컨텐츠크리에이터 채희선에게 응원을 듬뿍해주실수록, 영상이 자주 올라갑니다♥!",
        "thumbnail": "https://i.ytimg.com/vi/K5rxNbUf2qc/mqdefault.jpg",
        "youtubeVideoId": "K5rxNbUf2qc",
        "uploadedDate": "2016-12-30T08:56:54Z",
        "viewCount": 0,
        "isCommercial": "False"
    },
    {
        "id": "8e4ba6dc-dc59-47cd-9be1-d1b70d83d587",
        "title": "물없이 엽기떡볶이를 몇개나 먹을수 있을까? 도전! [채채TV]",
        "description": "채희선 보다 대단한 채희선 친구..\n\n▶ 구독 youtube : https://goo.gl/IQHIBa \n▶ 팔로우 facebook : https://www.facebook.com/dolheesun\n▶ 취미기록 blog : http://blog.naver.com/chaechaetv\n▶ 팔로우 instagram : https://www.instagram.com/chaechaetv/\n▶ 문의 e-mail : chaechaetv@naver.com \n\n구독/좋아요/공유 잊지말고 해주시면 감사하겠어요.\n유익하고 유쾌한 컨텐츠크리에이터 채희선에게 응원을 듬뿍해주실수록, 영상이 자주 올라갑니다♥!",
        "thumbnail": "https://i.ytimg.com/vi/Yyypj24E-T0/mqdefault.jpg",
        "youtubeVideoId": "Yyypj24E-T0",
        "uploadedDate": "2016-12-30T08:51:32Z",
        "viewCount": 0,
        "isCommercial": "False"
    },
    {
        "id": "45eb57c6-2d5d-48b2-afdf-d5507bccc4f4",
        "title": "해리포터 젤리빈 1.8kg (젤리벨리젤리)를 끓여먹기 도전 [채채TV]",
        "description": "^_^..젤리벨리 넘나 맛있는것..\n\n▶ 구독 youtube : https://goo.gl/IQHIBa \n▶ 팔로우 facebook : https://www.facebook.com/dolheesun\n▶ 팔로우 instagram : https://www.instagram.com/chaechaetv/\n▶ 취미기록 blog : http://blog.naver.com/chaechaetv\n▶ 문의 e-mail : chaechaetv@naver.com \n\n구독/좋아요/공유 잊지말고 해주시면 감사하겠어요.\n유익하고 유쾌한 컨텐츠크리에이터 채희선에게 응원을 듬뿍해주실수록, 영상이 자주 올라갑니다♥!",
        "thumbnail": "https://i.ytimg.com/vi/U1TrdKm_e3w/mqdefault.jpg",
        "youtubeVideoId": "U1TrdKm_e3w",
        "uploadedDate": "2016-12-30T08:50:44Z",
        "viewCount": 0,
        "isCommercial": "False"
    },
    {
        "id": "ee32600b-21f4-4452-97eb-883de06992c4",
        "title": "와사비과자 한봉지 한번에 먹기 도전! [채채TV] Wasabi snack Review",
        "description": "진짜 매워 XD!!!\n\n▶ 구독 youtube : https://goo.gl/IQHIBa \n▶ 팔로우 facebook : https://www.facebook.com/dolheesun\n▶ 팔로우 instagram : https://www.instagram.com/chaechaetv/\n▶ 문의 e-mail : chaechaetv@naver.com \n\n구독/좋아요/공유 잊지말고 해주시면 감사하겠어요.\n유익하고 유쾌한 컨텐츠크리에이터 채희선에게 응원을 듬뿍해주실수록, 영상이 자주 올라갑니다♥!",
        "thumbnail": "https://i.ytimg.com/vi/WaE1o1T7zIc/mqdefault.jpg",
        "youtubeVideoId": "WaE1o1T7zIc",
        "uploadedDate": "2016-12-30T08:49:25Z",
        "viewCount": 0,
        "isCommercial": "False"
    },
    {
        "id": "3d45921b-6301-4bd5-b534-6ee133b1c68b",
        "title": "녹말이쑤시개 칠리면 만들어먹기 [채채TV/마법사채채] Make a starch toothpick food!",
        "description": "..많이 먹으려고해도 냄새와 재질때문에 절대 못먹습니다.\n\n'본 영상에 사용된 음악은 계약을 통하여 주식회사 모두컴이 한국내에서 독점적, 배타적으로 관리하고 있습니다.'\n\n▶ 구독 youtube : https://goo.gl/IQHIBa \n▶ 팔로우 facebook : https://www.facebook.com/dolheesun\n▶ 팔로우 instagram : https://www.instagram.com/chaechaetv/\n▶ 문의 e-mail : chaechaetv@naver.com \n\n구독/좋아요/공유 잊지말고 해주시면 감사하겠어요.\n유익하고 유쾌한 컨텐츠크리에이터 채희선에게 응원을 듬뿍해주실수록, 영상이 자주 올라갑니다♥!",
        "thumbnail": "https://i.ytimg.com/vi/IxZlYeEnBwE/mqdefault.jpg",
        "youtubeVideoId": "IxZlYeEnBwE",
        "uploadedDate": "2016-12-30T08:48:46Z",
        "viewCount": 0,
        "isCommercial": "False"
    },
    {
        "id": "24b2f047-2cce-45df-9a6a-5345c4fb84ce",
        "title": "세계과자리뷰 Review of the world snack & cookies [채채TV]",
        "description": "ㅇ.ㅇ더 많은 과자를 보여드리고 싶었지만 방송시간관계상 짧게 보여드려서 아쉽네요 쩝쩝!\n\n▶ 구독 youtube : https://goo.gl/IQHIBa \n▶ 팔로우 facebook : https://www.facebook.com/dolheesun\n▶ 팔로우 instagram : https://www.instagram.com/chaechaetv/\n▶ 취미기록 blog : http://blog.naver.com/chaechaetv\n▶ 문의 e-mail : chaechaetv@naver.com \n\n구독/좋아요/공유 잊지말고 해주시면 감사하겠어요.\n유익하고 유쾌한 컨텐츠크리에이터 채희선에게 응원을 듬뿍해주실수록, 영상이 자주 올라갑니다♥!",
        "thumbnail": "https://i.ytimg.com/vi/X6nSFOxFMqQ/mqdefault.jpg",
        "youtubeVideoId": "X6nSFOxFMqQ",
        "uploadedDate": "2016-12-30T08:48:13Z",
        "viewCount": 0,
        "isCommercial": "False"
    },
    {
        "id": "dc8a314b-c0fb-4cc9-90c5-3f9305eefc1c",
        "title": "젤라틴 없이 맥주모양 젤리 만들기 [채채TV/마법사채채] Jelly to make the shape of beer",
        "description": "얼리는 시간빼고 다 좋은 맥주모양 젤리..GOOOOOOOOD!1\n\n▶ 구독 youtube : https://goo.gl/IQHIBa \n▶ 팔로우 facebook : https://www.facebook.com/dolheesun\n▶ 팔로우 instagram : https://www.instagram.com/chaechaetv/\n▶ 취미기록 blog : http://blog.naver.com/chaechaetv\n▶ 문의 e-mail : chaechaetv@naver.com \n\n구독/좋아요/공유 잊지말고 해주시면 감사하겠어요.\n유익하고 유쾌한 컨텐츠크리에이터 채희선에게 응원을 듬뿍해주실수록, 영상이 자주 올라갑니다♥!",
        "thumbnail": "https://i.ytimg.com/vi/pJD0zg3HgJo/mqdefault.jpg",
        "youtubeVideoId": "pJD0zg3HgJo",
        "uploadedDate": "2016-12-30T08:47:42Z",
        "viewCount": 0,
        "isCommercial": "False"
    },
    {
        "id": "aea72fbf-5d48-46b2-aa4b-d111c4911dff",
        "title": "메추리알 100개 거대 괴물 후라이 (혐오주의/냄새주의/개구리알주의) [채채TV/마법사채채] Fried Quail eggs",
        "description": "메추리알의 냄새는......잊지못할거예요...☆\n\n▶ 구독 youtube : https://goo.gl/IQHIBa \n▶ 팔로우 facebook : https://www.facebook.com/dolheesun\n▶ 팔로우 instagram : https://www.instagram.com/chaechaetv/\n▶ 취미기록 cyworld : http://cy.cyworld.com/home/59443598\n▶ 문의 e-mail : chaechaetv@naver.com \n\n구독/좋아요/공유 잊지말고 해주시면 감사하겠어요.\n유익하고 유쾌한 컨텐츠크리에이터 채희선에게 응원을 듬뿍해주실수록, 영상이 자주 올라갑니다♥!",
        "thumbnail": "https://i.ytimg.com/vi/KRJdMpL9Nng/mqdefault.jpg",
        "youtubeVideoId": "KRJdMpL9Nng",
        "uploadedDate": "2016-12-30T08:41:52Z",
        "viewCount": 0,
        "isCommercial": "False"
    },
    {
        "id": "7653b1d7-f8a9-4a4a-ae75-82756cf20fb5",
        "title": "추억의 불량식품(=문방구과자) 리뷰 Trying Old School Korean Snacks [채채TV]",
        "description": "불량식품 안먹은지 어언 10여년! 오랜만에 먹어봤져용 히히히\n\n▶ 구독 youtube : https://goo.gl/IQHIBa \n▶ 팔로우 facebook : https://www.facebook.com/dolheesun\n▶ 팔로우 instagram : https://www.instagram.com/chaechaetv/\n▶ 취미기록 blog : http://blog.naver.com/chaechaetv\n▶ 문의 e-mail : chaechaetv@naver.com \n\n구독/좋아요/공유 잊지말고 해주시면 감사하겠어요.\n유익하고 유쾌한 컨텐츠크리에이터 채희선에게 응원을 듬뿍해주실수록, 영상이 자주 올라갑니다♥!",
        "thumbnail": "https://i.ytimg.com/vi/obPrl84xNg8/mqdefault.jpg",
        "youtubeVideoId": "obPrl84xNg8",
        "uploadedDate": "2016-12-30T08:40:52Z",
        "viewCount": 0,
        "isCommercial": "False"
    },
    {
        "id": "ecbc1b7b-ff6b-4c09-b415-a05e00d44041",
        "title": "젤리 수십여종 끓여서 괴물젤리탕 맛보기[채채TV/마법사채채] Make jelly soup",
        "description": "나는 대체 언제까지 이상한 음식을 맛볼것인가?????!?!?!\n\n▶ Subscribe 구독 youtube : https://goo.gl/IQHIBa \n▶ Follow 팔로우 facebook : https://www.facebook.com/dolheesun\n\n리포터 & 컨텐츠 크리에이터 '채희선'의 영상을 꾸~준히 보고싶다면, 구독하기 눌러주세요. 일주일에 한번 이상 채희선을 만날수 있어요.",
        "thumbnail": "https://i.ytimg.com/vi/CtMct4pWGgE/mqdefault.jpg",
        "youtubeVideoId": "CtMct4pWGgE",
        "uploadedDate": "2016-12-30T08:39:08Z",
        "viewCount": 0,
        "isCommercial": "False"
    },
    {
        "id": "faccc239-9d26-4685-835e-8e512c09fed6",
        "title": "CD로 풍선불기 Make CD balloon [채채TV/마법사채채]",
        "description": "세상에 쉬운일 하나 없나니...\n▶ Subscribe 구독 youtube : https://goo.gl/IQHIBa \n▶ Follow 팔로우 facebook : https://www.facebook.com/dolheesun\n\n리포터 & 컨텐츠 크리에이터 '채희선'의 영상을 꾸~준히 보고싶다면, 구독하기 눌러주세요. 일주일에 한번 이상 채희선을 만날수 있어요. 감사합니다. 사랑합니다.",
        "thumbnail": "https://i.ytimg.com/vi/-ER5t9uBOP0/mqdefault.jpg",
        "youtubeVideoId": "-ER5t9uBOP0",
        "uploadedDate": "2016-12-30T08:38:23Z",
        "viewCount": 0,
        "isCommercial": "False"
    },
    {
        "id": "d8554345-4a07-4e95-8c75-15245405810f",
        "title": "고무줄 30개 이어서 고무줄넘기 만들어서 줄넘기하기 [채채TV/마법사채채] Jump the Rubber band",
        "description": "숨이 가빴지만 재밌었던 고무줄 줄넘기!! \n▶ Subscribe 구독 youtube : https://goo.gl/IQHIBa \n▶ Follow 팔로우 facebook : https://www.facebook.com/dolheesun\n\n리포터 & 컨텐츠 크리에이터 '채희선'의 영상을 꾸~준히 보고싶다면, 구독하기 눌러주세요. 일주일에 한번 이상 채희선을 만날수 있어요. 감사합니다. 사랑합니다",
        "thumbnail": "https://i.ytimg.com/vi/w93JprcZG5Y/mqdefault.jpg",
        "youtubeVideoId": "w93JprcZG5Y",
        "uploadedDate": "2016-12-30T08:36:54Z",
        "viewCount": 0,
        "isCommercial": "False"
    },
    {
        "id": "5bd920cf-1974-473e-9803-8e183061a896",
        "title": "풍선껌 100개를 끓이면 어떻게 될까? [채채TV/마법사채채]How if you boil it a 100 pieces of gum",
        "description": "향기와 연기때문에 힘들었던 실험..그리고 뻔하지만 뻔뻔한실험..(부끄)\n▶ Subscribe 구독 youtube : https://goo.gl/IQHIBa \n▶ Follow 팔로우 facebook : https://www.facebook.com/dolheesun\n\n리포터 & 컨텐츠 크리에이터 '채희선'의 영상을 꾸~준히 보고싶다면, 구독하기 눌러주세요.\n일주일에 한번 이상 채희선을 만날수 있어요. 감사합니다. 사랑합니다.",
        "thumbnail": "https://i.ytimg.com/vi/ahC4SS1bVqs/mqdefault.jpg",
        "youtubeVideoId": "ahC4SS1bVqs",
        "uploadedDate": "2016-12-30T08:35:00Z",
        "viewCount": 0,
        "isCommercial": "False"
    },
    {
        "id": "8236541e-5cfb-443a-8348-0f91f92a0516",
        "title": "거대 눈(snow) 탱탱볼 만들기 (feat.소금화석)[채채TV/마법사채채] Make a Giant rubber ball",
        "description": "거대 눈 탱탱볼 만들기는 많은 힘이 요구되니까 두사람이서 하는게 좋을듯요!\n▶ Subscribe 구독 youtube :  https://goo.gl/IQHIBa \n\n리포터 & 컨텐츠 크리에이터 '채희선'의 영상을 꾸~준히 보고싶다면, 구독하기 눌러주세요.\n일주일에 한번 이상 채희선을 만날수 있어요. 감사합니다. 사랑합니다.",
        "thumbnail": "https://i.ytimg.com/vi/xy6zWww49oY/mqdefault.jpg",
        "youtubeVideoId": "xy6zWww49oY",
        "uploadedDate": "2016-12-30T08:34:39Z",
        "viewCount": 0,
        "isCommercial": "False"
    },
    {
        "id": "f904dbb8-cab8-45d4-8835-b96604f886c6",
        "title": "젤라틴 없이 거대 볼(bowl) 푸딩 만들기 Make No Gelatin Pudding [채채TV/마법사채채]",
        "description": "▶ Subscribe 구독 youtube : https://www.youtube.com/c/채희선 & https://goo.gl/IQHIBa \n▶ Follow 팔로우 facebook : https://www.facebook.com/dolheesun\n▶ 취미기록 blog : http://blog.naver.com/chaechaetv\n\n리포터 & 컨텐츠 크리에이터 '채희선'의 영상을 꾸~준히 보고싶다면, 구독하기 눌러주세요.\n일주일에 한번 이상 채희선을 만날수 있어요. 감사합니다. 사랑합니다.",
        "thumbnail": "https://i.ytimg.com/vi/iNz25Gble_A/mqdefault.jpg",
        "youtubeVideoId": "iNz25Gble_A",
        "uploadedDate": "2016-12-30T08:33:17Z",
        "viewCount": 0,
        "isCommercial": "False"
    },
    {
        "id": "81432d76-ab4f-4dea-a334-66e66222b9d4",
        "title": "야광액체괴물로 해파리 전등 만들기 Luminous Slime [채채TV/마법사채채]",
        "description": "▶ 구독 youtube : https://www.youtube.com/c/채희선 & https://goo.gl/IQHIBa \n▶ 팔로우 facebook : https://www.facebook.com/dolheesun\n\n리포터 & 컨텐츠 크리에이터 '채희선'의 영상을 꾸~준히 보고싶다면, 구독하기 눌러주세요.\n일주일에 한번 이상 채희선을 만날수 있어요. 감사합니다. 사랑합니다.",
        "thumbnail": "https://i.ytimg.com/vi/2Nvpw6goGtU/mqdefault.jpg",
        "youtubeVideoId": "2Nvpw6goGtU",
        "uploadedDate": "2016-12-30T08:27:19Z",
        "viewCount": 0,
        "isCommercial": "False"
    },
    {
        "id": "04b98a6b-50e9-48bc-b4f5-214dbb2ee811",
        "title": "액체괴물 100개를 섞으면 어떻게 될까? 실험 Mix the slime [채채TV/마법사채채]",
        "description": "엄마한테 혼날 실험을 대신해드립니다!\n▶ 구독 youtube : https://www.youtube.com/c/채희선 & https://goo.gl/IQHIBa \n▶ 팔로우 facebook : https://www.facebook.com/dolheesun\n\n리포터 & 컨텐츠 크리에이터 '채희선'의 영상을 꾸~준히 보고싶다면, 구독하기 눌러주세요.\n일주일에 한번 이상 채희선을 만날수 있어요. 감사합니다. 사랑합니다.",
        "thumbnail": "https://i.ytimg.com/vi/LvvzqkCaINI/mqdefault.jpg",
        "youtubeVideoId": "LvvzqkCaINI",
        "uploadedDate": "2016-12-30T08:26:08Z",
        "viewCount": 0,
        "isCommercial": "False"
    },
    {
        "id": "14d7609f-f767-4c29-8855-ec038e8f6f3f",
        "title": "400g 대용량 아이클레이로 거대 액체괴물 갖고 놀기 (요리하기?개드립?) Play with gaint slime [채채TV/마법사채채]",
        "description": "[마법사 채채]에서 보여드린 400g 아이클레이로 만든 거대 액체괴물을 갖고 노는 영상입니다. 다음 마법사 채채 영상도 액괴와 함께!\n▶구독 youtube : https://www.youtube.com/c/채희선 & https://goo.gl/IQHIBa \n▶ 팔로우 facebook : https://www.facebook.com/dolheesun\n\n리포터 & 컨텐츠 크리에이터 '채희선'의 영상을 꾸~준히 보고싶다면, 구독하기 눌러주세요.\n일주일에 한번 이상 채희선을 만날수 있어요. 감사합니다. 사랑합니다.",
        "thumbnail": "https://i.ytimg.com/vi/8axmZMx1AxQ/mqdefault.jpg",
        "youtubeVideoId": "8axmZMx1AxQ",
        "uploadedDate": "2016-12-30T08:25:20Z",
        "viewCount": 0,
        "isCommercial": "False"
    },
    {
        "id": "426b0125-45b0-42b9-b62e-f1e89536eee1",
        "title": "400g 대용량 아이클레이로 거대 액체괴물 만들기 How to make giant slime with clay [채채TV/마법사채채]",
        "description": "마법사 채채의 첫 영상입니다. 앞으로 많은 관심 부탁드려요.\n\n▶ 구독 youtube : https://goo.gl/IQHIBa \n▶ 팔로우 facebook : https://www.facebook.com/dolheesun\n▶ 팔로우 instagram : https://www.instagram.com/chaechaetv/\n▶ 취미기록 blog : http://blog.naver.com/chaechaetv\n▶ 문의 e-mail : chaechaetv@naver.com \n\n구독/좋아요/공유 잊지말고 해주시면 감사하겠어요.\n유익하고 유쾌한 컨텐츠크리에이터 채희선에게 응원을 듬뿍해주실수록, 영상이 자주 올라갑니다♥!",
        "thumbnail": "https://i.ytimg.com/vi/DG434P-C6l0/mqdefault.jpg",
        "youtubeVideoId": "DG434P-C6l0",
        "uploadedDate": "2016-12-30T08:24:58Z",
        "viewCount": 0,
        "isCommercial": "False"
    },
    {
        "id": "d372a9c4-2c86-46e4-b9f1-699d8e36d623",
        "title": "여자 유튜버들과 풍선 폭탄 게임을 했다 [채채TV] with 시니, 혜서니, 유찌",
        "description": "장난감..인줄 알았지만 시니의 귀는 장난아니게 아팠다고 합니다.\n\n▶ 구독 youtube : https://goo.gl/IQHIBa \n▶ 팔로우 facebook : https://www.facebook.com/dolheesun\n▶ 팔로우 instagram : https://www.instagram.com/chaechaetv/\n▶ 문의 e-mail : chaechaetv@naver.com",
        "thumbnail": "https://i.ytimg.com/vi/81-upEGWyeI/mqdefault.jpg",
        "youtubeVideoId": "81-upEGWyeI",
        "uploadedDate": "2017-07-28T18:20:43Z",
        "viewCount": 0,
        "isCommercial": "False"
    }
]