[
    {
        "id": "c662a3be-677b-4f75-8bb0-135c3a7b79d5",
        "title": "정신나간 사연만 모인 대환장 라디오ㅋㅋㅋㅋㅋ",
        "description": "#허언증 #라디오 #사연\n◇비즈니스 문의 : kimfriendshiping@gmail.com\n\n◆우정잉 팬카페 http://cafe.daum.net/ingsfriend\n◆트위치 생방송 https://www.twitch.tv/nanajam777 \n◆인스타그램 https://www.instagram.com/friendshiping94",
        "thumbnail": "https://i.ytimg.com/vi/dxt3jjYN2E8/mqdefault.jpg",
        "youtubeVideoId": "dxt3jjYN2E8",
        "uploadedDate": "2021-03-28T12:43:12Z",
        "viewCount": 138695,
        "isCommercial": "False"
    },
    {
        "id": "fe2f3def-b86d-4d9c-b998-fc125fae4a5b",
        "title": "시청자분들 연애 상담해 줬습니다...",
        "description": "#연애 #상담 #라디오 #유교걸 #쿠키영상있음\n※ 주제가 주제이다 보니 너무 몰입하여\n사연자분들에 대한 비하나 모욕적인 댓글은 조심해 주시길 바랍니다 :)\n\n[영상 효과 정보]\n––––––––––––––––––––––––––––––––––––––––––––––––––\n[Video Source Support]\nYoutube channel \"freeticon\" : https://www.youtube.com/c/Freeticon​\n––––––––––––––––––––––––––––––––––––––––––––––––––\n\n◇비즈니스 문의 : kimfriendshiping@gmail.com\n\n◆우정잉 팬카페 http://cafe.daum.net/ingsfriend\n◆트위치 생방송 https://www.twitch.tv/nanajam777 \n◆인스타그램 https://www.instagram.com/friendshiping94",
        "thumbnail": "https://i.ytimg.com/vi/C5-hLFe1Ii0/mqdefault.jpg",
        "youtubeVideoId": "C5-hLFe1Ii0",
        "uploadedDate": "2021-03-28T12:43:12Z",
        "viewCount": 100363,
        "isCommercial": "False"
    },
    {
        "id": "43016c96-3430-4a7e-879e-5f3c6b8e86b9",
        "title": "외가 폐가 할머니, 아직도 저를 보고 있습니다... 소름 끼치는 레전드 실제 공포 괴담",
        "description": "오늘 밤 자기 전에 화장실 꼭 다녀오세요! 난 갔다왔어 히히\n\n◇비즈니스 문의 : kimfriendshiping@gmail.com\n\n◆우정잉 팬카페 http://cafe.daum.net/ingsfriend\n◆트위치 생방송 https://www.twitch.tv/nanajam777 \n◆인스타그램 https://www.instagram.com/friendshiping94\n\n#공포라디오 #무서운이야기 #아이무서워\n\n00:00 짱무서운 인트로\n00:59 첫 번째 사연  대청마루 바닥에 남은 손톱으로 긁은 자국\n03:19 두 번째 사연  물 떠주는 우렁각시 팔척귀신\n06:30 네 번째 사연  금기의 문, 학원 지하2층의 피투성이 군인 귀신\n11:45 다섯 번째 사연  미국 쌍둥이 귀신 \n13:05 여섯 번째 사연  외가 폐가 할머니, 아직도 저를 보고있습니다\n15:53 일곱 번째 사연  깜빡 거리는 야간 투시경, 손을 흔드는 여자귀신\n18:26 아홉 번째 사연  수련원의 5층 찐빵이 귀신\n21:23 열 번째 사연  삑삑삑 세탁기 귀신\n28:17 우정잉 사연  라디오 사연 중간 우정잉 공포썰풀기 타임\n33:47 열한 번째 사연  피를 씻어내는 여학생, 여자화장실 귀신\n36:17 열두 번째 사연  칼로 문을 내려 찍은 치매할머니 사연\n40:08 열세 번째 사연  어릴 때 가위 눌려 귀신을 봐서 무당 찾아간 사연\n44:12 열네 번째 사연  가위에 눌렸을때 귀신의 형체가 하려 했던 말 '으으으'\n47:00 열다섯 번째 사연  지하철 승강장에서 밀고 사라진 아저씨, 귀신 보다 사람이 더 무섭다",
        "thumbnail": "https://i.ytimg.com/vi/_00RKckfYy4/mqdefault.jpg",
        "youtubeVideoId": "_00RKckfYy4",
        "uploadedDate": "2021-07-20T07:43:09Z",
        "viewCount": 21780,
        "isCommercial": "False"
    },
    {
        "id": "b7a0fa72-d3bc-4fc9-ab3a-fc19be6b7e73",
        "title": "눈치가 보인다구요 눈치가..",
        "description": "존눈보 삼행시 조져보겠습니다 \n\n존  여러분 \n눈  식사는 하셨나요? \n보  저는 오늘 짬뽕밥 먹었답니다 \n\n◇비즈니스 문의 : kimfriendshiping@gmail.com\n\n◆우정잉 팬카페 http://cafe.daum.net/ingsfriend\n◆트위치 생방송 https://www.twitch.tv/nanajam777 \n◆인스타그램 https://www.instagram.com/friendshiping94\n\n\n22.1.9 일요일 방송분입니다.\n#라디오 #눈치 #존눈보",
        "thumbnail": "https://i.ytimg.com/vi/JhlbnTSk3y4/mqdefault.jpg",
        "youtubeVideoId": "JhlbnTSk3y4",
        "uploadedDate": "2022-02-03T08:14:12Z",
        "viewCount": 50547,
        "isCommercial": "False"
    }
]