[
    {
        "id": "7bb6cbf2-8f90-446b-ac3b-f0ae9e4fbbbf",
        "title": "잠골버 기억 못하는 범수형 [범수의 세계]",
        "description": "#Shorts #김범수 #잠골버\n\n🐯범수 내려온다🐯\n안식년을 끝내고 돌아온 대한민국 탑 비주얼 가수 김범수의 2021 NEW SEASON✨\n\n매주 금요일 오후 6시에 업로드 됩니다.\n\n🎥제작: 샌드박스네트워크\n💼비즈니스 문의: youngent05@daum.net",
        "thumbnail": "https://i.ytimg.com/vi/mHD-BaH40UY/mqdefault.jpg",
        "youtubeVideoId": "mHD-BaH40UY",
        "uploadedDate": "2021-05-31T07:33:04Z",
        "viewCount": 7910,
        "isCommercial": "False"
    },
    {
        "id": "787f2c4e-f042-4b90-8639-f1b3bb2ce2bf",
        "title": "김범수 노래 리메이크해주실 분 구함 [범수의 세계]",
        "description": "#Shorts #김범수 #잠골버\n\n🐯범수 내려온다🐯\n안식년을 끝내고 돌아온 대한민국 탑 비주얼 가수 김범수의 2021 NEW SEASON✨\n\n매주 금요일 오후 6시에 업로드 됩니다.\n\n🎥제작: 샌드박스네트워크\n💼비즈니스 문의: youngent05@daum.net",
        "thumbnail": "https://i.ytimg.com/vi/z2N2Zmdh0qA/mqdefault.jpg",
        "youtubeVideoId": "z2N2Zmdh0qA",
        "uploadedDate": "2021-05-31T07:33:04Z",
        "viewCount": 6537,
        "isCommercial": "False"
    },
    {
        "id": "aae38dab-093a-42b4-992a-413e2d6dd880",
        "title": "김범수가 생각하는 고음병 유형 [범수의 세계]",
        "description": "#Shorts #김범수 #고음병\n\n🐯범수 내려온다🐯\n안식년을 끝내고 돌아온 대한민국 탑 비주얼 가수 김범수의 2021 NEW SEASON✨\n\n매주 금요일 오후 6시에 업로드 됩니다.\n\n🎥제작: 샌드박스네트워크\n💼비즈니스 문의: youngent05@daum.net",
        "thumbnail": "https://i.ytimg.com/vi/Ck-PLTOq714/mqdefault.jpg",
        "youtubeVideoId": "Ck-PLTOq714",
        "uploadedDate": "2021-05-31T07:33:04Z",
        "viewCount": 32734,
        "isCommercial": "False"
    },
    {
        "id": "3297b24c-60f3-43de-bec4-6d4c57ea82b5",
        "title": "여가수의 악플 대처 유형  [범수의 세계]",
        "description": "#Shorts #김범수 #신예영 #악플\n\n🐯범수 내려온다🐯\n안식년을 끝내고 돌아온 대한민국 탑 비주얼 가수 김범수의 2021 NEW SEASON✨\n\n매주 금요일 오후 6시에 업로드 됩니다.\n\n🎥제작: 샌드박스네트워크\n💼비즈니스 문의: youngent05@daum.net",
        "thumbnail": "https://i.ytimg.com/vi/tQ9we1WMZXY/mqdefault.jpg",
        "youtubeVideoId": "tQ9we1WMZXY",
        "uploadedDate": "2021-05-31T07:33:04Z",
        "viewCount": 7513,
        "isCommercial": "False"
    },
    {
        "id": "60a4ac41-3f2c-4b46-bdee-d5553ddd4bf4",
        "title": "김범수 고음 발성 비결 [범수의 세계]",
        "description": "#김범수 #보컬레슨 #Shorts\n\n🐯범수 내려온다🐯\n안식년을 끝내고 돌아온 대한민국 탑 비주얼 가수 김범수의 2021 NEW SEASON✨\n\n매주 금요일 오후 6시에 업로드 됩니다.\n\n🎥제작: 샌드박스네트워크\n💼비즈니스 문의: youngent05@daum.net",
        "thumbnail": "https://i.ytimg.com/vi/m9_oqgY34Eo/mqdefault.jpg",
        "youtubeVideoId": "m9_oqgY34Eo",
        "uploadedDate": "2021-05-31T07:33:04Z",
        "viewCount": 23642,
        "isCommercial": "False"
    },
    {
        "id": "42294c85-a7b0-44fc-a201-ae5f69664c11",
        "title": "제시의 세계?! 막아야해.. [범수의 세계]",
        "description": "#Shorts #김범수 #제시\n\n🐯범수 내려온다🐯\n안식년을 끝내고 돌아온 대한민국 탑 비주얼 가수 김범수의 2021 NEW SEASON✨\n\n매주 금요일 오후 6시에 업로드 됩니다.\n\n🎥제작: 샌드박스네트워크\n💼비즈니스 문의: youngent05@daum.net",
        "thumbnail": "https://i.ytimg.com/vi/xYAeEwWT890/mqdefault.jpg",
        "youtubeVideoId": "xYAeEwWT890",
        "uploadedDate": "2021-05-31T07:33:04Z",
        "viewCount": 9259,
        "isCommercial": "False"
    }
]