[
    {
        "id": "7714b7c6-07c8-46fb-ae05-ebfe0903426d",
        "title": "[ASMR] Mute-toned Eye Shadows Show-and-Tell 여름뮤트 쉐도우 팔레트 소개 (유튜브에 속아서 구매ㅠㅠ)",
        "description": "👄 PATREON (입소리 영상 풀버전 모두 공개)\nhttps://www.patreon.com/rose_asmr\nFull length of mouth sounds videos + extra videos\n풀 영상 + 멤버 전용 새로운 입소리 영상들 모두 공개\n\n🔥 Get the deleted mouth sounds video\nhttps://crowdticket.kr/store/roseasmr/language/en\n\n🔥 삭제된 입소리 영상 다운받기\nhttps://crowdticket.kr/store/roseasmr\n\n💝 Request Custom ASMR\nhttps://www.wisio.com/Rose_ASMR\nNo sign-up, real quick and easy!\n\n💝 맞춤형 ASMR 영상 요청하기\nhttps://crowdticket.kr/store/roseasmr\n최애 트리거를 골라 여러분들만의 최애 영상을 평생 소장하기!\n--------------------------------------------------\n\n🔥 PATREON https://www.patreon.com/rose_asmr\n\n💝 CUSTOM ASMR https://www.wisio.com/Rose_ASMR\n\n💝 맞춤 ASMR https://crowdticket.kr/item/store/417\n\n\n🧚‍♀ TikTok https://vt.tiktok.com/RsuHck/\n\n🧚‍♀ Instagram https://www.instagram.com/rose.0430/\n\n\n💌 PAYPAL https://paypal.me/rose0430?locale.x=ko_KR\n\n✉ Email : dbalzla159@gmail.com\n\n✉ Business : ad.group@treasurehunter.co.kr",
        "thumbnail": "https://i.ytimg.com/vi/z32tdYL9ZFA/mqdefault.jpg",
        "youtubeVideoId": "z32tdYL9ZFA",
        "uploadedDate": "2022-09-16T18:48:51Z",
        "viewCount": 4914,
        "isCommercial": "False"
    },
    {
        "id": "cbc13468-8eeb-4586-b2cf-355c879e3a71",
        "title": "[ASMR] Kisses😘 Ear Blowing, Mouth Sounds 뽀뽀 소리, 바람 불기, 입소리",
        "description": "👄 PATREON (입소리 영상 풀버전 모두 공개)\nhttps://www.patreon.com/rose_asmr\nFull length of mouth sounds videos + extra videos\n풀 영상 + 멤버 전용 새로운 입소리 영상들 모두 공개\n\n🔥 Get the deleted mouth sounds video\nhttps://crowdticket.kr/store/roseasmr/language/en\n\n🔥 삭제된 입소리 영상 다운받기\nhttps://crowdticket.kr/store/roseasmr\n\n💝 Request Custom ASMR\nhttps://www.wisio.com/Rose_ASMR\nNo sign-up, real quick and easy!\n\n💝 맞춤형 ASMR 영상 요청하기\nhttps://crowdticket.kr/store/roseasmr\n최애 트리거를 골라 여러분들만의 최애 영상을 평생 소장하기!\n\n00:00 Preview 미리보기\n00:30 Intro 소개\n02:20 Start 시작\n--------------------------------------------------\n\n🔥 PATREON https://www.patreon.com/rose_asmr\n\n💝 CUSTOM ASMR https://www.wisio.com/Rose_ASMR\n\n💝 맞춤 ASMR https://crowdticket.kr/item/store/417\n\n\n🧚‍♀ TikTok https://vt.tiktok.com/RsuHck/\n\n🧚‍♀ Instagram https://www.instagram.com/rose.0430/\n\n\n💌 PAYPAL https://paypal.me/rose0430?locale.x=ko_KR\n\n✉ Email : dbalzla159@gmail.com\n\n✉ Business : ad.group@treasurehunter.co.kr",
        "thumbnail": "https://i.ytimg.com/vi/W5Q5biDUMhQ/mqdefault.jpg",
        "youtubeVideoId": "W5Q5biDUMhQ",
        "uploadedDate": "2022-09-05T08:33:26Z",
        "viewCount": 13551,
        "isCommercial": "False"
    },
    {
        "id": "fe876acf-0cec-43ae-9a01-c50343c8c5fa",
        "title": "[ASMR] One and Only Mouth Sounds Video YOU NEED 입소리 해골물들 이 영상 하나면 숙면 가능 (입소리 12 종 총집합)",
        "description": "👄 PATREON (입소리 영상 풀버전 모두 공개)\nhttps://www.patreon.com/rose_asmr\nFull length of mouth sounds videos + extra videos\n풀 영상 + 멤버 전용 새로운 입소리 영상들 모두 공개\n\n🔥 Get the deleted mouth sounds video\nhttps://crowdticket.kr/store/roseasmr/language/en\n\n🔥 삭제된 입소리 영상 다운받기\nhttps://crowdticket.kr/store/roseasmr\n\n💝 Request Custom ASMR\nhttps://www.wisio.com/Rose_ASMR\nNo sign-up, real quick and easy!\n\n💝 맞춤형 ASMR 영상 요청하기\nhttps://crowdticket.kr/store/roseasmr\n최애 트리거를 골라 여러분들만의 최애 영상을 평생 소장하기!\n\n00:00 Preview 미리보기\n01:33 Wet mouth sounds 촉촉한 입소리\n03:19 Kisses 뽀뽀 소리\n06:03 Spoolie nibbling 스풀리 니블링\n08:30 Eating You 이팅유\n11:04 Funnel mouth sounds 깔때기 입소리\n13:40 Gum chewing 껌 씹기\n16:11 Pen noms 볼펜 입소리\n19:33 Inaudible whispering 알아들을 수 없는 속삭임\n22:13 Straw mouth sounds 빨대 입소리\n24:36 Teeth taping 치아 탭핑\n26:32 Tongue mouth sounds 혀 입소리\n28:58 Chapstick application 챕스틱 바르기\n--------------------------------------------------\n\n🔥 PATREON https://www.patreon.com/rose_asmr\n\n💝 CUSTOM ASMR https://www.wisio.com/Rose_ASMR\n\n💝 맞춤 ASMR https://crowdticket.kr/item/store/417\n\n\n🧚‍♀ TikTok https://vt.tiktok.com/RsuHck/\n\n🧚‍♀ Instagram https://www.instagram.com/rose.0430/\n\n\n💌 PAYPAL https://paypal.me/rose0430?locale.x=ko_KR\n\n✉ Email : dbalzla159@gmail.com\n\n✉ Business : ad.group@treasurehunter.co.kr",
        "thumbnail": "https://i.ytimg.com/vi/yHvmhvr9XyI/mqdefault.jpg",
        "youtubeVideoId": "yHvmhvr9XyI",
        "uploadedDate": "2022-09-14T09:33:54Z",
        "viewCount": 9604,
        "isCommercial": "False"
    },
    {
        "id": "d1f1e43e-fc18-4bc6-97fc-219b4b142472",
        "title": "[ASMR] MIC on the LIPS, Mouth Sounds 입술에 닿은 마이크, 입소리",
        "description": "👄 PATREON (입소리 영상 풀버전 모두 공개)\nhttps://www.patreon.com/rose_asmr\nFull length of mouth sounds videos + extra videos\n풀 영상 + 멤버 전용 새로운 입소리 영상들 모두 공개\n\n🔥 Get the deleted mouth sounds video\nhttps://crowdticket.kr/store/roseasmr/language/en\n\n🔥 삭제된 입소리 영상 다운받기\nhttps://crowdticket.kr/store/roseasmr\n\n💝 Request Custom ASMR\nhttps://www.wisio.com/Rose_ASMR\nNo sign-up, real quick and easy!\n\n💝 맞춤형 ASMR 영상 요청하기\nhttps://crowdticket.kr/store/roseasmr\n최애 트리거를 골라 여러분들만의 최애 영상을 평생 소장하기!\n\n00:00 Preview 미리보기\n00:30 MIC on the LIPS 입술에 닿은 마이크\n05:39 Mic nibbling 마이크 니블링\n-------------------------------------------------\n\n🔥 PATREON https://www.patreon.com/rose_asmr\n\n💝 CUSTOM ASMR https://www.wisio.com/Rose_ASMR\n\n💝 맞춤 ASMR https://crowdticket.kr/item/store/417\n\n\n🧚‍♀ TikTok https://vt.tiktok.com/RsuHck/\n\n🧚‍♀ Instagram https://www.instagram.com/rose.0430/\n\n\n💌 PAYPAL https://paypal.me/rose0430?locale.x=ko_KR\n\n✉ Email : dbalzla159@gmail.com\n\n✉ Business : ad.group@treasurehunter.co.kr",
        "thumbnail": "https://i.ytimg.com/vi/rS_pq6nIhVQ/mqdefault.jpg",
        "youtubeVideoId": "rS_pq6nIhVQ",
        "uploadedDate": "2022-09-06T14:39:35Z",
        "viewCount": 5578,
        "isCommercial": "False"
    },
    {
        "id": "0e4ba3a5-2f64-40a4-8438-454996e13e70",
        "title": "[ASMR] almost Licking the MIC, Mouth Sounds (거의) 마이크 핥기, 입소리",
        "description": "👄 PATREON (입소리 영상 풀버전 모두 공개)\nhttps://www.patreon.com/rose_asmr\nFull length of mouth sounds videos + extra videos\n풀 영상 + 멤버 전용 새로운 입소리 영상들 모두 공개\n\n🔥 Get the deleted mouth sounds video\nhttps://crowdticket.kr/store/roseasmr/language/en\n\n🔥 삭제된 입소리 영상 다운받기\nhttps://crowdticket.kr/store/roseasmr\n\n💝 Request Custom ASMR\nhttps://www.wisio.com/Rose_ASMR\nNo sign-up, real quick and easy!\n\n💝 맞춤형 ASMR 영상 요청하기\nhttps://crowdticket.kr/store/roseasmr\n최애 트리거를 골라 여러분들만의 최애 영상을 평생 소장하기!\n\n00:00 Preview 미리보기\n00:30 Intro 소개\n01:15 Starts 시작\n\n#PATREON #TEASER #패트리온 \n--------------------------------------------------\n\n🔥 PATREON https://www.patreon.com/rose_asmr\n\n💝 CUSTOM ASMR https://www.wisio.com/Rose_ASMR\n\n💝 맞춤 ASMR https://crowdticket.kr/item/store/417\n\n\n🧚‍♀ TikTok https://vt.tiktok.com/RsuHck/\n\n🧚‍♀ Instagram https://www.instagram.com/rose.0430/\n\n\n💌 PAYPAL https://paypal.me/rose0430?locale.x=ko_KR\n\n✉ Email : dbalzla159@gmail.com\n\n✉ Business : ad.group@treasurehunter.co.kr",
        "thumbnail": "https://i.ytimg.com/vi/RsAAIXZfMJM/mqdefault.jpg",
        "youtubeVideoId": "RsAAIXZfMJM",
        "uploadedDate": "2022-09-06T12:31:31Z",
        "viewCount": 5099,
        "isCommercial": "False"
    },
    {
        "id": "fe7e3ad2-81c7-48e6-8b44-99d3d1bf77b2",
        "title": "[ASMR] Life Changing Decision. 인생에서 큰 결정을 했어요.",
        "description": "My life in Australia will be uploaded on my second channel below!\n호주 생활 영상은 아래 채널에서 공유 드릴게요!\nhttps://www.youtube.com/channel/UCNrxriMYVcftFvhAjEMuF9w\n\n00:00 Intro 소개\n01:16 English\n10:42 한국어\n--------------------------------------------------\n\n🔥 PATREON https://www.patreon.com/rose_asmr\n\n💝 CUSTOM ASMR https://www.wisio.com/Rose_ASMR\n\n💝 맞춤 ASMR https://crowdticket.kr/item/store/417\n\n\n🧚‍♀ TikTok https://vt.tiktok.com/RsuHck/\n\n🧚‍♀ Instagram https://www.instagram.com/rose.0430/\n\n\n💌 PAYPAL https://paypal.me/rose0430?locale.x=ko_KR\n\n✉ Email : dbalzla159@gmail.com\n\n✉ Business : ad.group@treasurehunter.co.kr",
        "thumbnail": "https://i.ytimg.com/vi/ORBYWvmapH4/mqdefault.jpg",
        "youtubeVideoId": "ORBYWvmapH4",
        "uploadedDate": "2022-09-16T16:01:32Z",
        "viewCount": 6910,
        "isCommercial": "False"
    },
    {
        "id": "ba4e15c3-1d14-4bc9-94d3-81356c8fca25",
        "title": "[ASMR] Slurping Mouth Sounds 츄릅~ 가득한 입소리",
        "description": "👄 PATREON (입소리 영상 풀버전 모두 공개)\nhttps://www.patreon.com/rose_asmr\nFull length of mouth sounds videos + extra videos\n풀 영상 + 멤버 전용 새로운 입소리 영상들 모두 공개\n\n🔥 Get the deleted mouth sounds video\nhttps://crowdticket.kr/store/roseasmr/language/en\n\n🔥 삭제된 입소리 영상 다운받기\nhttps://crowdticket.kr/store/roseasmr\n\n💝 Request Custom ASMR\nhttps://www.wisio.com/Rose_ASMR\nNo sign-up, real quick and easy!\n\n💝 맞춤형 ASMR 영상 요청하기\nhttps://crowdticket.kr/store/roseasmr\n최애 트리거를 골라 여러분들만의 최애 영상을 평생 소장하기!\n\n00:00 Preview 미리보기\n00:30 Intro 소개\n01:40 Starts 시작\n\n--------------------------------------------------\n\n🔥 PATREON https://www.patreon.com/rose_asmr\n\n💝 CUSTOM ASMR https://www.wisio.com/Rose_ASMR\n\n💝 맞춤 ASMR https://crowdticket.kr/item/store/417\n\n\n🧚‍♀ TikTok https://vt.tiktok.com/RsuHck/\n\n🧚‍♀ Instagram https://www.instagram.com/rose.0430/\n\n\n💌 PAYPAL https://paypal.me/rose0430?locale.x=ko_KR\n\n✉ Email : dbalzla159@gmail.com\n\n✉ Business : ad.group@treasurehunter.co.kr",
        "thumbnail": "https://i.ytimg.com/vi/DWl-8aqxroo/mqdefault.jpg",
        "youtubeVideoId": "DWl-8aqxroo",
        "uploadedDate": "2022-07-21T09:28:11Z",
        "viewCount": 85110,
        "isCommercial": "False"
    },
    {
        "id": "4d812197-101a-4693-b3a5-9715ea206ae0",
        "title": "[ASMR] Taking Care of an Injured Friend🤕(goofy) 다친 친구 치료해주기 롤플레이",
        "description": "👄 PATREON (입소리 영상 풀버전 모두 공개)\nhttps://www.patreon.com/rose_asmr\nFull length of mouth sounds videos + extra videos\n풀 영상 + 멤버 전용 새로운 입소리 영상들 모두 공개\n\n🔥 Get the deleted mouth sounds video\nhttps://crowdticket.kr/store/roseasmr/language/en\n\n🔥 삭제된 입소리 영상 다운받기\nhttps://crowdticket.kr/store/roseasmr\n\n💝 Request Custom ASMR\nhttps://www.wisio.com/Rose_ASMR\nNo sign-up, real quick and easy!\n\n💝 맞춤형 ASMR 영상 요청하기\nhttps://crowdticket.kr/store/roseasmr\n최애 트리거를 골라 여러분들만의 최애 영상을 평생 소장하기!\n--------------------------------------------------\n\n🔥 PATREON https://www.patreon.com/rose_asmr\n\n💝 CUSTOM ASMR https://www.wisio.com/Rose_ASMR\n\n💝 맞춤 ASMR https://crowdticket.kr/item/store/417\n\n\n🧚‍♀ TikTok https://vt.tiktok.com/RsuHck/\n\n🧚‍♀ Instagram https://www.instagram.com/rose.0430/\n\n\n💌 PAYPAL https://paypal.me/rose0430?locale.x=ko_KR\n\n✉ Email : dbalzla159@gmail.com\n\n✉ Business : ad.group@treasurehunter.co.kr",
        "thumbnail": "https://i.ytimg.com/vi/c8Tlhqv8U5A/mqdefault.jpg",
        "youtubeVideoId": "c8Tlhqv8U5A",
        "uploadedDate": "2022-08-30T08:02:10Z",
        "viewCount": 4048,
        "isCommercial": "False"
    },
    {
        "id": "665e2e05-b94e-4f18-ba3f-62aca7181bf1",
        "title": "[ASMR] Lollipop Licking, Teeth Sounds 롤리팝 이팅, 치아에 닿는 소리 많이!",
        "description": "👄 PATREON (입소리 영상 풀버전 모두 공개)\nhttps://www.patreon.com/rose_asmr\nFull length of mouth sounds videos + extra videos\n풀 영상 + 멤버 전용 새로운 입소리 영상들 모두 공개\n\n🔥 Get the deleted mouth sounds video\nhttps://crowdticket.kr/store/roseasmr/language/en\n\n🔥 삭제된 입소리 영상 다운받기\nhttps://crowdticket.kr/store/roseasmr\n\n💝 Request Custom ASMR\nhttps://www.wisio.com/Rose_ASMR\nNo sign-up, real quick and easy!\n\n💝 맞춤형 ASMR 영상 요청하기\nhttps://crowdticket.kr/store/roseasmr\n최애 트리거를 골라 여러분들만의 최애 영상을 평생 소장하기!\n\n00:00 Preview 미리보기\n00:30 Intro 소개\n02:15 Eating starts 이팅 시작\n--------------------------------------------------\n\n🔥 PATREON https://www.patreon.com/rose_asmr\n\n💝 CUSTOM ASMR https://www.wisio.com/Rose_ASMR\n\n💝 맞춤 ASMR https://crowdticket.kr/item/store/417\n\n\n🧚‍♀ TikTok https://vt.tiktok.com/RsuHck/\n\n🧚‍♀ Instagram https://www.instagram.com/rose.0430/\n\n\n💌 PAYPAL https://paypal.me/rose0430?locale.x=ko_KR\n\n✉ Email : dbalzla159@gmail.com\n\n✉ Business : ad.group@treasurehunter.co.kr",
        "thumbnail": "https://i.ytimg.com/vi/AwxCl_qpy6A/mqdefault.jpg",
        "youtubeVideoId": "AwxCl_qpy6A",
        "uploadedDate": "2022-08-16T12:33:13Z",
        "viewCount": 5480,
        "isCommercial": "False"
    },
    {
        "id": "5b2564c8-5da0-42ae-8f41-59937241a5cc",
        "title": "[ASMR] Jelly Eating Sounds (Soft-wet Mouth Sounds) 젤리 이팅사운드 (촉촉한 입소리)",
        "description": "👄 PATREON (입소리 영상 풀버전 모두 공개)\nhttps://www.patreon.com/rose_asmr\nFull length of mouth sounds videos + extra videos\n풀 영상 + 멤버 전용 새로운 입소리 영상들 모두 공개\n\n🔥 Get the deleted mouth sounds video\nhttps://crowdticket.kr/store/roseasmr/language/en\n\n🔥 삭제된 입소리 영상 다운받기\nhttps://crowdticket.kr/store/roseasmr\n\n💝 Request Custom ASMR\nhttps://www.wisio.com/Rose_ASMR\nNo sign-up, real quick and easy!\n\n💝 맞춤형 ASMR 영상 요청하기\nhttps://crowdticket.kr/store/roseasmr\n최애 트리거를 골라 여러분들만의 최애 영상을 평생 소장하기!\n\n00:00 Preview 미리보기\n00:30 Intro 소개\n03:16 Eating Starts 이팅 시작\n\n--------------------------------------------------\n\n🔥 PATREON https://www.patreon.com/rose_asmr\n\n💝 CUSTOM ASMR https://www.wisio.com/Rose_ASMR\n\n💝 맞춤 ASMR https://crowdticket.kr/item/store/417\n\n\n🧚‍♀ TikTok https://vt.tiktok.com/RsuHck/\n\n🧚‍♀ Instagram https://www.instagram.com/rose.0430/\n\n\n💌 PAYPAL https://paypal.me/rose0430?locale.x=ko_KR\n\n✉ Email : dbalzla159@gmail.com\n\n✉ Business : ad.group@treasurehunter.co.kr",
        "thumbnail": "https://i.ytimg.com/vi/-tACB7jyZLs/mqdefault.jpg",
        "youtubeVideoId": "-tACB7jyZLs",
        "uploadedDate": "2022-08-09T05:29:41Z",
        "viewCount": 11087,
        "isCommercial": "False"
    },
    {
        "id": "10d5a211-c539-4572-acf5-ede300ad41a2",
        "title": "[ASMR] Eating You, Negative Energy Eating 산 채로 먹어줄 게요, 부정적인 기운 먹어 버리기",
        "description": "👄 PATREON (입소리 영상 풀버전 모두 공개)\nhttps://www.patreon.com/rose_asmr\nFull length of mouth sounds videos + extra videos\n풀 영상 + 멤버 전용 새로운 입소리 영상들 모두 공개\n\n🔥 Get the deleted mouth sounds video\nhttps://crowdticket.kr/store/roseasmr/language/en\n\n🔥 삭제된 입소리 영상 다운받기\nhttps://crowdticket.kr/store/roseasmr\n\n💝 Request Custom ASMR\nhttps://www.wisio.com/Rose_ASMR\nNo sign-up, real quick and easy!\n\n💝 맞춤형 ASMR 영상 요청하기\nhttps://crowdticket.kr/store/roseasmr\n최애 트리거를 골라 여러분들만의 최애 영상을 평생 소장하기!\n\n00:00 Preview 미리보기\n00:30 Starts 시작\n\n--------------------------------------------------\n\n🔥 PATREON https://www.patreon.com/rose_asmr\n\n💝 CUSTOM ASMR https://www.wisio.com/Rose_ASMR\n\n💝 맞춤 ASMR https://crowdticket.kr/item/store/417\n\n\n🧚‍♀ TikTok https://vt.tiktok.com/RsuHck/\n\n🧚‍♀ Instagram https://www.instagram.com/rose.0430/\n\n\n💌 PAYPAL https://paypal.me/rose0430?locale.x=ko_KR\n\n✉ Email : dbalzla159@gmail.com\n\n✉ Business : ad.group@treasurehunter.co.kr",
        "thumbnail": "https://i.ytimg.com/vi/lPyUPTShlC4/mqdefault.jpg",
        "youtubeVideoId": "lPyUPTShlC4",
        "uploadedDate": "2022-08-09T07:36:04Z",
        "viewCount": 8178,
        "isCommercial": "False"
    },
    {
        "id": "d07d0d68-9cf5-4882-a433-b2f43b4633eb",
        "title": "[ASMR] Mocha Crisp Eating Sounds (Delicately Crunchy) 모카 브라우니 비스킷 이팅사운드 (식감 최고)",
        "description": "👄 PATREON (입소리 영상 풀버전 모두 공개)\nhttps://www.patreon.com/rose_asmr\nFull length of mouth sounds videos + extra videos\n풀 영상 + 멤버 전용 새로운 입소리 영상들 모두 공개\n\n🔥 Get the deleted mouth sounds video\nhttps://crowdticket.kr/store/roseasmr/language/en\n\n🔥 삭제된 입소리 영상 다운받기\nhttps://crowdticket.kr/store/roseasmr\n\n💝 Request Custom ASMR\nhttps://www.wisio.com/Rose_ASMR\nNo sign-up, real quick and easy!\n\n💝 맞춤형 ASMR 영상 요청하기\nhttps://crowdticket.kr/store/roseasmr\n최애 트리거를 골라 여러분들만의 최애 영상을 평생 소장하기!\n\n00:00 Preview 미리보기\n00:30 Intro 소개\n03:22 Eating Starts 이팅 시작\n\n--------------------------------------------------\n\n🔥 PATREON https://www.patreon.com/rose_asmr\n\n💝 CUSTOM ASMR https://www.wisio.com/Rose_ASMR\n\n💝 맞춤 ASMR https://crowdticket.kr/item/store/417\n\n\n🧚‍♀ TikTok https://vt.tiktok.com/RsuHck/\n\n🧚‍♀ Instagram https://www.instagram.com/rose.0430/\n\n\n💌 PAYPAL https://paypal.me/rose0430?locale.x=ko_KR\n\n✉ Email : dbalzla159@gmail.com\n\n✉ Business : ad.group@treasurehunter.co.kr",
        "thumbnail": "https://i.ytimg.com/vi/-lTikoJ3QP4/mqdefault.jpg",
        "youtubeVideoId": "-lTikoJ3QP4",
        "uploadedDate": "2022-07-25T04:41:49Z",
        "viewCount": 6024,
        "isCommercial": "False"
    },
    {
        "id": "0f848c7a-bb9e-48fa-91bc-4bcf2b6634ba",
        "title": "[ASMR] Inaudible Mouth sounds 인어디블 입소리, 알아들을 수 없는 속삭임",
        "description": "👄 PATREON (입소리 영상 풀버전 모두 공개)\nhttps://www.patreon.com/rose_asmr\nFull length of mouth sounds videos + extra videos\n풀 영상 + 멤버 전용 새로운 입소리 영상들 모두 공개\n\n🔥 Get the deleted mouth sounds video\nhttps://crowdticket.kr/store/roseasmr/language/en\n\n🔥 삭제된 입소리 영상 다운받기\nhttps://crowdticket.kr/store/roseasmr\n\n💝 Request Custom ASMR\nhttps://www.wisio.com/Rose_ASMR\nNo sign-up, real quick and easy!\n\n💝 맞춤형 ASMR 영상 요청하기\nhttps://crowdticket.kr/store/roseasmr\n최애 트리거를 골라 여러분들만의 최애 영상을 평생 소장하기!\n--------------------------------------------------\n\n🔥 PATREON https://www.patreon.com/rose_asmr\n\n💝 CUSTOM ASMR https://www.wisio.com/Rose_ASMR\n\n💝 맞춤 ASMR https://crowdticket.kr/item/store/417\n\n\n🧚‍♀ TikTok https://vt.tiktok.com/RsuHck/\n\n🧚‍♀ Instagram https://www.instagram.com/rose.0430/\n\n\n💌 PAYPAL https://paypal.me/rose0430?locale.x=ko_KR\n\n✉ Email : dbalzla159@gmail.com\n\n✉ Business : ad.group@treasurehunter.co.kr",
        "thumbnail": "https://i.ytimg.com/vi/biAg5jhafs8/mqdefault.jpg",
        "youtubeVideoId": "biAg5jhafs8",
        "uploadedDate": "2022-07-27T07:02:05Z",
        "viewCount": 9630,
        "isCommercial": "False"
    },
    {
        "id": "ceeb33e3-7712-490d-9aeb-976ab95a6ac9",
        "title": "[ASMR] All Types of Tongue Mouth Sounds 혀 입소리의 모든 것",
        "description": "👄 PATREON (입소리 영상 풀버전 모두 공개)\nhttps://www.patreon.com/rose_asmr\nFull length of mouth sounds videos + extra videos\n풀 영상 + 멤버 전용 새로운 입소리 영상들 모두 공개\n\n🔥 Get the deleted mouth sounds video\nhttps://crowdticket.kr/store/roseasmr/language/en\n\n🔥 삭제된 입소리 영상 다운받기\nhttps://crowdticket.kr/store/roseasmr\n\n💝 Request Custom ASMR\nhttps://www.wisio.com/Rose_ASMR\nNo sign-up, real quick and easy!\n\n💝 맞춤형 ASMR 영상 요청하기\nhttps://crowdticket.kr/store/roseasmr\n최애 트리거를 골라 여러분들만의 최애 영상을 평생 소장하기!\n\n00:00 Preview 미리보기\n00:30 Intro 소개\n01:40 Starts 시작\n--------------------------------------------------\n\n🔥 PATREON https://www.patreon.com/rose_asmr\n\n💝 CUSTOM ASMR https://www.wisio.com/Rose_ASMR\n\n💝 맞춤 ASMR https://crowdticket.kr/item/store/417\n\n\n🧚‍♀ TikTok https://vt.tiktok.com/RsuHck/\n\n🧚‍♀ Instagram https://www.instagram.com/rose.0430/\n\n\n💌 PAYPAL https://paypal.me/rose0430?locale.x=ko_KR\n\n✉ Email : dbalzla159@gmail.com\n\n✉ Business : ad.group@treasurehunter.co.kr",
        "thumbnail": "https://i.ytimg.com/vi/ZcuRqnIY2hY/mqdefault.jpg",
        "youtubeVideoId": "ZcuRqnIY2hY",
        "uploadedDate": "2022-07-21T10:09:53Z",
        "viewCount": 10750,
        "isCommercial": "False"
    },
    {
        "id": "7a1d7384-0d46-4d53-a5d3-598afa29edfa",
        "title": "[ASMR] CRUNCHEST Dried Garlic & Mushroom Eating Sounds l 바삭 끝판왕 건조 마늘, 버섯 이팅사운드",
        "description": "👄 PATREON (입소리 영상 풀버전 모두 공개)\nhttps://www.patreon.com/rose_asmr\nFull length of mouth sounds videos + extra videos\n풀 영상 + 멤버 전용 새로운 입소리 영상들 모두 공개\n\n🔥 Get the deleted mouth sounds video\nhttps://crowdticket.kr/store/roseasmr/language/en\n\n🔥 삭제된 입소리 영상 다운받기\nhttps://crowdticket.kr/store/roseasmr\n\n💝 Request Custom ASMR\nhttps://www.wisio.com/Rose_ASMR\nNo sign-up, real quick and easy!\n\n💝 맞춤형 ASMR 영상 요청하기\nhttps://crowdticket.kr/store/roseasmr\n최애 트리거를 골라 여러분들만의 최애 영상을 평생 소장하기!\n\n00:00 Preview 미리보기\n00:30 Intro 소개\n02:20 Eating Starts 이팅 시작\n17:50 Outro 인사\n--------------------------------------------------\n\n🔥 PATREON https://www.patreon.com/rose_asmr\n\n💝 CUSTOM ASMR https://www.wisio.com/Rose_ASMR\n\n💝 맞춤 ASMR https://crowdticket.kr/item/store/417\n\n\n🧚‍♀ TikTok https://vt.tiktok.com/RsuHck/\n\n🧚‍♀ Instagram https://www.instagram.com/rose.0430/\n\n\n💌 PAYPAL https://paypal.me/rose0430?locale.x=ko_KR\n\n✉ Email : dbalzla159@gmail.com\n\n✉ Business : ad.group@treasurehunter.co.kr",
        "thumbnail": "https://i.ytimg.com/vi/VQpwPvAkdxs/mqdefault.jpg",
        "youtubeVideoId": "VQpwPvAkdxs",
        "uploadedDate": "2022-05-29T06:02:30Z",
        "viewCount": 7793,
        "isCommercial": "False"
    },
    {
        "id": "e0e1eb2d-a32b-44ab-8e68-5b278d4ef2dd",
        "title": "[ASMR] Why don't I Talk about My Life on YouTube.. 유튜브에서 사생활 이야기 안 하는 이유 (6주년 기념🎉)",
        "description": "👄 PATREON (입소리 영상 풀버전 모두 공개)\nhttps://www.patreon.com/rose_asmr\nFull length of mouth sounds videos + extra videos\n풀 영상 + 멤버 전용 새로운 입소리 영상들 모두 공개\n\n🔥 Get the deleted mouth sounds video\nhttps://crowdticket.kr/store/roseasmr/language/en\n\n🔥 삭제된 입소리 영상 다운받기\nhttps://crowdticket.kr/store/roseasmr\n\n💝 Request Custom ASMR\nhttps://www.wisio.com/Rose_ASMR\nNo sign-up, real quick and easy!\n\n💝 맞춤형 ASMR 영상 요청하기\nhttps://crowdticket.kr/store/roseasmr\n최애 트리거를 골라 여러분들만의 최애 영상을 평생 소장하기!\n--------------------------------------------------\n\n🔥 PATREON https://www.patreon.com/rose_asmr\n\n💝 CUSTOM ASMR https://www.wisio.com/Rose_ASMR\n\n💝 맞춤 ASMR https://crowdticket.kr/item/store/417\n\n\n🧚‍♀ TikTok https://vt.tiktok.com/RsuHck/\n\n🧚‍♀ Instagram https://www.instagram.com/rose.0430/\n\n\n💌 PAYPAL https://paypal.me/rose0430?locale.x=ko_KR\n\n✉ Email : dbalzla159@gmail.com\n\n✉ Business : ad.group@treasurehunter.co.kr",
        "thumbnail": "https://i.ytimg.com/vi/R3w2M4_hgJA/mqdefault.jpg",
        "youtubeVideoId": "R3w2M4_hgJA",
        "uploadedDate": "2022-07-21T10:33:05Z",
        "viewCount": 5148,
        "isCommercial": "False"
    },
    {
        "id": "d9f5208f-9b26-4287-9933-cb08295d77ea",
        "title": "[ASMR] Various Mouth Sounds Assortment (No Talking) l 다양한 입소리 모음 (노토킹)",
        "description": "👄 PATREON (입소리 영상 풀버전 모두 공개)\nhttps://www.patreon.com/rose_asmr\nFull length of mouth sounds videos + extra videos\n풀 영상 + 멤버 전용 새로운 입소리 영상들 모두 공개\n\n🔥 Get the deleted mouth sounds video\nhttps://crowdticket.kr/store/roseasmr/language/en\n\n🔥 삭제된 입소리 영상 다운받기\nhttps://crowdticket.kr/store/roseasmr\n\n💝 Request Custom ASMR\nhttps://www.wisio.com/Rose_ASMR\nNo sign-up, real quick and easy!\n\n💝 맞춤형 ASMR 영상 요청하기\nhttps://crowdticket.kr/store/roseasmr\n최애 트리거를 골라 여러분들만의 최애 영상을 평생 소장하기!\n\n00:00 Preview 미리보기\n00:30 Starts 시작\n--------------------------------------------------\n\n🔥 PATREON https://www.patreon.com/rose_asmr\n\n💝 CUSTOM ASMR https://www.wisio.com/Rose_ASMR\n\n💝 맞춤 ASMR https://crowdticket.kr/item/store/417\n\n\n🧚‍♀ TikTok https://vt.tiktok.com/RsuHck/\n\n🧚‍♀ Instagram https://www.instagram.com/rose.0430/\n\n\n💌 PAYPAL https://paypal.me/rose0430?locale.x=ko_KR\n\n✉ Email : dbalzla159@gmail.com\n\n✉ Business : ad.group@treasurehunter.co.kr",
        "thumbnail": "https://i.ytimg.com/vi/t-3FYxdO2io/mqdefault.jpg",
        "youtubeVideoId": "t-3FYxdO2io",
        "uploadedDate": "2022-04-29T02:00:32Z",
        "viewCount": 8418,
        "isCommercial": "False"
    },
    {
        "id": "dcc66393-26e4-44d2-ba7c-5ac7ecf95ed5",
        "title": "[ASMR] Duct Tape Brain Massage, Sticky Sounds 테이프로 뇌 마사지",
        "description": "👄 PATREON (입소리 영상 풀버전 모두 공개)\nhttps://www.patreon.com/rose_asmr\nFull length of mouth sounds videos + extra videos\n풀 영상 + 멤버 전용 새로운 입소리 영상들 모두 공개\n\n🔥 Get the deleted mouth sounds video\nhttps://crowdticket.kr/store/roseasmr/language/en\n\n🔥 삭제된 입소리 영상 다운받기\nhttps://crowdticket.kr/store/roseasmr\n\n💝 Request Custom ASMR\nhttps://www.wisio.com/Rose_ASMR\nNo sign-up, real quick and easy!\n\n💝 맞춤형 ASMR 영상 요청하기\nhttps://crowdticket.kr/store/roseasmr\n최애 트리거를 골라 여러분들만의 최애 영상을 평생 소장하기!\n\n00:00 Preview 미리보기\n00:30 Intro 소개\n03:45 Starts 시작\n--------------------------------------------------\n\n🔥 PATREON https://www.patreon.com/rose_asmr\n\n💝 CUSTOM ASMR https://www.wisio.com/Rose_ASMR\n\n💝 맞춤 ASMR https://crowdticket.kr/item/store/417\n\n\n🧚‍♀ TikTok https://vt.tiktok.com/RsuHck/\n\n🧚‍♀ Instagram https://www.instagram.com/rose.0430/\n\n\n💌 PAYPAL https://paypal.me/rose0430?locale.x=ko_KR\n\n✉ Email : dbalzla159@gmail.com\n\n✉ Business : ad.group@treasurehunter.co.kr",
        "thumbnail": "https://i.ytimg.com/vi/ECmDMZLpx6M/mqdefault.jpg",
        "youtubeVideoId": "ECmDMZLpx6M",
        "uploadedDate": "2022-06-19T07:14:11Z",
        "viewCount": 5236,
        "isCommercial": "False"
    },
    {
        "id": "2a71950b-3866-4320-84c9-30f472eb329a",
        "title": "[ASMR] Bubble Chocolate Eating Sounds (+Up Close) 버블 초콜릿 이팅사운드 (+클로즈업)",
        "description": "👄 PATREON (입소리 영상 풀버전 모두 공개)\nhttps://www.patreon.com/rose_asmr\nFull length of mouth sounds videos + extra videos\n풀 영상 + 멤버 전용 새로운 입소리 영상들 모두 공개\n\n🔥 Get the deleted mouth sounds video\nhttps://crowdticket.kr/store/roseasmr/language/en\n\n🔥 삭제된 입소리 영상 다운받기\nhttps://crowdticket.kr/store/roseasmr\n\n💝 Request Custom ASMR\nhttps://www.wisio.com/Rose_ASMR\nNo sign-up, real quick and easy!\n\n💝 맞춤형 ASMR 영상 요청하기\nhttps://crowdticket.kr/store/roseasmr\n최애 트리거를 골라 여러분들만의 최애 영상을 평생 소장하기!\n\n00:00 Preview 미리보기\n00:30 Intro 소개\n03:15 First Bite 첫 입\n--------------------------------------------------\n\n🔥 PATREON https://www.patreon.com/rose_asmr\n\n💝 CUSTOM ASMR https://www.wisio.com/Rose_ASMR\n\n💝 맞춤 ASMR https://crowdticket.kr/item/store/417\n\n\n🧚‍♀ TikTok https://vt.tiktok.com/RsuHck/\n\n🧚‍♀ Instagram https://www.instagram.com/rose.0430/\n\n\n💌 PAYPAL https://paypal.me/rose0430?locale.x=ko_KR\n\n✉ Email : dbalzla159@gmail.com\n\n✉ Business : ad.group@treasurehunter.co.kr",
        "thumbnail": "https://i.ytimg.com/vi/aJhTGHnY8Ko/mqdefault.jpg",
        "youtubeVideoId": "aJhTGHnY8Ko",
        "uploadedDate": "2022-06-12T05:09:44Z",
        "viewCount": 8274,
        "isCommercial": "False"
    },
    {
        "id": "e69735e6-1a4b-4952-9d61-12ab4149b15a",
        "title": "[ASMR] Invisible Scratch (Personal Attention) l 화면 긁기, 시각적 팅글",
        "description": "👄 PATREON (입소리 영상 풀버전 모두 공개)\nhttps://www.patreon.com/rose_asmr\nFull length of mouth sounds videos + extra videos\n풀 영상 + 멤버 전용 새로운 입소리 영상들 모두 공개\n\n🔥 Get the deleted mouth sounds video\nhttps://crowdticket.kr/store/roseasmr/language/en\n\n🔥 삭제된 입소리 영상 다운받기\nhttps://crowdticket.kr/store/roseasmr\n\n💝 Request Custom ASMR\nhttps://www.wisio.com/Rose_ASMR\nNo sign-up, real quick and easy!\n\n💝 맞춤형 ASMR 영상 요청하기\nhttps://crowdticket.kr/store/roseasmr\n최애 트리거를 골라 여러분들만의 최애 영상을 평생 소장하기!\n\n00:00 Preview 미리보기\n00:30 Intro 소개\n01:14 Starts 시작\n--------------------------------------------------\n\n🔥 PATREON https://www.patreon.com/rose_asmr\n\n💝 CUSTOM ASMR https://www.wisio.com/Rose_ASMR\n\n💝 맞춤 ASMR https://crowdticket.kr/item/store/417\n\n\n🧚‍♀ TikTok https://vt.tiktok.com/RsuHck/\n\n🧚‍♀ Instagram https://www.instagram.com/rose.0430/\n\n\n💌 PAYPAL https://paypal.me/rose0430?locale.x=ko_KR\n\n✉ Email : dbalzla159@gmail.com\n\n✉ Business : ad.group@treasurehunter.co.kr",
        "thumbnail": "https://i.ytimg.com/vi/r467MtKFb58/mqdefault.jpg",
        "youtubeVideoId": "r467MtKFb58",
        "uploadedDate": "2022-06-01T09:11:12Z",
        "viewCount": 7928,
        "isCommercial": "False"
    },
    {
        "id": "38479946-d710-4579-a79f-ef9cea05111a",
        "title": "[ASMR] Wood Instrument, Candle Tapping 나무 악기와 캔들로 재워 줄게요",
        "description": "👄 PATREON (입소리 영상 풀버전 모두 공개)\nhttps://www.patreon.com/rose_asmr\nFull length of mouth sounds videos + extra videos\n풀 영상 + 멤버 전용 새로운 입소리 영상들 모두 공개\n\n🔥 Get the deleted mouth sounds video\nhttps://crowdticket.kr/store/roseasmr/language/en\n\n🔥 삭제된 입소리 영상 다운받기\nhttps://crowdticket.kr/store/roseasmr\n\n💝 Request Custom ASMR\nhttps://www.wisio.com/Rose_ASMR\nNo sign-up, real quick and easy!\n\n💝 맞춤형 ASMR 영상 요청하기\nhttps://crowdticket.kr/store/roseasmr\n최애 트리거를 골라 여러분들만의 최애 영상을 평생 소장하기!\n\n00:00 Preview 미리보기\n00:30 Intro 소개\n02:28 Starts 시작\n--------------------------------------------------\n\n🔥 PATREON https://www.patreon.com/rose_asmr\n\n💝 CUSTOM ASMR https://www.wisio.com/Rose_ASMR\n\n💝 맞춤 ASMR https://crowdticket.kr/item/store/417\n\n\n🧚‍♀ TikTok https://vt.tiktok.com/RsuHck/\n\n🧚‍♀ Instagram https://www.instagram.com/rose.0430/\n\n\n💌 PAYPAL https://paypal.me/rose0430?locale.x=ko_KR\n\n✉ Email : dbalzla159@gmail.com\n\n✉ Business : ad.group@treasurehunter.co.kr",
        "thumbnail": "https://i.ytimg.com/vi/0S5Zsr33Lls/mqdefault.jpg",
        "youtubeVideoId": "0S5Zsr33Lls",
        "uploadedDate": "2022-06-19T04:33:52Z",
        "viewCount": 4091,
        "isCommercial": "False"
    },
    {
        "id": "7c00bf2d-884b-44a9-ad36-0df689e9cdcb",
        "title": "[ASMR] Delicate Mic Nibbling Mouth Sounds l 섬세한 마이크 니블링 입소리",
        "description": "👄 PATREON (입소리 영상 풀버전 모두 공개)\nhttps://www.patreon.com/rose_asmr\nFull length of mouth sounds videos + extra videos\n풀 영상 + 멤버 전용 새로운 입소리 영상들 모두 공개\n\n🔥 Get the deleted mouth sounds video\nhttps://crowdticket.kr/store/roseasmr/language/en\n\n🔥 삭제된 입소리 영상 다운받기\nhttps://crowdticket.kr/store/roseasmr\n\n💝 Request Custom ASMR\nhttps://www.wisio.com/Rose_ASMR\nNo sign-up, real quick and easy!\n\n💝 맞춤형 ASMR 영상 요청하기\nhttps://crowdticket.kr/store/roseasmr\n최애 트리거를 골라 여러분들만의 최애 영상을 평생 소장하기!\n\n00:00 Preview 미리보기\n00:30 Intro & Lipgloss applying 소개와 립글로즈 바르기\n03:24 Starts 시작\n--------------------------------------------------\n\n🔥 PATREON https://www.patreon.com/rose_asmr\n\n💝 CUSTOM ASMR https://www.wisio.com/Rose_ASMR\n\n💝 맞춤 ASMR https://crowdticket.kr/item/store/417\n\n\n🧚‍♀ TikTok https://vt.tiktok.com/RsuHck/\n\n🧚‍♀ Instagram https://www.instagram.com/rose.0430/\n\n\n💌 PAYPAL https://paypal.me/rose0430?locale.x=ko_KR\n\n✉ Email : dbalzla159@gmail.com\n\n✉ Business : ad.group@treasurehunter.co.kr",
        "thumbnail": "https://i.ytimg.com/vi/rwp3TF0R9rk/mqdefault.jpg",
        "youtubeVideoId": "rwp3TF0R9rk",
        "uploadedDate": "2022-06-03T05:37:55Z",
        "viewCount": 7517,
        "isCommercial": "False"
    },
    {
        "id": "3ede432f-331c-498e-b7f2-1077c1c55b29",
        "title": "[ASMR] TWO TONGUES on MIC 혀 두개로 마이크 핥기",
        "description": "👄 PATREON (입소리 영상 풀버전 모두 공개)\nhttps://www.patreon.com/rose_asmr\nFull length of mouth sounds videos + extra videos\n풀 영상 + 멤버 전용 새로운 입소리 영상들 모두 공개\n\n🔥 Get the deleted mouth sounds video\nhttps://crowdticket.kr/store/roseasmr/language/en\n\n🔥 삭제된 입소리 영상 다운받기\nhttps://crowdticket.kr/store/roseasmr\n\n💝 Request Custom ASMR\nhttps://www.wisio.com/Rose_ASMR\nNo sign-up, real quick and easy!\n\n💝 맞춤형 ASMR 영상 요청하기\nhttps://crowdticket.kr/store/roseasmr\n최애 트리거를 골라 여러분들만의 최애 영상을 평생 소장하기!\n\n00:00 Preview 미리보기\n00:30 Starts 시작\n--------------------------------------------------\n\n🔥 PATREON https://www.patreon.com/rose_asmr\n\n💝 CUSTOM ASMR https://www.wisio.com/Rose_ASMR\n\n💝 맞춤 ASMR https://crowdticket.kr/item/store/417\n\n\n🧚‍♀ TikTok https://vt.tiktok.com/RsuHck/\n\n🧚‍♀ Instagram https://www.instagram.com/rose.0430/\n\n\n💌 PAYPAL https://paypal.me/rose0430?locale.x=ko_KR\n\n✉ Email : dbalzla159@gmail.com\n\n✉ Business : ad.group@treasurehunter.co.kr",
        "thumbnail": "https://i.ytimg.com/vi/Gh1rGaq_v6o/mqdefault.jpg",
        "youtubeVideoId": "Gh1rGaq_v6o",
        "uploadedDate": "2022-06-19T06:30:37Z",
        "viewCount": 10853,
        "isCommercial": "False"
    },
    {
        "id": "17969b8c-1731-4613-9cdd-6e6bc703c26c",
        "title": "[ASMR] Candy Mix Eating Sounds 직구 젤리 이팅사운드",
        "description": "👄 PATREON (입소리 영상 풀버전 모두 공개)\nhttps://www.patreon.com/rose_asmr\nFull length of mouth sounds videos + extra videos\n풀 영상 + 멤버 전용 새로운 입소리 영상들 모두 공개\n\n🔥 Get the deleted mouth sounds video\nhttps://crowdticket.kr/store/roseasmr/language/en\n\n🔥 삭제된 입소리 영상 다운받기\nhttps://crowdticket.kr/store/roseasmr\n\n💝 Request Custom ASMR\nhttps://www.wisio.com/Rose_ASMR\nNo sign-up, real quick and easy!\n\n💝 맞춤형 ASMR 영상 요청하기\nhttps://crowdticket.kr/store/roseasmr\n최애 트리거를 골라 여러분들만의 최애 영상을 평생 소장하기!\n\n00:00 Preview 미리보기\n00:30 Intro 소개\n01:40 Eating Starts 이팅 시작\n--------------------------------------------------\n\n🔥 PATREON https://www.patreon.com/rose_asmr\n\n💝 CUSTOM ASMR https://www.wisio.com/Rose_ASMR\n\n💝 맞춤 ASMR https://crowdticket.kr/item/store/417\n\n\n🧚‍♀ TikTok https://vt.tiktok.com/RsuHck/\n\n🧚‍♀ Instagram https://www.instagram.com/rose.0430/\n\n\n💌 PAYPAL https://paypal.me/rose0430?locale.x=ko_KR\n\n✉ Email : dbalzla159@gmail.com\n\n✉ Business : ad.group@treasurehunter.co.kr",
        "thumbnail": "https://i.ytimg.com/vi/MoHAI4EvPlc/mqdefault.jpg",
        "youtubeVideoId": "MoHAI4EvPlc",
        "uploadedDate": "2022-06-19T04:32:39Z",
        "viewCount": 9513,
        "isCommercial": "False"
    },
    {
        "id": "94ccc38d-472e-4cb7-836d-fae338df1729",
        "title": "[ASMR] Powder Candy Eating at 100% Sensitivity 섬세한 파우더 사탕 이팅 사운드",
        "description": "👄 PATREON (입소리 영상 풀버전 모두 공개)\nhttps://www.patreon.com/rose_asmr\nFull length of mouth sounds videos + extra videos\n풀 영상 + 멤버 전용 새로운 입소리 영상들 모두 공개\n\n🔥 Get the deleted mouth sounds video\nhttps://crowdticket.kr/store/roseasmr/language/en\n\n🔥 삭제된 입소리 영상 다운받기\nhttps://crowdticket.kr/store/roseasmr\n\n💝 Request Custom ASMR\nhttps://www.wisio.com/Rose_ASMR\nNo sign-up, real quick and easy!\n\n💝 맞춤형 ASMR 영상 요청하기\nhttps://crowdticket.kr/store/roseasmr\n최애 트리거를 골라 여러분들만의 최애 영상을 평생 소장하기!\n\n00:00 Preview 미리보기\n00:28 Intro 소개\n02:29 Eating Starts 이팅 시작\n25:12 Outro 인사\n--------------------------------------------------\n\n🔥 PATREON https://www.patreon.com/rose_asmr\n\n💝 CUSTOM ASMR https://www.wisio.com/Rose_ASMR\n\n💝 맞춤 ASMR https://crowdticket.kr/item/store/417\n\n\n🧚‍♀ TikTok https://vt.tiktok.com/RsuHck/\n\n🧚‍♀ Instagram https://www.instagram.com/rose.0430/\n\n\n💌 PAYPAL https://paypal.me/rose0430?locale.x=ko_KR\n\n✉ Email : dbalzla159@gmail.com\n\n✉ Business : ad.group@treasurehunter.co.kr",
        "thumbnail": "https://i.ytimg.com/vi/ihbV2hBdGgI/mqdefault.jpg",
        "youtubeVideoId": "ihbV2hBdGgI",
        "uploadedDate": "2022-03-22T01:47:02Z",
        "viewCount": 19778,
        "isCommercial": "False"
    },
    {
        "id": "12c359f5-24e4-4a63-86b0-fee9ce5471b5",
        "title": "[ASMR] Nail Tapping, Kisses, Mouth Sounds 손톱 탭핑, 뽀뽀, 입소리 (불평 주의)",
        "description": "👄 PATREON (입소리 영상 풀버전 모두 공개)\nhttps://www.patreon.com/rose_asmr\nFull length of mouth sounds videos + extra videos\n풀 영상 + 멤버 전용 새로운 입소리 영상들 모두 공개\n\n🔥 Get the deleted mouth sounds video\nhttps://crowdticket.kr/store/roseasmr/language/en\n\n🔥 삭제된 입소리 영상 다운받기\nhttps://crowdticket.kr/store/roseasmr\n\n💝 Request Custom ASMR\nhttps://www.wisio.com/Rose_ASMR\nNo sign-up, real quick and easy!\n\n💝 맞춤형 ASMR 영상 요청하기\nhttps://crowdticket.kr/store/roseasmr\n최애 트리거를 골라 여러분들만의 최애 영상을 평생 소장하기!\n\n00:00 Preview 미리보기\n00:30 Starts 시작\n--------------------------------------------------\n\n🔥 PATREON https://www.patreon.com/rose_asmr\n\n💝 CUSTOM ASMR https://www.wisio.com/Rose_ASMR\n\n💝 맞춤 ASMR https://crowdticket.kr/item/store/417\n\n\n🧚‍♀ TikTok https://vt.tiktok.com/RsuHck/\n\n🧚‍♀ Instagram https://www.instagram.com/rose.0430/\n\n\n💌 PAYPAL https://paypal.me/rose0430?locale.x=ko_KR\n\n✉ Email : dbalzla159@gmail.com\n\n✉ Business : ad.group@treasurehunter.co.kr",
        "thumbnail": "https://i.ytimg.com/vi/SNBU6KU6T6A/mqdefault.jpg",
        "youtubeVideoId": "SNBU6KU6T6A",
        "uploadedDate": "2022-05-23T07:09:14Z",
        "viewCount": 26384,
        "isCommercial": "False"
    },
    {
        "id": "a9da9721-1478-4c5a-ba1b-6914cb94a255",
        "title": "[ASMR] Tingly Bug Searching 벌레 찾아서 뽑기",
        "description": "👄 PATREON (입소리 영상 풀버전 모두 공개)\nhttps://www.patreon.com/rose_asmr\nFull length of mouth sounds videos + extra videos\n풀 영상 + 멤버 전용 새로운 입소리 영상들 모두 공개\n\n🔥 Get the deleted mouth sounds video\nhttps://crowdticket.kr/store/roseasmr/language/en\n\n🔥 삭제된 입소리 영상 다운받기\nhttps://crowdticket.kr/store/roseasmr\n\n💝 Request Custom ASMR\nhttps://www.wisio.com/Rose_ASMR\nNo sign-up, real quick and easy!\n\n💝 맞춤형 ASMR 영상 요청하기\nhttps://crowdticket.kr/store/roseasmr\n최애 트리거를 골라 여러분들만의 최애 영상을 평생 소장하기!\n\n00:00 Preview 미리보기\n00:30 Intro 소개\n01:42 Starts 시작\n--------------------------------------------------\n\n🔥 PATREON https://www.patreon.com/rose_asmr\n\n💝 CUSTOM ASMR https://www.wisio.com/Rose_ASMR\n\n💝 맞춤 ASMR https://crowdticket.kr/item/store/417\n\n\n🧚‍♀ TikTok https://vt.tiktok.com/RsuHck/\n\n🧚‍♀ Instagram https://www.instagram.com/rose.0430/\n\n\n💌 PAYPAL https://paypal.me/rose0430?locale.x=ko_KR\n\n✉ Email : dbalzla159@gmail.com\n\n✉ Business : ad.group@treasurehunter.co.kr",
        "thumbnail": "https://i.ytimg.com/vi/DBtEqC1xBOg/mqdefault.jpg",
        "youtubeVideoId": "DBtEqC1xBOg",
        "uploadedDate": "2022-05-24T14:36:22Z",
        "viewCount": 28420,
        "isCommercial": "False"
    },
    {
        "id": "aa2a3c6e-85c6-4ba7-b3ed-084de7eea81e",
        "title": "[ASMR] Applying Tongue Tattoos (Up Close❗) 혀 타투 (🚫극 불호 주의)",
        "description": "👄 PATREON (입소리 영상 풀버전 모두 공개)\nhttps://www.patreon.com/rose_asmr\nFull length of mouth sounds videos + extra videos\n풀 영상 + 멤버 전용 새로운 입소리 영상들 모두 공개\n\n🔥 Get the deleted mouth sounds video\nhttps://crowdticket.kr/store/roseasmr/language/en\n\n🔥 삭제된 입소리 영상 다운받기\nhttps://crowdticket.kr/store/roseasmr\n\n💝 Request Custom ASMR\nhttps://www.wisio.com/Rose_ASMR\nNo sign-up, real quick and easy!\n\n💝 맞춤형 ASMR 영상 요청하기\nhttps://crowdticket.kr/store/roseasmr\n최애 트리거를 골라 여러분들만의 최애 영상을 평생 소장하기!\n\n00:00 Preview 미리보기\n00:30 Intro 소개\n03:00 First tattoo starts 첫 타투 시작\n--------------------------------------------------\n\n🔥 PATREON https://www.patreon.com/rose_asmr\n\n💝 CUSTOM ASMR https://www.wisio.com/Rose_ASMR\n\n💝 맞춤 ASMR https://crowdticket.kr/item/store/417\n\n\n🧚‍♀ TikTok https://vt.tiktok.com/RsuHck/\n\n🧚‍♀ Instagram https://www.instagram.com/rose.0430/\n\n\n💌 PAYPAL https://paypal.me/rose0430?locale.x=ko_KR\n\n✉ Email : dbalzla159@gmail.com\n\n✉ Business : ad.group@treasurehunter.co.kr",
        "thumbnail": "https://i.ytimg.com/vi/gfoIXOX7k7M/mqdefault.jpg",
        "youtubeVideoId": "gfoIXOX7k7M",
        "uploadedDate": "2022-05-30T11:00:54Z",
        "viewCount": 27748,
        "isCommercial": "False"
    },
    {
        "id": "f4cd8055-2f3a-4b9d-8669-30971d43e61d",
        "title": "[ASMR] SR3D Ear Cleaning, Touching ☠해골물은 기억하는 쫀득 귀 마이크 귀청소",
        "description": "👄 PATREON (입소리 영상 풀버전 모두 공개)\nhttps://www.patreon.com/rose_asmr\nFull length of mouth sounds videos + extra videos\n풀 영상 + 멤버 전용 새로운 입소리 영상들 모두 공개\n\n🔥 Get the deleted mouth sounds video\nhttps://crowdticket.kr/store/roseasmr/language/en\n\n🔥 삭제된 입소리 영상 다운받기\nhttps://crowdticket.kr/store/roseasmr\n\n💝 Request Custom ASMR\nhttps://www.wisio.com/Rose_ASMR\nNo sign-up, real quick and easy!\n\n💝 맞춤형 ASMR 영상 요청하기\nhttps://crowdticket.kr/store/roseasmr\n최애 트리거를 골라 여러분들만의 최애 영상을 평생 소장하기!\n\n00:00 Preview 미리보기\n00:30 Starts 시작\n--------------------------------------------------\n\n🔥 PATREON https://www.patreon.com/rose_asmr\n\n💝 CUSTOM ASMR https://www.wisio.com/Rose_ASMR\n\n💝 맞춤 ASMR https://crowdticket.kr/item/store/417\n\n\n🧚‍♀ TikTok https://vt.tiktok.com/RsuHck/\n\n🧚‍♀ Instagram https://www.instagram.com/rose.0430/\n\n\n💌 PAYPAL https://paypal.me/rose0430?locale.x=ko_KR\n\n✉ Email : dbalzla159@gmail.com\n\n✉ Business : ad.group@treasurehunter.co.kr",
        "thumbnail": "https://i.ytimg.com/vi/6IlnSv51R7o/mqdefault.jpg",
        "youtubeVideoId": "6IlnSv51R7o",
        "uploadedDate": "2022-05-25T01:44:36Z",
        "viewCount": 12679,
        "isCommercial": "False"
    },
    {
        "id": "1bfcd9ce-65bc-428a-9789-f183012e5c75",
        "title": "[ASMR] Vegan Gummy Eating Sounds (+Up Close) 비건 젤리 이팅사운드 (+클로즈업)",
        "description": "👄 PATREON (입소리 영상 풀버전 모두 공개)\nhttps://www.patreon.com/rose_asmr\nFull length of mouth sounds videos + extra videos\n풀 영상 + 멤버 전용 새로운 입소리 영상들 모두 공개\n\n🔥 Get the deleted mouth sounds video\nhttps://crowdticket.kr/store/roseasmr/language/en\n\n🔥 삭제된 입소리 영상 다운받기\nhttps://crowdticket.kr/store/roseasmr\n\n💝 Request Custom ASMR\nhttps://www.wisio.com/Rose_ASMR\nNo sign-up, real quick and easy!\n\n💝 맞춤형 ASMR 영상 요청하기\nhttps://crowdticket.kr/store/roseasmr\n최애 트리거를 골라 여러분들만의 최애 영상을 평생 소장하기!\n\n00:00 Intro\n04:53 Eating Starts\n28:40 Outro\n--------------------------------------------------\n\n🔥 PATREON https://www.patreon.com/rose_asmr\n\n💝 CUSTOM ASMR https://www.wisio.com/Rose_ASMR\n\n💝 맞춤 ASMR https://crowdticket.kr/item/store/417\n\n\n🧚‍♀ TikTok https://vt.tiktok.com/RsuHck/\n\n🧚‍♀ Instagram https://www.instagram.com/rose.0430/\n\n\n💌 PAYPAL https://paypal.me/rose0430?locale.x=ko_KR\n\n✉ Email : dbalzla159@gmail.com\n\n✉ Business : ad.group@treasurehunter.co.kr",
        "thumbnail": "https://i.ytimg.com/vi/Lw9WUFIz8jo/mqdefault.jpg",
        "youtubeVideoId": "Lw9WUFIz8jo",
        "uploadedDate": "2022-05-14T14:55:03Z",
        "viewCount": 39450,
        "isCommercial": "False"
    },
    {
        "id": "f3b12f50-d0dd-4c15-88ae-1088b3ce67ff",
        "title": "[ASMR] Spit Painting You (Mouth Sounds) 침으로 그려줄게요 (입소리)",
        "description": "👄 PATREON (입소리 영상 풀버전 모두 공개)\nhttps://www.patreon.com/rose_asmr\nFull length of mouth sounds videos + extra videos\n풀 영상 + 멤버 전용 새로운 입소리 영상들 모두 공개\n\n🔥 Get the deleted mouth sounds video\nhttps://crowdticket.kr/store/roseasmr/language/en\n\n🔥 삭제된 입소리 영상 다운받기\nhttps://crowdticket.kr/store/roseasmr\n\n💝 Request Custom ASMR\nhttps://www.wisio.com/Rose_ASMR\nNo sign-up, real quick and easy!\n\n💝 맞춤형 ASMR 영상 요청하기\nhttps://crowdticket.kr/store/roseasmr\n최애 트리거를 골라 여러분들만의 최애 영상을 평생 소장하기!\n--------------------------------------------------\n\n🔥 PATREON https://www.patreon.com/rose_asmr\n\n💝 CUSTOM ASMR https://www.wisio.com/Rose_ASMR\n\n💝 맞춤 ASMR https://crowdticket.kr/item/store/417\n\n\n🧚‍♀ TikTok https://vt.tiktok.com/RsuHck/\n\n🧚‍♀ Instagram https://www.instagram.com/rose.0430/\n\n\n💌 PAYPAL https://paypal.me/rose0430?locale.x=ko_KR\n\n✉ Email : dbalzla159@gmail.com\n\n✉ Business : ad.group@treasurehunter.co.kr",
        "thumbnail": "https://i.ytimg.com/vi/J9PxZ_CI1jM/mqdefault.jpg",
        "youtubeVideoId": "J9PxZ_CI1jM",
        "uploadedDate": "2022-04-29T01:55:58Z",
        "viewCount": 28250,
        "isCommercial": "False"
    },
    {
        "id": "d04c8e3b-3d9f-45d6-bd64-6fa792981cc8",
        "title": "[ASMR] Coconut Marshmallow Eating Sounds 코코넛 마쉬멜로우 이팅사운드",
        "description": "👄 PATREON (입소리 영상 풀버전 모두 공개)\nhttps://www.patreon.com/rose_asmr\nFull length of mouth sounds videos + extra videos\n풀 영상 + 멤버 전용 새로운 입소리 영상들 모두 공개\n\n🔥 Get the deleted mouth sounds video\nhttps://crowdticket.kr/store/roseasmr/language/en\n\n🔥 삭제된 입소리 영상 다운받기\nhttps://crowdticket.kr/store/roseasmr\n\n💝 Request Custom ASMR\nhttps://www.wisio.com/Rose_ASMR\nNo sign-up, real quick and easy!\n\n💝 맞춤형 ASMR 영상 요청하기\nhttps://crowdticket.kr/store/roseasmr\n최애 트리거를 골라 여러분들만의 최애 영상을 평생 소장하기!\n\n00:00 Preview 미리보기\n00:31 Intro 인사\n01:46 Eating starts 이팅 시작\n16:00 No talking eating 노토킹 이팅\n--------------------------------------------------\n\n🔥 PATREON https://www.patreon.com/rose_asmr\n\n💝 CUSTOM ASMR https://www.wisio.com/Rose_ASMR\n\n💝 맞춤 ASMR https://crowdticket.kr/item/store/417\n\n\n🧚‍♀ TikTok https://vt.tiktok.com/RsuHck/\n\n🧚‍♀ Instagram https://www.instagram.com/rose.0430/\n\n\n💌 PAYPAL https://paypal.me/rose0430?locale.x=ko_KR\n\n✉ Email : dbalzla159@gmail.com\n\n✉ Business : ad.group@treasurehunter.co.kr",
        "thumbnail": "https://i.ytimg.com/vi/0okaBelVjJ4/mqdefault.jpg",
        "youtubeVideoId": "0okaBelVjJ4",
        "uploadedDate": "2022-04-29T02:00:02Z",
        "viewCount": 16757,
        "isCommercial": "False"
    },
    {
        "id": "d9e5801e-ed68-42a4-858a-e4bbaad1cb70",
        "title": "[ASMR] Eating You (Mouth Sounds) 산 채로 먹어 줄게요 (입소리)",
        "description": "👄 PATREON (입소리 영상 풀버전 모두 공개)\nhttps://www.patreon.com/rose_asmr\nFull length of mouth sounds videos + extra videos\n풀 영상 + 멤버 전용 새로운 입소리 영상들 모두 공개\n\n🔥 Get the deleted mouth sounds video\nhttps://crowdticket.kr/store/roseasmr/language/en\n\n🔥 삭제된 입소리 영상 다운받기\nhttps://crowdticket.kr/store/roseasmr\n\n💝 Request Custom ASMR\nhttps://www.wisio.com/Rose_ASMR\nNo sign-up, real quick and easy!\n\n💝 맞춤형 ASMR 영상 요청하기\nhttps://crowdticket.kr/store/roseasmr\n최애 트리거를 골라 여러분들만의 최애 영상을 평생 소장하기!\n--------------------------------------------------\n\n🔥 PATREON https://www.patreon.com/rose_asmr\n\n💝 CUSTOM ASMR https://www.wisio.com/Rose_ASMR\n\n💝 맞춤 ASMR https://crowdticket.kr/item/store/417\n\n\n🧚‍♀ TikTok https://vt.tiktok.com/RsuHck/\n\n🧚‍♀ Instagram https://www.instagram.com/rose.0430/\n\n\n💌 PAYPAL https://paypal.me/rose0430?locale.x=ko_KR\n\n✉ Email : dbalzla159@gmail.com\n\n✉ Business : ad.group@treasurehunter.co.kr",
        "thumbnail": "https://i.ytimg.com/vi/pI5BWsdrnH8/mqdefault.jpg",
        "youtubeVideoId": "pI5BWsdrnH8",
        "uploadedDate": "2022-04-18T04:28:35Z",
        "viewCount": 19088,
        "isCommercial": "False"
    },
    {
        "id": "33a18318-bfb4-407a-89a0-d02fcfa61549",
        "title": "[ASMR] Tiny Mic Ultimate Mouth Sounds Tingles 미니 마이크 극강의 입소리",
        "description": "👄 PATREON (입소리 영상 풀버전 모두 공개)\nhttps://www.patreon.com/rose_asmr\nFull length of mouth sounds videos + extra videos\n풀 영상 + 멤버 전용 새로운 입소리 영상들 모두 공개\n\n🔥 Get the deleted mouth sounds video\nhttps://crowdticket.kr/store/roseasmr/language/en\n\n🔥 삭제된 입소리 영상 다운받기\nhttps://crowdticket.kr/store/roseasmr\n\n💝 Request Custom ASMR\nhttps://www.wisio.com/Rose_ASMR\nNo sign-up, real quick and easy!\n\n💝 맞춤형 ASMR 영상 요청하기\nhttps://crowdticket.kr/store/roseasmr\n최애 트리거를 골라 여러분들만의 최애 영상을 평생 소장하기!\n\n00:00 Preview 미리보기\n00:31 Intro 인사\n01:45 Starts 시작\n--------------------------------------------------\n\n🔥 PATREON https://www.patreon.com/rose_asmr\n\n💝 CUSTOM ASMR https://www.wisio.com/Rose_ASMR\n\n💝 맞춤 ASMR https://crowdticket.kr/item/store/417\n\n\n🧚‍♀ TikTok https://vt.tiktok.com/RsuHck/\n\n🧚‍♀ Instagram https://www.instagram.com/rose.0430/\n\n\n💌 PAYPAL https://paypal.me/rose0430?locale.x=ko_KR\n\n✉ Email : dbalzla159@gmail.com\n\n✉ Business : ad.group@treasurehunter.co.kr",
        "thumbnail": "https://i.ytimg.com/vi/sQRdHTMbrbo/mqdefault.jpg",
        "youtubeVideoId": "sQRdHTMbrbo",
        "uploadedDate": "2022-04-11T02:15:39Z",
        "viewCount": 12781,
        "isCommercial": "False"
    },
    {
        "id": "c85a9d62-267f-472d-8e01-2195ee4065ba",
        "title": "[ASMR] Camera Brushing, Mouth Sounds, Rambles l 카메라 브러슁, 입소리, 속삭임",
        "description": "Check out to see previous videos with the same brushes!\n이 브러쉬가 사용된 다른 영상들이 보고 싶으시다면 클릭!\nhttps://www.youtube.com/watch?v=IEqqnXx3-ys\nhttps://www.youtube.com/watch?v=vMCqCtriH7A\n\n👄 PATREON (입소리 영상 풀버전 모두 공개)\nhttps://www.patreon.com/rose_asmr\nFull length of mouth sounds videos + extra videos\n풀 영상 + 멤버 전용 새로운 입소리 영상들 모두 공개\n\n🔥 Get the deleted mouth sounds video\nhttps://crowdticket.kr/store/roseasmr/language/en\n\n🔥 삭제된 입소리 영상 다운받기\nhttps://crowdticket.kr/store/roseasmr\n\n💝 Request Custom ASMR\nhttps://www.wisio.com/Rose_ASMR\nNo sign-up, real quick and easy!\n\n💝 맞춤형 ASMR 영상 요청하기\nhttps://crowdticket.kr/store/roseasmr\n최애 트리거를 골라 여러분들만의 최애 영상을 평생 소장하기!\n--------------------------------------------------\n\n🔥 PATREON https://www.patreon.com/rose_asmr\n\n💝 CUSTOM ASMR https://www.wisio.com/Rose_ASMR\n\n💝 맞춤 ASMR https://crowdticket.kr/item/store/417\n\n\n🧚‍♀ TikTok https://vt.tiktok.com/RsuHck/\n\n🧚‍♀ Instagram https://www.instagram.com/rose.0430/\n\n\n💌 PAYPAL https://paypal.me/rose0430?locale.x=ko_KR\n\n✉ Email : dbalzla159@gmail.com\n\n✉ Business : ad.group@treasurehunter.co.kr",
        "thumbnail": "https://i.ytimg.com/vi/wHqxdJ_3Qvg/mqdefault.jpg",
        "youtubeVideoId": "wHqxdJ_3Qvg",
        "uploadedDate": "2022-04-20T03:25:57Z",
        "viewCount": 14522,
        "isCommercial": "False"
    },
    {
        "id": "a4630a71-1903-42da-abcd-64b3c768e6a2",
        "title": "[ASMR] Lipstick Candy Eating Mouth Sounds 립스틱 초콜릿 이팅 입소리",
        "description": "👄 PATREON (입소리 영상 풀버전 모두 공개)\nhttps://www.patreon.com/rose_asmr\nFull length of mouth sounds videos + extra videos\n풀 영상 + 멤버 전용 새로운 입소리 영상들 모두 공개\n\n🔥 Get the deleted mouth sounds video\nhttps://crowdticket.kr/store/roseasmr/language/en\n\n🔥 삭제된 입소리 영상 다운받기\nhttps://crowdticket.kr/store/roseasmr\n\n💝 Request Custom ASMR\nhttps://www.wisio.com/Rose_ASMR\nNo sign-up, real quick and easy!\n\n💝 맞춤형 ASMR 영상 요청하기\nhttps://crowdticket.kr/store/roseasmr\n최애 트리거를 골라 여러분들만의 최애 영상을 평생 소장하기!\n\n00:00 Preview 미리보기\n00:38 Intro 소개\n02:17 First Lipstick 첫 번째 립스틱\n08:18 Second Lipstick 두 번째 립스틱\n14:50 Outro 인사\n--------------------------------------------------\n\n🔥 PATREON https://www.patreon.com/rose_asmr\n\n💝 CUSTOM ASMR https://www.wisio.com/Rose_ASMR\n\n💝 맞춤 ASMR https://crowdticket.kr/item/store/417\n\n\n🧚‍♀ TikTok https://vt.tiktok.com/RsuHck/\n\n🧚‍♀ Instagram https://www.instagram.com/rose.0430/\n\n\n💌 PAYPAL https://paypal.me/rose0430?locale.x=ko_KR\n\n✉ Email : dbalzla159@gmail.com\n\n✉ Business : ad.group@treasurehunter.co.kr",
        "thumbnail": "https://i.ytimg.com/vi/38en-jPL-so/mqdefault.jpg",
        "youtubeVideoId": "38en-jPL-so",
        "uploadedDate": "2022-04-04T06:02:42Z",
        "viewCount": 14880,
        "isCommercial": "False"
    },
    {
        "id": "78b88ec8-7bd0-434f-b87c-9e6f674c4ae8",
        "title": "[ASMR] Showing My Drawing Progress 인물 드로잉 발전 과정 (선 긋기 부터 그림 선물 까지!)",
        "description": "👄 PATREON (입소리 영상 풀버전 모두 공개)\nhttps://www.patreon.com/rose_asmr\nFull length of mouth sounds videos + extra videos\n풀 영상 + 멤버 전용 새로운 입소리 영상들 모두 공개\n\n🔥 Get the deleted mouth sounds video\nhttps://crowdticket.kr/store/roseasmr/language/en\n\n🔥 삭제된 입소리 영상 다운받기\nhttps://crowdticket.kr/store/roseasmr\n\n💝 Request Custom ASMR\nhttps://www.wisio.com/Rose_ASMR\nNo sign-up, real quick and easy!\n\n💝 맞춤형 ASMR 영상 요청하기\nhttps://crowdticket.kr/store/roseasmr\n최애 트리거를 골라 여러분들만의 최애 영상을 평생 소장하기!\n--------------------------------------------------\n\n🔥 PATREON https://www.patreon.com/rose_asmr\n\n💝 CUSTOM ASMR https://www.wisio.com/Rose_ASMR\n\n💝 맞춤 ASMR https://crowdticket.kr/item/store/417\n\n\n🧚‍♀ TikTok https://vt.tiktok.com/RsuHck/\n\n🧚‍♀ Instagram https://www.instagram.com/rose.0430/\n\n\n💌 PAYPAL https://paypal.me/rose0430?locale.x=ko_KR\n\n✉ Email : dbalzla159@gmail.com\n\n✉ Business : ad.group@treasurehunter.co.kr",
        "thumbnail": "https://i.ytimg.com/vi/esmEyHswh5I/mqdefault.jpg",
        "youtubeVideoId": "esmEyHswh5I",
        "uploadedDate": "2022-03-22T02:07:27Z",
        "viewCount": 11620,
        "isCommercial": "False"
    },
    {
        "id": "14282220-1897-4486-a26f-f96be18aa039",
        "title": "[ASMR] Nom on Candy Mouth Sounds 젤리 놈놈 입소리",
        "description": "👄 PATREON (입소리 영상 풀버전 모두 공개)\nhttps://www.patreon.com/rose_asmr\nFull length of mouth sounds videos + extra videos\n풀 영상 + 멤버 전용 새로운 입소리 영상들 모두 공개\n\n🔥 Get the deleted mouth sounds video\nhttps://crowdticket.kr/store/roseasmr/language/en\n\n🔥 삭제된 입소리 영상 다운받기\nhttps://crowdticket.kr/store/roseasmr\n\n💝 Request Custom ASMR\nhttps://www.wisio.com/Rose_ASMR\nNo sign-up, real quick and easy!\n\n💝 맞춤형 ASMR 영상 요청하기\nhttps://crowdticket.kr/store/roseasmr\n최애 트리거를 골라 여러분들만의 최애 영상을 평생 소장하기!\n--------------------------------------------------\n\n🔥 PATREON https://www.patreon.com/rose_asmr\n\n💝 CUSTOM ASMR https://www.wisio.com/Rose_ASMR\n\n💝 맞춤 ASMR https://crowdticket.kr/item/store/417\n\n\n🧚‍♀ TikTok https://vt.tiktok.com/RsuHck/\n\n🧚‍♀ Instagram https://www.instagram.com/rose.0430/\n\n\n💌 PAYPAL https://paypal.me/rose0430?locale.x=ko_KR\n\n✉ Email : dbalzla159@gmail.com\n\n✉ Business : ad.group@treasurehunter.co.kr",
        "thumbnail": "https://i.ytimg.com/vi/NJZ8ZLqIK9c/mqdefault.jpg",
        "youtubeVideoId": "NJZ8ZLqIK9c",
        "uploadedDate": "2022-04-04T04:53:04Z",
        "viewCount": 24795,
        "isCommercial": "False"
    },
    {
        "id": "aadddf09-1472-4775-9597-a2c6ff6fbe1d",
        "title": "[ASMR] Nail Tapping + Mouth Sounds Throughout l 손톱 탭핑과 입소리, 논스탑",
        "description": "👄 PATREON (입소리 영상 풀버전 모두 공개)\nhttps://www.patreon.com/rose_asmr\nFull length of mouth sounds videos + extra videos\n풀 영상 + 멤버 전용 새로운 입소리 영상들 모두 공개\n\n🔥 Get the deleted mouth sounds video\nhttps://crowdticket.kr/store/roseasmr/language/en\n\n🔥 삭제된 입소리 영상 다운받기\nhttps://crowdticket.kr/store/roseasmr\n\n💝 Request Custom ASMR\nhttps://www.wisio.com/Rose_ASMR\nNo sign-up, real quick and easy!\n\n💝 맞춤형 ASMR 영상 요청하기\nhttps://crowdticket.kr/store/roseasmr\n최애 트리거를 골라 여러분들만의 최애 영상을 평생 소장하기!\n\n00:00 Preview 미리보기\n00:31 Starts 시작\n--------------------------------------------------\n\n🔥 PATREON https://www.patreon.com/rose_asmr\n\n💝 CUSTOM ASMR https://www.wisio.com/Rose_ASMR\n\n💝 맞춤 ASMR https://crowdticket.kr/item/store/417\n\n\n🧚‍♀ TikTok https://vt.tiktok.com/RsuHck/\n\n🧚‍♀ Instagram https://www.instagram.com/rose.0430/\n\n\n💌 PAYPAL https://paypal.me/rose0430?locale.x=ko_KR\n\n✉ Email : dbalzla159@gmail.com\n\n✉ Business : ad.group@treasurehunter.co.kr",
        "thumbnail": "https://i.ytimg.com/vi/MIVzlGjP5-w/mqdefault.jpg",
        "youtubeVideoId": "MIVzlGjP5-w",
        "uploadedDate": "2022-03-22T02:10:40Z",
        "viewCount": 12928,
        "isCommercial": "False"
    },
    {
        "id": "15b57bf7-f6f4-409b-8032-90079ad2e292",
        "title": "[ASMR] Light Tapping with Whispers 잠오는 탭핑과 속삭임",
        "description": "👄 PATREON (입소리 영상 풀버전 모두 공개)\nhttps://www.patreon.com/rose_asmr\nFull length of mouth sounds videos + extra videos\n풀 영상 + 멤버 전용 새로운 입소리 영상들 모두 공개\n\n🔥 Get the deleted mouth sounds video\nhttps://crowdticket.kr/store/roseasmr/language/en\n\n🔥 삭제된 입소리 영상 다운받기\nhttps://crowdticket.kr/store/roseasmr\n\n💝 Request Custom ASMR\nhttps://www.wisio.com/Rose_ASMR\nNo sign-up, real quick and easy!\n\n💝 맞춤형 ASMR 영상 요청하기\nhttps://crowdticket.kr/store/roseasmr\n최애 트리거를 골라 여러분들만의 최애 영상을 평생 소장하기!\n\n00:00 Intro 소개\n00:51 Phone Case 폰 케이스\n07:04 Cards & Case 카드 & 케이스\n11:31 Dandelion Blush 단델리온 블러셔\n--------------------------------------------------\n\n🔥 PATREON https://www.patreon.com/rose_asmr\n\n💝 CUSTOM ASMR https://www.wisio.com/Rose_ASMR\n\n💝 맞춤 ASMR https://crowdticket.kr/item/store/417\n\n\n🧚‍♀ TikTok https://vt.tiktok.com/RsuHck/\n\n🧚‍♀ Instagram https://www.instagram.com/rose.0430/\n\n\n💌 PAYPAL https://paypal.me/rose0430?locale.x=ko_KR\n\n✉ Email : dbalzla159@gmail.com\n\n✉ Business : ad.group@treasurehunter.co.kr",
        "thumbnail": "https://i.ytimg.com/vi/cu-g0bFvuog/mqdefault.jpg",
        "youtubeVideoId": "cu-g0bFvuog",
        "uploadedDate": "2022-03-22T01:40:03Z",
        "viewCount": 7792,
        "isCommercial": "False"
    },
    {
        "id": "5daa18ab-26d0-4f11-bd92-af5c81d9d6a0",
        "title": "[ASMR] Lollipop Eating Mouth Sounds (+Up Close) 막대사탕 이팅 입소리 (+클로즈업)",
        "description": "👄 PATREON (입소리 영상 풀버전 모두 공개)\nhttps://www.patreon.com/rose_asmr\nFull length of mouth sounds videos + extra videos\n풀 영상 + 멤버 전용 새로운 입소리 영상들 모두 공개\n\n🔥 Get the deleted mouth sounds video\nhttps://crowdticket.kr/store/roseasmr/language/en\n\n🔥 삭제된 입소리 영상 다운받기\nhttps://crowdticket.kr/store/roseasmr\n\n💝 Request Custom ASMR\nhttps://www.wisio.com/Rose_ASMR\nNo sign-up, real quick and easy!\n\n💝 맞춤형 ASMR 영상 요청하기\nhttps://crowdticket.kr/store/roseasmr\n최애 트리거를 골라 여러분들만의 최애 영상을 평생 소장하기!\n\n00:00 Preview 미리보기\n00:35 Intro 소개\n01:51 First Lollipop 첫 번째 사탕\n05:46 Second Lollipop 두 번째 사탕\n--------------------------------------------------\n\n🔥 PATREON https://www.patreon.com/rose_asmr\n\n💝 CUSTOM ASMR https://www.wisio.com/Rose_ASMR\n\n💝 맞춤 ASMR https://crowdticket.kr/item/store/417\n\n\n🧚‍♀ TikTok https://vt.tiktok.com/RsuHck/\n\n🧚‍♀ Instagram https://www.instagram.com/rose.0430/\n\n\n💌 PAYPAL https://paypal.me/rose0430?locale.x=ko_KR\n\n✉ Email : dbalzla159@gmail.com\n\n✉ Business : ad.group@treasurehunter.co.kr",
        "thumbnail": "https://i.ytimg.com/vi/bemcGegaVJg/mqdefault.jpg",
        "youtubeVideoId": "bemcGegaVJg",
        "uploadedDate": "2022-03-21T03:34:40Z",
        "viewCount": 14965,
        "isCommercial": "False"
    },
    {
        "id": "3da17144-1306-4e21-9906-247dd5717b61",
        "title": "[ASMR] Dreamcatcher Pen Noms Mouth Sounds 펜 놈놈 입소리",
        "description": "👄 PATREON (입소리 영상 풀버전 모두 공개)\nhttps://www.patreon.com/rose_asmr\nFull length of mouth sounds videos + extra videos\n풀 영상 + 멤버 전용 새로운 입소리 영상들 모두 공개\n\n🔥 Get the deleted mouth sounds video\nhttps://crowdticket.kr/store/roseasmr/language/en\n\n🔥 삭제된 입소리 영상 다운받기\nhttps://crowdticket.kr/store/roseasmr\n\n💝 Request Custom ASMR\nhttps://www.wisio.com/Rose_ASMR\nNo sign-up, real quick and easy!\n\n💝 맞춤형 ASMR 영상 요청하기\nhttps://crowdticket.kr/store/roseasmr\n최애 트리거를 골라 여러분들만의 최애 영상을 평생 소장하기!\n\n00:00 Preview 미리보기\n00:30 Intro 소개\n02:52 Alcohol Swab 알콜 스왑\n07:18 Mouth Sounds Starts 입소리 시작\n--------------------------------------------------\n\n🔥 PATREON https://www.patreon.com/rose_asmr\n\n💝 CUSTOM ASMR https://www.wisio.com/Rose_ASMR\n\n💝 맞춤 ASMR https://crowdticket.kr/item/store/417\n\n\n🧚‍♀ TikTok https://vt.tiktok.com/RsuHck/\n\n🧚‍♀ Instagram https://www.instagram.com/rose.0430/\n\n\n💌 PAYPAL https://paypal.me/rose0430?locale.x=ko_KR\n\n✉ Email : dbalzla159@gmail.com\n\n✉ Business : ad.group@treasurehunter.co.kr",
        "thumbnail": "https://i.ytimg.com/vi/ZuT7o8xBrTs/mqdefault.jpg",
        "youtubeVideoId": "ZuT7o8xBrTs",
        "uploadedDate": "2022-03-21T03:29:39Z",
        "viewCount": 9685,
        "isCommercial": "False"
    },
    {
        "id": "77da1772-838b-466e-a688-745caa17dfd6",
        "title": "[ASMR] Pulling Out Thumbtacks (Satisfying~) 쇽쇽쇽 압정 뽑기",
        "description": "👄 PATREON (입소리 영상 풀버전 모두 공개)\nhttps://www.patreon.com/rose_asmr\nFull length of mouth sounds videos + extra videos\n풀 영상 + 멤버 전용 새로운 입소리 영상들 모두 공개\n\n🔥 Get the deleted mouth sounds video\nhttps://crowdticket.kr/store/roseasmr/language/en\n\n🔥 삭제된 입소리 영상 다운받기\nhttps://crowdticket.kr/store/roseasmr\n\n💝 Request Custom ASMR\nhttps://www.wisio.com/Rose_ASMR\nNo sign-up, real quick and easy!\n\n💝 맞춤형 ASMR 영상 요청하기\nhttps://crowdticket.kr/store/roseasmr\n최애 트리거를 골라 여러분들만의 최애 영상을 평생 소장하기!\n--------------------------------------------------\n\n🔥 PATREON https://www.patreon.com/rose_asmr\n\n💝 CUSTOM ASMR https://www.wisio.com/Rose_ASMR\n\n💝 맞춤 ASMR https://crowdticket.kr/item/store/417\n\n\n🧚‍♀ TikTok https://vt.tiktok.com/RsuHck/\n\n🧚‍♀ Instagram https://www.instagram.com/rose.0430/\n\n\n💌 PAYPAL https://paypal.me/rose0430?locale.x=ko_KR\n\n✉ Email : dbalzla159@gmail.com\n\n✉ Business : ad.group@treasurehunter.co.kr",
        "thumbnail": "https://i.ytimg.com/vi/Tsvx1dyHKNs/mqdefault.jpg",
        "youtubeVideoId": "Tsvx1dyHKNs",
        "uploadedDate": "2022-03-21T03:32:16Z",
        "viewCount": 8001,
        "isCommercial": "False"
    },
    {
        "id": "41e41c31-4926-4949-9048-9303a213717f",
        "title": "[ASMR] Croissant Marshmallow Eating Sounds 크로아상 마쉬멜로우 이팅사운드",
        "description": "👄 PATREON (입소리 영상 풀버전 모두 공개)\nhttps://www.patreon.com/rose_asmr\nFull length of mouth sounds videos + extra videos\n풀 영상 + 멤버 전용 새로운 입소리 영상들 모두 공개\n\n🔥 Get the deleted mouth sounds video\nhttps://crowdticket.kr/store/roseasmr/language/en\n\n🔥 삭제된 입소리 영상 다운받기\nhttps://crowdticket.kr/store/roseasmr\n\n💝 Request Custom ASMR\nhttps://www.wisio.com/Rose_ASMR\nNo sign-up, real quick and easy!\n\n💝 맞춤형 ASMR 영상 요청하기\nhttps://crowdticket.kr/store/roseasmr\n최애 트리거를 골라 여러분들만의 최애 영상을 평생 소장하기!\n\n00:00 Preview 미리보기\n00:31 Intro 소개\n01:46 Eating starts 이팅 시작\n15:57 Outro 인사\n18:00  No talking eating  노토킹 이팅 \n--------------------------------------------------\n\n🔥 PATREON https://www.patreon.com/rose_asmr\n\n💝 CUSTOM ASMR https://www.wisio.com/Rose_ASMR\n\n💝 맞춤 ASMR https://crowdticket.kr/item/store/417\n\n\n🧚‍♀ TikTok https://vt.tiktok.com/RsuHck/\n\n🧚‍♀ Instagram https://www.instagram.com/rose.0430/\n\n\n💌 PAYPAL https://paypal.me/rose0430?locale.x=ko_KR\n\n✉ Email : dbalzla159@gmail.com\n\n✉ Business : ad.group@treasurehunter.co.kr",
        "thumbnail": "https://i.ytimg.com/vi/T9tFENsC2Ns/mqdefault.jpg",
        "youtubeVideoId": "T9tFENsC2Ns",
        "uploadedDate": "2022-03-21T03:30:09Z",
        "viewCount": 15772,
        "isCommercial": "False"
    },
    {
        "id": "4d7851e1-c8f8-4695-be51-1964cfbcffda",
        "title": "[ASMR] Sleepy Triggers, Whispers, Mouth Sounds 잠오는 소리와 속삭임, 입소리",
        "description": "👄 PATREON (입소리 영상 풀버전 모두 공개)\nhttps://www.patreon.com/rose_asmr\nFull length of mouth sounds videos + extra videos\n풀 영상 + 멤버 전용 새로운 입소리 영상들 모두 공개\n\n🔥 Get the deleted mouth sounds video\nhttps://crowdticket.kr/store/roseasmr/language/en\n\n🔥 삭제된 입소리 영상 다운받기\nhttps://crowdticket.kr/store/roseasmr\n\n💝 Request Custom ASMR\nhttps://www.wisio.com/Rose_ASMR\nNo sign-up, real quick and easy!\n\n💝 맞춤형 ASMR 영상 요청하기\nhttps://crowdticket.kr/store/roseasmr\n최애 트리거를 골라 여러분들만의 최애 영상을 평생 소장하기!\n\n00:00 Preview 미리보기\n00:33 Intro 소개\n02:35 Lipgloss 립글로즈\n06:15 Mic Scratching+Mouth Sounds 마이크 스크래칭+입소리\n07:11 Nail Tapping+Whispers 네일 탭핑+속삭임\n11:41 Mic Scratching+Whispers\n15:42 Nail Tapping+Whispers 네일 탭핑+속삭임\n17:16 Spoolie Mouth Sounds 스풀리 입소리\n21:34 Outro 인사\n--------------------------------------------------\n\n🔥 PATREON https://www.patreon.com/rose_asmr\n\n💝 CUSTOM ASMR https://www.wisio.com/Rose_ASMR\n\n💝 맞춤 ASMR https://crowdticket.kr/item/store/417\n\n\n🧚‍♀ TikTok https://vt.tiktok.com/RsuHck/\n\n🧚‍♀ Instagram https://www.instagram.com/rose.0430/\n\n\n💌 PAYPAL https://paypal.me/rose0430?locale.x=ko_KR\n\n✉ Email : dbalzla159@gmail.com\n\n✉ Business : ad.group@treasurehunter.co.kr",
        "thumbnail": "https://i.ytimg.com/vi/-rBLcn4l14s/mqdefault.jpg",
        "youtubeVideoId": "-rBLcn4l14s",
        "uploadedDate": "2022-03-07T02:12:12Z",
        "viewCount": 15089,
        "isCommercial": "False"
    },
    {
        "id": "fa3e45b5-7241-4e13-b759-306560c80bde",
        "title": "[ASMR] Positive affirmations, Mouth Sounds l 긍정정적인 속삭임과 입소리",
        "description": "💝If you'd like a custom video like this : \nhttps://www.wisio.com/Rose_ASMR\nNo sign-up, real quick and easy!\n\n💝 맞춤형 ASMR 영상 요청하기\nhttps://crowdticket.kr/store/roseasmr\n최애 트리거를 골라 여러분들만의 최애 영상을 평생 소장하기!\n\n👄 PATREON (입소리 영상 풀버전 모두 공개)\nhttps://www.patreon.com/rose_asmr\nFull length of mouth sounds videos + extra videos\n풀 영상 + 멤버 전용 새로운 입소리 영상들 모두 공개\n\n🔥 Get the deleted mouth sounds video\nhttps://crowdticket.kr/store/roseasmr/language/en\n\n🔥 삭제된 입소리 영상 다운받기\nhttps://crowdticket.kr/store/roseasmr\n----------------------------------------------------------------------------------\n\n🔥 PATREON https://www.patreon.com/rose_asmr\n\n💝 CUSTOM ASMR https://www.wisio.com/Rose_ASMR\n\n💝 맞춤 ASMR https://crowdticket.kr/item/store/417\n\n\n🧚‍♀ TikTok https://vt.tiktok.com/RsuHck/\n\n🧚‍♀ Instagram https://www.instagram.com/rose.0430/\n\n\n💌 PAYPAL https://paypal.me/rose0430?locale.x=ko_KR\n\n✉ Email : dbalzla159@gmail.com\n\n✉ Business : ad.group@treasurehunter.co.kr",
        "thumbnail": "https://i.ytimg.com/vi/sX2jSW_70cQ/mqdefault.jpg",
        "youtubeVideoId": "sX2jSW_70cQ",
        "uploadedDate": "2022-01-27T01:41:33Z",
        "viewCount": 14561,
        "isCommercial": "False"
    },
    {
        "id": "9f1b7bcb-2808-45a2-9e11-f2593d950a4d",
        "title": "[ASMR] Full of Licorice Gummies! Eating Sounds 감초 젤리 몽땅 이팅사운드",
        "description": "▼See other candy videos 외국 젤리 이팅 영상 골라서 보기\n\n🇸🇪 Swedish Candy Eating P.1\nhttps://youtu.be/cYW6OQ4TaKE\n\n🇸🇪 Swedish Candy Eating P.2\nhttps://youtu.be/inugJR5J5cg\n\n🇺🇸 US Candy Eating\nhttps://youtu.be/nGfoIfk_iUs\n\n🇲🇽 Mexican Candy Eating\nhttps://youtu.be/q-ltkSwfGpY\n\n🇨🇭 Swiss Candy Eating\nhttps://youtu.be/7UK2UzNVz-U\n\n👄 PATREON (입소리 영상 풀버전 모두 공개)\nhttps://www.patreon.com/rose_asmr\nFull length of mouth sounds videos + extra videos\n풀 영상 + 멤버 전용 새로운 입소리 영상들 모두 공개\n\n🔥 Get the deleted mouth sounds video\nhttps://crowdticket.kr/store/roseasmr/language/en\n\n🔥 삭제된 입소리 영상 다운받기\nhttps://crowdticket.kr/store/roseasmr\n\n💝 Request Custom ASMR\nhttps://www.wisio.com/Rose_ASMR\nNo sign-up, real quick and easy!\n\n💝 맞춤형 ASMR 영상 요청하기\nhttps://crowdticket.kr/store/roseasmr\n최애 트리거를 골라 여러분들만의 최애 영상을 평생 소장하기!\n\n00:00 Intro 소개\n02:26 Eating Starts 이팅 시작\n--------------------------------------------------\n\n🔥 PATREON https://www.patreon.com/rose_asmr\n\n💝 CUSTOM ASMR https://www.wisio.com/Rose_ASMR\n\n💝 맞춤 ASMR https://crowdticket.kr/item/store/417\n\n\n🧚‍♀ TikTok https://vt.tiktok.com/RsuHck/\n\n🧚‍♀ Instagram https://www.instagram.com/rose.0430/\n\n\n💌 PAYPAL https://paypal.me/rose0430?locale.x=ko_KR\n\n✉ Email : dbalzla159@gmail.com\n\n✉ Business : ad.group@treasurehunter.co.kr",
        "thumbnail": "https://i.ytimg.com/vi/FX45gu5UIO8/mqdefault.jpg",
        "youtubeVideoId": "FX45gu5UIO8",
        "uploadedDate": "2022-03-02T02:13:35Z",
        "viewCount": 14695,
        "isCommercial": "False"
    },
    {
        "id": "3fa1af8d-02a4-46e1-9340-331f21075235",
        "title": "[ASMR] Crisp & Sticky Banana Eating Sounds l 아삭 찐득 바나나 이팅 사운드",
        "description": "👄 PATREON (입소리 영상 풀버전 모두 공개)\nhttps://www.patreon.com/rose_asmr\nFull length of mouth sounds videos + extra videos\n풀 영상 + 멤버 전용 새로운 입소리 영상들 모두 공개\n\n🔥 Get the deleted mouth sounds video\nhttps://crowdticket.kr/store/roseasmr/language/en\n\n🔥 삭제된 입소리 영상 다운받기\nhttps://crowdticket.kr/store/roseasmr\n\n💝 Request Custom ASMR\nhttps://www.wisio.com/Rose_ASMR\nNo sign-up, real quick and easy!\n\n💝 맞춤형 ASMR 영상 요청하기\nhttps://crowdticket.kr/store/roseasmr\n최애 트리거를 골라 여러분들만의 최애 영상을 평생 소장하기!\n\n00:00 Preview 미리보기\n00:33 Intro 소개\n01:27 Tapping, Peeling 탭핑, 껍질 까기\n03:37 Eating starts 이팅 시작\n19:15 No talking eating 노토킹 이팅\n--------------------------------------------------\n\n🔥 PATREON https://www.patreon.com/rose_asmr\n\n💝 CUSTOM ASMR https://www.wisio.com/Rose_ASMR\n\n💝 맞춤 ASMR https://crowdticket.kr/item/store/417\n\n\n🧚‍♀ TikTok https://vt.tiktok.com/RsuHck/\n\n🧚‍♀ Instagram https://www.instagram.com/rose.0430/\n\n\n💌 PAYPAL https://paypal.me/rose0430?locale.x=ko_KR\n\n✉ Email : dbalzla159@gmail.com\n\n✉ Business : ad.group@treasurehunter.co.kr",
        "thumbnail": "https://i.ytimg.com/vi/w70m_xLJYWQ/mqdefault.jpg",
        "youtubeVideoId": "w70m_xLJYWQ",
        "uploadedDate": "2022-02-23T01:56:11Z",
        "viewCount": 17133,
        "isCommercial": "False"
    },
    {
        "id": "cf47c086-4ad0-4d30-8f33-9ceb4ce9bb8e",
        "title": "[ASMR] 100 Layers of Lipgloss (failed), Mouth Sounds 립글로즈 100번 바르기 (실패), 입소리",
        "description": "👄 PATREON (입소리 영상 풀버전 모두 공개)\nhttps://www.patreon.com/rose_asmr\nFull length of mouth sounds videos + extra videos\n풀 영상 + 멤버 전용 새로운 입소리 영상들 모두 공개\n\n🔥 Get the deleted mouth sounds video\nhttps://crowdticket.kr/store/roseasmr/language/en\n\n🔥 삭제된 입소리 영상 다운받기\nhttps://crowdticket.kr/store/roseasmr\n\n💝 Request Custom ASMR\nhttps://www.wisio.com/Rose_ASMR\nNo sign-up, real quick and easy!\n\n💝 맞춤형 ASMR 영상 요청하기\nhttps://crowdticket.kr/store/roseasmr\n최애 트리거를 골라 여러분들만의 최애 영상을 평생 소장하기!\n--------------------------------------------------\n\n🔥 PATREON https://www.patreon.com/rose_asmr\n\n💝 CUSTOM ASMR https://www.wisio.com/Rose_ASMR\n\n💝 맞춤 ASMR https://crowdticket.kr/item/store/417\n\n\n🧚‍♀ TikTok https://vt.tiktok.com/RsuHck/\n\n🧚‍♀ Instagram https://www.instagram.com/rose.0430/\n\n\n💌 PAYPAL https://paypal.me/rose0430?locale.x=ko_KR\n\n✉ Email : dbalzla159@gmail.com\n\n✉ Business : ad.group@treasurehunter.co.kr",
        "thumbnail": "https://i.ytimg.com/vi/J9PmvNGClIU/mqdefault.jpg",
        "youtubeVideoId": "J9PmvNGClIU",
        "uploadedDate": "2022-02-22T04:32:11Z",
        "viewCount": 11440,
        "isCommercial": "False"
    },
    {
        "id": "69011dfa-e4ec-4692-bcb0-398a8203e900",
        "title": "[ASMR] Trigger Words in 25+ Languages, Tingly Whispers 외국어 단어 속삭임",
        "description": "👄 PATREON (입소리 영상 풀버전 모두 공개)\nhttps://www.patreon.com/rose_asmr\nFull length of mouth sounds videos + extra videos\n풀 영상 + 멤버 전용 새로운 입소리 영상들 모두 공개\n\n🔥 Get the deleted mouth sounds video\nhttps://crowdticket.kr/store/roseasmr/language/en\n\n🔥 삭제된 입소리 영상 다운받기\nhttps://crowdticket.kr/store/roseasmr\n\n💝 Request Custom ASMR\nhttps://www.wisio.com/Rose_ASMR\nNo sign-up, real quick and easy!\n\n💝 맞춤형 ASMR 영상 요청하기\nhttps://crowdticket.kr/store/roseasmr\n최애 트리거를 골라 여러분들만의 최애 영상을 평생 소장하기!\n--------------------------------------------------\n\n🔥 PATREON https://www.patreon.com/rose_asmr\n\n💝 CUSTOM ASMR https://www.wisio.com/Rose_ASMR\n\n💝 맞춤 ASMR https://crowdticket.kr/item/store/417\n\n\n🧚‍♀ TikTok https://vt.tiktok.com/RsuHck/\n\n🧚‍♀ Instagram https://www.instagram.com/rose.0430/\n\n\n💌 PAYPAL https://paypal.me/rose0430?locale.x=ko_KR\n\n✉ Email : dbalzla159@gmail.com\n\n✉ Business : ad.group@treasurehunter.co.kr",
        "thumbnail": "https://i.ytimg.com/vi/RPIgngtn33M/mqdefault.jpg",
        "youtubeVideoId": "RPIgngtn33M",
        "uploadedDate": "2022-02-14T02:47:39Z",
        "viewCount": 7664,
        "isCommercial": "False"
    }
]