[
    {
        "id": "4ed4d51e-f33d-4693-b629-f372e42551ae",
        "title": "스무고개로 남자아이돌 이름 맞히기 (바보+꿀잼) [채채TV]",
        "description": "이 정도면 스무고개 룰을 모르는 수준.\n\n▶ 구독 youtube : https://www.youtube.com/chaechaetv\n▶ 팔로우 facebook : https://www.facebook.com/dolheesun\n▶ 팔로우 instagram : https://www.instagram.com/chaechaetv/\n▶ 문의 e-mail : chaechaetv@naver.com\nMusic: http://www.bensound.com",
        "thumbnail": "https://i.ytimg.com/vi/8pBCNC8zguY/mqdefault.jpg",
        "youtubeVideoId": "8pBCNC8zguY",
        "uploadedDate": "2018-02-02T00:29:36Z",
        "viewCount": 0,
        "isCommercial": "False"
    },
    {
        "id": "5e7d1d31-94e6-4a94-a887-6c7ee022f7f2",
        "title": "(ENG) 외국 연예인 나이 맞히기 Guessing foreign celebrity's ages 채희선X데이브 [채채TV]",
        "description": "여러분도 외국 연예인들의 나이를 함께 맞혀보세요! 뿌우뿌우!\n\n▶ 채채TV 구독 youtube : https://goo.gl/IQHIBa \n▶ 팔로우 facebook : https://www.facebook.com/dolheesun\n▶ 팔로우 instagram : https://www.instagram.com/chaechaetv/\n▶ 문의 e-mail : chaechaetv@naver.com \n\n구독/좋아요/공유 잊지말고 해주시면 감사하겠어요.\n유익하고 유쾌한 컨텐츠크리에이터 채희선에게 응원을 듬뿍해주실수록, 영상이 자주 올라갑니다♥!",
        "thumbnail": "https://i.ytimg.com/vi/G5x7JWXiCSk/mqdefault.jpg",
        "youtubeVideoId": "G5x7JWXiCSk",
        "uploadedDate": "2017-06-09T09:28:22Z",
        "viewCount": 0,
        "isCommercial": "False"
    },
    {
        "id": "79843acb-fb3b-4e73-87d6-bab5196da038",
        "title": "2017년 신조어 맞히기 함께해요! (어려웠습니다) [채채TV]",
        "description": "문제의 난이도는 최PD가 결정했습니다.\n갈비는 너무 옛날 유행어 아닌가요? 최PD 보고 있나? ♡?\n\n▶ 구독 youtube : https://www.youtube.com/chaechaetv\n▶ 팔로우 facebook : https://www.facebook.com/dolheesun\n▶ 팔로우 instagram : https://www.instagram.com/chaechaetv/\n▶ 문의 e-mail : chaechaetv@naver.com\n\nMusic: http://www.bensound.com",
        "thumbnail": "https://i.ytimg.com/vi/RJA0XYOm28k/mqdefault.jpg",
        "youtubeVideoId": "RJA0XYOm28k",
        "uploadedDate": "2017-06-24T08:14:46Z",
        "viewCount": 0,
        "isCommercial": "False"
    },
    {
        "id": "687b1f3b-0d7c-4805-bbbb-7522b48041d8",
        "title": "이모티콘으로 된 드라마 이름 맞히기 [채채TV]",
        "description": "놀라운 사실은 여기 있는 드라마 한편도 안 봤..\n\n▶ 구독 youtube : https://www.youtube.com/chaechaetv\n▶ 팔로우 facebook : https://www.facebook.com/dolheesun\n▶ 팔로우 instagram : https://www.instagram.com/chaechaetv/\n▶ 문의 e-mail : chaechaetv@naver.com\nMusic: http://www.bensound.com",
        "thumbnail": "https://i.ytimg.com/vi/CNlD0-41j4o/mqdefault.jpg",
        "youtubeVideoId": "CNlD0-41j4o",
        "uploadedDate": "2017-10-27T01:02:48Z",
        "viewCount": 0,
        "isCommercial": "False"
    },
    {
        "id": "fc50881b-b1a7-4bcf-9a26-b68ba357b065",
        "title": "중학생 필수 영단어 맞혀봄 ※똥멍청주의※ [채채TV]",
        "description": "광고 아닙니다. 십년 전에 제가 쓰던 영단어장일뿐...\n\n▶ 구독 youtube : https://www.youtube.com/chaechaetv\n▶ 팔로우 facebook : https://www.facebook.com/dolheesun\n▶ 팔로우 instagram : https://www.instagram.com/chaechaetv/\n▶ 문의 e-mail : chaechaetv@naver.com\nMusic: http://www.bensound.com",
        "thumbnail": "https://i.ytimg.com/vi/Ud2ojp8uIT8/mqdefault.jpg",
        "youtubeVideoId": "Ud2ojp8uIT8",
        "uploadedDate": "2017-10-05T03:59:02Z",
        "viewCount": 0,
        "isCommercial": "False"
    },
    {
        "id": "5b05a6f6-5ed2-4858-aa6b-b1a95768f986",
        "title": "이모티콘으로 된 아이돌 이름 맞히기 [채채TV]",
        "description": "생각보다 잘 하는 것이 함정.\n\n▶ 구독 youtube : https://www.youtube.com/chaechaetv\n▶ 팔로우 facebook : https://www.facebook.com/dolheesun\n▶ 팔로우 instagram : https://www.instagram.com/chaechaetv/\n▶ 문의 e-mail : chaechaetv@naver.com\nMusic: http://www.bensound.com",
        "thumbnail": "https://i.ytimg.com/vi/XY0AXezgWFU/mqdefault.jpg",
        "youtubeVideoId": "XY0AXezgWFU",
        "uploadedDate": "2017-12-08T03:21:48Z",
        "viewCount": 0,
        "isCommercial": "False"
    },
    {
        "id": "0c3560fb-37df-4fa8-8e29-32ce06cbca62",
        "title": "이모티콘으로 서양 애니메이션 제목 맞히기 [채채TV]",
        "description": "위정척사파지만 서양 애니메이션은 좋습니다.\n\n▶ 구독 youtube : https://goo.gl/IQHIBa \n▶ 팔로우 facebook : https://www.facebook.com/dolheesun\n▶ 팔로우 instagram : https://www.instagram.com/chaechaetv/\n▶ 문의 e-mail : chaechaetv@naver.com",
        "thumbnail": "https://i.ytimg.com/vi/EwxdhdVwYro/mqdefault.jpg",
        "youtubeVideoId": "EwxdhdVwYro",
        "uploadedDate": "2017-06-09T09:20:39Z",
        "viewCount": 0,
        "isCommercial": "False"
    },
    {
        "id": "8cac7de8-af7c-44b1-a802-2dcd69eb70c1",
        "title": "프로듀스 101 2 멤버 이름 외우고 맞히기 (10분동안 98명 외우기 도전!) [채채TV]",
        "description": "대한민국에서 아이돌을 준비하는 모두를 채채가 응원합니다잉.\n\n타카다 켄타님에 대한 오타가 있었습니다. 아무래도 최PD가 처음 이름을 부를때 말을 더듬어서 저도 헷갈렸나봐요. 여러분이 지적해주신 덕분에 타카다 켄타님 이름과 역할을 정확하게 외웠어요. 고의적이다 오해하지마시고 일본에서 온 귀여운 친구를 알아가려는 저로 이해해주세요.\n\n▶ 구독 youtube : https://www.youtube.com/chaechaetv\n▶ 팔로우 facebook : https://www.facebook.com/dolheesun\n▶ 팔로우 instagram : https://www.instagram.com/chaechaetv/\n▶ 문의 e-mail : chaechaetv@naver.com",
        "thumbnail": "https://i.ytimg.com/vi/2w9IW1LzZgo/mqdefault.jpg",
        "youtubeVideoId": "2w9IW1LzZgo",
        "uploadedDate": "2017-06-09T09:39:06Z",
        "viewCount": 0,
        "isCommercial": "False"
    },
    {
        "id": "236a475b-c27e-4825-8343-f9af47cdaca3",
        "title": "캐릭터화 된 한국 아이돌 맞히기 도전!! To place the character K-pop idol [채채TV]",
        "description": "물론 사진이었더라면 잘 맞췄었을텐데, 캐릭터라서 잘 못 맞춘거니까 각 아이돌의 팬분들께서는 이해를 해주시길 바랍니다.\n\n▶ 구독 youtube : https://goo.gl/IQHIBa \n▶ 팔로우 facebook : https://www.facebook.com/dolheesun\n▶ 팔로우 instagram : https://www.instagram.com/chaechaetv/\n▶ 취미기록 blog : http://blog.naver.com/chaechaetv\n▶ 문의 e-mail : chaechaetv@naver.com \n\n구독/좋아요/공유 잊지말고 해주시면 감사하겠어요.\n유익하고 유쾌한 컨텐츠크리에이터 채희선에게 응원을 듬뿍해주실수록, 영상이 자주 올라갑니다♥!",
        "thumbnail": "https://i.ytimg.com/vi/LBb3XAHnhKU/mqdefault.jpg",
        "youtubeVideoId": "LBb3XAHnhKU",
        "uploadedDate": "2017-06-09T09:28:22Z",
        "viewCount": 0,
        "isCommercial": "False"
    },
    {
        "id": "e0e165b3-efc4-48f8-a590-9ef26c51a7a3",
        "title": "여자 아이돌 이름 맞히기 (채희선 최소 아재) [채채TV]",
        "description": "앞으로 요즘 젊은이들 문화에 관심을 가져야겠습니다. 나쁜뜻은 으니 모두 웃고 넘겨줘요. 하트하트.\n\n▶ 구독 youtube : https://goo.gl/IQHIBa \n▶ 팔로우 facebook : https://www.facebook.com/dolheesun\n▶ 팔로우 instagram : https://www.instagram.com/chaechaetv/\n▶ 문의 e-mail : chaechaetv@naver.com",
        "thumbnail": "https://i.ytimg.com/vi/D_dL-3QzBCo/mqdefault.jpg",
        "youtubeVideoId": "D_dL-3QzBCo",
        "uploadedDate": "2017-06-09T09:25:03Z",
        "viewCount": 0,
        "isCommercial": "False"
    },
    {
        "id": "58b37d71-5d45-467e-9e29-a796bca7d6a3",
        "title": "아키네이터로 채희선 찾기 도전! Finding Myself On Akinator   [채채TV]",
        "description": "채팅여러분들 덕분에 이런 결과가 나왔습니다!\n\n▶ 구독 youtube : https://goo.gl/IQHIBa \n▶ 팔로우 facebook : https://www.facebook.com/dolheesun\n▶ 팔로우 instagram : https://www.instagram.com/chaechaetv/\n▶ 취미기록 blog : http://blog.naver.com/chaechaetv\n▶ 문의 e-mail : chaechaetv@naver.com \n\n구독/좋아요/공유 잊지말고 해주시면 감사하겠어요.\n유익하고 유쾌한 컨텐츠크리에이터 채희선에게 응원을 듬뿍해주실수록, 영상이 자주 올라갑니다♥!\n\nKevin MacLeod의 Glee Club Polka은(는) Creative Commons Attribution 라이선 (https://creativecommons.org/licenses/by/4.0/)에 따라 라이선스가 부여됩니다. 출처: http://incompetech.com/music/royalty-free/index.html?isrc=USUAN1100218 \n아티스트: http://incompetech.com/",
        "thumbnail": "https://i.ytimg.com/vi/WEkx2yhsxRQ/mqdefault.jpg",
        "youtubeVideoId": "WEkx2yhsxRQ",
        "uploadedDate": "2017-06-09T09:25:52Z",
        "viewCount": 0,
        "isCommercial": "False"
    },
    {
        "id": "5161fb35-c2df-4ba4-ada7-4f98383cb4ce",
        "title": "채희선의 만화 캐릭터 맞히기 Guessing the Cartoon characters [채채TV]",
        "description": "만화 캐릭터를 맞힘과 동시에 자신의 연령을 알수있는 영상!!?\n\n▶ 구독 youtube : https://goo.gl/IQHIBa \n▶ 팔로우 facebook : https://www.facebook.com/dolheesun\n▶ 팔로우 instagram : https://www.instagram.com/chaechaetv/\n▶ 취미기록 blog : http://blog.naver.com/chaechaetv\n▶ 문의 e-mail : chaechaetv@naver.com \n\n구독/좋아요/공유 잊지말고 해주시면 감사하겠어요.\n유익하고 유쾌한 컨텐츠크리에이터 채희선에게 응원을 듬뿍해주실수록, 영상이 자주 올라갑니다♥!",
        "thumbnail": "https://i.ytimg.com/vi/w6zOP18j3Q8/mqdefault.jpg",
        "youtubeVideoId": "w6zOP18j3Q8",
        "uploadedDate": "2017-06-09T09:28:22Z",
        "viewCount": 0,
        "isCommercial": "False"
    },
    {
        "id": "b78f7d93-6ad0-4ea3-9579-318356f16003",
        "title": "영화 500편 본 채채의 이모티콘으로 영화 제목 맞히기! Guess the name of English Movies [채채TV]",
        "description": "세상은 넓고 영화는 많네요.\n\n▶ 구독 youtube : https://goo.gl/IQHIBa \n▶ 팔로우 facebook : https://www.facebook.com/dolheesun\n▶ 팔로우 instagram : https://www.instagram.com/chaechaetv/\n▶ 문의 e-mail : chaechaetv@naver.com",
        "thumbnail": "https://i.ytimg.com/vi/uzZKBr_zVPM/mqdefault.jpg",
        "youtubeVideoId": "uzZKBr_zVPM",
        "uploadedDate": "2017-06-09T09:21:21Z",
        "viewCount": 0,
        "isCommercial": "False"
    },
    {
        "id": "42a2aa91-168e-4f15-b456-1cd0fe057209",
        "title": "이거 알면 아재?! 2000년대 이후에 태어난 사람은 모를 추억의 아이템&패션 [채채TV]",
        "description": "이 물건과 패션은 지역별로 유행의 차이가 조금 있습니다.\n\n▶ 구독 youtube : https://www.youtube.com/chaechaetv\n▶ 팔로우 facebook : https://www.facebook.com/dolheesun\n▶ 팔로우 instagram : https://www.instagram.com/chaechaetv/\n▶ 문의 e-mail : chaechaetv@naver.com\n\nMusic: http://www.bensound.com",
        "thumbnail": "https://i.ytimg.com/vi/LdC7Pn5rBI0/mqdefault.jpg",
        "youtubeVideoId": "LdC7Pn5rBI0",
        "uploadedDate": "2017-06-14T01:39:41Z",
        "viewCount": 0,
        "isCommercial": "False"
    },
    {
        "id": "c313961b-e400-4179-8182-c088e2c2ce73",
        "title": "추석(명절)때 나이별로 듣기 싫은말 [채채TV] On Chuseok, you didn't want to hear",
        "description": "영상에선 기승전용돈..이지만 어른들은 우리 잘되라고 해주시는 말씀이니까요! 이해해요.. 헤헤..\n▶ Subscribe 구독 youtube : https://goo.gl/IQHIBa \n▶ Follow 팔로우 facebook : https://www.facebook.com/dolheesun\n\n리포터 & 컨텐츠 크리에이터 '채희선'의 영상을 꾸~준히 보고싶다면, 구독하기 눌러주세요. 일주일에 한번 이상 채희선을 만날수 있어요. 감사합니다. 사랑합니다.",
        "thumbnail": "https://i.ytimg.com/vi/wVv8T3mpcDU/mqdefault.jpg",
        "youtubeVideoId": "wVv8T3mpcDU",
        "uploadedDate": "2017-06-09T09:20:20Z",
        "viewCount": 0,
        "isCommercial": "False"
    },
    {
        "id": "350fdd8e-c4d6-4f84-988c-cd4d4e12b7a8",
        "title": "90년대 추억의 물건 맞히기 [채채TV]",
        "description": "여러분은 몇 개나 알고 계신가요?\n\n▶ 구독 youtube : https://goo.gl/IQHIBa \n▶ 팔로우 facebook : https://www.facebook.com/dolheesun\n▶ 팔로우 instagram : https://www.instagram.com/chaechaetv/\n▶ 취미기록 blog : http://blog.naver.com/chaechaetv\n▶ 문의 e-mail : chaechaetv@naver.com \n\n구독/좋아요/공유 잊지말고 해주시면 감사하겠어요.\n유익하고 유쾌한 컨텐츠크리에이터 채희선에게 응원을 듬뿍해주실수록, 영상이 자주 올라갑니다♥!",
        "thumbnail": "https://i.ytimg.com/vi/XbQg-DKjJZA/mqdefault.jpg",
        "youtubeVideoId": "XbQg-DKjJZA",
        "uploadedDate": "2017-06-09T09:26:22Z",
        "viewCount": 0,
        "isCommercial": "False"
    },
    {
        "id": "e94da2b2-bf9f-409c-b96a-8acbedaf1095",
        "title": "눈 감고 초콜렛 맞히기 [채희선/채채TV]",
        "description": "냠냠. 남은 초콜렛은 냉동실로~\n\n▶ 구독 youtube : https://goo.gl/IQHIBa \n▶ 팔로우 facebook : https://www.facebook.com/dolheesun\n▶ 팔로우 instagram : https://www.instagram.com/chaechaetv/\n▶ 취미기록 blog : http://blog.naver.com/chaechaetv\n▶ 문의 e-mail : chaechaetv@naver.com \n\n구독/좋아요/공유 잊지말고 해주시면 감사하겠어요.\n유익하고 유쾌한 컨텐츠크리에이터 채희선에게 응원을 듬뿍해주실수록, 영상이 자주 올라갑니다♥!",
        "thumbnail": "https://i.ytimg.com/vi/4hCAYIjmFRg/mqdefault.jpg",
        "youtubeVideoId": "4hCAYIjmFRg",
        "uploadedDate": "2017-06-09T09:26:48Z",
        "viewCount": 0,
        "isCommercial": "False"
    },
    {
        "id": "8e053312-ee22-43ed-8113-997898c7fd94",
        "title": "안대쓰고 음료수 맞히기 [채채TV/채희선]",
        "description": "오늘 많이 시끄럽죠? 헿헿..여러분들이 기운 좀 내라해서요.\n\n▶ 구독 youtube : https://goo.gl/IQHIBa \n▶ 팔로우 facebook : https://www.facebook.com/dolheesun\n▶ 팔로우 instagram : https://www.instagram.com/chaechaetv/\n▶ 취미기록 blog : http://blog.naver.com/chaechaetv\n▶ 문의 e-mail : chaechaetv@naver.com \n\n구독/좋아요/공유 잊지말고 해주시면 감사하겠어요.\n유익하고 유쾌한 컨텐츠크리에이터 채희선에게 응원을 듬뿍해주실수록, 영상이 자주 올라갑니다♥!",
        "thumbnail": "https://i.ytimg.com/vi/sGl5AIx_vl0/mqdefault.jpg",
        "youtubeVideoId": "sGl5AIx_vl0",
        "uploadedDate": "2017-06-09T09:27:12Z",
        "viewCount": 0,
        "isCommercial": "False"
    },
    {
        "id": "9cd67aa0-1a6e-42a3-a6dc-c94a612cd772",
        "title": "(ENG) 채희선의 영어 약자 맞히고 배우기시간?! (with 데이브) English abbreviations guessing game [채채TV]",
        "description": "평소에 알아두면 유용할! 영어 약자 맞히기! 여러분도 공부하세요!\n\n▶ Subscribe 구독 youtube : https://goo.gl/IQHIBa \n▶ Follow 팔로우 facebook : https://www.facebook.com/dolheesun\n▶ 팔로우 instagram : https://www.instagram.com/chaechaetv/\n▶ 문의 e-mail : chaechaetv@naver.com \n\n리포터 & 컨텐츠 크리에이터 '채희선'의 영상을 꾸~준히 보고싶다면, 구독하기 눌러주세요. 일주일에 한번 이상 채희선을 만날수 있어요.",
        "thumbnail": "https://i.ytimg.com/vi/JYymbWh2z2Y/mqdefault.jpg",
        "youtubeVideoId": "JYymbWh2z2Y",
        "uploadedDate": "2017-06-09T09:28:22Z",
        "viewCount": 0,
        "isCommercial": "False"
    },
    {
        "id": "299dc236-24a9-4c85-9041-728ae33d53b9",
        "title": "창의적으로 번역한 지하철 이름 맞히기 (난이도上) [채채TV]",
        "description": "채희선에게 창의력이란? 소.멸.\n\n▶ 구독 youtube : https://www.youtube.com/chaechaetv\n▶ 팔로우 facebook : https://www.facebook.com/dolheesun\n▶ 팔로우 instagram : https://www.instagram.com/chaechaetv/\n▶ 문의 e-mail : chaechaetv@naver.com\nMusic: http://www.bensound.com",
        "thumbnail": "https://i.ytimg.com/vi/hj1B4Q2q3rA/mqdefault.jpg",
        "youtubeVideoId": "hj1B4Q2q3rA",
        "uploadedDate": "2017-08-08T08:48:18Z",
        "viewCount": 0,
        "isCommercial": "False"
    },
    {
        "id": "f179cc3e-d66e-42d1-976b-a125d54418d0",
        "title": "15년만에 받아쓰기 처음함..※똥멍청주의※ [채채TV]",
        "description": "잘! 좀! 엔간히! 할걸! 또르르..주르륵..\n\n▶ 구독 youtube : https://www.youtube.com/chaechaetv\n▶ 팔로우 facebook : https://www.facebook.com/dolheesun\n▶ 팔로우 instagram : https://www.instagram.com/chaechaetv/\n▶ 문의 e-mail : chaechaetv@naver.com\nMusic: http://www.bensound.com",
        "thumbnail": "https://i.ytimg.com/vi/8DkzSuhtC5U/mqdefault.jpg",
        "youtubeVideoId": "8DkzSuhtC5U",
        "uploadedDate": "2017-08-11T18:01:17Z",
        "viewCount": 0,
        "isCommercial": "False"
    },
    {
        "id": "0f34389b-c6bd-4b76-b898-da033304c200",
        "title": "동안,노안 연예인 나이 맞히기 [채채TV]",
        "description": "더 많은 연예인들이 있었지만, 퀴즈는 짧고 간단하게 해야 제-맛-!!\n\n▶ 구독 youtube : https://www.youtube.com/chaechaetv\n▶ 팔로우 facebook : https://www.facebook.com/dolheesun\n▶ 팔로우 instagram : https://www.instagram.com/chaechaetv/\n▶ 문의 e-mail : chaechaetv@naver.com\nMusic: http://www.bensound.com",
        "thumbnail": "https://i.ytimg.com/vi/SAui0g7isYo/mqdefault.jpg",
        "youtubeVideoId": "SAui0g7isYo",
        "uploadedDate": "2017-08-31T07:49:03Z",
        "viewCount": 0,
        "isCommercial": "False"
    },
    {
        "id": "314e651f-802a-401f-9e18-c940a8c0c623",
        "title": "모르는 사람한테 채채TV를 아냐고 물어봤을때 반응은?! Do you know ChaechaeTV? [채채TV]",
        "description": "나란 관종..크.. 저와 채팅을 함께해주신 분들 모두 감사합니다!\n\n▼채희선의 관종력이 돋보였던 틴더에서 채팅 하려면? 다운로드 링크\n- iOS: https://goo.gl/1gxxw3\n- Android: https://goo.gl/xMRKF9\n\n▶ 구독 youtube : https://www.youtube.com/chaechaetv\n▶ 팔로우 instagram : https://www.instagram.com/chaechaetv/\n▶ 문의 e-mail : chaechaetv@naver.com\nMusic: http://www.bensound.com",
        "thumbnail": "https://i.ytimg.com/vi/3DL7LCSTcOw/mqdefault.jpg",
        "youtubeVideoId": "3DL7LCSTcOw",
        "uploadedDate": "2017-09-28T10:03:28Z",
        "viewCount": 0,
        "isCommercial": "False"
    },
    {
        "id": "68c29741-8653-4ae2-abbb-1be3a95b664d",
        "title": "아이돌 노래 제목 이모티콘ver. 맞히기 (안무주의) [채채TV]",
        "description": "어려웠습니다. 여러분은 몇 개나 맞히셨나요?\n\n▶ 구독 youtube : https://www.youtube.com/chaechaetv\n▶ 팔로우 facebook : https://www.facebook.com/dolheesun\n▶ 팔로우 instagram : https://www.instagram.com/chaechaetv/\n▶ 문의 e-mail : chaechaetv@naver.com\nMusic: http://www.bensound.com",
        "thumbnail": "https://i.ytimg.com/vi/cRN9oOtklsg/mqdefault.jpg",
        "youtubeVideoId": "cRN9oOtklsg",
        "uploadedDate": "2017-10-17T08:37:13Z",
        "viewCount": 0,
        "isCommercial": "False"
    },
    {
        "id": "f7ab5e47-f67c-4358-8fe1-14dfb310fbe7",
        "title": "음식 초근접 사진 보고 맞히기 = 돼지 테스트 [채채TV]",
        "description": "화질을 1080p로 조정해주시면, 조금 더 나은 돼지테스트를 하실수 있습니다. 그리고 채채는 생각보다 많이 먹습니다. 친구랑 둘이 빕스 12접시 정도..\n\n\n▶ 구독 youtube : https://www.youtube.com/chaechaetv\n▶ 팔로우 facebook : https://www.facebook.com/dolheesun\n▶ 팔로우 instagram : https://www.instagram.com/chaechaetv/\n▶ 문의 e-mail : chaechaetv@naver.com\nMusic: http://www.bensound.com",
        "thumbnail": "https://i.ytimg.com/vi/yH7yeZc24WM/mqdefault.jpg",
        "youtubeVideoId": "yH7yeZc24WM",
        "uploadedDate": "2017-11-29T10:26:43Z",
        "viewCount": 0,
        "isCommercial": "False"
    },
    {
        "id": "32a318fd-6e35-4feb-9518-da90a5962025",
        "title": "눈 감고 과자 이름 맞히기 [채채TV]",
        "description": "세상은 넓고 과자는 많다.\n\n▶ 구독 youtube : https://www.youtube.com/chaechaetv\n▶ 팔로우 facebook : https://www.facebook.com/dolheesun\n▶ 팔로우 instagram : https://www.instagram.com/chaechaetv/\n▶ 문의 e-mail : chaechaetv@naver.com\nMusic: http://www.bensound.com \n\n\nKevin MacLeod의 Hidden Agenda은(는) Creative Commons Attribution 라이선스(https://creativecommons.org/licenses/by/4.0/)에 따라 라이선스가 부여됩니다. \n출처: http://incompetech.com/music/royalty-free/index.html?isrc=USUAN1200102 \n아티스트: http://incompetech.com/ \n\nKevin MacLeod의 Fig Leaf Rag은(는) Creative Commons Attribution 라이선스(https://creativecommons.org/licenses/by/4.0/)에 따라 라이선스가 부여됩니다. \n출처: http://incompetech.com/music/royalty-free/index.html?isrc=USUAN1100701 \n아티스트: http://incompetech.com/ \n\n\nKevin MacLeod의 Carny's Dance은(는) Creative Commons Attribution 라이선스(https://creativecommons.org/licenses/by/4.0/)에 따라 라이선스가 부여됩니다. \n출처: https://soundcloud.com/kevin-9-1/carnys-dance \n아티스트: http://incompetech.com/",
        "thumbnail": "https://i.ytimg.com/vi/yZOtqiQeNk4/mqdefault.jpg",
        "youtubeVideoId": "yZOtqiQeNk4",
        "uploadedDate": "2018-01-19T01:38:30Z",
        "viewCount": 0,
        "isCommercial": "False"
    },
    {
        "id": "1f4a0fe3-1c19-44cc-9957-8e0fc4d7fe6e",
        "title": "스무고개로 여자아이돌 이름 맞히기 (함정주의) [채채TV]",
        "description": "여러분의 최애 아이돌은?! (최애 돌아이는 채채라고 말해줘 잉잉)\n\n▶ 구독 youtube : https://www.youtube.com/chaechaetv\n▶ 팔로우 facebook : https://www.facebook.com/dolheesun\n▶ 팔로우 instagram : https://www.instagram.com/chaechaetv/\n▶ 문의 e-mail : chaechaetv@naver.com\nMusic: http://www.bensound.com \n\nKevin MacLeod의 Fluffing a Duck은(는) Creative Commons Attribution 라이선스(https://creativecommons.org/licenses/by/4.0/)에 따라 라이선스가 부여됩니다. \n출처: http://incompetech.com/music/royalty-free/index.html?isrc=USUAN1100768 \n아티스트: http://incompetech.com/",
        "thumbnail": "https://i.ytimg.com/vi/nbQVAHwQFp4/mqdefault.jpg",
        "youtubeVideoId": "nbQVAHwQFp4",
        "uploadedDate": "2018-02-09T01:20:39Z",
        "viewCount": 0,
        "isCommercial": "False"
    },
    {
        "id": "ef42aad2-d737-496f-9d82-ed7ddb029406",
        "title": "세상에 이런말이! 2018 인싸 테스트 [채채TV]",
        "description": "핵인싸로 가는 길은 멀고도 험하다. \n\n▶ 구독 youtube : https://www.youtube.com/chaechaetv\n▶ 팔로우 facebook : https://www.facebook.com/dolheesun\n▶ 팔로우 instagram : https://www.instagram.com/chaechaetv\n▶ 문의 e-mail : chaechaetv@naver.com\nMusic: http://www.bensound.com",
        "thumbnail": "https://i.ytimg.com/vi/N9ttjKN3cfg/mqdefault.jpg",
        "youtubeVideoId": "N9ttjKN3cfg",
        "uploadedDate": "2018-08-18T01:45:51Z",
        "viewCount": 54278,
        "isCommercial": "False"
    },
    {
        "id": "662bdf1c-a921-415e-8ea1-6efbff4db574",
        "title": "나 연애세포 죽은거야..? [채채TV]",
        "description": "귀찮아서 연애를 안 하는거라고 변명을 해봅니다.\n\n▶ 구독 youtube : https://www.youtube.com/chaechaetv\n▶ 팔로우 facebook : https://www.facebook.com/dolheesun\n▶ 팔로우 instagram : https://www.instagram.com/chaechaetv\n▶ 문의 e-mail : chaechaetv@naver.com",
        "thumbnail": "https://i.ytimg.com/vi/SDs7OsCo794/mqdefault.jpg",
        "youtubeVideoId": "SDs7OsCo794",
        "uploadedDate": "2018-09-13T18:42:15Z",
        "viewCount": 33360,
        "isCommercial": "False"
    },
    {
        "id": "e1d6dc7f-ac93-480b-9bce-f3cd07d01f73",
        "title": "저는 유튜버와 사귄적 naver,, 없습니다 [채채TV]",
        "description": "* 눈이 짝눈인 이유는, 피곤해서.\n* 만약 남자 1인 유튜버들만 후보에 올랐더라면 누가 우승했을까...(아득)\n\n▶ 구독 youtube : https://www.youtube.com/chaechaetv\n▶ 팔로우 facebook : https://www.facebook.com/dolheesun\n▶ 팔로우 instagram : https://www.instagram.com/chaechaetv\n▶ 문의 e-mail : chaechaetv@naver.com",
        "thumbnail": "https://i.ytimg.com/vi/6uW2qiyB8aE/mqdefault.jpg",
        "youtubeVideoId": "6uW2qiyB8aE",
        "uploadedDate": "2019-02-16T05:22:15Z",
        "viewCount": 33569,
        "isCommercial": "False"
    },
    {
        "id": "0a23fa5e-a2d4-4c8b-a9e4-b6812c00f6b0",
        "title": "영어 1도 못하는데 대학원 간 사람의 최후 😭 31세에 첫 토익..",
        "description": "오늘 토익 학원 등록했는데,\n프로 N잡러로 살면서 첫 토익 공부를 잘 할 수 있을까요? 해야죠 뭐..껄껄! \n\n♪음악출처 [마이시그널]♪  https://mysignal.kr/\n\n#대학원 #토익 #휴학생",
        "thumbnail": "https://i.ytimg.com/vi/Kd8ffKT7S_E/mqdefault.jpg",
        "youtubeVideoId": "Kd8ffKT7S_E",
        "uploadedDate": "2022-06-02T05:36:05Z",
        "viewCount": 985,
        "isCommercial": "False"
    }
]