[
    {
        "id": "7aa8c30d-99c7-4756-a269-04660d890754",
        "title": "ASMR 팅글 안 올 땐 그냥 마이크를 막 비벼 !! Microphone rubbing / 느리게 빠르게 팅글 팅글 TINGLE",
        "description": "▶연츄 채널 멤버십 가입 링크 (전용 영상/전용 커뮤니티 업로드)\nhttps://www.youtube.com/channel/UCjypzyxU_p0_0ElbWSi8QQw/join \n\n▶멤버십 영상 재생목록 미리보기\nhttps://youtube.com/playlist?list=PLgV547LHihrRZk8cHhtg4_uqD3Ag13cCx\n\n▶instargram : http://www.instagram.com/y.zzu \n▶E-mail duswnk1002@naver.com\n\n----------------------------------------------------------------------------\n\n▶연츄  VLOG\nhttps://www.youtube.com/channel/UCbhbaBMBCIJRT0PPxsYrbhw\n\n----------------------------------------------------------------------------",
        "thumbnail": "https://i.ytimg.com/vi/qGJveFHGo7g/mqdefault.jpg",
        "youtubeVideoId": "qGJveFHGo7g",
        "uploadedDate": "2022-10-18T13:42:50Z",
        "viewCount": 15300,
        "isCommercial": "False"
    },
    {
        "id": "c3a6e834-b2d3-46f7-a7e9-963f5614d0e9",
        "title": "ASMR 시원한 귀소독 30분 [ disinfection of the ears ] NOTALKING",
        "description": "▶연츄 채널 멤버십 가입 링크 (전용 영상/전용 커뮤니티 업로드)\nhttps://www.youtube.com/channel/UCjypzyxU_p0_0ElbWSi8QQw/join \n\n▶멤버십 영상 재생목록 미리보기\nhttps://youtube.com/playlist?list=PLgV547LHihrRZk8cHhtg4_uqD3Ag13cCx\n\n▶instargram : http://www.instagram.com/y.zzu \n▶E-mail duswnk1002@naver.com\n\n----------------------------------------------------------------------------\n제가 ASMR 유튜브를 시작한지도 5년이 되었고,\n영상도 정말 많이 쌓였지요. '어떤 컨텐츠를 올릴까? 무엇이 신선할까? 어떤 영상을 좋아해주실까?' 를 생각하면서 5년간 부지런히 영상을 업로드했고 연츄 채널에는 아주 다양한 영상들이 아주 많이 쌓여있더라구요.\n\n최근에도 어떤 영상을 올릴까 생각해보며 저의 옛날 영상을 쭉~ 살펴봤어요. 옛날에는 ASMR마이크에서 나는 모든 소리가 신기해서 단순한 노토킹 소리들도 이것저것 찍어보았고, 편안하고 힐링이 되는 소리들 위주로 제작한 것들이 많더라구요~ 물론 제가 ASMR을 오래 한 만큼, ASMR을 오래 들으신 분들도 많으셔서 잔잔한 소리들로는 팅글을 못 느끼시는 분들이 많으신 걸 알고, 그래서 더욱이 팅글 가득한 자극적인 소리들을 주로 제작했었는데,\n\n저의 옛날 영상들을 쭉 살펴보다보니 이런 편안한 노토킹 영상들도 종종 올리고 싶어지더라구요. 기본적인 것들이 더 팅글이 오고 편안하게 다가올 때도 있잖아용..ㅎㅎ?! 그래서 저번 '귀지가 걸리는 노토킹 귀청소' 에 이어서, 오늘은 제가 개인적으로 좋아하는 소리인 3DIO 귀소독 소리를 30분간 반복하는 영상으로 제작해보았어요.\n\n여러분의 노토킹 소리 취향도 댓글로 남겨주시면 추후 영상 제작에 참고하도록 할게요! 오늘 영상도 편안하게 들어주셨으면 좋겠구,.. 오늘도 좋은 밤 되세요 ^^ 굿나잇\n----------------------------------------------------------------------------\n\n▶연츄  VLOG\nhttps://www.youtube.com/channel/UCbhbaBMBCIJRT0PPxsYrbhw\n\n----------------------------------------------------------------------------",
        "thumbnail": "https://i.ytimg.com/vi/bAvU2y3J_xo/mqdefault.jpg",
        "youtubeVideoId": "bAvU2y3J_xo",
        "uploadedDate": "2022-10-03T12:09:57Z",
        "viewCount": 20311,
        "isCommercial": "False"
    },
    {
        "id": "bc072073-e9ac-4934-af0f-310397670913",
        "title": "ASMR 리얼 귀청소│고막에 붙은 딱딱한 귀지가 걸리는 귀청소 / 바스락 귀지 Intense Ear Cleaning│3DIO TINLGE",
        "description": "▶연츄 채널 멤버십 가입 링크 (전용 영상/전용 커뮤니티 업로드)\nhttps://www.youtube.com/channel/UCjypzyxU_p0_0ElbWSi8QQw/join \n\n▶멤버십 영상 재생목록 미리보기\nhttps://youtube.com/playlist?list=PLgV547LHihrRZk8cHhtg4_uqD3Ag13cCx\n\n▶instargram : http://www.instagram.com/y.zzu \n▶E-mail duswnk1002@naver.com\n\n----------------------------------------------------------------------------\n오늘은 한쪽 귀씩 천천히 천천히 리얼하게 청소해주는 영상이에요.\n처음부터 5분대까지는 귓 속에 귀지가 꽉 찬 바스락거리는 소리 위주이고\n그 후로는 고막에 붙은 딱딱한 귀지를 떼내는 소리 위주로 만들어봤어요.\n이어폰을 착용하고 눈을 감으시고 소리에 집중하며 들어보세요 !\n좋은 저녁 되세요 ♡\n----------------------------------------------------------------------------\n\n▶연츄  VLOG\nhttps://www.youtube.com/channel/UCbhbaBMBCIJRT0PPxsYrbhw\n\n----------------------------------------------------------------------------\nASMR 리얼 귀청소│고막에 붙은 딱딱한 귀지가 걸리는 귀청소 / 바스락 귀지 Intense Ear Cleaning│3DIO TINLGE",
        "thumbnail": "https://i.ytimg.com/vi/_urLUa0910E/mqdefault.jpg",
        "youtubeVideoId": "_urLUa0910E",
        "uploadedDate": "2022-09-29T14:06:12Z",
        "viewCount": 13193,
        "isCommercial": "False"
    },
    {
        "id": "0b412582-411c-4ddc-aae9-6d1f19d7d8f0",
        "title": "ASMR (초보금지) 좌에서 우로 우에서 좌로~ 빠른 관통 귀청소 penetrating ear cleaning ! fast tingle",
        "description": "▶연츄 채널 멤버십 가입 링크 (전용 영상/전용 커뮤니티 업로드)\nhttps://www.youtube.com/channel/UCjypzyxU_p0_0ElbWSi8QQw/join \n\n▶멤버십 영상 재생목록 미리보기\nhttps://youtube.com/playlist?list=PLgV547LHihrRZk8cHhtg4_uqD3Ag13cCx\n\n▶instargram : http://www.instagram.com/y.zzu \n▶E-mail duswnk1002@naver.com\n\n----------------------------------------------------------------------------\n\n▶연츄  VLOG\nhttps://www.youtube.com/channel/UCbhbaBMBCIJRT0PPxsYrbhw\n\n----------------------------------------------------------------------------\nASMR (초보금지) 좌에서 우로 우에서 좌로~ 빠른 관통 귀청소 penetrating ear cleaning ! fast tingle",
        "thumbnail": "https://i.ytimg.com/vi/RQrmK2ZtunA/mqdefault.jpg",
        "youtubeVideoId": "RQrmK2ZtunA",
        "uploadedDate": "2022-09-01T13:53:19Z",
        "viewCount": 17384,
        "isCommercial": "False"
    },
    {
        "id": "048327b0-07e4-4bbf-b81d-668cc7b7b288",
        "title": "ASMR 꾸덕진 바세린 얼굴마사지 / 편안한 팅글 가득 (좌우 구분, 관통) / I'll massage your face with Vaseline",
        "description": "▶연츄 채널 멤버십 가입 링크 (전용 영상/전용 커뮤니티 업로드)\nhttps://www.youtube.com/channel/UCjypzyxU_p0_0ElbWSi8QQw/join \n\n▶멤버십 영상 재생목록 미리보기\nhttps://youtube.com/playlist?list=PLgV547LHihrRZk8cHhtg4_uqD3Ag13cCx\n\n▶instargram : http://www.instagram.com/y.zzu \n▶E-mail duswnk1002@naver.com\n\n----------------------------------------------------------------------------\n\n▶연츄  VLOG\nhttps://www.youtube.com/channel/UCbhbaBMBCIJRT0PPxsYrbhw\n\n----------------------------------------------------------------------------\nASMR 꾸덕진 바세린 얼굴마사지 / 편안한 팅글 가득 (좌우 구분, 관통) Vaseline facial massage",
        "thumbnail": "https://i.ytimg.com/vi/zEj6l7H75fE/mqdefault.jpg",
        "youtubeVideoId": "zEj6l7H75fE",
        "uploadedDate": "2022-08-24T13:20:20Z",
        "viewCount": 20080,
        "isCommercial": "False"
    },
    {
        "id": "78ddb92f-7a71-4be1-a937-ba989856efa6",
        "title": "ASMR 시원한 마른 손소리 30분 Zzz.. Dry Hand sounds (NO TALKING)",
        "description": "ASMR 부드럽고 자극적인 마른 손소리 30분 Zzz.. Dry Hand sounds (NO TALKING)\n\n-\n\n오늘은 노토킹, 마른 손소리 30분 반복 영상이에요.\n끈끈한 여름날에 듣기 기분 좋은 소리 같아요.\n\n손소리는 개인적으로 좋아하는 트리거인데\n오랜만에 업로드하는 것 같아 새로워요 ㅎㅎ\n\n편안한 밤 되셨으면 좋겠습니다. 좋은 꿈 꾸세요 !\n\n-\n\n\n▶연츄 채널 멤버십 가입 링크 (전용 영상/전용 커뮤니티 업로드)\nhttps://www.youtube.com/channel/UCjypzyxU_p0_0ElbWSi8QQw/join \n\n▶멤버십 영상 재생목록 미리보기\nhttps://youtube.com/playlist?list=PLgV547LHihrRZk8cHhtg4_uqD3Ag13cCx\n\n▶instargram : http://www.instagram.com/y.zzu \n▶E-mail duswnk1002@naver.com\n\n----------------------------------------------------------------------------\n\n▶연츄  VLOG\nhttps://www.youtube.com/channel/UCbhbaBMBCIJRT0PPxsYrbhw\n\n----------------------------------------------------------------------------",
        "thumbnail": "https://i.ytimg.com/vi/TJ098ZcY7wI/mqdefault.jpg",
        "youtubeVideoId": "TJ098ZcY7wI",
        "uploadedDate": "2022-07-29T14:02:46Z",
        "viewCount": 23197,
        "isCommercial": "False"
    },
    {
        "id": "54963414-982a-4ae5-a00e-7ec66e770f1f",
        "title": "ASMR 고막 속에 팝팝 터지는 신기한 캔디 팅글 💥 POP ! POP ! popping intense tingle",
        "description": "엄청 오랜만에 !.. 몇년만에 ~?\n와다닥 팝핑캔디 사운드 촬영해보았어요.\n저번 뇌 관통 팅글 사운드 생각보다 많이 좋아해주셔서\n좌우 구분 잘 되는 마이크로 녹음해보았어요.\n25분간 노토킹으로 진행되는 반복영상이에요.\n\n더운 날씨에.. 아이브로우가 번져서.. 눈썹이 관자놀이랑 닿을듯 말듯 하지만.. 그건 모른척 해주세요..\n\n편안한 밤 보내시길 바랍니다.\n오늘도 영상 시청해주셔서 감사드려요.\n좋은 꿈 꾸세요 !\n\n\n▶연츄 채널 멤버십 가입 링크 (전용 영상/전용 커뮤니티 업로드)\nhttps://www.youtube.com/channel/UCjypzyxU_p0_0ElbWSi8QQw/join \n\n▶멤버십 영상 재생목록 미리보기\nhttps://youtube.com/playlist?list=PLgV547LHihrRZk8cHhtg4_uqD3Ag13cCx\n\n▶instargram : http://www.instagram.com/y.zzu \n▶E-mail duswnk1002@naver.com\n\n----------------------------------------------------------------------------\n\n영상 속 제품\n\n렌즈 : 오렌즈 아이블린 초코\n베이스 : 힌스 파운데이션 17호\n쉐딩 : 미샤 코튼 컨투어 팩트 셰이딩 스모크트 헤이즐\n하이라이터 : 롬앤 시스루 베일라이터 하이라이터 문 키스드 베일\n아이브로우 : 이니스프리 납작 아이브로우 동트기 전 어반브라운\n아이라이너 : 삐아 라스트 펜 라이너 오레오, 브라우니\n마스카라 : 미샤 4D 마스카라\n블러셔 : 크리니크 치크팝 팬지팝\n립 : 어뮤즈 슈벨벳 02 슈슈, 맥 릴렌트리슬린레드\n\n----------------------------------------------------------------------------\n\n▶연츄  VLOG\nhttps://www.youtube.com/channel/UCbhbaBMBCIJRT0PPxsYrbhw\n\n----------------------------------------------------------------------------",
        "thumbnail": "https://i.ytimg.com/vi/Wa_OsT4qrXk/mqdefault.jpg",
        "youtubeVideoId": "Wa_OsT4qrXk",
        "uploadedDate": "2022-07-12T13:52:04Z",
        "viewCount": 15491,
        "isCommercial": "False"
    },
    {
        "id": "97650343-9920-4e07-ba58-5f0b77fc46d9",
        "title": "ASMR 잠에 들 수 밖에 없는 이어블로잉과 귀마사지 Ear blowing & Ear massage for your sleep / NO TALKING 기분 좋은 팅글 TINGLE",
        "description": "ASMR 잠에 들 수 밖에 없는 이어블로잉과 귀마사지 Ear blowing & Ear massage for your sleep / NO TALKING 기분 좋은 팅글 TINGLE\n\n날이 더워지면 꼭 생각나는 이어블로잉,\n쫀득하고 부드러운 귀마사지와 함께 잠이 솔솔오는\n편안한 소리 녹음해보았어요. 40분동안 반복되는 노토킹 영상이에요.\n오늘도 시원하고 행복한 밤 되시길 바랍니다.\n좋은 꿈 꾸세요 ♥\n\n-\n\n▶연츄 채널 멤버십 가입 링크 (전용 영상/전용 커뮤니티 업로드)\nhttps://www.youtube.com/channel/UCjypzyxU_p0_0ElbWSi8QQw/join \n\n▶멤버십 영상 재생목록 미리보기\nhttps://youtube.com/playlist?list=PLgV547LHihrRZk8cHhtg4_uqD3Ag13cCx\n\n▶instargram : http://www.instagram.com/y.zzu \n▶E-mail duswnk1002@naver.com\n\n----------------------------------------------------------------------------\n\n영상 속 제품\n\n베이스 : 힌스 세컨스킨 파운데이션 17호 포슬린\n쉐딩 : 미샤 코튼 컨투어 팩트 셰이딩 스모크트 헤이즐\n하이라이터 : 롬앤 시스루 베일라이터 하이라이터 문 키스드 베일\n아이브로우 : 이니스프리 납작 아이브로우 동트기 전 어반브라운\n아이라이너 : 삐아 라스트 펜 라이너 브라우니\n마스카라 : 미샤 4D 마스카라\n애교살 : 아임유니 페이크 트릭 더블 아이리드너\n블러셔 : 롬앤 블루베리칩\n립 : 페리페라 잉크 마뜨블러틴트 4 열정만수르\n의상 : 정보 없음 ㅠ_ㅠ\n----------------------------------------------------------------------------\n\n▶연츄  VLOG\nhttps://www.youtube.com/channel/UCbhbaBMBCIJRT0PPxsYrbhw\n\n----------------------------------------------------------------------------",
        "thumbnail": "https://i.ytimg.com/vi/aK_W-38P-iQ/mqdefault.jpg",
        "youtubeVideoId": "aK_W-38P-iQ",
        "uploadedDate": "2022-07-01T12:06:21Z",
        "viewCount": 20486,
        "isCommercial": "False"
    },
    {
        "id": "67ad3e5a-b05b-460d-bb5e-e8909bb0277f",
        "title": "ASMR 어질어질 눈돌아가는 뇌 관통 팅글 (이어폰 착용 필수) TINGLE sounds through the brain",
        "description": "ASMR 귓구멍을 통해 뇌를 관통하는 팅글 (이어폰 착용 필수) Mouth sounds through the brain / TINGLE !!\n\n▶연츄 채널 멤버십 가입 링크 (전용 영상/전용 커뮤니티 업로드)\nhttps://www.youtube.com/channel/UCjypzyxU_p0_0ElbWSi8QQw/join \n\n▶멤버십 영상 재생목록 미리보기\nhttps://youtube.com/playlist?list=PLgV547LHihrRZk8cHhtg4_uqD3Ag13cCx\n\n▶instargram : http://www.instagram.com/y.zzu \n▶E-mail duswnk1002@naver.com\n\n----------------------------------------------------------------------------\n\n영상 속 제품\n\n베이스 : 헤라 블랙쿠션 13N1\n쉐딩 : 미샤 코튼 컨투어 팩트 셰이딩 스모크트 헤이즐\n하이라이터 : 롬앤 시스루 베일라이터 하이라이터 문 키스드 베일\n아이브로우 : 이니스프리 납작 아이브로우 동트기 전 어반브라운\n아이라이너 : 삐아 라스트 펜 라이너 브라우니\n마스카라 : 미샤 4D 마스카라\n애교살 : 홀리카홀리카 애교살메이커 01 베어\n블러셔 : 롬앤 블루베리칩\n립 : 레어카인드 페이드 매트 립스틱 02 엔젤릭핑크\n의상 : 렌느 로브캡소매니트 블랙\n----------------------------------------------------------------------------\n\n▶연츄  VLOG\nhttps://www.youtube.com/channel/UCbhbaBMBCIJRT0PPxsYrbhw\n\n----------------------------------------------------------------------------",
        "thumbnail": "https://i.ytimg.com/vi/5g2OEc5cu1Y/mqdefault.jpg",
        "youtubeVideoId": "5g2OEc5cu1Y",
        "uploadedDate": "2022-06-21T13:52:55Z",
        "viewCount": 23780,
        "isCommercial": "False"
    },
    {
        "id": "6f08534a-0273-4a74-9fd9-d077a6822d5c",
        "title": "1 minute ASMR 😛",
        "description": "재미로 보는 1분 트리거 ~\n며칠전 수면용 ASMR 업로드 했으니\n오늘은 요로코롬 짧은 ASMR로...ㅎㅎ\nMY FACE IS PLASTIC 트리거와, 우두둑 뼈소리 트리거.. 그리고 그냥 짤막짤막한 저의 1분 트리거들 이것저것 합쳐서 인스턴트 영상으로 만들어봤어요.\n저는 왜 이리 뼈소리 영상이 좋을까요 ?,,,\n그냥 짧은 팅글로 즐겁게 봐주세요 ~\n오늘도 좋은 밤 되시길 바랍니다. 늘 감사해요..!\n\n-\n\n▶연츄 채널 멤버십 가입 링크 (전용 영상/전용 커뮤니티 업로드)\nhttps://www.youtube.com/channel/UCjypzyxU_p0_0ElbWSi8QQw/join \n\n▶멤버십 영상 재생목록 미리보기\nhttps://youtube.com/playlist?list=PLgV547LHihrRZk8cHhtg4_uqD3Ag13cCx\n\n\n▶instargram : http://www.instagram.com/y.zzu \n▶E-mail duswnk1002@naver.com\n\n----------------------------------------------------------------------------\n\n\n영상 속 제품\n\n베이스 : 헤라 블랙쿠션 13N1\n쉐딩 : 미샤 코튼 컨투어 팩트 셰이딩 스모크트 헤이즐\n하이라이터 : 롬앤 시스루 베일라이터 하이라이터 문 키스드 베일\n아이브로우 : 이니스프리 납작 아이브로우 동트기 전 어반브라운\n아이라이너 : 삐아 라스트 펜 라이너 오레오, 브라우니\n마스카라 : 미샤 4D 마스카라\n애교살 : 아임유니 페이크 트릭 더블 아이리드너\n블러셔 : 롬앤 블루베리칩\n립 : 어뮤즈 슈벨벳 02 슈슈\n의상 : 비비에모 홀터 카라 니트 나시 티셔츠 퍼플\n\n----------------------------------------------------------------------------\n\n▶연츄  VLOG\nhttps://www.youtube.com/channel/UCbhbaBMBCIJRT0PPxsYrbhw\n\n----------------------------------------------------------------------------",
        "thumbnail": "https://i.ytimg.com/vi/u1Z3_2nJA0o/mqdefault.jpg",
        "youtubeVideoId": "u1Z3_2nJA0o",
        "uploadedDate": "2022-06-17T12:13:04Z",
        "viewCount": 22123,
        "isCommercial": "False"
    },
    {
        "id": "24108286-85f4-41b9-b597-f9522a77d5d5",
        "title": "ASMR 팅글로 정신 혼미 🚫 달팽이관 돌리기, 빠른 긁기, 뺐다 꼈다, 귀청소 🔥 자극적이고 빠른 팅글 주의 & 호불호 주의",
        "description": "오늘은 간만에 고인물 전용 영상으로 제작해본 팅글팅글 빠른 영상이에요 !\n마이크에 직접적으로 이런 빠른 터치를 하는 영상이 몇개 있는데,\n'ASMR 고인물' 분들께서 아주 좋아해주시더라구요.\n\n오늘은 그 영상들의 댓글에 달린 팅글 오는 구간들을 쏙쏙 모아\n촬영해보았으니 2022버전 마이크 팅글 영상으로 시청해주심 될 듯 합니다 !\n\nASMR입문한지 얼마 안되신 분들은 이런 자극적인 영상부터 들으신다면\n팅글 느끼기 어려워질 수 있으니 조심조심 헤헤헤\n\n그럼 오늘도 굿나잇이에요 여러분 !\n다음 영상은 조금 잔잔한 영상으로 가져올게요 !\n\n-\n\n\n▶연츄 채널 멤버십 가입 링크 (전용 영상/전용 커뮤니티 업로드)\nhttps://www.youtube.com/channel/UCjypzyxU_p0_0ElbWSi8QQw/join \n\n▶멤버십 영상 재생목록 미리보기\nhttps://youtube.com/playlist?list=PLgV547LHihrRZk8cHhtg4_uqD3Ag13cCx\n\n\n----------------------------------------------------------------------------\n\n▶instargram : http://www.instagram.com/y.zzu \n▶E-mail duswnk1002@naver.com\n\n----------------------------------------------------------------------------\n\n▶연츄  VLOG\nhttps://www.youtube.com/channel/UCbhbaBMBCIJRT0PPxsYrbhw\n\n----------------------------------------------------------------------------\n\nASMR 팅글로 정신 혼미 달팽이관 뱅그르르, 빠른 긁기, 뺐다 꼈다, 귀청소 / 자극적이고 빠른 팅글 주의 & 호불호 주의",
        "thumbnail": "https://i.ytimg.com/vi/hOcjBjZQLyo/mqdefault.jpg",
        "youtubeVideoId": "hOcjBjZQLyo",
        "uploadedDate": "2022-06-04T12:41:11Z",
        "viewCount": 31227,
        "isCommercial": "False"
    },
    {
        "id": "62023db2-2f63-410e-a9e3-2581c75730aa",
        "title": "ASMR 타스캠 귓구멍, 두가지 솜털로 간지럽혀보기 🌬 tickling fluffy ear cleaning",
        "description": "ASMR 타스캠 귓구멍 두가지 솜털로 간지럽혀보기 tickling fluffy ear cleaning\n\n00:08 작은 솜털 귀이개\n08:15 큰 솜털 동그라미\n13:22 큰 솜털 양쪽 동시\n18:56 큰 솜털 씌우고 쓰담쓰담\n\n00:08 Small Fluffy Earpicks\n08:15 Big Fluffy Circle\n13:22 Big fluffy both sides at the same time\n18:56 Covered with big fluffy fur\n\n\n▶연츄 채널 멤버십 가입 링크 (전용 영상/전용 커뮤니티 업로드)\nhttps://www.youtube.com/channel/UCjypzyxU_p0_0ElbWSi8QQw/join \n\n▶멤버십 영상 재생목록 미리보기\nhttps://youtube.com/playlist?list=PLgV547LHihrRZk8cHhtg4_uqD3Ag13cCx\n\n----------------------------------------------------------------------------\n\n▶후원 링크 Thank you for your support\nhttps://toon.at/donate/asmr_yeonchu\n후원 금액은 영상을 위해 사용됩니다.\n후원해주신 분들 감사합니다🙏🏻💕\n\n----------------------------------------------------------------------------\n\n▶instargram : http://www.instagram.com/y.zzu \n▶E-mail duswnk1002@naver.com\n\n----------------------------------------------------------------------------\n\n▶연츄  VLOG\nhttps://www.youtube.com/channel/UCbhbaBMBCIJRT0PPxsYrbhw\n\n----------------------------------------------------------------------------",
        "thumbnail": "https://i.ytimg.com/vi/mVhYur6sn5M/mqdefault.jpg",
        "youtubeVideoId": "mVhYur6sn5M",
        "uploadedDate": "2022-05-16T12:31:32Z",
        "viewCount": 15652,
        "isCommercial": "False"
    },
    {
        "id": "31466f3e-d37f-4f79-9ebb-edd3276e3099",
        "title": "ASMR 🧠👂🏻고막을 좌우로 자극하는 팅글 트리거 5가지│5 Tingle triggers for eardrum",
        "description": "ASMR 뇌와 고막을 자극하는 팅글 트리거 5가지│5 Tingle triggers for eardrum (Tingle immunity) NO TALKING\n\n\n00:01 미리보기 Preview\n01:06 인사 Opening\n01:15 플레이폼 Playfoam\n09:48 납작 코르크 Cork\n15:40 작은 실리콘 칫솔 Small Silicon Brush\n26:07 큰 실리콘 칫솔 Big Silicon Brush\n29:03 손톱 태핑 Nail tapping\n\n\n\n▶연츄 채널 멤버십 가입 링크 (전용 영상/전용 커뮤니티 업로드)\nhttps://www.youtube.com/channel/UCjypzyxU_p0_0ElbWSi8QQw/join \n\n▶멤버십 영상 재생목록 미리보기\nhttps://youtube.com/playlist?list=PLgV547LHihrRZk8cHhtg4_uqD3Ag13cCx\n\n----------------------------------------------------------------------------\n\n▶후원 링크 Thank you for your support\nhttps://toon.at/donate/asmr_yeonchu\n후원 금액은 영상을 위해 사용됩니다.\n후원해주신 분들 감사합니다🙏🏻💕\n\n----------------------------------------------------------------------------\n\n▶instargram : http://www.instagram.com/y.zzu \n▶E-mail duswnk1002@naver.com\n\n----------------------------------------------------------------------------\n\n▶연츄  VLOG\nhttps://www.youtube.com/channel/UCbhbaBMBCIJRT0PPxsYrbhw\n\n----------------------------------------------------------------------------",
        "thumbnail": "https://i.ytimg.com/vi/ZNK9BM8MR5Y/mqdefault.jpg",
        "youtubeVideoId": "ZNK9BM8MR5Y",
        "uploadedDate": "2022-05-11T16:24:34Z",
        "viewCount": 20012,
        "isCommercial": "False"
    },
    {
        "id": "ed8a7ac1-eead-4fe1-9fc8-4f04b39a801a",
        "title": "ASMR 아른거리는 손동작과, 하나씩 추가되는 단계별 팅글 트리거│인어디블, 물 속 기포 소리, 레이어드 사운드 Step-by-Step Tingle Trigger",
        "description": "ASMR 아른거리는 손동작과, 하나씩 추가되는 단계별 팅글 트리거│인어디블, 물 속 기포 소리, 레이어드 사운드 Step-by-Step Tingle Trigger Hand movement / Layered Inaudible whisper / Underwater\n\n\n[타임라인]\n\n\n00:16 잠이 오는 손동작과 인어디블 속삭임\n\n12:02 잠이 오는 손동작과 인어디블 속삭임 + 물 속 기포 소리\n\n21:52 겹쳐져 아른거리는 잠이 오는 손동작과, 레이어드 인어디블 속삭임 \n\n33:16 겹쳐져 아른거리는 잠이 오는 손동작과, 레이어드 인어디블 속삭임 + 물  속 기포 소리\n\n\n00:16 Sleepy hand gestures and inaudible whispers\n\n12:02 Sleepy hand gestures and whispering in the inaudible + the sound of bubbles in the water\n\n21:52 Sleepy hand gestures overlapping, layered inaudible whispers\n\n33:16 Sleepy hand gestures overlapping, layered inaudible whispers + bubbles in the water\n\n\n\n▶연츄 채널 멤버십 가입 링크 (전용 영상/전용 커뮤니티 업로드)\nhttps://www.youtube.com/channel/UCjypzyxU_p0_0ElbWSi8QQw/join \n\n▶멤버십 영상 재생목록 미리보기\nhttps://youtube.com/playlist?list=PLgV547LHihrRZk8cHhtg4_uqD3Ag13cCx\n\n----------------------------------------------------------------------------\n\n▶instargram : http://www.instagram.com/y.zzu \n▶E-mail duswnk1002@naver.com\n\n----------------------------------------------------------------------------\n\n▶연츄  VLOG\nhttps://www.youtube.com/channel/UCbhbaBMBCIJRT0PPxsYrbhw\n\n----------------------------------------------------------------------------",
        "thumbnail": "https://i.ytimg.com/vi/71Hh1KG5vz8/mqdefault.jpg",
        "youtubeVideoId": "71Hh1KG5vz8",
        "uploadedDate": "2022-04-25T12:29:32Z",
        "viewCount": 29822,
        "isCommercial": "False"
    },
    {
        "id": "e7db45dc-fee1-43d5-9c7e-f9ec4141a76e",
        "title": "ASMR 깊은 잠에 들게 해줄 노토킹 귀청소 풀코스 ( 귀 소독, 귀 마사지, 이어블로잉, 다양한 귀이개 ... ) Ear Cleaning No talking",
        "description": "ASMR 무조건 잠이 오는 노토킹 귀청소 풀코스 ( 귀 소독, 귀 마사지, 이어블로잉, 다양한 귀이개 ... ) Ear Cleaning No talking \n\n00:02 인사, 손소리\n00:50 알콜스왑으로 귀 소독하기\n04:47 귀청소 도구함 열기\n05:21 솜털 귀이개 귀청소\n13:33 면봉 귀이개 바스락 귀지 귀청소\n24:17 마이크로 면봉 귀이개 귀청소\n31:58 나무 귀이개 딱딱한 귀지 귀청소\n38:44 크림 귀마사지\n43:02 크림 닦아내기\n44:32 이어블로잉\n\n00:02 greeting, hand sound\n00:50 Disinfect your ears with an alcohol swab\n04:47 Open the ear cleaning kit\n05:21 Fluffy Ear Picks Ear Cleaning\n13:33 Cotton swab earpick rust earwax ear cleaning\n24:17 Micro swab earpick ear cleaning\n31:58 Wood Ear Picks Hard Earwax Ear Cleaning\n38:44 Cream Ear Massage\n43:02 Wipe off the cream\n44:32 Ear Blowing\n\n▶연츄 채널 멤버십 가입 링크 (전용 영상/전용 커뮤니티 업로드)\nhttps://www.youtube.com/channel/UCjypzyxU_p0_0ElbWSi8QQw/join \n\n▶멤버십 영상 재생목록 미리보기\nhttps://youtube.com/playlist?list=PLgV547LHihrRZk8cHhtg4_uqD3Ag13cCx\n\n----------------------------------------------------------------------------\n\n▶후원 링크 Thank you for your support\nhttps://toon.at/donate/asmr_yeonchu\n후원 금액은 영상을 위해 사용됩니다.\n후원해주신 분들 감사합니다🙏🏻💕\n\n----------------------------------------------------------------------------\n\n▶instargram : http://www.instagram.com/y.zzu \n▶E-mail duswnk1002@naver.com\n\n----------------------------------------------------------------------------\n\n▶연츄  VLOG\nhttps://www.youtube.com/channel/UCbhbaBMBCIJRT0PPxsYrbhw\n\n----------------------------------------------------------------------------",
        "thumbnail": "https://i.ytimg.com/vi/Mcs3E7cy7cA/mqdefault.jpg",
        "youtubeVideoId": "Mcs3E7cy7cA",
        "uploadedDate": "2022-03-29T13:44:40Z",
        "viewCount": 19955,
        "isCommercial": "False"
    },
    {
        "id": "9affba5f-46b5-4af1-b46c-728d65fd9241",
        "title": "ASMR 아주 깊은 수면을 위한 소리들, 1시간 모음집 / 당신의 효과적인 수면제가 되어줄 영상 💊 No talking",
        "description": "00:01 미리보기\n01:55 마이크 쭈물쭈물, 고막 마사지, 고막 긁기\n14:00 건조한 신생아 면봉\n21:52 뾰족한 실리콘 면봉\n23:32 마이크로 면봉\n26:42 좌우 구분 확실한 팅글사운드, 뇌 관통\n30:56 공간감이 느껴지는 탭핑\n39:16 공간감이 느껴지는 브러슁\n44:56 텅 빈 플라스틱 탭핑\n50:22 비닐 랩 크링클\n54:05 끈끈한 립밤\n54:33 알로에 손 마사지\n\n00:01 Preview\n01:55 Mic masaage, Ear Drum Massage, Ear Drum Scratch\n14:00 dry thin cotton swab\n21:52 Pointed Silicone Swab\n23:32 micro swab\n26:42 A clear tingle sound that distinguishes left and right, brain penetration\n30:56 Tapping with a sense of space\n39:16 A brush with a sense of space\n44:56 Tapping the empty plastic\n50:22 Vinyl Wrap Crinkle\n54:05 Sticky Lip Balm\n54:33 Aloe hand massage\n\n\n▶연츄 채널 멤버십 가입 링크 (전용 영상/전용 커뮤니티 업로드)\nhttps://www.youtube.com/channel/UCjypzyxU_p0_0ElbWSi8QQw/join \n\n▶멤버십 영상 재생목록 미리보기\nhttps://youtube.com/playlist?list=PLgV547LHihrRZk8cHhtg4_uqD3Ag13cCx\n\n----------------------------------------------------------------------------\n\n▶후원 링크 Thank you for your support\nhttps://toon.at/donate/asmr_yeonchu\n후원 금액은 영상을 위해 사용됩니다.\n후원해주신 분들 감사합니다🙏🏻💕\n\n----------------------------------------------------------------------------\n\n▶instargram : http://www.instagram.com/y.zzu \n▶E-mail duswnk1002@naver.com\n\n----------------------------------------------------------------------------\n\n▶연츄  VLOG\nhttps://www.youtube.com/channel/UCbhbaBMBCIJRT0PPxsYrbhw\n\n----------------------------------------------------------------------------",
        "thumbnail": "https://i.ytimg.com/vi/A_wIivasLkc/mqdefault.jpg",
        "youtubeVideoId": "A_wIivasLkc",
        "uploadedDate": "2022-03-08T13:54:12Z",
        "viewCount": 24164,
        "isCommercial": "False"
    },
    {
        "id": "b34f1322-7610-4df3-9ed1-e498aa20ef62",
        "title": "ASMR 친구 등 간질간질 팅글마사지 Scratching, Brushing, Lotion massage, roller, squish, Shaving foam [NO TALKING]",
        "description": "ASMR 친구 등 간질간질 팅글마사지 Scratching, Brushing, Lotion massage, roller, squish, Shaving foam [NO TALKING]\n\n-\n\n등 모델이 되어준 Asmr계의 떠오르는 샛별 보미언니에게 감사하며.. 오늘 영상은 제가 요즘 폭 빠진 외국 유튜버 분의 등 마사지 팅글 영상들 보면서 새로운 구도로 시도해본 영상이에요. 영상들을 시청하며 제 기준 팅글 오는 포인트들을 총집합해서 한번 만들어봤는데 아직은 조금 어색하지만.. 그래두 편안하게 들어주셨으면 좋겠습니다. 그럼 좋은 꿈 꾸세요🌛 \nSweet dreams.🌛 \n\n\n*참고영상 The video I referred to\n( asmr chiara님 ♥️)\n: https://youtu.be/RTMGg7dvgKA\n\n-\n00:01 미리보기\n01:24 맨 손\n06:40 솜털 귀이개\n10:15 큰 깃털\n10:49 작은 지푸라기\n11:19 통통한 브러쉬\n11:53 로션\n16:19 바세린, 괄사롤러\n19:22 찐빵 스퀴시\n23:34 쉐이빙크림\n\n00:01 Preview\n01:24 Bare\n06:40 Fluffy Earpicks\n10:15 Big Feather\n10:49 Little Straw\n11:19 Chubby Brush\n11:53 Lotion\n16:19 Vaseline, roller\n19:22 Steamed Bread Squishy\n23:34 shaving cream\n\n\n▶연츄 채널 멤버십 가입 링크 (전용 영상/전용 커뮤니티 업로드)\nhttps://www.youtube.com/channel/UCjypzyxU_p0_0ElbWSi8QQw/join \n\n▶멤버십 영상 재생목록 미리보기\nhttps://youtube.com/playlist?list=PLgV547LHihrRZk8cHhtg4_uqD3Ag13cCx\n\n----------------------------------------------------------------------------\n\n▶후원 링크 Thank you for your support\nhttps://toon.at/donate/asmr_yeonchu\n후원 금액은 영상을 위해 사용됩니다.\n후원해주신 분들 감사합니다🙏🏻💕\n\n----------------------------------------------------------------------------\n\n▶instargram : http://www.instagram.com/y.zzu \n▶E-mail duswnk1002@naver.com\n\n----------------------------------------------------------------------------\n\n▶연츄  VLOG\nhttps://www.youtube.com/channel/UCbhbaBMBCIJRT0PPxsYrbhw\n\n----------------------------------------------------------------------------\n\n\nASMR My friend's back is tingle massage│Scatching, Brushing, roller, squish, Shaving foam NO TALKING",
        "thumbnail": "https://i.ytimg.com/vi/sYHvpv1Vq9s/mqdefault.jpg",
        "youtubeVideoId": "sYHvpv1Vq9s",
        "uploadedDate": "2022-01-22T12:44:59Z",
        "viewCount": 52163,
        "isCommercial": "False"
    },
    {
        "id": "0b6f9eb7-80c6-43cb-beb0-77febcb853e7",
        "title": "ASMR 14분 순삭, 고인물 전용 팅글뽑기 Tingly MIC Pulling│Invisible Triggers",
        "description": "▶연츄 채널 멤버십 가입 링크 (전용 영상/전용 커뮤니티 업로드)\nhttps://www.youtube.com/channel/UCjypzyxU_p0_0ElbWSi8QQw/join \n\n▶멤버십 영상 재생목록 미리보기\nhttps://youtube.com/playlist?list=PLgV547LHihrRZk8cHhtg4_uqD3Ag13cCx\n\n----------------------------------------------------------------------------\n\n▶후원 링크 Thank you for your support\nhttps://toon.at/donate/asmr_yeonchu\n후원 금액은 영상을 위해 사용됩니다.\n후원해주신 분들 감사합니다🙏🏻💕\n\n----------------------------------------------------------------------------\n\n▶instargram : http://www.instagram.com/y.zzu \n▶E-mail duswnk1002@naver.com\n\n----------------------------------------------------------------------------\n\n▶연츄  VLOG\nhttps://www.youtube.com/channel/UCbhbaBMBCIJRT0PPxsYrbhw\n\n----------------------------------------------------------------------------\n\nASMR 14분 순삭, 고인물 전용 팅글뽑기 Tingly MIC Pulling│Invisible Triggers",
        "thumbnail": "https://i.ytimg.com/vi/p5IAsBDegw4/mqdefault.jpg",
        "youtubeVideoId": "p5IAsBDegw4",
        "uploadedDate": "2021-12-29T12:25:26Z",
        "viewCount": 43053,
        "isCommercial": "False"
    },
    {
        "id": "ffde9ea2-a450-40ae-acc8-cb127965b102",
        "title": "ASMR 겨울 모닥불 소리와 함께 고막이 달랑거리는 잠이 솔솔 네가지 귀청소│팅글 귀파기│tingle ear cleaning & bonfire sounds NOTALKING",
        "description": "▶연츄 채널 멤버십 가입 링크 (전용 영상/전용 커뮤니티 업로드)\nhttps://www.youtube.com/channel/UCjypzyxU_p0_0ElbWSi8QQw/join \n\n▶멤버십 영상 재생목록 미리보기\nhttps://youtube.com/playlist?list=PLgV547LHihrRZk8cHhtg4_uqD3Ag13cCx\n\n----------------------------------------------------------------------------\n\n[타임라인]\n\n00:08 포근 간질 솜털 귀이개\n16:43 빳빳한 지푸라기 깃털 (달랑거리고 뚫린 고막이..제대로 느껴져요!)\n25:59 바스락바스락 면봉 귀청소\n38:32 양쪽 귀 함께 손가락과 손톱으로 귀청소\n\n----------------------------------------------------------------------------\n\n\n▶후원 링크 Thank you for your support\nhttps://toon.at/donate/asmr_yeonchu\n후원 금액은 영상을 위해 사용됩니다.\n후원해주신 분들 감사합니다🙏🏻💕\n\n----------------------------------------------------------------------------\n\n▶instargram : http://www.instagram.com/y.zzu \n▶E-mail duswnk1002@naver.com\n\n----------------------------------------------------------------------------\n\n▶연츄  VLOG\nhttps://www.youtube.com/channel/UCbhbaBMBCIJRT0PPxsYrbhw\n\n----------------------------------------------------------------------------",
        "thumbnail": "https://i.ytimg.com/vi/yk-FeuScw8c/mqdefault.jpg",
        "youtubeVideoId": "yk-FeuScw8c",
        "uploadedDate": "2021-11-26T13:17:20Z",
        "viewCount": 73667,
        "isCommercial": "False"
    },
    {
        "id": "1ad4fa95-df50-44d0-9305-c4f6d68d718f",
        "title": "ASMR 👶🏻 태아가 된 기분을 느끼며 잠들어보세요. 동굴같은 뱃 속 꼬르륵 소리와 콩닥콩닥 심장소리..묘하고 졸리네요.. Heart beat & Stomach growling",
        "description": "▶연츄 채널 멤버십 가입 링크 (전용 영상/전용 커뮤니티 업로드)\nhttps://www.youtube.com/channel/UCjypzyxU_p0_0ElbWSi8QQw/join \n\n▶멤버십 영상 재생목록 미리보기\nhttps://youtube.com/playlist?list=PLgV547LHihrRZk8cHhtg4_uqD3Ag13cCx\n\n----------------------------------------------------------------------------\n\n▶후원 링크 Thank you for your support\nhttps://toon.at/donate/asmr_yeonchu\n후원 금액은 영상을 위해 사용됩니다.\n후원해주신 분들 감사합니다🙏🏻💕\n\n----------------------------------------------------------------------------\n\n▶instargram : http://www.instagram.com/y.zzu \n▶E-mail duswnk1002@naver.com\n\n----------------------------------------------------------------------------\n\n▶연츄  VLOG\nhttps://www.youtube.com/channel/UCbhbaBMBCIJRT0PPxsYrbhw\n\n----------------------------------------------------------------------------\n\nASMR 태아가 된 기분을 느끼며 잠들어보세요. 동굴같은 뱃 속 꼬르륵 소리와 콩닥콩닥 심장소리.. 묘하고 졸리네요.. Heart beat & Stomach growling",
        "thumbnail": "https://i.ytimg.com/vi/O711maowiEw/mqdefault.jpg",
        "youtubeVideoId": "O711maowiEw",
        "uploadedDate": "2021-11-04T14:34:45Z",
        "viewCount": 18428,
        "isCommercial": "False"
    },
    {
        "id": "b3fb0252-5fbb-49f6-9c0a-0aa60af04309",
        "title": "[ 1시간 ASMR ] 단계별 팅글 3단계│이 소리 정말 좋은데 왜 다들 안 찍는지 궁금함 step by step tingle 빠른 귀긁기 ..? 귀 쪼물 ..?",
        "description": "[ 1시간 ASMR ] 단계별 팅글 3단계│이 소리 정말 좋은데 왜 다들 안 찍는지 궁금함 step by step tingle\n\n\n00:22 1단계 (초급,맑은물,느릿 순한맛)\n07:52 2단계 (중급,고인물,살짝씩 빠른 중간맛)\n12:49 3단계 (고급,썩은물,빠른 구간 많은 매운맛)\n18:56 1~3단계 랜덤재생으로 예기치 못한 팅글구간 만날 수 있음\n\n00:22 step 1 (Beginner)\n07:52 step 2 (Intermediate)\n12:49 step 3 (Advanced)\n18:49 Random play (there is an unexpected tingle section)\n\n▶연츄 채널 멤버십 가입 링크 (전용 영상/전용 커뮤니티 업로드)\nhttps://www.youtube.com/channel/UCjypzyxU_p0_0ElbWSi8QQw/join \n\n▶멤버십 영상 재생목록 미리보기\nhttps://youtube.com/playlist?list=PLgV547LHihrRZk8cHhtg4_uqD3Ag13cCx\n\n----------------------------------------------------------------------------\n\n▶후원 링크 Thank you for your support\nhttps://toon.at/donate/asmr_yeonchu\n후원 금액은 영상을 위해 사용됩니다.\n후원해주신 분들 감사합니다🙏🏻💕\n\n----------------------------------------------------------------------------\n\n▶instargram : http://www.instagram.com/y.zzu \n▶E-mail duswnk1002@naver.com\n\n----------------------------------------------------------------------------\n\n▶연츄  VLOG\nhttps://www.youtube.com/channel/UCbhbaBMBCIJRT0PPxsYrbhw\n\n----------------------------------------------------------------------------",
        "thumbnail": "https://i.ytimg.com/vi/d-B2J_7NoYg/mqdefault.jpg",
        "youtubeVideoId": "d-B2J_7NoYg",
        "uploadedDate": "2021-10-30T13:36:39Z",
        "viewCount": 119628,
        "isCommercial": "False"
    },
    {
        "id": "8a85ccdc-d75b-4e3e-ac12-ef22ef6006a8",
        "title": "ASMR 간지러운 이어블로잉과 다양한 귀이개로 시원한 팅글 귀청소 Tickle Earblowing & Variety Earcleaning TINGLE",
        "description": "00:01 인트로\n00:30 핑크색 작은 솜털귀이개 & 이어블로잉\n11:25 조금 더 큰 흰색 솜털 귀이개 & 이어블로잉\n24:21 나무 귀이개 & 이어블로잉\n36:59 커다란 깃털 귀이개 & 이어블로잉\n39:09 귀태핑 & 이어블로잉\n\n----------------------------------------------------------------------------\n\n▶연츄 채널 멤버십 가입 링크 (전용 영상/전용 커뮤니티 업로드)\nhttps://www.youtube.com/channel/UCjypzyxU_p0_0ElbWSi8QQw/join \n\n▶멤버십 영상 재생목록 미리보기\nhttps://youtube.com/playlist?list=PLgV547LHihrRZk8cHhtg4_uqD3Ag13cCx\n\n----------------------------------------------------------------------------\n\n▶후원 링크 Thank you for your support\nhttps://toon.at/donate/asmr_yeonchu\n후원 금액은 영상을 위해 사용됩니다.\n후원해주신 분들 감사합니다🙏🏻💕\n\n----------------------------------------------------------------------------\n\n▶instargram : http://www.instagram.com/y.zzu \n▶E-mail duswnk1002@naver.com\n\n----------------------------------------------------------------------------\n\n▶연츄  VLOG\nhttps://www.youtube.com/channel/UCbhbaBMBCIJRT0PPxsYrbhw\n\n----------------------------------------------------------------------------\n\nASMR 간지러운 이어블로잉과 다양한 귀이개로 시원한 팅글 귀청소 Tickle Earblowing & Variety Earcleaning TINGLE",
        "thumbnail": "https://i.ytimg.com/vi/ZNPF_fnAtgg/mqdefault.jpg",
        "youtubeVideoId": "ZNPF_fnAtgg",
        "uploadedDate": "2021-10-08T13:47:48Z",
        "viewCount": 85753,
        "isCommercial": "False"
    },
    {
        "id": "adf054cf-01ee-4bc0-90a0-1bfb0cbf9eae",
        "title": "ASMR 시각적 팅글 + 입소리 팅글 + 손소리 팅글 = 천국일까 ? Layered tingle sounds│잠이 오는 손동작과 레이어드 팅글 사운드",
        "description": "ASMR 시각적 팅글 + 입소리 팅글 + 손소리 팅글 = 천국일까 ? Layered tingle sounds│hand movement + mouth sound + hand sound = tingle party\n\n☁️인스타그램 INSTAGRAM\nhttp://www.instagram.com/y.zzu \n\n☁️투네이션 후원 toonation\nhttps://toon.at/donate/asmr_yeonchu\n\n☁️멤버십 가입 (전용영상/전용 커뮤니티 업로드)\nhttps://www.youtube.com/channel/UCjypzyxU_p0_0ElbWSi8QQw/join \n\n-\n\n🎥 연츄의 일상 브이로그 VLOG\nhttps://www.youtube.com/channel/UCbhbaBMBCIJRT0PPxsYrbhw\n\n🎥 연츄가 응원하는 채널\nhttps://www.youtube.com/channel/UCCS8nxHUyUG8KuttHmOht8w\n\n\n💌비즈니스 문의 e-mail\nduswnk1002@naver.com\n\n\n-\n\n※ASMR이란?\n심리적 안정을 유도하는 영상입니다.\n청취자들에게 안정감을 주며 불면증에 도움이 됩니다.",
        "thumbnail": "https://i.ytimg.com/vi/2T2RtHbxVD0/mqdefault.jpg",
        "youtubeVideoId": "2T2RtHbxVD0",
        "uploadedDate": "2021-08-28T17:46:43Z",
        "viewCount": 8268,
        "isCommercial": "False"
    },
    {
        "id": "0a171271-9827-4070-b27f-ef2afe4746dd",
        "title": "ASMR 드르륵 귀청소와 인어디블 입소리│Caterpillar Eapick Ear Cleaning & Inaudible whispering (mouth sounds)",
        "description": "ASMR 송충이귀이개로 드르륵 귀청소와 인어디블 입소리│Caterpillar Eapick Ear Cleaning & Inaudible whispering (mouth sounds)│노토킹 3DIO\n\n☁️인스타그램 INSTAGRAM\nhttp://www.instagram.com/y.zzu \n\n☁️투네이션 후원 toonation\nhttps://toon.at/donate/asmr_yeonchu\n\n☁️멤버십 가입 (전용영상/전용 커뮤니티 업로드)\nhttps://www.youtube.com/channel/UCjypzyxU_p0_0ElbWSi8QQw/join \n\n-\n\n🎥 연츄의 일상 브이로그 VLOG\nhttps://www.youtube.com/channel/UCbhbaBMBCIJRT0PPxsYrbhw\n\n🎥 연츄가 응원하는 채널\nhttps://www.youtube.com/channel/UCCS8nxHUyUG8KuttHmOht8w\n\n\n💌비즈니스 문의 e-mail\nduswnk1002@naver.com\n\n\n-\n\n※ASMR이란?\n심리적 안정을 유도하는 영상입니다.\n청취자들에게 안정감을 주며 불면증에 도움이 됩니다.",
        "thumbnail": "https://i.ytimg.com/vi/yHeD31a6BFo/mqdefault.jpg",
        "youtubeVideoId": "yHeD31a6BFo",
        "uploadedDate": "2021-08-20T12:03:49Z",
        "viewCount": 5950,
        "isCommercial": "False"
    },
    {
        "id": "727c77cc-a6e8-45da-af1d-eb5c550e1b45",
        "title": "ASMR ‼️빠름/강함주의‼️ 팅글로 극락가는 레이어드 귀마사지 1시간 Fast Layered Ear massage INTENSE TINGLE 1HOUR [고인물]",
        "description": "ASMR 팅글로 극락가는 레이어드 귀마사지 1시간 Fast Layered Ear massage INTENSE TINGLE TINGLE 1HOUR [고인물] 빠름 강함 자극 주의\n\n\n☁️인스타그램 INSTAGRAM\nhttp://www.instagram.com/y.zzu \n\n☁️투네이션 후원 toonation\nhttps://toon.at/donate/asmr_yeonchu\n\n☁️멤버십 가입 (전용영상/전용 커뮤니티 업로드)\nhttps://www.youtube.com/channel/UCjypzyxU_p0_0ElbWSi8QQw/join \n\n-\n\n🎥 연츄의 일상 브이로그 VLOG\nhttps://www.youtube.com/channel/UCbhbaBMBCIJRT0PPxsYrbhw\n\n🎥 연츄가 응원하는 채널\nhttps://www.youtube.com/channel/UCCS8nxHUyUG8KuttHmOht8w\n\n\n💌비즈니스 문의 e-mail\nduswnk1002@naver.com\n\n\n-\n\n※ASMR이란?\n심리적 안정을 유도하는 영상입니다.\n청취자들에게 안정감을 주며 불면증에 도움이 됩니다.",
        "thumbnail": "https://i.ytimg.com/vi/51iq4KUHJaM/mqdefault.jpg",
        "youtubeVideoId": "51iq4KUHJaM",
        "uploadedDate": "2021-07-14T12:44:04Z",
        "viewCount": 14712,
        "isCommercial": "False"
    },
    {
        "id": "99b93adb-65d7-4ee4-ba04-e97643786c4e",
        "title": "ASMR 100% 수면 보장, 잠이 쏟아지는 꾸덕하고 기름진 바세린 귀마사지 Sleepy Ear massage asmr no talking ( oil vaseline )",
        "description": "ASMR 100% 수면 보장, 잠이 쏟아지는 꾸덕하고 기름진 바세린 귀마사지 Sleepy Ear massage asmr no talking ( oil vaseline )\n\n\n☁️인스타그램 INSTAGRAM\nhttp://www.instagram.com/y.zzu \n\n☁️투네이션 후원 toonation\nhttps://toon.at/donate/asmr_yeonchu\n\n☁️멤버십 가입 (전용영상/전용 커뮤니티 업로드)\nhttps://www.youtube.com/channel/UCjypzyxU_p0_0ElbWSi8QQw/join \n\n-\n\n🎥 연츄의 일상 브이로그 VLOG\nhttps://www.youtube.com/channel/UCbhbaBMBCIJRT0PPxsYrbhw\n\n🎥 연츄가 응원하는 채널\nhttps://www.youtube.com/channel/UCCS8nxHUyUG8KuttHmOht8w\n\n💌비즈니스 문의 e-mail\nduswnk1002@naver.com\n\n\n\n-\n\n※ASMR이란?\n심리적 안정을 유도하는 영상입니다.\n청취자들에게 안정감을 주며 불면증에 도움이 됩니다.",
        "thumbnail": "https://i.ytimg.com/vi/czkcHl7K914/mqdefault.jpg",
        "youtubeVideoId": "czkcHl7K914",
        "uploadedDate": "2021-07-08T13:09:40Z",
        "viewCount": 85594,
        "isCommercial": "False"
    },
    {
        "id": "7ee3f3e1-9ffa-4cd3-abc8-b5105de0d04b",
        "title": "ASMR 고인물 팅글 치트키 ! 뇌 쭈물쭈물 고막까지 닿는 짜릿함 Tingle party brain massage",
        "description": "ASMR 고인물 팅글 치트키 ! 뇌 쭈물쭈물 고막까지 닿는 짜릿함 Tingle party brain massage\n\n☁️인스타그램 INSTAGRAM\nhttp://www.instagram.com/y.zzu \n\n☁️투네이션 후원 toonation\nhttps://toon.at/donate/asmr_yeonchu\n\n☁️멤버십 가입 (전용영상/전용 커뮤니티 업로드)\nhttps://www.youtube.com/channel/UCjypzyxU_p0_0ElbWSi8QQw/join \n\n-\n\n🎥 연츄의 일상 브이로그 VLOG\nhttps://www.youtube.com/channel/UCbhbaBMBCIJRT0PPxsYrbhw\n\n💌비즈니스 문의 e-mail\nduswnk1002@naver.com\n\n📝자막 달아주시면 감사하겠습니다 (subtitles)\nhttp://www.youtube.com/timedtext_cs_panel?tab=2&c=UCjypzyxU_p0_0ElbWSi8QQw\n\n\n-\n\n※ASMR이란?\n심리적 안정을 유도하는 영상입니다.\n청취자들에게 안정감을 주며 불면증에 도움이 됩니다.",
        "thumbnail": "https://i.ytimg.com/vi/MpHq3ZosOWU/mqdefault.jpg",
        "youtubeVideoId": "MpHq3ZosOWU",
        "uploadedDate": "2021-07-04T15:04:37Z",
        "viewCount": 10216,
        "isCommercial": "False"
    },
    {
        "id": "2d038a7f-2b04-465b-91e5-27dc75c8fa5d",
        "title": "ASMR 👋🏻 여러분을 직접 두드리고 누르며 톡톡,냠냠,똟,후우 │시각적 팅글 Tapping you",
        "description": "ASMR 여러분을 직접 두드리고 누르며 톡톡,냠냠,똟,후우 팅글│Tapping you & mouth sounds,tongue click,trigger words tingle (screen touch)\n\n\n00:01 인사 (화면쓸어내리며 짧은 이어커핑)\n00:17 화면 손톱 태핑 & 톡톡톡 위스퍼링\n07:49 화면 브러슁 & 이어블로잉 숨소리\n13:01 화면 누르기 & 냠냠 뻐끔 입소리\n20:34 손끝,손톱 톡톡 & 똙똟 소리\n\n00:01 swiping down the screen & short earcuffing\n00:17 Screen Nail Tapping & toktok Whispering\n07:49 Screen brushing & ear blowing breath sound\n13:01 Screen tapping & yum yum popping mouth sound\n20:34 Fingertips & tongue click\n\n\n\n☁️인스타그램 INSTAGRAM\nhttp://www.instagram.com/y.zzu \n\n☁️투네이션 후원 toonation\nhttps://toon.at/donate/asmr_yeonchu\n\n☁️멤버십 가입 (전용영상/전용 커뮤니티 업로드)\nhttps://www.youtube.com/channel/UCjypzyxU_p0_0ElbWSi8QQw/join \n\n-\n\n🎥 연츄의 일상 브이로그 VLOG\nhttps://www.youtube.com/channel/UCbhbaBMBCIJRT0PPxsYrbhw\n\n💌비즈니스 문의 e-mail\nduswnk1002@naver.com\n\n📝자막 달아주시면 감사하겠습니다 (subtitles)\nhttp://www.youtube.com/timedtext_cs_panel?tab=2&c=UCjypzyxU_p0_0ElbWSi8QQw\n\n\n-\n\n※ASMR이란?\n심리적 안정을 유도하는 영상입니다.\n청취자들에게 안정감을 주며 불면증에 도움이 됩니다.",
        "thumbnail": "https://i.ytimg.com/vi/wB_yFE4XMb8/mqdefault.jpg",
        "youtubeVideoId": "wB_yFE4XMb8",
        "uploadedDate": "2021-06-16T14:11:50Z",
        "viewCount": 7384,
        "isCommercial": "False"
    },
    {
        "id": "44282a2d-7267-421b-9b5a-a3292df3a4c9",
        "title": "ASMR 쌍둥이가 당신의 굳은 고막을 녹여주는 팅글을 선사합니다.│ASMR 고인물도 이건 못참지 ! Mic Nibbling Mouth Sounds TINGLE/TWIN ASMR",
        "description": "ASMR 쌍둥이가 당신의 굳은 고막을 녹여주는 팅글을 선사합니다.│ASMR 고인물도 이건 못참지 ! Mic Nibbling Mouth Sounds TINGLE/TWIN ASMR\n\n\n☁️인스타그램 INSTAGRAM\nhttp://www.instagram.com/y.zzu \n\n☁️투네이션 후원 toonation\nhttps://toon.at/donate/asmr_yeonchu\n\n☁️멤버십 가입 (전용영상/전용 커뮤니티 업로드)\nhttps://www.youtube.com/channel/UCjypzyxU_p0_0ElbWSi8QQw/join \n\n-\n\n🎥 연츄의 일상 브이로그 VLOG\nhttps://www.youtube.com/channel/UCbhbaBMBCIJRT0PPxsYrbhw\n\n💌비즈니스 문의 e-mail\nduswnk1002@naver.com\n\n📝자막 달아주시면 감사하겠습니다 (subtitles)\nhttp://www.youtube.com/timedtext_cs_panel?tab=2&c=UCjypzyxU_p0_0ElbWSi8QQw\n\n\n-\n\n※ASMR이란?\n심리적 안정을 유도하는 영상입니다.\n청취자들에게 안정감을 주며 불면증에 도움이 됩니다.",
        "thumbnail": "https://i.ytimg.com/vi/dC7kkYWKSKY/mqdefault.jpg",
        "youtubeVideoId": "dC7kkYWKSKY",
        "uploadedDate": "2021-06-08T12:19:24Z",
        "viewCount": 11509,
        "isCommercial": "False"
    },
    {
        "id": "e7259572-ab59-4196-a8a6-89c65b92c250",
        "title": "ASMR 귀와 뇌를 관통하는 엄청난 팅글 tingles│Mouth Sounds through the brain",
        "description": "고인물 ASMR 귀와 뇌를 관통하는 엄청난 팅글 tingles│Mouth Sounds through the brain\n\n* 일상채널\nhttps://www.youtube.com/channel/UCbhbaBMBCIJRT0PPxsYrbhw\n\n* INSTAGRAM\nhttp://www.instagram.com/y.zzu\n\n* 비즈니스 문의\nduswnk1002@naver.com\n\n* 자막 (subtitles)\nhttp://www.youtube.com/timedtext_cs_panel?tab=2&c=UCjypzyxU_p0_0ElbWSi8QQw\n\n* 멤버십 가입\nhttps://www.youtube.com/channel/UCjypzyxU_p0_0ElbWSi8QQw/join\n\n\n※ASMR이란?\n심리적 안정을 유도하는 영상입니다.\n힐링을 원하는 청취자들에게 안정감을 주고,불면증에 도움이 됩니다.",
        "thumbnail": "https://i.ytimg.com/vi/88Xvit7A8xo/mqdefault.jpg",
        "youtubeVideoId": "88Xvit7A8xo",
        "uploadedDate": "2021-05-07T14:00:32Z",
        "viewCount": 308386,
        "isCommercial": "False"
    },
    {
        "id": "3680c650-3414-4aaf-a7e8-96722542fcfe",
        "title": "ASMR 네가지 귀이개 양쪽 동시 귀청소│깊고 자극적 시원함│No talking (Twin Earcleaning/Both Earcleaning) Tinlge 팅글",
        "description": "ASMR 네가지 귀이개 양쪽 동시 귀청소│깊고 자극적 시원함│팅글 No talking (Twin Earcleaning/Both Earcleaning) Tinlge\n\n00:53 나무귀이개 양쪽 동시 귀파기\n22:48 쇠 귀이개 양쪽 동시 귀파기\n25:20 지푸라기 깃털 귀이개 양쪽 동시 귀파기\n34:30 작은 솜털 귀이개 양쪽 동시 귀파기\n\n00:53 wood swab both earcleaning\n22:48 metal swab both earcleaning\n25:20 father swab both earcleaning\n34:30 cotton swab both earcleaning \n\n\n* 일상채널\nhttps://www.youtube.com/channel/UCbhbaBMBCIJRT0PPxsYrbhw\n\n* INSTAGRAM\nhttp://www.instagram.com/y.zzu\n\n* 비즈니스 문의\nduswnk1002@naver.com\n\n* 자막 (subtitles)\nhttp://www.youtube.com/timedtext_cs_panel?tab=2&c=UCjypzyxU_p0_0ElbWSi8QQw\n\n* 멤버십 가입\nhttps://www.youtube.com/channel/UCjypzyxU_p0_0ElbWSi8QQw/join\n\n\n※ASMR이란?\n심리적 안정을 유도하는 영상입니다.\n힐링을 원하는 청취자들에게 안정감을 주고,불면증에 도움이 됩니다.",
        "thumbnail": "https://i.ytimg.com/vi/nTK7FVVmPaI/mqdefault.jpg",
        "youtubeVideoId": "nTK7FVVmPaI",
        "uploadedDate": "2021-05-04T13:08:11Z",
        "viewCount": 187050,
        "isCommercial": "False"
    },
    {
        "id": "1eb73116-15f5-4c18-b5eb-1e40cb823579",
        "title": "ASMR 귀에 박힌 돌 🪨│딱딱한 내 고막 두드리기│내 귀청소 톡톡 딱딱 팅글 Tapping my ears",
        "description": "ASMR 귀에 박힌 돌│딱딱한 내 고막 두드리기│내 귀청소 톡톡 딱딱 팅글 Tapping my ears TINGLE\n\n\n* 일상채널\nhttps://www.youtube.com/channel/UCbhbaBMBCIJRT0PPxsYrbhw\n\n* INSTAGRAM\nhttp://www.instagram.com/y.zzu\n\n* 비즈니스 문의\nduswnk1002@naver.com\n\n* 자막 (subtitles)\nhttp://www.youtube.com/timedtext_cs_panel?tab=2&c=UCjypzyxU_p0_0ElbWSi8QQw\n\n* 멤버십 가입\nhttps://www.youtube.com/channel/UCjypzyxU_p0_0ElbWSi8QQw/join\n\n\n※ASMR이란?\n심리적 안정을 유도하는 영상입니다.\n힐링을 원하는 청취자들에게 안정감을 주고,불면증에 도움이 됩니다.",
        "thumbnail": "https://i.ytimg.com/vi/9pc-gR61OcU/mqdefault.jpg",
        "youtubeVideoId": "9pc-gR61OcU",
        "uploadedDate": "2021-04-06T13:30:49Z",
        "viewCount": 171709,
        "isCommercial": "False"
    },
    {
        "id": "29a7b834-057b-4a29-88fe-835ddb287093",
        "title": "ASMR 귀야호👂🏻 고막 가까이에서 나는 팅글소리들과 편안하게 쓸어내리는 브러슁 (고막마사지,마이크 스크래치,태핑)",
        "description": "00:01 preview\n00:31 Massaging your eardrums + ear brushing\n18:08 mic scratching earcleaning + ear brushing\n31:14 mic tapping (nail) + ear brushing\n\n00:01 미리보기\n00:31 고막 마사지 + 귓 속 쓸어내리는 브러슁\n18:08 손톱으로 마이크 스크래칭 귀청소 + 브러슁\n31:14 손톱으로 마이크 탭핑 + 브러슁\n\n\n* 일상채널\nhttps://www.youtube.com/channel/UCbhbaBMBCIJRT0PPxsYrbhw\n\n* INSTAGRAM\nhttp://www.instagram.com/y.zzu \n\n* 비즈니스 문의\nduswnk1002@naver.com\n\n* 자막 (subtitles)\nhttp://www.youtube.com/timedtext_cs_panel?tab=2&c=UCjypzyxU_p0_0ElbWSi8QQw\n\n* 멤버십 가입\nhttps://www.youtube.com/channel/UCjypzyxU_p0_0ElbWSi8QQw/join\n\n\n※ASMR이란?\n심리적 안정을 유도하는 영상입니다.\n힐링을 원하는 청취자들에게 안정감을 주고,불면증에 도움이 됩니다.",
        "thumbnail": "https://i.ytimg.com/vi/4E7fjVX9f1Y/mqdefault.jpg",
        "youtubeVideoId": "4E7fjVX9f1Y",
        "uploadedDate": "2021-03-25T16:03:54Z",
        "viewCount": 661109,
        "isCommercial": "False"
    },
    {
        "id": "b9c59e82-16a2-494d-bb1d-e77e46e9b7ca",
        "title": "to. ASMR 고인물들에게, 이건 빠르기만한 팅글이 아니랍니다",
        "description": "to. ASMR 고인물들에게, 팅글\nto. People who are used to Tingle, Come on ! (deep intense earcleaning)\n\n\n\n* 일상채널\nhttps://www.youtube.com/channel/UCbhbaBMBCIJRT0PPxsYrbhw\n\n* INSTAGRAM\nhttp://www.instagram.com/y.zzu\n\n* 비즈니스 문의\nduswnk1002@naver.com\n\n* 자막 (subtitles)\nhttp://www.youtube.com/timedtext_cs_panel?tab=2&c=UCjypzyxU_p0_0ElbWSi8QQw\n\n* 멤버십 가입\nhttps://www.youtube.com/channel/UCjypzyxU_p0_0ElbWSi8QQw/join\n\n\n※ASMR이란?\n심리적 안정을 유도하는 영상입니다.\n힐링을 원하는 청취자들에게 안정감을 주고,불면증에 도움이 됩니다.",
        "thumbnail": "https://i.ytimg.com/vi/tvlc_KpINZ4/mqdefault.jpg",
        "youtubeVideoId": "tvlc_KpINZ4",
        "uploadedDate": "2021-03-16T12:07:12Z",
        "viewCount": 381271,
        "isCommercial": "False"
    },
    {
        "id": "ead20147-76da-450d-9ee1-785f9996f6ac",
        "title": "ASMR No talking 팅글 가득 꼼꼼한 귀 관리 풀코스 (귀소독,귀청소,귀마사지 등)  Doing your Earcleaning sound",
        "description": "ASMR No talking 팅글 가득 꼼꼼한 귀 관리 풀코스 (귀소독,귀청소,귀마사지 등)  Doing your Earcleaning sound (TINLGE)\n\nASMR No talking TINGLY EAR CLEANING SHOP Full course (Ear disinfection, ear cleaning, ear massage...)\n\n[타임라인]\n00:25 차트 쓰기\n01:10 귀 살짝 찌르며 상태 체크\n01:40 맨손으로 귀 만지기, 귀 마사지\n03:10 라텍스 장갑 만지고 끼는 소리\n04:02 알콜솜 만지고 뜯는 소리\n05:01 소독솜으로 귀 닦기(귀 소독)\n08:01 두번째 알콜솜 뜯기\n08:08 핀셋에 소독솜으로 귀 소독 톡톡톡\n10:53 쇠 귀이개 귀청소\n27:03 면봉 귀이개 귀청소\n39:23 솜털로 귀 먼지 털어내기, 약간의 이어블로잉\n39:39 귀마사지 크림 짜기\n39:48 귀마사지 크림 섞기\n41:29 로션 귀마사지,귀 지압\n48:24 젖은 해면으로 귀 닦아내기\n49:07 마무리\n49:18 감사합니다\n\n[TIMELINE]\n00:25 Write a chart\n01:10 Check the condition your ear\n01:40 ear touching, ear massage\n03:10 Latex glove touching and pinching\n04:02 alcohol cotton touching \n05:01 ears disinfection\n08:01 Second alcohol cotton tear\n08:08 Disinfectant cotton in tweezers\n10:53 metal earpick ear cleaning\n27:03 Cotton swab earpick ear cleaning\n39:23 Dust off ears with down wool, ear blowing\n39:39 Ear massage cream\n39:48 Ear massage cream mixing\n41:29 Lotion ear massage, ear acupressure\n48:24 Wipe your ears with a wet sponge\n49:07 finish\n49:18 Thank you\n\n\n* 일상채널\nhttps://www.youtube.com/channel/UCbhbaBMBCIJRT0PPxsYrbhw\n\n* INSTAGRAM\nhttp://www.instagram.com/y.zzu\n\n* 비즈니스 문의\nduswnk1002@naver.com\n\n* 자막 (subtitles)\nhttp://www.youtube.com/timedtext_cs_panel?tab=2&c=UCjypzyxU_p0_0ElbWSi8QQw\n\n* 멤버십 가입\nhttps://www.youtube.com/channel/UCjypzyxU_p0_0ElbWSi8QQw/join\n\n\n※ASMR이란?\n심리적 안정을 유도하는 영상입니다.\n힐링을 원하는 청취자들에게 안정감을 주고,불면증에 도움이 됩니다.",
        "thumbnail": "https://i.ytimg.com/vi/np7mTS0sh60/mqdefault.jpg",
        "youtubeVideoId": "np7mTS0sh60",
        "uploadedDate": "2021-03-11T12:01:34Z",
        "viewCount": 235192,
        "isCommercial": "False"
    },
    {
        "id": "610cc22e-9218-4078-b44e-6a490e30442d",
        "title": "[한시간 ASMR] 귀를 꾸욱 눌렀다 뗐다 조용하고 먹먹한 팅글 Ear cupping∙Mic touching∙3DIO∙NOTALKING TINGLE [1HOUR ASMR]",
        "description": "[한시간 ASMR] 귀를 꾸욱 눌렀다 뗐다 조용하고 먹먹한 팅글 Ear cupping∙Mic touching∙3DIO∙NOTALKING TINGLE [1HOUR ASMR]\n\n* 일상채널\nhttps://www.youtube.com/channel/UCbhbaBMBCIJRT0PPxsYrbhw\n\n* INSTAGRAM\nhttp://www.instagram.com/y.zzu\n\n* 비즈니스 문의\nduswnk1002@naver.com\n\n* 자막 (subtitles)\nhttp://www.youtube.com/timedtext_cs_panel?tab=2&c=UCjypzyxU_p0_0ElbWSi8QQw\n\n* 멤버십 가입\nhttps://www.youtube.com/channel/UCjypzyxU_p0_0ElbWSi8QQw/join\n\n\n※ASMR이란?\n심리적 안정을 유도하는 영상입니다.\n힐링을 원하는 청취자들에게 안정감을 주고,불면증에 도움이 됩니다.",
        "thumbnail": "https://i.ytimg.com/vi/qhJ5_Xgs9NU/mqdefault.jpg",
        "youtubeVideoId": "qhJ5_Xgs9NU",
        "uploadedDate": "2021-02-03T14:01:42Z",
        "viewCount": 187440,
        "isCommercial": "False"
    },
    {
        "id": "08328350-72a8-41a8-9cf5-bf552818e6a4",
        "title": "ASMR (초보주의🚫) 달팽이관을 빙글뱅글 빠른 팅글 가득 마이크 긁기, 이어커핑, 귀청소 Fast tingle sounds",
        "description": "* 일상채널\nhttps://www.youtube.com/channel/UCbhbaBMBCIJRT0PPxsYrbhw\n\n* INSTAGRAM\nhttp://www.instagram.com/y.zzu\n\n* 비즈니스 문의\nduswnk1002@naver.com\n\n* 자막 (subtitles)\nhttp://www.youtube.com/timedtext_cs_panel?tab=2&c=UCjypzyxU_p0_0ElbWSi8QQw\n\n* 멤버십 가입\nhttps://www.youtube.com/channel/UCjypzyxU_p0_0ElbWSi8QQw/join\n\n\n※ASMR이란?\n심리적 안정을 유도하는 영상입니다.\n힐링을 원하는 청취자들에게 안정감을 주고,불면증에 도움이 됩니다.",
        "thumbnail": "https://i.ytimg.com/vi/7LijVbHqs6k/mqdefault.jpg",
        "youtubeVideoId": "7LijVbHqs6k",
        "uploadedDate": "2021-01-30T12:06:19Z",
        "viewCount": 379199,
        "isCommercial": "False"
    },
    {
        "id": "bf889b43-cadb-4d3a-a5cd-6b645ebd7f7c",
        "title": "ASMR (초보주의🚫) 달팽이관을 빙글뱅글 빠른 팅글 가득 마이크 긁기, 이어커핑, 귀청소 Fast tingle sounds",
        "description": "* 일상채널\nhttps://www.youtube.com/channel/UCbhbaBMBCIJRT0PPxsYrbhw\n\n* INSTAGRAM\nhttp://www.instagram.com/y.zzu\n\n* 비즈니스 문의\nduswnk1002@naver.com\n\n* 자막 (subtitles)\nhttp://www.youtube.com/timedtext_cs_panel?tab=2&c=UCjypzyxU_p0_0ElbWSi8QQw\n\n* 멤버십 가입\nhttps://www.youtube.com/channel/UCjypzyxU_p0_0ElbWSi8QQw/join\n\n\n※ASMR이란?\n심리적 안정을 유도하는 영상입니다.\n힐링을 원하는 청취자들에게 안정감을 주고,불면증에 도움이 됩니다.",
        "thumbnail": "https://i.ytimg.com/vi/7LijVbHqs6k/mqdefault.jpg",
        "youtubeVideoId": "7LijVbHqs6k",
        "uploadedDate": "2021-01-30T12:05:59Z",
        "viewCount": 379199,
        "isCommercial": "False"
    },
    {
        "id": "cae8fb46-d39e-4a3d-b077-8f0aacd7b159",
        "title": "ASMR 4가지 동심의 소리로 17분 안에 잠들기│4 Sleepy Triggers",
        "description": "ASMR 4가지 동심의 소리로 17분 안에 잠들기│4Triggers in 17Minutes\n\n00:26 풍선 balloon\n04:57 슬라임 slime\n09:04 털뭉치 a ball of fur\n12:32 비눗방울 soap bubbles\n\n* 일상채널\nhttps://www.youtube.com/channel/UCbhbaBMBCIJRT0PPxsYrbhw\n\n* INSTAGRAM\nhttp://www.instagram.com/y.zzu\n\n* 비즈니스 문의\nduswnk1002@naver.com\n\n* 자막 (subtitles)\nhttp://www.youtube.com/timedtext_cs_panel?tab=2&c=UCjypzyxU_p0_0ElbWSi8QQw\n\n* 멤버십 가입\nhttps://www.youtube.com/channel/UCjypzyxU_p0_0ElbWSi8QQw/join\n\n\n※ASMR이란?\n심리적 안정을 유도하는 영상입니다.\n힐링을 원하는 청취자들에게 안정감을 주고,불면증에 도움이 됩니다.",
        "thumbnail": "https://i.ytimg.com/vi/uOo06apiZ6s/mqdefault.jpg",
        "youtubeVideoId": "uOo06apiZ6s",
        "uploadedDate": "2021-01-29T12:21:36Z",
        "viewCount": 139029,
        "isCommercial": "False"
    },
    {
        "id": "85b0dc19-b041-4726-8a56-4db5af4b5c1a",
        "title": "ASMR 니트로 마이크 쓰다듬는게 이렇게 팅글 돋을 일인가 thick knitwear earcleaning, mic touching",
        "description": "* 일상채널\nhttps://www.youtube.com/channel/UCbhbaBMBCIJRT0PPxsYrbhw\n\n* INSTAGRAM\nhttp://www.instagram.com/y.zzu\n\n* 비즈니스 문의\nduswnk1002@naver.com\n\n* 자막 (subtitles)\nhttp://www.youtube.com/timedtext_cs_panel?tab=2&c=UCjypzyxU_p0_0ElbWSi8QQw\n\n* 멤버십 가입\nhttps://www.youtube.com/channel/UCjypzyxU_p0_0ElbWSi8QQw/join\n\n\n※ASMR이란?\n심리적 안정을 유도하는 영상입니다.\n힐링을 원하는 청취자들에게 안정감을 주고,불면증에 도움이 됩니다.",
        "thumbnail": "https://i.ytimg.com/vi/z6ppODBGJdE/mqdefault.jpg",
        "youtubeVideoId": "z6ppODBGJdE",
        "uploadedDate": "2021-01-16T15:55:35Z",
        "viewCount": 121089,
        "isCommercial": "False"
    },
    {
        "id": "7dd23e5a-82c0-4e7a-8d36-1535d48b17a3",
        "title": "ASMR 정수리에 소름돋게 톡톡 터지는 팅글│점점 발전하는 니블링 입소리│Layered Nibbling│Popping Candy Intense Mouth sounds TINGLE",
        "description": "ASMR 정수리에 소름돋게 톡톡 터지는 팅글│점점 더 발전하는 니블링 입소리│Layered Mic Nibbling│Popping Candy Mouth sounds│사탕 TINGLE\n\n26:00 ~ Layered mouth sounds\n\n* 일상채널\nhttps://www.youtube.com/channel/UCbhbaBMBCIJRT0PPxsYrbhw\n\n* INSTAGRAM\nhttp://www.instagram.com/y.zzu\n\n* 비즈니스 문의\nduswnk1002@naver.com\n\n* 자막 (subtitles)\nhttp://www.youtube.com/timedtext_cs_panel?tab=2&c=UCjypzyxU_p0_0ElbWSi8QQw\n\n* 멤버십 가입\nhttps://www.youtube.com/channel/UCjypzyxU_p0_0ElbWSi8QQw/join\n\n\n※ASMR이란?\n심리적 안정을 유도하는 영상입니다.\n힐링을 원하는 청취자들에게 안정감을 주고,불면증에 도움이 됩니다.",
        "thumbnail": "https://i.ytimg.com/vi/Y1iD7f-q6lE/mqdefault.jpg",
        "youtubeVideoId": "Y1iD7f-q6lE",
        "uploadedDate": "2021-01-12T12:51:01Z",
        "viewCount": 438488,
        "isCommercial": "False"
    },
    {
        "id": "740bd7e6-9646-467d-b2e4-fe98d1e9561f",
        "title": "ASMR 귀지가 걸리는 바스락 귀청소 1시간│Crunch Ear Cleaning│3DIO TINLGE",
        "description": "ASMR 귀지가 걸리는 바스락 귀청소 1시간│Crunch Ear Cleaning│3DIO TINLGE\n\n* 일상채널\nhttps://www.youtube.com/channel/UCbhbaBMBCIJRT0PPxsYrbhw\n\n* INSTAGRAM\nhttp://www.instagram.com/y.zzu\n\n* 비즈니스 문의\nduswnk1002@naver.com\n\n* 자막 (subtitles)\nhttp://www.youtube.com/timedtext_cs_panel?tab=2&c=UCjypzyxU_p0_0ElbWSi8QQw\n\n* 멤버십 가입\nhttps://www.youtube.com/channel/UCjypzyxU_p0_0ElbWSi8QQw/join\n\n\n※ASMR이란?\n심리적 안정을 유도하는 영상입니다.\n힐링을 원하는 청취자들에게 안정감을 주고,불면증에 도움이 됩니다.",
        "thumbnail": "https://i.ytimg.com/vi/z6x51k8UNes/mqdefault.jpg",
        "youtubeVideoId": "z6x51k8UNes",
        "uploadedDate": "2021-01-09T13:31:39Z",
        "viewCount": 152171,
        "isCommercial": "False"
    },
    {
        "id": "3679847d-b704-4543-a65f-343751f9689f",
        "title": "ASMR 쫀~득하게 잠이오는 귀마사지│Ear massage NOTALKING 1HOUR",
        "description": "ASMR 쫀~득 챱챱 귀마사지│Ear massage NOTALKING 1HOUR\n\n* 일상채널\nhttps://www.youtube.com/channel/UCbhbaBMBCIJRT0PPxsYrbhw\n\n* INSTAGRAM\nhttp://www.instagram.com/y.zzu\n\n* 비즈니스 문의\nduswnk1002@naver.com\n\n* 자막 (subtitles)\nhttp://www.youtube.com/timedtext_cs_panel?tab=2&c=UCjypzyxU_p0_0ElbWSi8QQw\n\n* 멤버십 가입\nhttps://www.youtube.com/channel/UCjypzyxU_p0_0ElbWSi8QQw/join\n\n\n※ASMR이란?\n심리적 안정을 유도하는 영상입니다.\n힐링을 원하는 청취자들에게 안정감을 주고,불면증에 도움이 됩니다.",
        "thumbnail": "https://i.ytimg.com/vi/cfiWprCeWMU/mqdefault.jpg",
        "youtubeVideoId": "cfiWprCeWMU",
        "uploadedDate": "2020-12-31T12:11:59Z",
        "viewCount": 189055,
        "isCommercial": "False"
    },
    {
        "id": "1f085f2c-2622-4569-af39-da41f1e1f80e",
        "title": "드디어 팅글 못 느끼는 ASMR 썩은물을 위한 소리를 연구했습니다. 빠른 팅글 레이어드 Layered Mic Nibbling Mouth Sounds TINGLE 입소리,단어반복 등",
        "description": "[TIMELINE]\n\n00:14 톡톡톡 빠른 단어반복\n01:04 왈ㄹ라라ㄹㄹ랄 빠른 단어반복\n01:42 가득가득 빠른 단어반복\n02:30 차분하면서도 빠른 니블링\n13:31 니블링 레이어드 (강한팅글,정신없음주의)\n39:20 니블링+빠른 단어반복 레이어드 (더 강한 팅글, 더 정신없음)\n\n00:14 toktoktok fast trigger words\n01:04 lalalal fast trigger words (tongue click)\n01:42 ‘가득가득’ korean fast trigger words\n02:30 calm&fast mic nibbling\n13:31 mic nibbling layered (intense tingle)\n39:20 mic nibbling + fast trigger words (super tingle)\n\n\n[ASMR] 팅글 못 느끼는 ASMR 썩은물을 위한 강력한 입소리&니블링&단어반복│빠른 팅글 레이어드 Layered Mic Nibbling Mouth Sounds TINGLE!!!\n\n* 일상채널\nhttps://www.youtube.com/channel/UCbhbaBMBCIJRT0PPxsYrbhw\n\n* INSTAGRAM\nhttp://www.instagram.com/y.zzu\n\n* 비즈니스 문의\nduswnk1002@naver.com\n\n* 자막 (subtitles)\nhttp://www.youtube.com/timedtext_cs_panel?tab=2&c=UCjypzyxU_p0_0ElbWSi8QQw\n\n* 멤버십 가입\nhttps://www.youtube.com/channel/UCjypzyxU_p0_0ElbWSi8QQw/join\n\n\n※ASMR이란?\n심리적 안정을 유도하는 영상입니다.\n힐링을 원하는 청취자들에게 안정감을 주고,불면증에 도움이 됩니다.",
        "thumbnail": "https://i.ytimg.com/vi/ZCjHQL287qE/mqdefault.jpg",
        "youtubeVideoId": "ZCjHQL287qE",
        "uploadedDate": "2020-12-29T16:33:46Z",
        "viewCount": 2478330,
        "isCommercial": "False"
    },
    {
        "id": "ead08249-3021-426c-9ce4-5f7dd019c23c",
        "title": "1시간 ASMR (초보금지🚫) 팅글로 정신이 혼미해지고 싶다면 들어와보세요.│빠른 마이크 긁기, 이어커핑, 빠른 귀청소 Fast tingle sounds",
        "description": "* 일상채널\nhttps://www.youtube.com/channel/UCbhbaBMBCIJRT0PPxsYrbhw\n\n* INSTAGRAM\nhttp://www.instagram.com/y.zzu\n\n* 비즈니스 문의\nduswnk1002@naver.com\n\n* 자막 (subtitles)\nhttp://www.youtube.com/timedtext_cs_panel?tab=2&c=UCjypzyxU_p0_0ElbWSi8QQw\n\n* 멤버십 가입\nhttps://www.youtube.com/channel/UCjypzyxU_p0_0ElbWSi8QQw/join\n\n\n※ASMR이란?\n심리적 안정을 유도하는 영상입니다.\n힐링을 원하는 청취자들에게 안정감을 주고,불면증에 도움이 됩니다.",
        "thumbnail": "https://i.ytimg.com/vi/KlapQI9fD_Q/mqdefault.jpg",
        "youtubeVideoId": "KlapQI9fD_Q",
        "uploadedDate": "2020-12-06T12:28:12Z",
        "viewCount": 678816,
        "isCommercial": "False"
    },
    {
        "id": "7aae0db3-428a-483c-8f15-593aadcc7469",
        "title": "ASMR 여기 만지면 진짜 팅글온다던데│뇌 쭈물거리는 기분?│뇌마사지│마이크 건드리기,마이크 긁기 Tingle brain massage,touch",
        "description": "ASMR 여기 만지면 진짜 팅글온다던데│뇌 쭈물거리는 기분?│뇌마사지│마이크 건드리기,마이크 긁기 Tingle brain massage,touch\n\n* 일상채널\nhttps://www.youtube.com/channel/UCbhbaBMBCIJRT0PPxsYrbhw\n\n* INSTAGRAM\nhttp://www.instagram.com/y.zzu\n\n* 비즈니스 문의\nduswnk1002@naver.com\n\n* 자막 (subtitles)\nhttp://www.youtube.com/timedtext_cs_panel?tab=2&c=UCjypzyxU_p0_0ElbWSi8QQw\n\n* 멤버십 가입\nhttps://www.youtube.com/channel/UCjypzyxU_p0_0ElbWSi8QQw/join\n\n\n※ASMR이란?\n심리적 안정을 유도하는 영상입니다.\n힐링을 원하는 청취자들에게 안정감을 주고,불면증에 도움이 됩니다.",
        "thumbnail": "https://i.ytimg.com/vi/2cuseWTvWF4/mqdefault.jpg",
        "youtubeVideoId": "2cuseWTvWF4",
        "uploadedDate": "2020-12-03T12:06:33Z",
        "viewCount": 419411,
        "isCommercial": "False"
    },
    {
        "id": "f01423c6-4cac-43a8-ba40-65dc9f7bf5ea",
        "title": "1시간 귀청소 ASMR│까드득,바스락,딱딱,건조 취향따라 듣는 팅글 귀청소│Various Tingle Earcleaning",
        "description": "[Timeline]\n\n00:07 미리보기 preview\n\n01:19 \r솜털귀이개 귀청소 (바스락,꽉찬귀지)\n01:19 fluffy earcleaning\n\n24:06 \r플라스틱 귀이개 귀청소 (까드득거리는 귀지)\n24:06 plastic earcleaning\n\n40:12~\r쇠로 만든 여드름 압출기\r (딱딱한 귀지)\niron pimple extractor earcleaning\n\n56:42 면봉귀이개 귀청소 (건조한 귀지)\n56:42 cotton swab earcleaning\n\n\n\n1시간 귀청소 ASMR│까드득,바스락,딱딱 취향따라 듣는 팅글 귀청소│Various Tingle Earcleaning\n\n\n* 일상채널\nhttps://www.youtube.com/channel/UCbhbaBMBCIJRT0PPxsYrbhw\n\n* INSTAGRAM\nhttp://www.instagram.com/y.zzu\n\n* 비즈니스 문의\nduswnk1002@naver.com\n\n* 자막 (subtitles)\nhttp://www.youtube.com/timedtext_cs_panel?tab=2&c=UCjypzyxU_p0_0ElbWSi8QQw\n\n* 멤버십 가입\nhttps://www.youtube.com/channel/UCjypzyxU_p0_0ElbWSi8QQw/join\n\n\n※ASMR이란?\n심리적 안정을 유도하는 영상입니다.\n힐링을 원하는 청취자들에게 안정감을 주고,불면증에 도움이 됩니다.",
        "thumbnail": "https://i.ytimg.com/vi/QdkZLwh23Js/mqdefault.jpg",
        "youtubeVideoId": "QdkZLwh23Js",
        "uploadedDate": "2020-11-27T12:25:11Z",
        "viewCount": 322844,
        "isCommercial": "False"
    },
    {
        "id": "8ca9494e-d866-45e6-8701-30409f1b3621",
        "title": "ASMR Brushing You 😌 스르륵 눈이 감기는 브러싱과 귓속을 파고드는 단어반복 입소리&이어블로잉(Trigger words+ear blowing)│시각적팅글",
        "description": "ASMR Brushing You 스르륵 눈이 감기는 브러싱과 귓속을 파고드는 단어반복&이어블로잉(Trigger words+ear blowing)│시각적팅글 Visual tingle\n\n오늘은 짧은 광고영상이 업로드되어서 수면용으로 이 영상도 함께 업로드해드려요. 오늘도 좋은 꿈 꾸세요 여러분 ♡\n\n[TIMELINE]\n\n*시각적 ASMR\n00:06 큰 브러쉬 \n16:24 뽀송한 솜 \n30:43 조그마한 브러쉬 \n\n*청각적 ASMR \n00:06 Sleep 단어반복 + 이어블로잉\n09:17 Goodnight 단어반복 + 이어블로잉 \n20:35 Chocolate 단어반복 + 이어블로잉 \n29:36 MIC 단어반복 + 이어블로잉\n\n\n\n* 일상채널\nhttps://www.youtube.com/channel/UCbhbaBMBCIJRT0PPxsYrbhw\n\n* INSTAGRAM\nhttp://www.instagram.com/y.zzu\n\n* 비즈니스 문의\nduswnk1002@naver.com\n\n* 자막 (subtitles)\nhttp://www.youtube.com/timedtext_cs_panel?tab=2&c=UCjypzyxU_p0_0ElbWSi8QQw\n\n* 멤버십 가입\nhttps://www.youtube.com/channel/UCjypzyxU_p0_0ElbWSi8QQw/join\n\n\n※ASMR이란?\n심리적 안정을 유도하는 영상입니다.\n힐링을 원하는 청취자들에게 안정감을 주고,불면증에 도움이 됩니다.",
        "thumbnail": "https://i.ytimg.com/vi/4wF16fO6ZCQ/mqdefault.jpg",
        "youtubeVideoId": "4wF16fO6ZCQ",
        "uploadedDate": "2020-11-23T12:07:19Z",
        "viewCount": 736633,
        "isCommercial": "False"
    },
    {
        "id": "f5bce4fc-c890-4d09-8354-5ff2bfb9cf9a",
        "title": "ASMR 별건 아니고 그냥 끈적한 손으로 너 귀 만지면 어떨까 하는 그런 생각에 해봤는데 좀 별로인듯 Sticky Sounds NOTALKING",
        "description": "ASMR 별건 아니고 그냥 끈적한 손으로 너 귀 만지면 어떨까 하는 그런 생각에 해봤는데 좀 별로인듯.. Sticky Sounds NOTALKING\n\n\n촬영하려고 찍은게 아니라... 소리 이것저것 내보고 연구하다 찍은거라\n머리는 산발, 얼굴도 엉망인데.. 소리가 꽤 좋아서 이래저래 편집해 올려봐요.\n\nI didn't take it to film it. I've been studying this and that.\nShe's got messy hair. She's a messes. The sound is pretty good, so edit it and upload it.\n\n\n•제가 팀원으로 함께하는 만들기 채널 많은 사랑과 구독과 좋아요와 댓글 부탁드립니다 !\nPlease subscribe to yeonchu’s make-up channel as a team member.\nhttps://www.youtube.com/channel/UCCS8nxHUyUG8KuttHmOht8w\n\n•인스타그램 팔로우를 하시면 연츄의 셀카와 일상을 더욱 더 친근하게 보고 소통 할 수 있어요.\nInstargram follow me\nhttp://www.instagram.com/y.zzu\n\n\n\n* 일상채널\nhttps://www.youtube.com/channel/UCbhbaBMBCIJRT0PPxsYrbhw\n\n* INSTAGRAM\nhttp://www.instagram.com/y.zzu\n\n* 비즈니스 문의\nduswnk1002@naver.com\n\n* 자막 (subtitles)\nhttp://www.youtube.com/timedtext_cs_panel?tab=2&c=UCjypzyxU_p0_0ElbWSi8QQw\n\n* 멤버십 가입\nhttps://www.youtube.com/channel/UCjypzyxU_p0_0ElbWSi8QQw/join\n\n\n※ASMR이란?\n심리적 안정을 유도하는 영상입니다.\n힐링을 원하는 청취자들에게 안정감을 주고,불면증에 도움이 됩니다.",
        "thumbnail": "https://i.ytimg.com/vi/72vA19rp7II/mqdefault.jpg",
        "youtubeVideoId": "72vA19rp7II",
        "uploadedDate": "2020-11-23T12:06:56Z",
        "viewCount": 117942,
        "isCommercial": "False"
    },
    {
        "id": "beb5c068-d318-4293-90af-f7073be775c5",
        "title": "ASMR 53가지 소리로 7분만에 잠들기│53Triggers in 7Minutes",
        "description": "ASMR 53가지 소리로 7분만에 잠들기│53Triggers in 7Minutes\n\n* 일상채널\nhttps://www.youtube.com/channel/UCbhbaBMBCIJRT0PPxsYrbhw\n\n* INSTAGRAM\nhttp://www.instagram.com/y.zzu\n\n* 비즈니스 문의\nduswnk1002@naver.com\n\n* 자막 (subtitles)\nhttp://www.youtube.com/timedtext_cs_panel?tab=2&c=UCjypzyxU_p0_0ElbWSi8QQw\n\n* 멤버십 가입\nhttps://www.youtube.com/channel/UCjypzyxU_p0_0ElbWSi8QQw/join\n\n\n※ASMR이란?\n심리적 안정을 유도하는 영상입니다.\n힐링을 원하는 청취자들에게 안정감을 주고,불면증에 도움이 됩니다.",
        "thumbnail": "https://i.ytimg.com/vi/d2h0sv56uXQ/mqdefault.jpg",
        "youtubeVideoId": "d2h0sv56uXQ",
        "uploadedDate": "2020-11-12T12:19:37Z",
        "viewCount": 256733,
        "isCommercial": "False"
    }
]