[
    {
        "id": "6269fd2f-1fe0-4f3c-bd95-302af7220d5a",
        "title": "제가.. 2년만에 공포게임을 해 봤는데요.. [그림자복도]#1",
        "description": "(NEW) 굿즈샵 : https://bit.ly/2Gbh56z\n생방송 : twitch.tv/tinkerblond\n비즈니스 이메일 : tinkerblond@naver.com\n팬카페 : cafe.naver.com/dbevent \n인스타그램 : instagram.com/dubbinglady",
        "thumbnail": "https://i.ytimg.com/vi/K_bwASHUYJs/mqdefault.jpg",
        "youtubeVideoId": "K_bwASHUYJs",
        "uploadedDate": "2020-09-06T10:56:00Z",
        "viewCount": 10124,
        "isCommercial": "False"
    },
    {
        "id": "2675075e-dbfd-4966-b6b0-76dc6b012952",
        "title": "멘탈 제대로 털렸습니다..^^ [그림자복도] #2",
        "description": "(NEW) 굿즈샵 : https://bit.ly/2Gbh56z\n생방송 : twitch.tv/tinkerblond\n비즈니스 이메일 : tinkerblond@naver.com\n팬카페 : cafe.naver.com/dbevent \n인스타그램 : instagram.com/dubbinglady",
        "thumbnail": "https://i.ytimg.com/vi/h0YyfN2zG9M/mqdefault.jpg",
        "youtubeVideoId": "h0YyfN2zG9M",
        "uploadedDate": "2020-09-06T10:56:00Z",
        "viewCount": 5852,
        "isCommercial": "False"
    },
    {
        "id": "bb2df847-038f-4384-82f9-7247063d67dd",
        "title": "다시는 공포게임을 하지 않겠습니다 ㅜㅜ [그림자복도] #3",
        "description": "(NEW) 굿즈샵 : https://bit.ly/2Gbh56z\n생방송 : twitch.tv/tinkerblond\n비즈니스 이메일 : tinkerblond@naver.com\n팬카페 : cafe.naver.com/dbevent \n인스타그램 : instagram.com/dubbinglady",
        "thumbnail": "https://i.ytimg.com/vi/dgyVrxOy5F0/mqdefault.jpg",
        "youtubeVideoId": "dgyVrxOy5F0",
        "uploadedDate": "2020-09-06T10:56:00Z",
        "viewCount": 7945,
        "isCommercial": "False"
    },
    {
        "id": "6f727627-f389-4801-b205-5f9a4f9610f4",
        "title": "무서운 건 안 나오고 그냥 더레가 즙 짜는 영상",
        "description": "무서워서 광광 우럭따리 우럭따 하면서 우럿서",
        "thumbnail": "https://i.ytimg.com/vi/79BLcrJ9xJc/mqdefault.jpg",
        "youtubeVideoId": "79BLcrJ9xJc",
        "uploadedDate": "2020-09-06T11:19:00Z",
        "viewCount": 12135,
        "isCommercial": "False"
    },
    {
        "id": "b2c9bb34-b237-4f6b-8c2c-b7d9a8120a76",
        "title": "어휴 ~ 공포게임 뭐 그까짓 거 ~ ^^",
        "description": "(NEW) 굿즈샵 : https://bit.ly/2Gbh56z\n생방송 : http://bj.afreecatv.com/tinkerblond\n비즈니스 이메일 : tinkerblond@naver.com\n팬카페 : cafe.naver.com/dbevent \n인스타그램 : instagram.com/dubbinglady",
        "thumbnail": "https://i.ytimg.com/vi/8iAT_-mq6sU/mqdefault.jpg",
        "youtubeVideoId": "8iAT_-mq6sU",
        "uploadedDate": "2021-05-09T16:18:11Z",
        "viewCount": 13596,
        "isCommercial": "False"
    },
    {
        "id": "a25da88a-f082-4f9d-af6d-9043075ca730",
        "title": "'8분동안 놀라기만 하는 영상'",
        "description": "〓〓〓〓〓〓〓〓〓〓〓〓〓〓〓〓〓〓〓〓〓〓〓〓〓〓〓〓〓〓\n더빙레이디 채널 구독❤ 좋아요👍 알림설정🔔 해 주실거죠~? 👀💕\n〓〓〓〓〓〓〓〓〓〓〓〓〓〓〓〓〓〓〓〓〓〓〓〓〓〓〓〓〓〓\n❤ 생방송 : https://www.twitch.tv/tinkerblond\n❤ 인스타 : https://www.instagram.com/dubbinglady\n❤ 페이스북 :  https://www.facebook.com/tinkerblond\n❤ 팬카페 : https://cafe.naver.com/dbevent\n❤ 굿즈샵 : https://bit.ly/31pqtxP\n❤ 이메일 : tinkerblond@naver.com\n〓〓〓〓〓〓〓〓〓〓〓〓〓〓〓〓〓〓〓〓〓〓〓〓〓〓〓〓〓〓\n본 음성은 인공지능 성우 서비스 타입캐스트에서 제작되었습니다. \n인공지능 성우 아봉 https://typecast.ai\n🎵Music provided by 브금대통령\n🎵Track\n조별과제 - https://www.youtube.com/watch?v=wLuWmPrJkSk\n그 빵은 내꺼야 - https://www.youtube.com/watch?v=Jyh4ETOLIhQ\n#아오오니 #쯔꾸르 #공포게임",
        "thumbnail": "https://i.ytimg.com/vi/Nz0Pz7Lb-8M/mqdefault.jpg",
        "youtubeVideoId": "Nz0Pz7Lb-8M",
        "uploadedDate": "2021-10-02T08:46:36Z",
        "viewCount": 1218,
        "isCommercial": "False"
    },
    {
        "id": "3ab05e69-c7e0-4f69-a258-addf44268101",
        "title": "얀데레 여고생이 하염없이 쫓아다니는 게임 [사이코노 스토커]",
        "description": "〓〓〓〓〓〓〓〓〓〓〓〓〓〓〓〓〓〓〓〓〓〓〓〓〓〓〓〓〓〓\n더빙레이디 채널 구독❤ 좋아요👍 알림설정🔔 해 주실거죠~? 👀💕\n〓〓〓〓〓〓〓〓〓〓〓〓〓〓〓〓〓〓〓〓〓〓〓〓〓〓〓〓〓〓\n❤ 생방송 : https://www.twitch.tv/tinkerblond\n❤ 인스타 : https://www.instagram.com/dubbinglady\n❤ 페이스북 :  https://www.facebook.com/tinkerblond\n❤ 팬카페 : https://cafe.naver.com/dbevent\n❤ 굿즈샵 : https://bit.ly/31pqtxP\n❤ 이메일 : tinkerblond@naver.com\n본 음성은 인공지능 성우 서비스 타입캐스트에서 제작되었습니다. \n인공지능 성우 파캉 https://typecast.ai\n〓〓〓〓〓〓〓〓〓〓〓〓〓〓〓〓〓〓〓〓〓〓〓〓〓〓〓〓〓〓",
        "thumbnail": "https://i.ytimg.com/vi/pNt0UAuOmzQ/mqdefault.jpg",
        "youtubeVideoId": "pNt0UAuOmzQ",
        "uploadedDate": "2021-10-06T03:42:24Z",
        "viewCount": 1398,
        "isCommercial": "False"
    }
]