[
    {
        "id": "851ae6c0-48f5-4c59-8469-76a0f0bb261b",
        "title": "얼마 날렸지...🥺 쇼핑몰 망한 썰 풀면서 같이 준비해요(+메이크업TIP) 겟레디윗미 GRWM",
        "description": "✨𝐈𝐧𝐬𝐭𝐚𝐠𝐫𝐚𝐦 • https://www.instagram.com/somz_zi/\n𝐂𝐨𝐧𝐭𝐚𝐜𝐭 • ds02_28@naver.com \n\n⎽⎽⎽\n\n안녕 얘들아 랜선언니 솜찌야 \n2년전 운영했던 쇼핑몰 솜데이 망한썰...풀면서 \n겟레디윗미 해봤어 오늘도 즐감 ♡\n\n⎽⎽⎽\n\n✨쿠션 \n에스쁘아 프로테일러 비글로우 쿠션 올뉴 페탈 \n\n✨쉐도우 \n에뛰드 하우스 플레이 컬러 아이즈 #2코랄블라썸\n치카앤치코 원샷 아이 팔레트 #사르르 모래감성 \n\n✨쉐딩 \n투쿨포스쿨 아트클래스 바이로댕 쉐딩 \n\n✨블러셔 \n롬앤 베러 댄 치크 05 체리칩 \n\n✨립 \n포렌코즈 매투틴트 04  오마주\n\n✨브로우 마스카라\n릴리바이레드 스키니 매스 브로우 03 다크브라운\n\n✨아이라인 \n키스미 히로인 메이크스무스 02\n머지 더 퍼스트 젤아이라이너 소프트브라운 \n\n✨하이라이터 \n클리오 프리즘 01  크림 피즈",
        "thumbnail": "https://i.ytimg.com/vi/QCSyhD5S-bY/mqdefault.jpg",
        "youtubeVideoId": "QCSyhD5S-bY",
        "uploadedDate": "2022-04-04T10:13:56Z",
        "viewCount": 7746,
        "isCommercial": "False"
    },
    {
        "id": "ccf0c735-a83d-4d91-a0e1-d5a07316b89a",
        "title": "일반인이 요즘 핫하다는🔥 배우 프로필 사진을 찍어보았습니다",
        "description": "일반인이 요즘 핫하다는🔥 배우 프로필 사진을 찍어보았습니다\n\n#배우프로필 #프로필촬영\n――――――――――――――\n💌 인스타 :  https://www.instagram.com/somz_zi/\n💌 메일 :  ds02_28@naver.com \n――――――――――――――\n안녕 애들아 랜선언니 솜찌야 \n바디프로필도 찍어봤겠다,,,\n배우프로필 사진도 덜컥 찍어봄\nㅋㅋㅋㅋㅋㅋㅋㅋㅋㅋㅋㅋㅋㅋㅋ\n\n내돈내산 촬영!\nphoto by @leekyunghyun_",
        "thumbnail": "https://i.ytimg.com/vi/NnKlEAt2WXU/mqdefault.jpg",
        "youtubeVideoId": "NnKlEAt2WXU",
        "uploadedDate": "2022-04-05T02:23:00Z",
        "viewCount": 11978,
        "isCommercial": "False"
    },
    {
        "id": "bf7e2625-9e16-4036-aa8f-b2fb8689241e",
        "title": "티 안나게 야금야금 예뻐진 비결 풉니다(성형X)",
        "description": "𝐈𝐧𝐬𝐭𝐚𝐠𝐫𝐚𝐦 • https://www.instagram.com/somz_zi/\n𝐂𝐨𝐧𝐭𝐚𝐜𝐭 • ds02_28@naver.com\n\n안녕 애들아 랜선언니 솜찌야!\n얼굴이 좋아졌단(?) 댓글이 부쩍 많길래 \n1~2년동안 무슨일이 있었던거지 고민해봤는데 \n몇가지 이유가 있더라고!!!! \n\n궁금하지유?오늘도 즐감♡\n\n0:00 인트로\n0:42 첫번째\n2:54 두번째 \n5:00 세번째 \n5:56 네번째 \n7:10 다섯번째",
        "thumbnail": "https://i.ytimg.com/vi/T4ZnGOOeFUo/mqdefault.jpg",
        "youtubeVideoId": "T4ZnGOOeFUo",
        "uploadedDate": "2022-04-05T02:23:29Z",
        "viewCount": 7917,
        "isCommercial": "False"
    },
    {
        "id": "0bd15ea1-035c-4b68-bbc0-d3353619567f",
        "title": "데일리 메이크업 daily makeup",
        "description": "데일리 메이크업 daily makeup\n――――――――――――――\n💜 인스타 :  https://www.instagram.com/somz_zi/\n💜 메일 :  ds02_28@naver.com \n――――――――――――――\n*컨셉상 반말 하는 점 양해 부탁드립니다!\n\n안녕 애두라~~!~~~~ 랜선언니 솜찌야\n오늘은 많은...동생들이 요청했던^^!!!\n델리 메이크업 영상을 한번 찍어보았는데...\n너무 놀래지말고 굳이 따라하지말고 편안한 맘으로 봐주라^^!!! \n――――――――――――――\n🌙 쿠션 - 클리오 킬커버 컨실쿠션 02란제리 \n🌙 쉐딩 - 투쿨포스쿨 아트클래스 바이로댕 쉐이딩 \n🌙 아이 - (지워짐)더블이펙트 워터프루프 아이펜슬 03시나몬 모카\n                  미샤 트리플 섀도우 9호 오렌지 퍼레 드 \n                  에뛰드하우스 오마이라인 03호 오마이 브라운\n🌙 마스카라 - 페리페라 잉크컬러카라 02 블랙에스 레소         \n🌙 하이라이트 - 토니모리 루미너스 여신광채 크리스탈 라이트 01 핑크글램 \n🌙 립 - 페리페라 잉크더 에어리 벨벳스틱 사복여신 \n              입생로랑 더슬림 13호 \n🌙 볼터치 - 롬앤 베러 댄 치크 01 텐저린칩\n\n\n*snow 앱을 사용하였습니다",
        "thumbnail": "https://i.ytimg.com/vi/61WzFlHEf-k/mqdefault.jpg",
        "youtubeVideoId": "61WzFlHEf-k",
        "uploadedDate": "2022-04-10T02:36:43Z",
        "viewCount": 5313,
        "isCommercial": "False"
    },
    {
        "id": "7491e3a9-747d-45a8-85d6-3ae70107aefc",
        "title": "성형, 시술 없이 내가 예뻐진 비결",
        "description": "#노성형 #예뻐진비결 \n――――――――――――――\n💜 인스타 :  https://www.instagram.com/somz_zi/\n💜 메일 :  ds02_28@naver.com \n――――――――――――――\n안녕 애들아 랜선언니 솜찌야\n오늘은 많은 구독자분들이 물어봤던 \n대체... 어떻게 예뻐진건지.. (물론 과거에 비해^^;)에 대해 \n영상을 한번 찍어봤는데 과거사진, 영상 찾아보는 내내\n와... 진짜 이뻐지긴 했다 이생각 든다 ㅋㅋㅋㅋㅋㅋㅋㅋㅋㅋ\n\n무튼 내가 예뻐진 비결....은 이랬어...ㅎㅎㅎㅎ",
        "thumbnail": "https://i.ytimg.com/vi/nQAIWKaScyo/mqdefault.jpg",
        "youtubeVideoId": "nQAIWKaScyo",
        "uploadedDate": "2022-04-10T02:37:09Z",
        "viewCount": 34213,
        "isCommercial": "False"
    },
    {
        "id": "66a95e40-0221-4bb0-8a79-2b68d9077191",
        "title": "성형효과 치아교정? 투명교정 솔직후기🦷Q&A(얼굴형 변화, 통증, 장단점 등)",
        "description": "𝐈𝐧𝐬𝐭𝐚𝐠𝐫𝐚𝐦 • https://www.instagram.com/somz_zi/\n𝐂𝐨𝐧𝐭𝐚𝐜𝐭 • ds02_28@naver.com \n\n*랜선언니 컨셉으로 반말을 사용하는 점 양해 부탁드립니다* \n\n안녕 얘들아 랜선언니 솜찌야!\n인비절라인 투명 교정을 시작한지 2년...드디어 교정이 끝나서\n그동안 질문 많이 받았던 것들 싹!~~~~~~~~모아서 \n교정 끝난 기념 QnA 영상을 준비했오 \n\n병원 정보 필요한 사람은 슬~쩍 인스타 DM 주면 알려줄게! \n@somz_zi \n\n---\n\n✨ 𝐓𝐈𝐌𝐄𝐋𝐈𝐍𝐄\n\n0:00 구독&알람설정♡\n0:22 비포&에프터 \n1:13 교정 계기 \n1:56 좋은 병원 고르는법\n2:52 교정의 종류\n3:20 투명 교정 과정 \n4:06 교정 기간 \n4:58 치과 방문 횟수\n5:26 발치 여부 \n6:01 교정의 장단점 \n7:20 못 먹는 음식?\n7:26 부작용&통증?\n7:52 교정 후 유지장치 \n8:57 교정 솔직 후기",
        "thumbnail": "https://i.ytimg.com/vi/VVY6wzHjdZM/mqdefault.jpg",
        "youtubeVideoId": "VVY6wzHjdZM",
        "uploadedDate": "2022-07-19T05:17:00Z",
        "viewCount": 1556,
        "isCommercial": "False"
    }
]