[
    {
        "id": "050802f7-82af-4c71-8a7a-b14321673e35",
        "title": "엔더 드래곤을 조종해서 램박사를 무찌르다!! 좀비킹 상황극 마지막 화 [마인크래프트 좀비킹 상황극] Minecraft zombie mod - 쫀득",
        "description": "아프리카 주소 ㄱ\nafreeca.com/azsxdcff\n생방 5시반, 11시반",
        "thumbnail": "https://i.ytimg.com/vi/50sqJoJsR64/mqdefault.jpg",
        "youtubeVideoId": "50sqJoJsR64",
        "uploadedDate": "2017-02-08T17:18:08Z",
        "viewCount": 0,
        "isCommercial": "False"
    },
    {
        "id": "3876dfba-c9eb-4ef8-9a79-6ebcd965cecd",
        "title": "위더 10마리가 한방에 죽었다..!!?? 램박사의 초강력 무기!! 좀비킹 상황극 7편 [마인크래프트 좀비킹 상황극] Minecraft zombie mod - 쫀득",
        "description": "아프리카 주소 ㄱ\nafreeca.com/azsxdcff\n생방 5시반, 11시반",
        "thumbnail": "https://i.ytimg.com/vi/W27KBIxJEVE/mqdefault.jpg",
        "youtubeVideoId": "W27KBIxJEVE",
        "uploadedDate": "2017-02-02T18:10:50Z",
        "viewCount": 0,
        "isCommercial": "False"
    },
    {
        "id": "d219b8b3-7b9e-4df3-b4d3-580f0c1a40d7",
        "title": "위더 10마리를 동시에 소환!? 램박사를 무찔러라!! 좀비킹 상황극 6편 [마인크래프트 좀비킹 상황극] Minecraft zombie mod - 쫀득",
        "description": "아프리카 주소 ㄱ\nafreeca.com/azsxdcff\n생방 5시반, 11시반",
        "thumbnail": "https://i.ytimg.com/vi/VvIzEhIPP-8/mqdefault.jpg",
        "youtubeVideoId": "VvIzEhIPP-8",
        "uploadedDate": "2017-01-30T05:30:09Z",
        "viewCount": 0,
        "isCommercial": "False"
    },
    {
        "id": "7bcdc881-1237-4236-a437-36e45a185593",
        "title": "위더를 내 마음대로!? 위더 소환!!!!!!! 좀비킹 상황극 5편 [마인크래프트 좀비킹 상황극] Minecraft zombie mod - 쫀득",
        "description": "아프리카 주소 ㄱ\nafreeca.com/azsxdcff\n생방 5시반, 11시반",
        "thumbnail": "https://i.ytimg.com/vi/ThVfcKmi7ew/mqdefault.jpg",
        "youtubeVideoId": "ThVfcKmi7ew",
        "uploadedDate": "2017-01-30T05:29:32Z",
        "viewCount": 0,
        "isCommercial": "False"
    },
    {
        "id": "19a85693-61f4-4471-a210-f66414e783db",
        "title": "슬라임과 슬라임을 합쳐서 초오오거대 슬라임킹을 만들다!? 좀비킹 상황극 4편 [마인크래프트 좀비킹 상황극] Minecraft zombie mod - 쫀득",
        "description": "아프리카 주소 ㄱ\nafreeca.com/azsxdcff\n생방 5시반, 11시반",
        "thumbnail": "https://i.ytimg.com/vi/sbHYogdDiwY/mqdefault.jpg",
        "youtubeVideoId": "sbHYogdDiwY",
        "uploadedDate": "2017-01-13T00:26:47Z",
        "viewCount": 0,
        "isCommercial": "False"
    },
    {
        "id": "ebac92a6-62fc-4404-b7ca-df27bc7ed2dc",
        "title": "가스트의 눈물로 가스트를 만들고 조종한다!? 좀비킹 상황극 3편 [마인크래프트 좀비킹 상황극] Minecraft zombie mod - 쫀득",
        "description": "아프리카 주소 ㄱ\nafreeca.com/azsxdcff\n생방 5시반, 11시반",
        "thumbnail": "https://i.ytimg.com/vi/icBbBsa5LGo/mqdefault.jpg",
        "youtubeVideoId": "icBbBsa5LGo",
        "uploadedDate": "2017-01-06T00:32:49Z",
        "viewCount": 0,
        "isCommercial": "False"
    },
    {
        "id": "8f04ae46-3a13-4d93-b5e2-a4ee5ae164fa",
        "title": "뭐?? 자이언트 좀비를 조종한다고!?!? 좀비킹 상황극 2편 [마인크래프트 좀비킹 상황극] Minecraft zombie mod - 쫀득",
        "description": "아프리카 주소 ㄱ\nafreeca.com/azsxdcff\n생방 5시반, 11시반",
        "thumbnail": "https://i.ytimg.com/vi/KhA4g7EN9bY/mqdefault.jpg",
        "youtubeVideoId": "KhA4g7EN9bY",
        "uploadedDate": "2017-01-02T17:31:32Z",
        "viewCount": 0,
        "isCommercial": "False"
    },
    {
        "id": "525d3a6b-2c2e-42cf-a731-77db717ce52d",
        "title": "좀비 주사를 맞아 좀비를 조종하는 좀비들의 왕이 되었다!! 좀비킹 상황극 1편 [마인크래프트 좀비킹 상황극] Minecraft zombie mod - 쫀득",
        "description": "아프리카 주소 ㄱ\nafreeca.com/azsxdcff\n생방 5시반, 11시반",
        "thumbnail": "https://i.ytimg.com/vi/LIpMwAa4c8g/mqdefault.jpg",
        "youtubeVideoId": "LIpMwAa4c8g",
        "uploadedDate": "2017-01-02T17:31:32Z",
        "viewCount": 0,
        "isCommercial": "False"
    }
]