[
    {
        "id": "34679103-5e87-457e-b719-a5021b6334c4",
        "title": "정 떨어지게 만들기 쉽지않음",
        "description": "감동실화 그자체\n\n◇비즈니스 문의 : biz@treasurehunter.co.kr\n\n◆우정잉 팬카페 http://cafe.daum.net/ingsfriend\n◆트위치 생방송 https://www.twitch.tv/nanajam777 \n◆인스타그램 https://www.instagram.com/friendshiping94\n\n\n22.09.17 토요일 방송분입니다.\n#곽튜브 #이상형월드컵 #연애\n\n음원출처 브금대통령:\nhttps://www.youtube.com/user/GwooA",
        "thumbnail": "https://i.ytimg.com/vi/zzuWxfE3bhU/mqdefault.jpg",
        "youtubeVideoId": "zzuWxfE3bhU",
        "uploadedDate": "2022-09-24T02:16:24Z",
        "viewCount": 181202,
        "isCommercial": "False"
    },
    {
        "id": "acbb8545-5aab-4ff5-9c58-8b9027200413",
        "title": "오늘이 고백데이라고?..",
        "description": "곽튜브의 붐은 오는가..\n\n◇비즈니스 문의 : biz@treasurehunter.co.kr\n\n◆우정잉 팬카페 http://cafe.daum.net/ingsfriend\n◆트위치 생방송 https://www.twitch.tv/nanajam777 \n◆인스타그램 https://www.instagram.com/friendshiping94\n\n\n22.09.17 토요일 방송분입니다.\n#곽튜브 #고백 #연애상담\n\n음원출처 브금대통령:\nhttps://www.youtube.com/user/GwooA",
        "thumbnail": "https://i.ytimg.com/vi/T_MhbA4T2nA/mqdefault.jpg",
        "youtubeVideoId": "T_MhbA4T2nA",
        "uploadedDate": "2022-09-23T09:41:48Z",
        "viewCount": 153310,
        "isCommercial": "False"
    },
    {
        "id": "90cd5ed6-6a50-492e-85d1-4ce52c17a3aa",
        "title": "찐따, 그녀와 부산 캠핑카에서 1박 2일 여행(下)",
        "description": "이번 영상은 '설로인'의 유료광고를 포함하고 있습니다.\n\n설로인과 일상 속 특별한 경험을 만들어 보세요! 고백하고 싶을 땐 설로인과..\n혜택)\n- 첫 구매 5만원 이상 구매시 2만원 할인!\n- 신규 혜택 마일리지 12,000원 지급\n- 곽튜브 전용 쿠폰 8,000원 (5만원 이상 구매시) / 쿠폰 코드 : KWAKTUBE (대문자)\n- 기간 : ~10/31(발급일 7일 이내 사용 가능)\n- https://bit.ly/3CdYX7F\n\n우정잉과의 국내여행을 \n마지막 제 고향인 부산에서 마쳤습니다.\n행복해서 죄송했고\n해외영상으로 찾아뵙겠습니다.\n감사합니다.\n\n-------------------------------------------------------------------------------\ninsta : @jbkwak\nmail : kwaktube@sandboxnetwork.net\n촬영장비 : 고프로 히어로 10 블랙\n편집 : 맥북프로 16인치, 파이널컷 X\n음원 : Epidemic sound&Artlist",
        "thumbnail": "https://i.ytimg.com/vi/vZ5y29s-oSk/mqdefault.jpg",
        "youtubeVideoId": "vZ5y29s-oSk",
        "uploadedDate": "2022-10-06T12:08:50Z",
        "viewCount": 1386582,
        "isCommercial": "True"
    },
    {
        "id": "db9cd0fe-5019-46ce-a08d-4b8aaa10cfd5",
        "title": "찐따, 그녀의 고향에 1박2일 초대받다(中)",
        "description": "안녕하세요\n지난편과 이어 스트리머 우정잉님과\n대구 여행을 했습니다.\n행복해서 죄송합니다.\n\n\n-------------------------------------------------------------------------------\ninsta : @jbkwak\nmail : kwaktube@sandboxnetwork.net\n촬영장비 : 고프로 히어로 10 블랙\n편집 : 맥북프로 16인치, 파이널컷 X\n음원 : Epidemic sound&Artlist",
        "thumbnail": "https://i.ytimg.com/vi/y3dQScXd-rU/mqdefault.jpg",
        "youtubeVideoId": "y3dQScXd-rU",
        "uploadedDate": "2022-09-29T00:37:37Z",
        "viewCount": 522406,
        "isCommercial": "False"
    },
    {
        "id": "7d3ff072-166e-4c81-b50a-14817d85d111",
        "title": "찐따, 외딴 섬에 그녀와 1박2일 캠핑을 가다(上)",
        "description": "안녕하세요\n스트리머 우정잉과 \n일본에 다녀오자마자\n인천의 장봉도에 캠핑을 다녀왔습니다.\n행복해서 죄송합니다.\n감사합니다.\n\n-------------------------------------------------------------------------------\ninsta : @jbkwak\nmail : kwaktube@sandboxnetwork.net\n촬영장비 : 고프로 히어로 10 블랙\n편집 : 맥북프로 16인치, 파이널컷 X\n음원 : Epidemic sound&Artlist",
        "thumbnail": "https://i.ytimg.com/vi/VewmZ86IEQU/mqdefault.jpg",
        "youtubeVideoId": "VewmZ86IEQU",
        "uploadedDate": "2022-09-24T02:17:07Z",
        "viewCount": 444198,
        "isCommercial": "False"
    },
    {
        "id": "5c22234d-40b6-4050-9cd0-60fcc16c403c",
        "title": "gjf; 곽튜브 진짜 나 좋아함?;;",
        "description": "표정이 왜그래? 언제는 쓰레기도 먹을 수 있다며...\n\n\n※ 우정분식 출연자 모집 당첨 발표\n당첨자분들에게는 신청 양식에 기재해주신 연락처로 개별 문자 드렸습니다!\n많은 분들을 초대하지 못해 죄송하다는 말씀 전하며\n지원해주신 모든 잉친이 분들 감사드립니다!    - 잉TF -\n\n◇비즈니스 문의 : biz@treasurehunter.co.kr\n\n◆우정잉 팬카페 http://cafe.daum.net/ingsfriend\n◆트위치 생방송 https://www.twitch.tv/nanajam777 \n◆인스타그램 https://www.instagram.com/friendshiping94\n\n\n#우정잉 #곽튜브 #우정분식",
        "thumbnail": "https://i.ytimg.com/vi/f75QcIcVNng/mqdefault.jpg",
        "youtubeVideoId": "f75QcIcVNng",
        "uploadedDate": "2022-09-09T04:49:49Z",
        "viewCount": 84872,
        "isCommercial": "False"
    },
    {
        "id": "2704ab92-599b-4af3-a4cd-7561bec2f81e",
        "title": "꽤나 그럴듯하게 성장한 방구석 야랄꾼 | tvN 웹드라마 출연 브이로그",
        "description": "6월 27일날 tvN D ENT 유튜브 채널에 올라오니까 많이많이 봐줘!\n\n◇비즈니스 문의 : biz@treasurehunter.co.kr\n\n◆우정잉 팬카페 http://cafe.daum.net/ingsfriend\n◆트위치 생방송 https://www.twitch.tv/nanajam777 \n◆인스타그램 https://www.instagram.com/friendshiping94\n\n#웹드라마 #연기 #브이로그\n\n음원출처 브금대통령:\nhttps://www.youtube.com/user/GwooA",
        "thumbnail": "https://i.ytimg.com/vi/5kn_UAs2RlY/mqdefault.jpg",
        "youtubeVideoId": "5kn_UAs2RlY",
        "uploadedDate": "2022-09-09T04:49:55Z",
        "viewCount": 50912,
        "isCommercial": "False"
    },
    {
        "id": "46bbb08c-dd7f-4c6f-9bf9-03cb4ce1383f",
        "title": "철벽녀가 순정남과 여행을 떠나면 벌어지는 일",
        "description": "싸울~\n\n◇비즈니스 문의 : biz@treasurehunter.co.kr\n\n◆우정잉 팬카페 http://cafe.daum.net/ingsfriend\n◆트위치 생방송 https://www.twitch.tv/nanajam777 \n◆인스타그램 https://www.instagram.com/friendshiping94\n\n\n22.06.15 수요일 방송분입니다.\n#곽튜브 #여행 #마젠타\n\n음원출처 브금대통령:\nhttps://www.youtube.com/user/GwooA",
        "thumbnail": "https://i.ytimg.com/vi/C1s6S1dyBFY/mqdefault.jpg",
        "youtubeVideoId": "C1s6S1dyBFY",
        "uploadedDate": "2022-09-09T04:49:36Z",
        "viewCount": 63255,
        "isCommercial": "False"
    },
    {
        "id": "fa75291e-22e4-4be2-b739-3acb71140602",
        "title": "열 번 찍어 안 넘어가는 나무",
        "description": "내일 올라올 2편도 기대해줘!\n\n\n◇비즈니스 문의 : biz@treasurehunter.co.kr\n\n◆우정잉 팬카페 http://cafe.daum.net/ingsfriend\n◆트위치 생방송 https://www.twitch.tv/nanajam777 \n◆인스타그램 https://www.instagram.com/friendshiping94\n\n\n22.08.27 토요일 방송분입니다.\n#곽튜브 #여사친 #데이트\n\n음원출처 브금대통령:\nhttps://www.youtube.com/user/GwooA",
        "thumbnail": "https://i.ytimg.com/vi/DGJ4DILi73k/mqdefault.jpg",
        "youtubeVideoId": "DGJ4DILi73k",
        "uploadedDate": "2022-09-09T04:49:52Z",
        "viewCount": 161597,
        "isCommercial": "False"
    },
    {
        "id": "25031690-e28b-4d70-801f-283af183b307",
        "title": "열애설? 해명할게요",
        "description": "다음에 또 봬요 준빈님~\n\n◇비즈니스 문의 : biz@treasurehunter.co.kr\n\n◆우정잉 팬카페 http://cafe.daum.net/ingsfriend\n◆트위치 생방송 https://www.twitch.tv/nanajam777 \n◆인스타그램 https://www.instagram.com/friendshiping94\n\n\n22.08.27 토요일 방송분입니다.\n#곽튜브 #여사친 #데이트\n\n음원출처 브금대통령:\nhttps://www.youtube.com/user/GwooA",
        "thumbnail": "https://i.ytimg.com/vi/X1MuZDqkWN4/mqdefault.jpg",
        "youtubeVideoId": "X1MuZDqkWN4",
        "uploadedDate": "2022-09-09T04:49:46Z",
        "viewCount": 136135,
        "isCommercial": "False"
    },
    {
        "id": "8488800e-b1f3-45a5-9b45-55f95f4df59a",
        "title": "찐따남의 가슴 따뜻한 서울 여행기",
        "description": "안녕하세요.\n제가 또 이것저것 하다보니\n연기도전을 하려고 하는데\n마침 또 원래 팬이던 우정잉님을\n알게되어 서울 여행을 하였습니다.\n언행말고 코스만 참고 바랍니다.\n감사합니다.\n\n-------------------------------------------------------------------------------\ninsta : @jbkwak\nmail : wnsqls3@gmail.com\n촬영장비 : 고프로 히어로 10 블랙\n편집 : 맥북프로 16인치, 파이널컷 X\n음원 : Epidemic sound&Artlist",
        "thumbnail": "https://i.ytimg.com/vi/lF866XB7uaQ/mqdefault.jpg",
        "youtubeVideoId": "lF866XB7uaQ",
        "uploadedDate": "2022-09-13T05:59:11Z",
        "viewCount": 360272,
        "isCommercial": "False"
    },
    {
        "id": "17e7aae5-8e76-4bb1-8c99-c793b9c4b742",
        "title": "두 찐따가 스트리머와 1박 2일 여행가면 생기는 일(Feat.여기어때)",
        "description": "안녕하세요.\n여기어때 광고모델 빠니보틀님과\n트위치 스트리머 우정잉, 마젠타님과 여행을 다녀왔습니다.\n웬만하면 저희가 하는 여행스타일은\n지양하시고 그냥 순수재미로 봐주시면\n감사하겠습니다.\n\n-------------------------------------------------------------------------------\ninsta : @jbkwak\nmail : kwaktube@sandboxnetwork.net\n촬영장비 : 고프로 히어로 10 블랙\n편집 : 맥북프로 16인치, 파이널컷 X\n음원 : Epidemic sound&Artlist",
        "thumbnail": "https://i.ytimg.com/vi/HjJ8l3nBKB8/mqdefault.jpg",
        "youtubeVideoId": "HjJ8l3nBKB8",
        "uploadedDate": "2022-09-13T05:59:24Z",
        "viewCount": 1878820,
        "isCommercial": "True"
    }
]