[
    {
        "id": "8c69177a-bdd7-4f69-92c4-1f088bb924a2",
        "title": "🕺🏻 【 이지 두 댄스 (EZ DO DANCE) 】🕺🏻 더빙레이디 Cover",
        "description": "더레의 복근을 가지고 싶어효오오오오오옷~~~~~~~~!!!!!!!!!!!!!!!!!!\n시끄러워~~~~~!!!!!!!!!!!!!!!!!!!!!!!!!!!!!!\n〓〓〓〓〓〓〓〓〓〓〓〓〓〓〓〓〓〓〓〓〓〓〓〓〓〓〓〓〓〓\nillust : 노두기\nvocal : 더빙레이디\nmix : 나츠\npv : 흰냠\nthumbnail design: 밀크라지\nspecial thanks - 퍼즐마니아, wjdtldbf123\n\n❤ 생방송 : https://www.twitch.tv/tinkerblond\n❤ 인스타 : https://www.instagram.com/dubbinglady\n❤ 팬카페 : https://cafe.naver.com/dbevent\n❤ 굿즈샵 : https://shopfanpick.com/dubbinglady/product\n- 광고/출연 등 비즈니스 문의: biz@treasurehunter.co.kr\n〓〓〓〓〓〓〓〓〓〓〓〓〓〓〓〓〓〓〓〓〓〓〓〓〓〓〓〓〓〓\n#이지두댄스 #ezdodance #알렉의복근을가지고싶어요",
        "thumbnail": "https://i.ytimg.com/vi/2WQ0bXnjjYY/mqdefault.jpg",
        "youtubeVideoId": "2WQ0bXnjjYY",
        "uploadedDate": "2022-10-27T10:40:05Z",
        "viewCount": 1266,
        "isCommercial": "False"
    },
    {
        "id": "da8fc06e-8b2f-4512-95e6-0ffe2490a52f",
        "title": "💻【 INTERNET OVERDOSE 】🌙 더빙레이디 Cover",
        "description": "〓〓〓〓〓〓〓〓〓〓〓〓〓〓〓〓〓〓〓〓〓〓〓〓〓〓〓〓〓〓\n더빙레이디 채널 구독❤ 좋아요👍 알림설정🔔 해 주실거죠~? 👀💕\n〓〓〓〓〓〓〓〓〓〓〓〓〓〓〓〓〓〓〓〓〓〓〓〓〓〓〓〓〓〓\n\nOriginal : https://youtu.be/BnkhBwzBqlQ\nMovie : 흰냠\nlylics : 큐에 (https://youtu.be/wnVwG0oivHg)\nVocal : 더빙레이디\nMix : 제티에\nillust : 1116\nThumbnail Design : 흰냠\n〓〓〓〓〓〓〓〓〓〓〓〓〓〓〓〓〓〓〓〓〓〓〓〓〓〓〓〓〓〓",
        "thumbnail": "https://i.ytimg.com/vi/g9Trnl_gMLk/mqdefault.jpg",
        "youtubeVideoId": "g9Trnl_gMLk",
        "uploadedDate": "2022-10-02T08:16:45Z",
        "viewCount": 2732,
        "isCommercial": "False"
    },
    {
        "id": "033a605c-7b6a-4ee4-9fe3-288a2eea1abf",
        "title": "🍋 【 Lemon Squash (レモンスカッシュ) 】 🍋 더빙레이디 COVER",
        "description": "〓〓〓〓〓〓〓〓〓〓〓〓〓〓〓〓〓〓〓〓〓〓〓〓〓〓〓〓〓〓\nOriginal : https://youtu.be/LNYIu5YnY7A\nMusic : めろくる\nMovie : aco\n\nVocal : 더빙레이디\nMix : 제티에\nThumbnail illust : 노두기\nThumbnail Design : 밀크라지\nKorean Lyrics & Subtitles : Reciter(리사이터)\n개사 사용 문의 : https://blog.naver.com/ysw2826/222885466750\n〓〓〓〓〓〓〓〓〓〓〓〓〓〓〓〓〓〓〓〓〓〓〓〓〓〓〓〓〓〓",
        "thumbnail": "https://i.ytimg.com/vi/zoTJBgSu17k/mqdefault.jpg",
        "youtubeVideoId": "zoTJBgSu17k",
        "uploadedDate": "2022-09-27T01:15:19Z",
        "viewCount": 822,
        "isCommercial": "False"
    },
    {
        "id": "a2f83052-1c2b-4cb8-a96a-d94a1da7eb86",
        "title": "【닌자리 방방 (にんじゃりばんばん) 】💜 더빙레이디 COVER",
        "description": "〓〓〓〓〓〓〓〓〓〓〓〓〓〓〓〓〓〓〓〓〓〓〓〓〓〓〓〓〓〓\nMMD : https://www.nicovideo.jp/watch/sm23433245\nMMD 작업 : 블루베리볶음밥P @9370DB1UE\n믹싱 : 제티에 @JetiE_official\nVRM제작 : 미냥 @Minyang_QoQ\n원곡 : 캬리 파뮤파뮤 - 닌자리방방\n보컬 : 더빙레이디\n썸네일 : 밀크라지\n〓〓〓〓〓〓〓〓〓〓〓〓〓〓〓〓〓〓〓〓〓〓〓〓〓〓〓〓〓〓\n#にんじゃりばんばん #닌자리방방 #きゃりーぱみゅぱみゅ",
        "thumbnail": "https://i.ytimg.com/vi/CrY1ryk0l8E/mqdefault.jpg",
        "youtubeVideoId": "CrY1ryk0l8E",
        "uploadedDate": "2022-08-02T11:24:03Z",
        "viewCount": 3038,
        "isCommercial": "False"
    },
    {
        "id": "8a178b2b-00de-47ef-ad46-7eb0519ba509",
        "title": "【 Pluto Edition 】 Storia - kalafina 【 COVER 】",
        "description": "※ 이어폰사용을 권장합니다.\n\n---------------------------------------------------------------------------------\n\n\n\n▶ Vocal - 최홍자, 도롱챠, 마레플로스, 모라라, 비쥬, 빈서아, 무하가, 더빙레이디, 먹체토, 모화린\n\n▶ Mix / Master - N4ML (DREAMSCAPEY)\n▶ Movie / Design - NieR:Neckle\n\n▶ Chorus guide - 비쥬\n\n▶ illust - 무무아이\n\n▶ original - https://www.youtube.com/watch?v=zOYpZrz_eYk&t=0s\n\n---------------------------------------------------------------------------------\n\n\n\n\n\n× Email - hongja1027@gmail.com\n\n× Twitch - https://www.twitch.tv/hongja1027\n\n× Twitter - https://twitter.com/Hongja_xxx\n\n\n\n\n\n---------------------------------------------------------------------------------",
        "thumbnail": "https://i.ytimg.com/vi/-A7Y5WpaMyY/mqdefault.jpg",
        "youtubeVideoId": "-A7Y5WpaMyY",
        "uploadedDate": "2022-07-24T19:44:25Z",
        "viewCount": 11,
        "isCommercial": "False"
    },
    {
        "id": "8a354d6f-8022-42bf-b888-fc0f4fc48733",
        "title": "💛 굿바이 선언 💛 (グッバイ宣言) 한국어 Cover",
        "description": "〓〓〓〓〓〓〓〓〓〓〓〓〓〓〓〓〓〓〓〓〓〓〓〓〓〓〓〓〓〓\n노래 : 더빙레이디\n믹싱 : 히나시스\n영상 : 죠셉\n일러스트 : 두깝\n개사 : 렛시 (https://youtu.be/QsYt22jFI-8)\n〓〓〓〓〓〓〓〓〓〓〓〓〓〓〓〓〓〓〓〓〓〓〓〓〓〓〓〓〓〓\n#더빙레이디 #굿바이선언 #グッバイ宣言",
        "thumbnail": "https://i.ytimg.com/vi/qrZ8Rc-szoI/mqdefault.jpg",
        "youtubeVideoId": "qrZ8Rc-szoI",
        "uploadedDate": "2022-07-15T00:22:31Z",
        "viewCount": 7291,
        "isCommercial": "False"
    },
    {
        "id": "3379048b-8dd6-4f10-a247-ff020c61f6f5",
        "title": "🐬 Summer time 🐬(한국어) COVER BY 침대점령X더빙레이디",
        "description": "〓〓〓〓〓〓〓〓〓〓〓〓〓〓〓〓〓〓〓〓〓〓〓〓〓〓〓〓〓〓\n원곡 : summertime - cinnamons, evening cinema\n일러스트 : 서몽 @SE0M0NG\n믹싱 : 나츠 @ewer77\n영상 : 흰냠 @white_yum\n개사 : 모양 @DearMy13erry [https://youtu.be/vsdsNEol_7w]\n화음가이드 : 비쥬 @Bijouu_official\n보컬 : 침대점령 @june7845 , 더빙레이디\n〓〓〓〓〓〓〓〓〓〓〓〓〓〓〓〓〓〓〓〓〓〓〓〓〓〓〓〓〓〓\n#Summertime #침대점령 #썸머타임",
        "thumbnail": "https://i.ytimg.com/vi/DayV3NA_Dg8/mqdefault.jpg",
        "youtubeVideoId": "DayV3NA_Dg8",
        "uploadedDate": "2022-07-06T15:10:23Z",
        "viewCount": 1,
        "isCommercial": "False"
    },
    {
        "id": "5925b718-932e-4e50-ae52-516ccb0fe237",
        "title": "자자 - 버스안에서 [COVER BY 밍기덕X더빙레이디X무룩]",
        "description": "〓〓〓〓〓〓〓〓〓〓〓〓〓〓〓〓〓〓〓〓〓〓〓〓〓〓〓〓〓〓\n보컬 : 밍기덕&더빙레이디&무룩\n일러스트 : 체리\n믹싱 : 15&JetiE\n영상 : 흰냠\n원곡 : 자자-버스안에서\n〓〓〓〓〓〓〓〓〓〓〓〓〓〓〓〓〓〓〓〓〓〓〓〓〓〓〓〓〓〓\n#버스안에서 #더빙레이디 #자자",
        "thumbnail": "https://i.ytimg.com/vi/3RewIaLs_cc/mqdefault.jpg",
        "youtubeVideoId": "3RewIaLs_cc",
        "uploadedDate": "2022-06-28T12:57:44Z",
        "viewCount": 1262,
        "isCommercial": "False"
    },
    {
        "id": "854b9110-35c8-4ddb-81cc-c1cadaf36636",
        "title": "롤러코스터 - 습관 (Bye bye) [더빙레이디 cover]",
        "description": "〓〓〓〓〓〓〓〓〓〓〓〓〓〓〓〓〓〓〓〓〓〓〓〓〓〓〓〓〓〓\n원곡 : 롤러코스터 - 습관 (BYE BYE)\n일러스트 : 도누\n에디팅&믹스 : 히나시스 (Ctrl_Label) (https://bit.ly/3Q7auvS)\n노래&영상 : 더빙레이디\n도움 주신 분들 : 김바드, 깐귤이\n〓〓〓〓〓〓〓〓〓〓〓〓〓〓〓〓〓〓〓〓〓〓〓〓〓〓〓〓〓〓\n#더빙레이디 #습관 #롤러코스터",
        "thumbnail": "https://i.ytimg.com/vi/5rJwhLoP3hg/mqdefault.jpg",
        "youtubeVideoId": "5rJwhLoP3hg",
        "uploadedDate": "2022-06-07T08:07:35Z",
        "viewCount": 2361,
        "isCommercial": "False"
    },
    {
        "id": "4d141778-15f1-4fc5-a68d-59820d245fcd",
        "title": "OHAYO MY NIGHT - 더빙레이디 Cover",
        "description": "〓〓〓〓〓〓〓〓〓〓〓〓〓〓〓〓〓〓〓〓〓〓〓〓〓〓〓〓〓〓\n일러스트 / 로첼리\n믹싱 / 김바드\nINST / 나무형(NamooBro)\nhttps://www.youtube.com/watch?v=tyCAmEwM0P8\n영상 / 죠셉(보라매)\n원곡 / 디핵 - OHAYO MY NIGHT\n〓〓〓〓〓〓〓〓〓〓〓〓〓〓〓〓〓〓〓〓〓〓〓〓〓〓〓〓〓〓",
        "thumbnail": "https://i.ytimg.com/vi/FBh3_9-vHrQ/mqdefault.jpg",
        "youtubeVideoId": "FBh3_9-vHrQ",
        "uploadedDate": "2021-07-29T13:04:18Z",
        "viewCount": 1466,
        "isCommercial": "False"
    },
    {
        "id": "333ec725-808d-4ce1-8e34-1906a0ddea70",
        "title": "제로투 댄스 'Phao - Hai Phut (remix) ' 한국어 Cover",
        "description": "#HaiPhut #제로투 #제로투댄스\n\n믹싱 : 김바드\n영상 : your color\n개사 : 더빙레이디",
        "thumbnail": "https://i.ytimg.com/vi/QV8siD_rsXY/mqdefault.jpg",
        "youtubeVideoId": "QV8siD_rsXY",
        "uploadedDate": "2021-06-14T10:38:13Z",
        "viewCount": 6698,
        "isCommercial": "False"
    },
    {
        "id": "872dc9e2-65bd-4a4c-8dd4-1287123acd6e",
        "title": "모여봐요 동물의 숲 - K.K 아이돌을 불러보았다",
        "description": "〓〓〓〓〓〓〓〓〓〓〓〓〓〓〓〓〓〓〓〓〓〓〓〓〓〓〓〓〓〓\n더빙레이디 채널 구독❤ 좋아요👍 알림설정🔔 해 주실거죠~? 👀💕\n〓〓〓〓〓〓〓〓〓〓〓〓〓〓〓〓〓〓〓〓〓〓〓〓〓〓〓〓〓〓\n❤ 생방송 : https://www.twitch.tv/tinkerblond\n❤ 인스타 : https://www.instagram.com/dubbinglady\n❤ 페이스북 :  https://www.facebook.com/tinkerblond\n❤ 팬카페 : https://cafe.naver.com/dbevent\n❤ 굿즈샵 : http://bitly.kr/c6KxZ9Tv\n❤ 이메일 : tinkerblond@naver.com\n〓〓〓〓〓〓〓〓〓〓〓〓〓〓〓〓〓〓〓〓〓〓〓〓〓〓〓〓〓〓",
        "thumbnail": "https://i.ytimg.com/vi/rRmmonZ3W44/mqdefault.jpg",
        "youtubeVideoId": "rRmmonZ3W44",
        "uploadedDate": "2020-09-06T11:15:57Z",
        "viewCount": 68208,
        "isCommercial": "False"
    },
    {
        "id": "c93d79a0-3c6d-4252-9785-ceb265dd79da",
        "title": "METEOR 를 오버워치 디바 ver 로 불러보았다 ! [원곡 창모(CHANGMO)]",
        "description": "〓〓〓〓〓〓〓〓〓〓〓〓〓〓〓〓〓〓〓〓〓〓〓〓〓〓〓〓〓〓\n더빙레이디 채널 구독❤ 좋아요👍 알림설정🔔 해 주실거죠~? 👀💕\n〓〓〓〓〓〓〓〓〓〓〓〓〓〓〓〓〓〓〓〓〓〓〓〓〓〓〓〓〓〓\n❤ 생방송 : https://www.twitch.tv/tinkerblond\n❤ 인스타 : https://www.instagram.com/dubbinglady\n❤ 페이스북 :  https://www.facebook.com/tinkerblond\n❤ 팬카페 : https://cafe.naver.com/dbevent\n❤ 굿즈샵 : http://bitly.kr/c6KxZ9Tv\n❤ 이메일 : tinkerblond@naver.com\n〓〓〓〓〓〓〓〓〓〓〓〓〓〓〓〓〓〓〓〓〓〓〓〓〓〓〓〓〓〓",
        "thumbnail": "https://i.ytimg.com/vi/PFpccy4Bdzc/mqdefault.jpg",
        "youtubeVideoId": "PFpccy4Bdzc",
        "uploadedDate": "2020-09-06T11:15:57Z",
        "viewCount": 62325,
        "isCommercial": "False"
    },
    {
        "id": "ea30af29-1d90-4fd9-81a3-cea0016f286c",
        "title": "한국어로 부른 Thunder (원곡-Imagine Dragons)",
        "description": "〓〓〓〓〓〓〓〓〓〓〓〓〓〓〓〓〓〓〓〓〓〓〓〓〓〓〓〓〓〓\n더빙레이디 채널 구독❤ 좋아요👍 알림설정🔔 해 주실거죠~? 👀💕\n〓〓〓〓〓〓〓〓〓〓〓〓〓〓〓〓〓〓〓〓〓〓〓〓〓〓〓〓〓〓\n❤ 생방송 : https://www.twitch.tv/tinkerblond\n❤ 인스타 : https://www.instagram.com/dubbinglady\n❤ 페이스북 :  https://www.facebook.com/tinkerblond\n❤ 팬카페 : https://cafe.naver.com/dbevent\n❤ 굿즈샵 : http://bitly.kr/c6KxZ9Tv\n❤ 이메일 : tinkerblond@naver.com\n〓〓〓〓〓〓〓〓〓〓〓〓〓〓〓〓〓〓〓〓〓〓〓〓〓〓〓〓〓〓",
        "thumbnail": "https://i.ytimg.com/vi/meBYrGhMiTM/mqdefault.jpg",
        "youtubeVideoId": "meBYrGhMiTM",
        "uploadedDate": "2020-09-06T11:15:57Z",
        "viewCount": 87826,
        "isCommercial": "False"
    },
    {
        "id": "7a14ec65-853a-4438-9a31-16dd62ebef37",
        "title": "명카드라이브 - 냉면 ( 엔마&더빙레이디 COVER )",
        "description": "콜라보에 흔쾌히 응해주신 엔마님 너무너무 감사드립니다 !!!!! \n여름에 기획한 영상인데 11월이 다 되어서 올릴줄은 ㄱ-........\n다음엔 좀 더 일찍 기획해봐야겠어요,,,^^ ㅎㅎㅎㅎ\n\n보컬 - 엔마 & 더빙레이디\n믹싱 - 이로 & 니블\n일러스트 - 세나\n영상 - 죠셉",
        "thumbnail": "https://i.ytimg.com/vi/ruzqBN10L3c/mqdefault.jpg",
        "youtubeVideoId": "ruzqBN10L3c",
        "uploadedDate": "2020-09-06T11:10:07Z",
        "viewCount": 24783,
        "isCommercial": "False"
    },
    {
        "id": "4ebb14ee-9b83-4cea-ad21-05f280163373",
        "title": "더빙레이디&초깨비 - Koi(恋)  (도망치는 건 부끄럽지만 도움이 된다 OST)",
        "description": "개사 출처는 요이님, 일러스트는 미녀꽃님,\n음보정&믹스는 이로님과 니블님이 참여해주셨구요!\n듀엣 초깨비 목소리 넘 좋죠 ㅠㅠㅠㅠㅠ 코이랑 너무 찰떡인 목소리여요....\n예쁜 영상 만들어주신 연유님께도 너무 감사합니다!\n\n\n\n(NEW) 굿즈샵 : https://bit.ly/2Gbh56z\n생방송 : http://bj.afreecatv.com/tinkerblond\n비즈니스 이메일 : tinkerblond@naver.com\n팬카페 : cafe.naver.com/dbevent \n인스타그램 : instagram.com/dubbinglady",
        "thumbnail": "https://i.ytimg.com/vi/t7oQjWFtXBs/mqdefault.jpg",
        "youtubeVideoId": "t7oQjWFtXBs",
        "uploadedDate": "2020-09-06T11:08:58Z",
        "viewCount": 26710,
        "isCommercial": "False"
    },
    {
        "id": "4a78afbd-2ba7-49d3-8fc7-f2a2458f2510",
        "title": "'나만 봄'을 롤 버전으로 불러보았습니다. [더빙레이디X모드로나티]",
        "description": "(NEW) 굿즈샵 : https://bit.ly/2Gbh56z\n생방송 : twitch.tv/tinkerblond\n비즈니스 이메일 : tinkerblond@naver.com\n팬카페 : cafe.naver.com/dbevent \n인스타그램 : instagram.com/dubbinglady",
        "thumbnail": "https://i.ytimg.com/vi/7wW0fifrocs/mqdefault.jpg",
        "youtubeVideoId": "7wW0fifrocs",
        "uploadedDate": "2020-09-06T11:08:58Z",
        "viewCount": 25826,
        "isCommercial": "False"
    },
    {
        "id": "3a65d3e0-cb76-4c36-8347-ef9c7af40567",
        "title": "반짝반짝 치카치카♡ 한국어 버전으로 불러보았습니다.",
        "description": "멋진 개사 사용 허락해주신 고요님 ♥ \n예쁘게 믹싱해주신 니블님 ♥ \n귀여운 영상 고생해서 만들어주신 연유님 ♥ \n오너캐 트레이싱 그리느라 고생한 나 ♥ 모두 너무 고마워용 \n\n(NEW) 굿즈샵 : https://bit.ly/2Gbh56z\n생방송 : twitch.tv/tinkerblond\n비즈니스 이메일 : tinkerblond@naver.com\n팬카페 : cafe.naver.com/dbevent \n인스타그램 : instagram.com/dubbinglady",
        "thumbnail": "https://i.ytimg.com/vi/YkGPdx_nOgM/mqdefault.jpg",
        "youtubeVideoId": "YkGPdx_nOgM",
        "uploadedDate": "2020-09-06T11:09:08Z",
        "viewCount": 29354,
        "isCommercial": "False"
    },
    {
        "id": "a4294bfd-861c-4f4f-a918-302b5dc8c113",
        "title": "나는 흔한 트롤이 아니다! ITZY - 달라달라 (오버워치 ver)",
        "description": "생방송 : twitch.tv/tinkerblond\n비즈니스 이메일 : tinkerblond@naver.com\n팬카페 : cafe.naver.com/dbevent \n인스타그램 : instagram.com/dubbinglady",
        "thumbnail": "https://i.ytimg.com/vi/JuP3N6HSKww/mqdefault.jpg",
        "youtubeVideoId": "JuP3N6HSKww",
        "uploadedDate": "2020-09-06T10:57:25Z",
        "viewCount": 188034,
        "isCommercial": "False"
    },
    {
        "id": "bca17db3-d4c6-4088-a8b3-1c73925bfe03",
        "title": "대머리가 의견을 낼 수 있나요?",
        "description": "생방송 : twitch.tv/tinkerblond\n비즈니스 이메일 : tinkerblond@naver.com\n팬카페 : cafe.naver.com/dbevent \n인스타그램 : instagram.com/dubbinglady",
        "thumbnail": "https://i.ytimg.com/vi/VaLps71V4Ys/mqdefault.jpg",
        "youtubeVideoId": "VaLps71V4Ys",
        "uploadedDate": "2020-09-06T10:57:25Z",
        "viewCount": 37779,
        "isCommercial": "False"
    },
    {
        "id": "c5584d20-c700-418f-b6b8-de51a8e7ab86",
        "title": "엔플라잉 - 옥탑방을 오버워치 버전으로 커버해보았습니다",
        "description": "생방송 : twitch.tv/tinkerblond\n비즈니스 이메일 : tinkerblond@naver.com\n팬카페 : cafe.naver.com/dbevent \n인스타그램 : instagram.com/dubbinglady",
        "thumbnail": "https://i.ytimg.com/vi/jpnqjK4ADvY/mqdefault.jpg",
        "youtubeVideoId": "jpnqjK4ADvY",
        "uploadedDate": "2020-09-06T10:57:25Z",
        "viewCount": 867055,
        "isCommercial": "False"
    },
    {
        "id": "275eb84c-4e53-4e68-b7a4-89a507b3c3a3",
        "title": "우디 - 이 노래가 클럽에서 나온다면 COVER BY 더빙레이디",
        "description": "음보정 이로(15)\n화음 니블\n일러스트 PIKA\n\n생방송 : twitch.tv/tinkerblond\n비즈니스 이메일 : tinkerblond@naver.com\n팬카페 : cafe.naver.com/dbevent \n인스타그램 : instagram.com/dubbinglady",
        "thumbnail": "https://i.ytimg.com/vi/SnwUrojZEO0/mqdefault.jpg",
        "youtubeVideoId": "SnwUrojZEO0",
        "uploadedDate": "2020-09-06T10:57:25Z",
        "viewCount": 62009,
        "isCommercial": "False"
    },
    {
        "id": "f99d047d-ddc1-4ad8-9370-ed4b30089245",
        "title": "오버워치 디바가 부르는 '띵' -  (원곡 : Jvcki Wai, 영비, Osshun Gum, 한요한) [띵 cover]",
        "description": "생방송 : twitch.tv/tinkerblond\n비즈니스 이메일 : tinkerblond@naver.com\n팬카페 : cafe.naver.com/dbevent \n인스타그램 : instagram.com/dubbinglady",
        "thumbnail": "https://i.ytimg.com/vi/8qC--9p2GjU/mqdefault.jpg",
        "youtubeVideoId": "8qC--9p2GjU",
        "uploadedDate": "2020-09-06T10:57:25Z",
        "viewCount": 0,
        "isCommercial": "False"
    },
    {
        "id": "5893fdc3-25ca-44cd-87cc-bba92b1a6c94",
        "title": "스카이캐슬 OST - We All Lie (한국어/Korean ver.)",
        "description": "생방송 : twitch.tv/tinkerblond\n비즈니스 이메일 : tinkerblond@naver.com\n팬카페 : cafe.naver.com/dbevent \n인스타그램 : instagram.com/dubbinglady",
        "thumbnail": "https://i.ytimg.com/vi/ZNIoUDPpqiU/mqdefault.jpg",
        "youtubeVideoId": "ZNIoUDPpqiU",
        "uploadedDate": "2020-09-06T10:57:25Z",
        "viewCount": 0,
        "isCommercial": "False"
    },
    {
        "id": "58d40d64-fe7f-4559-a9ca-d993ca992804",
        "title": "삐에로는 우릴 보고 웃지 [cover by 더빙레이디]",
        "description": "#삐에로는우릴보고웃지 #김완선 #아이유\n노래 더빙레이디\n음보정 이로\n믹스&화음 니블\n\n비즈니스 이메일 : tinkerblond@naver.com\n팬카페 : cafe.naver.com/dbevent \n페이스북 : facebook.com/dubbinglady123 \n인스타그램 : instagram.com/tinkerblond",
        "thumbnail": "https://i.ytimg.com/vi/teC8mtOTBwM/mqdefault.jpg",
        "youtubeVideoId": "teC8mtOTBwM",
        "uploadedDate": "2020-09-06T10:57:25Z",
        "viewCount": 0,
        "isCommercial": "False"
    },
    {
        "id": "b46745ec-7567-40b7-bfde-793d5ae91c05",
        "title": "머리가 잘... (원곡 아이유&오혁) - [COVER BY 더빙레이디&갱복치]",
        "description": "노래 : 더빙레이디&갱복치\n화음&보정 : 이로\n믹스 : 니블\n일러스트 : 육식토끼\n\n비즈니스 이메일 : tinkerblond@naver.com\n팬카페 : cafe.naver.com/dbevent \n페이스북 : facebook.com/dubbinglady123 \n인스타그램 : instagram.com/tinkerblond \n트위터 : twitter.com/tinkerblond16",
        "thumbnail": "https://i.ytimg.com/vi/SEpntSeVF2o/mqdefault.jpg",
        "youtubeVideoId": "SEpntSeVF2o",
        "uploadedDate": "2020-09-06T10:57:25Z",
        "viewCount": 0,
        "isCommercial": "False"
    },
    {
        "id": "6f52b571-f59f-491d-ab5a-0389e9af3dc2",
        "title": "야! 라고 해도 돼? [더빙레이디 VER]",
        "description": "트위치에서 '더빙레이디'를 검색하면 \n생방송을 볼 수 있다구! d( ･ω´･+) \n\n비즈니스 이메일 : tinkerblond@naver.com\n팬카페 : cafe.naver.com/dbevent \n페이스북 : facebook.com/dubbinglady123 \n인스타그램 : instagram.com/tinkerblond \n트위터 : twitter.com/tinkerblond16 \n\n우리 스폰서 놀꽃 앱 다운로드 해주러 가기 : http://www.nolggot.com/market​",
        "thumbnail": "https://i.ytimg.com/vi/YcWZAZQofek/mqdefault.jpg",
        "youtubeVideoId": "YcWZAZQofek",
        "uploadedDate": "2020-09-06T10:59:22Z",
        "viewCount": 0,
        "isCommercial": "False"
    },
    {
        "id": "f75de814-4c41-4f2e-a53c-d3d07eee4c71",
        "title": "커피소년(Coffee Boy) - 행복의 주문(Spell of Happiness) [COVER BY 더빙레이디]",
        "description": "화음&보정 이로(15)\n믹스 니블\n일러스트 오색별\n\n'옆집와저씨'님 헌정곡 2탄 ^.^ 즐겁게 들어주세요! \n\n비즈니스 이메일 : tinkerblond@naver.com\n팬카페 : cafe.naver.com/dbevent \n페이스북 : facebook.com/dubbinglady123 \n인스타그램 : instagram.com/tinkerblond \n트위터 : twitter.com/tinkerblond16 \n\n우리 스폰서 놀꽃 앱 다운로드 해주러 가기 : http://www.nolggot.com/market​",
        "thumbnail": "https://i.ytimg.com/vi/BuomWKNYG_k/mqdefault.jpg",
        "youtubeVideoId": "BuomWKNYG_k",
        "uploadedDate": "2022-05-03T02:59:19Z",
        "viewCount": 0,
        "isCommercial": "False"
    },
    {
        "id": "444e5120-33c0-4cd3-9e33-e80d156acf2d",
        "title": "숀 (SHAUN) – Way Back Home COVER by 더빙레이디",
        "description": "화음&보정 이로(15)\n마스터링 랴니\n일러스트 오색별\n\n♥ 더빙레이디 Live : https://www.twitch.tv/tinkerblond\n♥ 더빙레이디 팬카페 : http://cafe.naver.com/dbevent\n♥ 비즈니스 메일 : tinkerblond@naver.com\n♥ 더빙레이디 후원하기 : https://twip.kr/donate/tinkerblond",
        "thumbnail": "https://i.ytimg.com/vi/0OOCVfPBeUo/mqdefault.jpg",
        "youtubeVideoId": "0OOCVfPBeUo",
        "uploadedDate": "2020-09-06T10:38:06Z",
        "viewCount": 0,
        "isCommercial": "False"
    },
    {
        "id": "c5bc6871-e1af-477c-8c69-d7f167b146db",
        "title": "골드로 보내주세요! [원곡:애인을 내려주세요] cover by 더빙레이디",
        "description": "음보정x화음 이로(15)\n일러스트 삼차\n\n\n♥ 더빙레이디 Live : https://www.twitch.tv/tinkerblond\n♥ 더빙레이디 팬카페 : http://cafe.naver.com/dbevent\n♥ 비즈니스 메일 : tinkerblond@naver.com\n♥ 더빙레이디 후원하기 : https://twip.kr/donate/tinkerblond",
        "thumbnail": "https://i.ytimg.com/vi/UEDeygE8wd8/mqdefault.jpg",
        "youtubeVideoId": "UEDeygE8wd8",
        "uploadedDate": "2020-09-06T10:41:20Z",
        "viewCount": 0,
        "isCommercial": "False"
    },
    {
        "id": "cbc98a72-250c-4e2d-bc33-eca3761bdd2a",
        "title": "아이유(IU) - 가을아침(Autumn Morning) COVER by 더빙레이디 HD",
        "description": "영상 음질에 문제가 있어 재 업로드 합니다\n\n화음&보정 이로(15)\n일러스트 치호\nMR출처 https://youtu.be/1qEZxNXGn4c\n\n\n'옆집와저씨'님 헌정곡 입니다 :)\n\n#아이유 #양희은 #가을아침cover\n\n\n♥ 더빙레이디 Live : https://www.twitch.tv/tinkerblond\n♥ 더빙레이디 팬카페 : http://cafe.naver.com/dbevent\n♥ 비즈니스 메일 : tinkerblond@naver.com\n♥ 더빙레이디 후원하기 : https://twip.kr/donate/tinkerblond",
        "thumbnail": "https://i.ytimg.com/vi/_FQNlso5fe4/mqdefault.jpg",
        "youtubeVideoId": "_FQNlso5fe4",
        "uploadedDate": "2020-09-06T10:38:06Z",
        "viewCount": 0,
        "isCommercial": "False"
    },
    {
        "id": "846596a2-717c-4440-a52b-6bc61d0c9816",
        "title": "BIGBANG - 꽃 길 (Flower Road) FAN VER [COVER BY 더빙레이디&정혜일] (with 놀꽃)",
        "description": "Hale In Ocean 정혜일과 함께 불렀습니다!\n\n음보정&믹싱 맡아주신 새턴님, 마스터링해주신 랴니님,\n그림 그려주신 치호님 정말 감사합니다 :)\n\n[Hale In Ocean 정혜일]\nYoutube: https://www.youtube.com/channel/UC2XRTuTf0tnqcNBcWeaCVFg\nFacebook: https://facebook.com/hyeilchung\nInstagram: https://www.instagram.com/hale_in_ocean\nTwitter: https://twitter.com/haleinocean\n\n♥ 더빙레이디 Live : https://www.twitch.tv/tinkerblond\n♥ 더빙레이디 팬카페 : http://cafe.naver.com/dbevent\n♥ 비즈니스 메일 : tinkerblond@naver.com\n♥ 더빙레이디 후원하기 : https://twip.kr/donate/tinkerblond",
        "thumbnail": "https://i.ytimg.com/vi/wD-kQG8xoTc/mqdefault.jpg",
        "youtubeVideoId": "wD-kQG8xoTc",
        "uploadedDate": "2020-09-06T10:33:02Z",
        "viewCount": 0,
        "isCommercial": "False"
    },
    {
        "id": "05d7e1b3-01bc-4727-bc07-16b88b99c1f3",
        "title": "수고했어, 오늘도! COVER BY 더빙레이디",
        "description": "수고했어 오늘도~\n\n\n\n영상 김동혁(루틴)\n더빙레이디 방송국 http://www.afreecatv.com/tinkerblond\n더빙레이디 트위치 https://www.twitch.tv/tinkerblond\n더빙레이디 페북 https://www.facebook.com/dubbinglady123",
        "thumbnail": "https://i.ytimg.com/vi/NfdZcs1Kc2w/mqdefault.jpg",
        "youtubeVideoId": "NfdZcs1Kc2w",
        "uploadedDate": "2020-08-22T18:22:02Z",
        "viewCount": 0,
        "isCommercial": "False"
    },
    {
        "id": "4d86da46-ea8c-468e-a1da-1ffadc81110f",
        "title": "교문앞병아리 - 대가리 박고 자살하자 (대.박.자) [COVER BY 배드마우스&더빙레이디]",
        "description": "음보정, 화음, 믹싱 @Springsea_ ‏\n마스터링 @ryani_desu \n일러스트 항아\n\n♥ 더빙레이디 Live : https://www.twitch.tv/tinkerblond\n♥ 더빙레이디 팬카페 : http://cafe.naver.com/dbevent\n♥ 비즈니스 메일 : tinkerblond@naver.com\n♥ 더빙레이디 후원하기 : https://twip.kr/donate/tinkerblond\n\n♥ 구독&좋아요는 사랑입니다 ♥",
        "thumbnail": "https://i.ytimg.com/vi/eFNzyfRwpqI/mqdefault.jpg",
        "youtubeVideoId": "eFNzyfRwpqI",
        "uploadedDate": "2022-05-03T02:59:48Z",
        "viewCount": 0,
        "isCommercial": "False"
    },
    {
        "id": "ef87f5be-f966-4430-8968-6927621e1e2a",
        "title": "10cm - 폰서트(Phonecert) [COVER BY 더빙레이디]",
        "description": "♥ 음보정&화음&믹싱 봄아라\n♥ 일러스트 미녀꽃\n\n감사합니다!\n\n♥ 더빙레이디 Live : https://www.twitch.tv/tinkerblond\n♥ 더빙레이디 팬카페 : http://cafe.naver.com/dbevent\n♥ 비즈니스 메일 : tinkerblond@naver.com\n♥ 더빙레이디 후원하기 : https://twip.kr/donate/tinkerblond\n\n♥ 구독&좋아요는 사랑입니다 ♥",
        "thumbnail": "https://i.ytimg.com/vi/u0mRYg6tMIU/mqdefault.jpg",
        "youtubeVideoId": "u0mRYg6tMIU",
        "uploadedDate": "2020-09-06T10:29:05Z",
        "viewCount": 0,
        "isCommercial": "False"
    },
    {
        "id": "60326ba2-3463-4fe0-a2fd-80db6c79a527",
        "title": "IKON - 사랑을 했다 (LOVE SCENARIO) [COVER BY 더빙레이디&초깨비] (with 놀꽃)",
        "description": "흔쾌히 합작 참여해준 초깨비랑, 예쁜 화음 만들어주신 봄아라님, 감각있는 일러스트 그려주신 미녀꽃님, 요청사항이 많았는데 다 들어주신 초련님! 모두 감사합니다.\n\nMR 출처 : https://youtu.be/GcxRWVVXIYw \n\n\n\n♥ 더빙레이디 Live : https://www.twitch.tv/tinkerblond\n♥ 더빙레이디 팬카페 : http://cafe.naver.com/dbevent\n♥ 비즈니스 메일 : tinkerblond@naver.com\n♥ 더빙레이디 후원하기 : https://twip.kr/donate/tinkerblond\n\n♥ 구독&좋아요는 사랑입니다 ♥",
        "thumbnail": "https://i.ytimg.com/vi/pOTjynCEpaY/mqdefault.jpg",
        "youtubeVideoId": "pOTjynCEpaY",
        "uploadedDate": "2020-09-06T10:29:05Z",
        "viewCount": 1324550,
        "isCommercial": "False"
    },
    {
        "id": "070d84b2-31be-4cfe-8066-86061dec33ba",
        "title": "요즘 핫한 위스퍼랩 [민티(Minty) - You Do] 를 불러보았다",
        "description": "자꾸 듣게 되는 노래..\n저는 폐활량이 딸려서 저렇게 속삭이면 금방 숨이 차요.\n\n♥ 더빙레이디 Live : https://www.twitch.tv/tinkerblond\n♥ 더빙레이디 팬카페 : http://cafe.naver.com/dbevent\n♥ 비즈니스 메일 : tinkerblond@naver.com\n♥ 더빙레이디 후원하기 : https://twip.kr/donate/tinkerblond\n\n♥ 구독&좋아요는 사랑입니다 ♥",
        "thumbnail": "https://i.ytimg.com/vi/aVQW865jVME/mqdefault.jpg",
        "youtubeVideoId": "aVQW865jVME",
        "uploadedDate": "2020-09-06T10:29:05Z",
        "viewCount": 0,
        "isCommercial": "False"
    },
    {
        "id": "0559d4e7-fed3-4816-b4bf-9074d526472f",
        "title": "문문(MoonMoon) - 비행운(contrail)  COVER by 더빙레이디 (with 놀꽃)",
        "description": "음보정 / 봄아라 (@Springsea_)\nMR / 라히텐 님\n\n오랜만에 부른 노래영상인데 ... 부디.. 예쁘게 들어주세요 8_8\n\n님들 심심할까봐 아침에 업로드함 ㅎ 잘했징?\n\n\n♥ 더빙레이디 Live : https://www.twitch.tv/tinkerblond\n♥ 더빙레이디 팬카페 : cafe.naver.com/dbevent\n♥ 비즈니스 메일 : tinkerblond@naver.com\n♥ 더빙레이디 후원하기 : https://twip.kr/donate/tinkerblond\n\n♥ 구독&좋아요는 사랑입니다 ♥",
        "thumbnail": "https://i.ytimg.com/vi/w0yHGwzjnyc/mqdefault.jpg",
        "youtubeVideoId": "w0yHGwzjnyc",
        "uploadedDate": "2020-09-06T10:25:38Z",
        "viewCount": 0,
        "isCommercial": "False"
    },
    {
        "id": "1e932d0e-9479-47e8-9c75-6126caae538f",
        "title": "[초깨비X더빙레이디] 다이나믹듀오의 싱숭생숭을 불러보았다.",
        "description": "초깨비와 더빙레이디가 노래방을 간다면? \nㅋㅋㅋ자연스러운 분위기를 위해 (믹싱이 귀찮아서 절대 아님)\n음정 보정은 따로 들어가지 않았습니다! ㅋ.ㅋ\n\n녹음 요청에 응해주신 초깨비님 감사합니다.\n\n초깨비 유튜브 https://www.youtube.com/channel/UCZnrdNaOFqniv7qEEqQFvIg\n\n\n더빙레이디 방송국 http://www.afreecatv.com/tinkerblond\n더빙레이디 트위치 https://www.twitch.tv/tinkerblond\n더빙레이디 페북 https://www.facebook.com/dubbinglady123",
        "thumbnail": "https://i.ytimg.com/vi/lsXpK3yCtpA/mqdefault.jpg",
        "youtubeVideoId": "lsXpK3yCtpA",
        "uploadedDate": "2020-08-22T18:20:55Z",
        "viewCount": 0,
        "isCommercial": "False"
    },
    {
        "id": "2b4b774b-da4a-4766-a6fe-874758904ffd",
        "title": "더빙레이디&유준호 ' 노 메르시 '  (한국어)  no mercy - the living tombstone",
        "description": "2월부터 다시 만들어 올려야지 했는데 중간에 이래저래 일이 많아 이제서야 완성되었네요. 노래 퀄리티는 여전히 맘에 들지 않습니다. ㅜㅜ 이게 약 2달전 녹음본인데 그때랑 지금이랑 믹싱 방법이 또 바뀌었거든요.. 하아..  ㅋㅋㅋㅋㅋㅋㅋㅋ 허접한 퀄리티의 녹음본을 업로드해도 된다고 허락해준 준호오빠에게 감사의 말씀을 전합니다.... 영상 제작은 다해님, 일러스트는 단지님이 그려주셨습니다. 두분께도 너무너무너무너무 감사드립니다!\n\n\n\n더빙레이디 방송국 http://www.afreecatv.com/tinkerblond\n더빙레이디 트위치 https://www.twitch.tv/tinkerblond\n더빙레이디 페북 https://www.facebook.com/dubbinglady123",
        "thumbnail": "https://i.ytimg.com/vi/Avj14vr9ejw/mqdefault.jpg",
        "youtubeVideoId": "Avj14vr9ejw",
        "uploadedDate": "2020-08-22T18:17:52Z",
        "viewCount": 0,
        "isCommercial": "False"
    },
    {
        "id": "abcdb94e-84fc-49bf-aab8-9fb6c98e9586",
        "title": "더빙레이디의 영업용 귀요미송",
        "description": "?? 소리 안난대서 재업로드 합니당...\n아.. 오글거려.. 내 손발..ㅎㅎ\n\n\n일러스트는 그재님이 그려주셨습니당 :)\n더빙레이디 방송국 http://www.afreecatv.com/tinkerblond\n더빙레이디 트위치 https://www.twitch.tv/tinkerblond\n더빙레이디 페북 https://www.facebook.com/dubbinglady123",
        "thumbnail": "https://i.ytimg.com/vi/5MDsQQHo7mA/mqdefault.jpg",
        "youtubeVideoId": "5MDsQQHo7mA",
        "uploadedDate": "2022-07-21T20:40:05Z",
        "viewCount": 0,
        "isCommercial": "False"
    },
    {
        "id": "920d64a6-15c9-41a9-9336-4f4a01c6dd0c",
        "title": "더빙레이디가 부른 '오빠야'",
        "description": "노래,믹싱 / 더빙레이디\n편집 / 『  』\n\n\n\n더빙레이디 방송국 http://www.afreecatv.com/tinkerblond\n더빙레이디 트위치 https://www.twitch.tv/tinkerblond\n더빙레이디 페북 https://www.facebook.com/dubbinglady123",
        "thumbnail": "https://i.ytimg.com/vi/WRLoClS-_TQ/mqdefault.jpg",
        "youtubeVideoId": "WRLoClS-_TQ",
        "uploadedDate": "2020-08-22T18:14:52Z",
        "viewCount": 0,
        "isCommercial": "False"
    },
    {
        "id": "5a17bd9a-3a5e-4524-b8b6-3403bb3dc349",
        "title": "오버워치 디바가 부르는 '솜사탕'  / 더빙레이디 노래",
        "description": "아실분은 다 아시겠지만 실제 성우가 아니라 성대모사입니다. ㅋ_ㅋ\n디바 버전으로 개사해보았어요.\n\n일러스트/편집/개사/노래/믹싱 전~부 - 더빙레이디 -\n\n감기 조심하세요... 3일째 감기가 떨어지지 않아서 고생중 ㅠㅠㅠ\n어떻게든 만들고싶어서 꾸역꾸역 만들어봤는데\n코맹맹이소리가 가시질 않네요 엉엉.. 가사는 좀 유치하지만ㅋㅋㅋ \n재미로 감상해주세요!\n아프리카 방송국 http://afreecatv.com/tinkerblond\n페이스북 https://www.facebook.com/dubbinglady123\n트위치 https://www.twitch.tv/tinkerblond",
        "thumbnail": "https://i.ytimg.com/vi/3MZa536ge0A/mqdefault.jpg",
        "youtubeVideoId": "3MZa536ge0A",
        "uploadedDate": "2022-05-03T17:11:45Z",
        "viewCount": 0,
        "isCommercial": "False"
    },
    {
        "id": "eb73558a-8a95-4c44-b169-cf40787f8208",
        "title": "디바&루시우&솔져가 부르는 오캬-립스틱",
        "description": "※영상에 나온 목소리는 모두 성대모사입니다.\n\n\n디바 나팔바지 영상에 이어서 이번엔 루시우 성대모사 '라이언티'님과, 솔져 성대모사 '헤릴린'님과 함께 오렌지캬라멜의 '립스틱'을 불러보았습니다.\n\n개사/믹싱 더빙레이디 (+라이언티, 헤릴린)\n영상작업 김동혁, 황정빈\n\n헤릴린 유튜브 https://www.youtube.com/channel/UCWP4S-UKQHTbTvs9d_oW1ig\n라이언티 유튜브 https://www.youtube.com/channel/UChGrYmp0PTFef-XOjueNH6w\n더빙레이디 방송국 http://afreecatv.com/tinkerblond",
        "thumbnail": "https://i.ytimg.com/vi/66bVSq9jKQA/mqdefault.jpg",
        "youtubeVideoId": "66bVSq9jKQA",
        "uploadedDate": "2022-05-03T17:10:24Z",
        "viewCount": 0,
        "isCommercial": "False"
    },
    {
        "id": "7a080e23-db71-4967-8760-a1ced0aa402e",
        "title": "디바 성대모사로 부르는 '싸이-나팔바지'",
        "description": "♥ 더빙레이디 Live : https://www.twitch.tv/tinkerblond\n♥ 더빙레이디 팬카페 : http://cafe.naver.com/dbevent\n♥ 비즈니스 메일 : tinkerblond@naver.com\n♥ 더빙레이디 후원하기 : https://twip.kr/donate/tinkerblond",
        "thumbnail": "https://i.ytimg.com/vi/IaNJ5jCApak/mqdefault.jpg",
        "youtubeVideoId": "IaNJ5jCApak",
        "uploadedDate": "2020-08-08T16:26:44Z",
        "viewCount": 849048,
        "isCommercial": "False"
    },
    {
        "id": "0fb3e369-e342-407e-9d1b-421fe53e7f7b",
        "title": "까마귀 배때지 칼☆빵~ 더빙레이디의 '작은 하마이야기'",
        "description": "",
        "thumbnail": "https://i.ytimg.com/vi/7JqDDUi-XMM/mqdefault.jpg",
        "youtubeVideoId": "7JqDDUi-XMM",
        "uploadedDate": "2020-08-08T14:58:33Z",
        "viewCount": 0,
        "isCommercial": "False"
    },
    {
        "id": "7f8470de-5535-4be0-b369-cafd2fedcdb3",
        "title": "너의이름은 OST 스파클 한국어 커버",
        "description": "",
        "thumbnail": "https://i.ytimg.com/vi/f2j3b277Lno/mqdefault.jpg",
        "youtubeVideoId": "f2j3b277Lno",
        "uploadedDate": "2020-08-08T14:48:21Z",
        "viewCount": 0,
        "isCommercial": "False"
    },
    {
        "id": "32b8d8e3-63e2-4e9d-977b-62098e9e3a16",
        "title": "Private video",
        "description": "This video is private.",
        "thumbnail": null,
        "youtubeVideoId": "gU_MkG9O5Jg",
        "uploadedDate": "2021-06-29T01:51:18Z",
        "viewCount": 22587,
        "isCommercial": "True"
    },
    {
        "id": "c3c5f4a1-6252-4ffb-9321-544400968e76",
        "title": "Private video",
        "description": "This video is private.",
        "thumbnail": null,
        "youtubeVideoId": "NYswb39Sa6g",
        "uploadedDate": "2020-09-06T11:22:10Z",
        "viewCount": 12076,
        "isCommercial": "False"
    },
    {
        "id": "6103c7fd-67e9-4231-9c74-28734876c87d",
        "title": "Private video",
        "description": "This video is private.",
        "thumbnail": null,
        "youtubeVideoId": "i8ZMW4BNGZ8",
        "uploadedDate": "2020-09-06T11:22:10Z",
        "viewCount": 14762,
        "isCommercial": "False"
    }
]