[
    {
        "id": "7bd71f69-025c-4616-8897-20af1c04ffd6",
        "title": "스피릿 그자체 보여드리겠습니다.",
        "description": "롤외 두번째 고정 컨텐츠인데 처음으로 업로드 하는것 같아요 ! \n재밌게 봐주시고 실시간 방송도 많이 봐주세요 감사합니다 ! \n\n트위치로 가기 → https://www.twitch.tv/itsmejanna \r\n\r\n구독과 좋아요 감사합니다 :-)\n\n\n김달걀TV는 RixFont클라우드를 사용중 입니다.\n\n#데바데 #스피릿 #달구",
        "thumbnail": "https://i.ytimg.com/vi/0jXCzF3VjKM/mqdefault.jpg",
        "youtubeVideoId": "0jXCzF3VjKM",
        "uploadedDate": "2020-09-03T10:56:58Z",
        "viewCount": 0,
        "isCommercial": "False"
    },
    {
        "id": "e53fc2d6-ed38-46da-a427-426aff46c484",
        "title": "【데바데】 새로운 살마 '당구' 보다 쎈 '달구'의 올킬 !",
        "description": "데바데 새로운 살마 '당구' 보다 쎈 '달구'의 올킬 !\n대전에서 너무 많이 보내는거 아닌가 ..ㅎ \n\n\n\n구독과 좋아요 감사합니다 :-)\n트위치로 가기 → https://www.twitch.tv/itsmejanna \n\n\n김달걀TV는 RixFont클라우드를 사용중 입니다.\n#데바데 #김달걀 #스피릿",
        "thumbnail": "https://i.ytimg.com/vi/vC-217ftRiY/mqdefault.jpg",
        "youtubeVideoId": "vC-217ftRiY",
        "uploadedDate": "2020-09-20T15:47:39Z",
        "viewCount": 0,
        "isCommercial": "False"
    }
]