[
    {
        "id": "ba0d7306-11da-4a09-880b-974071acbb9b",
        "title": "내가 하루를 시작하는 방법 VLOG - 모닝 루틴 , 샤워 루틴, 컵라면볶음밥",
        "description": "이 영상은 버텍스로부터 제작비를 지원받아 제작된 영상입니다\n\n버텍스 넘버원 홈페이지에서도 제품 구매가 가능합니다!\nhttps://smartstore.naver.com/snjrecipe\n\n안녕하세요 오늘은 오랜만에 브이로그를 찍어왔어요 :)\n이 날 다이어트를 시작하는 날이었는데 음...망했어요..아시죠?\n11자복근 평생 못만들거같아ㅠㅠ\n이번 영상은 버텍스에서 받은 샴푸,샤워젤,바디크림,핸드크림을 써보았는데\n광고라서 하는 말 아니고 진짜 좋아요! 원래 저 바디크림 안 바르는 사람이었는데 이제 샤워하고 매일매일 바르고 있어요 :) 패키지도 깔끔하고 자연자연해서 나열해놓으면 진짜 예쁩니다 완전 강추!\n만약 컵라면 볶음밥을 해드실 분이 계시면 조금 더 간을 해서 드시면 좋을 거 같아요\n살짝 싱겁더라고요\n그럼 오늘 영상도 봐주셔서 감사합니다! 다음 영상에서 봐요 안녕!\n\n\n\n😍(영상 보러가기)\n🍎앱등이의 아이패드 활용기 & 어플 추천 ( 노션, 프로크리에이트, 굿노트, 스플릿 뷰 )\nhttps://www.youtube.com/watch?v=bwW5ilkIVDo\n집에만 있는 휴일 VLOG│달고나커피, 링피트\nhttps://www.youtube.com/watch?v=ttt321N3u_4&t=300s\n🔥지옥의 편집주간🔥3주 동안 밤새고 먹는 13만원 호텔 뷔페🍖\nhttps://www.youtube.com/watch?v=eRg0K0QktCo\n코스트코 60만원 쇼핑 하울 !! - costco haul, 코스트코 추천템, 무화과 스프레드\nhttps://www.youtube.com/watch?v=n6cnsohGRRs&t=276s\n\n💌\n주소: 서울시 성동구 성수이로 20길 16 (성수동2가, JK타워) 8층\n받는이: 꿀꿀선아\n여러분들이 보내 주신 선물은 영상으로 만들 생각입니다☺ 원치 않으시는 분들은 연락을 주시거나 써 주세요!\n\n💕\n카카오 tv 채널:https://goo.gl/MgEqLt\n카카오톡 플러스친구:검색))꿀꿀선아\n\nSUNA Facebook: https://www.facebook.com/kyoung.jeon.92\nSUNA Instargram: https://www.instagram.com/ggulggulsuna\n핑돼 Instargram : https://www.instagram.com/pingu_pig_/\nSUNA Twitch: https://www.twitch.tv/ggulsuna\nPayPal Support link :https://goo.gl/SWRfel",
        "thumbnail": "https://i.ytimg.com/vi/VePL5myox5U/mqdefault.jpg",
        "youtubeVideoId": "VePL5myox5U",
        "uploadedDate": "2021-05-11T10:15:24Z",
        "viewCount": 33250,
        "isCommercial": "True"
    },
    {
        "id": "ad459323-cf03-4c9b-93b3-617dc72e56fc",
        "title": "[2021개정판] 0원에 독학으로 컴활 1급 실기 합격 후기🎉 + 요약집 [컴퓨터활용능력 1급]",
        "description": "안녕하세요 여러분! 오늘은 드디어 컴활 1급 합격후기를 가져왔습니다!\n자세한 내용은 영상으로 확인해주세요 ;)\n다음에는 어떤 자격증을 딸지 추천해주세요!\n그럼 다음 영상에서 봐요! 안녕!!\n\n\n📚선아의 요약집(비밀번호는 영상 속 어딘가)\nhttps://drive.google.com/file/d/1PX-e9RuvnVOy5Etth64miAeDP9WC81ma/view?usp=sharing\r\n*모든 내용이 요약되어있는 것은 아니고 제 한도 내에서 정리한 것이니! 꼭 다른 내용도 공부하고 가세요 :) 모두 화이팅!\n\n\n😍(영상 보러가기)\n노베이스 독학으로 컴활 1급 필기 합격후기🎉 (꿀팁, 공부법, 무료 인강 추천)\nhttps://www.youtube.com/watch?v=aJPsCgUPbms&t=331s\n노베이스 독학으로 컴활 2급 실기 합격후기🎉 (꿀팁, 공부법, 무료 인강 추천)\nhttps://www.youtube.com/watch?v=uwXfdbluXNY\n책 추천! 선아가 읽은 2020년 내 삶을 바꿀만한 추천 도서!📚\nhttps://www.youtube.com/watch?v=SbY1tkquszU&t=35s\n인생 치즈볼을 찾았습니다. 기본 치즈볼 8종 비교 리뷰\nhttps://www.youtube.com/watch?v=ZF18NxEG6i8&t=14s\n\n💌\n주소: 서울시 성동구 성수이로 20길 16 (성수동2가, JK타워) 8층\n받는이: 꿀꿀선아\n여러분들이 보내 주신 선물은 영상으로 만들 생각입니다☺ 원치 않으시는 분들은 연락을 주시거나 써 주세요!\n\n💕\n카카오 tv 채널:https://goo.gl/MgEqLt\n카카오톡 플러스친구:검색))꿀꿀선아\n\nSUNA Facebook: https://www.facebook.com/kyoung.jeon.92\nSUNA Instargram: https://www.instagram.com/ggulggulsuna\n핑돼 Instargram : https://www.instagram.com/pingu_pig_/\nSUNA Twitch: https://www.twitch.tv/ggulsuna\nPayPal Support link :https://goo.gl/SWRfel",
        "thumbnail": "https://i.ytimg.com/vi/nj4Vwknp5E0/mqdefault.jpg",
        "youtubeVideoId": "nj4Vwknp5E0",
        "uploadedDate": "2021-05-11T10:16:07Z",
        "viewCount": 43036,
        "isCommercial": "False"
    },
    {
        "id": "7668e745-15a0-4833-89a4-f93c44a3592a",
        "title": "근대복입고 서울나들이 VLOG [달달한 구보씨의 일일]",
        "description": "이 영상은 유료 광고를 포함하고 있습니다\n\n오늘은 제가 쏭내관(에이치스토리)에서 진행하는 \"달달한 구보씨의 일일\"이라는 프로그램에 참여하고 왔어요! 소설가 구보씨의 일일 이라는 소설에서 구보씨가 걸어다니는 거리를 약식으로 체험해보는 투어였는데 한복남에서 근대복을 입고 해설을 들으며 퀴즈도 하고 또 예쁜 스냅존에서 스냅사진도 찍는 아주 알차고 재밌고 유익한 투어였습니다! :) 친구랑 가도 재밌고 데이트로 다녀와도 좋을것 같아요!\n\n쏭내관의 재미있는 사교육현장 http://ssong500.com/team/read.jspreqPageNo=1&no=288&srqst_type=2\n한복남 홈페이지  http://hanboknam.com/\n스냅존 홈페이지 https://www.esnapzone.com/site/ \n\n😍(영상 보러가기)\n근황 토크하며 역대급 코랄 메이크업 - 채널 해킹 당하고 집에 불나고 250만원짜리 렌즈 박살 난 근황...\nhttps://www.youtube.com/watch?v=qgd4QmYPks8&t=139s\n1월에 다녀온 치앙마이 여행 vlog 두번째! 아침에 코끼리가 깨워주는 호텔 다녀왔어요 :)\nhttps://www.youtube.com/watch?v=k5bIKOlUr3A\n여행은 무계획이지!🍊선아의 겨울 제주여행 VLOG #1 \nhttps://www.youtube.com/watch?v=UmwsMAQyDeI&t=486s\n단 하나의 고무줄로 완벽한 똥머리 묶기\nhttps://www.youtube.com/watch?v=VUXDwNAqgsk&t=36s\n\n💌\n주소: 서울시 성동구 성수이로 20길 16 (성수동2가, JK타워) 8층\n받는이: 꿀꿀선아\n여러분들이 보내 주신 선물은 영상으로 만들 생각입니다☺ 원치 않으시는 분들은 연락을 주시거나 써 주세요!\n\n💕\n카카오 tv 채널:https://goo.gl/MgEqLt\n카카오톡 플러스친구:검색))꿀꿀선아\n\nSUNA Facebook: https://www.facebook.com/kyoung.jeon.92\nSUNA Instargram: https://www.instagram.com/ggulggulsuna\n핑돼 Instargram : https://www.instagram.com/pingu_pig_/\nSUNA Twitch: https://www.twitch.tv/ggulsuna\nPayPal Support link :https://goo.gl/SWRfel",
        "thumbnail": "https://i.ytimg.com/vi/xD_i47SMLO4/mqdefault.jpg",
        "youtubeVideoId": "xD_i47SMLO4",
        "uploadedDate": "2021-05-11T10:17:03Z",
        "viewCount": 11570,
        "isCommercial": "True"
    },
    {
        "id": "00907d82-f13a-4486-ab7e-d23e28f1a899",
        "title": "밥시간이 제일 좋은 VLOG │출근하고 닭갈비 먹고 새로 나온 엽떡짜장 먹어보기, 붕어빵 만들기,추억의동숲,샌드위치와 버블티,생딸기우유,돼지 생일파티 하기",
        "description": "#vlog #선아vlog #요리브이로그\n\n항상 봐주셔서 감사합니다 :)\n\n집에만 있는 휴일 VLOG\nhttps://youtu.be/ttt321N3u_4\n\n1월에 다녀온 치앙마이 여행 vlog 두번째! 아침에 코끼리가 깨워주는 호텔 다녀왔어요 :)\nhttps://www.youtube.com/watch?v=k5bIKOlUr3A&t=44s\n\n선아의 23년 인생 단골집 공개! 가로수길에 이렇게 가성비 맛집이?!\nhttps://www.youtube.com/watch?v=eSjtvNhg7MU\n\n\n💌\n주소: 서울시 성동구 성수이로 20길 16 (성수동2가, JK타워) 8층\n받는이: 꿀꿀선아\n여러분들이 보내 주신 선물은 영상으로 만들 생각입니다☺ 원치 않으시는 분들은 연락을 주시거나 써 주세요!\n\n💕\n카카오 tv 채널:https://goo.gl/MgEqLt\n카카오톡 플러스친구:검색))꿀꿀선아\n\nSUNA Facebook: https://www.facebook.com/kyoung.jeon.92\nSUNA Instargram: https://www.instagram.com/ggulggulsuna\n핑돼 Instargram : https://www.instagram.com/pingu_pig_/\nSUNA Twitch: https://www.twitch.tv/ggulsuna\nPayPal Support link :https://goo.gl/SWRfel",
        "thumbnail": "https://i.ytimg.com/vi/ccOwssVV8vo/mqdefault.jpg",
        "youtubeVideoId": "ccOwssVV8vo",
        "uploadedDate": "2020-04-09T00:25:47Z",
        "viewCount": 32985,
        "isCommercial": "False"
    },
    {
        "id": "52e3d58d-ea95-44d4-8e92-cc6c796772be",
        "title": "집에만 있는 휴일 VLOG│달고나커피, 링피트, 고추참치토스트, 빔프로젝터로 킹덤 몰아보면 행복해, 꼬막비빔밥, 소막창",
        "description": "오늘은 집에만 있는 휴일날의 브이로그에요! 앞으로 선아의 하루 채널의 영상들은 이런 vlog영상이 많이 올라올 예정이에요! 룸투어 영상도 편집중이니 조금만 기다려주세요ㅎㅎ\n그럼 다음 영상에서 봐요!\n\n#VLOG #SUNA #코코랩 \n\n코코랩한끼, 코코랩바\nhttp://bit.ly/cocolab2\n\n😍(영상 보러가기)\n1월에 다녀온 선아의 치앙마이 여행 #1 (ft.현지인 추천코스) \nhttps://www.youtube.com/watch?v=FdEuGEWtcsU&t=603s\n\nWhat's in my bag I 선아의 개미지옥 인마이백\nhttps://www.youtube.com/watch?v=TmvCjGv_43s\n\n디진다돈까스 먹고 디졌다 🔥 [ 우리에게도 먹힐까? -- 우먹까 ] 온정돈까스 편\nhttps://www.youtube.com/watch?v=Bv_j2JUABnQ\n\n💌\n주소: 서울시 성동구 성수이로 20길 16 (성수동2가, JK타워) 8층\n받는이: 꿀꿀선아\n여러분들이 보내 주신 선물은 영상으로 만들 생각입니다☺ 원치 않으시는 분들은 연락을 주시거나 써 주세요!\n\n💕\n카카오 tv 채널:https://goo.gl/MgEqLt\n카카오톡 플러스친구:검색))꿀꿀선아\n\nSUNA Facebook: https://www.facebook.com/kyoung.jeon.92\nSUNA Instargram: https://www.instagram.com/ggulggulsuna\n핑돼 Instargram : https://www.instagram.com/pingu_pig_/\nSUNA Twitch: https://www.twitch.tv/ggulsuna\nPayPal Support link :https://goo.gl/SWRfel",
        "thumbnail": "https://i.ytimg.com/vi/ttt321N3u_4/mqdefault.jpg",
        "youtubeVideoId": "ttt321N3u_4",
        "uploadedDate": "2020-03-26T04:51:07Z",
        "viewCount": 26678,
        "isCommercial": "False"
    },
    {
        "id": "b06c25d3-0aba-4bbd-a00a-37ee9bc42aa1",
        "title": "매운맛 제대로 보고 혀 마비 된🔥 BBQ 뱀파이어치킨 1,3단계 편 [ 우리에게도 먹힐까? -- 우먹까 ]",
        "description": "#뱀파이어치킨 #매운음식 #우먹까 \n\n오늘은 우리에게 먹힐까? ?-우.먹.까 의 세 번째 영상인 디진다 돈까스, 마라탕에 이어 \n댓글에 많은 요청을 주셨던 뱀파이어 치킨 1,3단계를 도전해봤습니다! (광고 협찬 아니예요!!)\n맵찌리 제가 과연 얼마나 잘먹을 수 있었을까요? 뱀파이어 매운맛 먹어보신분들은 어떠셨는지 댓글로 달아주세요!! \n거기에 추가로 집에서 쉽게 구할 수 있는 제품들로 매운맛 중화시키는 법까지 담아봤습니다!\nbgm: BGM Factory (https://bgmfactory.com/) \n\n😍(영상 보러가기)\n드라마 내남자의 비밀에 나온 핑돼 보러가기\nhttps://www.youtube.com/watch?v=rRmc45oHNw8\n양세형의 짤방공작소에나온 핑돼 보러가기\nhttps://www.youtube.com/watch?v=co2CMJKdILI \n선아의 개미지옥 인마이백 보러가기\nhttps://www.youtube.com/watch?v=TmvCjGv_43s&t\n오랜만에 돌아온 선아의 Q&A 보러가기\nhttps://www.youtube.com/watch?v=I7A_3d18Lvg&t\n\n💌\n주소: 서울시 성동구 성수이로 20길 16 (성수동2가, JK타워) 8층\n받는이: 꿀꿀선아\n여러분들이 보내 주신 선물은 영상으로 만들 생각입니다☺ 원치 않으시는 분들은 연락을 주시거나 써 주세요!\n\n💕\n카카오 tv 채널:https://goo.gl/MgEqLt\n카카오톡 플러스친구:검색))꿀꿀선아\n\nSUNA Facebook: https://www.facebook.com/kyoung.jeon.92\nSUNA Instargram: https://www.instagram.com/ggulggulsuna\n핑돼 Instargram : https://www.instagram.com/pingu_pig_/\nSUNA Twitch: https://www.twitch.tv/ggulsuna\nPayPal Support link :https://goo.gl/SWRfel",
        "thumbnail": "https://i.ytimg.com/vi/5QwvGzsTJMM/mqdefault.jpg",
        "youtubeVideoId": "5QwvGzsTJMM",
        "uploadedDate": "2020-02-28T04:42:18Z",
        "viewCount": 23286,
        "isCommercial": "False"
    },
    {
        "id": "a8650001-af1f-4adf-9d9d-26aa88f3a51d",
        "title": "선아의 23년 인생 단골집 공개! 가로수길에 이렇게 가성비 맛집이?!",
        "description": "안녕하세요 선아입니다\n오늘은 저의 맛집을 공개할께요! \n신사동 가로수길 맛집부터 짬뽕 맛집, 청담 100개의 위엄 배스킨라빈스까지!! \n그리고 ASMR 촬영 현장 비하인드도 있으니 평소 저의 촬영을 궁금하셨던 분들은 우리 함께해요👩‍👩‍👧‍👧👩‍👩‍👧‍👧👩‍👩‍👧‍👧\n\n\n\n😍(영상 보러가기)\n드라마 내남자의 비밀에 나온 핑돼 보러가기\nhttps://www.youtube.com/watch?v=rRmc45oHNw8\n양세형의 짤방공작소에나온 핑돼보러가기\nhttps://www.youtube.com/watch?v=co2CMJKdILI \n핑돼의 asmr 먹방 보러가기\nhttps://www.youtube.com/watch?v=giujoOecHg0&t=239s\n사자돼지 핑돼\nhttps://www.youtube.com/watch?v=AW8Ki7-5u7I\n\n💌\n주소: 서울시 성동구 성수이로 20길 16 (성수동2가, JK타워) 8층\n받는이: 꿀꿀선아\n여러분들이 보내 주신 선물은 영상으로 만들 생각입니다☺ 원치 않으시는 분들은 연락을 주시거나 써 주세요!\n\n💕\n카카오 tv 채널:https://goo.gl/MgEqLt\n카카오톡 플러스친구:검색))꿀꿀선아\n\nSUNA Facebook: https://www.facebook.com/kyoung.jeon.92\nSUNA Instargram: https://www.instagram.com/ggulggulsuna\n핑돼 Instargram : https://www.instagram.com/pingu_pig_/\nSUNA Twitch: https://www.twitch.tv/ggulsuna\nPayPal Support link :https://goo.gl/SWRfel",
        "thumbnail": "https://i.ytimg.com/vi/eSjtvNhg7MU/mqdefault.jpg",
        "youtubeVideoId": "eSjtvNhg7MU",
        "uploadedDate": "2020-02-28T04:41:54Z",
        "viewCount": 17351,
        "isCommercial": "False"
    },
    {
        "id": "f87cb1c1-e520-4c46-8555-db0e7f34ec2f",
        "title": "150만 유튜버 꿀꿀선아의 팬미팅 :D  [선아의 하루]",
        "description": "12월 22일 150만 구독자 기념 팬미팅을 열었어요!\n코엑스에서 100명의 팬들과 만나는 시간을 가졌는데요!\n사실 계속 마지막 팬미팅이다 다신 안할거다 했잖아요ㅋㅋㅋ\n근데 막상 하니까 너무너무너무 행복하고 재미있어서\n내년에 기회가 있다면 꼭 해보겠습니다ㅎㅎ\n너무 즐거웠어요! 이번에 오지 못하신 분들도 다음에는 꼭 뵈었으면 좋겠습니다\n그리고 ox퀴즈에서 상품으로 나눠드린 소리나는 베개는 다음주에 판매페이지 오픈 예정입니다! 저번에 asmr커뮤니티에 수요조사를 하니까 많이들 찾으시더라구요!\n지금은 20개의 수량 밖에 없지만 제가 얼른 태국에서 공수해오겠습니다ㅋㅋㅋ\n그러면 여러분 안녕 오늘 영상도 봐주셔서 감사해요ㅎㅎ\n\n😍(영상 보러가기)\n촬영준비 하다가 불났어요😱! ASMR 비하인드 스토리\nhttps://www.youtube.com/watch?v=XUGw7k6u7Ag&t=380s\n인생 여행지 추천ㅣ선아의 세부 여행 #1\nhttps://www.youtube.com/watch?v=_Q6E3Xw5XAI&t=683s\n82년생 김지영 보고 왔어요! 이달의 문화생활 리뷰 \nhttps://www.youtube.com/watch?v=forWUseVxW0\n사자돼지 핑돼\nhttps://www.youtube.com/watch?v=AW8Ki7-5u7I\n\n💌\n주소: 서울시 성동구 성수이로 20길 16 (성수동2가, JK타워) 8층\n받는이: 꿀꿀선아\n여러분들이 보내 주신 선물은 영상으로 만들 생각입니다☺ 원치 않으시는 분들은 연락을 주시거나 써 주세요!\n\n💕\n카카오 tv 채널:https://goo.gl/MgEqLt\n카카오톡 플러스친구:검색))꿀꿀선아\n\nSUNA Facebook: https://www.facebook.com/kyoung.jeon.92\nSUNA Instargram: https://www.instagram.com/ggulggulsuna\n핑돼 Instargram : https://www.instagram.com/pingu_pig_/\nSUNA Twitch: https://www.twitch.tv/ggulsuna\nPayPal Support link :https://goo.gl/SWRfel",
        "thumbnail": "https://i.ytimg.com/vi/XZL0NwgQUpI/mqdefault.jpg",
        "youtubeVideoId": "XZL0NwgQUpI",
        "uploadedDate": "2020-02-28T04:41:01Z",
        "viewCount": 18394,
        "isCommercial": "False"
    },
    {
        "id": "d56113ef-26ad-47fb-92a7-edf717ebcb1e",
        "title": "디진다돈까스 먹고 디졌다 🔥  [ 우리에게도 먹힐까? -- 우먹까 ]  온정돈까스 편",
        "description": "오늘은 직원분들이랑 엄청 맵다는 디진다돈까스를 먹으러 갔어요 🔥! 근데 저만 매웠나 봐요....\n토마토주스를 너무 많이 마셔서 물배가 너무 많이 차 버렸어요\n우리에게도 먹힐까? - 우먹까 는 새로운 콘텐츠인 직원분들과 함께하는 리뷰 영상입나다!\n앞으로도 꾸준히 우먹까 콘텐츠가 올라올 예정이니 많은 사랑 부탁드려요💗\n\n😍(영상 보러가기)\n21만원 코스트코 쇼핑하울😊 COSTCO SHOPPING HAUL [꿀꿀선아 하울] \nhttps://www.youtube.com/watch?v=qAVGpJlTfgo&t=1s\n직원들이 해주는 20초 릴레이 메이크업 ...이러고 asmr영상 찍었습니다\nhttps://www.youtube.com/watch?v=Lr6L0aagZ74&t=161s\n다시 보는 선아가 꼽은 제주도 관광명소! [꿀꿀선아] 제주도 여행, 제주도 맛집\nhttps://www.youtube.com/watch?v=A0Zk82__X4o&t=69s\n15만원 노브랜드 장보기 하울 NO BRAND SHOPPING HAUL\nhttps://www.youtube.com/watch?v=mKfBP9N5uco&t=89s\n\n💌\n주소: 서울시 성동구 성수이로 20길 16 (성수동2가, JK타워) 8층\n받는이: 꿀꿀선아\n여러분들이 보내 주신 선물은 영상으로 만들 생각입니다☺ 원치 않으시는 분들은 연락을 주시거나 써 주세요!\n\n💕\n카카오 tv 채널:https://goo.gl/MgEqLt\n카카오톡 플러스친구:검색))꿀꿀선아\n\nSUNA Facebook: https://www.facebook.com/kyoung.jeon.92\nSUNA Instargram: https://www.instagram.com/ggulggulsuna\n핑돼 Instargram : https://www.instagram.com/pingu_pig_/\nSUNA Twitch: https://www.twitch.tv/ggulsuna\nPayPal Support link :https://goo.gl/SWRfel",
        "thumbnail": "https://i.ytimg.com/vi/Bv_j2JUABnQ/mqdefault.jpg",
        "youtubeVideoId": "Bv_j2JUABnQ",
        "uploadedDate": "2020-02-28T04:42:18Z",
        "viewCount": 48760,
        "isCommercial": "False"
    },
    {
        "id": "32d7169b-a511-430f-9494-245be83bc611",
        "title": "직원들이 해주는 20초 릴레이 메이크업 ...이러고 asmr영상 찍었습니다",
        "description": "저는 정말로 예쁘게 될줄알았어여.... 이거 하고 바로 asmr영상을 찍으려고 했는데...! 네...보시다시피 이런 상태가 되어버렸어요...! 근데 그냥 찍었어요!!!!.....그 영상은 내일 asmr채널에서 보실 수 있습니다 :ㅇ 오늘 영상도 재밌게 봐주세요!\n\n😍(영상 보러가기)\n친구가 해준 가을 웜톤 메이크업[daily makeup]데일리 메이크업\nhttps://www.youtube.com/watch?v=TFWxvCnoqFw&t=10s\n촬영준비 하다가 불났어요😱! ASMR 비하인드 스토리 [ asmr촬영 과정 ] 꿀꿀선아\nhttps://www.youtube.com/watch?v=XUGw7k6u7Ag&t=107s\n15만원 노브랜드 장보기 하울 NO BRAND SHOPPING HAUL[꿀꿀선아]\nhttps://www.youtube.com/watch?v=mKfBP9N5uco&t=89s\n사자돼지 핑돼\nhttps://www.youtube.com/watch?v=AW8Ki7-5u7I\n\n💌\n주소: 서울시 성동구 성수이로 20길 16 (성수동2가, JK타워) 8층\n받는이: 꿀꿀선아\n여러분들이 보내 주신 선물은 영상으로 만들 생각입니다☺ 원치 않으시는 분들은 연락을 주시거나 써 주세요!\n\n💕\n카카오 tv 채널:https://goo.gl/MgEqLt\n카카오톡 플러스친구:검색))꿀꿀선아\n\nSUNA Facebook: https://www.facebook.com/kyoung.jeon.92\nSUNA Instargram: https://www.instagram.com/ggulggulsuna\n핑돼 Instargram : https://www.instagram.com/pingu_pig_/\nSUNA Twitch: https://www.twitch.tv/ggulsuna\nPayPal Support link :https://goo.gl/SWRfel",
        "thumbnail": "https://i.ytimg.com/vi/Lr6L0aagZ74/mqdefault.jpg",
        "youtubeVideoId": "Lr6L0aagZ74",
        "uploadedDate": "2020-02-28T04:40:35Z",
        "viewCount": 36622,
        "isCommercial": "False"
    },
    {
        "id": "09726fce-b90c-4373-ae07-e390287336d4",
        "title": "촬영준비 하다가 불났어요😱! ASMR 비하인드 스토리  [ asmr촬영 과정 ] 꿀꿀선아",
        "description": "안녕하세요! 오늘은 여러분이 평소에 궁금해 하셨던 asmr촬영과정 영상을 가져왔어요!\n먹방asmr 준비 중 불이났지만... 괜찮아요 전ㅎㅎ 여러분 모두 불 조심!\n더 궁금하신 asmr 촬영준비 과정이 있다면 댓글에 써주세요~😘\n\n😍(영상 보러가기)\n청담 뷰티샵에서 히피펌과 아이돌메이크업을 받으면?!\nhttps://www.youtube.com/watch?v=KTR_-hj8xl4&t=329s\n친구가 해준 가을 웜톤 메이크업[daily makeup]데일리 메이크업\nhttps://www.youtube.com/watch?v=TFWxvCnoqFw&t=10s\n500원부터 최대 2만원대!! 내 돈 주고 산 저렴한 가을옷 쇼핑 하울!!\nhttps://youtu.be/jAcMIunF32o\n\n💌\n주소: 서울시 성동구 성수이로 20길 16 (성수동2가, JK타워) 8층\n받는이: 꿀꿀선아\n여러분들이 보내 주신 선물은 영상으로 만들 생각입니다☺ 원치 않으시는 분들은 연락을 주시거나 써 주세요!\n\n💕\n카카오 tv 채널:https://goo.gl/MgEqLt\n카카오톡 플러스친구:검색))꿀꿀선아\n\nSUNA Facebook: https://www.facebook.com/kyoung.jeon.92\nSUNA Instargram: https://www.instagram.com/ggulggulsuna\n핑돼 Instargram : https://www.instagram.com/pingu_pig_/\nSUNA Twitch: https://www.twitch.tv/ggulsuna\nPayPal Support link :https://goo.gl/SWRfel",
        "thumbnail": "https://i.ytimg.com/vi/XUGw7k6u7Ag/mqdefault.jpg",
        "youtubeVideoId": "XUGw7k6u7Ag",
        "uploadedDate": "2019-10-17T08:09:27Z",
        "viewCount": 39122,
        "isCommercial": "False"
    },
    {
        "id": "21852e6e-c73f-4010-99ae-23e646156d0d",
        "title": "힐링하러 농촌으로 여행 브이로그!Vlog 😍 특별한 농촌체험과 맛집탐방[꿀꿀선아]",
        "description": "오늘의 영상은 농촌 여행 브이로그입니다 !생각해보면 이때까지 국내여행을 간적이 정말없었어요 그래서  이번 기회에 이천을 가보았는데 너무너무 좋더라구요 돼지를 키우지만 소를 이렇게 가까이서 본적이 처음이었어요 정말 새로운 경험이었는데 여러분들도 가끔은 국내 농촌으로 여행을 가면 정말 색다른 경험이될거같아요! 커플도 친구도 아이가있는 가족도 아주 좋은 여행이 될거같아요! 그러면 여러분 다음영상에서 봬요😊\n\n😍(영상 보러가기)\n포항 풀빌라  여행 브이로그\nhttps://www.youtube.com/watch?v=c6T8NA7w8oA&t=599s\n세부여행 vlog 1\nhttps://www.youtube.com/watch?v=_Q6E3Xw5XAI&t=682s\n세부 vlog 2\nhttps://www.youtube.com/watch?v=B-KDGf_tp8U\n💌\n주소: 서울특별시 성동구 연무장 15길 11 에스팩토리 2층\n받는이:꿀꿀선아\n여러분들이 보내주신 선물은 영상으로 만들 생각입니다☺ 원치 않으시는분들은 연락을 주시거나 써주세요!\n\n💕\nasmr생방송은 asmr채널에서 매주 화요일 일요일 11시\n\n\n카카오 tv 채널:https://goo.gl/MgEqLt\n카카오톡 플러스친구:검색))꿀꿀선아\n\nSUNA Facebook: https://www.facebook.com/kyoung.jeon.92\nSUNA Instargram: https://www.instagram.com/ggulggulsuna\n핑돼 Instargram : https://www.instagram.com/pingu_pig_/\nSUNA Twitch: https://www.twitch.tv/ggulsuna\nPayPal Support link :https://goo.gl/SWRfel",
        "thumbnail": "https://i.ytimg.com/vi/_GP3t-v7hAY/mqdefault.jpg",
        "youtubeVideoId": "_GP3t-v7hAY",
        "uploadedDate": "2019-09-12T10:02:08Z",
        "viewCount": 21220,
        "isCommercial": "False"
    },
    {
        "id": "ba5a6937-f691-495f-a928-7b4837a4904b",
        "title": "낯선사람을 만났을때 돼지들의 반응[꿀꿀선아]미니피그",
        "description": "안녕하세요 !오늘의 영상은 낯선사람이 왔을때 돼지들의 반응이에요!\n재밌게 봐주세요\n\n😍(영상 보러가기)\n드라마 내남자의 비밀에 나온 핑돼 보러가기\nhttps://www.youtube.com/watch?v=rRmc45oHNw8\n양세형의 짤방공작소에나온 핑돼보러가기\nhttps://www.youtube.com/watch?v=co2CMJKdILI \n핑돼의 asmr 먹방 보러가기\nhttps://www.youtube.com/watch?v=giujoOecHg0&t=239s\n사자돼지 핑돼\nhttps://www.youtube.com/watch?v=AW8Ki7-5u7I\n💌\n주소: 서울특별시 성동구 연무장 15길 11 에스팩토리 2층\n받는이:꿀꿀선아\n여러분들이 보내주신 선물은 영상으로 만들 생각입니다☺ 원치 않으시는분들은 연락을 주시거나 써주세요!\n\n💕\nasmr생방송은 asmr채널에서 매주 화요일 일요일 11시\n\n\n카카오 tv 채널:https://goo.gl/MgEqLt\n카카오톡 플러스친구:검색))꿀꿀선아\n\nSUNA Facebook: https://www.facebook.com/kyoung.jeon.92\nSUNA Instargram: https://www.instagram.com/ggulggulsuna\n핑돼 Instargram : https://www.instagram.com/pingu_pig_/\nSUNA Twitch: https://www.twitch.tv/ggulsuna\nPayPal Support link :https://goo.gl/SWRfel",
        "thumbnail": "https://i.ytimg.com/vi/7Csr104Z-Qc/mqdefault.jpg",
        "youtubeVideoId": "7Csr104Z-Qc",
        "uploadedDate": "2019-09-12T10:03:05Z",
        "viewCount": 10567,
        "isCommercial": "False"
    },
    {
        "id": "9bec7d6a-8475-4f61-bb2f-156c8cb83332",
        "title": "청담 뷰티샵에서 히피펌과 아이돌메이크업을 받으면?![꿀꿀선아]선아의 하루",
        "description": "오랜만의 오늘의 영상은 제가 청담동샵을 가서 히피펌과 메이크업을 받은 영상이에요! 다녀온지 꽤 되었는데 일이 바빠서 이제야 올라가게 되었네요ㅠㅠ 제가 숱도 많고 파마도 금방 풀려서 걱정했는데 한달이 넘은 지금까지 아주 잘 지속되고있어요 가을 쌤 짱짱! 메이크업도 너무 마음에 들었어요ㅠㅡㅠ\n마지막에 제가 혼자 머리손질하면서 쓴 제품은 가을쌤 인스타로 연락하면 20%할인해주신다니까 참고하세요!ㅎㅎ\n\n관리해주신 실장님들 인스타는 요기👇\nhttps://www.instagram.com/onlykaeul/?hl=ko\nhttps://www.instagram.com/m_i_go222/?hl=ko\n\n\n\n😍(영상 보러가기)\n드라마 내남자의 비밀에 나온 핑돼 보러가기\nhttps://www.youtube.com/watch?v=rRmc45oHNw8\n양세형의 짤방공작소에나온 핑돼보러가기\nhttps://www.youtube.com/watch?v=co2CMJKdILI \n핑돼의 asmr 먹방 보러가기\nhttps://www.youtube.com/watch?v=giujoOecHg0&t=239s\n사자돼지 핑돼\nhttps://www.youtube.com/watch?v=AW8Ki7-5u7I\n💌\n주소: 서울특별시 성동구 연무장 15길 11 에스팩토리 2층\n받는이:꿀꿀선아\n여러분들이 보내주신 선물은 영상으로 만들 생각입니다☺ 원치 않으시는분들은 연락을 주시거나 써주세요!\n\n💕\nasmr생방송은 asmr채널에서 매주 화요일 일요일 11시\n\n\n카카오 tv 채널:https://goo.gl/MgEqLt\n카카오톡 플러스친구:검색))꿀꿀선아\n\nSUNA Facebook: https://www.facebook.com/kyoung.jeon.92\nSUNA Instargram: https://www.instagram.com/ggulggulsuna\n핑돼 Instargram : https://www.instagram.com/pingu_pig_/\nSUNA Twitch: https://www.twitch.tv/ggulsuna\nPayPal Support link :https://goo.gl/SWRfel",
        "thumbnail": "https://i.ytimg.com/vi/KTR_-hj8xl4/mqdefault.jpg",
        "youtubeVideoId": "KTR_-hj8xl4",
        "uploadedDate": "2019-09-08T02:46:21Z",
        "viewCount": 40332,
        "isCommercial": "False"
    },
    {
        "id": "a57c36b4-747b-4d35-9c87-32ab9d911ae3",
        "title": "생리대를 무료로 사는방법!! 학생들 꼭 보세요[꿀꿀선아]선아의 하루",
        "description": "오늘의 영상은 저소득층 여성청소년 생리대 지원정책(무상지급)에 대해 알려드리는 영상을 가져와보았어요! 영상을 제작하는 과정에서 이 정책에 대해 잘모르는 분들이 많더라구요! 그래서 최대한 많은 분들이 혜택을 받으셨으면 하는 마음에 열심히 영상을 제작해보았으니 여러분들도 주위에 많은 분들께 이야기 해주셨음 좋겠어요! 그러면서 생리대도 조그맣게 기부를 하고왔는데 이렇게 알리면서 한 기부는 처음이라 부끄럽네요ㅠㅡㅠ 조근이라도 도움이 되고싶은 마음에 해보았습니다! \n그러면 여러분 다음 영상에서 봐요😍\n\n😍(영상 보러가기)\n드라마 내남자의 비밀에 나온 핑돼 보러가기\nhttps://www.youtube.com/watch?v=rRmc45oHNw8\n양세형의 짤방공작소에나온 핑돼보러가기\nhttps://www.youtube.com/watch?v=co2CMJKdILI \n핑돼의 asmr 먹방 보러가기\nhttps://www.youtube.com/watch?v=giujoOecHg0&t=239s\n사자돼지 핑돼\nhttps://www.youtube.com/watch?v=AW8Ki7-5u7I\n💌\n주소: 서울특별시 성동구 연무장 15길 11 에스팩토리 2층\n받는이:꿀꿀선아\n여러분들이 보내주신 선물은 영상으로 만들 생각입니다☺ 원치 않으시는분들은 연락을 주시거나 써주세요!\n\n💕\nasmr생방송은 asmr채널에서 매주 화요일 일요일 11시\n\n\n카카오 tv 채널:https://goo.gl/MgEqLt\n카카오톡 플러스친구:검색))꿀꿀선아\n\nSUNA Facebook: https://www.facebook.com/kyoung.jeon.92\nSUNA Instargram: https://www.instagram.com/ggulggulsuna\n핑돼 Instargram : https://www.instagram.com/pingu_pig_/\nSUNA Twitch: https://www.twitch.tv/ggulsuna\nPayPal Support link :https://goo.gl/SWRfel",
        "thumbnail": "https://i.ytimg.com/vi/TkPr-H9IFNE/mqdefault.jpg",
        "youtubeVideoId": "TkPr-H9IFNE",
        "uploadedDate": "2019-09-08T02:44:38Z",
        "viewCount": 13812,
        "isCommercial": "False"
    },
    {
        "id": "d928c996-84af-4fd1-a7a3-95b2ccbf3b2d",
        "title": "10일만에 5kg 감량! 먹으면서 뺀 다이어트 식품 추천 | 다이어트음식(방탄커피, 아라리, 곤약, 컵라면) 소개",
        "description": "오늘의 영상은 제가 다이어트 할때 먹었던 다이어트 식품들의 리뷰입니다!\n조금이라도 여러분께 도움이 되었으면 좋겠어요!ㅎㅎ 지금 사진으로 보니 꽤 빠졌었는데 지금은 다니 비포의 상태가 되었답니다.... : ) 지금 다시 다이어트를 하려고 하고있어요! 올해안에는 꼭 11자 복근을 만드는걸로! 다이어트 영상도 가져올게요..ㅎㅎ\n다음번에 더 다양한 식품들 먹어보고 유용한 리뷰 남겨드리겠습니다 :) \n\n#다이어트 #방탄커피 #저탄고지\n바날라 방탄커피 구독자 100명 이벤트!\n1. 이벤트 기간 및 추첨 인원 안내 : 7/26 일 저녁 9시까지 참여 가능, 총 100명 랜덤 추첨\n2. 참여 방법 안내 : 구독, 좋아요 누르신 후 링크를 통해 참여 부탁드립니다!\n3. 이벤트 참여 링크 안내 : https://hoy.kr/na4xw\n** 당첨자분께는 브랜드에서 개별 메일이 발송되나, 미당첨자분께는 메일이 발송되지 않는 점 참고 부탁드려요!\n\n4. 제품 구매 링크 : https://vanalla.co.kr/goods/view?no=57\n\n-본 영상은 바날라의 지원으로 제작되었습니다-\n\n😍(영상 보러가기)\n데일리 홈케어로 홍조와 좁쌀잡기! 10일간의 피부 변화 \nhttps://youtu.be/ZH7op68FXHM\n선아의 LA 브이로그✈️\nhttps://youtu.be/Ac8PG3JRPIE\n목욕을 좋아하는 돼지를 위해 마당 야외 반신욕!\nhttps://youtu.be/yEN00wnwOR4\n세계 최초로 심즈4 확장팩 플레이해봤어요!\nhttps://youtu.be/-ccbFLxY7Tg\n\n💌\n주소: 서울특별시 성동구 연무장 15길 11 에스팩토리 2층\n받는이:꿀꿀선아\n여러분들이 보내주신 선물은 영상으로 만들 생각입니다☺ 원치 않으시는분들은 연락을 주시거나 써주세요!\n\n💕\nasmr생방송은 asmr채널에서 매주 화요일 일요일 11시\n\n\n카카오 tv 채널:https://goo.gl/MgEqLt\n카카오톡 플러스친구:검색))꿀꿀선아\n\nSUNA Facebook: https://www.facebook.com/kyoung.jeon.92\nSUNA Instargram: https://www.instagram.com/ggulggulsuna\n핑돼 Instargram : https://www.instagram.com/pingu_pig_/\nSUNA Twitch: https://www.twitch.tv/ggulsuna\nPayPal Support link :https://goo.gl/SWRfel",
        "thumbnail": "https://i.ytimg.com/vi/E_x5IcVnqaw/mqdefault.jpg",
        "youtubeVideoId": "E_x5IcVnqaw",
        "uploadedDate": "2019-07-20T04:18:13Z",
        "viewCount": 56940,
        "isCommercial": "False"
    },
    {
        "id": "b4883151-1537-4c92-be5a-3446bf34eb6c",
        "title": "데일리 홈케어로 홍조와 좁쌀잡기! 10일간의 피부 변화 [꿀꿀선아]라운드랩,독도토너",
        "description": "실제로 피부 변화가 눈에 확확 보이던 저의 10일간의 스킨케어 팁을 보여드렸습니다!\n속건조도 없어지고 너무 만족스러웠던 홈케어였어요 :)\n이 영상은 라운드랩 광고를 포함하고 있습니다\n\n*제품링크*\nhttp://deal.11st.co.kr/product/SellerProductDetail.tmall?method=getSellerProductDetail&videoAutoPlay=Y&prdNo=2465480961\n\n\n😍(영상 보러가기)\n선아의 LA 브이로그✈️\nhttps://youtu.be/Ac8PG3JRPIE\n세계 최초로 심즈4 확장팩 플레이해봤어요!\nhttps://youtu.be/-ccbFLxY7Tg\n목욕을 좋아하는 돼지를 위해 마당 야외 반신욕!\nhttps://youtu.be/yEN00wnwOR4\nASMR 먹방 유튜버 꿀꿀선아의 셀프 건강관리법\nhttps://youtu.be/GLYOGf8FwnE\n💌\n주소: 서울특별시 성동구 연무장 15길 11 에스팩토리 2층\n받는이:꿀꿀선아\n여러분들이 보내주신 선물은 영상으로 만들 생각입니다☺ 원치 않으시는분들은 연락을 주시거나 써주세요!\n\n💕\nasmr생방송은 asmr채널에서 매주 화요일 일요일 11시\n\n\n카카오 tv 채널:https://goo.gl/MgEqLt\n카카오톡 플러스친구:검색))꿀꿀선아\n\nSUNA Facebook: https://www.facebook.com/kyoung.jeon.92\nSUNA Instargram: https://www.instagram.com/ggulggulsuna\n핑돼 Instargram : https://www.instagram.com/pingu_pig_/\nSUNA Twitch: https://www.twitch.tv/ggulsuna\nPayPal Support link :https://goo.gl/SWRfel",
        "thumbnail": "https://i.ytimg.com/vi/ZH7op68FXHM/mqdefault.jpg",
        "youtubeVideoId": "ZH7op68FXHM",
        "uploadedDate": "2019-07-10T00:23:16Z",
        "viewCount": 39608,
        "isCommercial": "False"
    },
    {
        "id": "f95c7d91-5d33-48e8-ae31-bcae0cbce53b",
        "title": "세계 최초로 심즈4 확장팩 플레이해봤어요![심즈4 아일랜드라이프] 꿀꿀선아 (EA PLAY)",
        "description": "오늘 영상은 심즈4의 새로운 업데이트인 아일랜드 라이프를 재미있게 플레이하고 왔습니다.  EA PLAY에서 초청을 받아 미국LA을 다녀왔어요! 여러분들이 가끔 요청하신 게임영상인데 이렇게라도 하게 되어 기쁘네요 😘\n앞으로도 종종 제 게임 플레이를 보여드릴 기회가 있었으면 좋겠어요! (못하지만 열심히 ..)\n재밌게 보셨다면 구독과 좋아요 부탁드려요 :)\n\n#심즈4 #아일랜드라이프 #SIMS4\n\n😍(영상 보러가기)\nASMR 먹방 유튜버 꿀꿀선아의 셀프 건강관리법\nhttps://youtu.be/GLYOGf8FwnE\n청담동 미용실에서 유튜브 생애 첫 스타일 변화!\nhttps://youtu.be/eovVYgVxP_U\n포항 풀빌라로 힐링 여행\nhttps://youtu.be/c6T8NA7w8oA\n인생 여행지 추천ㅣ선아의 세부 여행 #2\nhttps://youtu.be/B-KDGf_tp8U\n\n💌\n주소: 서울특별시 성동구 연무장 15길 11 에스팩토리 2층\n받는이:꿀꿀선아\n여러분들이 보내주신 선물은 영상으로 만들 생각입니다☺ 원치 않으시는분들은 연락을 주시거나 써주세요!\n\n💕\nasmr생방송은 asmr채널에서 매주 화요일 일요일 11시\n\n\n카카오 tv 채널:https://goo.gl/MgEqLt\n카카오톡 플러스친구:검색))꿀꿀선아\n\nSUNA Facebook: https://www.facebook.com/kyoung.jeon.92\nSUNA Instargram: https://www.instagram.com/ggulggulsuna\n핑돼 Instargram : https://www.instagram.com/pingu_pig_/\nSUNA Twitch: https://www.twitch.tv/ggulsuna\nPayPal Support link :https://goo.gl/SWRfel",
        "thumbnail": "https://i.ytimg.com/vi/-ccbFLxY7Tg/mqdefault.jpg",
        "youtubeVideoId": "-ccbFLxY7Tg",
        "uploadedDate": "2019-07-10T00:23:44Z",
        "viewCount": 15321,
        "isCommercial": "False"
    },
    {
        "id": "cba60967-60d9-4880-8585-2941fd997b41",
        "title": "ASMR 먹방 유튜버 꿀꿀선아의 셀프 건강관리법(자취생 건강 관리 TIP)",
        "description": "안녕하세요 꿀꿀선아 입니다!오늘의 영상은 저만의 셀프 건강관리법을 담아봤어요! 메타그린 제품을 제공받았지만직접 한달 간 사용해보니 너무 만족스러워서 여러분께도 소개해드리게 되었어요.그리고 이번에 미국으로 출장을 다녀온 뒤에는(현재도 미국!) 체지방관리를 건강하게 하면서열심히 몸 관리를 해볼테니 그때 성공하면 그때는ㅜ 대사케어 관련 영상을 가져와 보도록 할게요!\n \n#메타그린 #녹차카테킨 #체지방\n \n이 영상은 ㈜아모레퍼시픽 건강기능식품 전문 브랜드 바이탈뷰티의 지원으로 제작되었습니다.\n\n\n😍(영상 보러가기)\n인생 여행지 추천ㅣ선아의 세부 여행 #1\nhttps://youtu.be/_Q6E3Xw5XAI\n선아의 세부 여행 #2\nhttps://youtu.be/B-KDGf_tp8U\n고양이 랑이한테 죽은 척했다가 혼났어요..\nhttps://youtu.be/EjKeTiFliz8\n길고양이 얼룩이가 죽임을 당했습니다\nhttps://youtu.be/_UGDYNtP4iU\n💌\n주소: 서울특별시 성동구 연무장 15길 11 에스팩토리 2층\n받는이:꿀꿀선아\n여러분들이 보내주신 선물은 영상으로 만들 생각입니다☺ 원치 않으시는분들은 연락을 주시거나 써주세요!\n\n💕\nasmr생방송은 asmr채널에서 매주 화요일 일요일 11시\n\n\n카카오 tv 채널:https://goo.gl/MgEqLt\n카카오톡 플러스친구:검색))꿀꿀선아\n\nSUNA Facebook: https://www.facebook.com/kyoung.jeon.92\nSUNA Instargram: https://www.instagram.com/ggulggulsuna\n핑돼 Instargram : https://www.instagram.com/pingu_pig_/\nSUNA Twitch: https://www.twitch.tv/ggulsuna\nPayPal Support link :https://goo.gl/SWRfel",
        "thumbnail": "https://i.ytimg.com/vi/GLYOGf8FwnE/mqdefault.jpg",
        "youtubeVideoId": "GLYOGf8FwnE",
        "uploadedDate": "2019-06-15T12:11:19Z",
        "viewCount": 22430,
        "isCommercial": "False"
    },
    {
        "id": "40a399c3-12bc-4618-a527-87897f0321d7",
        "title": "인생 여행지 추천ㅣ선아의 세부 여행 #1 (ft. 솔레아리조트,마트 하울,오슬롭,알레그리아,모알보알,막탄,고래상어,캐녀닝)",
        "description": "오늘은 필리핀 세부 여행 브이로그로 왔습니다!\n1편에서는 공항, 솔레아 리조트, 세브이 모어, 앵그리 크랩과 오슬롭에서 고래상어 투어를 하고 알레그리아 캐녀닝을 했어요\n캐녀닝이 특히나 너무 재미있었어요 여러분들도 가게되시면 캐녀닝 꼭! 꼭 하세요:)\n\n영상 중간에 자막 실수가 있습니다 (알레그레이→ 알레그리아)\n\n😍(영상 보러가기)\n제주도 맛집 탐방!🏃‍♀️선아의 제주도 여행 vlog\nhttps://youtu.be/SQ_V0Pb2y9o\n청담동 미용실에서 유튜브 생애 첫 스타일 변화!\nhttps://youtu.be/eovVYgVxP_U\n포항 풀빌라로 힐링 여행\nhttps://youtu.be/c6T8NA7w8oA\n미니피그와 고양이에게 양치를 시켰어요!\nhttps://youtu.be/eDi-Z98YckM\n💌\n주소: 서울특별시 성동구 연무장 15길 11 에스팩토리 2층\n받는이:꿀꿀선아\n여러분들이 보내주신 선물은 영상으로 만들 생각입니다☺ 원치 않으시는분들은 연락을 주시거나 써주세요!\n\n💕\nasmr생방송은 asmr채널에서 매주 화요일 일요일 11시\n\n\n카카오 tv 채널:https://goo.gl/MgEqLt\n카카오톡 플러스친구:검색))꿀꿀선아\n\nSUNA Facebook: https://www.facebook.com/kyoung.jeon.92\nSUNA Instargram: https://www.instagram.com/ggulggulsuna\n핑돼 Instargram : https://www.instagram.com/pingu_pig_/\nSUNA Twitch: https://www.twitch.tv/ggulsuna\nPayPal Support link :https://goo.gl/SWRfel",
        "thumbnail": "https://i.ytimg.com/vi/_Q6E3Xw5XAI/mqdefault.jpg",
        "youtubeVideoId": "_Q6E3Xw5XAI",
        "uploadedDate": "2019-06-15T12:10:36Z",
        "viewCount": 135879,
        "isCommercial": "False"
    },
    {
        "id": "108d00c0-0af2-49c0-af83-b4fe34f172f3",
        "title": "제주도 맛집 뿌수기👊선아의 제주도 여행 vlog #2 (ft. 제주양떼목장,놀맨,봄날카페,애월푸드,동문시장,동문야시장,산도위치,고스트타운)",
        "description": "제주도 여행 브이로그 2편입니다 !\n맛집 먹방과 다양한 액티비티를 즐기고왔어요 너무 재밌던 제주도에서의 2박 3일이었어요 :)\n\n😍(영상 보러가기)\n역대급 인생샷! 선아의 제주도 여행 vlog #1\nhttps://youtu.be/SQ_V0Pb2y9o\n기다리고 기다리던 미니피그QnA!🐽\nhttps://www.youtube.com/watch?v=5vE5t...\n청담동 미용실에서 유튜브 생애 첫 스타일 변화!\nhttps://youtu.be/eovVYgVxP_U\n포항 풀빌라로 힐링 여행ㅣ선아의 포항 여행 VLOG\nhttps://youtu.be/c6T8NA7w8oA\n💌\n주소: 서울특별시 성동구 연무장 15길 11 에스팩토리 2층\n받는이:꿀꿀선아\n여러분들이 보내주신 선물은 영상으로 만들 생각입니다☺ 원치 않으시는분들은 연락을 주시거나 써주세요!\n\n💕\nasmr생방송은 asmr채널에서 매주 화요일 일요일 11시\n\n\n카카오 tv 채널:https://goo.gl/MgEqLt\n카카오톡 플러스친구:검색))꿀꿀선아\n\nSUNA Facebook: https://www.facebook.com/kyoung.jeon.92\nSUNA Instargram: https://www.instagram.com/ggulggulsuna\n핑돼 Instargram : https://www.instagram.com/pingu_pig_/\nSUNA Twitch: https://www.twitch.tv/ggulsuna\nPayPal Support link :https://goo.gl/SWRfel",
        "thumbnail": "https://i.ytimg.com/vi/yPA47y7ezSo/mqdefault.jpg",
        "youtubeVideoId": "yPA47y7ezSo",
        "uploadedDate": "2019-05-28T23:18:40Z",
        "viewCount": 23578,
        "isCommercial": "False"
    },
    {
        "id": "d5b5ac92-73af-4c67-b9ee-960d1bc449f7",
        "title": "제주도 맛집 탐방!🏃‍♀️선아의 제주도 여행 vlog #1 (ft.오설록 햇차 페스티벌,순옥이네명가,동문시장,돌카롱,김만복김밥,곽지국시)",
        "description": "지난 5월 3일~5일 연휴동안 제주도 여행을 다녀왔었어요!\n다양한 맛집도 가고 날씨도 따뜻하고 힐링 제대로 하고 온 거 같아요☺️\n여러분도 기회가 되시면 오설록 페스티벌에 참여해보세요~ 저는 정말 만족스러웠답니다 :D\n동문시장 먹방과 2일차,3일차 브이로그는 다음 2편에 올라올 예정입니다 많이 기대해주세요\n\n🌿이 영상은 오설록과 함께합니다🌿\n\n\n😍(영상 보러가기)\n아이패드가 고양이의 장난감이 되었어요\nhttps://youtu.be/SWD3-r2TGTE\n청담동 미용실에서 유튜브 생애 첫 스타일 변화!\nhttps://youtu.be/eovVYgVxP_U\n포항 풀빌라로 힐링 여행ㅣ선아의 포항 여행 VLOG\nhttps://youtu.be/c6T8NA7w8oA\n나의 소소한 주말 보내기 [VLOG#6] \nhttps://youtu.be/b-DbOC2V3eM\n💌\n주소: 서울특별시 성동구 연무장 15길 11 에스팩토리 2층\n받는이:꿀꿀선아\n여러분들이 보내주신 선물은 영상으로 만들 생각입니다☺ 원치 않으시는분들은 연락을 주시거나 써주세요!\n\n💕\nasmr생방송은 asmr채널에서 매주 화요일 일요일 11시\n\n\n카카오 tv 채널:https://goo.gl/MgEqLt\n카카오톡 플러스친구:검색))꿀꿀선아\n\nSUNA Facebook: https://www.facebook.com/kyoung.jeon.92\nSUNA Instargram: https://www.instagram.com/ggulggulsuna\n핑돼 Instargram : https://www.instagram.com/pingu_pig_/\nSUNA Twitch: https://www.twitch.tv/ggulsuna\nPayPal Support link :https://goo.gl/SWRfel",
        "thumbnail": "https://i.ytimg.com/vi/SQ_V0Pb2y9o/mqdefault.jpg",
        "youtubeVideoId": "SQ_V0Pb2y9o",
        "uploadedDate": "2019-05-28T23:18:55Z",
        "viewCount": 17897,
        "isCommercial": "False"
    },
    {
        "id": "db010689-f734-458c-91bd-a8680a1262a8",
        "title": "선아의 쉬는 날 뒹굴 브이로그ㅣ집순이 꿀템(우유베개, 태블릿거치대,스위처 등)소개, 감바스 요리하고 어버이날 돈다발, 랍스타 무한리필",
        "description": "오늘은 저의 쉬는 날 브이로그에요! 제가 너무 잘쓰는 자취 꿀템들 소개도 하고 어머니 모시고 바이킹 스워프도 다녀오고 간만의(?) 외출이었어요😅\n\n-유료광고를 포함하고 있습니다(우유베개)-\n\n😍(영상 보러가기)\n청담동 미용실에서 유튜브 생애 첫 스타일 변화!\nhttps://youtu.be/eovVYgVxP_U\n아기고양이 랑이의 첫 목욕날! \nhttps://youtu.be/MvztNw1-8vo\n포항 풀빌라로 힐링 여행ㅣ선아의 포항 여행 VLOG\nhttps://youtu.be/c6T8NA7w8oA\n나의 소소한 주말 보내기 [VLOG#6]\nhttps://youtu.be/b-DbOC2V3eM\n💌\n주소: 서울특별시 성동구 연무장 15길 11 에스팩토리 2층\n받는이:꿀꿀선아\n여러분들이 보내주신 선물은 영상으로 만들 생각입니다☺ 원치 않으시는분들은 연락을 주시거나 써주세요!\n\n💕\nasmr생방송은 asmr채널에서 매주 화요일 일요일 11시\n\n\n카카오 tv 채널:https://goo.gl/MgEqLt\n카카오톡 플러스친구:검색))꿀꿀선아\n\nSUNA Facebook: https://www.facebook.com/kyoung.jeon.92\nSUNA Instargram: https://www.instagram.com/ggulggulsuna\n핑돼 Instargram : https://www.instagram.com/pingu_pig_/\nSUNA Twitch: https://www.twitch.tv/ggulsuna\nPayPal Support link :https://goo.gl/SWRfel",
        "thumbnail": "https://i.ytimg.com/vi/rnwvWls21OM/mqdefault.jpg",
        "youtubeVideoId": "rnwvWls21OM",
        "uploadedDate": "2019-05-28T23:20:35Z",
        "viewCount": 25328,
        "isCommercial": "False"
    },
    {
        "id": "ec1d1933-074a-4865-a032-44dba601a878",
        "title": "포항 풀빌라로 힐링 여행ㅣ선아의 포항 여행 VLOG [꿀꿀선아]",
        "description": "오늘은 정말 오랜만에 여행 영상을 들고왔어요!\n친한 친구 희수와 함께 '포항 케렌시아 풀빌라' 라는 곳을 갔는데 정말 너무 좋았어요! 다시 너무 가고싶은.. 😭\n원래는 오래 전부터 계획했던 여행인데 제가 몸이 안좋아지는 바람에 이제서야 여행을 가게되었네요 이른 봄에 가서 벚꽃 구경도 하고 싶었었는데 아쉬워요..\n그래도 너무 너무 즐거우던 포항 여행입니다!\n(핑돼와 살구는 친구가 대신 돌봐주었어요ㅎㅎ)\n\n\n\n↓↓풀빌라에 관심 있으신 분들은 여기로↓↓\nhttp://querenciapoolvilla.com/\n\n\n\n😍(영상 보러가기)\n나의 소소한 주말 보내기 [VLOG#6]\nhttps://youtu.be/b-DbOC2V3eM\n잠오는 살구를 귀찮게 굴기😙\nhttps://youtu.be/XxoKCxkN9Yk\n미니피그와 꼭 붙어다니는 고양이🐱\nhttps://www.youtube.com/watch?v=giujoOecHg0&t=239s\n사실은 목욕을 좋아하는 돼지\nhttps://youtu.be/HnP74kb26fM\n\n💌\n주소: 서울특별시 성동구 연무장 15길 11 에스팩토리 2층\n받는이:꿀꿀선아\n여러분들이 보내주신 선물은 영상으로 만들 생각입니다☺ 원치 않으시는분들은 연락을 주시거나 써주세요!\n\n💕\nasmr생방송은 asmr채널에서 매주 화요일 일요일 11시\n\n\n카카오 tv 채널:https://goo.gl/MgEqLt\n카카오톡 플러스친구:검색))꿀꿀선아\n\nSUNA Facebook: https://www.facebook.com/kyoung.jeon.92\nSUNA Instargram: https://www.instagram.com/ggulggulsuna\n핑돼 Instargram : https://www.instagram.com/pingu_pig_/\nSUNA Twitch: https://www.twitch.tv/ggulsuna\nPayPal Support link :https://goo.gl/SWRfel",
        "thumbnail": "https://i.ytimg.com/vi/c6T8NA7w8oA/mqdefault.jpg",
        "youtubeVideoId": "c6T8NA7w8oA",
        "uploadedDate": "2019-05-28T23:19:42Z",
        "viewCount": 285440,
        "isCommercial": "False"
    },
    {
        "id": "a70bd91b-1a78-45cd-b729-4f98add8cae0",
        "title": "자연스러운 윤광 메이크업+ASMR광고 따라해보기💙 [선아의 하루]닥터벨머,GRWM,Get ready with me,꿀꿀선아,make up",
        "description": "오늘은 ASMR 닥터벨머 광고 따라하기와 함께 자연스러운 윤광 메이크업 영상과 겨울철이 되어 건조하고 민감해진 피부를 잠재워줄 기초템을 추천해보았습니다😉\n그럼 오늘도 좋은 하루 보내시고 재밌게 보셨다면 구독과 좋아요 부탁드립니다!\n\n'이번 영상은 닥터벨머로부터 비용을 지원받아 제작된 영상입니다!'\n\n#닥터벨머 #민감성피부 \n\n\n😍(영상 보러가기)\n빕스 신메뉴들 싹-다 먹었어요!🐷\nhttps://youtu.be/4E_mfsmCzeQ\nGRWM 선아의 요즘 하는 메이크업💕\nhttps://youtu.be/NwPpISLgNG4\n핑돼,살구가 사고친 날=대청소 하는 날😭\nhttps://youtu.be/0aVwU0qJuZ0\n핑돼와 살구에게 죽은 척을 해봤더니!!😱\nhttps://youtu.be/Or7_p0DfeAc\n\n\n💌\n주소: 서울특별시 성동구 연무장 15길 11 에스팩토리 2층\n받는이:꿀꿀선아\n여러분들이 보내주신 선물은 영상으로 만들 생각입니다☺ 원치 않으시는분들은 연락을 주시거나 써주세요!\n\n💕\nasmr생방송은 asmr채널에서 매주 화요일 일요일 11시\n\n\n카카오 tv 채널:https://goo.gl/MgEqLt\n카카오톡 플러스친구:검색))꿀꿀선아\n\nSUNA Facebook: https://www.facebook.com/kyoung.jeon.92\nSUNA Instargram: https://www.instagram.com/ggulggulsuna\nSUNA Twitch: https://www.twitch.tv/ggulsuna\nPayPal Support link :https://goo.gl/SWRfel",
        "thumbnail": "https://i.ytimg.com/vi/N66dDYFm-po/mqdefault.jpg",
        "youtubeVideoId": "N66dDYFm-po",
        "uploadedDate": "2018-12-26T09:56:36Z",
        "viewCount": 23971,
        "isCommercial": "False"
    },
    {
        "id": "57993ccf-bdee-4122-b20c-31d711eb377c",
        "title": "2018 아이패드 프로 3세대 11\"+애플 펜슬 2세대 같이 개봉해요!📦 iPad pro 3/Apple pencil Unboxing [선아의 하루]꿀꿀선아,애플",
        "description": "오늘은 저에게 주는 선물이었던 아이패드 프로 3세대 11인치와 애플 펜슬, 그리고 케이스까지! 함께 개봉해보았어요 ㅎㅎ\n저는 아직까지도 너무 만족하며 사용하고 있어요!\n앞으로 다이어리 꾸민 영상이나 다양한 아이패드 팁들 공부해서 재밌는 영상들도 가져올게요😆\n재밌게 보셨다면 구독과 좋아요와 댓글까지 부탁드려요\n\n#아이패드프로3세대 #애플펜슬2세대\n\n\n😍(영상 보러가기)\n400만원짜리 i9 게이밍 노트북 리뷰! 에일리언웨어17 R5\nhttps://www.youtube.com/watch?v=QBMygIwveTU&t=4s\n선아님 마이크 뭐 쓰세요? asmr장비 소개+추천까지!\nhttps://www.youtube.com/watch?v=9yjwQcLK6aM&t=566s\n미니피그에게 ASMR을 들려주면 어떤반응일까?🐽\nhttps://youtu.be/sVDDx9aOUZc\nGRWM 선아의 요즘 하는 메이크업💕\nhttps://youtu.be/NwPpISLgNG4\n핑돼,살구가 사고친 날=대청소 하는 날😭\nhttps://youtu.be/0aVwU0qJuZ0\n길냥이들을 위한 겨울나기 집 만들었어요!🏠\nhttps://youtu.be/dKU_yPigoJs\n\n\n💌\n주소: 서울특별시 성동구 연무장 15길 11 에스팩토리 2층\n받는이:꿀꿀선아\n여러분들이 보내주신 선물은 영상으로 만들 생각입니다☺ 원치 않으시는분들은 연락을 주시거나 써주세요!\n\n💕\nasmr생방송은 asmr채널에서 매주 화요일 일요일 11시\n\n\n카카오 tv 채널:https://goo.gl/MgEqLt\n카카오톡 플러스친구:검색))꿀꿀선아\n\nSUNA Facebook: https://www.facebook.com/kyoung.jeon.92\nSUNA Instargram: https://www.instagram.com/ggulggulsuna\nSUNA Twitch: https://www.twitch.tv/ggulsuna\nPayPal Support link :https://goo.gl/SWRfel",
        "thumbnail": "https://i.ytimg.com/vi/RIbQvOVAGHg/mqdefault.jpg",
        "youtubeVideoId": "RIbQvOVAGHg",
        "uploadedDate": "2019-01-01T10:09:31Z",
        "viewCount": 318620,
        "isCommercial": "False"
    },
    {
        "id": "26aa26fc-ea7d-40c7-846e-8194ca2ceb4a",
        "title": "GRWM 선아의 요즘 하는 메이크업💕 세안부터 겟레디윗미! [선아의 하루]Get ready with me,꿀꿀선아,make up",
        "description": "#겟레디윗미 #같이준비해요 \n오랜만의 메이크업 영상을 들고왔어요!\n여러 스타일의 화장을 시도해보려고 자주 연습중이니까 앞으로 발전하는 모습 많이 보여드리도록 할게요😆\n그래도 처음 화장보단 많이 늘었지 않나요? 하핫..\n재밌게 보셨다면 구독과 좋아요 꾹! 부탁드릴게요 💕\n아참 그리고 오늘 제 생일이에요😆😆 생일인데 일하구있어요😱\n다음주 휴가를 위해 불태우겠습니다!\n여러분들도 좋은 하루 보내세요!\n\n\n~사용한 제품~\n\n\n- acuvue\n  아큐브 디파인 레디언트 시크\n\n- sk2\n  피테라 에센스\n\n- IZIA\n  아이지아 자연 효소 로션\n\n- Kiehls\n  키엘 울트라 페이셜 크림\n\n- Clarins\n  클라란스 라이트 립 컴포트 오일 #4호 캔디\n\n- Stelbi\n  스텔비 칼라민 톤업 선크림\n\n- Nars\n  나스 래디언트 크리미 컨실러 #바닐라\n\n- Hanyul\n  한율 커버 파운데이션 #21호 화사한 핑크\n\n- Eglips\n  이글립스 블러 파우더 팩트 #21호\n\n-  Nars\n  나스 블러쉬 #섹스어필\n\n- 핑크에디션 바이 퓨어 뷰티 #에브리데이 섀도우 팔레트\n\n- Peripera\n 페리페라 슈가 트윙클 리퀴드 섀도우 #9호 코랄 크래커\n\n- Shiseido\n 시세이도 래쉬 컬러\n\n- Tonymory\n  토니모리 마크 워터프루프 젤 라이너 #02 브라운\n\n- Kissme \n 키스미 히로인 메이크 슈퍼워터프루프 #볼륨앤컬\n\n- Chanel \n 샤넬 루쥬 알뤼르 잉크 #148 리베레\n\n- Peripera \n 페리페라 슈가 쿠션 일루빔 #핑크\n\n- Innisfree\n 이니스프리 리얼 헤어 메이크업 젤리 컨실러\n  #3호 동트기 전 어반 브라운\n\n- Bodycologe\n 바디콜로지 트룰리유얼쓰\n\n\n\n😍(영상 보러가기)\n한끼 9만원 호텔 뷔페 먹방!\nhttps://youtu.be/lk7fi4mMtKc\n팝핑보바 먹방 리얼사운드\nhttps://youtu.be/np9Y8NZYM-E\n핑돼와 살구의 셀프 프로필 촬영📸\nhttps://youtu.be/udsAJ8_w9TM\n길냥이들을 위한 겨울나기 집 만들었어요!🏠\nhttps://youtu.be/dKU_yPigoJs\n\n💌\n주소: 서울특별시 성동구 연무장 15길 11 에스팩토리 2층\n받는이:꿀꿀선아\n여러분들이 보내주신 선물은 영상으로 만들 생각입니다☺ 원치 않으시는분들은 연락을 주시거나 써주세요!\n\n💕\nasmr생방송은 asmr채널에서 매주 화요일 일요일 11시\n\n\n카카오 tv 채널:https://goo.gl/MgEqLt\n카카오톡 플러스친구:검색))꿀꿀선아\n\nSUNA Facebook: https://www.facebook.com/kyoung.jeon.92\nSUNA Instargram: https://www.instagram.com/ggulggulsuna\nSUNA Twitch: https://www.twitch.tv/ggulsuna\nPayPal Support link :https://goo.gl/SWRfel",
        "thumbnail": "https://i.ytimg.com/vi/NwPpISLgNG4/mqdefault.jpg",
        "youtubeVideoId": "NwPpISLgNG4",
        "uploadedDate": "2018-12-12T13:25:05Z",
        "viewCount": 33649,
        "isCommercial": "False"
    },
    {
        "id": "c3d7163f-e8df-4123-ab83-23d8e5f3b30b",
        "title": "교토 기모노 체험! 선아의 오사카 먹방 여행 VLOG 2편🧡 [선아의하루]교토 길거리음식+일본 가정식+샤브샤브+당고+타코야끼,오사카여행,여행브이로그",
        "description": "1편 먹방 브이로그 다들 잘 보셨나요?\n오늘은 2편 교토편을 가져와봤어요!\n기모노는 굉장히 이뻤지만 몸이 몹시 힘들었던 기억이...😂\n그래도 재미있었던 여행이에요\n재밌게 보셨다면 구독과 좋아요 잊지말기!\n\n🥣영상에 나온 식당🥣\n\n1. 야요이켄\n\n2. 아라시야마 길거리 음식 당고\n\n3. 아라시야마 대게 꼬치, 해물 꼬치\n\n4. 아라시야마 딸기모찌\n\n5. 샤부테이\n\n6. 앗치치혼포 타코야끼\n\n7. 모스버거\n\n8. 고기 극장\n\n9. 아이즈야 타코야끼 \n\n\n😍(영상 보러가기)\n선아와 오사카 여행✈️\nhttps://youtu.be/ZXTzYLlq3zk\n꿀꿀선아🐽팝핑보바 먹방 리얼사운드 asmr?!\nhttps://youtu.be/np9Y8NZYM-E\n두피케어 받고 엄청 깨끗해졌어요!😍\nhttps://youtu.be/30L-t5H0XDQ\n길냥이들을 위한 겨울나기 집 만들었어요!🏠\nhttps://youtu.be/dKU_yPigoJs\n\n💌\n주소: 서울특별시 성동구 연무장 15길 11 에스팩토리 2층\n받는이:꿀꿀선아\n여러분들이 보내주신 선물은 영상으로 만들 생각입니다☺ 원치 않으시는분들은 연락을 주시거나 써주세요!\n\n💕\nasmr생방송은 asmr채널에서 매주 화요일 일요일 11시\n\n\n카카오 tv 채널:https://goo.gl/MgEqLt\n카카오톡 플러스친구:검색))꿀꿀선아\n\nSUNA Facebook: https://www.facebook.com/kyoung.jeon.92\nSUNA Instargram: https://www.instagram.com/ggulggulsuna\nSUNA Twitch: https://www.twitch.tv/ggulsuna\nPayPal Support link :https://goo.gl/SWRfel",
        "thumbnail": "https://i.ytimg.com/vi/1eYXyy1qNf0/mqdefault.jpg",
        "youtubeVideoId": "1eYXyy1qNf0",
        "uploadedDate": "2018-12-12T13:25:49Z",
        "viewCount": 76014,
        "isCommercial": "False"
    },
    {
        "id": "88cc0995-193d-47ed-9167-db87fbfa31c7",
        "title": "제 피아노 실력 첫 공개해볼게요🐽[선아의하루]꿀꿀선아",
        "description": "안녕하세요 여러분 선아입니다! 오늘은 부끄럽지만 저의 피아노 실력을 만천하에 공개하게 되었네요...현재는 열심히 연습중이에요!😆\n얼른 잘 치는 모습 다음 영상으로 보여드릴게요\n여러분이 듣고싶은 노래들도 댓글로 많이 추천해주세요!\n구독과 좋아요 댓글 한번씩 부탁드려요🐷\n\n\n* 인트로에 나오는 피아노곡은 Pianist JayM님의 커버곡을 사용하였습니다. https://youtu.be/synbvictGMA\n\n\n선아의 공식 팬카페 가입하러가기!⬇️\nhttps://cafe.naver.com/ggulggulsuna\n\nhttps://audioclip.naver.com/channels/...\n자면서 들을 수 있는오디오클립 채널도 생겼어요 구독꾸욱!\n\n\n😍(영상 보러가기)\n선아님 마이크 뭐 쓰세요? asmr장비 소개+추천까지! \nhttps://www.youtube.com/watch?v=9yjwQcLK6aM\n살구 데리고 병원다녀왔습니다... \nhttps://www.youtube.com/watch?v=2d3RHT1M3bw\n버려진 유기묘?! 냥줍을 해버렸어요..\nhttps://www.youtube.com/watch?v=3Lo5NkRSYc8&t=62s\n\n\n💌\n주소: 서울특별시 성동구 연무장 15길 11 에스팩토리 2층\n받는이:꿀꿀선아\n여러분들이 보내주신 선물은 영상으로 만들 생각입니다☺ 원치 않으시는분들은 연락을 주시거나 써주세요!\n\n💕\nasmr생방송은 asmr채널에서 매주 화요일 일요일 11시\n\n\n카카오 tv 채널:https://goo.gl/MgEqLt\n카카오톡 플러스친구:검색))꿀꿀선아\n\nSUNA Facebook: https://www.facebook.com/kyoung.jeon.92\nSUNA Instargram: https://www.instagram.com/ggulggulsuna\nSUNA Twitch: https://www.twitch.tv/ggulsuna\nPayPal Support link :https://goo.gl/SWRfel",
        "thumbnail": "https://i.ytimg.com/vi/EG3MnPYjmXQ/mqdefault.jpg",
        "youtubeVideoId": "EG3MnPYjmXQ",
        "uploadedDate": "2018-10-28T11:18:31Z",
        "viewCount": 87498,
        "isCommercial": "False"
    },
    {
        "id": "5b7ea60b-33f4-4eed-bc49-7bb7c52b1634",
        "title": "선아님 마이크 뭐 쓰세요? asmr장비 소개+추천까지! [선아의하루]꿀꿀선아",
        "description": "영상이 길어져서 중간중간 부속품을 거의 빼고 주요 마이크와 카메라들만 소개를 해드렸어요! 😀\nASMR 채널에서도 많이들 궁금해하시고 메일로 문의주시는 분들도 많으셨는데 다들 궁금증이 해소되셨나요? 여러분들도 제가 소개해드린 장비들로 좋은 영상 만들어주시면 너무 뿌듯할 것 같아요💕\n오늘도 시청해주셔서 감사합니다 좋은 하루 보내세요😍\nHave a good day, 良よい一日いちにちを。 \n\n\n선아의 공식 팬카페 가입하러가기!⬇️\nhttps://cafe.naver.com/ggulggulsuna\n\nhttps://audioclip.naver.com/channels/1080\n자면서 들을 수 있는오디오클립 채널도 생겼어요 구독꾸욱!\n\n\n😍(영상 보러가기)\nhttps://youtu.be/3Lo5NkRSYc8\n버려진 유기묘?! 냥줍을 해버렸어요..\nhttps://www.youtube.com/watch?v=feOmg...\nasmr 핑돼와 살구의 수박먹방 리얼사운드!\nhttps://www.youtube.com/watch?v=w9mU0...\n매콤한 쭈꾸미 먹방! 🔉리얼사운드🔈\nhttps://youtu.be/V_TVbXNMjek\n타오바오 구매방법!\n💌\n주소: 서울특별시 성동구 연무장 15길 11 에스팩토리 2층\n받는이:꿀꿀선아\n여러분들이 보내주신 선물은 영상으로 만들 생각입니다☺ 원치 않으시는분들은 연락을 주시거나 써주세요!\n\n💕\nasmr생방송은 asmr채널에서 매주 화요일 일요일 11시\n\n\n카카오 tv 채널:https://goo.gl/MgEqLt\n카카오톡 플러스친구:검색))꿀꿀선아\n\nSUNA Facebook: https://www.facebook.com/kyoung.jeon.92\nSUNA Instargram: https://www.instagram.com/ggulggulsuna\nSUNA Twitch: https://www.twitch.tv/ggulsuna\nPayPal Support link :https://goo.gl/SWRfel",
        "thumbnail": "https://i.ytimg.com/vi/9yjwQcLK6aM/mqdefault.jpg",
        "youtubeVideoId": "9yjwQcLK6aM",
        "uploadedDate": "2018-10-28T11:18:28Z",
        "viewCount": 160219,
        "isCommercial": "False"
    },
    {
        "id": "99ac68ed-253d-4cc0-a03d-9d61efbd816f",
        "title": "[VLOG#03]다이어트+자취 반찬만드는 v-log😊[꿀꿀선아]선아의 일상",
        "description": "오늘 브이로그(vlog)는 다이어트와 자취반찬만들기,치킨먹방등 \n저의 다양한 하루일상들을 보실수있는 영상입니다.다이어트 영상도 준비중이니 날씬해진 저의 모습을 곧 볼수있을거예요😆\n그리고 여러분 덕분에 드디어 구독자가 10만명이 되었습니다!\n모두 감사드려요.그래서 구독자 10만명 기념 이벤트도\n추후 공지 할 예정이니 기대해주세요!앞으로도 더 발전된 영상으로\n찾아뵐게요!😍\n\n\n😍(영상 보러가기)\n선아의 브이로그 #1\nhttps://www.youtube.com/watch?v=t9RWM6fWnH4\n선아의 브이로그 #2\nhttps://www.youtube.com/watch?v=nCbNtAd0Jx8&t=1232s\n과연 돼지는 수영을 할수있을까?\nhttps://www.youtube.com/watch?v=qU7Xn8nxWtQ&t=17s\n💌\n선아의 공식 팬카페 가입하러가기!⬇️\nhttps://cafe.naver.com/ggulggulsuna\n💌\n주소:서울특별시 성동구 연무장 15길 11, 에스팩토리 B동 2층\n받는이:꿀꿀선아\n여러분들이 보내주신 선물은 영상으로 만들 생각입니다☺ 원치 않으시는분들은 연락을 주시거나 써주세요!\n\nFan letter address\n\n2floor ,B dong,11, Yeonmujang 15-gil, Seongdong-gu, Seoul, Republic of Korea\nRecipient(受けるが): ggulggul suna\n💕\nasmr생방송은 asmr채널에서 매주 화요일 일요일 11시\n\n카카오 tv 채널:https://goo.gl/MgEqLt\n카카오톡 플러스친구:검색))꿀꿀선아\n선아의 일상과 미니피그 채널:https://goo.gl/kvZ6rl\n선아의 게임채널:https://goo.gl/1bIQgo\n아프리카TV: http://afreecatv.com/ggulsuna\nSUNA Facebook: https://www.facebook.com/kyoung.jeon.92\nSUNA Instargram: https://www.instagram.com/ggulggulsuna\nSUNA Twitch: https://www.twitch.tv/ggulsuna\nPayPal Support link :https://goo.gl/SWRfel",
        "thumbnail": "https://i.ytimg.com/vi/bKDvr6RzXo8/mqdefault.jpg",
        "youtubeVideoId": "bKDvr6RzXo8",
        "uploadedDate": "2018-10-04T12:34:45Z",
        "viewCount": 0,
        "isCommercial": "False"
    },
    {
        "id": "5a546869-744c-49af-b07c-a64137634bb0",
        "title": "타오바오+인터넷쇼핑몰 여름옷 쇼핑하울![꿀꿀선아]선아의 하루",
        "description": "👇자세한 내용은 더보기를 봐주세요👇\n\n먼저 구독과 좋아요 댓글 한번씩 부탁드려요🐷\n\n1. 세컨에디션 메이플어깨트임 blouse \n    http://www.second-edition.co.kr/product/detail.html?product_no=4359&cate_no=1\n2.세컨에디션 다이제린넨롱 skirt\nhttp://www.second-edition.co.kr/product/detail.html?product_no=4181&cate_no=96\n3. 세컨에디션 페리체크스모크 ops\nhttp://www.second-edition.co.kr/product/detail.html?product_no=4402&cate_no=45\n4. 타오바오 주황색라운드넥반팔티\nhttps://item.taobao.com/item.htm?spm=a1z09.2.0.0.145c2e8dWYPdEK&id=567125005941&_u=737esbc1bf94\n5.세컨에디션 마린스퀘어니트 t\nhttp://www.second-edition.co.kr/product/detail.html?product_no=4346&cate_no=7\n6. 프롬비기닝 Raphia fabric sun cap\nhttp://www.beginning.kr/shop/shopdetail.html?branduid=1112172\n7.프롬비기닝Slim collar button ops\nhttp://www.beginning.kr/shop/shopdetail.html?branduid=1111807\n8.프롬비기닝 Candy color u-neck T\nhttp://www.beginning.kr/shop/shopdetail.html?branduid=1111674\n9.프롬비기닝 Simple inner sleeveless\nhttp://www.beginning.kr/shop/shopdetail.html?branduid=1108878\n10.타오바오 신발\nhttps://item.taobao.com/item.htm?spm=a1z09.2.0.0.145c2e8dWYPdEK&id=565886716022&_u=737esbc17a12\n11.타오바오 청치마\nhttps://item.taobao.com/item.htm?spm=a1z09.2.0.0.145c2e8dWYPdEK&id=566859021750&_u=737esbc1efc9\n12.타오바오 원피스\nhttps://item.taobao.com/item.htm?spm=a1z09.2.0.0.145c2e8dWYPdEK&id=569794219528&_u=737esbc1d702\n13.타오바오 래빗잠옷\nhttps://item.taobao.com/item.htm?spm=a1z09.2.0.0.145c2e8dWYPdEK&id=570039882251&_u=737esbc1f3dc\n14.타오바오 테디베어 잠옷\nhttps://item.taobao.com/item.htm?spm=a1z09.2.0.0.145c2e8dWYPdEK&id=569810736078&_u=737esbc138b4\n15.타오바오 로브\nhttps://item.taobao.com/item.htm?spm=a1z09.2.0.0.145c2e8dWYPdEK&id=567853867382&_u=737esbc1d7cd\n\n😍(추천영상 보러가기)\n렌즈삽입술 후기\nhttps://www.youtube.com/watch?v=wZ-bP5V_MBA\n코스트코 하울\nhttps://www.youtube.com/watch?v=qAVGpJlTfgo\n선아의 일상 브이로그\nhttps://www.youtube.com/watch?v=t9RWM6fWnH4\n\n선아의 공식 팬카페 가입하러가기!⬇️\nhttps://cafe.naver.com/ggulggulsuna\n💌\n주소:서울특별시 성동구 연무장 15길 11, 에스팩토리 B동 2층\n받는이:꿀꿀선아\n여러분들이 보내주신 선물은 영상으로 만들 생각입니다☺ 원치 않으시는분들은 연락을 주시거나 써주세요!\n\nFan letter address\n\n2floor ,B dong,11, Yeonmujang 15-gil, Seongdong-gu, Seoul, Republic of Korea\nRecipient(受けるが): ggulggul suna\n\n💕\n유튜브:수요일 일요일 저녁 10:30~11:00부터 12:00\n\n카카오 tv 채널:https://goo.gl/MgEqLt\n카카오톡 플러스친구:검색))꿀꿀선아\n선아의 일상과 미니피그 채널:https://goo.gl/kvZ6rl\n선아의 게임채널:https://goo.gl/1bIQgo\n아프리카TV: http://afreecatv.com/ggulsuna\nSUNA Facebook: https://www.facebook.com/kyoung.jeon.92\nSUNA Instargram: https://www.instagram.com/ggulggulsuna\nSUNA Twitch: https://www.twitch.tv/ggulsuna\nPayPal Support link :https://goo.gl/SWRfel",
        "thumbnail": "https://i.ytimg.com/vi/0h2mtSUg-zM/mqdefault.jpg",
        "youtubeVideoId": "0h2mtSUg-zM",
        "uploadedDate": "2018-07-30T12:30:29Z",
        "viewCount": 0,
        "isCommercial": "False"
    },
    {
        "id": "5e95375a-8efa-42a3-9ab7-628917fc32de",
        "title": "[VLOG#01]선아의 일상 브이로그💕 장보고 촬영하고 핑돼산책하고 소소한 일상😆",
        "description": "👇자세한 내용은 더보기를 봐주세요👇\n\n먼저 구독과 좋아요 댓글 한번씩 부탁드려요🐷\n\n안녕하세요 여러분 선아입니다! 오늘은 브이로그를 가져왔습니다!\n평소의 영상보다 꽤 많은 분량의 영상인데 어떨지 모르겠어요ㅎㅎ\n재밌게 봐주셨으면 좋겠습니다\n드디어 내일부터는 새로운 편집자님이 업무를 시작하시게 되었어요\n많은 영상 보여드리도록 노력할게요\n보고싶은 컨텐츠도 댓글로 적어주세요!😍\n그럼 오늘 영상 재밌게 보셨다면 \n좋아요와 구독 댓글 한번씩 부탁드려요\n다음 영상에서 보아요!\n\n\n😍(핑돼의 영상 보러가기)\n드라마 내남자의 비밀에 나온 핑돼 보러가기\nhttps://www.youtube.com/watch?v=rRmc45oHNw8\n양세형의 짤방공작소에나온 핑돼보러가기\nhttps://www.youtube.com/watch?v=co2CMJKdILI \n핑돼의 asmr 먹방 보러가기\nhttps://www.youtube.com/watch?v=giujoOecHg0&t=239s\n사자돼지 핑돼\nhttps://www.youtube.com/watch?v=AW8Ki7-5u7I\n💌\n선아의 공식 팬카페 가입하러가기!⬇️\nhttps://cafe.naver.com/ggulggulsuna\n💌\n주소:서울특별시 성동구 연무장 15길 11, 에스팩토리 B동 2층\n받는이:꿀꿀선아\n여러분들이 보내주신 선물은 영상으로 만들 생각입니다☺ 원치 않으시는분들은 연락을 주시거나 써주세요!\n\nFan letter address\n\n2floor ,B dong,11, Yeonmujang 15-gil, Seongdong-gu, Seoul, Republic of Korea\nRecipient(受けるが): ggulggul suna\n\n💕\n유튜브:수요일 일요일 저녁 10:30~11:00부터 12:00\n\n카카오 tv 채널:https://goo.gl/MgEqLt\n카카오톡 플러스친구:검색))꿀꿀선아\n선아의 일상과 미니피그 채널:https://goo.gl/kvZ6rl\n선아의 게임채널:https://goo.gl/1bIQgo\n아프리카TV: http://afreecatv.com/ggulsuna\nSUNA Facebook: https://www.facebook.com/kyoung.jeon.92\nSUNA Instargram: https://www.instagram.com/ggulggulsuna\nSUNA Twitch: https://www.twitch.tv/ggulsuna\nPayPal Support link :https://goo.gl/SWRfel",
        "thumbnail": "https://i.ytimg.com/vi/t9RWM6fWnH4/mqdefault.jpg",
        "youtubeVideoId": "t9RWM6fWnH4",
        "uploadedDate": "2018-07-30T12:29:32Z",
        "viewCount": 0,
        "isCommercial": "False"
    },
    {
        "id": "24636568-5275-446b-b115-d47a8748eee9",
        "title": "21만원 코스트코 쇼핑하울😊 COSTCO SHOPPING HAUL [꿀꿀선아 하울] 코스트코, 선아의 하울,자취생 필수품,꿀꿀선아 일상,코스트코 필수품,코스트코 추천템,",
        "description": "👇자세한 내용은 더보기를 봐주세요👇\n\n먼저 구독과 좋아요 댓글 한번씩 부탁드려요🐷\n\n오늘은 코스트코에서 21만원 어치 장을 봐온것들이에요! \n저와 같이 자취하는 분들께 좋은 물건들이 많으니까 참고하시면 될거같아요! 여러분들도 코스트코에서 한번 쇼핑을 하는것은 어떨까요?\n그리고 다음달에는 꼬옥 식비를 줄이겠습니다! 20일에 찍어서 지금까지 배달음식 딱 한번 시켜먹고 영상에 나온것처럼 이번 코스트코에서 사온거로 먹고있어요!!😁☺\n그럼 우리 또 다음 영상에서 봐요! 아참 크리스마스인데 잘 보내고 계시죠? 저는 크리스마스 5시에 일어나 여섯시까지 업로드를 하고있네요..하ㅏㅎ 메리 크리스마스!\n\n😍(다른 영상 보러가기)\nhttps://www.youtube.com/watch?v=gCj80Mk3nVc&t=7s 선아의 큐앤에이\nhttps://www.youtube.com/watch?v=dG_b5JjCyIc 크리스마스를 위한 레드립\nhttps://www.youtube.com/watch?v=AW8Ki7-5u7I 세계최초  사자돼지 탄생\nhttps://www.youtube.com/watch?v=St3cbmmjaUs 데일리 메이크업\n💌\n선아의 공식 팬카페 가입하러가기!⬇️\nhttps://cafe.naver.com/ggulggulsuna\n💌\n주소:서울특별시 성동구 연무장 15길 11, 에스팩토리 B동 2층\n받는이:꿀꿀선아\n여러분들이 보내주신 선물은 영상으로 만들 생각입니다☺ 원치 않으시는분들은 연락을 주시거나 써주세요!\n\nFan letter address\n\n2floor ,B dong,11, Yeonmujang 15-gil, Seongdong-gu, Seoul, Republic of Korea\nRecipient(受けるが): ggulggul suna\n\n카카오 tv 채널:https://goo.gl/MgEqLt\n카카오톡 플러스친구:검색))꿀꿀선아\n선아의 일상과 미니피그 채널:https://goo.gl/kvZ6rl\n선아의 게임채널:https://goo.gl/1bIQgo\n아프리카TV: http://afreecatv.com/ggulsuna\nSUNA Facebook: https://www.facebook.com/kyoung.jeon.92\nSUNA Instargram: https://www.instagram.com/ggulggulsuna\nSUNA Twitch: https://www.twitch.tv/ggulsuna\nPayPal Support link :https://goo.gl/SWRfel\n💕\n꿀꿀선아,브이로그,vlog,일상유튜버,먹방,일상,데일리,mukbang korean,선아의 하루,선아의 일상,후기,구매후기,코스트코,쇼핑하울,코스트코 하울,장보기,COSTCO SHOPPING HAUL,costco haul,costco,꿀꿀선아 일상,꿀꿀선아 하울,선아 하울,코스트코 필수품,코스트코 추천템,코스트코에서 꼭 사야할 물건,자취생 필수품",
        "thumbnail": "https://i.ytimg.com/vi/qAVGpJlTfgo/mqdefault.jpg",
        "youtubeVideoId": "qAVGpJlTfgo",
        "uploadedDate": "2018-07-30T12:30:07Z",
        "viewCount": 0,
        "isCommercial": "False"
    },
    {
        "id": "f26d4237-72cd-48fc-9112-6a036684bb85",
        "title": "기다리고 기다리던 Q&A😀 [꿀꿀선아] 남자친구 생겼어요? 얼마 벌어요? 다이어트 좋아하는 유튜버는? qna 큐앤에이 선아의 하루 Suna's Day",
        "description": "👇자세한 내용은 더보기를 봐주세요👇\n\n먼저 구독과 좋아요 댓글 한번씩 부탁드려요🐷\n\n여러분 큐앤에이가 너무 늦었죠? 처음 찍은게 초점이 나가서 다시찍고 그것도 마음에 들지 않아 다시 찍게 되었어요!\n영상속에서 답하지 못한것들은 앞으로 영상으로 소통하며 대답해드릴게요!😀\n그리고 채널이름은 그냥 선아의 하루로 하기로했어요!\n참신한 아이디어를 내주신 두분께 머랭쿠키를 드릴게요! 메일 ggulggulsuna@gmail.com 으로 주소 번호 이름 보내주세요!\n앞으로 재밌고 유익한 영상으로 찾아뵙겠습니다! \n\n\n😍다른 영상 보러가기\nhttps://www.youtube.com/watch?v=95VlNZ40dWM 전에 올린 큐앤에이\nhttps://www.youtube.com/watch?v=OFI2T10WhNM&t=31s 청순 겨울니트메이크업\nhttps://www.youtube.com/watch?v=MrFTxEBjaN0 일상채널 소개영상\n💌\n선아의 공식 팬카페 가입하러가기!⬇️\nhttps://cafe.naver.com/ggulggulsuna\n💌\n주소:서울특별시 성동구 연무장 15길 11, 에스팩토리 B동 2층\n받는이:꿀꿀선아\n여러분들이 보내주신 선물은 영상으로 만들 생각입니다☺ 원치 않으시는분들은 연락을 주시거나 써주세요!\n\nFan letter address\n\n2floor ,B dong,11, Yeonmujang 15-gil, Seongdong-gu, Seoul, Republic of Korea\nRecipient(受けるが): ggulggul suna\n\n💕\n유튜브:수요일 일요일 저녁 10:30~11:00부터 12:00\n스노우방송:매일 저녁 8시~8시30분 에서 9시~9:30분 (그외에 랜덤)\n\n\n카카오 tv 채널:https://goo.gl/MgEqLt\n카카오톡 플러스친구:검색))꿀꿀선아\n선아의 일상과 미니피그 채널:https://goo.gl/kvZ6rl\n선아의 게임채널:https://goo.gl/1bIQgo\n아프리카TV: http://afreecatv.com/ggulsuna\nSUNA Facebook: https://www.facebook.com/kyoung.jeon.92\nSUNA Instargram: https://www.instagram.com/ggulggulsuna\nSUNA Twitch: https://www.twitch.tv/ggulsuna\nPayPal Support link :https://goo.gl/SWRfel\n\n기다리고 기다리던 Q&A😀 [꿀꿀선아] 남자친구 생겼어요? 얼마 벌어요? 다이어트 좋아하는 유튜버는? qna 큐앤에이 선아의 하루 Suna's Day",
        "thumbnail": "https://i.ytimg.com/vi/gCj80Mk3nVc/mqdefault.jpg",
        "youtubeVideoId": "gCj80Mk3nVc",
        "uploadedDate": "2018-07-30T12:30:19Z",
        "viewCount": 0,
        "isCommercial": "False"
    },
    {
        "id": "b998a7b7-a5c5-4e42-bb5a-4ff5a8076945",
        "title": "Private video",
        "description": "This video is private.",
        "thumbnail": null,
        "youtubeVideoId": "8bS86Xr-9jY",
        "uploadedDate": "2018-10-04T12:35:06Z",
        "viewCount": 0,
        "isCommercial": "False"
    },
    {
        "id": "f1d7b1b8-c725-4f1b-9b05-9d9460c84d30",
        "title": "Private video",
        "description": "This video is private.",
        "thumbnail": null,
        "youtubeVideoId": "feOmgzPUWJc",
        "uploadedDate": "2018-10-04T12:34:57Z",
        "viewCount": 0,
        "isCommercial": "False"
    },
    {
        "id": "fd838a87-d14f-45f6-b1e4-85646e090f5b",
        "title": "Private video",
        "description": "This video is private.",
        "thumbnail": null,
        "youtubeVideoId": "x8CEeltLPiE",
        "uploadedDate": "2018-09-19T13:22:20Z",
        "viewCount": 0,
        "isCommercial": "False"
    },
    {
        "id": "3572b407-c7b5-4494-a8a8-2465d6d45005",
        "title": "Private video",
        "description": "This video is private.",
        "thumbnail": null,
        "youtubeVideoId": "ktVDOnWGAvw",
        "uploadedDate": "2018-10-04T12:34:37Z",
        "viewCount": 0,
        "isCommercial": "False"
    },
    {
        "id": "5109e2d4-897e-4ed3-8ab0-5b6f6dfda64c",
        "title": "Private video",
        "description": "This video is private.",
        "thumbnail": null,
        "youtubeVideoId": "ulVLzDREc18",
        "uploadedDate": "2018-08-02T08:45:58Z",
        "viewCount": 15368,
        "isCommercial": "False"
    },
    {
        "id": "10b2d4c3-045e-444d-afff-a95d21e1f7ad",
        "title": "Private video",
        "description": "This video is private.",
        "thumbnail": null,
        "youtubeVideoId": "ZyFmvpagnN0",
        "uploadedDate": "2018-07-30T12:29:05Z",
        "viewCount": 30186,
        "isCommercial": "False"
    },
    {
        "id": "8d5921c8-6c03-4fd4-9304-7ec1e1b6a5b2",
        "title": "Private video",
        "description": "This video is private.",
        "thumbnail": null,
        "youtubeVideoId": "MfVKxAUe85M",
        "uploadedDate": "2019-01-19T05:28:33Z",
        "viewCount": 169393,
        "isCommercial": "False"
    },
    {
        "id": "9bd6dfb9-0bab-4a34-b0e4-263a1bc55804",
        "title": "Private video",
        "description": "This video is private.",
        "thumbnail": null,
        "youtubeVideoId": "cwjLdANp5uQ",
        "uploadedDate": "2019-02-13T15:09:55Z",
        "viewCount": 0,
        "isCommercial": "False"
    },
    {
        "id": "9f82661b-7d35-48f1-8d75-4bb8a359a42c",
        "title": "Private video",
        "description": "This video is private.",
        "thumbnail": null,
        "youtubeVideoId": "n3iBg3KGDCQ",
        "uploadedDate": "2019-09-08T02:45:30Z",
        "viewCount": 16282,
        "isCommercial": "False"
    },
    {
        "id": "05c23abd-c115-4142-8409-7ca7bb1b9353",
        "title": "Private video",
        "description": "This video is private.",
        "thumbnail": null,
        "youtubeVideoId": "HwIn6eCEOlY",
        "uploadedDate": "2019-09-08T02:44:06Z",
        "viewCount": 20381,
        "isCommercial": "False"
    },
    {
        "id": "65619b1b-ec4d-48f5-9fa1-32a14e11694c",
        "title": "Private video",
        "description": "This video is private.",
        "thumbnail": null,
        "youtubeVideoId": "_UGDYNtP4iU",
        "uploadedDate": "2019-06-15T12:10:53Z",
        "viewCount": 384818,
        "isCommercial": "False"
    },
    {
        "id": "040628f0-6d78-4036-932e-281744a42537",
        "title": "Private video",
        "description": "This video is private.",
        "thumbnail": null,
        "youtubeVideoId": "4XilhRx4u6A",
        "uploadedDate": "2019-02-27T15:10:37Z",
        "viewCount": 0,
        "isCommercial": "False"
    },
    {
        "id": "2de1d50a-9f5c-48ea-83cb-8a307a8b6306",
        "title": "Private video",
        "description": "This video is private.",
        "thumbnail": null,
        "youtubeVideoId": "xniZfO19o7U",
        "uploadedDate": "2019-02-27T15:11:04Z",
        "viewCount": 0,
        "isCommercial": "False"
    },
    {
        "id": "96688b8a-191c-4cd1-bdd5-2b4807df69e2",
        "title": "Private video",
        "description": "This video is private.",
        "thumbnail": null,
        "youtubeVideoId": "4KFmHxgqhKc",
        "uploadedDate": "2019-02-13T15:09:31Z",
        "viewCount": 0,
        "isCommercial": "False"
    },
    {
        "id": "c2c98549-4bfd-41ae-aa5c-913235e0541f",
        "title": "Private video",
        "description": "This video is private.",
        "thumbnail": null,
        "youtubeVideoId": "WgGrBGLCasY",
        "uploadedDate": "2019-02-13T15:09:42Z",
        "viewCount": 0,
        "isCommercial": "False"
    }
]