[
    {
        "id": "82db63bc-d231-4e9e-b7cd-251814c3997e",
        "title": "ASMR 입술 불어터질 때 까지 립밤 발라줄게 💋",
        "description": "ASMR 입술 불어터질 때 까지 립밤 발라주기 I'll put on lip balm until your lips blow\n\n▶연츄 채널 멤버십 가입 링크 (전용 영상/전용 커뮤니티 업로드)\nhttps://www.youtube.com/channel/UCjypzyxU_p0_0ElbWSi8QQw/join \n\n▶멤버십 영상 재생목록 미리보기\nhttps://youtube.com/playlist?list=PLgV547LHihrRZk8cHhtg4_uqD3Ag13cCx\n\n▶instargram : http://www.instagram.com/y.zzu \n▶E-mail duswnk1002@naver.com\n\n----------------------------------------------------------------------------\n\n▶연츄  VLOG\nhttps://www.youtube.com/channel/UCbhbaBMBCIJRT0PPxsYrbhw\n\n----------------------------------------------------------------------------",
        "thumbnail": "https://i.ytimg.com/vi/JZuaPK5-kzA/mqdefault.jpg",
        "youtubeVideoId": "JZuaPK5-kzA",
        "uploadedDate": "2022-10-15T12:48:58Z",
        "viewCount": 12027,
        "isCommercial": "False"
    },
    {
        "id": "08405cbc-6218-4551-9ec9-ea30e6e576ee",
        "title": "ASMR 긁,똟,빱..🫦소리와 싱크로율 찰떡같은 화면 터칭 (약간의 바디스크래칭까지) 팅글돋는 트리거 모아옴",
        "description": "00:07 인사\n01:00 그르륵,긁긁.. (약간의 바디스크래칭)\n06:25 또또,똟.. 혀소리 (마이크 터칭)\n10:05 톡톡 (마이크터칭)\n11:45 팝팝,빱빱\n13:09 팝팝,빱빱 에코\n14:29 모든 트리거 두가지씩 랜덤 레이어드\n\n----------------------------------------------------------------------------\n\n\n▶연츄 채널 멤버십 가입 링크 (전용 영상/전용 커뮤니티 업로드)\nhttps://www.youtube.com/channel/UCjypzyxU_p0_0ElbWSi8QQw/join \n\n▶멤버십 영상 재생목록 미리보기\nhttps://youtube.com/playlist?list=PLgV547LHihrRZk8cHhtg4_uqD3Ag13cCx\n\n▶instargram : http://www.instagram.com/y.zzu \n▶E-mail duswnk1002@naver.com\n\n----------------------------------------------------------------------------\n\n영상 속 제품\n\n렌즈 : 오렌즈 아이블린 초코\n베이스 : 헤라 블랙쿠션 13N1\n쉐딩 : 미샤 코튼 컨투어 팩트 셰이딩 스모크트 헤이즐\n하이라이터 : 롬앤 시스루 베일라이터 하이라이터 문 키스드 베일\n아이브로우 : 이니스프리 납작 아이브로우 동트기 전 어반브라운\n아이라이너 : 삐아 라스트 펜 라이너 브라우니\n마스카라 : 미샤 4D 마스카라\n블러셔 : 어퓨 외로워도슬포도\n립 : 어뮤즈 슈벨벳 02 슈슈, 맥 릴렌트리슬린레드\n\n----------------------------------------------------------------------------\n\n▶연츄  VLOG\nhttps://www.youtube.com/channel/UCbhbaBMBCIJRT0PPxsYrbhw\n\n----------------------------------------------------------------------------\n\nASMR 긁,똟,빱.. 입소리들과, 싱크로율 찰떡같은 화면 터칭 (약간의 바디스크래칭까지) 팅글돋는 트리거 모아옴",
        "thumbnail": "https://i.ytimg.com/vi/pOH5zhwWGVs/mqdefault.jpg",
        "youtubeVideoId": "pOH5zhwWGVs",
        "uploadedDate": "2022-07-23T14:03:01Z",
        "viewCount": 12578,
        "isCommercial": "False"
    },
    {
        "id": "8a8b885b-47d7-43d5-bf2d-2cf1d6782932",
        "title": "ASMR 고막 속에 팝팝 터지는 신기한 캔디 팅글 💥 POP ! POP ! popping intense tingle",
        "description": "엄청 오랜만에 !.. 몇년만에 ~?\n와다닥 팝핑캔디 사운드 촬영해보았어요.\n저번 뇌 관통 팅글 사운드 생각보다 많이 좋아해주셔서\n좌우 구분 잘 되는 마이크로 녹음해보았어요.\n25분간 노토킹으로 진행되는 반복영상이에요.\n\n더운 날씨에.. 아이브로우가 번져서.. 눈썹이 관자놀이랑 닿을듯 말듯 하지만.. 그건 모른척 해주세요..\n\n편안한 밤 보내시길 바랍니다.\n오늘도 영상 시청해주셔서 감사드려요.\n좋은 꿈 꾸세요 !\n\n\n▶연츄 채널 멤버십 가입 링크 (전용 영상/전용 커뮤니티 업로드)\nhttps://www.youtube.com/channel/UCjypzyxU_p0_0ElbWSi8QQw/join \n\n▶멤버십 영상 재생목록 미리보기\nhttps://youtube.com/playlist?list=PLgV547LHihrRZk8cHhtg4_uqD3Ag13cCx\n\n▶instargram : http://www.instagram.com/y.zzu \n▶E-mail duswnk1002@naver.com\n\n----------------------------------------------------------------------------\n\n영상 속 제품\n\n렌즈 : 오렌즈 아이블린 초코\n베이스 : 힌스 파운데이션 17호\n쉐딩 : 미샤 코튼 컨투어 팩트 셰이딩 스모크트 헤이즐\n하이라이터 : 롬앤 시스루 베일라이터 하이라이터 문 키스드 베일\n아이브로우 : 이니스프리 납작 아이브로우 동트기 전 어반브라운\n아이라이너 : 삐아 라스트 펜 라이너 오레오, 브라우니\n마스카라 : 미샤 4D 마스카라\n블러셔 : 크리니크 치크팝 팬지팝\n립 : 어뮤즈 슈벨벳 02 슈슈, 맥 릴렌트리슬린레드\n\n----------------------------------------------------------------------------\n\n▶연츄  VLOG\nhttps://www.youtube.com/channel/UCbhbaBMBCIJRT0PPxsYrbhw\n\n----------------------------------------------------------------------------",
        "thumbnail": "https://i.ytimg.com/vi/Wa_OsT4qrXk/mqdefault.jpg",
        "youtubeVideoId": "Wa_OsT4qrXk",
        "uploadedDate": "2022-07-12T13:52:05Z",
        "viewCount": 15491,
        "isCommercial": "False"
    },
    {
        "id": "5c3b069e-0208-4948-85d1-9a8edf475b95",
        "title": "ASMR 어질어질 눈돌아가는 뇌 관통 팅글 (이어폰 착용 필수) TINGLE sounds through the brain",
        "description": "ASMR 귓구멍을 통해 뇌를 관통하는 팅글 (이어폰 착용 필수) Mouth sounds through the brain / TINGLE !!\n\n▶연츄 채널 멤버십 가입 링크 (전용 영상/전용 커뮤니티 업로드)\nhttps://www.youtube.com/channel/UCjypzyxU_p0_0ElbWSi8QQw/join \n\n▶멤버십 영상 재생목록 미리보기\nhttps://youtube.com/playlist?list=PLgV547LHihrRZk8cHhtg4_uqD3Ag13cCx\n\n▶instargram : http://www.instagram.com/y.zzu \n▶E-mail duswnk1002@naver.com\n\n----------------------------------------------------------------------------\n\n영상 속 제품\n\n베이스 : 헤라 블랙쿠션 13N1\n쉐딩 : 미샤 코튼 컨투어 팩트 셰이딩 스모크트 헤이즐\n하이라이터 : 롬앤 시스루 베일라이터 하이라이터 문 키스드 베일\n아이브로우 : 이니스프리 납작 아이브로우 동트기 전 어반브라운\n아이라이너 : 삐아 라스트 펜 라이너 브라우니\n마스카라 : 미샤 4D 마스카라\n애교살 : 홀리카홀리카 애교살메이커 01 베어\n블러셔 : 롬앤 블루베리칩\n립 : 레어카인드 페이드 매트 립스틱 02 엔젤릭핑크\n의상 : 렌느 로브캡소매니트 블랙\n----------------------------------------------------------------------------\n\n▶연츄  VLOG\nhttps://www.youtube.com/channel/UCbhbaBMBCIJRT0PPxsYrbhw\n\n----------------------------------------------------------------------------",
        "thumbnail": "https://i.ytimg.com/vi/5g2OEc5cu1Y/mqdefault.jpg",
        "youtubeVideoId": "5g2OEc5cu1Y",
        "uploadedDate": "2022-06-21T13:52:50Z",
        "viewCount": 23780,
        "isCommercial": "False"
    },
    {
        "id": "9b421388-ac21-47c4-9182-b4146c49ca85",
        "title": "ASMR 아른거리는 손동작과, 하나씩 추가되는 단계별 팅글 트리거│인어디블, 물 속 기포 소리, 레이어드 사운드 Step-by-Step Tingle Trigger",
        "description": "ASMR 아른거리는 손동작과, 하나씩 추가되는 단계별 팅글 트리거│인어디블, 물 속 기포 소리, 레이어드 사운드 Step-by-Step Tingle Trigger Hand movement / Layered Inaudible whisper / Underwater\n\n\n[타임라인]\n\n\n00:16 잠이 오는 손동작과 인어디블 속삭임\n\n12:02 잠이 오는 손동작과 인어디블 속삭임 + 물 속 기포 소리\n\n21:52 겹쳐져 아른거리는 잠이 오는 손동작과, 레이어드 인어디블 속삭임 \n\n33:16 겹쳐져 아른거리는 잠이 오는 손동작과, 레이어드 인어디블 속삭임 + 물  속 기포 소리\n\n\n00:16 Sleepy hand gestures and inaudible whispers\n\n12:02 Sleepy hand gestures and whispering in the inaudible + the sound of bubbles in the water\n\n21:52 Sleepy hand gestures overlapping, layered inaudible whispers\n\n33:16 Sleepy hand gestures overlapping, layered inaudible whispers + bubbles in the water\n\n\n\n▶연츄 채널 멤버십 가입 링크 (전용 영상/전용 커뮤니티 업로드)\nhttps://www.youtube.com/channel/UCjypzyxU_p0_0ElbWSi8QQw/join \n\n▶멤버십 영상 재생목록 미리보기\nhttps://youtube.com/playlist?list=PLgV547LHihrRZk8cHhtg4_uqD3Ag13cCx\n\n----------------------------------------------------------------------------\n\n▶instargram : http://www.instagram.com/y.zzu \n▶E-mail duswnk1002@naver.com\n\n----------------------------------------------------------------------------\n\n▶연츄  VLOG\nhttps://www.youtube.com/channel/UCbhbaBMBCIJRT0PPxsYrbhw\n\n----------------------------------------------------------------------------",
        "thumbnail": "https://i.ytimg.com/vi/71Hh1KG5vz8/mqdefault.jpg",
        "youtubeVideoId": "71Hh1KG5vz8",
        "uploadedDate": "2022-04-25T12:29:28Z",
        "viewCount": 29822,
        "isCommercial": "False"
    },
    {
        "id": "f34d94d1-0d56-441c-8fcc-2fa4a3a5d3ff",
        "title": "ASMR 입으로 뻐끔이며 하는 메이크업 소리 😴👄 인어디블 위스퍼링, 후시녹음 Makeup by mouth sound / Inaudible / 알아들을 수 없는 메이크업샵",
        "description": "ASMR 입으로 하는 메이크업 소리│인어디블 위스퍼링, 후시녹음 Makeup by mouth sound ( Inaudible Whispering ) 알아들을 수 없는 메이크업샵\n\n안녕하세요 여러분 !\n오늘은 새로운 구도와 형식으로 촬영을 해보았는데요.\n메이크업 해드리는 영상을 촬영하며, 뻐끔뻐끔 인어디블 형식의\n알아들을 수 없는 대사 전달과 입소리 메이크업 영상을 제작해보았어요.\n\n어항 트리거에 이어 이런 뻐끔거리는 영상에 푹 빠져\n여러 영상을 접하다보니, 입소리로 하는 여러가지 트리거들이나\n알아들을 수 없는 소리들이 잠이 잘 오는 것 같더라구요.\n\n싱크가 잘 맞았으면 싶어서 새로운 구도와 렌즈로 촬영을 하다보니 평소 카메라보다 조금 가까워 왜곡이 생겨서 평소 영상에 담기던 모습보다 조금 뽈록하게 낯설어보이는 것 같기도 ..?\n이런 구도의 1:1 영상도 매력있는 것 같네요.\n종종 촬영해봐야겠어요.\n\n오늘도 제 영상 선택해주셔서 감사드리고,\n좋은 밤 되세요. 굿나잇 ♥\n\n\n----------------------------------------------------------------------------\n\n▶연츄 채널 멤버십 가입 링크 (전용 영상/전용 커뮤니티 업로드)\nhttps://www.youtube.com/channel/UCjypzyxU_p0_0ElbWSi8QQw/join \n\n▶멤버십 영상 재생목록 미리보기\nhttps://youtube.com/playlist?list=PLgV547LHihrRZk8cHhtg4_uqD3Ag13cCx\n\n----------------------------------------------------------------------------\n\n▶instargram : http://www.instagram.com/y.zzu \n▶E-mail duswnk1002@naver.com\n\n----------------------------------------------------------------------------\n\n▶연츄  VLOG\nhttps://www.youtube.com/channel/UCbhbaBMBCIJRT0PPxsYrbhw\n\n----------------------------------------------------------------------------",
        "thumbnail": "https://i.ytimg.com/vi/yh9C3lZVAv8/mqdefault.jpg",
        "youtubeVideoId": "yh9C3lZVAv8",
        "uploadedDate": "2022-04-22T12:31:24Z",
        "viewCount": 14449,
        "isCommercial": "False"
    },
    {
        "id": "17730700-b04f-49a8-9f36-191f168b0ee6",
        "title": "ASMR 깊이감 쩌는 단어반복 😵!! 동굴 속 같은 입소리, 이어블로잉 ..? Deep word repeat, mouth sound, earblowing",
        "description": "00:36 도도도 dododo\n 06:48 팅글팅글 tingle tingle\n 13:04 보라보라 bora bora\n 15:21 입소리 mouth sounds\n 18:21 이어블로잉 ear blowing\n 19:33 반복 repeat \n\n\n▶연츄 채널 멤버십 가입 링크 (전용 영상/전용 커뮤니티 업로드)\nhttps://www.youtube.com/channel/UCjypzyxU_p0_0ElbWSi8QQw/join \n\n▶멤버십 영상 재생목록 미리보기\nhttps://youtube.com/playlist?list=PLgV547LHihrRZk8cHhtg4_uqD3Ag13cCx\n\n----------------------------------------------------------------------------\n\n▶후원 링크 Thank you for your support\nhttps://toon.at/donate/asmr_yeonchu\n후원 금액은 영상을 위해 사용됩니다.\n후원해주신 분들 감사합니다🙏🏻💕\n\n----------------------------------------------------------------------------\n\n▶instargram : http://www.instagram.com/y.zzu \n▶E-mail duswnk1002@naver.com\n\n----------------------------------------------------------------------------\n\n▶연츄  VLOG\nhttps://www.youtube.com/channel/UCbhbaBMBCIJRT0PPxsYrbhw\n\n----------------------------------------------------------------------------\n\nASMR 깊이감 쩌는 단어반복 !!! 동굴 속 같은 입소리, 이어블로잉 ..? Deep word repetition, mouth sound, earblowing",
        "thumbnail": "https://i.ytimg.com/vi/RAIZ_5S9t5A/mqdefault.jpg",
        "youtubeVideoId": "RAIZ_5S9t5A",
        "uploadedDate": "2022-01-02T12:05:52Z",
        "viewCount": 169742,
        "isCommercial": "False"
    },
    {
        "id": "280a6757-7ad3-4fb4-85cf-4fecf2900724",
        "title": "ASMR 나 홀로 멀리서 가까이 공간감과 팅글이 가득한 3DIO 입소리│Far To Close Mouth sounds TINGLE",
        "description": "ASMR 나 홀로 멀리서 가까이 공간감과 팅글이 가득한 3DIO 입소리│Far To Close Mouth sounds TINGLE\n----------------------------------------------------------------------------\n\n▶연츄 채널 멤버십 가입 링크 (전용 영상/전용 커뮤니티 업로드)\nhttps://www.youtube.com/channel/UCjypzyxU_p0_0ElbWSi8QQw/join \n\n▶멤버십 영상 재생목록 미리보기\nhttps://youtube.com/playlist?list=PLgV547LHihrRZk8cHhtg4_uqD3Ag13cCx\n\n----------------------------------------------------------------------------\n\n▶후원 링크 Thank you for your support\nhttps://toon.at/donate/asmr_yeonchu\n후원 금액은 영상을 위해 사용됩니다.\n후원해주신 분들 감사합니다🙏🏻💕\n\n----------------------------------------------------------------------------\n\n▶instargram : http://www.instagram.com/y.zzu \n▶E-mail duswnk1002@naver.com\n\n----------------------------------------------------------------------------\n\n▶연츄  VLOG\nhttps://www.youtube.com/channel/UCbhbaBMBCIJRT0PPxsYrbhw\n\n----------------------------------------------------------------------------",
        "thumbnail": "https://i.ytimg.com/vi/mrlXTSjKQe0/mqdefault.jpg",
        "youtubeVideoId": "mrlXTSjKQe0",
        "uploadedDate": "2021-10-16T12:04:08Z",
        "viewCount": 19337,
        "isCommercial": "False"
    },
    {
        "id": "56614e85-1d22-4fab-9af7-697f30046899",
        "title": "ASMR Brushing You 😌🧹 눈이 감기는 편안한 브러싱과 귓 속 깊이 파고드는 여러겹의 팅글 가득 인어디블 입소리 Inaudible mouth sounds│시각적 팅글",
        "description": "▶연츄 채널 멤버십 가입 링크 (전용 영상/전용 커뮤니티 업로드)\nhttps://www.youtube.com/channel/UCjypzyxU_p0_0ElbWSi8QQw/join \n\n▶멤버십 영상 재생목록 미리보기\nhttps://youtube.com/playlist?list=PLgV547LHihrRZk8cHhtg4_uqD3Ag13cCx\n\n----------------------------------------------------------------------------\n\n오늘은 여러분이 꾸준히 좋아해주시는 시리즈인\nbrushing you+인어디블 사운드 준비해봤어요.\n이번에는 팅글을 위해 레이어드로 사운드를 여러겹 쌓았고,\n음량을 크게 설정해둔 편이라 귀에 자극적일 수 있습니다.\n적당한 볼륨을 설정하여 청취해주세요.\n\n오늘도 영상 시청해주셔서 감사드리고\n편안한 밤 되시고 좋은 꿈 꾸시길 바랍니다.\n\n00:10 통통하고 큰 메이크업 브러쉬\n11:04 알록달록 깃털\n19:04 핑크색 솜털 귀이개\n25:25 지푸라기 귀이개\n\n----------------------------------------------------------------------------\n\n▶후원 링크 Thank you for your support\nhttps://toon.at/donate/asmr_yeonchu\n후원 금액은 영상을 위해 사용됩니다.\n후원해주신 분들 감사합니다🙏🏻💕\n\n----------------------------------------------------------------------------\n\n▶instargram : http://www.instagram.com/y.zzu \n▶E-mail duswnk1002@naver.com\n\n----------------------------------------------------------------------------\n\n▶연츄  VLOG\nhttps://www.youtube.com/channel/UCbhbaBMBCIJRT0PPxsYrbhw\n\n----------------------------------------------------------------------------",
        "thumbnail": "https://i.ytimg.com/vi/mldUK8OMLEg/mqdefault.jpg",
        "youtubeVideoId": "mldUK8OMLEg",
        "uploadedDate": "2021-10-12T13:05:43Z",
        "viewCount": 27628,
        "isCommercial": "False"
    },
    {
        "id": "16a47221-7f06-49c5-9104-cc024d390187",
        "title": "ASMR 직접 만든 오징어 게임 달고나 먹방│이정재 스킬 챌린지 SQUID GAME CHALLENGE DALGONA CANDY EATING SOUNDS MUKBANG",
        "description": "00:09 달고나 만들기\n01:57 인사\n02:08 바늘로 콕콕 찌르고 긁기 스킬\n03:28 핥아먹기\n05:25 아무렇게나 먹기\n\n어제 업로드 된 오징어 게임 무궁화 꽃이 피었습니다. 영상에 이어서\n오늘은 새벽이 컨셉 메이크업을 하고, 달고나를 먹어보았어요.\n\n달고나 만들기가 생각보다 엄청 어렵더라구요.\n\n실패를 거듭한 끝에 이틀만에 성공을 했는데,\n성공 과정 레시피도 조만간 편집해서 김연츄 채널에\n업로드 할 예정이니, 궁금하신 분들은 아래에 vlog 채널에서\n기다려주세용 !\n\n어제 오늘은 짧은 영상이라 수면용 영상 기다리신 분들께서는\n조금 아쉬우실텐데요.\n\n이번주 중에 긴~ 영상으로 찾아올테니 조금만 기다려주세요.\n오징어게임 좋아하시는 분들, 달고나 먹방 기다리셨던 분들께서는\n유쾌하고 가볍게 시청해주세요 !\n\n좋은 밤 되세요 ♥ 감사합니다.\n\n----------------------------------------------------------------------------\n\n▶연츄 채널 멤버십 가입 링크 (전용 영상/전용 커뮤니티 업로드)\nhttps://www.youtube.com/channel/UCjypzyxU_p0_0ElbWSi8QQw/join \n\n▶멤버십 영상 재생목록 미리보기\nhttps://youtube.com/playlist?list=PLgV547LHihrRZk8cHhtg4_uqD3Ag13cCx\n\n----------------------------------------------------------------------------\n\n▶후원 링크 Thank you for your support\nhttps://toon.at/donate/asmr_yeonchu\n후원 금액은 영상을 위해 사용됩니다.\n후원해주신 분들 감사합니다🙏🏻💕\n\n----------------------------------------------------------------------------\n\n▶instargram : http://www.instagram.com/y.zzu \n▶E-mail duswnk1002@naver.com\n\n----------------------------------------------------------------------------\n\n▶연츄  VLOG\nhttps://www.youtube.com/channel/UCbhbaBMBCIJRT0PPxsYrbhw\n\n----------------------------------------------------------------------------\n\nASMR 직접 만든 오징어 게임 달고나 먹방 SQUID GAME CHALLENGE RECIPE DESSERT DALGONA CANDY EATING SOUNDS MUKBANG",
        "thumbnail": "https://i.ytimg.com/vi/isKi7M7u--w/mqdefault.jpg",
        "youtubeVideoId": "isKi7M7u--w",
        "uploadedDate": "2021-10-05T13:54:39Z",
        "viewCount": 21719,
        "isCommercial": "False"
    },
    {
        "id": "b299c793-290d-4d10-8a59-6c9598282556",
        "title": "팅글 못 느끼는 ASMR 썩은물을 위한 소리 ver.2 / 빠른 팅글 레이어드 Layered Mic Nibbling Mouth Sounds TINGLE 입소리,단어반복 등..",
        "description": "팅글 못 느끼는 ASMR 썩은물을 위한 소리 ver.2 / 빠른 팅글 레이어드 Layered Mic Nibbling Mouth Sounds TINGLE 입소리,단어반복 등\n\n\n*이번 영상은 느린 영상으로는 팅글을 못 느끼는 분들을 위한 빠르고 자극적인 소리 모음으로, 수면용으로는 적절하지 않을 수 있습니다 !\n\n*고인물분들께서는 타임라인을 하나씩 눌러보며 취향을 찾아보세요 😋\n\n00:18 빠르게 마이크 비비기\n00:35 두두두 도도도 빠른 단어반복\n03:05 칙칙칙 빠른 단어반복\n04:15 호로로 빠른 단어반복\n05:20 동글동글 빠른 단어반복\n06:50 차분하고 빠른 팅글 가득 단독 니블링\n23:20 니블링 레이어드 (강한 팅글 주의)\n42:45 니블링+빠른 단어반복 레이어드 (더 강한팅글, 정신없음 주의) \n\n\n* This video focuses on fast sounds, so it might not be suitable for sleep.\n\n*Click on the timeline one by one to find your taste.\n\n00:18 Rubbing the microphone quickly.\n00:35 ‘DuDuDu’ fast trigger words\n03:05 ‘Chick’ fast trigger words\n04:15 ‘Horororo’ fast trigger words (tongue click)\n05:20 ‘동글동글’ fast trigger words (tongue click)\n06:50 Calm and fast tingle solo nibbling.\n23:20 Nibbling Layered (Caution: Strong Tingle)\n42:45 nibbling + fast trigger words layering (Stronger tingle, watch out for chaos)\n\n\n\n☁️인스타그램 INSTAGRAM\nhttp://www.instagram.com/y.zzu \n\n☁️투네이션 후원 toonation\nhttps://toon.at/donate/asmr_yeonchu\n\n☁️멤버십 가입 (전용영상/전용 커뮤니티 업로드)\nhttps://www.youtube.com/channel/UCjypzyxU_p0_0ElbWSi8QQw/join \n\n-\n\n🎥 연츄의 일상 브이로그 VLOG\nhttps://www.youtube.com/channel/UCbhbaBMBCIJRT0PPxsYrbhw\n\n🎥 연츄가 응원하는 채널\nhttps://www.youtube.com/channel/UCCS8nxHUyUG8KuttHmOht8w\n\n\n💌비즈니스 문의 e-mail\nduswnk1002@naver.com\n\n\n-\n\n※ASMR이란?\n심리적 안정을 유도하는 영상입니다.\n청취자들에게 안정감을 주며 불면증에 도움이 됩니다.",
        "thumbnail": "https://i.ytimg.com/vi/tXhH0zB0w88/mqdefault.jpg",
        "youtubeVideoId": "tXhH0zB0w88",
        "uploadedDate": "2021-09-16T13:01:00Z",
        "viewCount": 16115,
        "isCommercial": "False"
    },
    {
        "id": "23bff15f-dc1a-45df-93f0-36f9f7280b5c",
        "title": "ASMR 물 속에서 듣는 ..💧 쌍둥이랑 멀리서 가까이 팅글 가득, 공간감 대박 3DIO “냠냠” 단어반복│Far To Close Trigger Words/ Twin Tingle",
        "description": "ASMR 꼬록.. 물 속에서 듣는 쌍둥이랑 멀리서 가까이 팅글 대박, 공간감 가득│3DIO 냠냠냠 단어반복│Far To Close Trigger Words Tingle (In the Water)\n\n\n☁️인스타그램 INSTAGRAM\nhttp://www.instagram.com/y.zzu \n\n☁️투네이션 후원 toonation\nhttps://toon.at/donate/asmr_yeonchu\n\n☁️멤버십 가입 (전용영상/전용 커뮤니티 업로드)\nhttps://www.youtube.com/channel/UCjypzyxU_p0_0ElbWSi8QQw/join \n\n-\n\n🎥 연츄의 일상 브이로그 VLOG\nhttps://www.youtube.com/channel/UCbhbaBMBCIJRT0PPxsYrbhw\n\n🎥 연츄가 응원하는 채널\nhttps://www.youtube.com/channel/UCCS8nxHUyUG8KuttHmOht8w\n\n\n💌비즈니스 문의 e-mail\nduswnk1002@naver.com\n\n\n-\n\n※ASMR이란?\n심리적 안정을 유도하는 영상입니다.\n청취자들에게 안정감을 주며 불면증에 도움이 됩니다.",
        "thumbnail": "https://i.ytimg.com/vi/zh2w3DL5YPA/mqdefault.jpg",
        "youtubeVideoId": "zh2w3DL5YPA",
        "uploadedDate": "2021-09-09T12:35:08Z",
        "viewCount": 253497,
        "isCommercial": "False"
    },
    {
        "id": "b383c35b-904e-4b47-8162-dc3846ea22a3",
        "title": "ASMR 시각적 팅글 + 입소리 팅글 + 손소리 팅글 = 천국일까 ? Layered tingle sounds│잠이 오는 손동작과 레이어드 팅글 사운드",
        "description": "ASMR 시각적 팅글 + 입소리 팅글 + 손소리 팅글 = 천국일까 ? Layered tingle sounds│hand movement + mouth sound + hand sound = tingle party\n\n☁️인스타그램 INSTAGRAM\nhttp://www.instagram.com/y.zzu \n\n☁️투네이션 후원 toonation\nhttps://toon.at/donate/asmr_yeonchu\n\n☁️멤버십 가입 (전용영상/전용 커뮤니티 업로드)\nhttps://www.youtube.com/channel/UCjypzyxU_p0_0ElbWSi8QQw/join \n\n-\n\n🎥 연츄의 일상 브이로그 VLOG\nhttps://www.youtube.com/channel/UCbhbaBMBCIJRT0PPxsYrbhw\n\n🎥 연츄가 응원하는 채널\nhttps://www.youtube.com/channel/UCCS8nxHUyUG8KuttHmOht8w\n\n\n💌비즈니스 문의 e-mail\nduswnk1002@naver.com\n\n\n-\n\n※ASMR이란?\n심리적 안정을 유도하는 영상입니다.\n청취자들에게 안정감을 주며 불면증에 도움이 됩니다.",
        "thumbnail": "https://i.ytimg.com/vi/2T2RtHbxVD0/mqdefault.jpg",
        "youtubeVideoId": "2T2RtHbxVD0",
        "uploadedDate": "2021-08-28T17:46:40Z",
        "viewCount": 8268,
        "isCommercial": "False"
    },
    {
        "id": "17901cde-32b8-4f6d-9b80-e78368eff6b6",
        "title": "ASMR 드르륵 귀청소와 인어디블 입소리│Caterpillar Eapick Ear Cleaning & Inaudible whispering (mouth sounds)",
        "description": "ASMR 송충이귀이개로 드르륵 귀청소와 인어디블 입소리│Caterpillar Eapick Ear Cleaning & Inaudible whispering (mouth sounds)│노토킹 3DIO\n\n☁️인스타그램 INSTAGRAM\nhttp://www.instagram.com/y.zzu \n\n☁️투네이션 후원 toonation\nhttps://toon.at/donate/asmr_yeonchu\n\n☁️멤버십 가입 (전용영상/전용 커뮤니티 업로드)\nhttps://www.youtube.com/channel/UCjypzyxU_p0_0ElbWSi8QQw/join \n\n-\n\n🎥 연츄의 일상 브이로그 VLOG\nhttps://www.youtube.com/channel/UCbhbaBMBCIJRT0PPxsYrbhw\n\n🎥 연츄가 응원하는 채널\nhttps://www.youtube.com/channel/UCCS8nxHUyUG8KuttHmOht8w\n\n\n💌비즈니스 문의 e-mail\nduswnk1002@naver.com\n\n\n-\n\n※ASMR이란?\n심리적 안정을 유도하는 영상입니다.\n청취자들에게 안정감을 주며 불면증에 도움이 됩니다.",
        "thumbnail": "https://i.ytimg.com/vi/yHeD31a6BFo/mqdefault.jpg",
        "youtubeVideoId": "yHeD31a6BFo",
        "uploadedDate": "2021-08-20T12:03:51Z",
        "viewCount": 5950,
        "isCommercial": "False"
    },
    {
        "id": "d8916c38-a790-4c2b-a324-61ee7f0a4e4b",
        "title": "ASMR 아잇 차가워 🥶❄️ 정수리까지 시려워지는 얼음 먹기 ice eating sounds│시원한 얼음 입소리,위스퍼링 ice mouth sounds,whispering",
        "description": "ASMR 아잇 차가워 🥶❄️ 정수리까지 시려워지는 얼음 먹기 ice eating sounds│시원한 얼음 입소리,위스퍼링 ice mouth sounds,whispering\n\n☁️인스타그램 INSTAGRAM\nhttp://www.instagram.com/y.zzu \n\n☁️투네이션 후원 toonation\nhttps://toon.at/donate/asmr_yeonchu\n\n☁️멤버십 가입 (전용영상/전용 커뮤니티 업로드)\nhttps://www.youtube.com/channel/UCjypzyxU_p0_0ElbWSi8QQw/join \n\n-\n\n🎥 연츄의 일상 브이로그 VLOG\nhttps://www.youtube.com/channel/UCbhbaBMBCIJRT0PPxsYrbhw\n\n💌비즈니스 문의 e-mail\nduswnk1002@naver.com\n\n\n\n-\n\n※ASMR이란?\n심리적 안정을 유도하는 영상입니다.\n청취자들에게 안정감을 주며 불면증에 도움이 됩니다.",
        "thumbnail": "https://i.ytimg.com/vi/PI0OzJhcjkM/mqdefault.jpg",
        "youtubeVideoId": "PI0OzJhcjkM",
        "uploadedDate": "2021-07-11T12:08:00Z",
        "viewCount": 14839,
        "isCommercial": "False"
    },
    {
        "id": "5f9b1070-adab-46dc-ab8c-659d977187ee",
        "title": "ASMR 쌍둥이가 당신의 굳은 고막을 녹여주는 팅글을 선사합니다.│ASMR 고인물도 이건 못참지 ! Mic Nibbling Mouth Sounds TINGLE/TWIN ASMR",
        "description": "ASMR 쌍둥이가 당신의 굳은 고막을 녹여주는 팅글을 선사합니다.│ASMR 고인물도 이건 못참지 ! Mic Nibbling Mouth Sounds TINGLE/TWIN ASMR\n\n\n☁️인스타그램 INSTAGRAM\nhttp://www.instagram.com/y.zzu \n\n☁️투네이션 후원 toonation\nhttps://toon.at/donate/asmr_yeonchu\n\n☁️멤버십 가입 (전용영상/전용 커뮤니티 업로드)\nhttps://www.youtube.com/channel/UCjypzyxU_p0_0ElbWSi8QQw/join \n\n-\n\n🎥 연츄의 일상 브이로그 VLOG\nhttps://www.youtube.com/channel/UCbhbaBMBCIJRT0PPxsYrbhw\n\n💌비즈니스 문의 e-mail\nduswnk1002@naver.com\n\n📝자막 달아주시면 감사하겠습니다 (subtitles)\nhttp://www.youtube.com/timedtext_cs_panel?tab=2&c=UCjypzyxU_p0_0ElbWSi8QQw\n\n\n-\n\n※ASMR이란?\n심리적 안정을 유도하는 영상입니다.\n청취자들에게 안정감을 주며 불면증에 도움이 됩니다.",
        "thumbnail": "https://i.ytimg.com/vi/dC7kkYWKSKY/mqdefault.jpg",
        "youtubeVideoId": "dC7kkYWKSKY",
        "uploadedDate": "2021-06-08T12:19:12Z",
        "viewCount": 11509,
        "isCommercial": "False"
    },
    {
        "id": "2a581b86-2744-4808-8cc7-68c9abde2975",
        "title": "ASMR 귀와 뇌를 관통하는 엄청난 팅글 tingles│Mouth Sounds through the brain",
        "description": "고인물 ASMR 귀와 뇌를 관통하는 엄청난 팅글 tingles│Mouth Sounds through the brain\n\n* 일상채널\nhttps://www.youtube.com/channel/UCbhbaBMBCIJRT0PPxsYrbhw\n\n* INSTAGRAM\nhttp://www.instagram.com/y.zzu\n\n* 비즈니스 문의\nduswnk1002@naver.com\n\n* 자막 (subtitles)\nhttp://www.youtube.com/timedtext_cs_panel?tab=2&c=UCjypzyxU_p0_0ElbWSi8QQw\n\n* 멤버십 가입\nhttps://www.youtube.com/channel/UCjypzyxU_p0_0ElbWSi8QQw/join\n\n\n※ASMR이란?\n심리적 안정을 유도하는 영상입니다.\n힐링을 원하는 청취자들에게 안정감을 주고,불면증에 도움이 됩니다.",
        "thumbnail": "https://i.ytimg.com/vi/88Xvit7A8xo/mqdefault.jpg",
        "youtubeVideoId": "88Xvit7A8xo",
        "uploadedDate": "2021-05-07T14:00:35Z",
        "viewCount": 308386,
        "isCommercial": "False"
    },
    {
        "id": "06f6c222-7823-4e77-95b4-000aba55477d",
        "title": "ASMR 😌🧹 알아들을 수 없는 속삭임과 부드럽게 귀를 쓰다듬는 소리 Brushing you&Inaudible Whispering",
        "description": "ASMR Brushing you 알아들을 수 없는 속삭임과 부드러운 쓰다듬 소리 Inaudible Whispering & Face and Ear brushing 팅글 tingle\n\n* 일상채널\nhttps://www.youtube.com/channel/UCbhbaBMBCIJRT0PPxsYrbhw\n\n* INSTAGRAM\nhttp://www.instagram.com/y.zzu\n\n* 비즈니스 문의\nduswnk1002@naver.com\n\n* 자막 (subtitles)\nhttp://www.youtube.com/timedtext_cs_panel?tab=2&c=UCjypzyxU_p0_0ElbWSi8QQw\n\n* 멤버십 가입\nhttps://www.youtube.com/channel/UCjypzyxU_p0_0ElbWSi8QQw/join\n\n\n※ASMR이란?\n심리적 안정을 유도하는 영상입니다.\n힐링을 원하는 청취자들에게 안정감을 주고,불면증에 도움이 됩니다.",
        "thumbnail": "https://i.ytimg.com/vi/6ZMrKY8RPzo/mqdefault.jpg",
        "youtubeVideoId": "6ZMrKY8RPzo",
        "uploadedDate": "2021-04-16T12:57:32Z",
        "viewCount": 155016,
        "isCommercial": "False"
    },
    {
        "id": "669a297c-dab1-4ba0-9e09-2ac7e93ebcd3",
        "title": "ASMR 정수리에 소름돋게 톡톡 터지는 팅글│점점 발전하는 니블링 입소리│Layered Nibbling│Popping Candy Intense Mouth sounds TINGLE",
        "description": "ASMR 정수리에 소름돋게 톡톡 터지는 팅글│점점 더 발전하는 니블링 입소리│Layered Mic Nibbling│Popping Candy Mouth sounds│사탕 TINGLE\n\n26:00 ~ Layered mouth sounds\n\n* 일상채널\nhttps://www.youtube.com/channel/UCbhbaBMBCIJRT0PPxsYrbhw\n\n* INSTAGRAM\nhttp://www.instagram.com/y.zzu\n\n* 비즈니스 문의\nduswnk1002@naver.com\n\n* 자막 (subtitles)\nhttp://www.youtube.com/timedtext_cs_panel?tab=2&c=UCjypzyxU_p0_0ElbWSi8QQw\n\n* 멤버십 가입\nhttps://www.youtube.com/channel/UCjypzyxU_p0_0ElbWSi8QQw/join\n\n\n※ASMR이란?\n심리적 안정을 유도하는 영상입니다.\n힐링을 원하는 청취자들에게 안정감을 주고,불면증에 도움이 됩니다.",
        "thumbnail": "https://i.ytimg.com/vi/Y1iD7f-q6lE/mqdefault.jpg",
        "youtubeVideoId": "Y1iD7f-q6lE",
        "uploadedDate": "2021-01-12T12:51:03Z",
        "viewCount": 438488,
        "isCommercial": "False"
    },
    {
        "id": "5fb64073-eab1-496b-9bf0-751a6d343a58",
        "title": "드디어 팅글 못 느끼는 ASMR 썩은물을 위한 소리를 연구했습니다. 빠른 팅글 레이어드 Layered Mic Nibbling Mouth Sounds TINGLE 입소리,단어반복 등",
        "description": "[TIMELINE]\n\n00:14 톡톡톡 빠른 단어반복\n01:04 왈ㄹ라라ㄹㄹ랄 빠른 단어반복\n01:42 가득가득 빠른 단어반복\n02:30 차분하면서도 빠른 니블링\n13:31 니블링 레이어드 (강한팅글,정신없음주의)\n39:20 니블링+빠른 단어반복 레이어드 (더 강한 팅글, 더 정신없음)\n\n00:14 toktoktok fast trigger words\n01:04 lalalal fast trigger words (tongue click)\n01:42 ‘가득가득’ korean fast trigger words\n02:30 calm&fast mic nibbling\n13:31 mic nibbling layered (intense tingle)\n39:20 mic nibbling + fast trigger words (super tingle)\n\n\n[ASMR] 팅글 못 느끼는 ASMR 썩은물을 위한 강력한 입소리&니블링&단어반복│빠른 팅글 레이어드 Layered Mic Nibbling Mouth Sounds TINGLE!!!\n\n* 일상채널\nhttps://www.youtube.com/channel/UCbhbaBMBCIJRT0PPxsYrbhw\n\n* INSTAGRAM\nhttp://www.instagram.com/y.zzu\n\n* 비즈니스 문의\nduswnk1002@naver.com\n\n* 자막 (subtitles)\nhttp://www.youtube.com/timedtext_cs_panel?tab=2&c=UCjypzyxU_p0_0ElbWSi8QQw\n\n* 멤버십 가입\nhttps://www.youtube.com/channel/UCjypzyxU_p0_0ElbWSi8QQw/join\n\n\n※ASMR이란?\n심리적 안정을 유도하는 영상입니다.\n힐링을 원하는 청취자들에게 안정감을 주고,불면증에 도움이 됩니다.",
        "thumbnail": "https://i.ytimg.com/vi/ZCjHQL287qE/mqdefault.jpg",
        "youtubeVideoId": "ZCjHQL287qE",
        "uploadedDate": "2020-12-29T16:33:46Z",
        "viewCount": 2478330,
        "isCommercial": "False"
    },
    {
        "id": "1cac62bd-9a96-4b7c-aad1-c88784432015",
        "title": "ASMR 귀 가까이 팅글가득 단어반복 3DIO│Tingle Trigger words 거짓말 안 치고 진짜 찍다가 잠들었음 (두두두,간질간질,립스틱,깨끗해,졸려)",
        "description": "ASMR 귀 가까이 팅글가득 단어반복│Tingle Trigger words 거짓말 안 치고 진짜 찍다가 잠들었음 (두두두,간질간질,립스틱,깨끗해,졸려)\n\n\n00:00 미리보기 preview\n\n00:30 인사 hi\n\n01:17 두두두 dududu\n\n08:27 간질간질\n\n16:25 립스틱 lipstick\n\n23:07 깨끗해\n\n29:17 졸려\n\n그리고 잠 들었어요..\n\n\n\n* 일상채널\nhttps://www.youtube.com/channel/UCbhbaBMBCIJRT0PPxsYrbhw\n\n* INSTAGRAM\nhttp://www.instagram.com/y.zzu\n\n* 비즈니스 문의\nduswnk1002@naver.com\n\n* 자막 (subtitles)\nhttp://www.youtube.com/timedtext_cs_panel?tab=2&c=UCjypzyxU_p0_0ElbWSi8QQw\n\n* 멤버십 가입\nhttps://www.youtube.com/channel/UCjypzyxU_p0_0ElbWSi8QQw/join\n\n\n※ASMR이란?\n심리적 안정을 유도하는 영상입니다.\n힐링을 원하는 청취자들에게 안정감을 주고,불면증에 도움이 됩니다.",
        "thumbnail": "https://i.ytimg.com/vi/-miE9cxz_I4/mqdefault.jpg",
        "youtubeVideoId": "-miE9cxz_I4",
        "uploadedDate": "2020-12-09T12:10:22Z",
        "viewCount": 278865,
        "isCommercial": "False"
    },
    {
        "id": "99a95ad4-6a52-4aa7-8ff1-23483a8357ef",
        "title": "ASMR Brushing You 😌 스르륵 눈이 감기는 브러싱과 귓속을 파고드는 단어반복 입소리&이어블로잉(Trigger words+ear blowing)│시각적팅글",
        "description": "ASMR Brushing You 스르륵 눈이 감기는 브러싱과 귓속을 파고드는 단어반복&이어블로잉(Trigger words+ear blowing)│시각적팅글 Visual tingle\n\n오늘은 짧은 광고영상이 업로드되어서 수면용으로 이 영상도 함께 업로드해드려요. 오늘도 좋은 꿈 꾸세요 여러분 ♡\n\n[TIMELINE]\n\n*시각적 ASMR\n00:06 큰 브러쉬 \n16:24 뽀송한 솜 \n30:43 조그마한 브러쉬 \n\n*청각적 ASMR \n00:06 Sleep 단어반복 + 이어블로잉\n09:17 Goodnight 단어반복 + 이어블로잉 \n20:35 Chocolate 단어반복 + 이어블로잉 \n29:36 MIC 단어반복 + 이어블로잉\n\n\n\n* 일상채널\nhttps://www.youtube.com/channel/UCbhbaBMBCIJRT0PPxsYrbhw\n\n* INSTAGRAM\nhttp://www.instagram.com/y.zzu\n\n* 비즈니스 문의\nduswnk1002@naver.com\n\n* 자막 (subtitles)\nhttp://www.youtube.com/timedtext_cs_panel?tab=2&c=UCjypzyxU_p0_0ElbWSi8QQw\n\n* 멤버십 가입\nhttps://www.youtube.com/channel/UCjypzyxU_p0_0ElbWSi8QQw/join\n\n\n※ASMR이란?\n심리적 안정을 유도하는 영상입니다.\n힐링을 원하는 청취자들에게 안정감을 주고,불면증에 도움이 됩니다.",
        "thumbnail": "https://i.ytimg.com/vi/4wF16fO6ZCQ/mqdefault.jpg",
        "youtubeVideoId": "4wF16fO6ZCQ",
        "uploadedDate": "2020-11-23T12:07:21Z",
        "viewCount": 736633,
        "isCommercial": "False"
    },
    {
        "id": "0d66f1d4-4417-497d-a030-d6ff40dee58a",
        "title": "ASMR 츄릅👅 너는 혀가 된다 Feel the tongue│강력한 팅글│입소리∙레이어드 니블링 mouth sounds∙layered nibbling",
        "description": "* 일상채널\nhttps://www.youtube.com/channel/UCbhbaBMBCIJRT0PPxsYrbhw\n\n* INSTAGRAM\nhttp://www.instagram.com/y.zzu\n\n* 비즈니스 문의\nduswnk1002@naver.com\n\n* 자막 (subtitles)\nhttp://www.youtube.com/timedtext_cs_panel?tab=2&c=UCjypzyxU_p0_0ElbWSi8QQw\n\n* 멤버십 가입\nhttps://www.youtube.com/channel/UCjypzyxU_p0_0ElbWSi8QQw/join\n\n\n※ASMR이란?\n심리적 안정을 유도하는 영상입니다.\n힐링을 원하는 청취자들에게 안정감을 주고,불면증에 도움이 됩니다.",
        "thumbnail": "https://i.ytimg.com/vi/hE8Cjnc-I2I/mqdefault.jpg",
        "youtubeVideoId": "hE8Cjnc-I2I",
        "uploadedDate": "2020-11-09T14:20:40Z",
        "viewCount": 969526,
        "isCommercial": "False"
    },
    {
        "id": "a0c0baba-b607-4125-ab9d-62ee05044c6c",
        "title": "ASMR 그대들이 3년을 기다린 바로 그 소리│마이크 니블링│강력하고 자극적인 입소리 Mic Nibbling Mouth Sounds 마이크 먹방",
        "description": "ASMR 그대들이 3년을 기다린 바로 그 소리│마이크 니블링│강력하고 자극적인 입소리 Mic Nibbling Mouth Sounds 마이크 먹방\n\n* 일상채널\nhttps://www.youtube.com/channel/UCbhbaBMBCIJRT0PPxsYrbhw\n\n* INSTAGRAM\nhttp://www.instagram.com/y.zzu\n\n* 비즈니스 문의\nduswnk1002@naver.com\n\n* 자막 (subtitles)\nhttp://www.youtube.com/timedtext_cs_panel?tab=2&c=UCjypzyxU_p0_0ElbWSi8QQw\n\n* 멤버십 가입\nhttps://www.youtube.com/channel/UCjypzyxU_p0_0ElbWSi8QQw/join\n\n* 비고라이브\nID: yeonchuasmr (또는 \"연츄\" 검색)\n https://bigolive.onelink.me/sG8X/YEONCHU \n\n\n※ASMR이란?\n심리적 안정을 유도하는 영상입니다.\n힐링을 원하는 청취자들에게 안정감을 주고,불면증에 도움이 됩니다.",
        "thumbnail": "https://i.ytimg.com/vi/6Sg5zbJ6v-U/mqdefault.jpg",
        "youtubeVideoId": "6Sg5zbJ6v-U",
        "uploadedDate": "2020-11-09T14:20:22Z",
        "viewCount": 816151,
        "isCommercial": "False"
    },
    {
        "id": "1e5685f3-0a9b-443b-ac80-388a01f872f0",
        "title": "ASMR 고인물을 위한.. 팅글때문에 정신 못 차리는 입소리 + 빠른 단어반복│Fast mouth sounds & fast trigger words",
        "description": "* 비고라이브\nID: yeonchuasmr (또는 \"연츄\" 검색)\nhttps://bit.ly/2Zm4hlW (안드로이드 다운로드)\nhttps://apple.co/38nHLgW (애플 다운로드)\n\n\n●영상에서 입온 옷\n쇼핑몰: 러빈잇 에서 구매!\n\n------------------------------------------------------------------------------------\n\n\n00:42 느린 입소리\nSlow mouth sound\n\n08:10 빠른 입소리\nFast mouth sound\n\n14:20 빠른 단어반복 (도도,퓨퓨,클릭,롤롤로 등)\nFast trigger words (DoDo,FuFu,Click,Lollolo)\n\n17:41 느린입소리+빠른 입소리 레이어드\nSlow mouth sound+Fast mouth sound layered\n\n21:47 느린입소리+빠른 단어반복 레이어드\nSlow mouth sound+Fast trigger words\n\n\n-\n\n\n* 일상채널\nhttps://www.youtube.com/channel/UCbhbaBMBCIJRT0PPxsYrbhw\n\n* INSTAGRAM\nhttp://www.instagram.com/y.zzu\n\n* 비즈니스 문의\nduswnk1002@naver.com\n\n* 자막 (subtitles)\nhttp://www.youtube.com/timedtext_cs_panel?tab=2&c=UCjypzyxU_p0_0ElbWSi8QQw\n\n* 멤버십 가입\nhttps://www.youtube.com/channel/UCjypzyxU_p0_0ElbWSi8QQw/join\n\n\n※ASMR이란?\n심리적 안정을 유도하는 영상입니다.\n힐링을 원하는 청취자들에게 안정감을 주고,불면증에 도움이 됩니다.",
        "thumbnail": "https://i.ytimg.com/vi/qrIWdLrwp1Y/mqdefault.jpg",
        "youtubeVideoId": "qrIWdLrwp1Y",
        "uploadedDate": "2020-11-09T14:20:13Z",
        "viewCount": 341711,
        "isCommercial": "False"
    },
    {
        "id": "f39bafd6-3298-41e0-9488-243c5f3d0c2b",
        "title": "ASMR 고인물에게 바칩니다. 팅글만을 위한 빠르고 촐싹거리는 입소리 (안정은 안됨)  Fast Mouth sounds",
        "description": "♡늘 좋은 꿈 꾸시고, 행복하세요♡\n\n\" ASMR 고인물\" 들어오세요! 팅글만을 위한 빠른 입소리 (안정은 안됨)  Fast Mouth sounds\n\n●연츄채널 후원하기\n(매 달 한분을 선정하여 선물과 편지를 보내드려요)\nhttps://toon.at/donate/asmr_yeonchu\n\n●연츄채널 멤버십 가입\n(멤버십 전용 ASMR영상 업로드&소통+닉네임 옆 특별 뱃지)\nhttps://www.youtube.com/channel/UCjypzyxU_p0_0ElbWSi8QQw/join\n\n●연츄로그 (일상채널)\nhttps://www.youtube.com/channel/UCbhbaBMBCIJRT0PPxsYrbhw\n\n●INSTAGRAM\nhttp://www.instagram.com/y.zzu\n\n●EMAIL(비즈니스문의)\nduswnk1002@naver.com\n\n●영상 자막 달아주기 (subtitles)\nhttp://www.youtube.com/timedtext_cs_panel?tab=2&c=UCjypzyxU_p0_0ElbWSi8QQw\n\n●연츄 쇼핑몰 (홈웨어,집순이템 등)\nhttp://www.gn-darling.shop\n\n\n●팬카페 츄랜드\nhttps://cafe.naver.com/yeonchuasmr\n\n●사서함\n서울 성동구 연무장15길 11 에스팩토리 B동 2층 (받는이:연츄)\n\n\n※ASMR이란?\n심리적 안정을 유도하는 영상입니다.\n힐링을 원하는 청취자들에게 안정감을 주고,불면증에 도움이 됩니다.",
        "thumbnail": "https://i.ytimg.com/vi/8cuf6FD7S74/mqdefault.jpg",
        "youtubeVideoId": "8cuf6FD7S74",
        "uploadedDate": "2020-11-09T14:20:18Z",
        "viewCount": 461839,
        "isCommercial": "False"
    },
    {
        "id": "4dc4a438-0d51-425b-a897-16420be7c561",
        "title": "[한국어ASMR] 립스틱과 립글로스 소리 & 입소리 Lipstick&Mouth sounds",
        "description": "#ASMR#한국어ASMR#입소리\n[한국어ASMR] 립스틱과 립글로스 소리 & 입소리 Lipstick&Mouth sounds\nASMR Lipstick sounds&Mouth sounds\n\n♡늘 좋은 꿈 꾸시고, 행복하세요♡\n\n●연츄채널 후원하기\n(매 달 한분을 선정하여 선물과 편지를 보내드려요)\nhttps://toon.at/donate/asmr_yeonchu\n\n●연츄채널 멤버십 가입\n(멤버십 전용 ASMR영상 업로드&소통+닉네임 옆 특별 뱃지)\nhttps://www.youtube.com/channel/UCjypzyxU_p0_0ElbWSi8QQw/join\n\n●연츄로그 (일상채널)\nhttps://www.youtube.com/channel/UCbhbaBMBCIJRT0PPxsYrbhw\n\n●INSTAGRAM\nhttp://www.instagram.com/y.zzu\n\n●EMAIL(비즈니스문의)\nduswnk1002@naver.com\n\n●영상 자막 달아주기 (subtitles)\nhttp://www.youtube.com/timedtext_cs_panel?tab=2&c=UCjypzyxU_p0_0ElbWSi8QQw\n\n●대부분의 옷 정보\n(할인코드'연츄'입력 시 5%추가할인)\nhttps://www.seoulstore.com/\n\n●팬카페 츄랜드\nhttps://cafe.naver.com/yeonchuasmr\n\n●사서함\n서울 성동구 연무장15길 11 에스팩토리 B동 2층 (받는이:연츄)\n\n\n※ASMR이란?\n심리적 안정을 유도하는 영상입니다.\n힐링을 원하는 청취자들에게 안정감을 주고,불면증에 도움이 됩니다.",
        "thumbnail": "https://i.ytimg.com/vi/cllQQPxftlU/mqdefault.jpg",
        "youtubeVideoId": "cllQQPxftlU",
        "uploadedDate": "2020-11-09T14:19:43Z",
        "viewCount": 0,
        "isCommercial": "False"
    },
    {
        "id": "01a0e728-0dff-47d9-9daa-b7f67fff4554",
        "title": "[한국어 ASMR] 사탕먹으며 입소리&이어블로잉│Candy Mouth Sounds (약간의 Tongue Shake) & Ear blowing + 위스퍼링",
        "description": "■ ASMR 이란, 자율감각쾌락반응의 약자로\n뇌를 자극해 심리적인 안정을 유도하는 영상으로 바람이 부는 소리, 연필로 글씨를 쓰는 소리, 바스락거리는 소리 등을 제공해 힐링을 얻고자하는 청취자들에게 안정감을 주며 불면증에 도움이 된다.\n-\n뒷부분으로 갈수록 자극적인 입소리입니다.\n약간의 tongue shake 도 해봤어요 ~\n이어블로잉 22:46 부터입니다.\n-\n■ 인스타그램: http://www.instagram.com/y.zzu\n■ 연츄 마켓 (블로그) : http://blog.naver.com/duswnk1002\n■ 개인적인 메일 : duswnk1002@naver.com\n■ 비즈니스 메일 : ad.group@treasurehunter.co.kr\n■ 일상채널 ( 연츄로그 )\nhttps://www.youtube.com/channel/UCbhbaBMBCIJRT0PPxsYrbhw\n-\n[한국어 ASMR] 사탕먹으며 입소리&이어블로잉│Candy Mouth Sounds (약간의 Tongue Shake) & Ear blowing + 위스퍼링(Whispering)",
        "thumbnail": "https://i.ytimg.com/vi/z6ARK4SKAJg/mqdefault.jpg",
        "youtubeVideoId": "z6ARK4SKAJg",
        "uploadedDate": "2020-11-09T14:20:01Z",
        "viewCount": 51388,
        "isCommercial": "False"
    },
    {
        "id": "b79a4dcf-7cce-4dfc-957f-54e05d2bdf26",
        "title": "[한국어 ASMR] 잠이 오는 입소리와 손소리 (+함께) │Hand sound & Mouth sound No talking",
        "description": "■ ASMR 이란, 자율감각쾌락반응의 약자로\n뇌를 자극해 심리적인 안정을 유도하는 영상으로 바람이 부는 소리, 연필로 글씨를 쓰는 소리, 바스락거리는 소리 등을 제공해 힐링을 얻고자하는 청취자들에게 안정감을 주며 불면증에 도움이 된다.\n-\n*타임라인*\n00:10 손소리 Hand sound\n12:43 입소리 Mouth sound\n31:00 손소리+입소리 ( Hand sound + Mouth sound)\n-\n드디어 이 영상을 업로드하네용ㅠ_ㅠ\n커뮤니티에 컴퓨터 관련해서 열심히 알려주신 똑똑박사 구독자님들 감사해요 ! 결국 오늘 포맷하고 새로운 마음으로 다 다시 깔고 렌더링했더니 잘 되네요 ♡ 입소리는 호불호가 많이 갈리는 소재이긴 하지만 저는 개인적으로 입소리 손소리 모두 잔잔하니 잠이 잘 오는 것 같아서 좋아해요. 그래서 한 영상에 담아보았습니다. 뒷부분에 입소리 + 손소리 부분도 좋아요 ! 편안하게 들으시고 좋은 꿈 꾸세요 ♡ 감사합니다.\n-\n■ 인스타그램: http://www.instagram.com/y.zzu\n■ 연츄 마켓 (블로그) : http://blog.naver.com/duswnk1002\n■ 개인적인 메일 : duswnk1002@naver.com\n■ 비즈니스 메일 : adm@treasurehunter.co.kr\n■ 일상채널 ( 연츄로그 )\nhttps://www.youtube.com/channel/UCbhbaBMBCIJRT0PPxsYrbhw\n-\n[한국어 ASMR ] 잠이 오는 입소리와 손소리 (+함께) │Hand sound & Mouth sound No talking",
        "thumbnail": "https://i.ytimg.com/vi/ygyNhY0Bj2Y/mqdefault.jpg",
        "youtubeVideoId": "ygyNhY0Bj2Y",
        "uploadedDate": "2020-11-09T14:19:33Z",
        "viewCount": 0,
        "isCommercial": "False"
    },
    {
        "id": "d444b89f-00ba-42c9-9078-25d2beb18787",
        "title": "[no talking / 한국어 asmr] 자극적이지 않고 부드러운 입소리 │ Mouth sounds │Soft Mouth sound│Asmr korean│노토킹",
        "description": "Asmr이란?\n심리적인 안정을 유도하는 영상으로 조그만 목소리와. 반복적인 소리, 편안한 소리 등을 제공해 불면증과 안정에 도움이 됩니다.\n(이어폰 착용을 권장합니다.)\n-\n오늘은 아주 오랜만에 입소리 영상을 준비했어요.\n귀청소든 입소리든 자극적인 소리를 좋아하는 편인데,\n요즘에는 부드럽고 조용한..느릿느릿한 소리들이 좋더라구요.\n그래서 자극적이지 않은 부드러운 입소리 영상을 만들어봤습니다.\n쩝쩝 냠냠 소리 들으면 잠이 솔솔 오시는분들이 좋아하실 것 같아요.\n오늘도 감사하구, 좋은 꿈 꾸세요 ♡\n-\n♥연츄네 파자마 마켓 \"연주네집\"♥\n#카카오톡플친 : http://pf.kakao.com/_xhaxfhC\n#블로그 : http://blog.naver.com/duswnk1002\n#인스타 : http://www.instagram.com/y.zzu\n-\n비즈니스문의: adm@treasurehunter.co.kr\n개인메일: duswnk1002@naver.com\n사서함: 서울특별시 성동구 연무장15길 11 에스팩토리 B동 2층\n받는이:연츄\n-\n[no talking / 한국어 asmr] 부드럽고 자극적이지 않은 입소리 │ Mouth sounds │Soft Mouth sound│Asmr korean│노토킹",
        "thumbnail": "https://i.ytimg.com/vi/YbXt5lyv0mw/mqdefault.jpg",
        "youtubeVideoId": "YbXt5lyv0mw",
        "uploadedDate": "2020-11-09T14:19:46Z",
        "viewCount": 0,
        "isCommercial": "False"
    }
]