[
    {
        "id": "f1d7c1f6-e32e-47de-a200-6a944e60ea9e",
        "title": "영혼이 없는 술은.. 팔지 않는 와인 BAR..간 썰",
        "description": "트위치 생방 주소 ㄱ\nhttps://www.twitch.tv/pjs9073",
        "thumbnail": "https://i.ytimg.com/vi/BT0sBBiaNVk/mqdefault.jpg",
        "youtubeVideoId": "BT0sBBiaNVk",
        "uploadedDate": "2019-09-24T04:23:11Z",
        "viewCount": 15484,
        "isCommercial": "False"
    },
    {
        "id": "8b1c2577-da8c-4287-a681-f74da2906d07",
        "title": "꽃핀,강지,감블러,실프,뿡 강남에서 70만원 카드빵 한 썰",
        "description": "트위치 생방 주소 ㄱ\nhttps://www.twitch.tv/pjs9073",
        "thumbnail": "https://i.ytimg.com/vi/wVSY-D0KBAI/mqdefault.jpg",
        "youtubeVideoId": "wVSY-D0KBAI",
        "uploadedDate": "2019-09-24T04:25:49Z",
        "viewCount": 35463,
        "isCommercial": "False"
    },
    {
        "id": "b6faad8e-7e82-4e07-ab62-5b6b678d5b3d",
        "title": "14학번 2학년 미필 복학한썰푼다 ㅋㅋ",
        "description": "트위치 생방 주소 ㄱ\nhttps://www.twitch.tv/pjs9073",
        "thumbnail": "https://i.ytimg.com/vi/5V5mokk15c8/mqdefault.jpg",
        "youtubeVideoId": "5V5mokk15c8",
        "uploadedDate": "2019-09-24T04:29:39Z",
        "viewCount": 69007,
        "isCommercial": "False"
    },
    {
        "id": "64659f42-a7d5-435c-b4f6-5cf8fc9fc823",
        "title": "꽃핀,삐부,신기해 바람의 나라 토끼고기 먹은썰 [ 쫀득 썰풀기 ]",
        "description": "트위치 생방 주소 ㄱ\nhttps://www.twitch.tv/pjs9073",
        "thumbnail": "https://i.ytimg.com/vi/4X3XIET66io/mqdefault.jpg",
        "youtubeVideoId": "4X3XIET66io",
        "uploadedDate": "2019-09-24T04:29:39Z",
        "viewCount": 0,
        "isCommercial": "False"
    },
    {
        "id": "09ba60db-e6d4-46d2-b275-8cdb8e61d2e1",
        "title": "충격;; 투보가 우리집  매트릭스에 ㄹㅇ 오줌을 쌌어요 ;",
        "description": "트위치 생방 주소 ㄱ\nhttps://www.twitch.tv/pjs9073",
        "thumbnail": "https://i.ytimg.com/vi/fWPLh-ukhRU/mqdefault.jpg",
        "youtubeVideoId": "fWPLh-ukhRU",
        "uploadedDate": "2019-09-27T05:12:14Z",
        "viewCount": 150598,
        "isCommercial": "False"
    },
    {
        "id": "f29003d2-befc-4cab-8427-b9a264391665",
        "title": "삐부가 취하고 똘복이가 꽃핀한테 주접떨고 강지누난 무섭고 김지누 시끄러운썰",
        "description": "트위치 생방 주소 ㄱ\nhttps://www.twitch.tv/pjs9073",
        "thumbnail": "https://i.ytimg.com/vi/PKsq_o4PcDI/mqdefault.jpg",
        "youtubeVideoId": "PKsq_o4PcDI",
        "uploadedDate": "2020-03-13T04:29:33Z",
        "viewCount": 188229,
        "isCommercial": "False"
    },
    {
        "id": "d31ecc75-60a8-4ebd-b5b3-435fe368c1fd",
        "title": "악녀가 묶이고 꽃핀이 죽고 고차비가 일탈한썰ㅋㅋㅋㅋㅋㅋㅋㅋㅋㅋㅋ",
        "description": "트위치 생방 주소 ㄱ\r\nhttps://www.twitch.tv/pjs9073",
        "thumbnail": "https://i.ytimg.com/vi/XJJ9oogggsY/mqdefault.jpg",
        "youtubeVideoId": "XJJ9oogggsY",
        "uploadedDate": "2020-05-17T04:18:17Z",
        "viewCount": 148394,
        "isCommercial": "False"
    }
]