[
    {
        "id": "0f6fb3fc-70cf-4983-8c50-9601b2f2dfa1",
        "title": "괴식 4천왕 vs 다이어트 와나나",
        "description": "아직 한 달 남았다....!",
        "thumbnail": "https://i.ytimg.com/vi/Aur3RW4jzoY/mqdefault.jpg",
        "youtubeVideoId": "Aur3RW4jzoY",
        "uploadedDate": "2019-03-21T06:54:31Z",
        "viewCount": 0,
        "isCommercial": "False"
    },
    {
        "id": "6392a6cd-abe2-4cd7-9c52-21005e0bf52b",
        "title": "시작부터 강력하다, 괴식 1천왕 쫀득..!!",
        "description": "하",
        "thumbnail": "https://i.ytimg.com/vi/6MBxLOab5kA/mqdefault.jpg",
        "youtubeVideoId": "6MBxLOab5kA",
        "uploadedDate": "2019-03-21T06:54:50Z",
        "viewCount": 0,
        "isCommercial": "False"
    },
    {
        "id": "b99b685b-9e8c-4d27-9df6-475d0bd1638b",
        "title": "괴식 여제! 2천왕 견자희!",
        "description": "이제...반 왔다...!",
        "thumbnail": "https://i.ytimg.com/vi/FHJw3gCE09A/mqdefault.jpg",
        "youtubeVideoId": "FHJw3gCE09A",
        "uploadedDate": "2019-03-21T06:55:01Z",
        "viewCount": 0,
        "isCommercial": "False"
    },
    {
        "id": "899cdcaa-8dff-4b12-adea-2a1f442e3b10",
        "title": "괴식 3천왕...그 프롤로그...",
        "description": "...",
        "thumbnail": "https://i.ytimg.com/vi/PVKboD0eKKs/mqdefault.jpg",
        "youtubeVideoId": "PVKboD0eKKs",
        "uploadedDate": "2019-04-13T11:28:37Z",
        "viewCount": 0,
        "isCommercial": "False"
    },
    {
        "id": "9b5b22ad-8476-4e63-a46b-f05af5b433ae",
        "title": "역대 최악의 괴식..! 3천왕 득털!!!",
        "description": "으악 생각만해도 토나와",
        "thumbnail": "https://i.ytimg.com/vi/9u3jNDcVILQ/mqdefault.jpg",
        "youtubeVideoId": "9u3jNDcVILQ",
        "uploadedDate": "2019-04-23T01:32:18Z",
        "viewCount": 0,
        "isCommercial": "False"
    },
    {
        "id": "f8f496ff-b765-4785-a7a8-fe6120d833a3",
        "title": "이번엔 역 괴식이다 득털 2부!!!!",
        "description": "즐겁다!!",
        "thumbnail": "https://i.ytimg.com/vi/81cskd998_M/mqdefault.jpg",
        "youtubeVideoId": "81cskd998_M",
        "uploadedDate": "2019-04-23T01:32:25Z",
        "viewCount": 0,
        "isCommercial": "False"
    },
    {
        "id": "d092f1e6-8434-42b0-81d2-5b5ca2366d65",
        "title": "와나나vs레바 드디어 괴식의 종결..!",
        "description": "이상한 그림을 그리는 자에게 이상한 요리 솜씨가 깃든다 하였느니라",
        "thumbnail": "https://i.ytimg.com/vi/MvujZaCMTGw/mqdefault.jpg",
        "youtubeVideoId": "MvujZaCMTGw",
        "uploadedDate": "2019-05-06T08:50:15Z",
        "viewCount": 0,
        "isCommercial": "False"
    },
    {
        "id": "97def2b4-28c4-4983-9ca6-d944fefcf391",
        "title": "역 괴식, 괴식으로 타락해버린 와나나의 공격",
        "description": "신난당",
        "thumbnail": "https://i.ytimg.com/vi/sAmmTNrAsjE/mqdefault.jpg",
        "youtubeVideoId": "sAmmTNrAsjE",
        "uploadedDate": "2019-05-22T15:38:58Z",
        "viewCount": 0,
        "isCommercial": "False"
    },
    {
        "id": "0ffc82e6-2926-4e83-a108-cb0888e6a6ca",
        "title": "우정에 도움이 되는 역 괴식 두번째 이야기!",
        "description": "저희 많이 친해져씀니다",
        "thumbnail": "https://i.ytimg.com/vi/-8YmEjgc9fQ/mqdefault.jpg",
        "youtubeVideoId": "-8YmEjgc9fQ",
        "uploadedDate": "2019-05-24T12:07:09Z",
        "viewCount": 0,
        "isCommercial": "False"
    },
    {
        "id": "cd58bb09-4c13-4d4b-8feb-4b59bc6186d6",
        "title": "또!!!또!!괴식이야 또!!!또또또또!!똗ㄷ!!!!!",
        "description": "아직 살 수 있을지도 몰라",
        "thumbnail": "https://i.ytimg.com/vi/l5wN0r3dTXE/mqdefault.jpg",
        "youtubeVideoId": "l5wN0r3dTXE",
        "uploadedDate": "2019-06-28T06:21:35Z",
        "viewCount": 205390,
        "isCommercial": "False"
    },
    {
        "id": "4c65e6f7-d1ea-4a64-975a-c52c391c8b7a",
        "title": "단 한명만이 살아 남아...! 단 한명!!!!!!",
        "description": "괴식을 많이 먹으면 괴식의 신이 축복을 내린다는 설이 사실인가..!",
        "thumbnail": "https://i.ytimg.com/vi/vyx0GVN66gQ/mqdefault.jpg",
        "youtubeVideoId": "vyx0GVN66gQ",
        "uploadedDate": "2019-06-28T06:22:12Z",
        "viewCount": 162072,
        "isCommercial": "False"
    },
    {
        "id": "f15dcd1f-0864-4fc0-ad85-085c0aaf7a13",
        "title": "드디어 그 괴식.. 역대급..!",
        "description": "다음 편에 나올 괴식은 절대 그 누구도 넘보지 못 할 음식입니다.",
        "thumbnail": "https://i.ytimg.com/vi/nqiffL4D7pY/mqdefault.jpg",
        "youtubeVideoId": "nqiffL4D7pY",
        "uploadedDate": "2019-08-15T11:31:18Z",
        "viewCount": 332576,
        "isCommercial": "False"
    },
    {
        "id": "1da9595b-c7fc-42dc-bf9b-1b6f922e9ddc",
        "title": "이 영상은 후반까지 봐야 합니다.",
        "description": "아",
        "thumbnail": "https://i.ytimg.com/vi/JFVY-T9tf_4/mqdefault.jpg",
        "youtubeVideoId": "JFVY-T9tf_4",
        "uploadedDate": "2019-12-02T10:38:12Z",
        "viewCount": 133709,
        "isCommercial": "False"
    },
    {
        "id": "f01f01ff-fc22-462b-8b29-1329f1a909a6",
        "title": "떠먹는 피자 밥죽 마라소스 마시멜로",
        "description": "아이고 두야",
        "thumbnail": "https://i.ytimg.com/vi/MznmMzS11XU/mqdefault.jpg",
        "youtubeVideoId": "MznmMzS11XU",
        "uploadedDate": "2019-12-02T10:38:30Z",
        "viewCount": 215460,
        "isCommercial": "False"
    },
    {
        "id": "ddbbed6d-1573-438a-846a-f6d9ea1f11fe",
        "title": "이 거, 역대 최악의 괴식.",
        "description": "역겨워",
        "thumbnail": "https://i.ytimg.com/vi/-uRrVz_IZ-E/mqdefault.jpg",
        "youtubeVideoId": "-uRrVz_IZ-E",
        "uploadedDate": "2019-12-02T10:38:44Z",
        "viewCount": 327360,
        "isCommercial": "False"
    },
    {
        "id": "d45b07fd-10f7-4bb8-b91d-ae0c29cbfcd5",
        "title": "됐어, 괴식은 이제 익숙해",
        "description": "삶이 망가져가고 있어\n\n--------------------------------------------------------------------------------------------\n#비고라이브 #bigolive\n\n글로벌 No.1 LIVE 방송 플랫폼 비고라이브!\n에서 재밌는 라이브 방송 즐기세요 :)\n\nhttps://bigolive.onelink.me/sG8X/WANANA",
        "thumbnail": "https://i.ytimg.com/vi/NDBBBia5w6w/mqdefault.jpg",
        "youtubeVideoId": "NDBBBia5w6w",
        "uploadedDate": "2020-09-29T10:41:59Z",
        "viewCount": 163178,
        "isCommercial": "False"
    },
    {
        "id": "51c49b2a-1230-4648-904e-f36313da919e",
        "title": "라면에 딸기제티를 넣으면 어떻게 될까? (괴식)",
        "description": "해영이 수고했어",
        "thumbnail": "https://i.ytimg.com/vi/mfJz2KHF2NI/mqdefault.jpg",
        "youtubeVideoId": "mfJz2KHF2NI",
        "uploadedDate": "2020-10-17T10:27:39Z",
        "viewCount": 298943,
        "isCommercial": "False"
    },
    {
        "id": "6c6017db-41bc-493d-823d-e2d0d424cb99",
        "title": "여고생들은 달달한 제티 라면을 좋아할까?",
        "description": "놀라운 결과를 발견했다고 한다.",
        "thumbnail": "https://i.ytimg.com/vi/KM9FfJd_Fso/mqdefault.jpg",
        "youtubeVideoId": "KM9FfJd_Fso",
        "uploadedDate": "2020-10-19T11:41:49Z",
        "viewCount": 488120,
        "isCommercial": "False"
    }
]