[
    {
        "id": "1d29a820-692f-4adf-948d-eb150ac7f4e4",
        "title": "일본 일찐상 여동생의 첫인상 블라인드 테스트ㅋㅋㅋㅋㅋㅋㅋㅋㅋㅋ",
        "description": "#요미냥 #우정우정우정우정 #쿠모\n편집자 by 유도비\n\n썸네일 by 유도비\n\n트위치 생방 주소 ㄱ\nhttps://www.twitch.tv/pjs9073\n\n후원\nhttps://toon.at/donate/636948819261097211",
        "thumbnail": "https://i.ytimg.com/vi/HVROWQ40fP4/mqdefault.jpg",
        "youtubeVideoId": "HVROWQ40fP4",
        "uploadedDate": "2022-10-23T03:01:42Z",
        "viewCount": 138951,
        "isCommercial": "False"
    },
    {
        "id": "0a49c5d9-621e-48bb-bc25-9d61c5f3461b",
        "title": "트위치 슬렌더 1황 우정우정우정우정ㅋㅋㅋㅋㅋㅋㅋㅋㅋㅋㅋㅋㅋㅋ",
        "description": "#블라인드 #슬랜더 #우정우정우정\n편집자 by 유도비\n\n썸네일 by 유도비\n\n트위치 생방 주소 ㄱ\nhttps://www.twitch.tv/pjs9073\n\n후원\nhttps://toon.at/donate/636948819261097211",
        "thumbnail": "https://i.ytimg.com/vi/bAdRk37wmgI/mqdefault.jpg",
        "youtubeVideoId": "bAdRk37wmgI",
        "uploadedDate": "2022-10-22T02:42:58Z",
        "viewCount": 133383,
        "isCommercial": "False"
    },
    {
        "id": "1e3fd7c7-f226-4a52-8bfa-7faa0807966c",
        "title": "3대 500치는 형님한테 익명으로 풍선근육이라 말하기ㅋㅋㅋㅋㅋㅋㅋㅋㅋㅋㅋㅋㅋㅋㅋㅋㅋㅋㅋㅋㅋㅋ개웃기네 진짜",
        "description": "#배돈님 #썸네일불만있으면 #카톡배돈ㄱ\n편집자 by 유도비\n\n썸네일 by 유도비\n\n트위치 생방 주소 ㄱ\nhttps://www.twitch.tv/pjs9073\n\n후원\nhttps://toon.at/donate/636948819261097211",
        "thumbnail": "https://i.ytimg.com/vi/bSqH5xkq3bo/mqdefault.jpg",
        "youtubeVideoId": "bSqH5xkq3bo",
        "uploadedDate": "2022-09-24T08:13:36Z",
        "viewCount": 120849,
        "isCommercial": "False"
    },
    {
        "id": "92fc1e7e-c3fd-4f10-858f-7249cdb7a636",
        "title": "3대 500치는 헬창 두고 약속 늦은 와나나 워노구ㅋㅋㅋㅋㅋㅋㅋㅋㅋㅋ",
        "description": "#배돈님 #그냥 #접어버리죠\n편집자 by 홈랜드   \n\n썸네일 by 홈랜드   \n\n트위치 생방 주소 ㄱ\nhttps://www.twitch.tv/pjs9073\n\n후원\nhttps://toon.at/donate/636948819261097211",
        "thumbnail": "https://i.ytimg.com/vi/86ayC2ULavg/mqdefault.jpg",
        "youtubeVideoId": "86ayC2ULavg",
        "uploadedDate": "2022-09-24T08:13:21Z",
        "viewCount": 112676,
        "isCommercial": "False"
    },
    {
        "id": "57256421-4ecd-4296-b00c-1321e824789f",
        "title": "존예 여캠들의 첫인상만 보고 연애스타일 판단하기ㅋㅋㅋㅋㅋㅋㅋㅋㅋ",
        "description": "#마젠타 #박삐삐 #에투샤\n편집자 by 유도비\n\n썸네일 by 유도비\n\n트위치 생방 주소 ㄱ\nhttps://www.twitch.tv/pjs9073\n\n후원\nhttps://toon.at/donate/636948819261097211",
        "thumbnail": "https://i.ytimg.com/vi/mfnykBjb3Cw/mqdefault.jpg",
        "youtubeVideoId": "mfnykBjb3Cw",
        "uploadedDate": "2022-09-24T08:12:21Z",
        "viewCount": 88576,
        "isCommercial": "False"
    },
    {
        "id": "7b473dd7-e88e-445f-b8e7-80e51cbdd9ec",
        "title": "대륙에서 넘어온 여캠과 포켓몬 마스터ㅋㅋㅋㅋㅋㅋ",
        "description": "#박삐삐 #에투샤 #마젠타\n편집자 by 유도비\n\n썸네일 by 유도비\n\n트위치 생방 주소 ㄱ\nhttps://www.twitch.tv/pjs9073\n\n후원\nhttps://toon.at/donate/636948819261097211",
        "thumbnail": "https://i.ytimg.com/vi/cx7PtqdEYcI/mqdefault.jpg",
        "youtubeVideoId": "cx7PtqdEYcI",
        "uploadedDate": "2022-09-24T08:12:05Z",
        "viewCount": 85342,
        "isCommercial": "False"
    },
    {
        "id": "66e4d58d-b706-41e8-b624-abb17435eecd",
        "title": "일찐 누나 첫 인상 판단하기ㅋㅋㅋㅋㅋㅋㅋㅋㅋㅋ",
        "description": "#공파리파 #주피디 #하나키키\n편집자 by 홈랜드\n\n썸네일 by 홈랜드\n\n트위치 생방 주소 ㄱ\nhttps://www.twitch.tv/pjs9073\n\n후원\nhttps://toon.at/donate/636948819261097211",
        "thumbnail": "https://i.ytimg.com/vi/dmNwE_KoMuY/mqdefault.jpg",
        "youtubeVideoId": "dmNwE_KoMuY",
        "uploadedDate": "2022-09-24T08:11:15Z",
        "viewCount": 103334,
        "isCommercial": "False"
    },
    {
        "id": "d2e34845-4a1d-4964-ba3f-0a172fe6de9d",
        "title": "공파랑 진짜로 사귀고 싶어하는 여자 스트리머ㅋㅋㅋㅋㅋㅋㅋㅋㅋㅋ",
        "description": "#공파리파 #주피디 #하나키키\n편집자 by 홈랜드 \n\n썸네일 by 홈랜드 \n\n트위치 생방 주소 ㄱ\nhttps://www.twitch.tv/pjs9073\n\n후원\nhttps://toon.at/donate/636948819261097211",
        "thumbnail": "https://i.ytimg.com/vi/w2GSo-nWRSQ/mqdefault.jpg",
        "youtubeVideoId": "w2GSo-nWRSQ",
        "uploadedDate": "2022-09-24T08:10:53Z",
        "viewCount": 139538,
        "isCommercial": "False"
    },
    {
        "id": "bebcbdd1-8d7b-4af1-9631-d0e030e6f3a4",
        "title": "문신 담배 타투 누나의 첫 인상 판단하기ㅋㅋㅋㅋㅋㅋㅋㅋㅋㅋㅋㅋㅋㅋ",
        "description": "#카라미 #남봉 #심자몬\n편집자 by 콩석\n\n썸네일 by 콩석\n\n트위치 생방 주소 ㄱ\nhttps://www.twitch.tv/pjs9073\n\n후원\nhttps://toon.at/donate/636948819261097211",
        "thumbnail": "https://i.ytimg.com/vi/3kTYj6QakS0/mqdefault.jpg",
        "youtubeVideoId": "3kTYj6QakS0",
        "uploadedDate": "2022-09-24T08:10:09Z",
        "viewCount": 187781,
        "isCommercial": "False"
    },
    {
        "id": "752feaf6-4abf-429b-9b9d-0ca3cf342888",
        "title": "듀얼리스트는 실제로 듀얼 외치면서 듀얼하나요..?",
        "description": "#카라미 #남봉 #심자몬\n편집자 by 콩석\n\n썸네일 by 콩석\n\n트위치 생방 주소 ㄱ\nhttps://www.twitch.tv/pjs9073\n\n후원\nhttps://toon.at/donate/636948819261097211",
        "thumbnail": "https://i.ytimg.com/vi/hd2SOOjr-Dc/mqdefault.jpg",
        "youtubeVideoId": "hd2SOOjr-Dc",
        "uploadedDate": "2022-09-24T08:09:56Z",
        "viewCount": 104574,
        "isCommercial": "False"
    }
]