[
    {
        "id": "b4a19f1e-8fd1-4909-8fab-5740fe4e1878",
        "title": "역대급으로 찢어버린 웃음참기",
        "description": "위 이야기는 사실과 아주 다를 수 있습니다\n\n댓글과 트위치로 함께 소통합시다\n\n많이 사랑합니다.\n\n트위치 : 마술사김준표\n월수금토일 오후 7시 방송\n\n마술 강의\n\n렉쳐노트\nhttps://www.lnmagic.co.kr/goods/goods_search.php?keyword=%EA%B9%80%EC%A4%80%ED%91%9C&recentCount=10\n\n아르카나\nhttps://arcanamagic.com/?s=%EA%B9%80%EC%A4%80%ED%91%9C&post_type=course\n\n김준표 배우는 마술 클래스 101\nhttps://101.gg/junpyo-class\n\n비즈니스 & 합방 공연 & 강의 문의\nadm@treasurehunter.co.kr\n\n공연 및 강의 정보\nhttps://www.notion.so/kalidcerona/9f4490ab22414594874f7fbabe1bb59a\n\n영상을 퍼가실 경우 꼭 출처를 남겨주시길 바라며\n다른 영상과 합치지 마시길 바랍니다",
        "thumbnail": "https://i.ytimg.com/vi/I1r8H8iL-qI/mqdefault.jpg",
        "youtubeVideoId": "I1r8H8iL-qI",
        "uploadedDate": "2022-09-22T17:32:34Z",
        "viewCount": 74995,
        "isCommercial": "False"
    }
]