[
    {
        "id": "1ed539de-7522-4118-a4fe-85a859d1f338",
        "title": "유튜브에서 또 선물이 왔습니다..?",
        "description": "크리에이터 뭐 참여하고 설문해서 준거 같은데\n뭐였는지 기억안나네요;;\n\nTag\n#shorts #유튜브선물",
        "thumbnail": "https://i.ytimg.com/vi/6BxEs9AjXEM/mqdefault.jpg",
        "youtubeVideoId": "6BxEs9AjXEM",
        "uploadedDate": "2021-07-16T09:19:14Z",
        "viewCount": 2795,
        "isCommercial": "False"
    },
    {
        "id": "dfdffbca-c09e-4cad-8606-1e2e0b6500f4",
        "title": "굉장히 핫하다는 갤럭시탭 S7 FE 언박싱",
        "description": "갤럭시탭 S7 FE 언박싱!\n궁금한거 물어봐주세요\n주말동안 테스트해보고 다룰 수 있는건 다룰게요!\n\nTag\n#shorts #갤럭시탭S7FE\n\n* (비즈니스 문의) itws8692@gmail.com\n* (일상/소통) https://www.instagram.com/at_the_endd/",
        "thumbnail": "https://i.ytimg.com/vi/4baEDWj0Hhk/mqdefault.jpg",
        "youtubeVideoId": "4baEDWj0Hhk",
        "uploadedDate": "2021-07-23T13:23:53Z",
        "viewCount": 566,
        "isCommercial": "False"
    },
    {
        "id": "75070787-7ce3-4848-b09e-c79887f67cb6",
        "title": "나만 알기 아까운 갤럭시 버즈2 꿀팁",
        "description": "갤럭시 버즈2\nhttps://link.coupang.com/a/lESa0\n위 링크에서 구매하시면 에이트ATE에게 소정의 수수료가 지급됩니다.\n\nTag\n#갤럭시버즈2 #버즈2 #shorts\n\n✔ 비즈니스 문의 : itws8692@gmail.com\n✔ 인스타그램 - https://www.instagram.com/at_the_endd/\n✔ 음원사이트 - https://artlist.io/HONG-1533409\n    (가입 시 2개월 추가 무료 혜택)",
        "thumbnail": "https://i.ytimg.com/vi/Fg16MpAlbKc/mqdefault.jpg",
        "youtubeVideoId": "Fg16MpAlbKc",
        "uploadedDate": "2022-04-02T22:14:15Z",
        "viewCount": 2573,
        "isCommercial": "False"
    },
    {
        "id": "6d87d680-67fc-4334-9836-abcf66de971c",
        "title": "모르면 손해보는 갤럭시 워치4 꿀팁 #shorts",
        "description": "쿠팡 링크\nhttps://link.coupang.com/a/le5Oz\n위 링크에서 구매하시면 에이트ATE에게 소정의 수수료가 지급됩니다.\n\nTag\n#갤럭시워치4 #shorts\n\n✔ 비즈니스 문의 : itws8692@gmail.com\n✔ 인스타그램 - https://www.instagram.com/at_the_endd/\n✔ 음원사이트 - https://artlist.io/HONG-1533409\n    (가입 시 2개월 추가 무료 혜택)",
        "thumbnail": "https://i.ytimg.com/vi/EgvJZX6Rtyw/mqdefault.jpg",
        "youtubeVideoId": "EgvJZX6Rtyw",
        "uploadedDate": "2022-05-03T10:55:34Z",
        "viewCount": 3469,
        "isCommercial": "False"
    },
    {
        "id": "7110df28-ad9a-4b57-964d-f9b61c829c24",
        "title": "2년 넘게 사용한 에어팟프로 새거로 교체 받는 방법 #shorts",
        "description": "좀 더 자세한 내용은 본영상 참고해주세요\nhttps://youtu.be/A_L9BMan7QA\n\n생산년도 확인 사이트\nhttp://www.chipmunk.nl/klantenservice/applemodel.html\n\n참고!!\n생산년도 상관없이 일련번호 뒤에 4자리가 LKKT면 대상입니다 20년도 10월 이전은 모두 LKKT입니다.\n해외제품 다 상관없어요\n라고 합니다.\n\nTag\n#에어팟프로 #리콜 #에어팟프로불량확인 #shorts\n\nhttps://link.coupang.com/a/oDZdK\n위 링크에서 구매하시면 에이트ATE에게 소정의 수수료가 지급됩니다.\n\n✔ 비즈니스 문의 : itws8692@gmail.com\n✔ 인스타그램 - https://www.instagram.com/at_the_endd/\n✔ 음원사이트 - https://artlist.io/HONG-1533409\n    (가입 시 2개월 추가 무료 혜택)",
        "thumbnail": "https://i.ytimg.com/vi/FDvhBTOBx5w/mqdefault.jpg",
        "youtubeVideoId": "FDvhBTOBx5w",
        "uploadedDate": "2022-07-04T11:46:27Z",
        "viewCount": 1935,
        "isCommercial": "False"
    },
    {
        "id": "293f1b3d-6be4-43b5-80de-0d767f0a2bcd",
        "title": "드디어 애플페이 된다!? 아이폰 유저 난리난 이유",
        "description": "쿠팡 링크\nhttps://link.coupang.com/a/le5Oz\n위 링크에서 구매하시면 에이트ATE에게 소정의 수수료가 지급됩니다.\n\nTag\n#shorts #애플페이 #삼성페이 #현대카드\n\n✔ 비즈니스 문의 : itws8692@gmail.com\n✔ 인스타그램 - https://www.instagram.com/at_the_endd/\n✔ 음원사이트 - https://artlist.io/HONG-1533409\n    (가입 시 2개월 추가 무료 혜택)",
        "thumbnail": "https://i.ytimg.com/vi/G18oX4Rmv5M/mqdefault.jpg",
        "youtubeVideoId": "G18oX4Rmv5M",
        "uploadedDate": "2022-09-18T09:34:55Z",
        "viewCount": 17879,
        "isCommercial": "False"
    },
    {
        "id": "a2c8aa85-7fdd-404c-bbf5-d8b797a9ddc2",
        "title": "아이폰 페이스 아이디 잘 안될 때, 이렇게 해보세요",
        "description": "쿠팡 링크\nhttps://link.coupang.com/a/le5Oz\n위 링크에서 구매하시면 에이트ATE에게 소정의 수수료가 지급됩니다.\n\n#shorts #아이폰14 #faceid \n\n✔ 비즈니스 문의 : itws8692@gmail.com\n✔ 인스타그램 - https://www.instagram.com/at_the_endd/\n✔ 음원사이트 - https://artlist.io/HONG-1533409\n    (가입 시 2개월 추가 무료 혜택)",
        "thumbnail": "https://i.ytimg.com/vi/kr508mbfJIc/mqdefault.jpg",
        "youtubeVideoId": "kr508mbfJIc",
        "uploadedDate": "2022-09-29T12:49:22Z",
        "viewCount": 1697,
        "isCommercial": "False"
    },
    {
        "id": "e6250089-6e69-4bb4-826e-9b5efb442148",
        "title": "아이폰 유저만 아는 아이폰 진품 구분법",
        "description": "아이폰 14\nhttps://link.coupang.com/a/C8dNT\n위 링크에서 구매하시면 에이트ATE에게 소정의 수수료가 지급됩니다.\n\n✔ 비즈니스 문의 : itws8692@gmail.com\n✔ 인스타그램 - https://www.instagram.com/at_the_endd/\n✔ 음원사이트 - https://artlist.io/HONG-1533409\n    (가입 시 2개월 추가 무료 혜택)",
        "thumbnail": "https://i.ytimg.com/vi/PoVE6LJBCgA/mqdefault.jpg",
        "youtubeVideoId": "PoVE6LJBCgA",
        "uploadedDate": "2022-10-04T08:00:28Z",
        "viewCount": 31707,
        "isCommercial": "False"
    },
    {
        "id": "83bd2045-96ee-4adb-85a3-8aa90fde0b4c",
        "title": "갤럭시 스마트폰, 태블릿, 워치, 이어폰 전부 갤럭시로 쓰는 이유",
        "description": "워치5 프로\nhttps://link.coupang.com/a/C9FsA\n위 링크에서 구매하시면 에이트ATE에게 소정의 수수료가 지급됩니다.\n\n삼성전자의 지원을 받아 제작되었습니다.\n\n#갤럭시z플립4 #갤럭시워치5 #갤럭시버즈2프로\n\n✔ 비즈니스 문의 : itws8692@gmail.com\n✔ 인스타그램 - https://www.instagram.com/at_the_endd/\n✔ 음원사이트 - https://artlist.io/HONG-1533409\n    (가입 시 2개월 추가 무료 혜택)",
        "thumbnail": "https://i.ytimg.com/vi/GLjHVPetjFA/mqdefault.jpg",
        "youtubeVideoId": "GLjHVPetjFA",
        "uploadedDate": "2022-10-05T02:11:09Z",
        "viewCount": 76471,
        "isCommercial": "True"
    },
    {
        "id": "1143dc4e-0317-4f0f-8f80-12b8983a170a",
        "title": "1분만에 무료로 갤럭시 카메라 무음 만드는 방법!",
        "description": "쿠팡 링크\nhttps://link.coupang.com/a/le5Oz\n위 링크에서 구매하시면 에이트ATE에게 소정의 수수료가 지급됩니다.\n\n#무음카메라 #카메라셔터음 #갤럭시 \n\n✔ 비즈니스 문의 : itws8692@gmail.com\n✔ 인스타그램 - https://www.instagram.com/at_the_endd/\n✔ 음원사이트 - https://artlist.io/HONG-1533409\n    (가입 시 2개월 추가 무료 혜택)",
        "thumbnail": "https://i.ytimg.com/vi/XwiuT1ByJfg/mqdefault.jpg",
        "youtubeVideoId": "XwiuT1ByJfg",
        "uploadedDate": "2022-10-06T10:44:11Z",
        "viewCount": 3451,
        "isCommercial": "False"
    },
    {
        "id": "140e12a8-15f7-4655-ae07-ff24f5331e75",
        "title": "애플이 안알려준 아이폰 충전 비밀 한가지",
        "description": "쿠팡 링크\nhttps://link.coupang.com/a/le5Oz\n위 링크에서 구매하시면 에이트ATE에게 소정의 수수료가 지급됩니다.\n\n✔ 비즈니스 문의 : itws8692@gmail.com\n✔ 인스타그램 - https://www.instagram.com/at_the_endd/\n✔ 음원사이트 - https://artlist.io/HONG-1533409\n    (가입 시 2개월 추가 무료 혜택)",
        "thumbnail": "https://i.ytimg.com/vi/mlIbFdPhPUc/mqdefault.jpg",
        "youtubeVideoId": "mlIbFdPhPUc",
        "uploadedDate": "2022-10-09T05:33:28Z",
        "viewCount": 14161,
        "isCommercial": "False"
    },
    {
        "id": "4f8d1818-b9c6-4c56-98ab-23180eb1e928",
        "title": "대부분 잘못 알고있는 아이폰 14프로 4800만 화소로 찍는 방법",
        "description": "쿠팡 링크\nhttps://link.coupang.com/a/le5Oz\n위 링크에서 구매하시면 에이트ATE에게 소정의 수수료가 지급됩니다.\n\n✔ 비즈니스 문의 : itws8692@gmail.com\n✔ 인스타그램 - https://www.instagram.com/at_the_endd/\n✔ 음원사이트 - https://artlist.io/HONG-1533409\n    (가입 시 2개월 추가 무료 혜택)",
        "thumbnail": "https://i.ytimg.com/vi/iMXgMvWJnoc/mqdefault.jpg",
        "youtubeVideoId": "iMXgMvWJnoc",
        "uploadedDate": "2022-10-11T05:27:13Z",
        "viewCount": 6559,
        "isCommercial": "False"
    },
    {
        "id": "6b3919fa-9fd8-4c3d-9751-707c5bd02558",
        "title": "아이폰 갤럭시 숨겨진 기능! 자기전에 스마트폰 한다면 꼭 활용하세요.",
        "description": "쿠팡 링크\nhttps://link.coupang.com/a/le5Oz\n위 링크에서 구매하시면 에이트ATE에게 소정의 수수료가 지급됩니다.\n\n✔ 비즈니스 문의 : itws8692@gmail.com\n✔ 인스타그램 - https://www.instagram.com/at_the_endd/\n✔ 음원사이트 - https://artlist.io/HONG-1533409\n    (가입 시 2개월 추가 무료 혜택)",
        "thumbnail": "https://i.ytimg.com/vi/VinJDmDY_eo/mqdefault.jpg",
        "youtubeVideoId": "VinJDmDY_eo",
        "uploadedDate": "2022-10-12T06:46:14Z",
        "viewCount": 2636,
        "isCommercial": "False"
    },
    {
        "id": "d7d9c055-0b03-459d-b9e0-9eec24df13cf",
        "title": "아이폰 없어져야 할 기능 1위...😂",
        "description": "쿠팡 링크\nhttps://link.coupang.com/a/le5Oz\n위 링크에서 구매하시면 에이트ATE에게 소정의 수수료가 지급됩니다.\n\nTag\n#shorts #아이폰\n\n✔ 비즈니스 문의 : itws8692@gmail.com\n✔ 인스타그램 - https://www.instagram.com/at_the_endd/\n✔ 음원사이트 - https://artlist.io/HONG-1533409\n    (가입 시 2개월 추가 무료 혜택)",
        "thumbnail": "https://i.ytimg.com/vi/R7E7O8fah-M/mqdefault.jpg",
        "youtubeVideoId": "R7E7O8fah-M",
        "uploadedDate": "2022-10-13T07:48:18Z",
        "viewCount": 6002,
        "isCommercial": "False"
    },
    {
        "id": "36e9f1a3-0c1a-4d2c-b4f5-6dd3f20ad7b5",
        "title": "갤럭시 버즈2프로, 워치5 싸게 사는법",
        "description": "삼성전자의 지원을 받아 제작되었습니다.\n\n#버즈2프로 #갤럭시워치5 #갤럭시버즈2프로 #shorts\n\n✔ 비즈니스 문의 : itws8692@gmail.com\n✔ 인스타그램 - https://www.instagram.com/at_the_endd/",
        "thumbnail": "https://i.ytimg.com/vi/antp3DNALUo/mqdefault.jpg",
        "youtubeVideoId": "antp3DNALUo",
        "uploadedDate": "2022-11-03T13:05:48Z",
        "viewCount": 4911,
        "isCommercial": "True"
    },
    {
        "id": "a938c51d-7f5a-4c62-941b-e725a97cc924",
        "title": "갤럭시 S22 울트라 100배 줌으로 개기월식 보기",
        "description": "",
        "thumbnail": "https://i.ytimg.com/vi/nAN9Et-D_y8/mqdefault.jpg",
        "youtubeVideoId": "nAN9Et-D_y8",
        "uploadedDate": "2022-11-10T14:46:00Z",
        "viewCount": 2705,
        "isCommercial": "False"
    }
]