[
    {
        "id": "fb39cd9d-b987-42a2-a394-260af57daf79",
        "title": "현지인 아니세요..? 동무 려권내라우!! #1",
        "description": "우정잉의 생방송은 여기서 확인하세요!\n우정잉 트위치 https://www.twitch.tv/nanajam777",
        "thumbnail": "https://i.ytimg.com/vi/6gjQDsb8fP8/mqdefault.jpg",
        "youtubeVideoId": "6gjQDsb8fP8",
        "uploadedDate": "2021-07-12T10:00:23Z",
        "viewCount": 0,
        "isCommercial": "False"
    },
    {
        "id": "5b0dac46-5f04-4077-b544-fdcc3613043e",
        "title": "현지인 아니세요..? 동무 려권내라우!! #2",
        "description": "우정잉의 생방송은 여기서 확인하세요!\n우정잉 트위치 https://www.twitch.tv/nanajam777",
        "thumbnail": "https://i.ytimg.com/vi/2R5QihGK2Lo/mqdefault.jpg",
        "youtubeVideoId": "2R5QihGK2Lo",
        "uploadedDate": "2021-07-12T10:00:23Z",
        "viewCount": 0,
        "isCommercial": "False"
    },
    {
        "id": "7e71ff41-aec8-47d5-a436-7cd9855cd13f",
        "title": "[#1] 야쿠자가 된 우정잉?!｜우정잉의 용과같이 0 Yakuza 0 (190111)",
        "description": "우정잉의 생방송은 여기서 확인하세요!\n우정잉 트위치 https://www.twitch.tv/nanajam777",
        "thumbnail": "https://i.ytimg.com/vi/NKEw0E-n_Yk/mqdefault.jpg",
        "youtubeVideoId": "NKEw0E-n_Yk",
        "uploadedDate": "2021-07-12T10:00:23Z",
        "viewCount": 0,
        "isCommercial": "False"
    },
    {
        "id": "181ae17f-e12c-4378-afca-9ac728735dab",
        "title": "[#2] 야쿠자가 된 우정잉?!｜우정잉의 용과같이 0 Yakuza 0 (190113)",
        "description": "우정잉의 생방송은 여기서 확인하세요!\n우정잉 트위치 https://www.twitch.tv/nanajam777",
        "thumbnail": "https://i.ytimg.com/vi/q1C6aqQaCw0/mqdefault.jpg",
        "youtubeVideoId": "q1C6aqQaCw0",
        "uploadedDate": "2021-07-12T10:00:23Z",
        "viewCount": 0,
        "isCommercial": "False"
    },
    {
        "id": "cb096e61-2fb5-4e46-9ad6-01db29c7310e",
        "title": "[#3] 야쿠자가 된 우정잉?!｜우정잉의 용과같이 0 Yakuza 0 (190114)",
        "description": "우정잉의 생방송은 여기서 확인하세요!\n우정잉 트위치 https://www.twitch.tv/nanajam777",
        "thumbnail": "https://i.ytimg.com/vi/IO9NMvVNZYY/mqdefault.jpg",
        "youtubeVideoId": "IO9NMvVNZYY",
        "uploadedDate": "2021-07-12T10:00:23Z",
        "viewCount": 0,
        "isCommercial": "False"
    },
    {
        "id": "d498db06-48d5-4413-9f59-a351c7c6e4aa",
        "title": "[#4] 야쿠자가 된 우정잉?!｜우정잉의 용과같이 0 Yakuza 0 (190115)",
        "description": "우정잉의 생방송은 여기서 확인하세요!\n우정잉 트위치 https://www.twitch.tv/nanajam777",
        "thumbnail": "https://i.ytimg.com/vi/dOvXS_Tbdzs/mqdefault.jpg",
        "youtubeVideoId": "dOvXS_Tbdzs",
        "uploadedDate": "2021-07-12T10:00:23Z",
        "viewCount": 0,
        "isCommercial": "False"
    },
    {
        "id": "f0ebb724-3096-4060-b277-42b9db94ee01",
        "title": "[#5] 야쿠자가 된 우정잉?!｜우정잉의 용과같이 0 Yakuza 0 (190117)",
        "description": "우정잉의 생방송은 여기서 확인하세요!\n우정잉 트위치 https://www.twitch.tv/nanajam777",
        "thumbnail": "https://i.ytimg.com/vi/knnz4kmCgus/mqdefault.jpg",
        "youtubeVideoId": "knnz4kmCgus",
        "uploadedDate": "2021-07-12T10:00:23Z",
        "viewCount": 0,
        "isCommercial": "False"
    },
    {
        "id": "f9cb957c-500f-48bd-97c0-7db65bd49b1b",
        "title": "[#6] 야쿠자가 된 우정잉?!｜우정잉의 용과같이 0 Yakuza 0 (190121)",
        "description": "우정잉의 생방송은 여기서 확인하세요!\n우정잉 트위치 https://www.twitch.tv/nanajam777",
        "thumbnail": "https://i.ytimg.com/vi/PwSMWeBv-18/mqdefault.jpg",
        "youtubeVideoId": "PwSMWeBv-18",
        "uploadedDate": "2021-07-12T10:00:23Z",
        "viewCount": 0,
        "isCommercial": "False"
    },
    {
        "id": "144a14ca-0cce-4f89-8231-c5c63a9dc9b9",
        "title": "[#7] 야쿠자가 된 우정잉?!｜우정잉의 용과같이 0 Yakuza 0 (190122)",
        "description": "우정잉의 생방송은 여기서 확인하세요!\n우정잉 트위치 https://www.twitch.tv/nanajam777",
        "thumbnail": "https://i.ytimg.com/vi/6mT5_2dHC2E/mqdefault.jpg",
        "youtubeVideoId": "6mT5_2dHC2E",
        "uploadedDate": "2021-07-12T10:00:23Z",
        "viewCount": 0,
        "isCommercial": "False"
    },
    {
        "id": "6a3e1837-52c2-4b52-98cd-f28cbe721a29",
        "title": "GTA회사에서 서부시대 무법자 게임이 나왔다..! [레드 데드 리뎀션2] #1 (181026)",
        "description": "우정잉의 명랑 서부 대활극 아서는 못말려!\n\n우정잉의 생방송은 여기서 확인하세요!\n우정잉 트위치 https://www.twitch.tv/nanajam777",
        "thumbnail": "https://i.ytimg.com/vi/0Lur-CwsQJE/mqdefault.jpg",
        "youtubeVideoId": "0Lur-CwsQJE",
        "uploadedDate": "2021-07-12T10:00:23Z",
        "viewCount": 0,
        "isCommercial": "False"
    },
    {
        "id": "64c33f9f-dd69-422f-ab50-36f4d72b3444",
        "title": "GTA회사에서 서부시대 무법자 게임이 나왔다..! [레드 데드 리뎀션2] #2 (181028)",
        "description": "우정잉의 생방송은 여기서 확인하세요!\n우정잉 트위치 https://www.twitch.tv/nanajam777",
        "thumbnail": "https://i.ytimg.com/vi/lL-ntDlfR0c/mqdefault.jpg",
        "youtubeVideoId": "lL-ntDlfR0c",
        "uploadedDate": "2021-07-12T10:00:23Z",
        "viewCount": 0,
        "isCommercial": "False"
    },
    {
        "id": "9c02f0a1-8c4f-4deb-9feb-65be1527ddb1",
        "title": "GTA회사에서 서부시대 무법자 게임이 나왔다..! [레드 데드 리뎀션2] #3 (181029)",
        "description": "우정잉의 생방송은 여기서 확인하세요!\n우정잉 트위치 https://www.twitch.tv/nanajam777",
        "thumbnail": "https://i.ytimg.com/vi/k37n26lX7cE/mqdefault.jpg",
        "youtubeVideoId": "k37n26lX7cE",
        "uploadedDate": "2021-07-12T10:00:23Z",
        "viewCount": 0,
        "isCommercial": "False"
    },
    {
        "id": "f43cb61e-b41d-49fa-8c08-2d085e28efa5",
        "title": "GTA회사에서 서부시대 무법자 게임이 나왔다..! [레드 데드 리뎀션2] #4 (181030)",
        "description": "우정잉의 생방송은 여기서 확인하세요!\n우정잉 트위치 https://www.twitch.tv/nanajam777",
        "thumbnail": "https://i.ytimg.com/vi/eFj17ik2_ZE/mqdefault.jpg",
        "youtubeVideoId": "eFj17ik2_ZE",
        "uploadedDate": "2021-07-12T10:00:23Z",
        "viewCount": 0,
        "isCommercial": "False"
    },
    {
        "id": "499472a9-ddc5-4479-a726-a58385a563b8",
        "title": "GTA회사에서 서부시대 무법자 게임이 나왔다..! [레드 데드 리뎀션2] #5 (181101)",
        "description": "우정잉의 생방송은 여기서 확인하세요!\n우정잉 트위치 https://www.twitch.tv/nanajam777",
        "thumbnail": "https://i.ytimg.com/vi/OM8LHn4FA4s/mqdefault.jpg",
        "youtubeVideoId": "OM8LHn4FA4s",
        "uploadedDate": "2021-07-12T10:00:23Z",
        "viewCount": 0,
        "isCommercial": "False"
    },
    {
        "id": "df947fca-c096-48a4-a393-b16ff9bf66e5",
        "title": "GTA회사에서 서부시대 무법자 게임이 나왔다..! [레드 데드 리뎀션2] #6 (181102)",
        "description": "우정잉의 생방송은 여기서 확인하세요!\n우정잉 트위치 https://www.twitch.tv/nanajam777",
        "thumbnail": "https://i.ytimg.com/vi/UsLedIiTKvc/mqdefault.jpg",
        "youtubeVideoId": "UsLedIiTKvc",
        "uploadedDate": "2021-07-12T10:00:23Z",
        "viewCount": 0,
        "isCommercial": "False"
    },
    {
        "id": "a869bace-5a2e-45bc-b6fa-6c9cfe971fe7",
        "title": "GTA회사에서 서부시대 무법자 게임이 나왔다..! [레드 데드 리뎀션2] #7 (181103)",
        "description": "우정잉의 생방송은 여기서 확인하세요!\n우정잉 트위치 https://www.twitch.tv/nanajam777",
        "thumbnail": "https://i.ytimg.com/vi/mChxIne492A/mqdefault.jpg",
        "youtubeVideoId": "mChxIne492A",
        "uploadedDate": "2021-07-12T10:00:23Z",
        "viewCount": 0,
        "isCommercial": "False"
    },
    {
        "id": "a4cd006c-6966-4663-8767-1cf089f997fc",
        "title": "GTA회사에서 서부시대 무법자 게임이 나왔다..! [레드 데드 리뎀션2] #8 (181105)",
        "description": "우정잉의 생방송은 여기서 확인하세요!\n우정잉 트위치 https://www.twitch.tv/nanajam777",
        "thumbnail": "https://i.ytimg.com/vi/3Y8z6jqy4OU/mqdefault.jpg",
        "youtubeVideoId": "3Y8z6jqy4OU",
        "uploadedDate": "2021-07-12T10:00:23Z",
        "viewCount": 0,
        "isCommercial": "False"
    },
    {
        "id": "fa0a0190-534c-454f-b040-f73a84aad596",
        "title": "GTA회사에서 서부시대 무법자 게임이 나왔다..! [레드 데드 리뎀션2] #9 (181106)",
        "description": "우정잉의 생방송은 여기서 확인하세요!\n우정잉 트위치 https://www.twitch.tv/nanajam777",
        "thumbnail": "https://i.ytimg.com/vi/pM7EWa_Jd5Y/mqdefault.jpg",
        "youtubeVideoId": "pM7EWa_Jd5Y",
        "uploadedDate": "2021-07-12T10:00:23Z",
        "viewCount": 0,
        "isCommercial": "False"
    },
    {
        "id": "dae9ca87-6437-4333-8a62-95e38e948267",
        "title": "GTA회사에서 서부시대 무법자 게임이 나왔다..! [레드 데드 리뎀션2] #10 (181108)",
        "description": "우정잉의 생방송은 여기서 확인하세요!\n우정잉 트위치 https://www.twitch.tv/nanajam777",
        "thumbnail": "https://i.ytimg.com/vi/u2pClVUnfNA/mqdefault.jpg",
        "youtubeVideoId": "u2pClVUnfNA",
        "uploadedDate": "2021-07-12T10:00:23Z",
        "viewCount": 0,
        "isCommercial": "False"
    },
    {
        "id": "3e4d6195-e8c3-41ac-96b7-ef38edafcace",
        "title": "GTA회사에서 서부시대 무법자 게임이 나왔다..! [레드 데드 리뎀션2] #에필로그 (181126)",
        "description": "우정잉의 생방송은 여기서 확인하세요!\n우정잉 트위치 https://www.twitch.tv/nanajam777",
        "thumbnail": "https://i.ytimg.com/vi/ly6GbqGtqWw/mqdefault.jpg",
        "youtubeVideoId": "ly6GbqGtqWw",
        "uploadedDate": "2021-07-12T10:00:23Z",
        "viewCount": 0,
        "isCommercial": "False"
    },
    {
        "id": "cc38ea28-5006-4faf-b406-75e8bb0910eb",
        "title": "그렉개쩜ㅇㅋ? 동화처럼 사랑스러운 게임 #1 [나이트 인 더 우즈]",
        "description": "180927에 방송 된 나이트 인더 우즈 풀영상 입니다!\n재밌게 봐주세요 :)\n\n우정잉의 생방송은 여기서 확인하세요!\n우정잉 트위치 https://www.twitch.tv/nanajam777\n\n#트위치 #우정잉 #나이트인더우즈",
        "thumbnail": "https://i.ytimg.com/vi/5Fq4xi-sReU/mqdefault.jpg",
        "youtubeVideoId": "5Fq4xi-sReU",
        "uploadedDate": "2021-07-12T10:00:23Z",
        "viewCount": 0,
        "isCommercial": "False"
    },
    {
        "id": "ad0fca75-17ae-49b0-83e8-d3bb98951b50",
        "title": "그렉개쩜ㅇㅋ? 동화처럼 사랑스러운 게임 #2 [나이트 인 더 우즈]",
        "description": "180927에 방송 된 나이트 인더 우즈 풀영상 입니다!\n재밌게 봐주세요 :)\n\n우정잉의 생방송은 여기서 확인하세요!\n우정잉 트위치 https://www.twitch.tv/nanajam777\n\n\n#우정잉 #트위치 #나이트인더우즈",
        "thumbnail": "https://i.ytimg.com/vi/7nDIuH43yM0/mqdefault.jpg",
        "youtubeVideoId": "7nDIuH43yM0",
        "uploadedDate": "2021-07-12T10:00:23Z",
        "viewCount": 0,
        "isCommercial": "False"
    },
    {
        "id": "18e2dd2d-7612-4bd8-a2b6-2c20f70602f7",
        "title": "[게임] 광란의 팬미팅 현장! 시청자들과 함께하는 휴먼 폴 플랫!! #1",
        "description": "",
        "thumbnail": "https://i.ytimg.com/vi/4PF9b53cgoY/mqdefault.jpg",
        "youtubeVideoId": "4PF9b53cgoY",
        "uploadedDate": "2021-07-12T10:00:23Z",
        "viewCount": 0,
        "isCommercial": "False"
    },
    {
        "id": "d54a8490-9b93-4472-932a-81c99be310ae",
        "title": "[게임] 광란의 팬미팅 현장! 시청자들과 함께하는 휴먼 폴 플랫!! #2",
        "description": "",
        "thumbnail": "https://i.ytimg.com/vi/RiBEBmX6AZg/mqdefault.jpg",
        "youtubeVideoId": "RiBEBmX6AZg",
        "uploadedDate": "2021-07-12T10:00:23Z",
        "viewCount": 0,
        "isCommercial": "False"
    },
    {
        "id": "57740775-9662-40ce-9f2f-f77248e55128",
        "title": "[게임] 광란의 팬미팅 현장! 시청자들과 함께하는 휴먼 폴 플랫!! #3",
        "description": "",
        "thumbnail": "https://i.ytimg.com/vi/EZnuwp1y1xM/mqdefault.jpg",
        "youtubeVideoId": "EZnuwp1y1xM",
        "uploadedDate": "2021-07-12T10:00:23Z",
        "viewCount": 0,
        "isCommercial": "False"
    },
    {
        "id": "97c1d942-e74f-4f1c-a840-a6345785e07f",
        "title": "[게임] 광란의 팬미팅 현장! 시청자들과 함께하는 휴먼 폴 플랫!! #4(마지막)",
        "description": "",
        "thumbnail": "https://i.ytimg.com/vi/PBaYLJuU_2A/mqdefault.jpg",
        "youtubeVideoId": "PBaYLJuU_2A",
        "uploadedDate": "2021-07-12T10:00:23Z",
        "viewCount": 0,
        "isCommercial": "False"
    },
    {
        "id": "268f2bcc-372d-471f-8ee3-5e125f1d2d37",
        "title": "[게임 실황] 감동 주의! 투더문 #1",
        "description": "",
        "thumbnail": "https://i.ytimg.com/vi/P-P3kP_tgKw/mqdefault.jpg",
        "youtubeVideoId": "P-P3kP_tgKw",
        "uploadedDate": "2021-07-12T10:00:23Z",
        "viewCount": 0,
        "isCommercial": "False"
    },
    {
        "id": "ae4b91bb-af51-4029-8e61-3fddc424349c",
        "title": "[게임 실황] 감동 주의! 투더문 #2",
        "description": "",
        "thumbnail": "https://i.ytimg.com/vi/_Dg_AJqNYiU/mqdefault.jpg",
        "youtubeVideoId": "_Dg_AJqNYiU",
        "uploadedDate": "2021-07-12T10:00:23Z",
        "viewCount": 0,
        "isCommercial": "False"
    },
    {
        "id": "aaeaf3f7-3857-47f4-9349-43998c4f2a6b",
        "title": "[게임 실황] 감동 주의! 투더문 #3",
        "description": "",
        "thumbnail": "https://i.ytimg.com/vi/dkJfSuZkrYA/mqdefault.jpg",
        "youtubeVideoId": "dkJfSuZkrYA",
        "uploadedDate": "2021-07-12T10:00:23Z",
        "viewCount": 0,
        "isCommercial": "False"
    },
    {
        "id": "90d5ee6a-bc6b-4479-9a8c-dbcf13f97d63",
        "title": "[게임 실황] 감동 주의! 투더문 #4",
        "description": "",
        "thumbnail": "https://i.ytimg.com/vi/J40GOlHZ2Jg/mqdefault.jpg",
        "youtubeVideoId": "J40GOlHZ2Jg",
        "uploadedDate": "2021-07-12T10:00:23Z",
        "viewCount": 0,
        "isCommercial": "False"
    },
    {
        "id": "24f6520a-7fb7-4d6d-8c55-49c3fec32414",
        "title": "[게임 실황] 감동 주의! 투더문 #5(마지막)",
        "description": "",
        "thumbnail": "https://i.ytimg.com/vi/RRTqkbNpb-M/mqdefault.jpg",
        "youtubeVideoId": "RRTqkbNpb-M",
        "uploadedDate": "2021-07-12T10:00:23Z",
        "viewCount": 0,
        "isCommercial": "False"
    },
    {
        "id": "bd05962f-5f0d-47ec-a0e5-0e0d7e641f8d",
        "title": "[우정잉] 전남친 빌런과 함께하는 스타듀밸리 #1",
        "description": "18.01.10 방송 중 스타듀밸리 플레이 영상입니다!",
        "thumbnail": "https://i.ytimg.com/vi/YACIg7dPo1A/mqdefault.jpg",
        "youtubeVideoId": "YACIg7dPo1A",
        "uploadedDate": "2021-07-12T10:00:23Z",
        "viewCount": 0,
        "isCommercial": "False"
    },
    {
        "id": "e90b56a5-0104-4232-941e-b6430f66fab6",
        "title": "[우정잉] 전남친 빌런과 함께하는 스타듀밸리 #2",
        "description": "",
        "thumbnail": "https://i.ytimg.com/vi/xtmSdI95JEM/mqdefault.jpg",
        "youtubeVideoId": "xtmSdI95JEM",
        "uploadedDate": "2021-07-12T10:00:23Z",
        "viewCount": 0,
        "isCommercial": "False"
    },
    {
        "id": "718d16e6-7928-40ad-8f5b-2e3634d6b414",
        "title": "[우정잉] 10고백 10차임... 분노의 스타듀밸리 #3",
        "description": "트위치에서 스트리밍하는 우정잉입니다!\nhttps://www.twitch.tv/nanajam777",
        "thumbnail": "https://i.ytimg.com/vi/aOHKSNZxNA8/mqdefault.jpg",
        "youtubeVideoId": "aOHKSNZxNA8",
        "uploadedDate": "2021-07-12T10:00:23Z",
        "viewCount": 0,
        "isCommercial": "False"
    },
    {
        "id": "0a5d918b-f82f-4a2f-b69a-e9b0bb58bf34",
        "title": "[게임 하이라이트] 스타듀밸리에서는 양귀비 재배가 합법? #4",
        "description": "트위치에서 스트리밍하는 우정잉입니다!\nhttps://www.twitch.tv/nanajam777\n\n구독쪼아 구독쪼아",
        "thumbnail": "https://i.ytimg.com/vi/gYqSl01kT_g/mqdefault.jpg",
        "youtubeVideoId": "gYqSl01kT_g",
        "uploadedDate": "2021-07-12T10:00:23Z",
        "viewCount": 0,
        "isCommercial": "False"
    },
    {
        "id": "28461859-f7b5-457d-a6aa-110eac2b7329",
        "title": "[우정잉] 공포게임 실황! 디텐션(detention):반교 #1",
        "description": "트위치에서 스트리밍하는 우정잉입니다! \nhttps://www.twitch.tv/nanajam777",
        "thumbnail": "https://i.ytimg.com/vi/EQ80MNSHIUA/mqdefault.jpg",
        "youtubeVideoId": "EQ80MNSHIUA",
        "uploadedDate": "2021-07-12T10:00:23Z",
        "viewCount": 0,
        "isCommercial": "False"
    },
    {
        "id": "5e5242b1-b75e-499a-afb8-190a09d269ab",
        "title": "[우정잉] 공포게임 실황! 디텐션(detention):반교 #2",
        "description": "트위치에서 스트리밍하는 우정잉입니다! \nhttps://www.twitch.tv/nanajam777",
        "thumbnail": "https://i.ytimg.com/vi/DpUPs1viYLY/mqdefault.jpg",
        "youtubeVideoId": "DpUPs1viYLY",
        "uploadedDate": "2021-07-12T10:00:23Z",
        "viewCount": 0,
        "isCommercial": "False"
    },
    {
        "id": "37be7c41-45f8-4308-b563-7244ae0443f4",
        "title": "[우정잉] 공포게임 실황! 디텐션(detention):반교 #3",
        "description": "트위치에서 스트리밍하는 우정잉입니다! \nhttps://www.twitch.tv/nanajam777",
        "thumbnail": "https://i.ytimg.com/vi/2u7Fk2M1V7Q/mqdefault.jpg",
        "youtubeVideoId": "2u7Fk2M1V7Q",
        "uploadedDate": "2021-07-12T10:00:23Z",
        "viewCount": 0,
        "isCommercial": "False"
    },
    {
        "id": "8de6a849-bb2a-427f-ba89-cde34c4d7a93",
        "title": "[우정잉] 공포게임 실황! 디텐션(detention):반교 #4",
        "description": "트위치에서 스트리밍하는 우정잉입니다! \nhttps://www.twitch.tv/nanajam777",
        "thumbnail": "https://i.ytimg.com/vi/uZ2mIEqFSEk/mqdefault.jpg",
        "youtubeVideoId": "uZ2mIEqFSEk",
        "uploadedDate": "2021-07-12T10:00:23Z",
        "viewCount": 0,
        "isCommercial": "False"
    },
    {
        "id": "2474f7d4-3739-4002-89a2-bed72fa37485",
        "title": "[우정잉] 공포게임 실황! 디텐션(detention):반교 #5",
        "description": "트위치에서 스트리밍하는 우정잉입니다! \nhttps://www.twitch.tv/nanajam777",
        "thumbnail": "https://i.ytimg.com/vi/i1zOcINsiZI/mqdefault.jpg",
        "youtubeVideoId": "i1zOcINsiZI",
        "uploadedDate": "2021-07-12T10:00:23Z",
        "viewCount": 0,
        "isCommercial": "False"
    },
    {
        "id": "04dcb2ea-bd82-4b50-9434-23ba7adffd1e",
        "title": "[우정잉] 공포게임 실황! 디텐션(detention):반교 #6(마지막)",
        "description": "트위치에서 스트리밍하는 우정잉입니다! \nhttps://www.twitch.tv/nanajam777",
        "thumbnail": "https://i.ytimg.com/vi/DfD4mgNSfhw/mqdefault.jpg",
        "youtubeVideoId": "DfD4mgNSfhw",
        "uploadedDate": "2021-07-12T10:00:23Z",
        "viewCount": 0,
        "isCommercial": "False"
    },
    {
        "id": "8efc9b93-a9b6-4ccc-81ba-489354a89db5",
        "title": "Ratchet & Clank: Rift Apart 풀영상",
        "description": "잉친이들을 위한 풀영상이야~~\n\n◇비즈니스 문의 : kimfriendshiping@gmail.com\n\n◆우정잉 팬카페 http://cafe.daum.net/ingsfriend\n◆트위치 생방송 https://www.twitch.tv/nanajam777 \n◆인스타그램 https://www.instagram.com/friendshiping94",
        "thumbnail": "https://i.ytimg.com/vi/664sLoOm-Z4/mqdefault.jpg",
        "youtubeVideoId": "664sLoOm-Z4",
        "uploadedDate": "2021-11-30T01:25:06Z",
        "viewCount": 0,
        "isCommercial": "False"
    },
    {
        "id": "04b9919b-8d80-4417-9cc3-46d49678e0a7",
        "title": "PC방 사장이 되어 운영하는 게임! [인터넷 카페 시뮬레이터2]",
        "description": "난 이제 떼부자다\n\n◇비즈니스 문의 : kimfriendshiping@gmail.com\n\n◆우정잉 팬카페 http://cafe.daum.net/ingsfriend\n◆트위치 생방송 https://www.twitch.tv/nanajam777 \n◆인스타그램 https://www.instagram.com/friendshiping94\n\n\n22.01.14 / 22.01.16 방송분입니다.\n#인터넷카페시뮬레이터2 #PC방게임 #PC방시뮬레이터",
        "thumbnail": "https://i.ytimg.com/vi/UPZlAqWRWOo/mqdefault.jpg",
        "youtubeVideoId": "UPZlAqWRWOo",
        "uploadedDate": "2022-01-21T07:40:58Z",
        "viewCount": 18288,
        "isCommercial": "False"
    }
]