[
    {
        "id": "29281efd-596b-4b4e-81ae-50312d32809e",
        "title": "은별아 나 임포 아니라고!! (어몽어스 합방 w. 와나나, 김은별컴퍼니, 주둥이방송, 공파리파, 서농, 정지차니, 봄수, 무룩, 하시냥)",
        "description": "멤버: 워노구, 와나나, 김은별컴퍼니, 주둥이방송, 공파리파, 서농, 하시냥, 정지차니, 봄수, 무룩\n\n(유튜브 마지막 영상 2 of 3)\n\n-------------------------------------------------------------------\n\n☞ 트위치 라이브 방송: https://www.twitch.tv/1ho9\n\n☞ 워노구 트게더: https://tgd.kr/1ho9\n\n☞ 워노구 컬러링: Sik-K (식케이) - h1ghr gang (Feat. pH-1, 박재범) (Prod. BOYCOLD) [BOYCOLD]\n\n☞ oneho9da@gmail.com",
        "thumbnail": "https://i.ytimg.com/vi/ojXG1pNXDnQ/mqdefault.jpg",
        "youtubeVideoId": "ojXG1pNXDnQ",
        "uploadedDate": "2020-10-30T09:48:02Z",
        "viewCount": 5188,
        "isCommercial": "False"
    },
    {
        "id": "a61abb43-0d90-4aca-b462-5ed9acce8e8b",
        "title": "범인 잡는데 애교를 왜하냐고!!!(어몽어스 합방 w. 와나나, 김은별컴퍼니, 주둥이방송, 공파리파, 서농, 정지차니, 봄수, 무룩, 하시냥)",
        "description": "멤버: 워노구, 와나나, 김은별컴퍼니, 주둥이방송, 공파리파, 서농, 하시냥, 정지차니, 봄수, 무룩\n\n(유튜브 마지막 영상 1 of 3)\n-------------------------------------------------------------------\n\n☞ 트위치 라이브 방송: https://www.twitch.tv/1ho9\n\n☞ 워노구 트게더: https://tgd.kr/1ho9\n\n☞ 워노구 컬러링: Sik-K (식케이) - h1ghr gang (Feat. pH-1, 박재범) (Prod. BOYCOLD) [BOYCOLD]\n\n☞ oneho9da@gmail.com",
        "thumbnail": "https://i.ytimg.com/vi/sKMZ8bbTKFQ/mqdefault.jpg",
        "youtubeVideoId": "sKMZ8bbTKFQ",
        "uploadedDate": "2020-10-30T09:49:04Z",
        "viewCount": 6079,
        "isCommercial": "False"
    },
    {
        "id": "683f76a0-d28f-48f7-86e9-55b2758d8d7d",
        "title": "은별아 아무리 그래도 패드립은 좀 아니지;;(어몽어스 합방/Eng)",
        "description": "#어몽어스 #스트리머10인합방 #레전드\n\n-------------------------------------------------------------------\n\n☞ 트위치 라이브 방송: https://www.twitch.tv/1ho9\n\n☞ 워노구 트게더: https://tgd.kr/1ho9\n\n☞ 워노구 컬러링: Sik-K (식케이) - h1ghr gang (Feat. pH-1, 박재범) (Prod. BOYCOLD) [BOYCOLD]\n\n☞ oneho9da@gmail.com",
        "thumbnail": "https://i.ytimg.com/vi/ONwU685nWw8/mqdefault.jpg",
        "youtubeVideoId": "ONwU685nWw8",
        "uploadedDate": "2020-11-03T13:45:20Z",
        "viewCount": 9380,
        "isCommercial": "False"
    }
]