[
    {
        "id": "10e92f60-57d3-41f9-ab85-daf2bb6bcbe6",
        "title": "안하면 2년동안 손해보는 아이폰14 초기 설정 16가지! [아이폰14/14pro/iOS16]",
        "description": "아이폰14\nhttps://link.coupang.com/a/DcO4J\n위 링크에서 구매하시면 에이트ATE에게 소정의 수수료가 지급됩니다.\n\nTag\n#아이폰14 #아이폰14프로 #아이폰14설정\n\n*타임라인\n0:00 아이폰 초보자분들께\n1:35 1. 기본중의 기본 다크모드\n2:00 2. 화면 색감 설정\n2:55 3. AOD 설정 (14프로용)\n3:57 4. 아린이용 모르는 알람 볼륨 설정\n5:09 5. iOS16 햅틱 설정\n5:45 6. 아린이용 와이파이 진짜 끄는 법\n6:24 7. 제어센터 진짜 사용법\n7:31 8. 손쉬운 사용 활용법\n9:11 9. 뒷면탭 기능 삼중탭만 켜세요\n10:00 10. 시리 끄기\n10:30 11. Face ID 인식률 높이는 방법\n11:18 12. 배터리 관련 설정\n12:42 13. 카메라 설정\n15:31 14. 사진 관련 설정\n16:25 15. iOS16 잠금화면 꾸미기 활용법 \n18:15 16. 집중모드 활용법\n\n✔ 비즈니스 문의 : itws8692@gmail.com\n✔ 인스타그램 - https://www.instagram.com/at_the_endd/\n✔ 음원사이트 - https://artlist.io/HONG-1533409\n    (가입 시 2개월 추가 무료 혜택)",
        "thumbnail": "https://i.ytimg.com/vi/678dXdQ9jqY/mqdefault.jpg",
        "youtubeVideoId": "678dXdQ9jqY",
        "uploadedDate": "2022-10-07T02:53:40Z",
        "viewCount": 37274,
        "isCommercial": "False"
    },
    {
        "id": "10a01eb0-5db4-4e78-8f72-d62c84cd21ce",
        "title": "하.. Z플립4, Z폴드4 물속에서 1000번 접었다 펼쳐봤더니.. 극한 방수 테스트 [에잍테스트2]",
        "description": "Z플립4\nhttps://link.coupang.com/a/wadpm\n\nZ폴드4\nhttps://link.coupang.com/a/wads9\n\n위 링크에서 구매하시면 에이트ATE에게 소정의 수수료가 지급됩니다.\n\n언박싱하자마자 퐁당\n극한의 방수 테스트...\n\n0:00 드디어 도착\n0:46 언박싱\n1:56 그러면 이제..\n4:03 Z플립4 테스트 시작\n9:01 물 들어가서 스피커 안나올때 꿀팁\n10:17 Z폴드4 테스트 시작\n\n\nTag\n#갤럭시Z폴드4 #갤럭시Z플립4 #z플립4방수 #방수테스트\n\n✔ 비즈니스 문의 : itws8692@gmail.com\n✔ 인스타그램 - https://www.instagram.com/at_the_endd/\n✔ 음원사이트 - https://artlist.io/HONG-1533409\n    (가입 시 2개월 추가 무료 혜택)",
        "thumbnail": "https://i.ytimg.com/vi/MVNzfRT4xJ8/mqdefault.jpg",
        "youtubeVideoId": "MVNzfRT4xJ8",
        "uploadedDate": "2022-08-25T09:24:54Z",
        "viewCount": 28775,
        "isCommercial": "False"
    },
    {
        "id": "ab1f50a4-1621-44c0-8853-c4161047d16c",
        "title": "Z플립4 사셨어요? 이거 체크 안하면 나중에 후회할지 몰라요. 불량 테스트 하는 방법",
        "description": "Z플립4\nhttps://link.coupang.com/a/wadpm\nZ폴드4\nhttps://link.coupang.com/a/wads9\n위 링크에서 구매하시면 에이트ATE에게 소정의 수수료가 지급됩니다.\n\n*타임라인\n0:00 지나치면 안되는 초기불량 테스트\n1:07 외관 불량 확인\n2:53 삼성멤버스 자가진단\n4:32 숨겨진 테스트 기능\n\n#갤럭시z플립4 #갤럭시z폴드4 #z플립4 \n\n✔ 비즈니스 문의 : itws8692@gmail.com\n✔ 인스타그램 - https://www.instagram.com/at_the_endd/\n✔ 음원사이트 - https://artlist.io/HONG-1533409\n    (가입 시 2개월 추가 무료 혜택)",
        "thumbnail": "https://i.ytimg.com/vi/5dvy8RvQ3_w/mqdefault.jpg",
        "youtubeVideoId": "5dvy8RvQ3_w",
        "uploadedDate": "2022-08-22T10:40:30Z",
        "viewCount": 13721,
        "isCommercial": "False"
    },
    {
        "id": "7c967766-454e-4b33-bb9f-7618936799c5",
        "title": "Z플립4 구매전 꼭 확인하세요. Z플립3 실사용자가 알려주는 9가지 장단점",
        "description": "Z플립3를 메인폰으로 사용했던 기억을 바탕으로\n폴더블폰의 장단점이 무엇이 있는지\nZ플립4는 어떤 경험을 할수있는지 알려드려요!\n\n쿠팡 링크\nhttps://link.coupang.com/a/le5Oz\n위 링크에서 구매하시면 에이트ATE에게 소정의 수수료가 지급됩니다.\n\nTag\n#갤럭시Z플립4 #갤럭시Z플립3 #Z플립4\n\n✔ 비즈니스 문의 : itws8692@gmail.com\n✔ 인스타그램 - https://www.instagram.com/at_the_endd/\n✔ 음원사이트 - https://artlist.io/HONG-1533409\n    (가입 시 2개월 추가 무료 혜택)",
        "thumbnail": "https://i.ytimg.com/vi/bCJGRliy1vs/mqdefault.jpg",
        "youtubeVideoId": "bCJGRliy1vs",
        "uploadedDate": "2022-07-22T11:35:39Z",
        "viewCount": 2642,
        "isCommercial": "False"
    },
    {
        "id": "e3a97190-59b8-403d-b778-7235b692cdb6",
        "title": "VR 후회 안하려면 한번에 좋은거 사세요. 4K 화질/ 120Hz 끝판왕 VR Pico Neo3 Link",
        "description": "VR 하면 오래전에 경험했던 기억이 있는데,\n그때의 기억으로 별로겠지..라고 예상했지만, 너무 의외네요.\n일반 게임이랑 비교가 안돼요.\n\n피코 네오3 링크 보러가기\nhttps://smartstore.naver.com/dwpico/products/6768064373\n\n이 영상은 유료광고를 포함하고 있습니다.\n\n#VR #피코네오3링크 #PicoNeo3Link\n\n쿠팡 링크\nhttps://link.coupang.com/a/le5Oz\n위 링크에서 구매하시면 에이트ATE에게 소정의 수수료가 지급됩니다.\n\n✔ 비즈니스 문의 : itws8692@gmail.com\n✔ 인스타그램 - https://www.instagram.com/at_the_endd/\n✔ 음원사이트 - https://artlist.io/HONG-1533409\n    (가입 시 2개월 추가 무료 혜택)",
        "thumbnail": "https://i.ytimg.com/vi/Osu9cRJM0Yk/mqdefault.jpg",
        "youtubeVideoId": "Osu9cRJM0Yk",
        "uploadedDate": "2022-07-20T07:05:57Z",
        "viewCount": 22621,
        "isCommercial": "True"
    },
    {
        "id": "be729b52-d72b-4889-92fe-722707fb21ca",
        "title": "에어컨 하루종일 틀어도 전기세 줄이는 법. 일단 지금 이거부터 누르세요.",
        "description": "쿠팡 링크\nhttps://link.coupang.com/a/le5Oz\n위 링크에서 구매하시면 에이트ATE에게 소정의 수수료가 지급됩니다.\n\n무더위에 에어컨 전기세 무서워서 못 트시는 분들 계실까봐\n에어컨 전기세 줄이는 방법 공부해서 얼른 알려드립니다.\n\nTag\n#에어컨전기요금 #에어컨전기세 #에어컨전기세계산\n\n✔ 비즈니스 문의 : itws8692@gmail.com\n✔ 인스타그램 - https://www.instagram.com/at_the_endd/\n✔ 음원사이트 - https://artlist.io/HONG-1533409\n    (가입 시 2개월 추가 무료 혜택)",
        "thumbnail": "https://i.ytimg.com/vi/f3S8edICh9M/mqdefault.jpg",
        "youtubeVideoId": "f3S8edICh9M",
        "uploadedDate": "2022-07-10T10:04:12Z",
        "viewCount": 6597,
        "isCommercial": "False"
    },
    {
        "id": "8f69c6d6-1183-4f1f-91a4-566c46c7e818",
        "title": "2년 넘게 사용한 에어팟프로 새거로 교체 받는 방법 #shorts",
        "description": "좀 더 자세한 내용은 본영상 참고해주세요\nhttps://youtu.be/A_L9BMan7QA\n\n생산년도 확인 사이트\nhttp://www.chipmunk.nl/klantenservice/applemodel.html\n\n참고!!\n생산년도 상관없이 일련번호 뒤에 4자리가 LKKT면 대상입니다 20년도 10월 이전은 모두 LKKT입니다.\n해외제품 다 상관없어요\n라고 합니다.\n\nTag\n#에어팟프로 #리콜 #에어팟프로불량확인 #shorts\n\nhttps://link.coupang.com/a/oDZdK\n위 링크에서 구매하시면 에이트ATE에게 소정의 수수료가 지급됩니다.\n\n✔ 비즈니스 문의 : itws8692@gmail.com\n✔ 인스타그램 - https://www.instagram.com/at_the_endd/\n✔ 음원사이트 - https://artlist.io/HONG-1533409\n    (가입 시 2개월 추가 무료 혜택)",
        "thumbnail": "https://i.ytimg.com/vi/FDvhBTOBx5w/mqdefault.jpg",
        "youtubeVideoId": "FDvhBTOBx5w",
        "uploadedDate": "2022-07-04T11:46:27Z",
        "viewCount": 1935,
        "isCommercial": "False"
    },
    {
        "id": "6b330ba6-5952-4945-97bb-52882a46af96",
        "title": "업데이트 신기능 \"이거\" 꼭 쓰세요! 아이폰 iOS16 업데이트 핵심 신기능 6가지",
        "description": "오늘은 아이폰13을 iOS16 베타 버전으로 업데이트하고\n2주정도 사용해본 사용기입니다.\n생각보다 유용하게 사용할수있는 꿀팁 설정 기능들이 있네요.\n\n쿠팡 링크\nhttps://link.coupang.com/a/qs2oW\n위 링크에서 구매하시면 에이트ATE에게 소정의 수수료가 지급됩니다.\n\nTag\n#아이폰 #ios16 #ios16신기능 #아이폰설저 \n\n✔ 비즈니스 문의 : itws8692@gmail.com\n✔ 인스타그램 - https://www.instagram.com/at_the_endd/\n✔ 음원사이트 - https://artlist.io/HONG-1533409\n    (가입 시 2개월 추가 무료 혜택)",
        "thumbnail": "https://i.ytimg.com/vi/WUvEC3AsiQE/mqdefault.jpg",
        "youtubeVideoId": "WUvEC3AsiQE",
        "uploadedDate": "2022-06-22T11:19:11Z",
        "viewCount": 2177,
        "isCommercial": "False"
    },
    {
        "id": "0fd40a01-aaa9-4e06-ab48-554b6730ada4",
        "title": "더이상 당하지 마세요. 아이폰 쓰면 나도 모르게 손해보는 이유",
        "description": "아이폰을 쓰면 왜 비쌀까요?\n안그래도 아이폰도 비싼데..\n그런데 이제는 플레이스토어도 비싸진다!\n그럼에도 저렴하게 보는 방법이 있다?\n\n쿠팡 링크\nhttps://link.coupang.com/a/le5Oz\n위 링크에서 구매하시면 에이트ATE에게 소정의 수수료가 지급됩니다.\n\nTag\n#인앱결제 #앱스토어 #플레이스토어 \n\n*타임라인\n0:00 인트로\n0:46 아이폰이 왜?\n2:54 아이폰만 그런가?\n5:24 안당하는 방법\n6:51 더 저렴하게 보는 방법 https://www.ottshare.net\n7:40 다른 앱들은?\n8:32 어떠셨나요?\n\n✔ 비즈니스 문의 : itws8692@gmail.com\n✔ 인스타그램 - https://www.instagram.com/at_the_endd/\n✔ 음원사이트 - https://artlist.io/HONG-1533409\n    (가입 시 2개월 추가 무료 혜택)",
        "thumbnail": "https://i.ytimg.com/vi/aMD45OrnIGA/mqdefault.jpg",
        "youtubeVideoId": "aMD45OrnIGA",
        "uploadedDate": "2022-05-29T03:37:25Z",
        "viewCount": 5878,
        "isCommercial": "False"
    },
    {
        "id": "1710cd84-4e46-44ee-b084-40b9985ba0f1",
        "title": "이거 아는 사람!? 대부분 모르는 카톡 숨겨진 꿀팁. (써보면 삶의질 떡상)",
        "description": "쿠팡 링크\nhttps://link.coupang.com/a/le5Oz\n위 링크에서 구매하시면 에이트ATE에게 소정의 수수료가 지급됩니다.\n\nTag\n#카톡꿀팁 #카카오톡꿀팁\n\n✔ 비즈니스 문의 : itws8692@gmail.com\n✔ 인스타그램 - https://www.instagram.com/at_the_endd/\n✔ 음원사이트 - https://artlist.io/HONG-1533409\n    (가입 시 2개월 추가 무료 혜택)",
        "thumbnail": "https://i.ytimg.com/vi/48NgjBq-aeM/mqdefault.jpg",
        "youtubeVideoId": "48NgjBq-aeM",
        "uploadedDate": "2022-05-15T03:15:35Z",
        "viewCount": 4676,
        "isCommercial": "False"
    },
    {
        "id": "dbfeb11d-b98f-435a-9fa2-4102b5481dde",
        "title": "모르면 손해보는 갤럭시 워치4 꿀팁 #shorts",
        "description": "쿠팡 링크\nhttps://link.coupang.com/a/le5Oz\n위 링크에서 구매하시면 에이트ATE에게 소정의 수수료가 지급됩니다.\n\nTag\n#갤럭시워치4 #shorts\n\n✔ 비즈니스 문의 : itws8692@gmail.com\n✔ 인스타그램 - https://www.instagram.com/at_the_endd/\n✔ 음원사이트 - https://artlist.io/HONG-1533409\n    (가입 시 2개월 추가 무료 혜택)",
        "thumbnail": "https://i.ytimg.com/vi/EgvJZX6Rtyw/mqdefault.jpg",
        "youtubeVideoId": "EgvJZX6Rtyw",
        "uploadedDate": "2022-05-03T10:55:34Z",
        "viewCount": 3469,
        "isCommercial": "False"
    },
    {
        "id": "3ae2ed8c-c662-479d-afe0-8ec62f0c8dbe",
        "title": "커스터마이징은 갤럭시? 아이폰 제대로 활용하는 설정 꿀팁 꿀기능 10가지",
        "description": "아이폰13\nhttps://link.coupang.com/a/mDLvY\n위 링크에서 구매하시면 에이트ATE에게 소정의 수수료가 지급됩니다.\n\nTag\n#아이폰꿀팁 #아이폰13 #아이폰설정\n\n*타임라인\n0:00 커스터마이징은 갤럭시?\n0:42 더 어둡게\n2:57 확대기 사용법\n3:36 assistive touch 꿀팁\n4:41 스캔 꿀팁\n6:22 제어센터 꿀팁\n7:21 백색소음\n8:06 프레임 낮추기\n8:46 실행취소\n9:53 제스쳐 꿀팁\n10:13 키보드 앱 추천\n11:28 사진 가리기\n12:13 마무리\n\n✔ 비즈니스 문의 : itws8692@gmail.com\n✔ 인스타그램 - https://www.instagram.com/at_the_endd/\n✔ 음원사이트 - https://artlist.io/HONG-1533409\n    (가입 시 2개월 추가 무료 혜택)",
        "thumbnail": "https://i.ytimg.com/vi/xDHO6PLYFD0/mqdefault.jpg",
        "youtubeVideoId": "xDHO6PLYFD0",
        "uploadedDate": "2022-05-01T05:29:00Z",
        "viewCount": 3852,
        "isCommercial": "False"
    },
    {
        "id": "1819cfd9-c2ad-47bf-ac50-8e7e81b06b3f",
        "title": "2만원으로 갤럭시탭S8 울트라를 PC에 연결해봤습니다. 갤럭시탭 S8 울트라 활용법 꿀팁",
        "description": "갤럭시탭S8\nhttps://link.coupang.com/a/mlekT\n탭S8 울트라\nhttps://link.coupang.com/a/mlemQ\n무선 USB 랜카드\nhttps://link.coupang.com/a/mlepQ\n\n위 링크에서 구매하시면 에이트ATE에게 소정의 수수료가 지급됩니다.\n\nTag\n#갤럭시탭S8 #세컨드스크린 #무선랜카드\n\n*타임라인\n0:00 세컨드스크린 활용법\n1:08 사용방법\n3:55 좋은 점\n6:28 아쉬운 점\n7:05 요약\n\n✔ 비즈니스 문의 : itws8692@gmail.com\n✔ 인스타그램 - https://www.instagram.com/at_the_endd/\n✔ 음원사이트 - https://artlist.io/HONG-1533409\n    (가입 시 2개월 추가 무료 혜택)",
        "thumbnail": "https://i.ytimg.com/vi/TdT0lDhLs8Y/mqdefault.jpg",
        "youtubeVideoId": "TdT0lDhLs8Y",
        "uploadedDate": "2022-04-23T09:47:35Z",
        "viewCount": 2228,
        "isCommercial": "False"
    },
    {
        "id": "67ca8573-03fa-4f78-afe1-eae0435223a8",
        "title": "나만 알기 아까운 갤럭시 버즈2 꿀팁",
        "description": "갤럭시 버즈2\nhttps://link.coupang.com/a/lESa0\n위 링크에서 구매하시면 에이트ATE에게 소정의 수수료가 지급됩니다.\n\nTag\n#갤럭시버즈2 #버즈2 #shorts\n\n✔ 비즈니스 문의 : itws8692@gmail.com\n✔ 인스타그램 - https://www.instagram.com/at_the_endd/\n✔ 음원사이트 - https://artlist.io/HONG-1533409\n    (가입 시 2개월 추가 무료 혜택)",
        "thumbnail": "https://i.ytimg.com/vi/Fg16MpAlbKc/mqdefault.jpg",
        "youtubeVideoId": "Fg16MpAlbKc",
        "uploadedDate": "2022-04-02T00:44:52Z",
        "viewCount": 2573,
        "isCommercial": "False"
    },
    {
        "id": "b29684c4-ac6e-4fef-80d4-87b6bc1e9dba",
        "title": "맥북 아이패드를 연결하는 새로운 방법!? 애플 유니버설 컨트롤 사용법 및 설정 방법.",
        "description": "유니버설 컨트롤 진짜 좋네요.\n어떻게 이렇게 부드럽게 연결되지..?\n사이드카랑 다른점은?\n\n맥북에어 M1\nhttps://link.coupang.com/a/lt83I\n\n아이패드 프로 M1\nhttps://link.coupang.com/a/lt8Jz\n위 링크에서 구매하시면 에이트ATE에게 소정의 수수료가 지급됩니다.\n\nTag\n#유니버설컨트롤 #아이패드에어 #아이패드 #사이드카\n\n✔ 비즈니스 문의 : itws8692@gmail.com\n✔ 인스타그램 - https://www.instagram.com/at_the_endd/\n✔ 음원사이트 - https://artlist.io/HONG-1533409\n    (가입 시 2개월 추가 무료 혜택)",
        "thumbnail": "https://i.ytimg.com/vi/RdIInWSoaI8/mqdefault.jpg",
        "youtubeVideoId": "RdIInWSoaI8",
        "uploadedDate": "2022-03-28T11:32:26Z",
        "viewCount": 1256,
        "isCommercial": "False"
    },
    {
        "id": "0d39a454-6a7d-4777-a70b-d7e757101725",
        "title": "중고폰 판매할 때 15만원 더 받는법. 민팃 ATM기 이용할때 꼭 알아야할 꿀팁",
        "description": "갤럭시S22 구매하고, 전에 쓰고있던 폰을 조금이라도 제값 받을 수 있을 때\n민팃 ATM을 이용해봤어요.\n\n▶삼성 갤럭시S22 시리즈 민팃 추가 보상 : https://event.mintit.co.kr/\n▶민팃 커넥트 앱 설치 : https://app.mintit.co.kr/\n▶본 영상은 민팃으로부터 지원받아 제작되었습니다\n\nTag\n#갤럭시S22 #민팃 #민팃추가보상\n\n✔ 비즈니스 문의 : itws8692@gmail.com\n✔ 인스타그램 - https://www.instagram.com/at_the_endd/\n✔ 음원사이트 - https://artlist.io/HONG-1533409\n    (가입 시 2개월 추가 무료 혜택)",
        "thumbnail": "https://i.ytimg.com/vi/Cg3QB-S5su4/mqdefault.jpg",
        "youtubeVideoId": "Cg3QB-S5su4",
        "uploadedDate": "2022-03-04T23:52:15Z",
        "viewCount": 29530,
        "isCommercial": "True"
    },
    {
        "id": "2d7faf9e-8a85-487b-ab76-f6d15c503c68",
        "title": "넷플릭스 왜 만원 더 내고 보세요..? 친구 없이도 싸게보는법 (넷플릭스 웨이브 왓챠 디즈니플러스)",
        "description": "OTT 공유 서비스 쉐어를 소개해드려요.\n\n써보니까 이건 완전 신세계 ㄷㄷㄷ\n\nhttps://www.ottshare.net\n\n이제 친구 없어도 나도 엔빵할 수 있다구..ㅠㅠ\n\n\n#넷플릭스싸게보는법 #ott쉐어 디즈니플러스싸게보는법\n\n\n✔ 비즈니스 문의 : itws8692@gmail.com\n✔ 인스타그램 - https://www.instagram.com/at_the_endd/\n✔ 음원사이트 - https://artlist.io/HONG-1533409\n    (가입 시 2개월 추가 무료 혜택)",
        "thumbnail": "https://i.ytimg.com/vi/BKDrssN-0hI/mqdefault.jpg",
        "youtubeVideoId": "BKDrssN-0hI",
        "uploadedDate": "2022-02-19T02:13:28Z",
        "viewCount": 7307,
        "isCommercial": "False"
    },
    {
        "id": "e2ddf896-fe26-47d4-b0b8-3a1caca328fe",
        "title": "이 설정 안하면 70만원 버리는거에요.. 갤럭시 S22 받자마자 해야하는 26가지 초기 설정 및 꿀팁 활용법 One UI 4.1 신기능",
        "description": "갤럭시S22 자급제\nhttps://link.coupang.com/a/le66q\n위 링크에서 구매하시면 에이트ATE에게 소정의 수수료가 지급됩니다.\n\n갤럭시 S22 받자마자 해야하는 26가지 초기 설정 및 꿀팁 활용법 One UI 4.1 신기능\n댓글로 질문 있으면 해주세요!\n\n0:00 영상보는법\n1:26 전체적인 UI 편집\n1:39 홈화면 구글 디스커버 없애기\n2:01 빠른 설정창 변경\n2:52 미디어 출력 / 밝기 조절 설정\n3:34 최근 앱 깔끔하게 보기\n4:01 엣지 패널 삭제\n4:38 엣지 패널 활용법\n6:12 알림창 커스터마이징\n8:38 홈 화면 커스터마이징\n9:45 숨겨진 개발자 옵션\n11:00 화면 더 넓게 쓰기\n12:21 홈 어시스턴트 없애기\n12:50 (울트라) 엣지 터치 오류 보완\n13:34 (울트라) 해상도 변경\n13:59 (울트라) S펜 설정\n15:30 배터리 충전 빠르게 오래쓰기\n16:23 자동 최적화\n17:08 카메라 자동 FPS 설정\n17:58 카메라 디테일 향상 설정\n18:54 (울트라) 접사 설정\n19:24 더 밝게, 더 어둡게\n21:22 보안 마이크 카메라 설정\n22:07 앱 소리 분리 재생\n22:51 캡쳐 화면 설정\n23:52 재난문자 소리끄기\n24:34 의료 정보, 긴급 연락처\n25:49 마무리\n\n#갤럭시S22 #초기설정 #신기능 #oneui4.1 #꿀팁\n\n✔ 비즈니스 문의 : itws8692@gmail.com\n✔ 인스타그램 - https://www.instagram.com/at_the_endd/\n✔ 음원사이트 - https://artlist.io/HONG-1533409\n    (가입 시 2개월 추가 무료 혜택)",
        "thumbnail": "https://i.ytimg.com/vi/nmTnS5B1g9Y/mqdefault.jpg",
        "youtubeVideoId": "nmTnS5B1g9Y",
        "uploadedDate": "2022-02-13T10:29:08Z",
        "viewCount": 7662,
        "isCommercial": "False"
    },
    {
        "id": "bc6882ed-0f38-45b6-a9d7-5a17e594b0fc",
        "title": "갤럭시 S22 시리즈를 써야할 이유가 생겼다",
        "description": "#삼성전자협찬 #유료광고 #갤럭시S22\n2월 14일 19시, 네이버 쇼핑라이브에서 라이브를 진행합니다\n갤럭시 S22 사전판매 시작 첫 날, 라이브방송 중 혜택! 다들 놓치지 마세요! \n\n✔ 비즈니스 문의 : itws8692@gmail.com\n✔ 인스타그램 - https://www.instagram.com/at_the_endd/",
        "thumbnail": "https://i.ytimg.com/vi/DtCkekpZIf4/mqdefault.jpg",
        "youtubeVideoId": "DtCkekpZIf4",
        "uploadedDate": "2022-02-13T01:47:49Z",
        "viewCount": 13681,
        "isCommercial": "False"
    },
    {
        "id": "960db2b5-553e-4a02-9a13-22f6d0c4b7b7",
        "title": "충전기 고를 때 이것만 기억하세요. QC? PD? PPS? MFI?",
        "description": "기존에 있던 충전기, 아니면 빌려서 쓰는 충전기 등\n도대체 왜이렇게 충전이 느린지ㅠㅠ\n이거를 확인하시면 될거에요!\n저도 이번에 많이 공부됐네요\n2022년 풀충전된 한해 보내세요\n\nTag\n#충전속도 #충전케이블 #PD충전\n\n✔ 비즈니스 문의 : itws8692@gmail.com\n✔ 인스타그램 - https://www.instagram.com/at_the_endd/\n✔ 음원사이트 - https://artlist.io/HONG-1533409\n    (가입 시 2개월 추가 무료 혜택)",
        "thumbnail": "https://i.ytimg.com/vi/GUYu_Id6Smo/mqdefault.jpg",
        "youtubeVideoId": "GUYu_Id6Smo",
        "uploadedDate": "2022-01-10T15:32:16Z",
        "viewCount": 2930,
        "isCommercial": "False"
    },
    {
        "id": "7802dc5c-b660-4e16-9ac4-69b1f085a191",
        "title": "지금 바로 확인해보세요! 갤럭시 Z플립 빅스비루틴 오류. 임시 해결방법",
        "description": "빅스비루틴 오류라고 해야할지, 좀 아쉬운점이라고 해야할지.\n로직상 좀 꼬이는 부분이 있는 것 같네요.\n아무래도 접는 로직이 Z플립에 처음 적용되다보니 이런가봅니다.\n\nTag\n#빅스비루틴 #Z플립3 #Z폴드3\n\n*타임라인\n0:00 갤럭시 커스터마이징\n1:00 빅스비루틴 오류 확인\n3:09 임시방편\n3:44 왜 이런 현상이?\n\n✔ 비즈니스 문의 : itws8692@gmail.com\n✔ 인스타그램 - https://www.instagram.com/at_the_endd/\n✔ 음원사이트 - https://artlist.io/HONG-1533409\n    (가입 시 2개월 추가 무료 혜택)",
        "thumbnail": "https://i.ytimg.com/vi/L_u8GukLXnA/mqdefault.jpg",
        "youtubeVideoId": "L_u8GukLXnA",
        "uploadedDate": "2021-12-23T07:50:06Z",
        "viewCount": 5497,
        "isCommercial": "False"
    },
    {
        "id": "7f2c96b2-0f5a-4f05-b206-bbdd3dfaa6e4",
        "title": "충전속도 느리다면 '이거' 확인하세요. 2초만에 아이폰 고속충전 확인하는 방법",
        "description": "아이폰 고속충전 vs 일반충전 확인하는 방법\n쇼츠로 기획했다가\n말 많아서 쇼츠로 만들기 실패한 영상\n하지만 업로드 한드아..\n\nTag\n#아이폰 #고속충전 #아이폰배터리\n\n✔ 비즈니스 문의 : itws8692@gmail.com\n✔ 인스타그램 - https://www.instagram.com/at_the_endd/\n✔ 음원사이트 - https://artlist.io/HONG-1533409\n    (가입 시 2개월 추가 무료 혜택)",
        "thumbnail": "https://i.ytimg.com/vi/tjZ6F6WHkXM/mqdefault.jpg",
        "youtubeVideoId": "tjZ6F6WHkXM",
        "uploadedDate": "2021-12-14T11:19:46Z",
        "viewCount": 3372,
        "isCommercial": "False"
    },
    {
        "id": "0e794949-047d-46dd-913f-b2e4d003372a",
        "title": "왜 이제 알았을까... 단돈 2만원으로 스마트 IOT 기기 만들어주는 핑거봇 내돈내산 사용기",
        "description": "핑거봇 한 10개 사면 우리집 완전 스마트 홈 될듯\n\nTag\n#핑거봇 #IOT #원격컴퓨터\n\n*타임라인\n0:00 영상 시작쓰\n1:29 구성품\n2:51 외부에서 사용하는 방법\n4:07 설정 및 활용법\n8:11 단점 아쉬운점\n9:11 총평\n\n✔ 비즈니스 문의 : itws8692@gmail.com\n✔ 인스타그램 - https://www.instagram.com/at_the_endd/\n✔ 음원사이트 - https://artlist.io/HONG-1533409\n    (가입 시 2개월 추가 무료 혜택)",
        "thumbnail": "https://i.ytimg.com/vi/wqXVgOkL-wk/mqdefault.jpg",
        "youtubeVideoId": "wqXVgOkL-wk",
        "uploadedDate": "2021-12-09T09:03:11Z",
        "viewCount": 2561,
        "isCommercial": "False"
    },
    {
        "id": "61b8e127-5213-4756-9476-031449a8ba19",
        "title": "삶의 질 300% 급상승하는 빅스비루틴 6가지 설정, 이게 갤럭시의 맛이지. 굿락 루틴+",
        "description": "Tag\n#빅스비루틴 #굿락\n\n*타임라인\n0:00 빅스비루틴\n0:47 설정 전 세팅\n1:21 (Z플립3만) 덮을 때 움짤\n2:22 (Z플립3만) 전원버튼 커스터마이징\n3:57 가장 빠른 QR체크인\n5:28 잠금해제 유지\n7:47 어플 자동 켜기\n9:05 비밀번호 매크로\n11:22 루틴 공유좀\n\n✔ 비즈니스 문의 : itws8692@gmail.com\n✔ 인스타그램 - https://www.instagram.com/at_the_endd/\n✔ 음원사이트 - https://artlist.io/HONG-1533409\n    (가입 시 2개월 추가 무료 혜택)",
        "thumbnail": "https://i.ytimg.com/vi/0zobU1jVKGw/mqdefault.jpg",
        "youtubeVideoId": "0zobU1jVKGw",
        "uploadedDate": "2021-11-27T05:30:39Z",
        "viewCount": 4718,
        "isCommercial": "False"
    },
    {
        "id": "9739efb7-bdf0-41e3-b667-ea2ede30a432",
        "title": "이렇게 활용해보세요! 갤럭시 폴드3 키보드 마우스 같이 쓰면 좋은점. feat. k380 m350",
        "description": "로지텍의 지원을 받아 제작되었습니다.\n\n오늘은 최근에 굉장히 만족스럽게 쓰고있는 폴드3를\n블루투스 키보드와 블루투스 마우스\nk380 m350과 함께 써보면서 꿀팁들 전해드려요.\n\nTag\n#폴드3 #로지텍k380 #m350\n\n✔ 비즈니스 문의 : itws8692@gmail.com\n✔ 인스타그램 - https://www.instagram.com/at_the_endd/\n✔ 음원사이트 - https://artlist.io/HONG-1533409\n    (가입 시 2개월 추가 무료 혜택)",
        "thumbnail": "https://i.ytimg.com/vi/PUK8VWCpWDk/mqdefault.jpg",
        "youtubeVideoId": "PUK8VWCpWDk",
        "uploadedDate": "2021-10-07T10:26:36Z",
        "viewCount": 1639,
        "isCommercial": "False"
    },
    {
        "id": "05b05a9e-9853-4c52-b751-82d7f1c6b7d8",
        "title": "다른 앱 필요 없겠는데요? 갤럭시탭 삼성노트 업데이트 어떤게 좋아졌나!?",
        "description": "얼마전 삼성 갤럭시 삼성노트 업데이트가 있었어요.\n점점 좋아지고 있는게 체감되네요.\n얼른 기본 가로 템플릿도 지원했으면 좋겠어요.\n\nTag\n#갤럭시탭 #삼성노트\n\n✔ 비즈니스 문의 : itws8692@gmail.com\n✔ 인스타그램 - https://www.instagram.com/at_the_endd/\n✔ 음원사이트 - https://artlist.io/HONG-1533409\n    (가입 시 2개월 추가 무료 혜택)",
        "thumbnail": "https://i.ytimg.com/vi/_gIrLXchLy0/mqdefault.jpg",
        "youtubeVideoId": "_gIrLXchLy0",
        "uploadedDate": "2021-10-07T08:50:08Z",
        "viewCount": 5910,
        "isCommercial": "False"
    },
    {
        "id": "fa889a59-424f-44a3-9783-593b32269f2a",
        "title": "이 정도로 빨리 닳다니.. 살살 녹는 Z플립3 배터리 오래쓰는 5가지 방법",
        "description": "오늘은 배터리 살살 녹는 Z플립3를\n어떻게하면 오래 사용할 수 있을지.\n배터리 타임 및 배터리 수명을 늘릴 수 있는 설정을 알려드려요.\n\nTag\n#z플립3 #배터리\n\n*타임라인\n0:00 배터리 살살녹네\n0:42 배터리 보호 설정\n2:37 저속 충전 빅스비루틴\n5:07 다크모드\n6:17 LTE 우선 모드\n7:06 굿 가디언즈\n9:24 마치며\n\n✔ 비즈니스 문의 : itws8692@gmail.com\n✔ 인스타그램 - https://www.instagram.com/at_the_endd/\n✔ 음원사이트 - https://artlist.io/HONG-1533409\n    (가입 시 2개월 추가 무료 혜택)",
        "thumbnail": "https://i.ytimg.com/vi/woReCHMUk-o/mqdefault.jpg",
        "youtubeVideoId": "woReCHMUk-o",
        "uploadedDate": "2021-09-19T00:56:23Z",
        "viewCount": 13162,
        "isCommercial": "False"
    },
    {
        "id": "bed747af-5693-491b-aee0-58ada1c180c0",
        "title": "갤린이 삼린이 모여! 갤럭시로 왔으면 최소한 이 정도는 쓰세요.. 갤럭시 활용법",
        "description": "이번엔 지난번 커뮤니티로 설문했던 갤런이 삼린이를 위한 영상을 준비해봤습니다.\n기존 갤럭시 유저라면 알고계셨던 내용도 많으실텐데,\n그와중에 몰랐던 내용도 있을거에요!\n\n0:00 갤린이 어서오고\n0:51 삼성페이 교통카드\n3:06 삼성페이 교통카드 Q&A\n4:30 삼성페이 교통카드 배터리 없으면?\n5:30 최근 앱 보기 설정법\n7:36 분할화면 3가지 설정법\n9:27 알림을 빠르게 확인하는법\n10:13 기본앱 설정이 어딨지?\n10:49 갤라버지 출동\n\nTag\n#삼성페이 #갤럭시Z플립3 #갤럭시설정\n\n✔ 비즈니스 문의 : itws8692@gmail.com\n✔ 인스타그램 - https://www.instagram.com/at_the_endd/\n✔ 음원사이트 - https://artlist.io/HONG-1533409\n    (가입 시 2개월 추가 무료 혜택)",
        "thumbnail": "https://i.ytimg.com/vi/suNGBizZonU/mqdefault.jpg",
        "youtubeVideoId": "suNGBizZonU",
        "uploadedDate": "2021-09-05T07:16:56Z",
        "viewCount": 13654,
        "isCommercial": "False"
    },
    {
        "id": "02e94194-a728-4599-99b2-5cc5e3d88dad",
        "title": "Z플립3 이건 끄셔야 해요..l 안하면 2년동안 손해보는 30가지 초기세팅 필수 설정 꿀팁 (최적화 한번에 끝내세요!)",
        "description": "오늘은 갤럭시 Z플립3 초기세팅에 대해서 소개해드려요.\n그동안 꾸준히 따라오신 분들은 대부분 되어있겠지만,\n스마트 스위치로 안따라오는 설정들이 있어서,\n한번 확인하는 겸 설정하시면 좋을 것 같아요!\n이외에도 다양한 꿀팁들 정리해서 소개해드릴게요.\n\nTag\n#갤럭시Z플립3 #Zflip3 #초기설정 초기세팅\n\n0:00 영상 끝까지 봐야하는 이유\n1:28 영상 보는 방법\n1:50 배터리 아끼는 설정\n2:13 무음 활용 꿀팁\n3:21 미디어 음량 조절\n3:48 음질 향상하는 법\n4:12 앱 소리 분리 재생\n4:59 잠금화면 알림 내용 숨기기\n5:31 엣지 라이팅\n5:51 방해금지\n6:24 알림 아이콘 표시 방식\n7:11 플로팅 알림 설정\n8:21 다크모드\n8:46 편안하게 보기\n9:10 엣지패널\n9:55 홈버튼 없애기\n11:34 구글 어시스턴트 없애기\n11:58 AOD 설정\n12:41 집에서 잠금해제\n13:17 커버 화면 꾸미기 Z플립3\n13:56 얼굴인식 꿀설정\n15:26 갤태계 설정\n16:10 캡쳐 및 녹화 설정 꿀팁\n16:41 개인정보 보호 설정\n17:23 개인정보 보호 설정2\n17:42 지문센서 제스처 끄기 Z플립3\n18:20 손날 캡쳐\n18:50 키보드 설정\n19:29 홈화면 정리하기\n19:50 상태창 편집\n\n✔ 비즈니스 문의 : itws8692@gmail.com\n✔ 인스타그램 - https://www.instagram.com/at_the_endd/\n✔ 음원사이트 - https://artlist.io/HONG-1533409\n    (가입 시 2개월 추가 무료 혜택)",
        "thumbnail": "https://i.ytimg.com/vi/V7I5TFrPN5E/mqdefault.jpg",
        "youtubeVideoId": "V7I5TFrPN5E",
        "uploadedDate": "2021-08-22T17:44:14Z",
        "viewCount": 41148,
        "isCommercial": "False"
    },
    {
        "id": "d06436ec-c6b8-4031-ab55-16a40e5f3813",
        "title": "스마트폰 남는 저장공간 아까우시죠? 스마트폰 메모리를 활용하는 방법 [갤럭시S21 Z플립3 Z폴드3]",
        "description": "오늘은 제가 유용하게 사용하고있는 꿀팁을 알려드릴게요.\n스마트폰을 컴퓨터와 무선으로 쉽게 연결하는 방법인데,\n이걸 이용하면 파일 전송이 쉽고 빨라지고,\n네트워크 드라이브처럼 사용할 수 있습니다.\n\nTag\n#cx탐색기 #스마트폰어플추천 #스마트폰pc연결 #무선연결\n\n✔ 비즈니스 문의 : itws8692@gmail.com\n✔ 인스타그램 - https://www.instagram.com/at_the_endd/\n✔ 음원사이트 - https://artlist.io/HONG-1533409\n    (가입 시 2개월 추가 무료 혜택)",
        "thumbnail": "https://i.ytimg.com/vi/M9eLgjmK4TY/mqdefault.jpg",
        "youtubeVideoId": "M9eLgjmK4TY",
        "uploadedDate": "2021-08-20T00:35:53Z",
        "viewCount": 1687,
        "isCommercial": "False"
    },
    {
        "id": "e45048a7-5803-4590-98f1-3e38777a5ea4",
        "title": "스마트하게 활용하세요! 스마트폰 무료 앱 8가지 추천! (안드로이드 iOS 둘다 됨)",
        "description": "오늘은 오랜만에 어플 추천해드려요!\n주로 생산성 / 작업 관련된 어플인데\n설치해서 사용하면 필요한 순간에 요긴하게 쓸 수 있을거에요! \n\nTag\n#앱추천 #어플추천 #무료앱\n\n0:00 어플 추천\n0:24 파일 전송 어플\n2:38 팩스 어플\n3:54 스캔 어플\n7:51 무음 카메라 어플\n9:42 명함 관리 어플\n11:20 키보드 어플\n13:40 돈 관리 어플\n\n✔ 비즈니스 문의 : itws8692@gmail.com\n✔ 인스타그램 - https://www.instagram.com/at_the_endd/\n✔ 음원사이트 - https://artlist.io/HONG-1533409\n    (가입 시 2개월 추가 무료 혜택)",
        "thumbnail": "https://i.ytimg.com/vi/Lj8iF8VV9OE/mqdefault.jpg",
        "youtubeVideoId": "Lj8iF8VV9OE",
        "uploadedDate": "2021-08-15T09:36:50Z",
        "viewCount": 7097,
        "isCommercial": "False"
    },
    {
        "id": "26023f20-84dd-4de9-bf8c-b540b6e0afd8",
        "title": "단돈 5천원으로 컴퓨터에서 블루투스 이어폰 연결하는 방법! (마이크, 끊김, 딜레이)",
        "description": "오늘은 데스크탑 PC 컴퓨터에서 블루투스 이어폰을 연결해서 사용하는 방법을 알려드려요!\n간단한 장치 하나로 끝나지만 하나 있으면 정말 유용하다는거!\n에어팟프로 뿐만 아니라 버즈, 소니 WF1000 등 블루투스 무선이어폰들 전부 가능하다는거! \n\nTag\n#컴퓨터블루투스이어폰 #pc블루투스이어폰연결 #블루투스동글\n\n* (비즈니스 문의) itws8692@gmail.com\n* (일상/소통) https://www.instagram.com/at_the_endd/",
        "thumbnail": "https://i.ytimg.com/vi/ZstJ2Eo0M-o/mqdefault.jpg",
        "youtubeVideoId": "ZstJ2Eo0M-o",
        "uploadedDate": "2021-07-22T11:00:36Z",
        "viewCount": 917,
        "isCommercial": "False"
    },
    {
        "id": "c17148f4-dac9-454e-8780-65522af9e3ed",
        "title": "컴퓨터 조립 하는 방법 / 처음부터 끝까지 알려드립니다. (왕초보도 가능함)",
        "description": "오늘은 왕초보도 가능한 컴퓨터 조립방법에 대해서 알려드려요.\n하나하나 자세하게 배울 수 있으니,\n처음하시는 분들도 영상 켜놓고 따라오신다면 성공하실 수 있을 거에요!\n귀찮고 걱정된다면 돈주고 맡기는게 맞지만,\n조립하는 재미도 있고 돈도 아낄수있는 PC 조립! 같이 해보죠.\n\nTag\n#컴퓨터조립 #PC조립하는법 #조립컴퓨터\n\n* (비즈니스 문의) itws8692@gmail.com\n* (일상/소통) https://www.instagram.com/at_the_endd/",
        "thumbnail": "https://i.ytimg.com/vi/J2iYurGIHKg/mqdefault.jpg",
        "youtubeVideoId": "J2iYurGIHKg",
        "uploadedDate": "2021-07-11T03:22:21Z",
        "viewCount": 1578,
        "isCommercial": "False"
    },
    {
        "id": "c70c36e2-8188-4644-99fc-cbc52f0abdd3",
        "title": "조립 PC 견적 낼때 꼭! 확인해야 할 4가지 체크리스트 l 용도별 조립컴퓨터 견적짜는 법",
        "description": "요즘에 컴퓨터 맞추는 것은 그렇게 추천드리지 않지만,\n저처럼 어쩔 수 없이 바꿔야 한다 싶은분들은 꼭 참고하시길 바래요!\n그래픽카드 미뗘 날뛰고 있으니, 지금은 꼭 비추...\n화면 송출용 아주 저렴한 그래픽카드도 요즘 많이 팔더라구요.\n그런 것도 일단 존버용으로 괜찮은 것 같아요.\n\n\nTag\n#조립PC #컴퓨터견적내는법 #컴퓨터맞추는법\n\n\n*타임라인\n0:00 영상 시작쓰\n0:46 첫번째 조립컴 목적\n2:03 두번째 조립컴 예산\n2:38 세번째 PC견적 내기\n15:30 네번째 주문사이트 고르기\n\n\n* (비즈니스 문의) itws8692@gmail.com\n* (일상/소통) https://www.instagram.com/at_the_endd/",
        "thumbnail": "https://i.ytimg.com/vi/5aNClcWa7kY/mqdefault.jpg",
        "youtubeVideoId": "5aNClcWa7kY",
        "uploadedDate": "2021-07-03T10:03:18Z",
        "viewCount": 1273,
        "isCommercial": "False"
    },
    {
        "id": "f310657a-ad45-46bb-8321-a92d2a211ac4",
        "title": "아무도 안알려준, 비싼 스마트폰 제대로 활용하는 5가지 방법. 갤럭시 꿀팁 설정 (S21, 노트20, S20 등 One UI 3.0 이상 거의 다됨)",
        "description": "꿀팁 오랜만이죠..?\n한동안 모았으니 이제 다시 풀어보도록 할게요.\n7분 17초에 나오는 구글 메시지 PC 연결 홈페이지는 \nmessages.android.com 입니다\n\n* 에이트에게 보고싶은 콘텐츠 추천하기\n\" 이트야 이것좀 해보거라~\" ▼ (크롬 브라우저 추천)\nhttps://forms.gle/EityPLDpxd1XrK529\n\nTag\n#갤럭시S21 #갤럭시설정 #꿀팁\n\n* (비즈니스 문의) itws8692@gmail.com\n* (일상/소통) https://www.instagram.com/at_the_endd/",
        "thumbnail": "https://i.ytimg.com/vi/m6MtPJmtuL8/mqdefault.jpg",
        "youtubeVideoId": "m6MtPJmtuL8",
        "uploadedDate": "2021-06-22T09:45:20Z",
        "viewCount": 9865,
        "isCommercial": "False"
    },
    {
        "id": "1e6774b0-00a0-4087-a5ae-1de41546b970",
        "title": "지금까지 여러분은 화면을 작게 썼습니다.. 꼭 써야하는 업그레이드 버전 갤럭시 굿락 필수 설정!",
        "description": "* 에이트에게 보고싶은 콘텐츠 추천하기\n\"이트야 이것좀 해보거라~\" ▼ (크롬 브라우저 추천)\nhttps://forms.gle/EityPLDpxd1XrK529\n\nTag\n#갤럭시 #굿락 #필수설정\n\n*협찬 : 해당 영상은 협찬사항 없습니다.\n\n* (비즈니스 문의) itws8692@gmail.com\n* (일상/소통) https://www.instagram.com/at_the_endd/\n\n*타임라인\n0:00 내맘대로 설정 바꾸기\n0:51 굿락 설치\n1:03 잠금화면 설정\n1:46 상단바 설정\n3:38 멀티태스킹\n4:29 화면 더 넓게 보기\n5:40 홈화면 설정\n6:17 공유 설정 바꾸기\n7:59 태스크 체인저\n8:38 음량 숫자로 표현하기\n10:12 마무리",
        "thumbnail": "https://i.ytimg.com/vi/RuelusXgD9o/mqdefault.jpg",
        "youtubeVideoId": "RuelusXgD9o",
        "uploadedDate": "2021-05-14T10:17:50Z",
        "viewCount": 19751,
        "isCommercial": "False"
    },
    {
        "id": "fdd89484-cabe-4541-a99c-609596d81862",
        "title": "드디어 단통법이 변한다구요!? 이제 폰 싸게 살수있나요?",
        "description": "이번 영상은 결론이 있지는 않습니다.\n배경지식을 쌓는 정도라고 생각하시면 좋을 것 같아요!\n\n*협찬 : 해당 영상은 협찬사항 없습니다.\n\n* 에이트에게 보고싶은 콘텐츠 추천하기\n\"이트야 이것좀 해보거라~\" ▼ (크롬 브라우저 추천)\nhttps://forms.gle/EityPLDpxd1XrK529\n\nTag\n#폰싸게사는법 #단통법개정안 #전아무것도모릅니다\n\n* (비즈니스 문의) itws8692@gmail.com\n* (일상/소통) https://www.instagram.com/at_the_endd/\n\n*타임라인\n0:00 영상 시작쓰\n0:48 단통법 배경\n4:20 단통법 드디어 개정? 1\n7:35 단통법 드디어 개정? 2\n9:19 앞으로 어떻게 되려나",
        "thumbnail": "https://i.ytimg.com/vi/0b-H9Xwy23U/mqdefault.jpg",
        "youtubeVideoId": "0b-H9Xwy23U",
        "uploadedDate": "2021-05-03T04:46:30Z",
        "viewCount": 10384,
        "isCommercial": "False"
    },
    {
        "id": "da792b06-753d-4233-98b9-010b2a8209ce",
        "title": "노션이 무조건 최고라고!? 메모 끝판왕 어플 노션 vs 에버노트 비교 / 아이패드 갤럭시탭 필수 앱! 나에게 맞는 생산성 앱은?",
        "description": "생산성 끝판왕으로 불리는 노션과 에버노트 비교 영상 1편입니다~!\n전반적인 특징에서 가장 큰 부분을 차지하는 영역을 다뤘어요.\n조금 더 상세한 이야기가 필요하신 분들은 좋아요! 댓글!로 알려주세요\n\n중간에 녹음을 실수한 부분이 있어서 마이크가 왔다갔다 합니다ㅠㅠ\n양해부탁드려요.\n\n* 에이트에게 보고싶은 콘텐츠 추천하기\n\"이트야 이것좀 해보거라~\" ▼ (크롬 브라우저 추천)\nhttps://forms.gle/EityPLDpxd1XrK529\n\nTag\n#에버노트 #노션 #생산성메모앱\n\n*협찬 : 해당 영상은 협찬사항 없습니다.\n\n* (비즈니스 문의) itws8692@gmail.com\n* (일상/소통) https://www.instagram.com/at_the_endd/\n\n*타임라인\n0:00 영상 시작쓰\n0:46 가장 큰 공통점\n1:07 프로그램 구성 비교\n2:36 문서 작성 방식 비교\n4:40 도표 작업 비교\n6:56 템플릿 비교\n7:35 임베드 기능 비교\n10:33 동기화 비교\n11:57 마무리",
        "thumbnail": "https://i.ytimg.com/vi/O3x_kk6PDzc/mqdefault.jpg",
        "youtubeVideoId": "O3x_kk6PDzc",
        "uploadedDate": "2021-04-24T05:33:18Z",
        "viewCount": 3503,
        "isCommercial": "False"
    },
    {
        "id": "0ca59a5b-f58b-4beb-85dc-1d107347e387",
        "title": "아직도 안 쓰세요? 1~5년 넘게 쓴 강추 어플 BEST5 (갤럭시, 아이폰 모두 가능)",
        "description": "오늘은 제가 사용하고 있는 앱 몇 가지를 알려드릴게요.\n아마 유명한 어플들이라 많은 분들이 사용하고 계시겠지만,\n모르시는 분들도 많을 것 같아 소개해 드리려고 합니다.\n\n* 에이트에게 보고싶은 콘텐츠 추천하기\n\"이트야 이것좀 해보거라~\" ▼\nhttps://forms.gle/EityPLDpxd1XrK529\n\nTag\n#어플추천\n\n*협찬 : 해당 영상은 협찬사항 없습니다.\n\n* (비즈니스 문의) itws8692@gmail.com\n* (일상/소통) https://www.instagram.com/at_the_endd/\n\n*타임라인\n0:00 영상 시작쓰\n1:00 얼마쓰세요?\n4:41 시간 빡시게  쓰는앱\n6:53 스케쥴 쉽게 관리하는 앱\n8:10 통합 메모앱\n9:20 생각정리 앱\n11:00 책읽으세요\n12:11 어땠나요?",
        "thumbnail": "https://i.ytimg.com/vi/a_VhUziIqjI/mqdefault.jpg",
        "youtubeVideoId": "a_VhUziIqjI",
        "uploadedDate": "2021-04-14T12:13:46Z",
        "viewCount": 19252,
        "isCommercial": "False"
    },
    {
        "id": "a8af0f50-6305-46e7-b37f-40b676e66968",
        "title": "맥북 샀으면 최소한 이건 설치하세요! 반드시 써야하는 맥북 필수 어플 5가지! [m1 맥북 에어]",
        "description": "#맥북필수어플 #맥북꿀팁\n\n평화로운 맥북생활 하세요!\n\n0:00 사실 두달전인듯\n1:00 분할화면 빠르게\n4:20 동기화 노트\n6:33 잠자기 방지\n7:18 단축키 빠르게보기\n8:38 터치 커스터마이징\n10:33 완전 강추\n\n*협찬 : 해당영상은 협찬사항 없습니다.\n\n안사면 0원 사면 영원!\n유용한 꿀팁/설정, 핫한 아이템, 신박한 물건, 최신 기기 리뷰의 모든 것!\n\n* (비즈니스 문의) itws8692@gmail.com\n* (일상/소통) https://www.instagram.com/at_the_endd/",
        "thumbnail": "https://i.ytimg.com/vi/7rvhoACFnyw/mqdefault.jpg",
        "youtubeVideoId": "7rvhoACFnyw",
        "uploadedDate": "2021-03-26T02:49:34Z",
        "viewCount": 9636,
        "isCommercial": "False"
    },
    {
        "id": "fea04091-95f2-4c3e-9463-22202cb4cb2b",
        "title": "버튼 하나로 컴퓨터 갤럭시 연결하는 방법. \"windows와 연결\" 써본 장단점",
        "description": "많은 분들이 리뷰 요청 주셨는데, 이제야 정리해서 올리네요!\n\n0:00 스마트폰 활용중?\n0:47 미러링?\n1:46 사용자 휴대폰 프로그램\n3:00 장점 활용법\n8:27 아쉬운점\n11:30 마무리\n\n#선없이pc연결 #windows와연결 #윈도우와연결\n\n*협찬 : 해당영상은 협찬사항 없습니다.\n\n안사면 0원 사면 영원!\n유용한 꿀팁/설정, 핫한 아이템, 신박한 물건, 최신 기기 리뷰의 모든 것!\n\n* (비즈니스 문의) itws8692@gmail.com\n* (일상/소통) https://www.instagram.com/at_the_endd/",
        "thumbnail": "https://i.ytimg.com/vi/zWtz9yN8DxU/mqdefault.jpg",
        "youtubeVideoId": "zWtz9yN8DxU",
        "uploadedDate": "2021-03-19T09:38:13Z",
        "viewCount": 13630,
        "isCommercial": "False"
    },
    {
        "id": "6588c742-1d4e-4132-94d9-c1072a16ce03",
        "title": "왜 이제 사용했을까.. S펜 7900원으로 업그레이드 하기! S펜 실리콘 케이스 나눔(완료)",
        "description": "S펜 많이 사용하는분들 정말 추천이에요!\n\n#S펜케이스 #갤럭시탭s7\n\n나눔 이벤트 하면 꼭 사칭하시는 사람들이 있기 때문에\n반드시 메일 확인할 때\n1. itws8692@gmail.com 메일로 온 것인지\n2. 에이트 채널 커뮤니티 탭 당첨 \n확인해주세요!\n(택배비도 제가 부담하기 때문에 배송을 위한 주소, 연락처, 성함 외에는 아무것도 요구하지 않습니다.)\n\n*타임라인\n0:00 세게 쳐보면..\n1:05 디자인\n1:56 장점 6가지\n7:17 단점 3가지\n9:15 나눔 이벤트 공지\n\n*협찬 : 해당영상은 협찬사항 없습니다.\n\n\"이트야 이것좀 해보거라~\" 보고싶은 콘텐츠 추천하기\nhttps://forms.gle/EityPLDpxd1XrK529\n\n* (비즈니스 문의) itws8692@gmail.com\n* (일상/소통) https://www.instagram.com/at_the_endd/",
        "thumbnail": "https://i.ytimg.com/vi/t38Y96Cmlgc/mqdefault.jpg",
        "youtubeVideoId": "t38Y96Cmlgc",
        "uploadedDate": "2021-03-13T09:12:29Z",
        "viewCount": 24509,
        "isCommercial": "False"
    },
    {
        "id": "000b16e1-36a1-4026-a08a-b8c626e1e227",
        "title": "대부분 몰라서 못 쓰는 기능, 갤럭시 미디어 디바이스 사용법 꿀팁",
        "description": "많은 분들이 모르고 지나쳤을 법한 기능 사용법 알려드려요!\n알고나서 활용하면 생각보다 유용한 순간이 있습니다!\n\n#갤럭시 #미디어 #디바이스 #꿀팁 #설정\n\n*협찬 : 해당영상은 협찬사항 없습니다.\n\n\"이트야 이것좀 해보거라~\" 보고싶은 콘텐츠 추천하기\nhttps://forms.gle/EityPLDpxd1XrK529\n\n* (비즈니스 문의) itws8692@gmail.com\n* (일상/소통) https://www.instagram.com/at_the_endd/",
        "thumbnail": "https://i.ytimg.com/vi/YZIam2bnGaM/mqdefault.jpg",
        "youtubeVideoId": "YZIam2bnGaM",
        "uploadedDate": "2021-03-05T10:14:32Z",
        "viewCount": 140837,
        "isCommercial": "False"
    },
    {
        "id": "d03ebb69-52f1-4f1d-9994-b4f880fc3017",
        "title": "안보면 후회하는 갤럭시 7가지 활용법, 10초만에 카메라 무음만들기 / 빅스비 루틴 / 배터리 보호",
        "description": "카메라 무음부터 빅스비루틴까지 꿀팁입니당\n\n0:00 여러분 오늘은\n0:38 10초만에 카메라 무음\n2:25 영상볼때 자동으로 고해상도\n3:46 집에서 잠금 해제\n4:37 배터리 수명 저속충전\n5:38 QR 빅스비 루틴\n6:35 배터리 완충 표시\n7:24 블루투스 연결시 자동 음악 재생\n8:18 매무리\n\n*협찬 : 해당영상은 협찬사항 없습니다.\n\n\"이트야 이것좀 해보거라~\" 보고싶은 콘텐츠 추천하기\nhttps://forms.gle/EityPLDpxd1XrK529\n\n* (비즈니스 문의) itws8692@gmail.com\n* (일상/소통) https://www.instagram.com/at_the_endd/",
        "thumbnail": "https://i.ytimg.com/vi/ecLVC_wMmv8/mqdefault.jpg",
        "youtubeVideoId": "ecLVC_wMmv8",
        "uploadedDate": "2021-02-07T11:24:20Z",
        "viewCount": 606182,
        "isCommercial": "False"
    },
    {
        "id": "3e804264-9623-4352-94e6-0794e18bb56e",
        "title": "갤럭시탭 S7, S7+ 완전 달라진 업데이트 One UI 3.1 사용기",
        "description": "완전 갬동쓰ㅠㅠ\n\n*협찬 : 해당영상은 협찬사항 없습니다.\n\n#갤럭시탭S7 #태블릿 #OneUI3.1\n안사면 0원 사면 영원!\n유용한 꿀팁/설정, 핫한 아이템, 신박한 물건, 최신 기기 리뷰의 모든 것!\n\n* (비즈니스 문의) itws8692@gmail.com\n* (일상/소통) https://www.instagram.com/at_the_endd/",
        "thumbnail": "https://i.ytimg.com/vi/w0UkhzrFO24/mqdefault.jpg",
        "youtubeVideoId": "w0UkhzrFO24",
        "uploadedDate": "2021-01-31T10:55:50Z",
        "viewCount": 80687,
        "isCommercial": "False"
    },
    {
        "id": "e4946f2f-313e-43f6-9d7d-33e70b9d2f7e",
        "title": "S21 안하면 2년동안 손해보는 33가지 초기세팅 필수설정 꿀팁 / One UI 3.1 / S21 울트라",
        "description": "다들 S21 사전예약한 것 잘 받으셨나요??\n이번에는 One UI 3.1 업데이트가 되면서, 기존과 설정 위치가 바뀐점들이 많아요.\n기존에 사용하시던 분들도, One UI 3.0 업데이트를 하셨다면 따라오셔도 좋을 것 같아요!\n\n#갤럭시S1 #초기설정 #OneUI3.1 #필수설정 #꿀팁\n\n*협찬 : 11번가로부터 대여받았던 제품을 활용하여 자유롭게 제작한 영상입니다.\n\n안사면 0원 사면 영원!\n유용한 꿀팁/설정, 핫한 아이템, 신박한 물건, 최신 기기 리뷰의 모든 것!\n\n* (비즈니스 문의) itws8692@gmail.com\n* (일상/소통) https://www.instagram.com/at_the_endd/",
        "thumbnail": "https://i.ytimg.com/vi/VwHQCUOqX8U/mqdefault.jpg",
        "youtubeVideoId": "VwHQCUOqX8U",
        "uploadedDate": "2021-01-21T12:10:39Z",
        "viewCount": 797243,
        "isCommercial": "False"
    },
    {
        "id": "5eef2623-e0c8-4b84-bcdc-827da6acb35a",
        "title": "갤럭시S21 55만원 아끼세요.. 스마트폰 저렴하게 사는 4가지 방법 l 아이폰12",
        "description": "가장 끝판왕급 방법까지 알려드립니다.\n\n*협찬 : 해당영상은 협찬사항 없습니다.\n\n#폰싸게사는법 #갤럭시S21 #아이폰12 #호갱\n\n안사면 0원 사면 영원!\n유용한 꿀팁/설정, 핫한 아이템, 신박한 물건, 최신 기기 리뷰의 모든 것!\n\n* (비즈니스 문의) itws8692@gmail.com\n* (일상/소통) https://www.instagram.com/at_the_endd/",
        "thumbnail": "https://i.ytimg.com/vi/pkWalqZIxiU/mqdefault.jpg",
        "youtubeVideoId": "pkWalqZIxiU",
        "uploadedDate": "2021-01-14T12:06:16Z",
        "viewCount": 27563,
        "isCommercial": "False"
    },
    {
        "id": "20699ed3-5993-410d-b309-e3c199f13adc",
        "title": "500원으로 아이폰을 업그레이드해서 실생활에 활용하는 꿀팁",
        "description": "NFC활용이라고 하면 대단한것 같지만,\n실생활에서 소소하지만 유용하게 사용할수있는 활용 꿀팁이 있어요.\n이번 영상을 보시면 주변을 두리번두리번 하게 될거에요!\n\n활용법 꿀팁 공유는 댓글로 알려주세요.\n유용한 꿀팁이 모이면 (예상은 1월쯤??)\n한번에 취합해서 영상으로 제작하면서 연락을 드릴게요.\n신박하거나 유용한 활용꿀팁 공유 이벤트 참여를 원하시는분들은 댓글을 단후에 아이디와 댓글이 보이도록 캡쳐해서, 인스타 DM 한번 부탁드릴게요!\n그래야 나중에 상품을 드리기에도 편할것 같아요!\n인스타 : https://www.instagram.com/ate.youtube/\n(참여인원이 많아지면 개별 답장은 어려울 수 있습니다.)\n\n*타임라인\n0:00 인트로\n0:47 꿀팁공유 이벤트\n1:01 아무튼 본격적으로\n1:46 첫번째 꿀팁\n2:41 설정방법\n4:14 두번째 꿀팁\n6:35 세번째 꿀팁\n7:48 매무리\n\n#아이폰12 #NFC #아이폰꿀팁 #단축어\n\n*협찬 : 해당영상은 협찬사항 없습니다.\n안사면 0원 사면 영원!\n유용한 꿀팁/설정, 핫한 아이템, 신박한 물건, 최신 기기 리뷰의 모든 것!\n\n* (비즈니스 문의) itws8692@gmail.com\n* (일상/소통) https://www.instagram.com/at_the_endd/",
        "thumbnail": "https://i.ytimg.com/vi/wgLHM_lIRRw/mqdefault.jpg",
        "youtubeVideoId": "wgLHM_lIRRw",
        "uploadedDate": "2020-12-05T02:34:13Z",
        "viewCount": 47429,
        "isCommercial": "False"
    },
    {
        "id": "81a9acb8-23b2-492b-9842-dc2ee4471095",
        "title": "초반에 세팅 잡으세요! 아이폰12 꺼야하는 초기 필수 설정 14가지! [아이폰12/12pro/iOS14]",
        "description": "배터리와 개인정보, 데이터를 위해 꺼야하는 설정들을 알려드려요!\niOS14 최신 설정들도 알려드리니, 이전 아이폰 유저분들도 점검하고 가시면 좋겠네요.\n\n#아이폰12 #아이폰12프로 #아이폰꿀팁 #아이폰설정 #ios14\n\n*협찬 : 해당영상은 협찬사항 없습니다.\n\n안사면 0원 사면 영원!\n유용한 꿀팁/설정, 핫한 아이템, 신박한 물건, 최신 기기 리뷰의 모든 것!\n\n* (비즈니스 문의) itws8692@gmail.com\n* (일상/소통) https://www.instagram.com/at_the_endd/",
        "thumbnail": "https://i.ytimg.com/vi/-1ufBI8FO-8/mqdefault.jpg",
        "youtubeVideoId": "-1ufBI8FO-8",
        "uploadedDate": "2020-11-03T10:11:58Z",
        "viewCount": 948423,
        "isCommercial": "False"
    },
    {
        "id": "c2e74124-a7ab-409c-8981-6ebce727a464",
        "title": "삼성의 노림수 파악 완료! 갤럭시 One UI 3.0 베타 바뀐점 10가지!",
        "description": "펀치홀에 이어.. 드립을 위한 통화배경!?\n흥! 이건 못참지.\n조만간에 ONE UI3.0 정식 업데이트 하면 이벤트로 보자구욧!\n\n#안드로이드11 #OneUI3.0 #베타 #갤럭시\n\n*협찬 : 해당영상은 협찬사항 없습니다.\n\n안사면 0원 사면 영원!\n유용한 꿀팁/설정, 핫한 아이템, 신박한 물건, 최신 기기 리뷰의 모든 것!\n\n* (비즈니스 문의) itws8692@gmail.com\n* (일상/소통) https://www.instagram.com/at_the_endd/",
        "thumbnail": "https://i.ytimg.com/vi/Kn2bHGLheO0/mqdefault.jpg",
        "youtubeVideoId": "Kn2bHGLheO0",
        "uploadedDate": "2020-10-28T11:25:34Z",
        "viewCount": 137640,
        "isCommercial": "False"
    }
]