[
    {
        "id": "38057418-f47e-4424-a6a9-9336b4e6126e",
        "title": "브트키는 못참지ㅋㅋ  웃음 참기 챌린지! [ 뽀구미를 웃겨라 ]",
        "description": "너무 웃겨서 죽고싶어요ㅠㅠㅋㅋㅋㅋ\n-\n안녕하세요! 트위치 스트리머 뽀구미 입니당!\n구독과 좋아요 많이 부탁드립니다.\n-\ninstargram: https://www.instagram.com/bbo9_me/?hl=ko\ntwitch: https://www.twitch.tv/geguleee",
        "thumbnail": "https://i.ytimg.com/vi/cXug3eNUyY0/mqdefault.jpg",
        "youtubeVideoId": "cXug3eNUyY0",
        "uploadedDate": "2021-01-04T20:49:19Z",
        "viewCount": 50994,
        "isCommercial": "False"
    },
    {
        "id": "767a03ba-e042-4ae3-a4d1-f0c8a625db52",
        "title": "보물창고 & 닥터준 & 뽀구미를 웃겨라 웃음참기 ㅋㅋㅋ(미공개 영상)",
        "description": "웃음 어떻게 참아야되는데 ㅜㅜ\n\ninstargram: https://www.instagram.com/bbo9_me/?hl=ko\ntwitch: https://www.twitch.tv/geguleee\n\n#웃겨라 #웃음참기 #미공개",
        "thumbnail": "https://i.ytimg.com/vi/nBFYaSg2I4E/mqdefault.jpg",
        "youtubeVideoId": "nBFYaSg2I4E",
        "uploadedDate": "2021-01-04T20:49:19Z",
        "viewCount": 65343,
        "isCommercial": "False"
    },
    {
        "id": "5c86dfbe-8e58-47cb-93ab-bfc8b99b25f1",
        "title": "보창 뽀구미 눈싸람을 웃겨라 [미공개 영상]",
        "description": "여러분도 참으려고 한 다음에 봐보세요 ㅋㅋㅋㅋㅋ\n-\n안녕하세요트위치 스트리머 뽀구미 입니당!\n구독과 좋아요 많이 부탁드립니다.\n-\ninstargram: https://www.instagram.com/bbo9_me/?hl=ko\ntwitch: https://www.twitch.tv/geguleee\n\n\n#뽀구미 #웃겨라 #웃음참기",
        "thumbnail": "https://i.ytimg.com/vi/PI3RUfnRMpY/mqdefault.jpg",
        "youtubeVideoId": "PI3RUfnRMpY",
        "uploadedDate": "2021-01-16T00:54:27Z",
        "viewCount": 73302,
        "isCommercial": "False"
    },
    {
        "id": "05fd4ba3-62c4-400c-938b-eea1c1715451",
        "title": "생방송 정지",
        "description": "아는 언니랑 웃음참기 챌린지하는데 이거 나와도 되나요 ㅋㅋㅋ?\n-\n안녕하세요트위치 스트리머 뽀구미 입니당!\n구독과 좋아요 많이 부탁드립니다.\n-\ninstargram: https://www.instagram.com/bbo9_me/?hl...​\n\ntwitch: https://www.twitch.tv/geguleee​​​​​​​...​\n\n\n#뽀구미​​​ #웃참 #웃겨라",
        "thumbnail": "https://i.ytimg.com/vi/Pn8WPQv9aGw/mqdefault.jpg",
        "youtubeVideoId": "Pn8WPQv9aGw",
        "uploadedDate": "2021-03-28T00:59:20Z",
        "viewCount": 25650,
        "isCommercial": "False"
    },
    {
        "id": "29350f97-fa54-4fd4-a14e-bfbdc6e611c9",
        "title": "화 나게하면 문상 드립니다",
        "description": "시청자들 몽땅 잡아서 때려야 해ㅜㅜ\n\n♥생방송은 트위치에서♥\n♥방송시간 및 중요 공지는 트게더에! (아래링크 참조)♥\n(https://tgd.kr/s/geguleee?category=60540644)\n\n트위치 : https://www.twitch.tv/geguleee\n디스코드: https://discord.gg/qKajHXA\n인스타그램 : @bbo9_me\n틱톡 : @bbo9_me\n\n#뽀구미 #화참기 #챌린지",
        "thumbnail": "https://i.ytimg.com/vi/rnGo-HSIaXk/mqdefault.jpg",
        "youtubeVideoId": "rnGo-HSIaXk",
        "uploadedDate": "2021-06-02T08:05:22Z",
        "viewCount": 4579,
        "isCommercial": "False"
    },
    {
        "id": "3599c115-6028-4c3b-a76d-dd842e240a5a",
        "title": "공포 귀신 영상 같이 참아볼래요...? (심약자 주의)",
        "description": "♥생방송은 트위치에서♥\n♥방송시간 및 중요 공지는 트게더에! (아래링크 참조)♥\n(https://tgd.kr/s/geguleee?category=60540644)\n\n트위치 : https://www.twitch.tv/geguleee\n디스코드: https://discord.gg/qKajHXA\n인스타그램 : @bbo9_me\n틱톡 : @bbo9_me\n\n#뽀구미 #챌린지 #반응",
        "thumbnail": "https://i.ytimg.com/vi/rNh7UEcRotc/mqdefault.jpg",
        "youtubeVideoId": "rNh7UEcRotc",
        "uploadedDate": "2021-10-26T08:44:34Z",
        "viewCount": 5035,
        "isCommercial": "False"
    },
    {
        "id": "68f9f43b-f5c7-4932-a662-64658634a241",
        "title": "이것이 무엇인지 알면 안됩니다 [뽀구미를 웃겨라 웃참챌린지]",
        "description": "♥생방송은 트위치에서♥\n♥방송시간 및 중요 공지는 트게더에! (아래링크 참조)♥\n(https://tgd.kr/s/geguleee?category=60540644)\n\n트위치 : https://www.twitch.tv/geguleee\n디스코드: https://discord.gg/qKajHXA\n인스타그램 : @bbo9_me\n틱톡 : @bbo9_me\n\n#뽀구미 #웃참 #웃음참기",
        "thumbnail": "https://i.ytimg.com/vi/kE8TeWHW31M/mqdefault.jpg",
        "youtubeVideoId": "kE8TeWHW31M",
        "uploadedDate": "2021-10-30T09:21:39Z",
        "viewCount": 2904,
        "isCommercial": "False"
    },
    {
        "id": "feca85bb-36ac-49de-9c60-dd6f7401d819",
        "title": "생방송 3000명이 터진 레전드 웃음참기ㅋㅋㅋㅋㅋㅋ아ㅋㅋ",
        "description": "♥생방송은 트위치에서♥\n♥방송시간 및 중요 공지는 트게더에! (아래링크 참조)♥\n(https://tgd.kr/s/geguleee?category=60540644)\n\n트위치 생방송 : https://www.twitch.tv/geguleee \n디스코드 : https://discord.gg/qKajHXA \n인스타그램 : @bbo9_me\n틱톡 : @bbo9_me\n광고 문의 : bbogumioffice@gmail.com\n\n#뽀구미 #웃참 #챌린지",
        "thumbnail": "https://i.ytimg.com/vi/l0inbeIkB74/mqdefault.jpg",
        "youtubeVideoId": "l0inbeIkB74",
        "uploadedDate": "2022-02-28T10:27:33Z",
        "viewCount": 101387,
        "isCommercial": "False"
    },
    {
        "id": "da548c92-5bc8-4119-8431-22f12253f529",
        "title": "뉴스 대참사ㅋㅋ 웃음참기 챌린지 레전드 모음",
        "description": "♥방송 날짜: 2022. 7. 2.♥\n♥생방송은 트위치에서♥\n♥방송시간 및 중요 공지는 트게더에! (아래링크 참조)♥\n(https://tgd.kr/s/geguleee?category=60540644)\n\n트위치 생방송 : https://www.twitch.tv/geguleee \n인스타그램 : @bbo9_me\n틱톡 : @bbo9_me\n광고 문의 : biz@treasurehunter.co.kr\n\n#뽀구미 #웃음참기 #챌린지",
        "thumbnail": "https://i.ytimg.com/vi/xV26XC_rkxE/mqdefault.jpg",
        "youtubeVideoId": "xV26XC_rkxE",
        "uploadedDate": "2022-07-23T05:31:10Z",
        "viewCount": 41804,
        "isCommercial": "False"
    },
    {
        "id": "ae1bf5da-c3b8-460b-be3a-da2920877580",
        "title": "생방송2000명이 터진 레전드 웃음참기ㅋㅋㅋㅋㅋㅋㅋㅋㅋㅋㅋ",
        "description": "♥방송 날짜: 2022. 9. 12.♥\n♥생방송은 트위치에서♥\n♥방송시간 및 중요 공지는 트게더에! (아래링크 참조)♥\n(https://tgd.kr/s/geguleee?category=60540644)\n\n트위치 생방송 : https://www.twitch.tv/geguleee \n인스타그램 : @bbo9_me\n틱톡 : @bbo9_me\n광고 문의 : biz@treasurehunter.co.kr\n\n#뽀구미 #웃참 #챌린지",
        "thumbnail": "https://i.ytimg.com/vi/C4v8aPPzkTA/mqdefault.jpg",
        "youtubeVideoId": "C4v8aPPzkTA",
        "uploadedDate": "2022-11-04T15:29:49Z",
        "viewCount": 32201,
        "isCommercial": "False"
    }
]