[
    {
        "id": "7511ac6a-ab94-4f9e-aa52-6dfa443cff5e",
        "title": "네?",
        "description": "#와나나 #김은별 #김은별컴퍼니\n\n------------------------------------------------------------------------------------------\n김은별 생방송 주소 : https://www.twitch.tv/akvl1229\n와나나 생방송 주소 : https://www.twitch.tv/box930205\n\n------------------------------------------------------------------------------------------\n▬▬▬▬▬▬▬▬▬▬▬▬▬▬▬▬▬▬▬▬▬▬▬▬▬▬▬▬▬\n🎵Music provided by 브금대통령 \n🎵Track : Une Petite Dispute - https://youtu.be/NWITLjXsBj4  \n▬▬▬▬▬▬▬▬▬▬▬▬▬▬▬▬▬▬▬▬▬▬▬▬▬▬▬▬▬\n\n\n▬▬▬▬▬▬▬▬▬▬▬▬▬▬▬▬▬▬▬▬▬▬▬▬▬▬▬▬▬\n🎵Music provided by 브금대통령\n🎵Track : Ready To Nap - https://youtu.be/UZE2a9gTsDk \n▬▬▬▬▬▬▬▬▬▬▬▬▬▬▬▬▬▬▬▬▬▬▬▬▬▬▬▬▬\n\n\n▬▬▬▬▬▬▬▬▬▬▬▬▬▬▬▬▬▬▬▬▬▬▬▬▬▬▬▬▬\n🎵Music provided by 브금대통령\n🎵Track : Mr. Scrooge  - https://youtu.be/KHR2IcENsqc \n▬▬▬▬▬▬▬▬▬▬▬▬▬▬▬▬▬▬▬▬▬▬▬▬▬▬▬▬▬",
        "thumbnail": "https://i.ytimg.com/vi/zqgpTGvfchU/mqdefault.jpg",
        "youtubeVideoId": "zqgpTGvfchU",
        "uploadedDate": "2022-01-30T21:18:55Z",
        "viewCount": 534322,
        "isCommercial": "False"
    },
    {
        "id": "2c34bbba-9e5d-4c73-b53b-05fa8bf286a4",
        "title": "어쨋거나 맘에 안든다구요",
        "description": "#김은별 #와나나 #워노구\n\n\n\n-----------------------------------------------------\n김은별 생방송 주소 : https://www.twitch.tv/akvl1229\n와나나 생방송 주소 : https://www.twitch.tv/box930205\n워노구 생방송 주소 : https://www.twitch.tv/1ho9",
        "thumbnail": "https://i.ytimg.com/vi/6EMz33lQyF0/mqdefault.jpg",
        "youtubeVideoId": "6EMz33lQyF0",
        "uploadedDate": "2022-01-30T21:18:55Z",
        "viewCount": 461297,
        "isCommercial": "False"
    },
    {
        "id": "fe8e1ac8-bf6c-4c34-86e2-cbc404bb6147",
        "title": "와나나 자식들 로맨스",
        "description": "#와나나 #김은별 #워노구\n\n\n-----------------------------------------------------------------------\n김은별 생방송 주소 : https://www.twitch.tv/akvl1229\n와나나 생방송 주소 : https://www.twitch.tv/box930205\n워노구 생방송 주소 : https://www.twitch.tv/1ho9",
        "thumbnail": "https://i.ytimg.com/vi/NAVLKWwKGdI/mqdefault.jpg",
        "youtubeVideoId": "NAVLKWwKGdI",
        "uploadedDate": "2022-01-30T21:18:55Z",
        "viewCount": 118609,
        "isCommercial": "True"
    },
    {
        "id": "211df242-f108-4085-8d09-8990ab781769",
        "title": "주술회전 덕후와 귀멸의칼날 덕후가 만났을 때",
        "description": "#주술회전 #귀멸의칼날 #오타쿠\n\n-----------------------------------------------------\n김은별 생방송 주소 : https://www.twitch.tv/akvl1229​\n와나나 생방송 주소 : https://www.twitch.tv/box930205​\n워노구 생방송 주소 : https://www.twitch.tv/1ho9",
        "thumbnail": "https://i.ytimg.com/vi/oApfubQMsns/mqdefault.jpg",
        "youtubeVideoId": "oApfubQMsns",
        "uploadedDate": "2022-01-30T21:18:55Z",
        "viewCount": 231933,
        "isCommercial": "False"
    },
    {
        "id": "aedb155e-7224-4b82-88d5-79ab14df76a3",
        "title": "그냥 좀 가",
        "description": "#와나나 #김은별 #군인\n\n-------------------------------------------------------\n김은별 생방송 주소 : https://www.twitch.tv/akvl1229\n와나나 생방송 주소 : https://www.twitch.tv/box930205\n마젠타 생방송 주소 : https://www.twitch.tv/magenta62\n왈도쿤 생방송 주소 : https://www.twitch.tv/dokun\n서농 생방송 주소 : https://www.twitch.tv/snsn__\n푸린 생방송 주소 : https://www.twitch.tv/rngudwnswkd",
        "thumbnail": "https://i.ytimg.com/vi/OBFrrjpPLJE/mqdefault.jpg",
        "youtubeVideoId": "OBFrrjpPLJE",
        "uploadedDate": "2022-01-30T21:18:55Z",
        "viewCount": 216990,
        "isCommercial": "False"
    },
    {
        "id": "a4b62a0d-ce30-4635-92cd-a856f47bcfe0",
        "title": "가.. 가족으로 맞이하겠슴느드...",
        "description": "#와나나 #워노구 #김은별\n-----------------------------------------------------\n김은별 생방송 주소 : https://www.twitch.tv/akvl1229\n와나나 생방송 주소 : https://www.twitch.tv/box930205\n워노구 생방송 주소 : https://www.twitch.tv/1ho9\n밤양갱 생방송 주소 : https://www.twitch.tv/bamyg1414",
        "thumbnail": "https://i.ytimg.com/vi/lkS3nQbr37k/mqdefault.jpg",
        "youtubeVideoId": "lkS3nQbr37k",
        "uploadedDate": "2022-01-30T21:18:55Z",
        "viewCount": 177301,
        "isCommercial": "False"
    },
    {
        "id": "23e0aaf2-ca11-453a-abfd-2500b16b0db6",
        "title": "아 죽은 게 아니었어?",
        "description": "#와나나 #김은별 #워노구\n-----------------------------------------------------\n김은별 생방송 주소 : https://www.twitch.tv/akvl1229\n와나나 생방송 주소 : https://www.twitch.tv/box930205\n워노구 생방송 주소 : https://www.twitch.tv/1ho9",
        "thumbnail": "https://i.ytimg.com/vi/zFC8ljVfV3Y/mqdefault.jpg",
        "youtubeVideoId": "zFC8ljVfV3Y",
        "uploadedDate": "2022-01-30T21:18:55Z",
        "viewCount": 162053,
        "isCommercial": "False"
    },
    {
        "id": "cd5d5748-9e90-4bc2-9640-7bbd2a780690",
        "title": "아니 무슨상관인데요 대체",
        "description": "#김은별 #와나나 #문스독\n-----------------------------------------------------\n김은별 생방송 주소 : https://www.twitch.tv/akvl1229\n와나나 생방송 주소 : https://www.twitch.tv/box930205",
        "thumbnail": "https://i.ytimg.com/vi/tY6Dd4wxQPo/mqdefault.jpg",
        "youtubeVideoId": "tY6Dd4wxQPo",
        "uploadedDate": "2022-01-30T21:18:55Z",
        "viewCount": 167073,
        "isCommercial": "False"
    },
    {
        "id": "6489c68a-1cdb-4ed4-8b5a-77714bb4a05f",
        "title": "양아치들의 여자 꼬시는 법",
        "description": "#와나나 #워노구 #견자희\n-----------------------------------------------------\n김은별 생방송 주소 : https://www.twitch.tv/akvl1229",
        "thumbnail": "https://i.ytimg.com/vi/PpsHlLmffng/mqdefault.jpg",
        "youtubeVideoId": "PpsHlLmffng",
        "uploadedDate": "2022-01-30T21:18:55Z",
        "viewCount": 110914,
        "isCommercial": "False"
    },
    {
        "id": "c0680377-5ae9-4bed-9f9a-f89cb26feab5",
        "title": "와버지에게 어버이날 선물로 드릴 그림 그리기",
        "description": "#김은별 #와나나 #워노구\n-----------------------------------------------------\n김은별 생방송 주소 : https://www.twitch.tv/akvl1229\n워노구 생방송 주소 : https://www.twitch.tv/1ho9\n와나나 생방송 주소 : https://www.twitch.tv/box930205",
        "thumbnail": "https://i.ytimg.com/vi/EhAC-Gx8Euw/mqdefault.jpg",
        "youtubeVideoId": "EhAC-Gx8Euw",
        "uploadedDate": "2022-01-30T21:18:55Z",
        "viewCount": 9680,
        "isCommercial": "False"
    },
    {
        "id": "2808ba40-ff48-4a74-a7b6-654de3aa4c5f",
        "title": "내 뜻대로 끝낼 수 없는 채무관계",
        "description": "#와빌리지 #와밀리 #김은별빚\n-----------------------------------------------------\n김은별 생방송 주소 : https://www.twitch.tv/akvl1229\n워노구 생방송 주소 : https://www.twitch.tv/1ho9\n와나나 생방송 주소 : https://www.twitch.tv/box930205",
        "thumbnail": "https://i.ytimg.com/vi/22DKfn6Fyb4/mqdefault.jpg",
        "youtubeVideoId": "22DKfn6Fyb4",
        "uploadedDate": "2022-01-30T21:18:55Z",
        "viewCount": 61661,
        "isCommercial": "False"
    },
    {
        "id": "973bf00c-2e32-4781-8f38-44e482828739",
        "title": "놀리지마 ...",
        "description": "#와빌리지 #와밀리\n-----------------------------------------------------\n김은별 생방송 주소 : https://www.twitch.tv/akvl1229\n워노구 생방송 주소 : https://www.twitch.tv/1ho9\n와나나 생방송 주소 : https://www.twitch.tv/box930205",
        "thumbnail": "https://i.ytimg.com/vi/K6g-zu0gkQY/mqdefault.jpg",
        "youtubeVideoId": "K6g-zu0gkQY",
        "uploadedDate": "2022-01-30T21:18:55Z",
        "viewCount": 43768,
        "isCommercial": "False"
    },
    {
        "id": "d0b5162b-a5c7-4b9b-b5f9-e3507f576cea",
        "title": "미미짱 ! 왜 화를 내는거야",
        "description": "#와빌리지 #워노구 #미미짱\n-----------------------------------------------------\n김은별 생방송 주소 : https://www.twitch.tv/akvl1229\n와나나 생방송 주소 : https://www.twitch.tv/box930205\n워노구 생방송 주소 : https://www.twitch.tv/1ho9",
        "thumbnail": "https://i.ytimg.com/vi/n6y-IJE1I9A/mqdefault.jpg",
        "youtubeVideoId": "n6y-IJE1I9A",
        "uploadedDate": "2022-01-30T21:18:55Z",
        "viewCount": 139677,
        "isCommercial": "False"
    },
    {
        "id": "4986f7e8-55f4-47fc-9555-6b3c42e19ab1",
        "title": "미친놈",
        "description": "#김은별 #워노구 #와나나\n-----------------------------------------------------\n김은별 생방송 주소 : https://www.twitch.tv/akvl1229\n워노구 생방송 주소 : https://www.twitch.tv/1ho9\n김은별 생방송 주소 : https://www.twitch.tv/box930205",
        "thumbnail": "https://i.ytimg.com/vi/2cHYgU-fAp0/mqdefault.jpg",
        "youtubeVideoId": "2cHYgU-fAp0",
        "uploadedDate": "2022-01-30T21:18:55Z",
        "viewCount": 72253,
        "isCommercial": "False"
    },
    {
        "id": "7ab0baec-df15-4afc-ace2-d16fcf4f870c",
        "title": "실화라서 진짜 더 어이없음",
        "description": "#김은별 #와나나 #와빌리지\n-----------------------------------------------------\n김은별 생방송 주소 : https://www.twitch.tv/akvl1229\n워노구 생방송 주소 : https://www.twitch.tv/1ho9\n와나나 생방송 주소 : https://www.twitch.tv/box930205",
        "thumbnail": "https://i.ytimg.com/vi/Ogo_czM_ZN4/mqdefault.jpg",
        "youtubeVideoId": "Ogo_czM_ZN4",
        "uploadedDate": "2022-01-30T21:18:55Z",
        "viewCount": 72890,
        "isCommercial": "False"
    },
    {
        "id": "198be8bb-fe27-4a0a-8e1d-9af4f0bd11fe",
        "title": "진짜 개빡치네",
        "description": "#김은별 #워노구 #와나나\n-----------------------------------------------------\n김은별 생방송 주소 : https://www.twitch.tv/akvl1229\n와나나 생방송 주소 : https://www.twitch.tv/box930205\n워노구 생방송 주소 : https://www.twitch.tv/1ho9\n\n\n본 음성은 인공지능 성우 서비스 타입캐스트에서 제작되었습니다.\n인공지능 성우 호빈이 외 2명\nhttps://typecast.ai?attribution=6003c9a8cba8f6d3d4731b8f",
        "thumbnail": "https://i.ytimg.com/vi/GTGJoYUR0bQ/mqdefault.jpg",
        "youtubeVideoId": "GTGJoYUR0bQ",
        "uploadedDate": "2022-01-30T21:18:55Z",
        "viewCount": 62054,
        "isCommercial": "False"
    },
    {
        "id": "bc15941b-cdd9-4a0f-a0d2-b7296016a7d3",
        "title": "ㅎㅎ 나한테만 허락해준 거였어 ?",
        "description": "#미미짱 #와빌리지 #김은별\n-----------------------------------------------------\n김은별 생방송 주소 : https://www.twitch.tv/akvl1229\n미미짱 생방송 주소 : https://www.twitch.tv/nangodof\n와나나 생방송 주소 : https://www.twitch.tv/box930205\n밤양갱 생방송 주소 : https://www.twitch.tv/bamyg96",
        "thumbnail": "https://i.ytimg.com/vi/j--tN05Ct5c/mqdefault.jpg",
        "youtubeVideoId": "j--tN05Ct5c",
        "uploadedDate": "2022-01-30T21:18:55Z",
        "viewCount": 92748,
        "isCommercial": "False"
    },
    {
        "id": "6a73f194-28b3-4d0c-a611-31fc3b352676",
        "title": "세상에서 제일 추한 싸움",
        "description": "#미미짱 #와빌리지 #김은별\n-----------------------------------------------------\n김은별 생방송 주소 : https://www.twitch.tv/akvl1229\n미미짱 생방송 주소 : https://www.twitch.tv/nangodof\n와나나 생방송 주소 : https://www.twitch.tv/box930205\n밤양갱 생방송 주소 : https://www.twitch.tv/bamyg96",
        "thumbnail": "https://i.ytimg.com/vi/4gIcgg6Y0K4/mqdefault.jpg",
        "youtubeVideoId": "4gIcgg6Y0K4",
        "uploadedDate": "2022-01-30T21:18:55Z",
        "viewCount": 99249,
        "isCommercial": "False"
    },
    {
        "id": "9b362088-3af0-4c6d-801a-d61f878d8753",
        "title": "짜증나 맨날 이런식이야",
        "description": "#김은별 #워노구 #와빌리지\n-----------------------------------------------------\n김은별 생방송 주소 : https://www.twitch.tv/akvl1229\n워노구 생방송 주소 : https://www.twitch.tv/1ho9",
        "thumbnail": "https://i.ytimg.com/vi/kG1d5J_IUoM/mqdefault.jpg",
        "youtubeVideoId": "kG1d5J_IUoM",
        "uploadedDate": "2022-01-30T21:18:55Z",
        "viewCount": 55890,
        "isCommercial": "False"
    },
    {
        "id": "e50cd37e-297d-461a-af43-26a6fd1200ff",
        "title": "왜 심심할때 마다 시비세요",
        "description": "#김은별 #와나나 #와빌리지\n-----------------------------------------------------\n김은별 생방송 주소 : https://www.twitch.tv/akvl1229\n와나나 생방송 주소 : https://www.twitch.tv/box930205",
        "thumbnail": "https://i.ytimg.com/vi/NHdWAxMt0KY/mqdefault.jpg",
        "youtubeVideoId": "NHdWAxMt0KY",
        "uploadedDate": "2022-01-30T21:18:55Z",
        "viewCount": 58076,
        "isCommercial": "False"
    },
    {
        "id": "29148222-72f0-427c-ba36-80dbe187600c",
        "title": "미미짱! 말을 잘 들어야지잉 ~ !",
        "description": "#와빌리지 #와밀리 #김은별\n-----------------------------------------------------\n김은별 생방송 주소 : https://www.twitch.tv/akvl1229\n미미짱 생방송 주소 : https://www.twitch.tv/nangodof\n밤양갱 생방송 주소 : https://www.twitch.tv/bamyg96\n와나나 생방송 주소 : https://www.twitch.tv/box930205",
        "thumbnail": "https://i.ytimg.com/vi/ss5-OB1Bjns/mqdefault.jpg",
        "youtubeVideoId": "ss5-OB1Bjns",
        "uploadedDate": "2022-01-30T21:18:55Z",
        "viewCount": 79947,
        "isCommercial": "False"
    },
    {
        "id": "dacd4b25-d417-4118-8dce-20ef059a6377",
        "title": "내 인생은 빚쟁이 인생",
        "description": "#와빌리지 #와나나 #오징어게임\n-----------------------------------------------------\n김은별 생방송 주소 : https://www.twitch.tv/akvl1229\n미미짱 생방송 주소 : https://www.twitch.tv/nangodof\n와나나 생방송 주소 : https://www.twitch.tv/box930205\n밤양갱 생방송 주소 : https://www.twitch.tv/bamyg96\n워노구 생방송 주소 : https://www.twitch.tv/1ho9\n심승호 생방송 주소 : https://www.twitch.tv/sim7975",
        "thumbnail": "https://i.ytimg.com/vi/wi4HEUyUmXw/mqdefault.jpg",
        "youtubeVideoId": "wi4HEUyUmXw",
        "uploadedDate": "2022-01-30T21:18:55Z",
        "viewCount": 66682,
        "isCommercial": "False"
    },
    {
        "id": "fb72bf62-408d-421e-aca8-d187e2535e28",
        "title": "곧 죽는대도 꼭 해주고싶은 말",
        "description": "#와빌리지 #와나나 #오징어게임\n-----------------------------------------------------\n김은별 생방송 주소 : https://www.twitch.tv/akvl1229\n미미짱 생방송 주소 : https://www.twitch.tv/nangodof\n와나나 생방송 주소 : https://www.twitch.tv/box930205\n밤양갱 생방송 주소 : https://www.twitch.tv/bamyg96\n워노구 생방송 주소 : https://www.twitch.tv/1ho9\n심승호 생방송 주소 : https://www.twitch.tv/sim7975",
        "thumbnail": "https://i.ytimg.com/vi/Krf581UGSck/mqdefault.jpg",
        "youtubeVideoId": "Krf581UGSck",
        "uploadedDate": "2022-01-30T21:18:55Z",
        "viewCount": 84572,
        "isCommercial": "False"
    },
    {
        "id": "c7355055-5391-4251-94a4-6bd354c3cbf8",
        "title": "내 돈 내놔",
        "description": "#김은별 #와나나 #와빌리지\n-----------------------------------------------------\n김은별 생방송 주소 : https://www.twitch.tv/akvl1229\n와나나 생방송 주소 : https://www.twitch.tv/box930205\n워노구 생방송 주소 : https://www.twitch.tv/1ho9",
        "thumbnail": "https://i.ytimg.com/vi/9u_GJqYAkUk/mqdefault.jpg",
        "youtubeVideoId": "9u_GJqYAkUk",
        "uploadedDate": "2022-01-30T21:18:55Z",
        "viewCount": 90634,
        "isCommercial": "False"
    },
    {
        "id": "d0a0df6b-3b8f-4978-b36b-76033a28da71",
        "title": "그걸 왜 여기서하냐고",
        "description": "#김은별 #와나나 #와빌리지\n-----------------------------------------------------\n김은별 생방송 주소 : https://www.twitch.tv/akvl1229\n와나나 생방송 주소 : https://www.twitch.tv/box930205\n워노구 생방송 주소 : https://www.twitch.tv/1ho9",
        "thumbnail": "https://i.ytimg.com/vi/H218GDvI9i4/mqdefault.jpg",
        "youtubeVideoId": "H218GDvI9i4",
        "uploadedDate": "2022-01-30T21:18:55Z",
        "viewCount": 60893,
        "isCommercial": "False"
    },
    {
        "id": "070772bd-1575-4c3f-8cb7-7063c8e351fb",
        "title": "미미짱은 완숙파구나 ?ㅎ",
        "description": "#김은별 #미미짱 #와빌리지\n-----------------------------------------------------\n김은별 생방송 주소 : https://www.twitch.tv/akvl1229\n미미짱 생방송 주소 : https://www.twitch.tv/nangodof",
        "thumbnail": "https://i.ytimg.com/vi/rgzwl1OEtqM/mqdefault.jpg",
        "youtubeVideoId": "rgzwl1OEtqM",
        "uploadedDate": "2022-01-30T21:18:55Z",
        "viewCount": 89608,
        "isCommercial": "False"
    },
    {
        "id": "7d1e0938-a495-4b7f-8d6d-3c0b53a48ef4",
        "title": "다시 돌아가주라",
        "description": "#김은별 #워노구 #와빌리지\n-----------------------------------------------------\n김은별 생방송 주소 : https://www.twitch.tv/akvl1229\n워노구 생방송 주소 : https://www.twitch.tv/1ho9",
        "thumbnail": "https://i.ytimg.com/vi/7OZXOiTdWCY/mqdefault.jpg",
        "youtubeVideoId": "7OZXOiTdWCY",
        "uploadedDate": "2022-01-30T21:18:55Z",
        "viewCount": 145221,
        "isCommercial": "False"
    },
    {
        "id": "dfcfe9c7-d0d0-4143-8bcb-4bac34f80cee",
        "title": "50년 컷",
        "description": "#와나나 #김은별 #와밀리\n-----------------------------------------------------\n김은별 생방송 주소 : https://www.twitch.tv/akvl1229\n와나나 생방송 주소 : https://www.twitch.tv/box930205\n\n\n\n\nㅡㅡㅡㅡㅡㅡㅡㅡㅡㅡㅡㅡㅡㅡ\nhttps://typecast.ai/ko\n타입캐스트의 찬혁 주원 덕춘의 목소리가 사용되었습니다 \nㅡㅡㅡㅡㅡㅡㅡㅡㅡㅡㅡㅡㅡㅡㅡㅡ",
        "thumbnail": "https://i.ytimg.com/vi/9_yfCBjxqJQ/mqdefault.jpg",
        "youtubeVideoId": "9_yfCBjxqJQ",
        "uploadedDate": "2022-01-30T21:18:55Z",
        "viewCount": 75414,
        "isCommercial": "False"
    },
    {
        "id": "6b6b37dc-02b2-40c6-9e7f-8d93826cc103",
        "title": "이게 누구 때문인데",
        "description": "#김은별 #와나나 #와빌리지\n-----------------------------------------------------\n김은별 생방송 주소 : https://www.twitch.tv/akvl1229\n와나나 생방송 주소 : https://www.twitch.tv/box930205\n워노구 생방송 주소 : https://www.twitch.tv/1ho9\n김왼팔 생방송 주소 : https://www.twitch.tv/rladhlsvkf",
        "thumbnail": "https://i.ytimg.com/vi/XBeCM_SDppg/mqdefault.jpg",
        "youtubeVideoId": "XBeCM_SDppg",
        "uploadedDate": "2022-02-01T11:52:47Z",
        "viewCount": 83822,
        "isCommercial": "False"
    },
    {
        "id": "d46d50ae-9db6-4254-a00c-5ddcca3235b8",
        "title": "제발 내 차 좀 그만 놀려",
        "description": "#와빌리지 #와밀리 #워노아우디\n-----------------------------------------------------\n김은별 생방송 주소 : https://www.twitch.tv/akvl1229\n워노구 생방송 주소 : https://www.twitch.tv/1ho9\n와나나 생방송 주소 : https://www.twitch.tv/box930205\n미미짱 생방송 주소 : https://www.twitch.tv/nangodof",
        "thumbnail": "https://i.ytimg.com/vi/AjsGtjDCdPU/mqdefault.jpg",
        "youtubeVideoId": "AjsGtjDCdPU",
        "uploadedDate": "2022-03-09T10:24:00Z",
        "viewCount": 76643,
        "isCommercial": "False"
    },
    {
        "id": "074001b1-69de-4dae-a3d6-fb8d78f7c730",
        "title": "xl발 쟤 왜저래",
        "description": "#호카인 #김은별 #와빌리지\n-----------------------------------------------------\n김은별 생방송 주소 : https://www.twitch.tv/akvl1229\n워노구 생방송 주소 : https://www.twitch.tv/1ho9\n와나나 생방송 주소 : https://www.twitch.tv/box930205",
        "thumbnail": "https://i.ytimg.com/vi/qugBWZazBVs/mqdefault.jpg",
        "youtubeVideoId": "qugBWZazBVs",
        "uploadedDate": "2022-03-15T17:23:54Z",
        "viewCount": 63554,
        "isCommercial": "False"
    },
    {
        "id": "d326425f-7118-48e7-b386-2bb14e4fec6d",
        "title": "아 엄마 제발",
        "description": "#김은별 #와나나 #결혼식\n-----------------------------------------------------\n김은별 생방송 주소 : https://www.twitch.tv/akvl1229\n와나나 생방송 주소 : https://www.twitch.tv/box930205",
        "thumbnail": "https://i.ytimg.com/vi/VIGPD15Vu-k/mqdefault.jpg",
        "youtubeVideoId": "VIGPD15Vu-k",
        "uploadedDate": "2022-03-15T17:37:35Z",
        "viewCount": 77666,
        "isCommercial": "False"
    },
    {
        "id": "421cbe4a-ddb4-4637-81d1-311107111221",
        "title": "진정하세요 작가님",
        "description": "#김은별 #와나나 #결혼식\n\n저희 엄만 왼팔오빨 되게 좋아하고 귀여워하신답니당\n-----------------------------------------------------\n김은별 생방송 주소 : https://www.twitch.tv/akvl1229\n와나나 생방송 주소 : https://www.twitch.tv/box930205\n김왼팔 생방송 주소 :https://www.twitch.tv/rladhlsvkf",
        "thumbnail": "https://i.ytimg.com/vi/y2p5sio3SIg/mqdefault.jpg",
        "youtubeVideoId": "y2p5sio3SIg",
        "uploadedDate": "2022-03-19T13:06:08Z",
        "viewCount": 66112,
        "isCommercial": "False"
    },
    {
        "id": "7b9daf75-79fb-4b5f-8db6-8888215e896e",
        "title": "환상의 투샷",
        "description": "#플엑포 #코스프레 #김은별 \n-----------------------------------------------------\n김은별 생방송 주소 : https://www.twitch.tv/akvl1229\n와나나 생방송 주소 : https://www.twitch.tv/box930205\n미미짱 생방송 주소 : https://www.twitch.tv/nangodof\n밤양갱 생방송 주소 : https://www.twitch.tv/bamyg96\n워노구 생방송 주소 : https://www.twitch.tv/1ho9 / https://bj.afreecatv.com/j951115\n공혁준 생방송 주소 : https://www.twitch.tv/rhdgurwns\n심자몬 생방송 주소 : https://www.twitch.tv/simjamon\n이담향 생방송 주소 : https://www.twitch.tv/damhyang\n뽀구미 생방송 주소 : https://www.twitch.tv/geguleee",
        "thumbnail": "https://i.ytimg.com/vi/ZE-KAh0wNJ8/mqdefault.jpg",
        "youtubeVideoId": "ZE-KAh0wNJ8",
        "uploadedDate": "2022-07-15T08:15:37Z",
        "viewCount": 21434,
        "isCommercial": "False"
    },
    {
        "id": "1126b89b-837c-4899-bcad-fc6332a64298",
        "title": "MBTI별 내 애인의 바람 현장을 목격한다면?",
        "description": "#와빌리지 #mbti #토론\n\n잇프피 모여랑\n-----------------------------------------------------\n김은별 생방송 주소 : https://www.twitch.tv/akvl1229\n워노구 생방송 주소 : https://www.twitch.tv/1ho9\n와나나 생방송 주소 : https://www.twitch.tv/box930205",
        "thumbnail": "https://i.ytimg.com/vi/fN3uZ8-2tlk/mqdefault.jpg",
        "youtubeVideoId": "fN3uZ8-2tlk",
        "uploadedDate": "2022-07-25T16:24:53Z",
        "viewCount": 42698,
        "isCommercial": "False"
    },
    {
        "id": "4e5f4202-3838-4458-891c-0c51c765c769",
        "title": "당신들이 맨날 하던거잖아.",
        "description": "#와빌리지 #mbti #토론\n\n평소에 친하고 다 장난이니 오해 없으시길 !!@\n-----------------------------------------------------\n김은별 생방송 주소 : https://www.twitch.tv/akvl1229\n워노구 생방송 주소 : https://www.twitch.tv/1ho9\n와나나 생방송 주소 : https://www.twitch.tv/box930205",
        "thumbnail": "https://i.ytimg.com/vi/tAjBGbp64o4/mqdefault.jpg",
        "youtubeVideoId": "tAjBGbp64o4",
        "uploadedDate": "2022-07-29T10:46:52Z",
        "viewCount": 49603,
        "isCommercial": "False"
    },
    {
        "id": "3451a4ca-df19-4eae-b7f6-d1e03142ad7d",
        "title": "방송 뒤에서 몰래 좋아했던 그 오빠 ...",
        "description": "#김은별 #와빌리지 #짝사랑\n-----------------------------------------------------\n김은별 생방송 주소 : https://www.twitch.tv/akvl1229\n와나나 생방송 주소 : https://www.twitch.tv/box930205",
        "thumbnail": "https://i.ytimg.com/vi/I5CZC9ZuiI4/mqdefault.jpg",
        "youtubeVideoId": "I5CZC9ZuiI4",
        "uploadedDate": "2022-09-21T10:48:41Z",
        "viewCount": 15790,
        "isCommercial": "False"
    },
    {
        "id": "df9aa1e9-2a9d-4c4f-9efb-1b3bf75a3385",
        "title": "이건 사랑이지",
        "description": "#김은별 #와빌리지 #짝사랑\n-----------------------------------------------------\n김은별 생방송 주소 : https://www.twitch.tv/akvl1229\n와나나 생방송 주소 : https://www.twitch.tv/box930205",
        "thumbnail": "https://i.ytimg.com/vi/kHsHS6HPJXk/mqdefault.jpg",
        "youtubeVideoId": "kHsHS6HPJXk",
        "uploadedDate": "2022-09-23T17:56:32Z",
        "viewCount": 18136,
        "isCommercial": "False"
    },
    {
        "id": "313feaa7-d09f-4433-99f2-ecbcba5ccad8",
        "title": "더러워",
        "description": "#AMD #Windows11 #gamepass \n\nAMD x Microsoft 콜라보 홍보 영상입니당 많관부 ~ ♡\nhttp://www.e-himart.co.kr/app/displayPlan/listPlanDetail?spdpNo=9450\n-----------------------------------------------------\n김은별 생방송 주소 : https://www.twitch.tv/akvl1229\n와나나 생방송 주소 : https://www.twitch.tv/box930205\n미미짱 생방송 주소 : https://www.twitch.tv/nangodof\n워노구 생방송 주소 : https://www.twitch.tv/1ho9\n밤양갱 생방송 주소 : https://www.twitch.tv/bamyg96",
        "thumbnail": "https://i.ytimg.com/vi/DFwq_f8pm7g/mqdefault.jpg",
        "youtubeVideoId": "DFwq_f8pm7g",
        "uploadedDate": "2022-09-30T07:30:17Z",
        "viewCount": 60259,
        "isCommercial": "True"
    }
]