[
    {
        "id": "358e20e7-f17a-4357-93d2-a99980023087",
        "title": "ASMR 생명을 불어넣어 주는 마녀 롤플레이(ASMR ROLEPLAY)쿠키런",
        "description": "오늘의 asmr 영상은 마녀 롤플레이 roleplay asmr 입니다! 제가 쿠키런 킹덤이라는 게임 속 마녀가 되는 컨셉이에요. 재밌게 봐주셨으면 좋겠습니다!\n그리고 요즘 영상 텀이 길었잖아요. 그 기간 동안 피디님께서 새로운 기술을 또 익혀오셨어요! 저번 북극영상을 만들때 2D로만 영상 합성을 했었었는데 그때 정말 시간도 많이 걸리고 한계를 느껴서 3D를 배워야겠다 했거든요! 초반부에 나오는 인트로들 모두 하나하나 만든거랍니다:) 그래서 중간중간 저의 마크?를 넣어보았는데 한번 찾아보시겠어요?ㅋㅋㅋ 정말 실력이 아주 멋있어요. 저도 본받아서 열심히...! 하겠습니다...!!\n그리고 오늘 광고인 갤럭시스토어!! 폰게임을 자주 하시는 분들은 진짜진짜 갤럭시스토어 이용안하면 손해일 것 같더라고요. 좀 더 잘 알려드리고 싶었는데 롤플레이에 녹여내느라고 여러분들이 잘 들으셨나모르겠네요ㅠㅠ 첫결제 이벤트, 과금할때마다 거의 17.2% 이득 볼 수 있는...! 너무 광고같지만 광고니까!ㅋㅋㅋㅋ 원래 내용엔 포함 안해도 되는데 그냥 제가 알려드리고 싶어서 한번 더 말씀드립니다!\n그러고보니 오늘은 크리스마스 이브네요! 여러분 메리크리스마스 \n오늘 영상도 여러분께 기분 좋은 영상이었으면 좋겠습니다! 모두 잘 자고 좋은 꿈꾸고 좋은 하루 보내세요\n\n이 영상은 갤럭시스토어와 쿠키런 킹덤의 제작 지원을 받아 제작되었습니다\n\n사적인 이야기 \n- 귀청소 vr 롤플도 촬영해놨는데 이 영상이 생각보다 오래 걸려서 아직 건들지도 못했네요 소리는 모르겠지만 귀가 비주얼적으로는 아주아주 마음에 들게 찍혀서 얼른 여러분들께 보여드리고 싶답니다!\n\n- 영상에서 사용한 갤럭시 폴드는 피디님 폰이에요. 저는 아이폰11을 이용 중인데 지금 세네번째 박살이 났네요 ㅎㅎㅎㅎㅎㅎ 리퍼 받고 폴드4나오면 바꾸려고 폴드가 저에게 아주 최적인 폰인거 같아요\n\n- 그러면 여러분 안녕!!! 오늘도 잘자고 우리 꿀꾸리들의 매일매일이 행복하고 편안한 잠을 자는 매일매일이 되었으면 좋겠습니다! 안녕! \n타임라인\n00:00 인트로\n02:25 게임속으로 들어가는 플레이어\n03:28 선아마녀를 만나는 플레이어\n06:47 차를 만들어는 마녀\n09:30 쿠키를만드는 마녀\n12:57 생명이 생긴 쿠키\n18:36 눈에 넣는 피로회복 물약\n24:30 다시 돌아가는 플레이어\n\n#갤럭시스토어 #게임런처 #인스턴트플레이즈 #쿠키런:킹덤 #쿠키런:오븐브레이크\n\n각종 문의 사항은\nggulggulsuna@gmail.com 으로 보내 주세요\n\n멤버십 회원만 볼 수 있는 비하인드 영상과 많은 혜택들이 있는\n멤버십 가입하러 가기\nhttps://www.youtube.com/channel/UChYcJLnVxqgO3SkM6vKX9aw/join\n\n\n\n💌\n주소: 서울시 성동구 성수이로 20길 16 (성수동2가, JK타워) 8층\n받는이: 꿀꿀선아\n여러분들이 보내 주신 선물은 영상으로 만들 생각입니다☺ 원치 않으시는 분들은 연락을 주시거나 써 주세요!\n\nFan letter address\n8floor, 16, Seongsui-ro 20-gil, Seongdong-gu, Seoul, Republic of Korea\nRecipient(受けるが): ggulggul suna",
        "thumbnail": "https://i.ytimg.com/vi/fMw7kFgGtqc/mqdefault.jpg",
        "youtubeVideoId": "fMw7kFgGtqc",
        "uploadedDate": "2022-05-22T16:28:35Z",
        "viewCount": 516626,
        "isCommercial": "True"
    },
    {
        "id": "570ae7a7-a2d9-4476-9aa2-85f2b75457a4",
        "title": "ASMR 색다르고 몽환적인 팅글  ECHO ASMR",
        "description": "안녕하세요 오늘 ASMR 영상은 에코를 활용한 영상이에요.  \n많이 기다려주셨죠? 기다려주셔서 정말 감사합니다\n제가 새로 소리테스트 해보고있는 방법인데요 라이브에서 여러분들께 들려드렸더니 좋아해주시는 분들이 많아서 더욱 다양한 소리를 테스트해서 제가 느끼기에 제일 몽환적이고 좋은 소리들만 모아왔어요. 오늘은 단어반복, 인어디블 위스퍼링, 물소리 등등 좀 다양하게 종합적으로 다뤘는데 다음에는 세분화해서 영상도 만들어 볼 생각입니다!\n오늘 영상이 여러분께 기분 좋은 영상이었으면 좋겠습니다!!\n모두 잘자고 좋은 꿈꾸고 좋은 하루 보내세요 :)\n기다려주셔서 감사해요 여러분\n\n사적인 이야기\n- 이렇게 오랫동안 영상을 안 올린 적은 없었는데 이번에 여러분을 너무 오래 기다리게 해드렸어요. 기다려주신 만큼 좋은 영상으로 보답하기 위해 노력할게요!\n- 오랜만인 만큼 사적인 이야기에서 하고 싶은 이야기가 많은데!! 한가지만 더하자면 요즘은 식물을 키우는 데 관심이 생겼어요. 당근마켓에서 마구 사들이고 있답니다 :D 다음에 제 식물들 소개 해드릴게요!\n- 그럼 여러분 진짜 안녕 잘자요\n\n#ASMR\n\n00:00 intro 인트로\n00:09 preview 미리보기\n02:22 Whispering 위스퍼링\n10:00 water drop 물 떨어트리는 소리\n18:28 cork cap(delay) 코르크 뚜껑(딜레이)\n26:19 straw 빨대\n29:50 Wineglass 와인잔\n38:52 Dropper(bubble sound) 거품스포이드소리\n48:15 wood mouse 나무 마우스\n57:35 bottle 술병\n01:06:23 Syringe 주사기\n01:08:07 Cork cap(Echoded) 코르크뚜껑(에코)\n\n각종 문의 사항은\nggulggulsuna@gmail.com 으로 보내 주세요\n\n멤버십 회원만 볼 수 있는 비하인드 영상과 많은 혜택들이 있는\n멤버십 가입하러 가기\nhttps://www.youtube.com/channel/UChYcJLnVxqgO3SkM6vKX9aw/join\n\n\n선아의 공식 팬카페 가입하러가기!⬇️\nhttps://cafe.naver.com/ggulggulsuna\n\n💌\n주소: 서울시 성동구 성수이로 20길 16 (성수동2가, JK타워) 8층\n받는이: 꿀꿀선아\n여러분들이 보내 주신 선물은 영상으로 만들 생각입니다☺ 원치 않으시는 분들은 연락을 주시거나 써 주세요!\n\nFan letter address\n8floor, 16, Seongsui-ro 20-gil, Seongdong-gu, Seoul, Republic of Korea\nRecipient(受けるが): ggulggul suna\n\n(추천영상)\n팅글이 안느껴지면 ASMR 그만둠. 고막마사지 ASMR\nhttps://www.youtube.com/watch?v=fra-vBB0-L4&t=2237s\n\n알로에 ASMR 팅글 안느껴지면...유감[ALOE ASMR]\nhttps://www.youtube.com/watch?v=hYxojSUMaU4&t=816s\n\nASMR 쌍둥이가 잠 오는 소리들로 재워드려요\nhttps://www.youtube.com/watch?v=D59Z0MbwNmY&t=235s\n\nASMR 팅글가득 셀프 피부관리(해줄 사람이 없어 혼자 함…)\nhttps://www.youtube.com/watch?v=xWGFTtYtBR8&t=102s\n\n\n\n선아의 일상과 미니피그 채널:https://goo.gl/kvZ6rl\n선아의 게임채널:https://goo.gl/1bIQgo\n아프리카TV: http://afreecatv.com/ggulsuna\nSUNA Facebook: https://www.facebook.com/kyoung.jeon.92\nSUNA Instargram: https://www.instagram.com/ggulggulsuna\nSUNA Twitch: https://www.twitch.tv/ggulsuna\nPayPal Support link :https://goo.gl/SWRfel",
        "thumbnail": "https://i.ytimg.com/vi/of68_37fPQk/mqdefault.jpg",
        "youtubeVideoId": "of68_37fPQk",
        "uploadedDate": "2022-05-22T16:29:45Z",
        "viewCount": 188487,
        "isCommercial": "False"
    },
    {
        "id": "35a49394-61ad-4591-848a-735f89123454",
        "title": "ASMR 10년간 숲을 나간 적 없는 피부치유사 롤플레이 [SKIN CARE ROLEPLAY ASMR]",
        "description": "오늘의 asmr 영상은 피부관리실 롤플레이 상황극 입니다! 저는 10년동안 숲에서 벗어나지 않고 열심히 자연수양을 한 피부관리사! 입니다 ;)\n직접 키운 생 알로에로 마사지도 해드리고 우유 클렌징도 해드리고! 오늘은 편안하게 자연 피부관리를 받으시면서 잠에 들어보세요!\n그럼 오늘 영상도 여러분께 기분 좋은 영상이었으면 좋겠습니다\n모두 잘 자고 좋은 꿈꾸고 좋은 하루 보내세요 :)\n\n사적인이야기\n- 저번에 생방송을 했잖아요! 너무너무 재밌었어요 이번주도 해야하는데..! 여러분은 무슨 요일이 제일 좋으신가요?\n- 아 그리고 다음주나 다다음주부터 네이버나우에서도 asmr생방송을 한시간씩 할 예정입니다. 나우는 네이버 홈에 들어가면 바로 뜰거예요 목요일 밤 12시에 하는데 정확한 일정은 다시 한번 말씀드릴게요\n- 저는 요즘 시사프로그램 그것이 알고싶다 와 알쓸범잡에 빠져있어요...너무 재밌어..원래 그알같은 경우에는 무서워서 절대 못봤는데 한번 봐보니까 너무 흥미롭더라고요! 보면서 정말 화도 많이 나고 우는 일도 많고..! 보통은 드라마나 영화를 보는 일이 많았는데 시사프로그램을 보니까 그냥 놀면서도 지식?이 쌓이는 느낌이라 괜찮더라고요!\n- 여러분이 저에게 꼭 봤으면 좋겠는 편도 추천해주세요\n- 그럼 여러분 정말 안녕 잘자요! 오늘도 여기까지 봐주셔서 감사해요\n\n\n\n각종 문의 사항은\nggulggulsuna@gmail.com 으로 보내 주세요\n\n멤버십 회원만 볼 수 있는 비하인드 영상과 많은 혜택들이 있는\n멤버십 가입하러 가기\nhttps://www.youtube.com/channel/UChYcJLnVxqgO3SkM6vKX9aw/join\n\n\n선아의 공식 팬카페 가입하러가기!⬇️\nhttps://cafe.naver.com/ggulggulsuna\n\n💌\n주소: 서울시 성동구 성수이로 20길 16 (성수동2가, JK타워) 8층\n받는이: 꿀꿀선아\n여러분들이 보내 주신 선물은 영상으로 만들 생각입니다☺ 원치 않으시는 분들은 연락을 주시거나 써 주세요!\n\nFan letter address\n8floor, 16, Seongsui-ro 20-gil, Seongdong-gu, Seoul, Republic of Korea\nRecipient(受けるが): ggulggul suna\n\n(추천영상)\n선아의 피부관리샵 오픈?!롤플 ASMR 상황극[Roleplay ASMR]\nhttps://www.youtube.com/watch?v=TpsN0TVAjFw&t=1212s\n\n친구가 해 주는 피부관리 ASMR\nhttps://www.youtube.com/watch?v=57oY6EEkvaM\n\nASMR VR 숙면을 위한 피부관리샵 롤플 [VR 180]\nhttps://www.youtube.com/watch?v=2qZstVLVpm8&t=101s\n\n찾아가는 피부 클렌징샵 ASMR 롤플레이[Roleplay asmr]\nhttps://www.youtube.com/watch?v=qatPm-Sax9E&t=1571s\n\n선아의 일상과 미니피그 채널:https://goo.gl/kvZ6rl\n선아의 게임채널:https://goo.gl/1bIQgo\n아프리카TV: http://afreecatv.com/ggulsuna\nSUNA Facebook: https://www.facebook.com/kyoung.jeon.92\nSUNA Instargram: https://www.instagram.com/ggulggulsuna\nSUNA Twitch: https://www.twitch.tv/ggulsuna\nPayPal Support link :https://goo.gl/SWRfel",
        "thumbnail": "https://i.ytimg.com/vi/0-RQ1REPk0o/mqdefault.jpg",
        "youtubeVideoId": "0-RQ1REPk0o",
        "uploadedDate": "2022-05-23T01:09:51Z",
        "viewCount": 394139,
        "isCommercial": "False"
    },
    {
        "id": "3f689361-863b-42c9-aa45-7bdf8418b7e8",
        "title": "ASMR 하늘에 떠 있는 선아의 상점 롤플레잉 [ROLEPLAY ASMR] 서머너즈 워 상황극",
        "description": "천공의 섬 놀러가기 ▶ https://bit.ly/3fRHybz\n오늘의 ASMR 영상은 롤플레이 입니다! 서머너즈 워 천공의 아레나 게임을 하시는 분 계신가요?\n이번 롤플레이는 천공의 섬에서 7주년 맞이 이벤트를 하는! 소환사님들께 선물을 드리는!\n그런 롤플레이 ASMR 영상이에요 :) 이번에 3D 쪽을 공부하고 있어요!\n근데 딱 배우고 있는 걸 적용할 수 있는 영상소재를 만나서 너무 좋았어요\n배운지 얼마 안 되어서 미숙한 부분도 많고 렌더링 하는데 시간이 어마무시하게 걸리더라고요\n그래서 결국 만들어놓은 애니메이션을 다 쓰지 못했어요ㅠㅠ\n컴퓨터를 더 업그레이드 하겠다는 의지를 다졌습니다\n여러분은 어떤 선물이 제일 마음에 드셨나요? 마음에 드신 선물이 어떤 건지 댓글로 적어주세요! \n그럼 오늘 영상도 여러분께 기분 좋은 영상이었으면 좋겠습니다 모두 잘 자고 좋은 꿈꾸고 좋은 하루 보내세요 :)\n\n* 본 영상은 서머너즈 워 설정을 차용하여 각색한 것으로 실제 인게임 내용과 차이가 있을 수 있습니다.\n\n사적인 이야기\n\n- 이번에 영상을 만들면서 게임도 해보았는데… 하마터면 영상을 못 만들 뻔했어요.. 계속 하게 되더라고요 게임이..짱 재밌어..!\n   영상 기획전 주말에 한번 해봤다가 주말이 순식간에 지나갔어요ㅋㅋ영상이 마무리가 되었으니까 이제 슬슬 다시 하려고 합니다\n- 게임을 해보니까 능력 좋은 친구가 많으면 좋겠더라고요!ㅋㅋㅋ 전투에 친구 몬스터를 데려 갈 수 있어서! 혹시나 같이 게임을 하실 분은 댓글로 달아주시면 제가 친추를 걸겠습니다😉\n- 곧 생방송도 다시 시작할거예요! 5월부터는 네이버 나우에서도 ASMR 생방송을 하는데 제가 항상 방송할때마다 셋팅이 문제였잖아요ㅠㅠ\n   이번에 네이버에서 전문가 분이 화상으로 셋팅을 도와주실거라 완벽할거라 예상이 됩니다! 죠아\n- 그럼 여러분 진짜 잘 자요 오늘도 여기까지 봐주셔서 감사해요\n\n각종 문의 사항은\nggulggulsuna@gmail.com 으로 보내 주세요\n\n멤버십 회원만 볼 수 있는 비하인드 영상과 많은 혜택들이 있는\n멤버십 가입하러 가기\nhttps://www.youtube.com/channel/UChYcJLnVxqgO3SkM6vKX9aw/join\n\n\n선아의 공식 팬카페 가입하러가기!⬇️\nhttps://cafe.naver.com/ggulggulsuna\n\n💌\n주소: 서울시 성동구 성수이로 20길 16 (성수동2가, JK타워) 8층\n받는이: 꿀꿀선아\n여러분들이 보내 주신 선물은 영상으로 만들 생각입니다☺ 원치 않으시는 분들은 연락을 주시거나 써 주세요!\n\nFan letter address\n8floor, 16, Seongsui-ro 20-gil, Seongdong-gu, Seoul, Republic of Korea\nRecipient(受けるが): ggulggul suna\n\n\n\n\n선아의 일상과 미니피그 채널:https://goo.gl/kvZ6rl\n선아의 게임채널:https://goo.gl/1bIQgo\n아프리카TV: http://afreecatv.com/ggulsuna\nSUNA Facebook: https://www.facebook.com/kyoung.jeon.92\nSUNA Instargram: https://www.instagram.com/ggulggulsuna\nSUNA Twitch: https://www.twitch.tv/ggulsuna\nPayPal Support link :https://goo.gl/SWRfel",
        "thumbnail": "https://i.ytimg.com/vi/yizwM6zskX8/mqdefault.jpg",
        "youtubeVideoId": "yizwM6zskX8",
        "uploadedDate": "2022-05-22T16:31:44Z",
        "viewCount": 317002,
        "isCommercial": "True"
    },
    {
        "id": "9c4c4cc8-95d7-43fd-b631-7149b9f4c573",
        "title": "ASMR 몽환적인 북극에서 보낸 하루들 [마지막 인류의 생존기] 꿀꿀선아",
        "description": "ASMR 영상이 너무 오랜만이죠?\n 이 영상을 만드느라 너무 많은 시간은 들인 것 같아요. 영화를 보다가 문득\n스토리있는 ASMR을 만들어 보면 어떨까? 라는 생각에 직접 스토리를 만들어보기 시작했어요. 스토리가 전달이 되기 위해서는 소리도 중요하지만 영상의 분위기도 중요할 것 같아서 모든 장면들도 직접 구상해서 합성작업들을 거쳐서 만들게 되다보니 ,처음 하는 합성작업이라 숙달이 되지 않아서 한 씬 만드는데도 하루하루 시간이 훅훅 지나가버리더라구요. 중간중간\n하나의 영상을 만드는데 몇주간이나 이렇게까지 힘을 쏟아야 할까?라는 생각이 들어 더 시간 낭비하기 전에 만든데까지만하고 그만해야하나 하는 생각도 몇번했고,\n밤낮없이 만들었는데\n저의 부족한 스토리 텔링과 합성 실력으로 사람들에게 혹평을 들으면 어쩌지?별로 반응이 안좋으면 어쩌지?하는 걱정도 되더라구요. 그래도 그냥\n새로운 ASMR 장르에 도전하는데에 의미를 두고 \n오래 걸리고, 누군가가 혹평을 한다해도 내가 만족할 수 있는 영상을 만드는데 집중하기로 했고 이제 영상은 업로드가 되었네요! 다음편의 스토리가 아직 한참 남아있긴하지만 이번 영상의 반응을 보고 그 다음편 제작에 들어갈 예정이에요!\n오늘 영상도 여러분께 기분 좋은 영상이었으면 좋겠습니다!\n모두 잘자고 좋은 꿈꾸고 좋은 하루되세요 :)\n\n#ASMR #ARCTIC\n\n각종 문의 사항은\nggulggulsuna@gmail.com 으로 보내 주세요\n\n멤버십 회원만 볼 수 있는 비하인드 영상과 많은 혜택들이 있는\n멤버십 가입하러 가기\nhttps://www.youtube.com/channel/UChYcJLnVxqgO3SkM6vKX9aw/join\n\n\n선아의 공식 팬카페 가입하러가기!⬇️\nhttps://cafe.naver.com/ggulggulsuna\n\n💌\n주소: 서울시 성동구 성수이로 20길 16 (성수동2가, JK타워) 8층\n받는이: 꿀꿀선아\n여러분들이 보내 주신 선물은 영상으로 만들 생각입니다☺ 원치 않으시는 분들은 연락을 주시거나 써 주세요!\n\nFan letter address\n8floor, 16, Seongsui-ro 20-gil, Seongdong-gu, Seoul, Republic of Korea\nRecipient(受けるが): ggulggul suna\n\n(추천영상)\n센과 치히로의 행방불명 입체음향\nhttps://www.youtube.com/watch?v=nbpEM449IZQ\n해리포터 호그와트로 가는 여정 입체음향\nhttps://www.youtube.com/watch?v=1R-6okrEvAg\n팅글 안느껴지면 ASMR 그만둠\nhttps://www.youtube.com/watch?v=fra-vBB0-L4\n물로 유리잔 부수기\nhttps://www.youtube.com/watch?v=EBF_73wRuWQ\n\n\n선아의 일상과 미니피그 채널:https://goo.gl/kvZ6rl\n선아의 게임채널:https://goo.gl/1bIQgo\n아프리카TV: http://afreecatv.com/ggulsuna\nSUNA Facebook: https://www.facebook.com/kyoung.jeon.92\nSUNA Instargram: https://www.instagram.com/ggulggulsuna\nSUNA Twitch: https://www.twitch.tv/ggulsuna\nPayPal Support link :https://goo.gl/SWRfel",
        "thumbnail": "https://i.ytimg.com/vi/wIFS4qYN7mg/mqdefault.jpg",
        "youtubeVideoId": "wIFS4qYN7mg",
        "uploadedDate": "2022-05-22T16:30:56Z",
        "viewCount": 227080,
        "isCommercial": "False"
    },
    {
        "id": "0748423a-8068-4cc2-9e67-3806d6915656",
        "title": "ASMR 물로 유리잔 부수기(금 가는 소리)[NO TALKING]꿀꿀선아,suna asmr,音フェチ",
        "description": "오늘의 asmr 영상은 유리잔을 달궈서 물로 부수는 소리입니다. 여러번의 테스트를 거치고 촬영에 들어갔음에도 불구하고 생각했던거 만큼 촬영이 따라주진 않더라고요. 그래도 화면이 너무너무 예쁘고 소리도 열심히 만지니까 저는 마음에 들었는데 ...여러분들에겐 어떨지 모르겠어요ㅎㅎ 여러분들도 좋아해주셨으면 좋겠습니다!\n\n그럼 여러분 오늘 영상도 여러분께 기분 좋은 영상이었으면 좋겠습니다.\n모두 잘 자고 좋은 꿈꾸고 좋은 하루 되세요 :)\n\n사적인 이야기\n-위험하니까 절대절대 따라하시면 안됩니다!!\n-불로 세게 하다 보면 유리잔이 깨지면서 튈수도 있어요ㅠㅠ 진짜 조심조심!! 저희도 다친데 없습니다!!ㅎㅎ\n-얼마 전에 정리할게 있어서 엑셀작업을 하는데 제가 엑셀을 다룰줄 모르거든요. 그래서 하나하나 검색해서 해보는데 너무 답답하고 짜증나더라고요. 그래서 갑자기 컴활 1급을 준비하고있어요 ㅋㅋㅋㅋ 진짜 갑자기... 곧 합격한 모습을 선아의 하루 채널에서 보여드리겠습니다 :)\n\n\n\n(추천영상)\nASMR 팅글안느껴지면 유감\nhttps://youtu.be/hYxojSUMaU4\nASMR 14가지 키보드와 마우스 소리\nhttps://youtu.be/veIDYEufW34\n쾌감 쩌는 비누 부수기ASMR\nhttps://www.youtube.com/watch?v=42WqBdym7X8\n중독성 최고 물먹은 플로랄폼 ASMR\nhttps://www.youtube.com/watch?v=pJAHaKgSUVs\n자극적이지않은 10종류 탭핑\nhttps://www.youtube.com/watch?v=ZAVUxyqktpc\n\n\n\n각종 문의 사항은\nggulggulsuna@gmail.com 으로 보내 주세요~\n\n멤버십 회원만 볼 수 있는 비하인드 영상과 많은 혜택들이 있는\n멤버십 가입하러 가기\nhttps://www.youtube.com/channel/UChYcJLnVxqgO3SkM6vKX9aw/join\n\n\n선아의 공식 팬카페 가입하러가기!⬇️\nhttps://cafe.naver.com/ggulggulsuna\n\nBGM은 BGM 팩토리에서 사용했습니다\nhttps://bgmfactory.com/\n\n💌\n주소: 서울시 성동구 성수이로 20길 16 (성수동2가, JK타워) 8층\n받는이: 꿀꿀선아\n여러분들이 보내 주신 선물은 영상으로 만들 생각입니다☺ 원치 않으시는 분들은 연락을 주시거나 써 주세요!\n\nFan letter address\n8floor, 16, Seongsui-ro 20-gil, Seongdong-gu, Seoul, Republic of Korea\nRecipient(受けるが): ggulggul suna\n\n\n\n카카오 tv 채널:https://goo.gl/MgEqLt\n카카오톡 플러스친구:검색))꿀꿀선아\n선아의 일상과 미니피그 채널:https://goo.gl/kvZ6rl\n선아의 게임채널:https://goo.gl/1bIQgo\n아프리카TV: http://afreecatv.com/ggulsuna\nSUNA Facebook: https://www.facebook.com/kyoung.jeon.92\nSUNA Instargram: https://www.instagram.com/ggulggulsuna\nSUNA Twitch: https://www.twitch.tv/ggulsuna\nPayPal Support link :https://goo.gl/SWRfel",
        "thumbnail": "https://i.ytimg.com/vi/EBF_73wRuWQ/mqdefault.jpg",
        "youtubeVideoId": "EBF_73wRuWQ",
        "uploadedDate": "2022-05-22T16:29:35Z",
        "viewCount": 1654516,
        "isCommercial": "False"
    },
    {
        "id": "df809dca-d145-4886-9db7-1afc493d8173",
        "title": "ASMR VLOG 하루종일 집에서 요리하는 브이로그 [반미샌드위치, 떡와플, 규카츠]",
        "description": "오늘의 ASMR 영상은 다양한 나라의 음식들을 요리해먹는 하루 vlog asmr 입니다. 요리를 많이 하는 vlog asmr을 촬영하고 싶었는데 요즘 코로나로 인해 외부활동을 자제해야하는 시기이고, 그로 인해 해외여행도 가질 못하게 되었잖아요? 그래서 여러가지 나라의 음식들을 요리해서 먹는 영상은 어떨까 하는 생각이 들어서 영상을 만들게 되었습니다.\n이번에는 베트남의 반미샌드위치와 베트남커피(커피가 고소하고 맛있더라고요)\n그리고 한국의 가래떡을 활용해 와플기계로 떡와플을 만들어 먹었습니다. 와플기계로 누르니까 바삭바삭.. 좋아요... 조금 딱딱해진 감이 있지만 고소하고 맛있음...!\n마지막으로는 일본의 규카츠를 해먹었는데 한국의 묵은지를 물에 씻어 와사비와 섞은 와사비김치와 곁들여먹으니까 정말 맛있었어요. 와사비김치 짱 좋아.... 규카츠도 고기가 좋았는지 밖에서 사먹는 것보다 훨씬 맛있었어요!\n많은 요리를 만들어 보고 싶었지만 소리도 생각해야하고 거의 한 요리 당 하루이상 촬영을 해야하기 때문에 다른 요리는 다음 영상에서 하려고요!\n여러분들이 댓글로 다음 요리들을 많이 추천해주세요 :) 그럼 오늘 영상도 여러분께 기분 좋은 영상이었으면 좋겠습니다.\n모두 잘 자고 좋은 꿈 꾸고 좋은 하루 보내세요\n\n사적인 이야기\n-요즘 꿀냥이들을 캐릭터로 만들어서 굿즈를 준비하고 있어요. 엊그저께 굿즈 샘플이 왔는데 너무너무너무정말 마음에 들어요! 너무 귀여워ㅠㅠ 샘플보고 수정할거 수정하면 여러분께 바로 보여드릴 수 있을거같습니다!\n-수익은 전액 기부할거니 많은 관심 부탁드려요!\n- 그리고 규카츠는 몇번 재촬영을 거쳐서 바깥 풍경이 다르다거나 하는 옥에티가 있을 수 있으니 양해부탁드려요 :)\n\n-반미 샌드위치\n재료: 바게트빵, 우삼겹 ,깻잎, 쌈무, 당근, 오이, 양파, 불고기양념, 간장, 마요네즈, 칠리소스\n*고수는 취향껏\n\n1. 양파,당근,쌈무를 채썰고 오이는 송송 썬 뒤 오이, 당근은 20분정도 식초 물에 절이고 우삼겹은 불고기양념에 10분정도 재워둠\n2. 바게트 빵을 갈라 아무 것도 두르지않은 팬에 구워내고 우삼겹과 깻잎을 넣어 볶아 준비한다\n3. 바게트 속에 마요네즈를 바른 뒤 깻잎을 먼저 깔고 준비 된 재료들을 넣고 약간의 간장과 칠리소스를 뿌려주면 완성\n\n-떡와플\n재료: 가래떡, 조청, 초코시럽, 아몬드가루,\n\n1.와플기계에 가래떡을 넣고 3분정도 구워줌\n2.초코시럽을 뿌리고 아몬드 가루로 토핑한다\n3.조청을 곁들이면 완성\n\n-무지개 우유\n재료: 우유, 식용색소\n\n1.우유를 프렌치프레스에 넣고 우유거품을 만든다\n2.별도의 작은 잔에 우유거품을 넣고 식용색소로 무지개 색을 하나씩 만든다\n3.큰 잔에 붓고 1~3의 반복을 하면 완성\n\n-복숭아청과 자몽청\n재료 : 설탕, 복숭아 또는 자몽, 레몬즙\n1. 설탕과 과일은 1:1비율로 섞어서 소독된 유리용기에 담아준다.\n*복숭아는 레몬즙을 약간 넣어준다.\n\n-규카츠\n규카츠 재료 : 소고기부채살, 튀김가루, 계란, 빵가루, 후추,소금\n1. 부채살에 후추와 소금을 적당히 뿌려서 간을 해준다.\n2. 부채살을 튀김가루, 계란물, 빵가루 순으로 얇게 묻혀준다.\n3. 기름 180도에서 두께에 맞춰 4~6분 튀겨주면 완성\n\n와사비김치 재료 : 묵은지,생와사비\n1. 묵은지를 물에 깨끗히 씼어준다.\n2. 적당량의 생와사비와 씻어준 묵은지를 버무리면 완성.\n\n오렌지드레싱 재료 : 오렌지잼3큰술, 레몬즙1큰술, 식초1큰술, 올리브유2큰술, 소금약간\n1. 모든 재료를 섞어주면 완성\n\n(추천영상)\nASMR 요리하는 소리를 모두 모아봤습니다!\nhttps://www.youtube.com/watch?v=jIbg-rdVHuw\n\nASMR 요리하는 소리 모음2 (아무도 몰랐던 비하인드 스토리들도)\nhttps://www.youtube.com/watch?v=Uv78vUHlDBM\n\nASMR 소소한 하루 일상속의 소리들 [Vlog ASMR]\nhttps://www.youtube.com/watch?v=QehC7IxCmu0\n\nASMR 이사한 사무실에서의 하루[VLOG ASMR] \nhttps://www.youtube.com/watch?v=hDdrY3guMRc&t=620s\n\nASMR 나의 3일간의 소리일기 [Vlog ASMR]\nhttps://www.youtube.com/watch?v=gOmIs4FwZg4&t=698s\n\n\n\n\n각종 문의 사항은\nggulggulsuna@gmail.com 으로 보내 주세요~\n\n멤버십 회원만 볼 수 있는 비하인드 영상과 많은 혜택들이 있는\n멤버십 가입하러 가기\nhttps://www.youtube.com/channel/UChYcJLnVxqgO3SkM6vKX9aw/join\n\n선아의 공식 팬카페 가입하러가기!⬇️\nhttps://cafe.naver.com/ggulggulsuna\n\nBGM은 BGM 팩토리에서 사용했습니다\nhttps://bgmfactory.com/\n\n💌\n주소: 서울시 성동구 성수이로 20길 16 (성수동2가, JK타워) 8층\n받는이: 꿀꿀선아\n여러분들이 보내 주신 선물은 영상으로 만들 생각입니다☺ 원치 않으시는 분들은 연락을 주시거나 써 주세요!\n\nFan letter address\n8floor, 16, Seongsui-ro 20-gil, Seongdong-gu, Seoul, Republic of Korea\nRecipient(受けるが): ggulggul suna\n\n카카오 tv 채널:https://goo.gl/MgEqLt\n카카오톡 플러스친구:검색))꿀꿀선아\n선아의 일상과 미니피그 채널:https://goo.gl/kvZ6rl\n선아의 게임채널:https://goo.gl/1bIQgo\n아프리카TV: http://afreecatv.com/ggulsuna\nSUNA Facebook: https://www.facebook.com/kyoung.jeon.92\nSUNA Instargram: https://www.instagram.com/ggulggulsuna\nSUNA Twitch: https://www.twitch.tv/ggulsuna\nPayPal Support link :https://goo.gl/SWRfel",
        "thumbnail": "https://i.ytimg.com/vi/F8j0I7l1U8o/mqdefault.jpg",
        "youtubeVideoId": "F8j0I7l1U8o",
        "uploadedDate": "2022-05-22T16:32:29Z",
        "viewCount": 581133,
        "isCommercial": "False"
    },
    {
        "id": "2624d75c-1874-4351-ba57-6ca5c0efe998",
        "title": "직접만든 수박빙수 먹방 ASMR 리얼사운드 꿀꿀선아,suna asmr,音フェチ",
        "description": "오늘의 ASMR 영상은 직접만든 수박 빙수 먹방 ASMR입니다. 제가 제일 좋아하는 과일은 딸기 이지만 두번째로는 수박을 좋아해요! 여름엔 수박이 최고! 예쁘게 만들려고 노력을 했는데 수박이 생각보다 물러졌더라구요. 그래도 맛은 최고! 그럼 오늘 영상도 여러분들께 기분 좋은 영상이었으면 좋겠습니다. \n모두 잘자고 좋은 꿈꾸고 좋은 하루 되세요! :)\n\n사적인 이야기\n-요즘 액땜을 엄청 하고 있어요.. 인스타를 보신 분들도 계시겠지만 휴가 첫날부터 선아의 하루 채널 해킹 당하고 그날 저녁에 집들어오니 불나있고..하하\n-연기가 가득 찼지만 다행히 우리 애기들은 무사하더라고요ㅠㅠ 얼마나 무서웠을지..불쌍해요ㅠㅠ 아마 범인은 랑이예상..여러분  하이라이트 조심 또 조심..\n-그래서 청소만 백만원들고 후드 교체 삼십 들었어요... 벽지 도배도 해야하고 싱크대도 교체해야하고 전기도 다나가서 전기공사도 해야함...하하핫..\n-일이 바빠서 아직 못한게 많아요. 휴일에 불러서 해야할듯 합니다...! 열심히 일할게요..!ㅋㅋㅋ 좋은 일이 생기려는 거겠죠?\n-그럼 여러분 정말 안녕!!\n\n각종 문의 사항은\nggulggulsuna@gmail.com 으로 보내 주세요~\n\n멤버십 회원만 볼 수 있는 비하인드 영상과 많은 혜택들이 있는\n멤버십 가입하러 가기\nhttps://www.youtube.com/channel/UChYcJLnVxqgO3SkM6vKX9aw/join\n\n\n선아의 공식 팬카페 가입하러가기!⬇️\nhttps://cafe.naver.com/ggulggulsuna\n\n💌\n주소: 서울시 성동구 성수이로 20길 16 (성수동2가, JK타워) 8층\n받는이: 꿀꿀선아\n여러분들이 보내 주신 선물은 영상으로 만들 생각입니다☺ 원치 않으시는 분들은 연락을 주시거나 써 주세요!\n\nFan letter address\n8floor, 16, Seongsui-ro 20-gil, Seongdong-gu, Seoul, Republic of Korea\nRecipient(受けるが): ggulggul suna\n\n(추천영상)\n시원한 얼음 먹방 ASMR\nhttps://www.youtube.com/watch?v=lD2mkWNXJCk\n샤인 머스켓 먹방+에이드만들기 ASMR\nhttps://www.youtube.com/watch?v=KIycPraTp2U\n직접 만든 크레이프 먹방 ASMR\nhttps://www.youtube.com/watch?v=aOHzJ7RxXCI\n민트초코 디저트 먹방 ASMR\nhttps://www.youtube.com/watch?v=VQDIYudx7lE\n\n\n\n\n카카오 tv 채널:https://goo.gl/MgEqLt\n카카오톡 플러스친구:검색))꿀꿀선아\n선아의 일상과 미니피그 채널:https://goo.gl/kvZ6rl\n선아의 게임채널:https://goo.gl/1bIQgo\n아프리카TV: http://afreecatv.com/ggulsuna\nSUNA Facebook: https://www.facebook.com/kyoung.jeon.92\nSUNA Instargram: https://www.instagram.com/ggulggulsuna\nSUNA Twitch: https://www.twitch.tv/ggulsuna\nPayPal Support link :https://goo.gl/SWRfel",
        "thumbnail": "https://i.ytimg.com/vi/ENPC1aBgGdA/mqdefault.jpg",
        "youtubeVideoId": "ENPC1aBgGdA",
        "uploadedDate": "2022-05-22T16:32:42Z",
        "viewCount": 438284,
        "isCommercial": "False"
    },
    {
        "id": "c714c453-b925-41e1-9f4e-21a2ed62e798",
        "title": "ASMR VR 치석제거 치과 롤플레이(당신은 목젖입니다) asmr scaling dentist [VR 180] 상황극",
        "description": "오늘의 asmr 영상은 저의 두번째 180 vr asmr! 치과 치석제거 롤플레이 asmr 영상입니다 :)\nvr을 활용하여 어떤 구도로 하면 재미있을까...하다가 이렇게 치과 롤플을 하면 보는 재미도 있고 괜찮을거같아서 준비했어요! 그럼 오늘 영상도 여러분께 기분 좋은 영상이었으면 좋겠습니다\n모두 잘자고 좋은 꿈꾸고 좋은 하루 되세요!\n\n사적인이야기\n-저는 열심히 필라테스를 다니고 있습니다!! 근데 요즘엔 너무 운동이 하기 싫고 그래여...운동을 꾸준히 하시고계신 분들은 운동이 하기 싫을때 어떻게 하시나요? 운동하고 밥만 더먹고있어여....\n-그리고 곧 우리 꿀냥이들과 저의 굿즈가 나올거예요! 지금 샘플뽑아보고 있는 과정이고 하는데가 1주문1생산이라 원가가 좀 많이 높은편..이긴 하지만 그게 저한테 더안전한거 같아서 그렇게 진행해보려고요! 이번에 나오는 수익은 전부 기부하려고 하니까 많은 분들이 관심 가져주셨으면 좋겠습니다!\n-그럼 안뇽!!!\n\n\n\n(추천영상)\nVR 360 숲속 피부치유사\nhttps://youtu.be/fAOPJmnsJZU\nASMR VR 숙면을 위한 피부관리샵 롤플레이https://www.youtube.com/watch?v=2qZstVLVpm8&feature=youtu.be\n\nASMR 마음을 치유하는 마법상점 롤플레이\nhttps://www.youtube.com/watch?v=7RQN1TV1d58&feature=youtu.be\n\nASMR 립스틱 가게 롤플\nhttps://www.youtube.com/watch?v=XDmd-ExTYmg&feature=youtu.be\n\nASMR 보건실에서 상처치료 롤플레이\nhttps://www.youtube.com/watch?v=IBFbu3_hmGA&feature=youtu.be\n\n\n각종 문의 사항은\nggulggulsuna@gmail.com 으로 보내 주세요~\n\n멤버십 회원만 볼 수 있는 비하인드 영상과 많은 혜택들이 있는\n멤버십 가입하러 가기\nhttps://www.youtube.com/channel/UChYcJLnVxqgO3SkM6vKX9aw/join\n\n\n선아의 공식 팬카페 가입하러가기!⬇️\nhttps://cafe.naver.com/ggulggulsuna\n\n💌\n주소: 서울시 성동구 성수이로 20길 16 (성수동2가, JK타워) 8층\n받는이: 꿀꿀선아\n여러분들이 보내 주신 선물은 영상으로 만들 생각입니다☺ 원치 않으시는 분들은 연락을 주시거나 써 주세요!\n\nFan letter address\n8floor, 16, Seongsui-ro 20-gil, Seongdong-gu, Seoul, Republic of Korea\nRecipient(受けるが): ggulggul suna\n\n\n\n카카오 tv 채널:https://goo.gl/MgEqLt\n카카오톡 플러스친구:검색))꿀꿀선아\n선아의 일상과 미니피그 채널:https://goo.gl/kvZ6rl\n선아의 게임채널:https://goo.gl/1bIQgo\n아프리카TV: http://afreecatv.com/ggulsuna\nSUNA Facebook: https://www.facebook.com/kyoung.jeon.92\nSUNA Instargram: https://www.instagram.com/ggulggulsuna\nSUNA Twitch: https://www.twitch.tv/ggulsuna\nPayPal Support link :https://goo.gl/SWRfel",
        "thumbnail": "https://i.ytimg.com/vi/hBCKWNlQuFA/mqdefault.jpg",
        "youtubeVideoId": "hBCKWNlQuFA",
        "uploadedDate": "2022-05-22T16:32:54Z",
        "viewCount": 5056825,
        "isCommercial": "False"
    },
    {
        "id": "70199829-081e-4b8d-832a-22a6022108c1",
        "title": "ASMR 마음을 치유하는 마법상점 롤플 Roleplay [SUNA ASMR] 상황극",
        "description": "안녕하세요 오늘의 asmr 영상은 선아의 마법상점 롤플레이 asmr입니다. 이번에 포스코 1% 나눔재단의 '만남이 예술이 되다' 캠페인에 참여를 하게되었어요!\n그래서 조성진 마술사님과 이렇게 특별한 asmr 영상도 만들게 되었습니다! 굉장히 값진 시간이었고 영상도 열심히 만들어 보았습니다. 그럼 오늘 영상도 여러분께 기분 좋은 영상이었으면 좋겠습니다. 모두 잘자고 좋은 꿈꾸고 좋은 하루 되세요\n\n스토리 영상도 보러오세요! :)\n* 캠페인 스토리 영상 보러가기 https://youtu.be/qTkuKLTxfYs\n\n사적인 이야기\n-마술을 직접 본것도 처음이고 배워본 것도 처음이라 굉장히 재미있었어요! 마술사님과 촬영할때 예상으로는 넉넉잡아 4시간 잡고 촬영에 들어갔는데 결국 끝난건...새벽 세신가 네신가...\n그날 저희 asmr팀은 새벽에 일어나서 준비했기 때문에 거의 24시간을 쏟았어요!ㅋㅋㅋ되게 추억이 될거같은 촬영입니다.\n-그리고 이번에 인트로 촬영한다고 산지 3일된 망원렌즈를 고장내서 수리비가 120만원이라고 합니다. 새로 산지 3일 되었는데!!!! \n-우여곡절이 많았지만 저희끼리는 영상이 잘되려고 하나보다고 긍정적으로 생각하고 있어요!ㅎㅎ 그러니까 영상이 여러분들의 마음에 들었으면 좋겠네요\n-그럼 진짜 안녕!\n\n#ASMR #Roleplay #조성진마술사 #포스코1%나눔재단 #만남이예술이되다\n\n추천영상\n\n미술치료사 ASMR\nhttps://www.youtube.com/watch?v=2shac_gaiXY\n\n\nBGM은 BGM 팩토리에서 사용했습니다\nhttps://bgmfactory.com/\n\n각종 문의 사항은\nggulggulsuna@gmail.com 으로 보내 주세요~\n\n멤버십 회원만 볼 수 있는 비하인드 영상과 많은 혜택들이 있는\n멤버십 가입하러 가기\nhttps://www.youtube.com/channel/UChYcJLnVxqgO3SkM6vKX9aw/join\n\n\n선아의 공식 팬카페 가입하러가기!⬇️\nhttps://cafe.naver.com/ggulggulsuna\n\n💌\n주소: 서울시 성동구 성수이로 20길 16 (성수동2가, JK타워) 8층\n받는이: 꿀꿀선아\n여러분들이 보내 주신 선물은 영상으로 만들 생각입니다☺ 원치 않으시는 분들은 연락을 주시거나 써 주세요!\n\nFan letter address\n8floor, 16, Seongsui-ro 20-gil, Seongdong-gu, Seoul, Republic of Korea\nRecipient(受けるが): ggulggul suna\n\n\n\n카카오 tv 채널:https://goo.gl/MgEqLt\n카카오톡 플러스친구:검색))꿀꿀선아\n선아의 일상과 미니피그 채널:https://goo.gl/kvZ6rl\n선아의 게임채널:https://goo.gl/1bIQgo\n아프리카TV: http://afreecatv.com/ggulsuna\nSUNA Facebook: https://www.facebook.com/kyoung.jeon.92\nSUNA Instargram: https://www.instagram.com/ggulggulsuna\nSUNA Twitch: https://www.twitch.tv/ggulsuna\nPayPal Support link :https://goo.gl/SWRfel",
        "thumbnail": "https://i.ytimg.com/vi/7RQN1TV1d58/mqdefault.jpg",
        "youtubeVideoId": "7RQN1TV1d58",
        "uploadedDate": "2022-05-22T16:33:04Z",
        "viewCount": 720182,
        "isCommercial": "False"
    },
    {
        "id": "bcf9dd9d-f5bc-402e-b953-a53637162675",
        "title": "ASMR VR 숙면을 위한 피부관리샵 롤플 [VR 180]ASMR ROLEPLAY,상황극,꿀꿀선아",
        "description": "오늘의 asmr 영상은 vr! 피부관리샵 asmr 롤플레이 입니다.\nvr 기기 없이 화면을 터치해서 움직이거나 핸드폰을 이리저리 움직이면 화면 전체를 둘러볼 수 있어요! 이번에 유튜브와 lg 유플러스에서 좋은 기회로 vr촬영과 편집을 배워서 영상을 만들었어요! 드디어 여러분께 보여드리게 되었네요!! :)그럼 오늘 영상도 여러분께 기분 좋은 영상이었으면 좋겠습니다. 모두 잘자고 좋은 꿈꾸고 좋은 하루 되세요!!\n\n사적인 이야기\n-대체 몇개월만에 보여드리는 걸까요...완성은 꽤 오래 전에 되었는데 검수와 수정과 또 수정을 해서 이제야 올리게되었습니다! 기다리시느라 힘드셨죠ㅠㅠ\n-새로운 촬영방법이다 보니 여러가지 재미가 있더라구요. 배경도 전체적으로 보이니까 여기저기 꾸밀 맛도 나고ㅎㅎ 그러니까 잘 둘러봐주세용\n-아직 vr영상이 더 있으니 기대해주시고요. 혹시나 vr시청기기가 있으신 분은 끼고 보시면 엄청나게 실감나고 신기할거예요! 제가 여러분의 바로 눈앞에서 asmr을 하는...!!! 짱재밌으니까 생각있으시면 기기 저렴한거라도 사서 경험해보세요!짱잼!!!!!\n-그럼 진짜로 안녕!\n\n#ASMR #VR180 #VR\n\n각종 문의 사항은\nggulggulsuna@gmail.com 으로 보내 주세요~\n\n멤버십 회원만 볼 수 있는 비하인드 영상과 많은 혜택들이 있는\n멤버십 가입하러 가기\nhttps://www.youtube.com/channel/UChYcJLnVxqgO3SkM6vKX9aw/join\n\nbgm : bgm팩토리 https://bgmfactory.com/\n\n선아의 공식 팬카페 가입하러가기!⬇️\nhttps://cafe.naver.com/ggulggulsuna\n\n💌\n주소: 서울시 성동구 성수이로 20길 16 (성수동2가, JK타워) 8층\n받는이: 꿀꿀선아\n여러분들이 보내 주신 선물은 영상으로 만들 생각입니다☺ 원치 않으시는 분들은 연락을 주시거나 써 주세요!\n\nFan letter address\n8floor, 16, Seongsui-ro 20-gil, Seongdong-gu, Seoul, Republic of Korea\nRecipient(受けるが): ggulggul suna\n\n(추천영상)\n선아의 피부관리샵 오픈?!롤플 ASMR 상황극\nhttps://www.youtube.com/watch?v=TpsN0TVAjFw&t=9s\n선아의 세탁소 롤플레이 asmr\nhttps://www.youtube.com/watch?v=H1zaiG45V7I&t=447s\n찾아가는 피부 클렌징샵 ASMR 롤플레이\nhttps://www.youtube.com/watch?v=qatPm-Sax9E&t=631s\n친구가 해 주는 피부관리 ASMR\nhttps://www.youtube.com/watch?v=57oY6EEkvaM\nASMR 직원 피부관리 해주기[Skin Care+Massage]\nhttps://www.youtube.com/watch?v=yJ1__aNv3lw\n\n\n카카오 tv 채널:https://goo.gl/MgEqLt\n카카오톡 플러스친구:검색))꿀꿀선아\n선아의 일상과 미니피그 채널:https://goo.gl/kvZ6rl\n선아의 게임채널:https://goo.gl/1bIQgo\n아프리카TV: http://afreecatv.com/ggulsuna\nSUNA Facebook: https://www.facebook.com/kyoung.jeon.92\nSUNA Instargram: https://www.instagram.com/ggulggulsuna\nSUNA Twitch: https://www.twitch.tv/ggulsuna\nPayPal Support link :https://goo.gl/SWRfel",
        "thumbnail": "https://i.ytimg.com/vi/2qZstVLVpm8/mqdefault.jpg",
        "youtubeVideoId": "2qZstVLVpm8",
        "uploadedDate": "2022-05-23T01:10:44Z",
        "viewCount": 1300881,
        "isCommercial": "False"
    },
    {
        "id": "45651636-24de-4921-9e17-39087e4e900b",
        "title": "ASMR 선아의 세탁소 롤플레잉(다림질,옷수선,세탁)상황극,ROLE PLAYING",
        "description": "오늘의 asmr 영상은 '다우니'로부터 금전적 지원을 받아 제작한 영상입니다. 오늘의 영상은 세탁소 롤플레잉 asmr입니다. 두명의 손님을 맞이 하게 되는데요. 여담으로 두번째 손님의 앞치마는 역시나 핑돼가 찢은거입니다ㅎㅎㅎ 핑돼는 정말 온갖 옷들을 다 찢고 다녀요 그럼 오늘 영상도 기분 좋은 영상이었으면 좋겠습니다.\n모두 잘자고 좋은 꿈꾸고 좋은 하루 되세요\n\n다우니 퍼프 세탁세제\n\n블루 http://www.bit.ly/3dUyjDU\n\n핑크 http://www.bit.ly/2ReNC0n\n\n사적인이야기\n-촬영해 놓은 영상은 꽤 많은데 편집은 계속 진행중입니다.! 지금 촬영해 놓은 영상은 vr 영상으로 두가지 롤플을 촬영하고 이건 편집까지 해놨는데 6월부터 업로드를 할 수 있어요!ㅎㅎ 조금 기다려주세요. 직접만든 젤리크레이프케이크도 했고 천천히 여러가지 소리내는 영상도 촬영을 했으니 여러분께 보여드리도록 노력하겠습니다:)\n-금요일에 프로필 촬영해야해서 남은 날동안 빡세게 다이어트를 해야합니다....너무 늦게 시작했어...4일전에 시작하다니 말이 돼..?\n\n영상에 사용되는 BGM은 BGM 팩토리에서 사용하고있습니다!\nhttps://bgmfactory.com/\n\n고정 업로드 시간은 매주 수요일 토요일 밤 9시입니다\n각종 문의 사항은\nggulggulsuna@gmail.com 으로 보내 주세요~\n\n멤버십 회원만 볼 수 있는 비하인드 영상과 많은 혜택들이 있는\n멤버십 가입하러 가기\nhttps://www.youtube.com/channel/UChYcJLnVxqgO3SkM6vKX9aw/join\n\n\n선아의 공식 팬카페 가입하러가기!⬇️\nhttps://cafe.naver.com/ggulggulsuna\n\n💌\n주소: 서울시 성동구 성수이로 20길 16 (성수동2가, JK타워) 8층\n받는이: 꿀꿀선아\n여러분들이 보내 주신 선물은 영상으로 만들 생각입니다☺ 원치 않으시는 분들은 연락을 주시거나 써 주세요!\n\nFan letter address\n8floor, 16, Seongsui-ro 20-gil, Seongdong-gu, Seoul, Republic of Korea\nRecipient(受けるが): ggulggul suna\n\n(추천영상)\n수면클리닉 롤플 asmr\nhttps://youtu.be/CQzoxbMxV5c\n보건실 롤플 asmr\nhttps://youtu.be/IBFbu3_hmGA\n\n카카오 tv 채널:https://goo.gl/MgEqLt\n카카오톡 플러스친구:검색))꿀꿀선아\n선아의 일상과 미니피그 채널:https://goo.gl/kvZ6rl\n선아의 게임채널:https://goo.gl/1bIQgo\n아프리카TV: http://afreecatv.com/ggulsuna\nSUNA Facebook: https://www.facebook.com/kyoung.jeon.92\nSUNA Instargram: https://www.instagram.com/ggulggulsuna\nSUNA Twitch: https://www.twitch.tv/ggulsuna\nPayPal Support link :https://goo.gl/SWRfel",
        "thumbnail": "https://i.ytimg.com/vi/H1zaiG45V7I/mqdefault.jpg",
        "youtubeVideoId": "H1zaiG45V7I",
        "uploadedDate": "2022-05-22T16:33:27Z",
        "viewCount": 1000663,
        "isCommercial": "True"
    },
    {
        "id": "d1eee83d-248d-4729-97e6-e05ece9efba3",
        "title": "엄청나게 성장한 미니피그의 ASMR 꿀꿀선아,suna asmr,音フェチ",
        "description": "오늘의 ASMR 영상은 우리 조회수 1등 미니피그 핑돼가 하는 ASMR 입니다!ㅋㅋㅋㅋ 되게 많이 컸죠? 그래도 제 눈에는 아직 애기에요 :) 살도 뒤룩뒤룩 쪄가지고 귀여워요ㅠㅠㅠ다이어트해야하는데ㅋㅋㅋ오늘은 핑돼 털도 만져보고 뱃살도 만져보고 빗어도 주고 양치도 시키고 핑돼의 거친 털을 마이크에 꼽았다 빼는 소리들도 내보았습니다!\n우리 애기들 채널도 따로 있으니까 놀러오세요ㅎㅎ\nhttps://www.youtube.com/channel/UCEEwN8Cv4h9ff45OirIwWHw/\n그럼 오늘 영상도 여러분께 기분 좋은 영상이었으면 좋겠습니다.\n모두 잘자고 좋은 꿈꾸고 좋은 하루 되세요!\n\n사적인이야기 \n-역시 핑돼는 말을 안들어요...... 영상 촬영하는데 굉장히 애를 먹었어요ㅋㅋㅋ 평소에는 눕는거 제일 좋아하고 그러는데 카메라 앞에서만 자꾸 일어나려하더라구요. 2일에 걸쳐서 촬영을 했습니다! 재밌고 편안하고 귀엽게 봐주세요ㅎㅎ\n\nBGM은 BGM팩토리 ! https://bgmfactory.com\n\n고정 업로드 시간은 매주 수요일 토요일 밤 9시입니다\n각종 문의 사항은\nggulggulsuna@gmail.com 으로 보내 주세요~\n\n멤버십 회원만 볼 수 있는 비하인드 영상과 많은 혜택들이 있는\n멤버십 가입하러 가기\nhttps://www.youtube.com/channel/UChYcJLnVxqgO3SkM6vKX9aw/join\n\n\n선아의 공식 팬카페 가입하러가기!⬇️\nhttps://cafe.naver.com/ggulggulsuna\n\n💌\n주소: 서울시 성동구 성수이로 20길 16 (성수동2가, JK타워) 8층\n받는이: 꿀꿀선아\n여러분들이 보내 주신 선물은 영상으로 만들 생각입니다☺ 원치 않으시는 분들은 연락을 주시거나 써 주세요!\n\nFan letter address\n8floor, 16, Seongsui-ro 20-gil, Seongdong-gu, Seoul, Republic of Korea\nRecipient(受けるが): ggulggul suna\n\n(추천영상)\n잠자는 돼지 귀찮게 하기\nhttps://www.youtube.com/watch?v=ShZeVQdGaWw\n세계최초 미니피그의 먹방 리얼이팅사운드(mini pig's eating sounds)\nhttps://youtu.be/giujoOecHg0\n미니피그의 먹방 리얼이팅사운드2(mini pig's eating sounds)\nhttps://youtu.be/925m8hkLH6o\n성장한 미니피그의 먹방3(mini pig's eating sounds)\nhttps://youtu.be/iQFIiilD9D4\n미니피그 핑돼  리얼사운드 먹방 ASMR 4탄(mini pig's eating sounds)\nhttps://youtu.be/xoS3oDzVzX0\n미니피그 빗질하는 소리 ASMR(mini pig Combing Sounds)\nhttps://youtu.be/NMgKGVJe29A\n\n\n\n카카오 tv 채널:https://goo.gl/MgEqLt\n카카오톡 플러스친구:검색))꿀꿀선아\n선아의 일상과 미니피그 채널:https://goo.gl/kvZ6rl\n선아의 게임채널:https://goo.gl/1bIQgo\n아프리카TV: http://afreecatv.com/ggulsuna\nSUNA Facebook: https://www.facebook.com/kyoung.jeon.92\nSUNA Instargram: https://www.instagram.com/ggulggulsuna\nSUNA Twitch: https://www.twitch.tv/ggulsuna\nPayPal Support link :https://goo.gl/SWRfel",
        "thumbnail": "https://i.ytimg.com/vi/hSWQ8eUkm5U/mqdefault.jpg",
        "youtubeVideoId": "hSWQ8eUkm5U",
        "uploadedDate": "2022-05-23T01:11:04Z",
        "viewCount": 1969690,
        "isCommercial": "False"
    },
    {
        "id": "4e4b72a3-50dd-49e5-b694-29ef16bd2cd1",
        "title": "직접만든 크레이프 케이크 ASMR 먹방 리얼사운드[CRAPE CAKE]꿀꿀선아",
        "description": "오늘의 ASMR 영상은 직접 크레이프 케이크를 만들어 먹는 먹방 ASMR입니다!. 처음 만들어 보았는데 꽤 잘 만들지 않았나요? 사 온 다른 케이크들과 놔두니 좀 그래 보이지만... 그래도 잘 만든 거 같아요! 다음에는 생크림을 더 단단하게 쳐야 할 거 같아요! 한장한장 만들다 보니 시간이 꽤 걸리더라구요 3시간 정도 걸렸어요!ㅋㅋㅋ 그리고 들어서 한번에 베어 먹는 게 소리가 좋길래 그렇게도 많이 했어요!ㅎㅎ 그리고 돌림판은 전자레인지에 있는걸 빼서 썼어요 여러분들도 돌림판이없다면 저처럼 해보세요!그럼 오늘 영상도 여러분들께 기분 좋은 영상이었으면 좋겠습니다\r\n\n모두 잘 자고 좋은 꿈꾸고 좋은 하루 되세요!\n\n고정 업로드 시간은 매주 수요일 토요일 밤 9시입니다\n각종 문의 사항은\nggulggulsuna@gmail.com 으로 보내 주세요~\n\n멤버십 회원만 볼 수 있는 비하인드 영상과 많은 혜택들이 있는\n멤버십 가입하러 가기\nhttps://www.youtube.com/channel/UChYcJLnVxqgO3SkM6vKX9aw/join\n\n\n선아의 공식 팬카페 가입하러가기!⬇️\nhttps://cafe.naver.com/ggulggulsuna\n\n💌\n주소: 서울시 성동구 성수이로 20길 16 (성수동2가, JK타워) 8층\n받는이: 꿀꿀선아\n여러분들이 보내 주신 선물은 영상으로 만들 생각입니다☺ 원치 않으시는 분들은 연락을 주시거나 써 주세요!\n\nFan letter address\n8floor, 16, Seongsui-ro 20-gil, Seongdong-gu, Seoul, Republic of Korea\nRecipient(受けるが): ggulggul suna\n\n(추천영상)\n다양하고 바삭한 크루아상\nhttps://youtu.be/OOSHy7OyYKc\n직접만든 부푸는 달고나\nhttps://youtu.be/DSSAWPqXthw\n직접만든 김치 떡갈비 버거 ASMR\nhttps://www.youtube.com/watch?v=HX2FxoX1bp0\n직접만든 팬케이크+통벌꿀집\nhttps://youtu.be/KWRFO0lyFgk\n직접만든 바삭한 마약토스트\nhttps://youtu.be/F5hUIItBByw\n스파게티로 만든 도넛? 직접만든 리얼사운드 먹방\r\nhttps://youtu.be/Y8RPSBMJjDA\r\n직접만든 마시멜로우\r\nhttps://youtu.be/rzGxDsDadgs\r\n직접 만든 빼빼로 머랭쿠키\r\nhttps://youtu.be/kM3Cf2hgXfs\n\n카카오 tv 채널:https://goo.gl/MgEqLt\n카카오톡 플러스친구:검색))꿀꿀선아\n선아의 일상과 미니피그 채널:https://goo.gl/kvZ6rl\n선아의 게임채널:https://goo.gl/1bIQgo\n아프리카TV: http://afreecatv.com/ggulsuna\nSUNA Facebook: https://www.facebook.com/kyoung.jeon.92\nSUNA Instargram: https://www.instagram.com/ggulggulsuna\nSUNA Twitch: https://www.twitch.tv/ggulsuna\nPayPal Support link :https://goo.gl/SWRfel",
        "thumbnail": "https://i.ytimg.com/vi/aOHzJ7RxXCI/mqdefault.jpg",
        "youtubeVideoId": "aOHzJ7RxXCI",
        "uploadedDate": "2022-05-22T16:34:27Z",
        "viewCount": 2369173,
        "isCommercial": "False"
    },
    {
        "id": "3d527a0d-bf92-4fbf-ad5c-8f5d811b4433",
        "title": "ASMR 직접 키워서 담근 김장김치+가마솥밥 먹방[꿀꿀선아]suna asmr,音フェチ",
        "description": "오늘의 ASMR 영상은 직접 김장김치를 담그고 가마솥에 밥을 해서 먹는 영상입니다! 브이로그asmr로도 영상을 만들고 싶어서 준비중이에요. 다음에 언젠가 보실 수 있을겁니다!ㅎㅎ 저번에 김장했을때는 소고기수육과 먹었는데 오늘은  흰밥과 고구마와 먹었어요. 크 맛있어요...이번 김장 성공적이었습니다! 아 저희가 재배한 배추는 너무 작아서 그냥 배추사다가 했는데 맛있었어요! 솔직히 직접 재배한 배추는...음...질기고...맛없어요...ㅠㅡㅠ 다음엔 성공하겠습니다!\r\n\n그럼 오늘 영상도 기분 좋은 영상이었으면 좋겠어요.\r\n\n모두 잘자고 좋은 꿈꾸고 좋은 하루 되세요!고정 업로드 시간은 매주 수요일 토요일 밤 9시입니다\n각종 문의 사항은\nggulggulsuna@gmail.com 으로 보내 주세요~\n\n멤버십 회원만 볼 수 있는 비하인드 영상과 많은 혜택들이 있는\n멤버십 가입하러 가기\nhttps://www.youtube.com/channel/UChYcJLnVxqgO3SkM6vKX9aw/join\n\n\n선아의 공식 팬카페 가입하러가기!⬇️\nhttps://cafe.naver.com/ggulggulsuna\n\n💌\n주소: 서울시 성동구 성수이로 20길 16 (성수동2가, JK타워) 8층\n받는이: 꿀꿀선아\n여러분들이 보내 주신 선물은 영상으로 만들 생각입니다☺ 원치 않으시는 분들은 연락을 주시거나 써 주세요!\n\nFan letter address\n8floor, 16, Seongsui-ro 20-gil, Seongdong-gu, Seoul, Republic of Korea\nRecipient(受けるが): ggulggul suna\n\n(추천영상)\n직접만든 직화닭발과 날치알 주먹밥\nhttps://youtu.be/URBl_sQxIHs\nASMR 직접만든 총각김치+짜파게티 리얼사운드 먹방\r\nhttps://www.youtube.com/watch?v=rEn2bqPCChA&t=52s\r\n직접만든 김장김치와 수육 리얼사운드 먹방\r\nhttps://www.youtube.com/watch?v=uxSXLTcJJM8\r\n\r직접만든 양념게장 리얼사운드 먹방 ASMR\r\nhttps://www.youtube.com/watch?v=vr98H0YMEkg&t=1111s\r\n\r김치 튀김 먹는소리는?[ASMR 선아의 소리연구소]\r\nhttps://www.youtube.com/watch?v=Vevo8Tz-cfI&t=287s\n\n카카오 tv 채널:https://goo.gl/MgEqLt\n카카오톡 플러스친구:검색))꿀꿀선아\n선아의 일상과 미니피그 채널:https://goo.gl/kvZ6rl\n선아의 게임채널:https://goo.gl/1bIQgo\n아프리카TV: http://afreecatv.com/ggulsuna\nSUNA Facebook: https://www.facebook.com/kyoung.jeon.92\nSUNA Instargram: https://www.instagram.com/ggulggulsuna\nSUNA Twitch: https://www.twitch.tv/ggulsuna\nPayPal Support link :https://goo.gl/SWRfel",
        "thumbnail": "https://i.ytimg.com/vi/WWhqvXYaMyw/mqdefault.jpg",
        "youtubeVideoId": "WWhqvXYaMyw",
        "uploadedDate": "2022-05-22T16:33:58Z",
        "viewCount": 1873992,
        "isCommercial": "False"
    },
    {
        "id": "8b7f2545-7af2-4662-a56b-bf10e54e2467",
        "title": "ASMR 돌아온 선아의 립스틱가게 상황극 롤플[Role playing](립스틱 뭉개기)꿀꿀선아,suna asmr,",
        "description": "오늘의 ASMR 영상은 립스틱가게 상황극 롤플레잉 (Role playing ASMR) 입니다! 저번 선아의 립스틱가게로 오세요 영상을 많은 분들이 좋아해주시고 정말로 많은 분들이 다시 해달라고 요청이 많으셨어요! 저도 립스틱가게 영상을 너무너무 좋아하거든요. 그래서 이번 영상을 최대한 그때같은 분위기로 찍어보았답니다! 여러분 마음에 들었으면 좋겠어요. 그러면 오늘 영상도 기분 좋게 봐주시고\r\n\n모두 잘자고 좋은 꿈꾸고 좋은 하루 되세요\n\n고정 업로드 시간은 매주 수요일 토요일 밤 9시입니다\n각종 문의 사항은\nggulggulsuna@gmail.com 으로 보내 주세요~\n\n멤버십 회원만 볼 수 있는 비하인드 영상과 많은 혜택들이 있는\n멤버십 가입하러 가기\nhttps://www.youtube.com/channel/UChYcJLnVxqgO3SkM6vKX9aw/join\n\n\n선아의 공식 팬카페 가입하러가기!⬇️\nhttps://cafe.naver.com/ggulggulsuna\n\n💌\n주소: 서울시 성동구 성수이로 20길 16 (성수동2가, JK타워) 8층\n받는이: 꿀꿀선아\n여러분들이 보내 주신 선물은 영상으로 만들 생각입니다☺ 원치 않으시는 분들은 연락을 주시거나 써 주세요!\n\nFan letter address\n8floor, 16, Seongsui-ro 20-gil, Seongdong-gu, Seoul, Republic of Korea\nRecipient(受けるが): ggulggul suna\n\n(추천영상)\n상처치료 보건실 asmr \nhttps://www.youtube.com/watch?v=IBFbu3_hmGA\n선아의 립스틱가게로 오세요👄롤플레잉 ASMR(Lipstick shop Roleplay)\r\nhttps://youtu.be/dPZYzfdOXoo\r\n립스틱 바르는소리+뚜껑 여닫기와 탭핑\r\nhttps://youtu.be/EXf1V0YjSpI\r\n8가지 립스틱 뚜껑 여닫는 소리와 탭핑\r\nhttps://youtu.be/bL8HWMmaAos\r\n한복입고 조선시대 메이크업 롤플레이RP(make up Roleplay)\r\nhttps://youtu.be/WcXzaDH0qbs\r\nASMR 메이크업 하는소리(No Talking)\r\nhttps://youtu.be/EjhT-AAWZ7o\n\n\nSUNA Facebook: https://www.facebook.com/kyoung.jeon.92\nSUNA Instargram: https://www.instagram.com/ggulggulsuna\nSUNA Twitch: https://www.twitch.tv/ggulsuna\nPayPal Support link :https://goo.gl/SWRfel",
        "thumbnail": "https://i.ytimg.com/vi/XDmd-ExTYmg/mqdefault.jpg",
        "youtubeVideoId": "XDmd-ExTYmg",
        "uploadedDate": "2022-05-23T01:09:17Z",
        "viewCount": 1909645,
        "isCommercial": "False"
    },
    {
        "id": "0fd39ab0-88c9-4287-a241-dd520b9936c3",
        "title": "ASMR 숲속 미용실 상황극2 선택하는 롤플레이(염색하는소리)Role playing[선아의 숲속미용실 2]",
        "description": "오늘의 asmr 영상은 많은 분들이 기다리고 기다리셨던 asmr role play 롤플레이 영상입니다.머리빗는소리(hair combing),샴푸 asmr,염색 바르는소리 등을 담았어요! 저번 미용실 롤플에 이어 미용실 롤플2탄을 가져왔는데요. 저번 시리즈와 이어지는 내용에 조금 욕심이 생겨서 여러가지 요소를 추가해보았습니다! :) 재밌게 봐주셨으면 좋겠어요! 여러분이 기다리시던 만큼 기분 좋은 영상이었으면 좋겠네요 그럼 모두 잘자고 좋은 꿈꾸고 좋은 하루되세요!\n\n숲속 미용실 asmr 1편을 듣고싶으신분은 밑에 링크를 클릭해주세요!\nhttps://www.youtube.com/watch?v=IZAXNd1OQ5E&t=352s\n\n초반에 사용한 토토로 브금은\nhttps://youtu.be/_YN-6JSw4B8 여기서 들을수있어용\n\n고정 업로드 시간은 매주 수요일 토요일 밤 9시입니다\n각종 문의사항은\nggulggulsuna@gmail.com  으로 보내주세요~\n\n멤버십 회원만 볼수있는 비하인드 영상과 많은 혜택들이 있는\n멤버십 가입하러가기\nhttps://www.youtube.com/channel/UChYcJLnVxqgO3SkM6vKX9aw/join\n\n\n선아의 공식 팬카페 가입하러가기!⬇️\nhttps://cafe.naver.com/ggulggulsuna\n💌\n주소: 서울시 성동구 성수이로 20길 16 (성수동2가, JK타워) 8층\n받는이: 꿀꿀선아\n여러분들이 보내주신 선물은 영상으로 만들 생각입니다☺ 원치 않으시는분들은 연락을 주시거나 써주세요!\n\nFan letter address\n8floor, 16, Seongsui-ro 20-gil, Seongdong-gu, Seoul, Republic of Korea\nRecipient(受けるが): ggulggul suna\n\n\n(추천영상)\n숲속 미용실 롤플 1\nhttps://www.youtube.com/watch?v=IZAXNd1OQ5E&t=352s\n당신은 고양이입니다. 고양이 미용실 롤플레이\nhttps://youtu.be/ifm2PKFct7A\n쌍둥이 귀마사지 롤플\nhttps://www.youtube.com/watch?v=bb65eQ80jOE&t=490s\n메이크업샵 롤플\nhttps://www.youtube.com/watch?v=qatPm-Sax9E&t=33s\n\n\n\n카카오 tv 채널:https://goo.gl/MgEqLt\n카카오톡 플러스친구:검색))꿀꿀선아\n선아의 일상과 미니피그 채널:https://goo.gl/kvZ6rl\n선아의 게임채널:https://goo.gl/1bIQgo\n아프리카TV: http://afreecatv.com/ggulsuna\nSUNA Facebook: https://www.facebook.com/kyoung.jeon.92\nSUNA Instargram: https://www.instagram.com/ggulggulsuna\nSUNA Twitch: https://www.twitch.tv/ggulsuna\nPayPal Support link :https://goo.gl/SWRfel",
        "thumbnail": "https://i.ytimg.com/vi/hJPXoGlfgek/mqdefault.jpg",
        "youtubeVideoId": "hJPXoGlfgek",
        "uploadedDate": "2022-05-22T16:30:29Z",
        "viewCount": 625498,
        "isCommercial": "False"
    },
    {
        "id": "bc9185bc-62f3-4912-828c-fdb6ce202cb0",
        "title": "ASMR  소소한 하루 일상속의 소리들 [Vlog ASMR]노토킹,꿀꿀선아,비요뜨,suna asmr,音フェチ",
        "description": "오늘의 ASMR영상은 조금 새롭고 특별하게 만들어보았어요. 브이로그를 ASMR로 만드는 새로운 시도를 해보았습니다.영상의 구성은 (머리손질,메이크업,직접만든 먹방,키보드소리,핑돼 먹방)의 구성이에요 !계속 하고싶어서 기획을 해왔단건데 이번 기회에 하게 되어 힘들었지만 그만큼 재밌고 좋았어요😚 제가 좋았던 만큼 여러분의 마음에도 드는 영상이었으면 좋겠습니다. \n그리고 어렸을때의 바램 중 하나가 비요뜨를 왕창 먹는거였거든요ㅎㅎ 덕분에 좋은 기회를 얻어 바램을 이루었네요💕💕\n앞으로도 (여러분께서 마음에 든다면) 이런 브이로그asmr을 계속 만들어보고싶어요.자주 볼 순 없겠지만 여러분이 원하신다면 최대한 자주 만들어보겠습니다 그럼 여러분 모두 잘자고 좋은 꿈 꾸고 좋은 하루되세요❣\n\n*Sponsorship 본 영상은 유료광고를 포함하고 있습니다.\n\n고정 업로드 시간은 매주 수요일 토요일 밤 9시입니다\n각종 문의사항은\nggulggulsuna@gmail.com  으로 보내주세요~\n\n멤버십 회원만 볼수있는 비하인드 영상과 많은 혜택들이 있는\n멤버십 가입하러가기\nhttps://www.youtube.com/channel/UChYcJLnVxqgO3SkM6vKX9aw/join\n\n\n선아의 공식 팬카페 가입하러가기!⬇️\nhttps://cafe.naver.com/ggulggulsuna\n💌\n주소: 서울시 성동구 성수이로 20길 16 (성수동2가, JK타워) 8층\n받는이: 꿀꿀선아\n여러분들이 보내주신 선물은 영상으로 만들 생각입니다☺ 원치 않으시는분들은 연락을 주시거나 써주세요!\n\nFan letter address\n8floor, 16, Seongsui-ro 20-gil, Seongdong-gu, Seoul, Republic of Korea\nRecipient(受けるが): ggulggul suna\n\n\n(추천영상)\n새로 이사한 사무실에서의 하루 [Vlog ASMR]\nhttps://youtu.be/hDdrY3guMRc\n한주를 준비하는 날 브이로그  [Vlog ASMR]\nhttps://youtu.be/DqWo6GfNTf4\n가을 브이로그  [Vlog ASMR]\nhttps://youtu.be/-sv-Ueb40F0\n3일간의 일기 브이로그  [Vlog ASMR]\nhttps://youtu.be/gOmIs4FwZg4\n\n\n\n카카오 tv 채널:https://goo.gl/MgEqLt\n카카오톡 플러스친구:검색))꿀꿀선아\n선아의 일상과 미니피그 채널:https://goo.gl/kvZ6rl\n선아의 게임채널:https://goo.gl/1bIQgo\n아프리카TV: http://afreecatv.com/ggulsuna\nSUNA Facebook: https://www.facebook.com/kyoung.jeon.92\nSUNA Instargram: https://www.instagram.com/ggulggulsuna\nSUNA Twitch: https://www.twitch.tv/ggulsuna\nPayPal Support link :https://goo.gl/SWRfel",
        "thumbnail": "https://i.ytimg.com/vi/QehC7IxCmu0/mqdefault.jpg",
        "youtubeVideoId": "QehC7IxCmu0",
        "uploadedDate": "2022-05-22T16:35:01Z",
        "viewCount": 1770140,
        "isCommercial": "False"
    },
    {
        "id": "dae980cb-8267-418d-8c7e-c9c4345cc865",
        "title": "ASMR 14가지 키보드와 마우스 소리 (집중력향상)[KEYBOARD ASMR] 꿀꿀선아,suna asmr,音フェチ",
        "description": "오늘의 asmr 영상은 키보드 소리와 마우스 클릭소리 asmr영상입니다. 저번에 키보드 asmr을 했을때 많은 분들이 좋아해주셔서 다시 한번 이렇게 준비를 해보았습니다! 편안히 들어주셨으면 좋겠어요그럼 모두 잘자고 좋은 꿈꾸고 좋은 하루 되세요\n\n전 영상에서 키보드 궁금하신분들이 많아서 준비했어요\n키보드 제품명입니다\n02:21 ENTUS GAMING GEAR k330\n07:09 Cosy kb3296bt\n13:53 ENTUS GAMING GEAR K350gc\n19:39 fixcom K1000 \n28:13 ENTUS GAMING GEAR K200G\n33:43 logitech K375S\n42:28 ENTUS GAMING GEAR k550gc\n47:07 ENTUS GAMING GEAR  K400g\n51:57 ALENWARE 17 R5 \n56:53 Rz03-0170\n01:01:41 Abko Hacker k610\n01:04:16 ENTUS GAMING GEAR m25, logitech g703\n01:13:32 불빛\n\n고정 업로드 시간은 매주 수요일 토요일 밤 9시입니다\n각종 문의사항은\nggulggulsuna@gmail.com  으로 보내주세요~\n\n멤버십 회원만 볼수있는 비하인드 영상과 많은 혜택들이 있는\n멤버십 가입하러가기\nhttps://www.youtube.com/channel/UChYcJLnVxqgO3SkM6vKX9aw/join\n\n\n선아의 공식 팬카페 가입하러가기!⬇️\nhttps://cafe.naver.com/ggulggulsuna\n💌\n주소: 서울시 성동구 성수이로 20길 16 (성수동2가, JK타워) 8층\n받는이: 꿀꿀선아\n여러분들이 보내주신 선물은 영상으로 만들 생각입니다☺ 원치 않으시는분들은 연락을 주시거나 써주세요!\n\nFan letter address\n8floor, 16, Seongsui-ro 20-gil, Seongdong-gu, Seoul, Republic of Korea\nRecipient(受けるが): ggulggul suna\n\n\n(추천영상)\n10가지의 키보드와 마우스 소리 asmr \nhttps://youtu.be/8ymt-SN8I5I\n실로 귀를 꿰메는소리 asmr\nhttps://youtu.be/RV44iVyZRSo\n쾌감 쩌는 비누 부수기ASMR\nhttps://www.youtube.com/watch?v=42WqBdym7X8\n중독성 최고 물먹은 플로랄폼 ASMR\nhttps://www.youtube.com/watch?v=pJAHaKgSUVs\n자극적이지않은 10종류 탭핑\nhttps://www.youtube.com/watch?v=ZAVUxyqktpc\n\n\n\n카카오 tv 채널:https://goo.gl/MgEqLt\n카카오톡 플러스친구:검색))꿀꿀선아\n선아의 일상과 미니피그 채널:https://goo.gl/kvZ6rl\n선아의 게임채널:https://goo.gl/1bIQgo\n아프리카TV: http://afreecatv.com/ggulsuna\nSUNA Facebook: https://www.facebook.com/kyoung.jeon.92\nSUNA Instargram: https://www.instagram.com/ggulggulsuna\nSUNA Twitch: https://www.twitch.tv/ggulsuna\nPayPal Support link :https://goo.gl/SWRfel",
        "thumbnail": "https://i.ytimg.com/vi/veIDYEufW34/mqdefault.jpg",
        "youtubeVideoId": "veIDYEufW34",
        "uploadedDate": "2022-05-23T01:11:47Z",
        "viewCount": 1162353,
        "isCommercial": "False"
    },
    {
        "id": "bd501553-7180-47df-a47d-56ca2cd8febe",
        "title": "ASMR 직접만든 총각김치+짜파게티 리얼사운드 먹방[선아의 리틀포레스트]Eating sounds,mukbang,꿀꿀선아,suna asmr,音フェチ",
        "description": "오늘의 asmr영상은 직접 만든 김장김치 중에서도 총각김치와 짜파게티 리얼사운드 먹방 asmr 입니다😆 총각김치 만드는 과정을 리틀포레스트의 느낌으로 연출을 해보았는데 어떤가요? 여러분들이 리틀포레스트와 비슷한 asmr영상을 만들어달라고 요청해주신게 생각이 나 이번 영상을 그렇게 만들어보았습니다! 여러분 마음에 드셨으면 좋겠어요😍 제 마음에는 쏙 듭니당ㅋㅋㅋ 앞으로 계속 이런 새로운 시도들 많이 많이 해보도록할게요 아 그리고 총각무는 직접 키운게아니고\n영상을 찍기위해 총각무를 사서 땅에 심었다가 뽑은거에요!\n그럼 여러분 모두 잘자고 좋은 꿈 꾸고 좋은 하루되세요💕\n\n선아의 사적인 이야기😚\n\n1. 어제 오사카에서 돌아왔어요! 넘넘 힘들고 재밌는 여행이었습니다 매일 2만보를 기본으로 돌아다녔어요🤣 다음부터는 최대한 휴식을 하는 여행으로... 어디가 좋을까요?! 추천해주세요!\n\n2. 이번에 만든 총각김치 아주아주 시원하고 맛있어요! 영상에서 나온것 이외에도 한통을 더 만들었거든요 그거는 부모님께 보내드리려고요😆\n\n그럼 모두 안녕! 잘자요💕\n\n알타리 5키로\n찹쌀가루 다섯스푼\n고춧가루 여덟스푼\n새우젓 6.5스푼\n다진마늘 3스푼\n생강 1.5스푼\n꿀 또는 매실액 4스푼\n절임소금\n\n1. 무를 손질한다.\n2. 무를 닦아준다.\n3. 소금에 두시간 절여준다\n4. 무를 물에 행군다.\n5. 물 500ml에 찹쌀가루를 넣어 끓여서 찹쌀풀을 만들고 식힌다.\n6. 나머지 양념재료들과 찹쌀풀을 넣고 섞는다.\n7. 무넣고버무린다\n8. 상온에 이틀, 냉장고에 이틀 넣어놓은 뒤 먹는다.\n\n#ASMR #총각김치 #김장김치 #먹방\n\n고정 업로드 시간은 매주 수요일 토요일 밤 10시입니다\n각종 문의사항은\nggulggulsuna@gmail.com  으로 보내주세요~\n\n선아의 공식 팬카페 가입하러가기!⬇️\nhttps://cafe.naver.com/ggulggulsuna\n💌\n주소:서울특별시 성동구 연무장 15길 11, 에스팩토리 B동 2층\n받는이:꿀꿀선아\n여러분들이 보내주신 선물은 영상으로 만들 생각입니다☺ 원치 않으시는분들은 연락을 주시거나 써주세요!\n\nFan letter address\n\n2floor ,B dong,11, Yeonmujang 15-gil, Seongdong-gu, Seoul, Republic of Korea\nRecipient(受けるが): ggulggul suna\n\n(추천영상)\n직접 키워서 담근 김장김치와 가마솥밥\nhttps://youtu.be/WWhqvXYaMyw\n굽네치킨스테이크 asmr\nhttps://www.youtube.com/watch?v=cWxQVXXKW9c&t=298s\n직접만든 김장김치 asmr\nhttps://www.youtube.com/watch?v=uxSXLTcJJM8\n직접만든 고든램지 버터밀크치킨\nhttps://www.youtube.com/watch?v=QGxhvxv7hIo\n인생치킨 asmr\nhttps://www.youtube.com/watch?v=AQ2u9FymFNk\n양념치킨 asmr\nhttps://www.youtube.com/watch?v=jhep14W-pqg\n바삭촉촉 치킨 asmr\nhttps://www.youtube.com/watch?v=ITz2MUI7i64\n\n\n\n카카오 tv 채널:https://goo.gl/MgEqLt\n카카오톡 플러스친구:검색))꿀꿀선아\n선아의 일상과 미니피그 채널:https://goo.gl/kvZ6rl\n선아의 게임채널:https://goo.gl/1bIQgo\n아프리카TV: http://afreecatv.com/ggulsuna\nSUNA Facebook: https://www.facebook.com/kyoung.jeon.92\nSUNA Instargram: https://www.instagram.com/ggulggulsuna\nSUNA Twitch: https://www.twitch.tv/ggulsuna\nPayPal Support link :https://goo.gl/SWRfel",
        "thumbnail": "https://i.ytimg.com/vi/rEn2bqPCChA/mqdefault.jpg",
        "youtubeVideoId": "rEn2bqPCChA",
        "uploadedDate": "2022-05-23T01:12:28Z",
        "viewCount": 0,
        "isCommercial": "False"
    },
    {
        "id": "b48df0d6-1545-4744-95f4-14d1979fd634",
        "title": "ASMR 해리포터 \"호그와트로 가는 여정\" [Harry Potter ASMR]입체음향,꿀꿀선아,suna asmr,音フェチ",
        "description": "오늘의 asmr 동영상은  영화 해리포터의 소리를 입체음향으로\n표현해보았어요 !저번 센과치히로에 이어서 여러분들이 몰입할수 있도록 열심히 만들어보았어요 !편지를 받고 호그와트까지 가는 여정을 그려보았는데 어떠셨나요?센과 치히로의 행방불명편보다는 조금 더 \n상황에 몰입할수있도록 화면의 구성에 신경을 썼고 30분안에 내용을 압축해보았어요!그럼 오늘 영상도 여러분들이 좋아해주셨으면 좋겠습니다 .아 !그리고 이번 네이버 오디오클립  ASMR 공모전에서 1등을 했어요!!!모두 여러분 덕분입니다!!ㅎㅎ오디오클립에는 해리포터 긴버전도 올려보도록 할게요 모두 잘자고 좋은 꿈꾸고 좋은 하루 되세요💕\n#해리포터 #ASMR #harrypotter\n\n영상에 쓰인 BGM 출처입니다!\nPianist JayM님이 연주하신 곡 들으러가기👇\nhttps://www.youtube.com/watch?v=RRvSBPvjwB8\n\n고정 업로드 시간은 매주 수요일 토요일 밤 10시입니다\n각종 문의사항은\nggulggulsuna@gmail.com  으로 보내주세요~\n\n선아의 공식 팬카페 가입하러가기!⬇️\nhttps://cafe.naver.com/ggulggulsuna\n💌\n주소:서울특별시 성동구 연무장 15길 11, 에스팩토리 B동 2층\n받는이:꿀꿀선아\n여러분들이 보내주신 선물은 영상으로 만들 생각입니다☺ 원치 않으시는분들은 연락을 주시거나 써주세요!\n\nFan letter address\n\n2floor ,B dong,11, Yeonmujang 15-gil, Seongdong-gu, Seoul, Republic of Korea\nRecipient(受けるが): ggulggul suna\n\n(추천영상)\n센과 치히로의 행방불명 ASMR\nhttps://www.youtube.com/watch?v=nbpEM449IZQ\n파우치 태핑소리\nhttps://www.youtube.com/watch?v=wEFChfMjNAU\n쾌감 쩌는 비누 부수기ASMR\nhttps://www.youtube.com/watch?v=42WqBdym7X8\n중독성 최고 물먹은 플로랄폼 ASMR\nhttps://www.youtube.com/watch?v=pJAHaKgSUVs\n자극적이지않은 10종류 탭핑\nhttps://www.youtube.com/watch?v=ZAVUxyqktpc\n\n카카오 tv 채널:https://goo.gl/MgEqLt\n카카오톡 플러스친구:검색))꿀꿀선아\n선아의 일상과 미니피그 채널:https://goo.gl/kvZ6rl\n선아의 게임채널:https://goo.gl/1bIQgo\n아프리카TV: http://afreecatv.com/ggulsuna\nSUNA Facebook: https://www.facebook.com/kyoung.jeon.92\nSUNA Instargram: https://www.instagram.com/ggulggulsuna\nSUNA Twitch: https://www.twitch.tv/ggulsuna\nPayPal Support link :https://goo.gl/SWRfel",
        "thumbnail": "https://i.ytimg.com/vi/1R-6okrEvAg/mqdefault.jpg",
        "youtubeVideoId": "1R-6okrEvAg",
        "uploadedDate": "2022-05-22T16:35:48Z",
        "viewCount": 0,
        "isCommercial": "False"
    },
    {
        "id": "c972e239-3095-4912-aa42-c11fbb490d02",
        "title": "ASMR 센과 치히로의 행방불명 입체음향[꿀꿀선아]시험기간 듣기좋은,집중력,suna asmr,音フェチ",
        "description": "오늘의 asmr영상은 영화 센과 치히로의 행방불명을 asmr로 만들어보았습니다! 조금 더 새로운 asmr영상을 만들고싶어서 이번에 오디오클립채널에서 10분정도의 클립을 올렸는데 많은 분들이 좋아해주시더라구요! 그래서 영상 스토리에 더욱 충실하고 지루하지않도록 다양한 장면전환을 넣어서 차별화하여 열심히 제작을 해보았습니다!아마 제 영상중에서 가장 길이가 긴 영상일거예요! 오디오클립에도 올라오니 좀 더 편하게 들으실 분들은 오디오클립에서 들어주세요! 그러면 여러분 모두 잘자고 좋은 꿈꾸고 좋은 하루 되세요\n\n부모님과 이사중인 치히로 00:01\n터널발견 02:27\n터널안을 지나감 03:47\n눈앞에 펼쳐진 초원 07:50\n돌다리건너기 10:04\n계단을 올라감 14:08\n포장마차들이 등장 15:46\n건너면 안되는 다리를 건너 하쿠를 만남 19:25\n갑자기 어두워지고 유령이 나타남 21:44\n포장마차쪽 부모님을 찾으러 달려감 22:41\n부모님이 돼지가 되었음 25:32\n도망가기시작  25:43\n강가에 도착 26:21\n배가 들어오고있음 27:00\n배가 멈추고 사람들이 내림 30:00\n거미할아범을 찾아가는길 35:04\n거미할아범이있는 보일러실 38:45\n유바바의 온천여관 44:53\n배를 타고 떠남 01:01:03\n가오나시와 바다열차를 탐 01:05:07\n제니바의 집으로 향하는길 01:14:14\n치료된 하쿠와 하늘을 날아 돌아감 01:17:17\n문제들이 해결되고 부모님께 돌아감 01:21:35\n차를 타고 다시 왔던길을 돌아감 01:25:00\n\nBGM\nReynah님이 연주하신 One Summer's https://www.youtube.com/watch?v=8AKxbpR_cdo\n\nJayM님이 연주하신 언제나 몇번이라도\nhttps://www.youtube.com/watch?v=cF-PO2qaqmM\n\n벨라앤루카스님이 연주하신 생명의 이름\nhttps://www.youtube.com/watch?v=Q_C9MZshTW0\n\n고정 업로드 시간은 매주 수요일 토요일 밤 10시입니다\n각종 문의사항은\nggulggulsuna@gmail.com  으로 보내주세요~\n\n선아의 공식 팬카페 가입하러가기!⬇️\nhttps://cafe.naver.com/ggulggulsuna\n💌\n주소:서울특별시 성동구 연무장 15길 11, 에스팩토리 B동 2층\n받는이:꿀꿀선아\n여러분들이 보내주신 선물은 영상으로 만들 생각입니다☺ 원치 않으시는분들은 연락을 주시거나 써주세요!\n\nFan letter address\n\n2floor ,B dong,11, Yeonmujang 15-gil, Seongdong-gu, Seoul, Republic of Korea\nRecipient(受けるが): ggulggul suna\n\n(추천영상)\n해리포터  ASMR\nhttps://www.youtube.com/watch?v=1R-6okrEvAg\n파우치 태핑소리\nhttps://www.youtube.com/watch?v=wEFChfMjNAU\n쾌감 쩌는 비누 부수기ASMR\nhttps://www.youtube.com/watch?v=42WqBdym7X8\n중독성 최고 물먹은 플로랄폼 ASMR\nhttps://www.youtube.com/watch?v=pJAHaKgSUVs\n자극적이지않은 10종류 탭핑\nhttps://www.youtube.com/watch?v=ZAVUxyqktpc\n\n\n\n카카오 tv 채널:https://goo.gl/MgEqLt\n카카오톡 플러스친구:검색))꿀꿀선아\n선아의 일상과 미니피그 채널:https://goo.gl/kvZ6rl\n선아의 게임채널:https://goo.gl/1bIQgo\n아프리카TV: http://afreecatv.com/ggulsuna\nSUNA Facebook: https://www.facebook.com/kyoung.jeon.92\nSUNA Instargram: https://www.instagram.com/ggulggulsuna\nSUNA Twitch: https://www.twitch.tv/ggulsuna\nPayPal Support link :https://goo.gl/SWRfel",
        "thumbnail": "https://i.ytimg.com/vi/nbpEM449IZQ/mqdefault.jpg",
        "youtubeVideoId": "nbpEM449IZQ",
        "uploadedDate": "2022-05-22T16:36:01Z",
        "viewCount": 0,
        "isCommercial": "False"
    },
    {
        "id": "b3ea6b19-c5e7-4ea0-b3c3-f2a8d3f78477",
        "title": "ASMR 공룡 화석발굴 상황극 롤플레잉[Roleplay],꿀꿀선아,suna asmr,化石発掘, fossil excavation ASMR,relaxing",
        "description": "이번 ASMR 영상은 화석발굴 롤플레잉ASMR 입니다!\n팅글가득한 영상이였으면 좋겠네요!살짝 롤플레이를 해보았는데 화석발굴가 상황극이에요!ㅋㅋㅋ원래 화석발굴만 하려고 했는데 조금 더 재미를 가미하고 싶어서 간단하게 발연기로 즉석에서 넣어보았어요! 여러분은 저의 조수입니다!ㅎㅎ 저번에 몇번 실패했던 화석발굴이라 이번에는 제발..제발...소리가 잘 나와라...이러면서 찍었는데 소리가 괜찮았으면 좋겠네요! 어떻게하면 소리가 잘 날까 고민은 많이 해보았어요! 물에 거의 화석을 빠뜨리고 또 떨어지는 소리까지 좋았으면 하는 마음에 종이호일을 깔아서 소리가 더 잘나도록 했습니다! 그럼 오늘 영상 재밌고 편안하게 보셨으면 좋겠습니다. 모두 잘 자고 좋은 꿈 꾸고 좋은 하루되세요!\n\n사적인 이야기\n제가 곧 있으면 렌즈삽입술을 해요! 월요일 30일에 하게되는데 너무너무 무서워요...새로 태어나게 되는 저의 안구도 걱정이 되고 굉장히 무섭네요..ㅜㅜ 잘 되겠죠..? 잘되었으면 좋겠습니다! 혹시 그런 시력교정수술에 관련하여 궁금한 점이 있으시다면 댓글로 달아주세요! 제가 병원가서 물어보고 올게요!ㅎㅎ 오늘 부터 렌즈를 못 껴서 눈이 보이지 않는 상태에서 영상을 찍어야해요! 잘 될지 모르겠지만 한번 해보도록하겠씁니다! 화이팅!\n시험 보시는 분들도 잘 보시고 중요한 일 앞두신 분들도 잘 되시고! 모두모두 화이팅! \n\n자막하러가기\nhttp://www.youtube.com/timedtext_video?v=5iMM4Cx_bKk&ref=share\n\n업로드시간은 매주 수요일 토요일 10시\n스트리밍시간은 매주 화요일 일요일 11시\n\n각종 문의사항은\nggulggulsuna@gmail.com  으로 보내주세요~\n💌\n선아의 공식 팬카페 가입하러가기!⬇️\nhttps://cafe.naver.com/ggulggulsuna\n💌\n주소:서울특별시 성동구 연무장 15길 11, 에스팩토리 B동 2층\n받는이:꿀꿀선아\n여러분들이 보내주신 선물은 영상으로 만들 생각입니다☺ 원치 않으시는분들은 연락을 주시거나 써주세요!\n\nFan letter address\n\n2floor ,B dong,11, Yeonmujang 15-gil, Seongdong-gu, Seoul, Republic of Korea\nRecipient(受けるが): ggulggul suna\n\n(추천영상)\n벌꿀 귀마사지 asmr\nhttps://www.youtube.com/watch?v=I3W4BgpnOS0\n물먹은 플로랄폼 부수기 asmr\nhttps://www.youtube.com/watch?v=pJAHaKgSUVs&t=713s\n얼음 먹방 asmr\nhttps://www.youtube.com/watch?v=Qtk2mrUNKXU&t=25s\n선아의 피부관리샵\nhttps://www.youtube.com/watch?v=TpsN0TVAjFw\n파자마파티 롤플\nhttps://www.youtube.com/watch?v=FhAojd9gRVk\n벌집꿀 asmr\nhttps://www.youtube.com/watch?v=kG6l33hm5_w\n\n네이버오디오클립:https://audioclip.naver.com/channels/1080\n카카오 tv 채널:https://goo.gl/MgEqLt\n카카오톡 플러스친구:검색))꿀꿀선아\n선아의 일상과 미니피그 채널:https://goo.gl/kvZ6rl\n선아의 게임채널:https://goo.gl/1bIQgo\n아프리카TV: http://afreecatv.com/ggulsuna\nSUNA Facebook: https://www.facebook.com/kyoung.jeon.92\nSUNA Instargram: https://www.instagram.com/ggulggulsuna\nSUNA Twitch: https://www.twitch.tv/ggulsuna\nPayPal Support link :https://goo.gl/SWRfel",
        "thumbnail": "https://i.ytimg.com/vi/5iMM4Cx_bKk/mqdefault.jpg",
        "youtubeVideoId": "5iMM4Cx_bKk",
        "uploadedDate": "2022-05-22T16:36:45Z",
        "viewCount": 0,
        "isCommercial": "False"
    },
    {
        "id": "a54dd53a-daf7-499e-8b9f-3df05b69efcb",
        "title": "선아의 피부관리샵 오픈?!롤플 ASMR 상황극[Roleplay ASMR]롤플레잉,꿀꿀선아,suna asmr,피부관리 asmr,",
        "description": "이번 ASMR 영상은 피부관리샵 상황극 롤플레잉ASMR 이에요!\n오늘은 롤플레이 ASMR을 들고왔어요. 피부관리샵에서 여러분들께 피부관리를 해드리는 상황극이에요. 제가 사실 피부관리사 국가자격증도 있는데... 기억이 하나도 나지 않더라구요. 그래서 야메같은 부분이 많을거같아요ㅎㅎ오늘은 조금 리얼하게 해보고싶어서 관리차트도 직접 만들어보았는데 완전 노가다였어요!ㅋㅋㅋ그래도 이비인후과 롤플을 좋아해주신 분들이 많으셔서\n최대한 그때의 느낌으로 영상을 만들어봤는데 ,그래도 롤플이 제가 생각한대로 잘 나온거같아 다행이에요. 오늘 영상이 여러분들 마음에 드는 영상이었으면 좋겠어요.\n아 그리고 인트로 부분 홍대를 선택한 이유는 별 이유없어요!\n 모두 잘 자고 좋은 꿈 꾸고 좋은 하루되세요!\n항상 번역과 자막을 해주시는 \n시온님 예진님 지원님 게소님  감사합니다!\n\nHello, everyone I’m Suna. Today, I bring the Role-playing. It’s a situation of skin care in skin care shop. Actually, I have a certificate of skincare…but, I don’t remember anything about it. So, it has some odd parts in the video. I also made Chart, for more reality. but, it was really hard! I think it’s okay to make video well than what I expect. I hope this video, you like. Have a nice day and good night sweet dream \n\n업로드시간은 매주 수요일 토요일 10시\n스트리밍시간은 매주 화요일 일요일 11시\n\n💌\n선아의 공식 팬카페 가입하러가기!⬇️\nhttps://cafe.naver.com/ggulggulsuna\n💌\n주소:서울특별시 성동구 연무장 15길 11, 에스팩토리 B동 2층\n받는이:꿀꿀선아\n여러분들이 보내주신 선물은 영상으로 만들 생각입니다☺ 원치 않으시는분들은 연락을 주시거나 써주세요!\n\nFan letter address\n\n2floor ,B dong,11, Yeonmujang 15-gil, Seongdong-gu, Seoul, Republic of Korea\nRecipient(受けるが): ggulggul suna\n\n(추천영상)\n버블팩 피부관리 ASMR\nhttps://www.youtube.com/watch?v=AWD9e-lubCs\n숲속의 귀청소샵 롤플\nhttps://www.youtube.com/watch?v=ZSCdTfWEK_8\n숲속의 두피관리샵 롤플\nhttps://www.youtube.com/watch?v=jn-W2bKeRyI\n공룡 화석발굴 asmr 롤플\nhttps://www.youtube.com/watch?v=5iMM4Cx_bKk\n파자마파티 롤플 상황극\nhttps://www.youtube.com/watch?v=FhAojd9gRVk&t=242s\n이비인후과 상황극\nhttps://www.youtube.com/watch?v=mUG2J1dz6HY\n립스틱 가게 상황극\nhttps://www.youtube.com/watch?v=dPZYzfdOXoo\n귀청소가게 상황극\nhttps://www.youtube.com/watch?v=vCxztTOdslY\n귀마사지 상황극\nhttps://www.youtube.com/watch?v=6gb7a6DsHI0\n\n카카오 tv 채널:https://goo.gl/MgEqLt\n카카오톡 플러스친구:검색))꿀꿀선아\n선아의 일상과 미니피그 채널:https://goo.gl/kvZ6rl\n선아의 게임채널:https://goo.gl/1bIQgo\n아프리카TV: http://afreecatv.com/ggulsuna\nSUNA Facebook: https://www.facebook.com/kyoung.jeon.92\nSUNA Instargram: https://www.instagram.com/ggulggulsuna\nSUNA Twitch: https://www.twitch.tv/ggulsuna\nPayPal Support link :https://goo.gl/SWRfel",
        "thumbnail": "https://i.ytimg.com/vi/TpsN0TVAjFw/mqdefault.jpg",
        "youtubeVideoId": "TpsN0TVAjFw",
        "uploadedDate": "2022-05-22T16:37:01Z",
        "viewCount": 0,
        "isCommercial": "False"
    }
]