[
    {
        "id": "b6586f33-81f8-4b43-ae3e-cfa2ac9379e7",
        "title": "유튜브각 잡다가 대참사? 뽑기 몰라요!",
        "description": "뽑기는 끝날 때까지 끝난게 아니죠!?\n\n촬영지역 ▶ 대전시 탄방동 1153화\n\n구독😍좋아요👍댓글💬 감사합니다!\n정기후원 👍 https://bit.ly/33Jc5lV\n인스타그램 👍 https://www.instagram.com/hongseongobba/\n페이스북 👍 https://www.facebook.com/hongseongobba/ \n카카오톡 😀 홍성오빠 유튜브 오픈채팅방 official (인형뽑기)\n문의 📧 cafe_therapy@naver.com (촬영, 창업컨설팅, 스폰)\n택배 🚚 서울특별시 성동구 성수이로20길 16 JK타워 8층, 트레져헌터 (홍성오빠)\n\n🎵intro music : Urban Fashion (from. envato elements)\n🎵outro music : FORTRESS 2 BLUE OST 'SERVER' 中\n\n#인형뽑기 #홍성오빠 #홍성유튜버",
        "thumbnail": "https://i.ytimg.com/vi/Kogbh2AT-uM/mqdefault.jpg",
        "youtubeVideoId": "Kogbh2AT-uM",
        "uploadedDate": "2022-09-28T12:49:42Z",
        "viewCount": 2815,
        "isCommercial": "False"
    },
    {
        "id": "8ff5c74a-4dfd-4937-82d0-f6b06f8d0a61",
        "title": "이 뽑기 기계에서 반드시 알아야 하는 특징",
        "description": "오랜만에 더블 럭셔리 자이언트 기계로 꿀망뽑기를 해봤습니다,, 1인용 기계와 다르게 2인용인 이 기계에서는 꼭 알아야 할 특징이 있는데,, 과연!?\n\n촬영지역 ▶ 서산 해미면 1151화\n\n구독😍좋아요👍댓글💬 감사합니다!\n정기후원 👍 https://bit.ly/33Jc5lV\n인스타그램 👍 https://www.instagram.com/hongseongobba/\n페이스북 👍 https://www.facebook.com/hongseongobba/ \n카카오톡 😀 홍성오빠 유튜브 오픈채팅방 official (인형뽑기)\n문의 📧 cafe_therapy@naver.com (촬영, 창업컨설팅, 스폰)\n택배 🚚 서울특별시 성동구 성수이로20길 16 JK타워 8층, 트레져헌터 (홍성오빠)\n\n🎵intro music : Urban Fashion (from. envato elements)\n🎵outro music : FORTRESS 2 BLUE OST 'SERVER' 中\n\n#인형뽑기 #홍성오빠 #꿀망뽑기",
        "thumbnail": "https://i.ytimg.com/vi/XGZhf-elf2s/mqdefault.jpg",
        "youtubeVideoId": "XGZhf-elf2s",
        "uploadedDate": "2022-09-23T11:14:08Z",
        "viewCount": 2019,
        "isCommercial": "False"
    },
    {
        "id": "ff472ccf-d68a-437b-b37f-b078a2361897",
        "title": "스타벅스 기둥뽑기☕️",
        "description": "역시 ☕️스타벅스랑 🍔롯데리아는 뽑아서 먹어야 맛이지..\n\n촬영지역 ▶ 대전 탄방동 1144화\n\n구독😍좋아요👍댓글💬 감사합니다!\n정기후원 👍 https://bit.ly/33Jc5lV\n인스타그램 👍 https://www.instagram.com/hongseongobba/\n페이스북 👍 https://www.facebook.com/hongseongobba/ \n카카오톡 😀 홍성오빠 유튜브 오픈채팅방 official (인형뽑기)\n문의 📧 cafe_therapy@naver.com (촬영, 창업컨설팅, 스폰)\n택배 🚚 서울특별시 성동구 성수이로20길 16 JK타워 8층, 트레져헌터 (홍성오빠)\n\n🎵intro music : Urban Fashion (from. envato elements)\n🎵outro music : FORTRESS 2 BLUE OST 'SERVER' 中\n\n#인형뽑기 #홍성오빠 #스타벅스",
        "thumbnail": "https://i.ytimg.com/vi/Bh6AllHvbgE/mqdefault.jpg",
        "youtubeVideoId": "Bh6AllHvbgE",
        "uploadedDate": "2022-03-17T05:59:12Z",
        "viewCount": 3024,
        "isCommercial": "False"
    },
    {
        "id": "0a1cfc51-e577-49a3-85a1-aaeee596a9f4",
        "title": "사장 심리는 사장이 잘 안다🤪",
        "description": "홍성오빠도 사장이었따v\n\n촬영지역 ▶ 인천 청천동 1142화\n\n구독😍좋아요👍댓글💬 감사합니다!\n정기후원 👍 https://bit.ly/33Jc5lV\n인스타그램 👍 https://www.instagram.com/hongseongobba/\n페이스북 👍 https://www.facebook.com/hongseongobba/ \n카카오톡 😀 홍성오빠 유튜브 오픈채팅방 official (인형뽑기)\n문의 📧 cafe_therapy@naver.com (촬영, 창업컨설팅, 스폰)\n택배 🚚 서울특별시 성동구 성수이로20길 16 JK타워 8층, 트레져헌터 (홍성오빠)\n\n🎵intro music : Urban Fashion (from. envato elements)\n🎵outro music : FORTRESS 2 BLUE OST 'SERVER' 中\n\n#인형뽑기 #홍성오빠 #꿀망뽑기",
        "thumbnail": "https://i.ytimg.com/vi/U2zYwgjPJ9U/mqdefault.jpg",
        "youtubeVideoId": "U2zYwgjPJ9U",
        "uploadedDate": "2022-03-14T00:12:20Z",
        "viewCount": 2480,
        "isCommercial": "False"
    },
    {
        "id": "b46334eb-9c40-4f07-a6f7-ce02b809191c",
        "title": "열쇠 선물함만 쏙쏙 뽑아먹어요 | 대전 갈마동 인형뽑기 #1125) 홍성오빠",
        "description": "오랜만에 꿀망뽑기.. 역시 꿀잼 :D\n\n구독😍좋아요👍댓글💬 감사합니다!\n정기후원 👍 https://bit.ly/33Jc5lV\n인스타그램 👍 https://www.instagram.com/hongseongobba/\n페이스북 👍 https://www.facebook.com/hongseongobba/ \n카카오톡 😀 홍성오빠 유튜브 오픈채팅방 official (인형뽑기)\n문의 📧 cafe_therapy@naver.com (촬영, 창업컨설팅, 스폰)\n택배 🚚 서울특별시 성동구 성수이로20길 16 JK타워 8층, 트레져헌터 (홍성오빠)\n\n🎵intro music : Urban Fashion (from. envato elements)\n🎵outro music : FORTRESS 2 BLUE OST 'SERVER' 中\n\n#인형뽑기 #홍성오빠 #홍성유튜버",
        "thumbnail": "https://i.ytimg.com/vi/GJx157ekDzM/mqdefault.jpg",
        "youtubeVideoId": "GJx157ekDzM",
        "uploadedDate": "2021-10-15T09:37:51Z",
        "viewCount": 2462,
        "isCommercial": "False"
    },
    {
        "id": "a821ce66-77f9-4199-99a9-b052c6242679",
        "title": "[무편집풀버전] 이랬던게 이렇게 됐습니다 | 인천 청천동 인형뽑기 #1120) 홍성오빠",
        "description": "역시 꿀망뽑기는 재밌어;\n\n구독😍좋아요👍댓글💬 감사합니다!\n정기후원 👍 https://bit.ly/33Jc5lV\n인스타그램 👍 https://www.instagram.com/hongseongobba/\n페이스북 👍 https://www.facebook.com/hongseongobba/ \n카카오톡 😀 홍성오빠 유튜브 오픈채팅방 official (인형뽑기)\n문의 📧 cafe_therapy@naver.com (촬영, 창업컨설팅, 스폰)\n택배 🚚 서울특별시 성동구 성수이로20길 16 JK타워 8층, 트레져헌터 (홍성오빠)\n\n🎵intro music : Urban Fashion (from. envato elements)\n🎵outro music : FORTRESS 2 BLUE OST 'SERVER' 中\n\n#인형뽑기 #홍성오빠 #홍성유튜버",
        "thumbnail": "https://i.ytimg.com/vi/TSQoB09UTOo/mqdefault.jpg",
        "youtubeVideoId": "TSQoB09UTOo",
        "uploadedDate": "2021-10-06T07:57:55Z",
        "viewCount": 1772,
        "isCommercial": "False"
    },
    {
        "id": "3b3a8ff3-96e8-4db9-8403-340743c103fd",
        "title": "날이면 날마다 오는 세팅 미스가 아닙니다.. 한 판 500원이라니ㅋㅋㅋ | 서산 인형뽑기 #1102​​​​​​​​​​​​​​​​​​) 홍성오빠",
        "description": "1년에 한 번 정도는 가끔 이런 미스가 있긴 했는데 하필 오늘이라니!?ㅠㅋㅋㅋ\n\n구독😍좋아요👍댓글💬 감사합니다!\n정기후원 👍 https://bit.ly/33Jc5lV\n인스타그램 👍 https://www.instagram.com/hongseongobba/\n페이스북 👍 https://www.facebook.com/hongseongobba/ \n카카오톡 😀 홍성오빠 유튜브 오픈채팅방 official (인형뽑기)\n문의 📧 cafe_therapy@naver.com (촬영, 창업컨설팅, 스폰)\n택배 🚚 서울특별시 성동구 성수이로20길 16 JK타워 8층, 트레져헌터 (홍성오빠)\n만나는 곳 🙋‍♂️ 충청남도 홍성군 홍성읍 조양로205번길 67, 뽑기가 안되면 홍성스쿨\n\n🎵intro music : Urban Fashion (from. envato elements)\n🎵outro music : FORTRESS 2 BLUE OST 'SERVER' 中\n\n#인형뽑기 #홍성오빠 #홍성유튜버",
        "thumbnail": "https://i.ytimg.com/vi/SdYZGxKhwYA/mqdefault.jpg",
        "youtubeVideoId": "SdYZGxKhwYA",
        "uploadedDate": "2021-09-09T19:22:50Z",
        "viewCount": 2096,
        "isCommercial": "False"
    },
    {
        "id": "144b5966-5f36-41e9-b009-90000d837451",
        "title": "이 시국에 500원 뽑기방 하시는 사장님 칭찬합니다👍 | 인천 논현동 인형뽑기 #10​​​​​​​​​​​​​​​​​​​​98) 홍성오빠",
        "description": "요즘은 로드에서도 찾아보기 힘든 500원 뽑기인데 뽑기방이 500원이라니!\n\n구독😍좋아요👍댓글💬 감사합니다!\n정기후원 👍 https://bit.ly/33Jc5lV\n인스타그램 👍 https://www.instagram.com/hongseongobba/\n페이스북 👍 https://www.facebook.com/hongseongobba/ \n카카오톡 😀 홍성오빠 유튜브 오픈채팅방 official (인형뽑기)\n문의 📧 cafe_therapy@naver.com (촬영, 창업컨설팅, 스폰)\n택배 🚚 서울특별시 성동구 성수이로20길 16 JK타워 8층, 트레져헌터 (홍성오빠)\n만나는 곳 🙋‍♂️ 충청남도 홍성군 홍성읍 조양로205번길 67, 뽑기가 안되면 홍성스쿨\n\n♫intro music : Urban Fashion (from. envato elements)\n♫outro music : FORTRESS 2 BLUE OST 'SERVER' 中\n\n#인형뽑기 #홍성오빠 #홍성유튜버",
        "thumbnail": "https://i.ytimg.com/vi/vAJVwbeTb_c/mqdefault.jpg",
        "youtubeVideoId": "vAJVwbeTb_c",
        "uploadedDate": "2021-07-13T03:12:53Z",
        "viewCount": 2215,
        "isCommercial": "False"
    },
    {
        "id": "67b81258-ec66-4f18-8787-d8e41b3df428",
        "title": "충청도형이 사장님의 리셋을 기다리는 이유 | 홍성 인형뽑기 #10​​​​​​​​​​​​​​​​​​​​91) 홍성오빠",
        "description": "아.. 이래서 형이 사장님을 그렇게 목놓아 기다렸던 거구나;\n\n구독😍좋아요👍댓글💬 감사합니다!\n정기후원 👍 https://bit.ly/33Jc5lV\n인스타그램 👍 https://www.instagram.com/hongseongobba/\n페이스북 👍 https://www.facebook.com/hongseongobba/ \n카카오톡 😀 홍성오빠 유튜브 오픈채팅방 official (인형뽑기)\n문의 📧 cafe_therapy@naver.com (촬영, 창업컨설팅, 스폰)\n택배 🚚 서울특별시 성동구 성수이로20길 16 JK타워 8층, 트레져헌터 (홍성오빠)\n만나는 곳 🙋‍♂️ 충청남도 홍성군 홍성읍 조양로205번길 67, 뽑기가 안되면 홍성스쿨\n\n♫intro music : Urban Fashion (from. envato elements)\n♫outro music : FORTRESS 2 BLUE OST 'SERVER' 中\n\n#인형뽑기 #홍성오빠 #홍성유튜버",
        "thumbnail": "https://i.ytimg.com/vi/iHDaC6yC_O0/mqdefault.jpg",
        "youtubeVideoId": "iHDaC6yC_O0",
        "uploadedDate": "2021-06-13T02:38:37Z",
        "viewCount": 4519,
        "isCommercial": "False"
    },
    {
        "id": "6c80ee2c-d1ce-44a8-9130-d3809b2c1f5c",
        "title": "낚임.. 후크선장 갈고리 뽑기!? 이걸 어떻게 뽑아요 | 보령 흑석동 인형뽑기 #10​​​​​​​​​​​​​​​​​​​​90) 홍성오빠",
        "description": "오랜만에 대천해수욕장에 있는 오락실에서 이색뽑기 발견! 걸어서 뽑으라는데.. 걸고나서는 어떻게 뽑죠!?\n\n구독😍좋아요👍댓글💬 감사합니다!\n정기후원 👍 https://bit.ly/33Jc5lV\n인스타그램 👍 https://www.instagram.com/hongseongobba/\n페이스북 👍 https://www.facebook.com/hongseongobba/ \n카카오톡 😀 홍성오빠 유튜브 오픈채팅방 official (인형뽑기)\n문의 📧 cafe_therapy@naver.com (촬영, 창업컨설팅, 스폰)\n택배 🚚 서울특별시 성동구 성수이로20길 16 JK타워 8층, 트레져헌터 (홍성오빠)\n만나는 곳 🙋‍♂️ 충청남도 홍성군 홍성읍 조양로205번길 67, 뽑기가 안되면 홍성스쿨\n\n♫intro music : Urban Fashion (from. envato elements)\n♫outro music : FORTRESS 2 BLUE OST 'SERVER' 中\n\n#인형뽑기 #홍성오빠 #홍성유튜버",
        "thumbnail": "https://i.ytimg.com/vi/7XjNIEyFQfM/mqdefault.jpg",
        "youtubeVideoId": "7XjNIEyFQfM",
        "uploadedDate": "2021-06-12T01:10:06Z",
        "viewCount": 6328,
        "isCommercial": "False"
    },
    {
        "id": "743f1a52-5214-4a89-89ef-5a128e1e1e4b",
        "title": "가나 초콜릿맛 풍선껌? 처음 본 대가가 꽤 컸네요 | 홍성 인형뽑기 #10​​​​​​​​​​​​​​​​​​​​87) 홍성오빠",
        "description": "근데 맛있음..ㅋㅋㅋ\n\n구독😍좋아요👍댓글💬 감사합니다!\n정기후원 👍 https://bit.ly/33Jc5lV\n인스타그램 👍 https://www.instagram.com/hongseongobba/\n페이스북 👍 https://www.facebook.com/hongseongobba/ \n카카오톡 😀 홍성오빠 유튜브 오픈채팅방 official (인형뽑기)\n문의 📧 cafe_therapy@naver.com (촬영, 창업컨설팅, 스폰)\n택배 🚚 서울특별시 성동구 성수이로20길 16 JK타워 8층, 트레져헌터 (홍성오빠)\n만나는 곳 🙋‍♂️ 충청남도 홍성군 홍성읍 조양로205번길 67, 뽑기가 안되면 홍성스쿨\n\n♫intro music : Urban Fashion (from. envato elements)\n♫outro music : FORTRESS 2 BLUE OST 'SERVER' 中\n\n#인형뽑기 #홍성오빠 #홍성유튜버",
        "thumbnail": "https://i.ytimg.com/vi/UhPbjnacV4Q/mqdefault.jpg",
        "youtubeVideoId": "UhPbjnacV4Q",
        "uploadedDate": "2021-06-09T06:13:04Z",
        "viewCount": 3981,
        "isCommercial": "False"
    },
    {
        "id": "d9392c6a-202b-4397-81e4-167097d367f9",
        "title": "오늘 촉 미쳤습니다. | 인천 청천동 인형뽑기 #10​​​​​​​​​​​​​​​​​​​​80) 홍성오빠",
        "description": "선물함 12개 중 하나를 꽂았는데 ㄷㄷ;\n\n구독😍좋아요👍댓글💬 감사합니다!\n정기후원 👍 https://bit.ly/33Jc5lV\n인스타그램 👍 https://www.instagram.com/hongseongobba/\n페이스북 👍 https://www.facebook.com/hongseongobba/ \n카카오톡 😀 홍성오빠 유튜브 오픈채팅방 official (인형뽑기)\n문의 📧 cafe_therapy@naver.com (촬영, 창업컨설팅, 스폰)\n택배 🚚 서울특별시 성동구 성수이로20길 16 JK타워 8층, 트레져헌터 (홍성오빠)\n만나는 곳 🙋‍♂️ 충청남도 홍성군 홍성읍 조양로205번길 67, 뽑기가 안되면 홍성스쿨\n\n♫intro music : Urban Fashion (from. envato elements)\n♫outro music : FORTRESS 2 BLUE OST 'SERVER' 中\n\n#인형뽑기 #홍성오빠 #홍성유튜버",
        "thumbnail": "https://i.ytimg.com/vi/BBfr7MHjt30/mqdefault.jpg",
        "youtubeVideoId": "BBfr7MHjt30",
        "uploadedDate": "2021-06-02T09:41:36Z",
        "viewCount": 7356,
        "isCommercial": "False"
    },
    {
        "id": "4e614b9c-8f8f-4589-9bbd-168d04fd6e79",
        "title": "대형앰프 대형RC카 에어 써큘레이터 공기정화기 무선선풍기 라코스테 티셔츠 포충기 칼가위세트 | 인천 석남동 인형뽑기 #10​​​​​​​​​​​​​​​​​​​​76) 홍성오빠",
        "description": "하루에 뽑은게 아니라 한 기계에서 다 뽑음.. 버억~\n\n구독😍좋아요👍댓글💬 감사합니다!\n정기후원 👍 https://bit.ly/33Jc5lV\n인스타그램 👍 https://www.instagram.com/hongseongobba/\n페이스북 👍 https://www.facebook.com/hongseongobba/ \n카카오톡 😀 홍성오빠 유튜브 오픈채팅방 official (인형뽑기)\n문의 📧 cafe_therapy@naver.com (촬영, 창업컨설팅, 스폰)\n택배 🚚 서울특별시 성동구 성수이로20길 16 JK타워 8층, 트레져헌터 (홍성오빠)\n만나는 곳 🙋‍♂️ 충청남도 홍성군 홍성읍 조양로205번길 67, 뽑기가 안되면 홍성스쿨\n\n♫intro music : Urban Fashion (from. envato elements)\n♫outro music : FORTRESS 2 BLUE OST 'SERVER' 中\n\n#인형뽑기 #홍성오빠 #홍성유튜버",
        "thumbnail": "https://i.ytimg.com/vi/K_XiktYS7a8/mqdefault.jpg",
        "youtubeVideoId": "K_XiktYS7a8",
        "uploadedDate": "2021-05-28T22:18:33Z",
        "viewCount": 5592,
        "isCommercial": "False"
    },
    {
        "id": "c06e3c7f-68e3-4b99-b41c-0600faf6ab64",
        "title": "이만큼 뽑는데 얼마나 들었을까요? | 부산 수영동 인형뽑기 #10​​​​​​​​​​​​​​​​​​​​69) 홍성오빠",
        "description": "역시 먹는게 남는 것..!\n\n구독😍좋아요👍댓글💬 감사합니다!\n정기후원 👍 https://bit.ly/33Jc5lV\n인스타그램 👍 https://www.instagram.com/hongseongobba/\n페이스북 👍 https://www.facebook.com/hongseongobba/ \n카카오톡 😀 홍성오빠 유튜브 오픈채팅방 official (인형뽑기)\n문의 📧 cafe_therapy@naver.com (촬영, 창업컨설팅, 스폰)\n택배 🚚 서울특별시 성동구 성수이로20길 16 JK타워 8층, 트레져헌터 (홍성오빠)\n만나는 곳 🙋‍♂️ 충청남도 홍성군 홍성읍 조양로205번길 67, 뽑기가 안되면 홍성스쿨\n\n♫intro music : Urban Fashion (from. envato elements)\n♫outro music : FORTRESS 2 BLUE OST 'SERVER' 中\n\n#인형뽑기 #홍성오빠 #홍성유튜버",
        "thumbnail": "https://i.ytimg.com/vi/c4tzTuLYYiA/mqdefault.jpg",
        "youtubeVideoId": "c4tzTuLYYiA",
        "uploadedDate": "2021-05-22T04:14:45Z",
        "viewCount": 10704,
        "isCommercial": "False"
    },
    {
        "id": "2bb9f2d8-2a4c-4255-a67b-debecabc783b",
        "title": "이럴 바엔 와리를 치지..😭 | 인천 간석동 인형뽑기 #1102​​​​​​​​​​​​​​​​​​​) 홍성오빠 #꿀망뽑기",
        "description": "여우굴 습격의 마지막은 꿀망뽑기로...!\n\n구독😍좋아요👍댓글💬 감사합니다!\n정기후원 👍 https://bit.ly/33Jc5lV\n인스타그램 👍 https://www.instagram.com/hongseongobba/\n페이스북 👍 https://www.facebook.com/hongseongobba/ \n카카오톡 😀 홍성오빠 유튜브 오픈채팅방 official (인형뽑기)\n문의 📧 cafe_therapy@naver.com (촬영, 창업컨설팅, 스폰)\n택배 🚚 서울특별시 성동구 성수이로20길 16 JK타워 8층, 트레져헌터 (홍성오빠)\n만나는 곳 🙋‍♂️ 충청남도 홍성군 홍성읍 조양로205번길 67, 뽑기가 안되면 홍성스쿨\n\n♫intro music : Urban Fashion (from. envato elements)\n♫outro music : FORTRESS 2 BLUE OST 'SERVER' 中\n\n#인형뽑기 #홍성오빠 #홍성유튜버",
        "thumbnail": "https://i.ytimg.com/vi/fBa94yLMg64/mqdefault.jpg",
        "youtubeVideoId": "fBa94yLMg64",
        "uploadedDate": "2021-03-23T02:08:19Z",
        "viewCount": 5435,
        "isCommercial": "False"
    },
    {
        "id": "7e77eec2-293b-4831-bb04-31f624cedf43",
        "title": "🎁종합뽑기세트 들고왔습니다 | 서산 석림동 인형뽑기 #1097​​​​​​​​​​​​​​​​​) 홍성오빠 #와리뽑기 #꿀망뽑기 #푸쉬뽑기",
        "description": "🎁종합뽑기세트 받으세요 여러분들!\n\n구독😍좋아요👍댓글💬 감사합니다!\n정기후원 👍 https://bit.ly/33Jc5lV\n인스타그램 👍 https://www.instagram.com/hongseongobba/\n페이스북 👍 https://www.facebook.com/hongseongobba/ \n카카오톡 😀 홍성오빠 유튜브 오픈채팅방 official (인형뽑기)\n문의 📧 cafe_therapy@naver.com (촬영, 창업컨설팅, 스폰)\n택배 🚚 서울특별시 성동구 성수이로20길 16 JK타워 8층, 트레져헌터 (홍성오빠)\n만나는 곳 🙋‍♂️ 충청남도 홍성군 홍성읍 조양로205번길 67, 뽑기가 안되면 홍성스쿨\n\n♫intro music : Urban Fashion (from. envato elements)\n♫outro music : FORTRESS 2 BLUE OST 'SERVER' 中\n\n#인형뽑기 #홍성오빠 #홍성유튜버",
        "thumbnail": "https://i.ytimg.com/vi/gP2ba6Eo1As/mqdefault.jpg",
        "youtubeVideoId": "gP2ba6Eo1As",
        "uploadedDate": "2021-02-23T13:06:07Z",
        "viewCount": 6019,
        "isCommercial": "False"
    },
    {
        "id": "e5d2902e-d6f7-44f2-ad86-db9860d22ef3",
        "title": "🙏성난파도님! 날 보고 있다면 정답을 알려줘 | 예산 인형뽑기 #1095​​​​​​​​​​​​​​​) 홍성오빠 #와리뽑기 #꿀망뽑기",
        "description": "성난파도님의 믿음에 부합하는 그런 뽑기가 아니었나.. 마 그리 생각합니다🙏\n\n구독😍좋아요👍댓글💬 감사합니다!\n정기후원 👍 https://bit.ly/33Jc5lV\n인스타그램 👍 https://www.instagram.com/hongseongobba/\n페이스북 👍 https://www.facebook.com/hongseongobba/ \n카카오톡 😀 홍성오빠 유튜브 오픈채팅방 official (인형뽑기)\n문의 📧 cafe_therapy@naver.com (촬영, 창업컨설팅, 스폰)\n택배 🚚 서울특별시 성동구 성수이로20길 16 JK타워 8층, 트레져헌터 (홍성오빠)\n만나는 곳 🙋‍♂️ 충청남도 홍성군 홍성읍 조양로205번길 67, 뽑기가 안되면 홍성스쿨\n\n♫intro music : Urban Fashion (from. envato elements)\n♫outro music : FORTRESS 2 BLUE OST 'SERVER' 中\n\n#인형뽑기 #홍성오빠 #홍성유튜버",
        "thumbnail": "https://i.ytimg.com/vi/8h5aMnLMZww/mqdefault.jpg",
        "youtubeVideoId": "8h5aMnLMZww",
        "uploadedDate": "2021-02-21T08:00:03Z",
        "viewCount": 4606,
        "isCommercial": "False"
    },
    {
        "id": "5328fa7f-d24c-4094-9ac6-648a4530642f",
        "title": "뽑기방 사장님 😭😭오열하게 만든 사연 | 서산 동문동 인형뽑기 #1091​​​​​​​​​​​​​) 홍성오빠 #인형뽑기 #꿀망뽑기",
        "description": "사장님 죄송합니다😅\n\n구독😍좋아요👍댓글💬 감사합니다!\n정기후원 👍 https://bit.ly/33Jc5lV\n인스타그램 👍 https://www.instagram.com/hongseongobba/\n페이스북 👍 https://www.facebook.com/hongseongobba/ \n카카오톡 😀 홍성오빠 유튜브 오픈채팅방 official (인형뽑기)\n문의 📧 cafe_therapy@naver.com (촬영, 창업컨설팅, 스폰)\n택배 🚚 서울특별시 성동구 성수이로20길 16 JK타워 8층, 트레져헌터 (홍성오빠)\n만나는 곳 🙋‍♂️ 충청남도 홍성군 홍성읍 조양로205번길 67, 뽑기가 안되면 홍성스쿨\n\n♫intro music : Urban Fashion (from. envato elements)\n♫outro music : FORTRESS 2 BLUE OST 'SERVER' 中\n\n#인형뽑기 #홍성오빠 #홍성유튜버",
        "thumbnail": "https://i.ytimg.com/vi/CjXc8j9dlek/mqdefault.jpg",
        "youtubeVideoId": "CjXc8j9dlek",
        "uploadedDate": "2021-02-17T01:24:07Z",
        "viewCount": 10806,
        "isCommercial": "False"
    },
    {
        "id": "8e6bf14b-f07c-4e2c-8f53-64730e7dfaf8",
        "title": "7천원이 가져온 🦋나비효과 | 서산 동문동 인형뽑기 #1089​​​​​​​​​​) 홍성오빠 #인형뽑기 #이색뽑기 #꿀망뽑기",
        "description": "누군가 남겨준 7회의 🦋나비효과가 이렇게 파급력이 있습니다..\n\n구독😍좋아요👍댓글💬 감사합니다!\n정기후원 👍 https://bit.ly/33Jc5lV\n인스타그램 👍 https://www.instagram.com/hongseongobba/\n페이스북 👍 https://www.facebook.com/hongseongobba/ \n카카오톡 😀 홍성오빠 유튜브 오픈채팅방 official (인형뽑기)\n문의 📧 cafe_therapy@naver.com (촬영, 창업컨설팅, 스폰)\n택배 🚚 서울특별시 성동구 성수이로20길 16 JK타워 8층, 트레져헌터 (홍성오빠)\n만나는 곳 🙋‍♂️ 충청남도 홍성군 홍성읍 조양로205번길 67, 뽑기가 안되면 홍성스쿨\n\n♫intro music : Urban Fashion (from. envato elements)\n♫outro music : FORTRESS 2 BLUE OST 'SERVER' 中\n\n#인형뽑기 #홍성오빠 #홍성유튜버",
        "thumbnail": "https://i.ytimg.com/vi/fRx_rl-rBFQ/mqdefault.jpg",
        "youtubeVideoId": "fRx_rl-rBFQ",
        "uploadedDate": "2021-02-14T05:24:43Z",
        "viewCount": 8354,
        "isCommercial": "False"
    },
    {
        "id": "0a5a8d8f-e150-490e-bab8-a55acd8386ac",
        "title": "오랜만에 정통 끼우기 꿀망뽑기! 😷이 시국 필수템을 뽑아봤습니다 | 서산 동문동 인형뽑기 #1085​​​​​​) 홍성오빠",
        "description": "엇갈려 끼우면 마치 랜덤처럼 뽑혀 나가는 맛이 짜릿한 정통 꿀망뽑기로 찾아왔습니다. 킹시국 필수템을 뽑았네요👊\n\n구독😍좋아요👍댓글💬 감사합니다!\n정기후원 👍 https://bit.ly/33Jc5lV\n인스타그램 👍 https://www.instagram.com/hongseongobba/\n페이스북 👍 https://www.facebook.com/hongseongobba/ \n카카오톡 😀 홍성오빠 유튜브 오픈채팅방 official (인형뽑기)\n문의 📧 cafe_therapy@naver.com (촬영, 창업컨설팅, 스폰)\n택배 🚚 서울특별시 성동구 성수이로20길 16 JK타워 8층, 트레져헌터 (홍성오빠)\n만나는 곳 🙋‍♂️ 충청남도 홍성군 홍성읍 조양로205번길 67, 뽑기가 안되면 홍성스쿨\n\n♫intro music : Urban Fashion (from. envato elements)\n♫outro music : Hip Hop Chill and Swag 85 (from. envato elements)\n\n#인형뽑기 #홍성오빠 #꿀망뽑기",
        "thumbnail": "https://i.ytimg.com/vi/M3MhhXL0n3g/mqdefault.jpg",
        "youtubeVideoId": "M3MhhXL0n3g",
        "uploadedDate": "2021-02-10T02:10:14Z",
        "viewCount": 8306,
        "isCommercial": "False"
    },
    {
        "id": "77344e56-8065-4e88-872c-b805e10887df",
        "title": "👵국민 엄마 김혜자 님도 울고 갈 숨은 뽑기 맛집을 찾았습니다 | 창원 용원동 인형뽑기 #1083​​​​) 홍성오빠 #꿀망뽑기 #진해뽑기 #김혜자",
        "description": "👵국민 엄마 김혜자 님도 울고 가실 리얼 숨은 뽑기 맛집을 찾은 것 같습니다. 사장님이 슬슬 걱정이 됩니다..😭😭\n\n구독😍좋아요👍댓글💬 감사합니다!\n정기후원 👍 https://bit.ly/33Jc5lV\n인스타그램 👍 https://www.instagram.com/hongseongobba/\n페이스북 👍 https://www.facebook.com/hongseongobba/ \n카카오톡 😀 홍성오빠 유튜브 오픈채팅방 official (인형뽑기)\n문의 📧 cafe_therapy@naver.com (촬영, 창업컨설팅, 스폰)\n택배 🚚 서울특별시 성동구 성수이로20길 16 JK타워 8층, 트레져헌터 (홍성오빠)\n만나는 곳 🙋‍♂️ 충청남도 홍성군 홍성읍 조양로205번길 67, 뽑기가 안되면 홍성스쿨\n\n♫intro music : Urban Fashion (from. envato elements)\n♫outro music : Hip Hop Chill and Swag 85 (from. envato elements)\n\n#인형뽑기 #홍성오빠 #홍성유튜버",
        "thumbnail": "https://i.ytimg.com/vi/MMNejO2Jo78/mqdefault.jpg",
        "youtubeVideoId": "MMNejO2Jo78",
        "uploadedDate": "2021-02-07T17:00:25Z",
        "viewCount": 9577,
        "isCommercial": "False"
    },
    {
        "id": "ce3bd83b-aaff-4de9-98c1-ed12b7f2ebff",
        "title": "한 놈만 팬다! 다 필요없고 딱 1개있는 🎁선물박스 너만 노립니다 | 창원 용원동 인형뽑기 #1079​) 홍성오빠 #꿀망뽑기 #인형뽑기",
        "description": "난 한 놈만 패!❤️\n\n구독😍좋아요👍댓글💬 감사합니다!\n정기후원 👍 https://bit.ly/33Jc5lV\n인스타그램 👍 https://www.instagram.com/hongseongobba/\n페이스북 👍 https://www.facebook.com/hongseongobba/ \n카카오톡 😀 홍성오빠 유튜브 오픈채팅방 official (인형뽑기)\n문의 📧 cafe_therapy@naver.com (촬영, 창업컨설팅, 스폰)\n택배 🚚 서울특별시 성동구 성수이로20길 16 JK타워 8층, 트레져헌터 (홍성오빠)\n만나는 곳 🙋‍♂️ 충청남도 홍성군 홍성읍 조양로205번길 67, 뽑기가 안되면 홍성스쿨\n\n♫intro music : Urban Fashion (from. envato elements)\n♫outro music : Hip Hop Chill and Swag 85 (from. envato elements)\n\n#인형뽑기 #홍성오빠 #홍성유튜버",
        "thumbnail": "https://i.ytimg.com/vi/u6eEEFEr7bY/mqdefault.jpg",
        "youtubeVideoId": "u6eEEFEr7bY",
        "uploadedDate": "2021-02-04T05:58:16Z",
        "viewCount": 6511,
        "isCommercial": "False"
    },
    {
        "id": "9d1c5853-5387-443f-9345-8e2b2b776504",
        "title": "👨‍🏫작은 원형망에 주렁주렁 매달린 상품과 열쇠를 뽑는 방법 | 서산 동문동 인형뽑기 #1076) 홍성오빠 #꿀망뽑기 #이색뽑기 #인형뽑기잘하는법",
        "description": "아.. 번호좀 제대로 보고 덤빌걸;😅\n\n구독😍좋아요👍댓글💬 감사합니다!\n정기후원 👍 https://bit.ly/33Jc5lV\n인스타그램 👍 https://www.instagram.com/hongseongobba/\n페이스북 👍 https://www.facebook.com/hongseongobba/ \n카카오톡 😀 홍성오빠 유튜브 오픈채팅방 official (인형뽑기)\n문의 📧 cafe_therapy@naver.com (촬영, 창업컨설팅, 스폰)\n택배 🚚 서울특별시 성동구 성수이로20길 16 JK타워 8층, 트레져헌터 (홍성오빠)\n만나는 곳 🙋‍♂️ 충청남도 홍성군 홍성읍 조양로205번길 67, 뽑기가 안되면 홍성스쿨\n\n♫intro music : Urban Fashion (from. envato elements)\n♫outro music : Hip Hop Chill and Swag 85 (from. envato elements)\n\n#인형뽑기 #홍성오빠 #홍성유튜버",
        "thumbnail": "https://i.ytimg.com/vi/kBU-x8FMlD4/mqdefault.jpg",
        "youtubeVideoId": "kBU-x8FMlD4",
        "uploadedDate": "2021-01-31T23:15:19Z",
        "viewCount": 8626,
        "isCommercial": "False"
    },
    {
        "id": "e68adaaf-7c8c-4af7-b7e0-92e406047753",
        "title": "홍성오빠의 극대노🤬 | 예산 인형뽑기 #1075) 홍성오빠 #꿀망뽑기 #뽀끼뽀끼 #극대노",
        "description": "오랜만에 복귀전인데 ㅂㄷㅂㄷ🤬\n\n구독😍좋아요👍댓글💬 감사합니다!\n정기후원 👍 https://bit.ly/33Jc5lV\n인스타그램 👍 https://www.instagram.com/hongseongobba/\n페이스북 👍 https://www.facebook.com/hongseongobba/ \n카카오톡 😀 홍성오빠 유튜브 오픈채팅방 official (인형뽑기)\n문의 📧 cafe_therapy@naver.com (촬영, 창업컨설팅, 스폰)\n택배 🚚 서울특별시 성동구 성수이로20길 16 JK타워 8층, 트레져헌터 (홍성오빠)\n만나는 곳 🙋‍♂️ 충청남도 홍성군 홍성읍 조양로205번길 67, 뽑기가 안되면 홍성스쿨\n\n♫intro music : Urban Fashion (from. envato elements)\n♫outro music : Hip Hop Chill and Swag 85 (from. envato elements)\n\n#인형뽑기 #홍성오빠 #홍성유튜버",
        "thumbnail": "https://i.ytimg.com/vi/rcufV6N5R54/mqdefault.jpg",
        "youtubeVideoId": "rcufV6N5R54",
        "uploadedDate": "2021-01-31T08:17:12Z",
        "viewCount": 10033,
        "isCommercial": "False"
    },
    {
        "id": "8cfc6bf4-12ec-4ea9-a623-7afc671620bf",
        "title": "에르메스 👜명품백인가!? 뭔가 고급져 보이는 미키마우스 버킨백 뽑기 | 남양주 별내동 인형뽑기 #1065) 홍성오빠 #꿀망뽑기 #인형뽑기 #디즈니",
        "description": "에르메스 버킨백하고 꼭 닮은 디즈니 미키마우스 버킨백!? 일단 도전~😀\n\n구독😍좋아요👍댓글💬 감사합니다!\n정기후원 👍 https://bit.ly/33Jc5lV\n인스타그램 👍 https://www.instagram.com/hongseongobba/\n페이스북 👍 https://www.facebook.com/hongseongobba/ \n카카오톡 😀 홍성오빠 유튜브 오픈채팅방 official (인형뽑기)\n문의 📧 cafe_therapy@naver.com (촬영, 창업컨설팅, 스폰)\n택배 🚚 서울특별시 성동구 성수이로20길 16 JK타워 8층, 트레져헌터 (홍성오빠)\n만나는 곳 🙋‍♂️ 충청남도 홍성군 홍성읍 조양로205번길 67, 뽑기가 안되면 홍성스쿨\n\n♫intro music : Urban Fashion (from. envato elements)\n♫outro music : Hip Hop Chill and Swag 85 (from. envato elements)\n\n#인형뽑기 #홍성오빠 #홍성유튜버",
        "thumbnail": "https://i.ytimg.com/vi/gs8i_mLLODA/mqdefault.jpg",
        "youtubeVideoId": "gs8i_mLLODA",
        "uploadedDate": "2020-12-13T06:16:15Z",
        "viewCount": 21247,
        "isCommercial": "False"
    },
    {
        "id": "657d5ad6-bfca-4ecf-a325-2453af71f993",
        "title": "😱충격적이게도 뽑기 중에 집게줄이 끊어졌습니다... | 대전 갈마동 인형뽑기 #1060) 홍성오빠 #꿀망뽑기 #와리가리뽑기 #카카오프렌즈",
        "description": "뽑기를 할 때는 종종 이런 에피소드가 생기죠. 집게가 꼬이는건 이제는 흔히 나타나는 일이 됐고.. 푸쉬 중 유리가 박살이 난다거나.. 집게가 끊어진다거나.. 흐름 끊는덴 최고🤣\n\n구독😍좋아요👍댓글💬 감사합니다!\n정기후원 👍 https://bit.ly/33Jc5lV\n인스타그램 👍 https://www.instagram.com/hongseongobba/\n페이스북 👍 https://www.facebook.com/hongseongobba/ \n카카오톡 😀 홍성오빠 유튜브 오픈채팅방 official (인형뽑기)\n문의 📧 cafe_therapy@naver.com (촬영, 창업컨설팅, 스폰)\n택배 🚚 서울특별시 성동구 성수이로20길 16 JK타워 8층, 트레져헌터 (홍성오빠)\n만나는 곳 🙋‍♂️ 충청남도 홍성군 홍성읍 조양로205번길 67, 뽑기가 안되면 홍성스쿨\n\n♫intro music : Urban Fashion (from. envato elements)\n♫outro music : Hip Hop Chill and Swag 85 (from. envato elements)\n\n#인형뽑기 #홍성오빠 #홍성유튜버",
        "thumbnail": "https://i.ytimg.com/vi/Gb-w0pT1k2A/mqdefault.jpg",
        "youtubeVideoId": "Gb-w0pT1k2A",
        "uploadedDate": "2020-11-30T08:15:10Z",
        "viewCount": 14132,
        "isCommercial": "False"
    },
    {
        "id": "013b7f3c-5628-4fe6-a53b-f550edeba32b",
        "title": "고무줄 타이 와리가리 뽑기... 😤복수하러 왔습니다 | 대전 갈마동 인형뽑기 #1038) 홍성오빠 #피규어뽑기 #와리가리뽑기 #이색뽑기",
        "description": "지난 8월에 도전했던 고무줄 타이 와리가리 뽑기... 복수하러 다시 대전을 갔습니다. 처음 경험했던 뽑기에 다시 도전하면 이길 수 있을까요!?\n\n구독😍좋아요👍댓글💬 감사합니다!\n정기후원 👍 https://bit.ly/33Jc5lV\n인스타그램 👍 https://www.instagram.com/hongseongobba/\n페이스북 👍 https://www.facebook.com/hongseongobba/ \n카카오톡 😀 홍성오빠 유튜브 오픈채팅방 official (인형뽑기)\n문의 📧 cafe_therapy@naver.com (촬영, 창업컨설팅, 스폰)\n택배 🚚 서울특별시 성동구 성수이로20길 16 JK타워 8층, 트레져헌터 (홍성오빠)\n만나는 곳 🙋‍♂️ 충청남도 홍성군 홍성읍 조양로205번길 67, 뽑기가 안되면 홍성스쿨\n\n♫intro music : Urban Fashion (from. envato elements)\n♫outro music : Hip Hop Chill and Swag 85 (from. envato elements)\n\n#인형뽑기 #홍성오빠 #홍성유튜버",
        "thumbnail": "https://i.ytimg.com/vi/C9b65OXAEZ0/mqdefault.jpg",
        "youtubeVideoId": "C9b65OXAEZ0",
        "uploadedDate": "2020-10-14T13:04:22Z",
        "viewCount": 12166,
        "isCommercial": "False"
    },
    {
        "id": "40da7e86-181f-4309-9ce0-3b5748e5f7a7",
        "title": "🧠머리부터 🦶발끝까지! 건담 프라모델로 탑을 쌓아놨네요? 뭉개서 뽑아버리기 도전ㅋㅋㅋ | 대구 신서동 인형뽑기 #1036) 홍성오빠 #건담프라모델 #건프라 #프라모델뽑기",
        "description": "처음에 보고 사장님 개인 진열장인 줄 알았습니닼ㅋㅋㅋㅋㅋ 이렇게 정성스럽게 쌓아두시니 뭉개고 싶잖아요 사장님~😜\n\n구독😍좋아요👍댓글💬 감사합니다!\n정기후원 👍 https://bit.ly/33Jc5lV\n인스타그램 👍 https://www.instagram.com/hongseongobba/\n페이스북 👍 https://www.facebook.com/hongseongobba/ \n카카오톡 😀 홍성오빠 유튜브 오픈채팅방 official (인형뽑기)\n문의 📧 cafe_therapy@naver.com (촬영, 창업컨설팅, 스폰)\n택배 🚚 서울특별시 성동구 성수이로20길 16 JK타워 8층, 트레져헌터 (홍성오빠)\n만나는 곳 🙋‍♂️ 충청남도 홍성군 홍성읍 조양로205번길 67, 뽑기가 안되면 홍성스쿨\n\n♫intro music : Urban Fashion (from. envato elements)\n♫outro music : Hip Hop Chill and Swag 85 (from. envato elements)\n\n#인형뽑기 #홍성오빠 #홍성유튜버",
        "thumbnail": "https://i.ytimg.com/vi/EOvfhUji1uI/mqdefault.jpg",
        "youtubeVideoId": "EOvfhUji1uI",
        "uploadedDate": "2020-10-06T20:07:32Z",
        "viewCount": 24955,
        "isCommercial": "False"
    },
    {
        "id": "8c6ac4d9-44f3-4d54-bea4-0e019b70c852",
        "title": "🍔롯데리아 햄버거 문제있어? 팀워크없이 개인주의로 뽑기 | 김해 삼방동 인형뽑기 #1031) 홍성오빠 #롯데리아 #햄버거뽑기 #밀리터리버거 #이근",
        "description": "롯데리아에서 새로 나온 밀리터리버거 먹고싶어요! 인성 문제 없습니다. 햄버억~ 역시 햄버거 상품권 뽑기가 제일 재밌는 것 같아유!!ㅋㅋ\n\n구독😍좋아요👍댓글💬 감사합니다!\n정기후원 👍 https://bit.ly/33Jc5lV\n인스타그램 👍 https://www.instagram.com/hongseongobba/\n페이스북 👍 https://www.facebook.com/hongseongobba/ \n카카오톡 😀 홍성오빠 유튜브 오픈채팅방 official (인형뽑기)\n문의 📧 cafe_therapy@naver.com (촬영, 창업컨설팅, 스폰)\n택배 🚚 서울특별시 성동구 성수이로20길 16 JK타워 8층, 트레져헌터 (홍성오빠)\n만나는 곳 🙋‍♂️ 충청남도 홍성군 홍성읍 조양로205번길 67, 뽑기가 안되면 홍성스쿨\n\n♫intro music : Urban Fashion (from. envato elements)\n♫outro music : Hip Hop Chill and Swag 85 (from. envato elements)\n\n#인형뽑기 #홍성오빠 #홍성유튜버",
        "thumbnail": "https://i.ytimg.com/vi/LB1NOOGs8wg/mqdefault.jpg",
        "youtubeVideoId": "LB1NOOGs8wg",
        "uploadedDate": "2020-09-27T12:16:18Z",
        "viewCount": 10590,
        "isCommercial": "False"
    },
    {
        "id": "0496d29b-22c1-4ab3-8866-c68e781be09e",
        "title": "부산 👨‍🏫문현스쿨에 교육생으로 방문했습니다 (/w 성난파도 & 보험행님) | 부산 문현동 인형뽑기 #1030) 홍성오빠 #라면뽑기 #꿀망뽑기",
        "description": "보통은 참교육을 위해 뽑기방을 가지만 오늘만큼은 교육생의 입장에서 문현스쿨에서 배워봅니다. 문현스쿨 교장선생님의 까리한 교육 들어보시겠습니다.\n\n구독😍좋아요👍댓글💬 감사합니다!\n정기후원 👍 https://bit.ly/33Jc5lV\n인스타그램 👍 https://www.instagram.com/hongseongobba/\n페이스북 👍 https://www.facebook.com/hongseongobba/ \n카카오톡 😀 홍성오빠 유튜브 오픈채팅방 official (인형뽑기)\n문의 📧 cafe_therapy@naver.com (촬영, 창업컨설팅, 스폰)\n택배 🚚 서울특별시 성동구 성수이로20길 16 JK타워 8층, 트레져헌터 (홍성오빠)\n만나는 곳 🙋‍♂️ 충청남도 홍성군 홍성읍 조양로205번길 67, 뽑기가 안되면 홍성스쿨\n\n♫intro music : Urban Fashion (from. envato elements)\n♫outro music : Hip Hop Chill and Swag 85 (from. envato elements)\n\n#인형뽑기 #홍성오빠 #홍성유튜버",
        "thumbnail": "https://i.ytimg.com/vi/_jKbP6fPajo/mqdefault.jpg",
        "youtubeVideoId": "_jKbP6fPajo",
        "uploadedDate": "2020-09-27T03:49:26Z",
        "viewCount": 7242,
        "isCommercial": "False"
    },
    {
        "id": "cd8b5e09-92ad-406e-9382-7b5fe8042954",
        "title": "놓는 범위 없는 피규어 뽑기 속 숨은 반전! 🤷‍♂️사장님 그런 꼼수 안 통합니다 | 부산 문현동 인형뽑기 #1029) 홍성오빠 #인형뽑기 #피규어뽑기 #꿀망뽑기",
        "description": "놓는 범위가 없다고 했지 힘이 좋다는건 아니었다! 사장님의 꼼수를 알아채고 차분히 뽑기를 이어가는데...\n\n구독😍좋아요👍댓글💬 감사합니다!\n정기후원 👍 https://bit.ly/33Jc5lV\n인스타그램 👍 https://www.instagram.com/hongseongobba/\n페이스북 👍 https://www.facebook.com/hongseongobba/ \n카카오톡 😀 홍성오빠 유튜브 오픈채팅방 official (인형뽑기)\n문의 📧 cafe_therapy@naver.com (촬영, 창업컨설팅, 스폰)\n택배 🚚 서울특별시 성동구 성수이로20길 16 JK타워 8층, 트레져헌터 (홍성오빠)\n만나는 곳 🙋‍♂️ 충청남도 홍성군 홍성읍 조양로205번길 67, 뽑기가 안되면 홍성스쿨\n\n♫intro music : Urban Fashion (from. envato elements)\n♫outro music : Hip Hop Chill and Swag 85 (from. envato elements)\n\n#인형뽑기 #홍성오빠 #부산뽑기",
        "thumbnail": "https://i.ytimg.com/vi/9euMN63ufP0/mqdefault.jpg",
        "youtubeVideoId": "9euMN63ufP0",
        "uploadedDate": "2020-09-26T00:50:30Z",
        "viewCount": 44727,
        "isCommercial": "False"
    },
    {
        "id": "e2a487a4-a606-4601-a624-1464fb09c3b2",
        "title": "🍔홍성오빠🍟가 부산을 갈 때마다 끼니 걱정을 안 하는 이유 | 부산 망미동 인형뽑기 #1014) 홍성오빠",
        "description": "부산을 갈 때면 음료와 식사는 늘 뽑기로 해결하는 것 같습니닼ㅋㅋㅋㅋ 롯데리아 햄버거세트 먹고 디저트는 스타벅스가서 해결! 역시 먹거리도 뽑기입니다 :) \n\n구독😍좋아요👍댓글💬 감사합니다!\n정기후원 👍 https://bit.ly/33Jc5lV\n인스타그램 👍 https://www.instagram.com/hongseongobba/\n페이스북 👍 https://www.facebook.com/hongseongobba/ \n카카오톡 😀 홍성오빠 유튜브 오픈채팅방 official (인형뽑기)\n문의 📧 cafe_therapy@naver.com (촬영, 창업컨설팅, 스폰)\n택배 🚚 서울특별시 성동구 성수이로20길 16 JK타워 8층, 트레져헌터 (홍성오빠)\n만나는 곳 🙋‍♂️ 충청남도 홍성군 홍성읍 조양로205번길 67, 뽑기가 안되면 홍성스쿨\n\n♫intro music : Urban Fashion (from. envato elements)\n♫outro music : Hip Hop Chill and Swag 85 (from. envato elements)\n\n#롯데리아 #햄버거뽑기 #부산뽑기",
        "thumbnail": "https://i.ytimg.com/vi/7ORAXptpJ8E/mqdefault.jpg",
        "youtubeVideoId": "7ORAXptpJ8E",
        "uploadedDate": "2020-08-06T04:19:25Z",
        "viewCount": 8941,
        "isCommercial": "False"
    },
    {
        "id": "1984a5e3-b56b-43a7-984e-6a69185e3691",
        "title": "💰💰이 많은 것을 다 뽑는데 얼마나 들었을까요? | 대전 갈마동 인형뽑기 #1013) 홍성오빠",
        "description": "역시 뽑기는 생활가전이나 잡화가 개꿀입니다..bb\n\n구독😍좋아요👍댓글💬 감사합니다!\n정기후원 👍 https://bit.ly/33Jc5lV\n인스타그램 👍 https://www.instagram.com/hongseongobba/\n페이스북 👍 https://www.facebook.com/hongseongobba/ \n카카오톡 😀 홍성오빠 유튜브 오픈채팅방 official (인형뽑기)\n문의 📧 cafe_therapy@naver.com (촬영, 창업컨설팅, 스폰)\n택배 🚚 서울특별시 성동구 성수이로20길 16 JK타워 8층, 트레져헌터 (홍성오빠)\n만나는 곳 🙋‍♂️ 충청남도 홍성군 홍성읍 조양로205번길 67, 뽑기가 안되면 홍성스쿨\n\n♫intro music : Urban Fashion (from. envato elements)\n♫outro music : Hip Hop Chill and Swag 85 (from. envato elements)\n\n#인형뽑기 #홍성오빠 #홍성유튜버",
        "thumbnail": "https://i.ytimg.com/vi/cKZBSNA4Ggg/mqdefault.jpg",
        "youtubeVideoId": "cKZBSNA4Ggg",
        "uploadedDate": "2020-08-05T03:35:25Z",
        "viewCount": 10592,
        "isCommercial": "False"
    },
    {
        "id": "2b54f274-44e3-43fc-b2ed-4002b6bb7e32",
        "title": "고무줄과 겨우 케이블타이 한 줄뿐!? 🤷🏻‍♂️너무 쉬운 와리뽑기 아닌가요 | 대전 탄방동 인형뽑기 #1011) 홍성오빠 STARBUCKS SUMMER READYBAG GET",
        "description": "너무 쉬워보이는 와리가리 뽑기로 스타벅스 서머레디백과 헐크버스터 레진 피규어 뽑기에 도전! 요즘 레디백 품귀라던데ㄷㄷ\n\n구독😍좋아요👍댓글💬 감사합니다!\n정기후원 👍 https://bit.ly/33Jc5lV\n인스타그램 👍 https://www.instagram.com/hongseongobba/\n페이스북 👍 https://www.facebook.com/hongseongobba/ \n카카오톡 😀 홍성오빠 유튜브 오픈채팅방 official (인형뽑기)\n문의 📧 cafe_therapy@naver.com (촬영, 창업컨설팅, 스폰)\n택배 🚚 서울특별시 성동구 성수이로20길 16 JK타워 8층, 트레져헌터 (홍성오빠)\n만나는 곳 🙋‍♂️ 충청남도 홍성군 홍성읍 조양로205번길 67, 뽑기가 안되면 홍성스쿨\n\n♫intro music : Urban Fashion (from. envato elements)\n♫outro music : Hip Hop Chill and Swag 85 (from. envato elements)\n\n#스타벅스레디백 #헐크버스터피규어 #레진피규어뽑기 #와리가리뽑기",
        "thumbnail": "https://i.ytimg.com/vi/Nb-7kfLcyrQ/mqdefault.jpg",
        "youtubeVideoId": "Nb-7kfLcyrQ",
        "uploadedDate": "2020-07-31T17:26:35Z",
        "viewCount": 10078,
        "isCommercial": "False"
    },
    {
        "id": "054d21fe-d19e-4e53-b043-fcb62be96adb",
        "title": "🐧이렇게 큰 인형이 선물함에 들어가는 것도 신기; 1미터짜리 진짜 자이언트 펭수 인형을 뽑았습니다ㄷㄷ | 포천 송우리 인형뽑기 #1008) 홍성오빠",
        "description": "요즘은 선물함이 진짜 크게 잘 나오는 것 같아요, 1m 짜리 초대형 인형도 그냥 쑥숙 들어가있다닠ㅋㅋㅋ 이름대로 거대한 자이언트 펭수 인형 겟겟ㄷㄷ\n\n구독😍좋아요👍댓글💬 감사합니다!\n정기후원 👍 https://bit.ly/33Jc5lV\n인스타그램 👍 https://www.instagram.com/hongseongobba/\n페이스북 👍 https://www.facebook.com/hongseongobba/ \n카카오톡 😀 홍성오빠 유튜브 오픈채팅방 official (인형뽑기)\n문의 📧 cafe_therapy@naver.com (촬영, 창업컨설팅, 스폰)\n택배 🚚 서울특별시 성동구 성수이로20길 16 JK타워 8층, 트레져헌터 (홍성오빠)\n만나는 곳 🙋‍♂️ 충청남도 홍성군 홍성읍 조양로205번길 67, 뽑기가 안되면 홍성스쿨\n\n♫intro music : Urban Fashion (from. envato elements)\n♫outro music : Hip Hop Chill and Swag 85 (from. envato elements)\n\n#인형뽑기 #펭수 #홍성유튜버",
        "thumbnail": "https://i.ytimg.com/vi/RiJYFWwrKwc/mqdefault.jpg",
        "youtubeVideoId": "RiJYFWwrKwc",
        "uploadedDate": "2020-06-27T08:20:22Z",
        "viewCount": 7859,
        "isCommercial": "False"
    },
    {
        "id": "6ce5c62b-7a82-4bfb-ae97-15cd48371014",
        "title": "[미션뽑기] 9개의 랜덤박스 통털이하고 귀멸의 칼날 디오라마 피규어 받기 PART 2 | 대전 갈마동 인형뽑기 #1005) 홍성오빠 Korean Claw Machine",
        "description": "무려 9개의 열쇠를 통털이 해야만 받을 수 있는 귀멸의 칼날 디오라마 피규어 세트! 과연 뽑을 수 있었을까요?\n\n구독😍좋아요👍댓글💬 감사합니다!\n정기후원 👍 https://bit.ly/33Jc5lV\n인스타그램 👍 https://www.instagram.com/hongseongobba/\n페이스북 👍 https://www.facebook.com/hongseongobba/ \n카카오톡 😀 홍성오빠 유튜브 오픈채팅방 official (인형뽑기)\n문의 📧 cafe_therapy@naver.com (촬영, 창업컨설팅, 스폰)\n택배 🚚 서울특별시 성동구 성수이로20길 16 JK타워 8층, 트레져헌터 (홍성오빠)\n만나는 곳 🙋‍♂️ 충청남도 홍성군 홍성읍 조양로205번길 67, 뽑기가 안되면 홍성스쿨\n\n♫intro music : Urban Fashion (from. envato elements)\n♫outro music : Hip Hop Chill and Swag 85 (from. envato elements)\n\n#귀멸의칼날 #디오라마 #피규어",
        "thumbnail": "https://i.ytimg.com/vi/WE_8fAFZBrs/mqdefault.jpg",
        "youtubeVideoId": "WE_8fAFZBrs",
        "uploadedDate": "2020-05-14T10:55:07Z",
        "viewCount": 8236,
        "isCommercial": "False"
    },
    {
        "id": "a77b3bd7-0280-4b58-bde9-166747a60b3c",
        "title": "[미션뽑기] 9개의 랜덤박스 통털이하고 귀멸의 칼날 디오라마 피규어 받기 PART 1 | 대전 갈마동 인형뽑기 #1004) 홍성오빠 Korean Claw Machine",
        "description": "요즘 그 바이러스가 다시 유행 조짐을 보이면서 촬영 재개를 잡고 있었는데 다시 어렵게 됐습니다ㅠㅠ 여러분 안전이 최우선입니다! 오늘은 랜덤박스 통털이 미션을 받고 귀멸의 칼날 디오라마 뽑기에 도전합니다 :)\n\n구독😍좋아요👍댓글💬 감사합니다!\n정기후원 👍 https://bit.ly/33Jc5lV\n인스타그램 👍 https://www.instagram.com/hongseongobba/\n페이스북 👍 https://www.facebook.com/hongseongobba/ \n카카오톡 😀 홍성오빠 유튜브 오픈채팅방 official (인형뽑기)\n문의 📧 cafe_therapy@naver.com (촬영, 창업컨설팅, 스폰)\n택배 🚚 서울특별시 성동구 성수이로20길 16 JK타워 8층, 트레져헌터 (홍성오빠)\n만나는 곳 🙋‍♂️ 충청남도 홍성군 홍성읍 조양로205번길 67, 뽑기가 안되면 홍성스쿨\n\n♫intro music : Urban Fashion (from. envato elements)\n♫outro music : Hip Hop Chill and Swag 85 (from. envato elements)\n\n#귀멸의칼날 #디오라마 #피규어",
        "thumbnail": "https://i.ytimg.com/vi/j2SRuDecUQ0/mqdefault.jpg",
        "youtubeVideoId": "j2SRuDecUQ0",
        "uploadedDate": "2020-05-13T03:47:37Z",
        "viewCount": 6371,
        "isCommercial": "False"
    },
    {
        "id": "25337e68-5964-4bf9-8125-4f7986b2ae2e",
        "title": "뽑기 기계 힘이 풀파워일 때 생겨나는 일 | 서울 자양동 인형뽑기 #1003) 홍성오빠 Korean Claw Machine",
        "description": "뽑기 기계가 풀파워에 가까울 때는 어떤 현상이 생길까요? 아마도 탑을 제대로 쌓지 않아도 될 수 있습니다!\n\n구독😍좋아요👍댓글💬 감사합니다!\n정기후원 👍 https://bit.ly/33Jc5lV\n인스타그램 👍 https://www.instagram.com/hongseongobba/\n페이스북 👍 https://www.facebook.com/hongseongobba/ \n카카오톡 😀 홍성오빠 유튜브 오픈채팅방 official (인형뽑기)\n문의 📧 cafe_therapy@naver.com (촬영, 창업컨설팅, 스폰)\n택배 🚚 서울특별시 성동구 성수이로20길 16 JK타워 8층, 트레져헌터 (홍성오빠)\n만나는 곳 🙋‍♂️ 충청남도 홍성군 홍성읍 조양로205번길 67, 뽑기가 안되면 홍성스쿨\n\n♫intro music : Urban Fashion (from. envato elements)\n♫outro music : Hip Hop Chill and Swag 85 (from. envato elements)\n\n#인형뽑기 #홍성오빠 #홍성유튜버",
        "thumbnail": "https://i.ytimg.com/vi/dEzjcyFjrcc/mqdefault.jpg",
        "youtubeVideoId": "dEzjcyFjrcc",
        "uploadedDate": "2020-04-30T07:11:30Z",
        "viewCount": 11949,
        "isCommercial": "False"
    },
    {
        "id": "9ff15420-ed44-4e32-bfd1-d2b21a80a5e4",
        "title": "펭수 덕후인 제가 그냥 지나칠 수 없었습니다 | 서울 상월곡동 인형뽑기 #995) 홍성오빠 Claw Machine Win",
        "description": "대표 펭덕 홍성오빠가 펭수 인형을 보고 그냥 지나칠 수가 없었습니다...  그나마 지금까지 나온 펭수 인형 중 가장 고퀄리티의 인형이지 않나 싶어요 :)\n\n구독😍좋아요👍댓글💬 감사합니다!\n정기후원 👍 https://bit.ly/33Jc5lV\n인스타그램 👍 https://www.instagram.com/hongseongobba/\n페이스북 👍 https://www.facebook.com/hongseongobba/ \n카카오톡 😀 홍성오빠 유튜브 오픈채팅방 official (인형뽑기)\n문의 📧 cafe_therapy@naver.com (촬영, 창업컨설팅, 스폰)\n택배 🚚 서울특별시 성동구 성수이로20길 16 JK타워 8층, 트레져헌터 (홍성오빠)\n만나는 곳 🙋‍♂️ 충청남도 홍성군 홍성읍 조양로205번길 67, 뽑기가 안되면 홍성스쿨\n\n♫intro music : Urban Fashion (from. envato elements)\n♫outro music : Hip Hop Chill and Swag 85 (from. envato elements)\n\n#인형뽑기 #홍성오빠 #홍성유튜버",
        "thumbnail": "https://i.ytimg.com/vi/WxSPwICuvNg/mqdefault.jpg",
        "youtubeVideoId": "WxSPwICuvNg",
        "uploadedDate": "2020-04-11T18:11:39Z",
        "viewCount": 6847,
        "isCommercial": "False"
    },
    {
        "id": "dba9b334-df14-4998-8d6b-14b28d96ea4b",
        "title": "누군가 🔑열쇠🔑를 출구 앞에 갖다 놨습니다 | 서울 방학동 인형뽑기 #994) 홍성오빠 Claw Machine Win",
        "description": "누군가 열쇠를 출구 앞에 갖다 놓고 그냥 가셨네요. 냠냠...\n\n구독😍좋아요👍댓글💬 감사합니다!\n정기후원 👍 https://bit.ly/33Jc5lV\n인스타그램 👍 https://www.instagram.com/hongseongobba/\n페이스북 👍 https://www.facebook.com/hongseongobba/ \n카카오톡 😀 홍성오빠 유튜브 오픈채팅방 official (인형뽑기)\n문의 📧 cafe_therapy@naver.com (촬영, 창업컨설팅, 스폰)\n택배 🚚 서울특별시 성동구 성수이로20길 16 JK타워 8층, 트레져헌터 (홍성오빠)\n만나는 곳 🙋‍♂️ 충청남도 홍성군 홍성읍 조양로205번길 67, 뽑기가 안되면 홍성스쿨\n\n♫intro music : Urban Fashion (from. envato elements)\n♫outro music : Hip Hop Chill and Swag 85 (from. envato elements)\n\n#인형뽑기 #홍성오빠 #홍성유튜버",
        "thumbnail": "https://i.ytimg.com/vi/rU3oGjTugLw/mqdefault.jpg",
        "youtubeVideoId": "rU3oGjTugLw",
        "uploadedDate": "2020-04-11T00:25:08Z",
        "viewCount": 11198,
        "isCommercial": "False"
    },
    {
        "id": "7af2dc69-f52b-45ed-8f46-42d843d0a60d",
        "title": "기계 1대에 열쇠가 무려 4개나 있네요? | 서울 방학동 인형뽑기 #993) 홍성오빠 Claw Machine Win",
        "description": "하나의 기계에 여러 개의 선물함이 있다는건 분명 좋은 징조입니다. 뽑는다면 하나라도 걸릴 수 있는 확률이 높지요! 그러나...\n\n구독😍좋아요👍댓글💬 감사합니다!\n정기후원 👍 http://bitly.kr/L40QdmkV\n인스타그램 👍 https://www.instagram.com/hongseongobba/\n페이스북 👍 https://www.facebook.com/hongseongobba/ \n카카오톡 😀 홍성오빠 유튜브 오픈채팅방 official (인형뽑기)\n문의 📧 cafe_therapy@naver.com (촬영, 창업컨설팅, 스폰)\n택배 🚚 서울특별시 성동구 성수이로20길 16 JK타워 8층, 트레져헌터 (홍성오빠)\n만나는 곳 🙋‍♂️ 충청남도 홍성군 홍성읍 조양로205번길 67, 뽑기가 안되면 홍성스쿨\n\n♫intro music : Urban Fashion (from. envato elements)\n♫outro music : Hip Hop Chill and Swag 85 (from. envato elements)\n\n#꿀망뽑기 #홍성오빠 #홍성유튜버",
        "thumbnail": "https://i.ytimg.com/vi/CAGuvN8HwJw/mqdefault.jpg",
        "youtubeVideoId": "CAGuvN8HwJw",
        "uploadedDate": "2020-04-09T21:14:49Z",
        "viewCount": 12378,
        "isCommercial": "False"
    },
    {
        "id": "c950c575-f78d-4df4-9836-4ba1df7abcf6",
        "title": "랜덤뽑기에서 또 대박이 터지고 말았습니다 | 서울 방학동 인형뽑기 #992) 홍성오빠 Claw Machine Win",
        "description": "오늘은 오랜만에 올랜덤 꿀망뽑기를 해봤습니다. 과연 어떤 대박이 터졌을까요!? 오늘도 즐감하세요 :)\n\n구독😍좋아요👍댓글💬 감사합니다!\n정기후원 👍 http://bitly.kr/L40QdmkV\n인스타그램 👍 https://www.instagram.com/hongseongobba/\n페이스북 👍 https://www.facebook.com/hongseongobba/ \n카카오톡 😀 홍성오빠 유튜브 오픈채팅방 official (인형뽑기)\n문의 📧 cafe_therapy@naver.com (촬영, 창업컨설팅, 스폰)\n택배 🚚 서울특별시 성동구 성수이로20길 16 JK타워 8층, 트레져헌터 (홍성오빠)\n만나는 곳 🙋‍♂️ 충청남도 홍성군 홍성읍 조양로205번길 67, 뽑기가 안되면 홍성스쿨\n\n♫intro music : Urban Fashion (from. envato elements)\n♫outro music : Hip Hop Chill and Swag 85 (from. envato elements)\n\n#꿀망뽑기 #홍성오빠 #홍성유튜버",
        "thumbnail": "https://i.ytimg.com/vi/uRPqQm24txw/mqdefault.jpg",
        "youtubeVideoId": "uRPqQm24txw",
        "uploadedDate": "2020-04-09T01:48:31Z",
        "viewCount": 23134,
        "isCommercial": "False"
    },
    {
        "id": "3037a50d-b80f-4f43-a24e-a4f8c842c72e",
        "title": "단돈 3만원에 정품 나이키 신발 뽑기 | 남양주 별내동 인형뽑기 #991) 홍성오빠 Claw Machine Win",
        "description": "신발 뽑기는 늘 키마스터 기계 같은 곳에나 있는 줄 알았더니 꿀망뽑기에 딱! 다른 분이 하시고 간 후라 어려운 상태였는데 명품 설계가 또 빛을 발한 순간이었습니다 :) 못 신는다는게 함정;\n\n구독😍좋아요👍댓글💬 감사합니다!\n정기후원 👍 http://bitly.kr/L40QdmkV\n인스타그램 👍 https://www.instagram.com/hongseongobba/\n페이스북 👍 https://www.facebook.com/hongseongobba/ \n카카오톡 😀 홍성오빠 유튜브 오픈채팅방 official (인형뽑기)\n문의 📧 cafe_therapy@naver.com (촬영, 창업컨설팅, 스폰)\n택배 🚚 서울특별시 성동구 성수이로20길 16 JK타워 8층, 트레져헌터 (홍성오빠)\n만나는 곳 🙋‍♂️ 충청남도 홍성군 홍성읍 조양로205번길 67, 뽑기가 안되면 홍성스쿨\n\n♫intro music : Urban Fashion (from. envato elements)\n♫outro music : Hip Hop Chill and Swag 85 (from. envato elements)\n\n#신발뽑기 #나이키신발 #홍성유튜버",
        "thumbnail": "https://i.ytimg.com/vi/NwGChFpWazU/mqdefault.jpg",
        "youtubeVideoId": "NwGChFpWazU",
        "uploadedDate": "2020-04-08T03:25:17Z",
        "viewCount": 11340,
        "isCommercial": "False"
    },
    {
        "id": "ec318d12-6153-4368-95a6-5f3b38308da0",
        "title": "손가락만한 방구석 날라리 스밋코구라시를 설계했더니 벌어진 일 | 남양주 별내동 인형뽑기 #990) 홍성오빠 すみっコぐらし Claw Machine Win",
        "description": "오랜만에 보는 스밋코구라시 인형뽑기입니다 :) 한 때 포켓몬 인형과 함께 금솜 대열의 한 축을 담당했던 인형들이었죠.. 여전히 가격은 비쌉니다만 설계했더니 그냥 따라 나오네요 ㅎㄷㄷ\n\n구독😍좋아요👍댓글💬 감사합니다!\n정기후원 👍 http://bitly.kr/L40QdmkV\n인스타그램 👍 https://www.instagram.com/hongseongobba/\n페이스북 👍 https://www.facebook.com/hongseongobba/ \n카카오톡 😀 홍성오빠 유튜브 오픈채팅방 official (인형뽑기)\n문의 📧 cafe_therapy@naver.com (촬영, 창업컨설팅, 스폰)\n택배 🚚 서울특별시 성동구 성수이로20길 16 JK타워 8층, 트레져헌터 (홍성오빠)\n만나는 곳 🙋‍♂️ 충청남도 홍성군 홍성읍 조양로205번길 67, 뽑기가 안되면 홍성스쿨\n\n♫intro music : Urban Fashion (from. envato elements)\n♫outro music : Hip Hop Chill and Swag 85 (from. envato elements)\n\n#인형뽑기 #스밋코구라시 #すみっコぐらし",
        "thumbnail": "https://i.ytimg.com/vi/RMrlqglCqpg/mqdefault.jpg",
        "youtubeVideoId": "RMrlqglCqpg",
        "uploadedDate": "2020-04-05T21:11:54Z",
        "viewCount": 6211,
        "isCommercial": "False"
    },
    {
        "id": "b267694a-bcd6-4163-8f55-3d8d9c5ab921",
        "title": "익숙한 듯 익숙하지 않은 처음 보는 세팅의 뽑기를 해봤습니다. | 당진 읍내동 인형뽑기 #984) 홍성오빠 Korean Claw Machine",
        "description": "분명 꿀망뽑기는 맞는데... 들어올리는 것, 가져가는 것, 뒤집는 것 모두가 흔히 겪어본 세팅이 아니네요. 과연 뽑아낼 수 있을까요?\n\n구독😍좋아요👍댓글💬 감사합니다!\n정기후원 👍 http://bitly.kr/L40QdmkV\n인스타그램 👍 https://www.instagram.com/hongseongobba/\n페이스북 👍 https://www.facebook.com/hongseongobba/ \n카카오톡 😀 홍성오빠 유튜브 오픈채팅방 official (인형뽑기)\n문의 📧 cafe_therapy@naver.com (촬영, 창업컨설팅, 스폰)\n택배 🚚 서울특별시 성동구 성수이로20길 16 JK타워 8층, 트레져헌터 (홍성오빠)\n만나는 곳 🙋‍♂️ 충청남도 홍성군 홍성읍 조양로205번길 67, 뽑기가 안되면 홍성스쿨\n\n♫intro music : Urban Fashion (from. envato elements)\n♫outro music : Hip Hop Chill and Swag 85 (from. envato elements)\n\n#꿀망뽑기 #홍성오빠 #홍성유튜버",
        "thumbnail": "https://i.ytimg.com/vi/UmI2elH4tSQ/mqdefault.jpg",
        "youtubeVideoId": "UmI2elH4tSQ",
        "uploadedDate": "2020-03-28T06:31:41Z",
        "viewCount": 15923,
        "isCommercial": "False"
    },
    {
        "id": "3d4b9883-68a3-459a-8916-e3e64e293026",
        "title": "휴방을 막기 위한 고난 속 뽑기를 하고 왔습니다. 예전같았으면 폐기됐겠지만... | 당진 읍내동 인형뽑기 #983) 홍성오빠 Korean Claw Machine",
        "description": "남은 분량이 내일이면 우선 끝납니다. 다각도로 노력을 해봐야죠!ㅠㅠ 휴방없이 만납시다~~~ :)\n\n구독😍좋아요👍댓글💬 감사합니다!\n정기후원 👍 http://bitly.kr/L40QdmkV\n인스타그램 👍 https://www.instagram.com/hongseongobba/\n페이스북 👍 https://www.facebook.com/hongseongobba/ \n카카오톡 😀 홍성오빠 유튜브 오픈채팅방 official (인형뽑기)\n문의 📧 cafe_therapy@naver.com (촬영, 창업컨설팅, 스폰)\n택배 🚚 서울특별시 성동구 성수이로20길 16 JK타워 8층, 트레져헌터 (홍성오빠)\n만나는 곳 🙋‍♂️ 충청남도 홍성군 홍성읍 조양로205번길 67, 뽑기가 안되면 홍성스쿨\n\n♫intro music : Urban Fashion (from. envato elements)\n♫outro music : Hip Hop Chill and Swag 85 (from. envato elements)\n\n#인형뽑기 #홍성오빠 #홍성유튜버",
        "thumbnail": "https://i.ytimg.com/vi/hUMXbeZOpRc/mqdefault.jpg",
        "youtubeVideoId": "hUMXbeZOpRc",
        "uploadedDate": "2020-03-25T11:12:24Z",
        "viewCount": 11095,
        "isCommercial": "False"
    },
    {
        "id": "eba102c5-b84a-4a3b-a05e-523a9ca979a7",
        "title": "군산에 신기한 매직볼 인형뽑기가? 오밀조밀한 볼 안에 일본 정품 포켓몬 님피아 인형을 구출하자.. 매직볼 뽑기 공략법 알아보기 #517) Magic Ball Claw Machine",
        "description": "** 매일 오후 5시 업로드 **\n인스타그램 ▶ https://www.instagram.com/hongseongobba/\n페이스북 ▶ https://www.facebook.com/hongseongobba/ \n카카오톡 ▶ 친구검색에서 '홍성오빠' 검색 후 친구추가\n\n소통하는 뽑기방송!! 많은 구독 및 좋아요 눌러주시면 매일 재미있는 뽑기영상 보실 수 있습니다!^^",
        "thumbnail": "https://i.ytimg.com/vi/2hpdsvkec8A/mqdefault.jpg",
        "youtubeVideoId": "2hpdsvkec8A",
        "uploadedDate": "2020-03-09T07:31:39Z",
        "viewCount": 0,
        "isCommercial": "False"
    },
    {
        "id": "c434cc6e-2981-45e9-9ed8-dfedad7ba5ed",
        "title": "상품은 없고 달걀망 속 지우개!? 와리가리로 통털어버렸습니다 | 예산 인형뽑기 #964) 홍성오빠 Korean Claw Machine",
        "description": "오늘은 와리가리 또는 집게 끼우기를 통해 뽑는 뽑기로 통털이에 도전합니다!\n\n구독😍좋아요👍댓글💬 감사합니다!\n인스타그램 👍 https://www.instagram.com/hongseongobba/\n페이스북 👍 https://www.facebook.com/hongseongobba/ \n카카오톡 😀 홍성오빠 유튜브 오픈채팅방 official (인형뽑기)\n문의 📧 cafe_therapy@naver.com (촬영, 창업컨설팅, 스폰)\n택배 🚚 서울특별시 성동구 성수이로20길 16 JK타워 8층, 트레져헌터 (홍성오빠)\n만나는 곳 🙋‍♂️ 충청남도 홍성군 홍성읍 조양로205번길 67, 뽑기가 안되면 홍성스쿨\n\n♫intro music : Urban Fashion (from. envato elements)\n♫outro music : Hip Hop Chill and Swag 85 (from. envato elements)\n\n#인형뽑기 #홍성오빠 #와리가리뽑기",
        "thumbnail": "https://i.ytimg.com/vi/cIhXxhUFxE4/mqdefault.jpg",
        "youtubeVideoId": "cIhXxhUFxE4",
        "uploadedDate": "2020-03-09T06:58:49Z",
        "viewCount": 8166,
        "isCommercial": "False"
    },
    {
        "id": "0a5edf6c-17e8-4401-a5fa-a5b32d5b06f6",
        "title": "랜덤 키박스를 뽑았는데 의외로 대박을 건졌습니다ㅋㅋㅋ | 대전 갈마동 인형뽑기 #955) 홍성오빠 Korean Claw Machine",
        "description": "랜덤 키박스와 피규어가 들어있는 꿀망 뽑기에서 의외의 대박을 건졌습니다! 상품이 뭐였을까요? :)\n\n구독😍좋아요👍댓글💬 감사합니다!\n인스타그램 👍 https://www.instagram.com/hongseongobba/\n페이스북 👍 https://www.facebook.com/hongseongobba/ \n카카오톡 😀 홍성오빠 유튜브 오픈채팅방 official (인형뽑기)\n문의 📧 cafe_therapy@naver.com (촬영, 창업컨설팅, 스폰)\n택배 🚚 서울특별시 성동구 성수이로20길 16 JK타워 8층, 트레져헌터 (홍성오빠)\n만나는 곳 🙋‍♂️ 충청남도 홍성군 홍성읍 조양로205번길 67, 뽑기가 안되면 홍성스쿨\n\n♫intro music : Urban Fashion (from. envato elements)\n♫outro music : Hip Hop Chill and Swag 85 (from. envato elements)\n\n#랜덤뽑기 #홍성오빠 #홍성유튜버",
        "thumbnail": "https://i.ytimg.com/vi/1DcKvwfo4sg/mqdefault.jpg",
        "youtubeVideoId": "1DcKvwfo4sg",
        "uploadedDate": "2020-03-09T06:58:39Z",
        "viewCount": 24410,
        "isCommercial": "False"
    },
    {
        "id": "28dd9fbf-b5f9-4268-b2dd-2d6983e5a944",
        "title": "펭하! 펭수옷 입고 펭수 굿즈 싹 다 뽑아버리기 | 대전 갈마동 인형뽑기 #954) 홍성오빠 Korean Claw Machine",
        "description": "오늘은 펭수 굿즈 상품들을 뽑아봤습니다! 요즘 펭수에 푹 빠져 살고있는 홍성오빠입니다.. 4년만에 새로운 인트로 영상을 제작해봤습니다. 어떠신가요!? :)\n\n구독😍좋아요👍댓글💬 감사합니다!\n인스타그램 👍 https://www.instagram.com/hongseongobba/\n페이스북 👍 https://www.facebook.com/hongseongobba/ \n카카오톡 😀 홍성오빠 유튜브 오픈채팅방 official (인형뽑기)\n문의 📧 cafe_therapy@naver.com (촬영, 창업컨설팅, 스폰)\n택배 🚚 서울특별시 성동구 성수이로20길 16 JK타워 8층, 트레져헌터 (홍성오빠)\n만나는 곳 🙋‍♂️ 충청남도 홍성군 홍성읍 조양로205번길 67, 뽑기가 안되면 홍성스쿨\n\n♫intro music : Urban Fashion\n♫outro music : Hip Hop Chill and Swag 85\n\n#펭수인형뽑기 #펭수굿즈 #펭수",
        "thumbnail": "https://i.ytimg.com/vi/2elQ5rqjLBs/mqdefault.jpg",
        "youtubeVideoId": "2elQ5rqjLBs",
        "uploadedDate": "2020-03-09T06:58:34Z",
        "viewCount": 8078,
        "isCommercial": "False"
    }
]