[
    {
        "id": "5382aff3-69fe-4740-9d89-6e5af3dc2841",
        "title": "식인식물 100그루가있는 식물원을 털다!! 뚜띠 쫀득 [마인크래프트 형과 동생 상황극 식인식물편] Minecraft 쫀-뚜",
        "description": "아프리카 주소 ㄱ\nafreeca.com/azsxdcff\n생방 5시반, 11시반",
        "thumbnail": "https://i.ytimg.com/vi/fYOmeFnBffA/mqdefault.jpg",
        "youtubeVideoId": "fYOmeFnBffA",
        "uploadedDate": "2016-12-01T06:54:56Z",
        "viewCount": 0,
        "isCommercial": "False"
    },
    {
        "id": "a05a8ee1-8762-418a-8789-2ac391bf4a03",
        "title": "악마의열매를 먹어 심부름 시키던 형을 혼내준다!? 뚜띠 쫀득 [마인크래프트 형과 동생 상황극 악마의열매편] Minecraft 쫀-뚜",
        "description": "아프리카 주소 ㄱ\nafreeca.com/azsxdcff\n생방 5시반, 11시반",
        "thumbnail": "https://i.ytimg.com/vi/dld_xo1oCGg/mqdefault.jpg",
        "youtubeVideoId": "dld_xo1oCGg",
        "uploadedDate": "2016-12-02T07:20:23Z",
        "viewCount": 0,
        "isCommercial": "False"
    }
]