[
    {
        "id": "24f7bd32-dc39-4997-aadb-4fefc3c4d471",
        "title": "저 씹덕 아니에요;; [잉클립 8월4주차]",
        "description": "우정잉의 생방송은 여기서 확인하세요!\n우정잉 트위치 https://www.twitch.tv/nanajam777\n#트위치 #핫클립 #잉혐",
        "thumbnail": "https://i.ytimg.com/vi/BEiCaEOv8jo/mqdefault.jpg",
        "youtubeVideoId": "BEiCaEOv8jo",
        "uploadedDate": "2019-09-02T13:40:52Z",
        "viewCount": 77743,
        "isCommercial": "False"
    },
    {
        "id": "1de98091-7750-489d-b084-8ecae7861318",
        "title": "마린이 레전드 클립 모음집 [잉클립 8월 3주차]",
        "description": "우정잉의 생방송은 여기서 확인하세요!\n우정잉 트위치 https://www.twitch.tv/nanajam777\n#핫클립 #트위치 #마인크래프트",
        "thumbnail": "https://i.ytimg.com/vi/LkOLv1D637M/mqdefault.jpg",
        "youtubeVideoId": "LkOLv1D637M",
        "uploadedDate": "2019-08-26T13:24:01Z",
        "viewCount": 50090,
        "isCommercial": "False"
    },
    {
        "id": "ec3f4e0d-aebf-41a4-a746-c639f520aa13",
        "title": "🔥🔥🔥역대급 잉혐 유발🔥🔥🔥 [잉클립 7월 5주차]",
        "description": "우정잉의 생방송은 여기서 확인하세요!\n우정잉 트위치 https://www.twitch.tv/nanajam777\n#핫클립 #트위치 #잉혐",
        "thumbnail": "https://i.ytimg.com/vi/opqbyVwZ1Kk/mqdefault.jpg",
        "youtubeVideoId": "opqbyVwZ1Kk",
        "uploadedDate": "2019-08-05T10:15:18Z",
        "viewCount": 117170,
        "isCommercial": "False"
    },
    {
        "id": "339e31a1-8933-44c7-bd87-5d308a2c3e81",
        "title": "요즘 유행한다는 구미베어 댄스.. 이거 맞죠..? [잉클립 7월 3주차]",
        "description": "우정잉의 생방송은 여기서 확인하세요!\n우정잉 트위치 https://www.twitch.tv/nanajam777\n#핫클립 #트위치 #잉혐",
        "thumbnail": "https://i.ytimg.com/vi/b8PZkbZvSjA/mqdefault.jpg",
        "youtubeVideoId": "b8PZkbZvSjA",
        "uploadedDate": "2019-07-22T12:19:23Z",
        "viewCount": 182820,
        "isCommercial": "False"
    },
    {
        "id": "6ec8402b-d3ae-490e-9b2a-2df8f876d889",
        "title": "잉모노마저 불타게 하는 애교 (*업계포상 주의) [잉클립 7월 2주차]",
        "description": "우정잉의 생방송은 여기서 확인하세요!\n우정잉 트위치 https://www.twitch.tv/nanajam777\n#핫클립 #트위치 #잉혐",
        "thumbnail": "https://i.ytimg.com/vi/CjsNhE_E8eg/mqdefault.jpg",
        "youtubeVideoId": "CjsNhE_E8eg",
        "uploadedDate": "2019-07-15T12:43:06Z",
        "viewCount": 111469,
        "isCommercial": "False"
    },
    {
        "id": "e5d6ab4a-6b08-490f-89f8-a5b61e8379cc",
        "title": "아니 이거 잠옷바지라니까요;; [잉클립 6월 4주~7월 1주차]",
        "description": "우정잉의 생방송은 여기서 확인하세요!\n우정잉 트위치 https://www.twitch.tv/nanajam777\n#잉클립 #핫클립 #잉혐",
        "thumbnail": "https://i.ytimg.com/vi/PgVx4C-Pxa4/mqdefault.jpg",
        "youtubeVideoId": "PgVx4C-Pxa4",
        "uploadedDate": "2019-07-08T12:44:33Z",
        "viewCount": 0,
        "isCommercial": "False"
    },
    {
        "id": "ed986bcc-c93b-4586-b843-d90fad24869e",
        "title": "쌩얼 공개합니다.우리 좀 더..가까워졌네요..? [잉클립 6월 3주차]",
        "description": "우정잉의 생방송은 여기서 확인하세요!\n우정잉 트위치 https://www.twitch.tv/nanajam777\n#핫클립 #잉클립 #잉혐",
        "thumbnail": "https://i.ytimg.com/vi/S3fQDv44aOY/mqdefault.jpg",
        "youtubeVideoId": "S3fQDv44aOY",
        "uploadedDate": "2019-06-24T13:07:12Z",
        "viewCount": 0,
        "isCommercial": "False"
    },
    {
        "id": "f0309816-75a2-40d2-842f-48a88e22d2d4",
        "title": "이제 춤 마스터 해버린 우들스틱 [잉클립 6월 2주차]",
        "description": "우정잉의 생방송은 여기서 확인하세요!\n우정잉 트위치 https://www.twitch.tv/nanajam777\n#트위치 #핫클립 #잉혐",
        "thumbnail": "https://i.ytimg.com/vi/Y3_uWjimByY/mqdefault.jpg",
        "youtubeVideoId": "Y3_uWjimByY",
        "uploadedDate": "2019-06-17T12:43:32Z",
        "viewCount": 0,
        "isCommercial": "False"
    },
    {
        "id": "81273e08-4fa3-4bf2-a685-307fbfd7254c",
        "title": "우정잉님 입술 한번만 깨물어주세요 [잉클립 6월 1주차]",
        "description": "우정잉의 생방송은 여기서 확인하세요!\n우정잉 트위치 https://www.twitch.tv/nanajam777\n#핫클립 #역겹 #잉혐ㅋㅋ;",
        "thumbnail": "https://i.ytimg.com/vi/OSFgbXIk7Cg/mqdefault.jpg",
        "youtubeVideoId": "OSFgbXIk7Cg",
        "uploadedDate": "2019-06-10T11:18:13Z",
        "viewCount": 53381,
        "isCommercial": "False"
    },
    {
        "id": "421c61e8-00f4-402f-adf1-69aca80d9e6e",
        "title": "X친새끼들아~ 귀 벌려 포상 들어간다 [잉클립｜5월 5주차]",
        "description": "우정잉의 생방송은 여기서 확인하세요!\n우정잉 트위치 https://www.twitch.tv/nanajam777",
        "thumbnail": "https://i.ytimg.com/vi/Wyx-9_SmyXg/mqdefault.jpg",
        "youtubeVideoId": "Wyx-9_SmyXg",
        "uploadedDate": "2019-06-03T07:19:10Z",
        "viewCount": 0,
        "isCommercial": "False"
    },
    {
        "id": "1bf77f8d-35e1-4ccd-9981-633b9ea85574",
        "title": "제 몸무게 공개합니다 놀라지마세요 두구두구 [잉클립｜5월 4주차]",
        "description": "우정잉의 생방송은 여기서 확인하세요!\n우정잉 트위치 https://www.twitch.tv/nanajam777\n#잉클립 #핫클립 #잉혐",
        "thumbnail": "https://i.ytimg.com/vi/tmpfA1G4UDk/mqdefault.jpg",
        "youtubeVideoId": "tmpfA1G4UDk",
        "uploadedDate": "2019-05-27T06:10:29Z",
        "viewCount": 0,
        "isCommercial": "False"
    },
    {
        "id": "86c3b414-09fe-4e52-ba5a-a3b1b14ec6a1",
        "title": "미성년자는 시청하지 마세요..제발.. [잉클립｜5월 3주차]",
        "description": "우정잉의 생방송은 여기서 확인하세요!\n우정잉 트위치 https://www.twitch.tv/nanajam777\n#핫클립 #잉클립 #잉혐",
        "thumbnail": "https://i.ytimg.com/vi/rqXjZF6ZOb8/mqdefault.jpg",
        "youtubeVideoId": "rqXjZF6ZOb8",
        "uploadedDate": "2019-05-20T12:57:58Z",
        "viewCount": 0,
        "isCommercial": "False"
    },
    {
        "id": "4e7d5ae8-4768-46f5-b294-5fc2037f2cbd",
        "title": "잉.혐.제.조.기 [잉클립｜5월 2주차]",
        "description": "우정잉의 생방송은 여기서 확인하세요!\n우정잉 트위치 https://www.twitch.tv/nanajam777\n#잉클립 #핫클립 #잉혐",
        "thumbnail": "https://i.ytimg.com/vi/dutYkeYqt98/mqdefault.jpg",
        "youtubeVideoId": "dutYkeYqt98",
        "uploadedDate": "2019-05-13T12:52:42Z",
        "viewCount": 0,
        "isCommercial": "False"
    },
    {
        "id": "d8c1bd95-3097-456a-a5bc-8ebaf3774599",
        "title": "자꾸 잉혐하시면 고백해서 혼내드립니다.. [잉클립｜5월 1주차]",
        "description": "우정잉의 생방송은 여기서 확인하세요!\n우정잉 트위치 https://www.twitch.tv/nanajam777\n#잉클립 #핫클립 #역겹",
        "thumbnail": "https://i.ytimg.com/vi/HlTYbYppjDM/mqdefault.jpg",
        "youtubeVideoId": "HlTYbYppjDM",
        "uploadedDate": "2019-05-06T12:15:04Z",
        "viewCount": 0,
        "isCommercial": "False"
    },
    {
        "id": "99543b6e-799d-459a-a423-838c8e2dcf66",
        "title": "트위치 외모 1등이면 천원 [잉클립｜4월 4주차]",
        "description": "우정잉의 생방송은 여기서 확인하세요!\n우정잉 트위치 https://www.twitch.tv/nanajam777\n#핫클립 #트위치 #역겹",
        "thumbnail": "https://i.ytimg.com/vi/vHq02krSTUU/mqdefault.jpg",
        "youtubeVideoId": "vHq02krSTUU",
        "uploadedDate": "2019-04-29T10:07:59Z",
        "viewCount": 0,
        "isCommercial": "False"
    },
    {
        "id": "01e7752e-b293-4823-af63-67943e8af4cf",
        "title": "저는 얼굴에 몰빵해서 손가락이 못생겼어요^^; [잉클립｜4월 3주차]",
        "description": "우정잉의 생방송은 여기서 확인하세요!\n우정잉 트위치 https://www.twitch.tv/nanajam777\n#핫클립 #역겹 #뻔뻔",
        "thumbnail": "https://i.ytimg.com/vi/ZmUajIkPXDs/mqdefault.jpg",
        "youtubeVideoId": "ZmUajIkPXDs",
        "uploadedDate": "2019-04-22T12:48:30Z",
        "viewCount": 0,
        "isCommercial": "False"
    },
    {
        "id": "3abda623-a6fb-4996-ac62-046369be107f",
        "title": "넙치 입꼬리 내리기 원포인트 강좌 [잉클립｜4월 2주차]",
        "description": "우정잉의 생방송은 여기서 확인하세요!\n우정잉 트위치 https://www.twitch.tv/nanajam777\n#트위치 #핫클립 #역겹",
        "thumbnail": "https://i.ytimg.com/vi/MsogM8vMqgk/mqdefault.jpg",
        "youtubeVideoId": "MsogM8vMqgk",
        "uploadedDate": "2019-04-15T07:35:22Z",
        "viewCount": 0,
        "isCommercial": "False"
    },
    {
        "id": "bed7821b-57bc-4a83-8b67-324f9d327290",
        "title": "무분별한 잉혐..을 멈춰주세요.. [잉클립｜4월 1주차]",
        "description": "우정잉의 생방송은 여기서 확인하세요!\n우정잉 트위치 https://www.twitch.tv/nanajam777\n#주간 #핫클립 #잉혐",
        "thumbnail": "https://i.ytimg.com/vi/rGPNVaz0JWw/mqdefault.jpg",
        "youtubeVideoId": "rGPNVaz0JWw",
        "uploadedDate": "2019-04-08T12:01:14Z",
        "viewCount": 0,
        "isCommercial": "False"
    },
    {
        "id": "2a82c73e-b012-4f97-8c1c-3f8151b17a4c",
        "title": "안녕하살법! 우정잉 3월 넷째주 핫클립!",
        "description": "우정잉의 생방송은 여기서 확인하세요!\n우정잉 트위치 https://www.twitch.tv/nanajam777\n#트위치 #클립 #만우절",
        "thumbnail": "https://i.ytimg.com/vi/H9Jt5RUqgN8/mqdefault.jpg",
        "youtubeVideoId": "H9Jt5RUqgN8",
        "uploadedDate": "2019-04-01T10:10:31Z",
        "viewCount": 0,
        "isCommercial": "False"
    },
    {
        "id": "8ba9ba95-5e37-4943-a25b-b6ecdb8bd9c7",
        "title": "공쌍초잉잭 팀 만화가 나왔습니다,,ㅋㅋㅋㅋㅋㅋ [잉클립｜3월 3주차]",
        "description": "우정잉의 생방송은 여기서 확인하세요!\n우정잉 트위치 https://www.twitch.tv/nanajam777",
        "thumbnail": "https://i.ytimg.com/vi/fRhzbuTxKOQ/mqdefault.jpg",
        "youtubeVideoId": "fRhzbuTxKOQ",
        "uploadedDate": "2019-03-25T09:37:06Z",
        "viewCount": 0,
        "isCommercial": "False"
    },
    {
        "id": "550bcb8d-2f5c-480e-8797-a1cdbcb78506",
        "title": "그걸 그렇게 줄이시면.. [잉클립｜3월 2주차]",
        "description": "우정잉의 생방송은 여기서 확인하세요!\n우정잉 트위치 https://www.twitch.tv/nanajam777\n#트위치 #핫클립 #최ㅅㅅ",
        "thumbnail": "https://i.ytimg.com/vi/_2cuow4mQiI/mqdefault.jpg",
        "youtubeVideoId": "_2cuow4mQiI",
        "uploadedDate": "2019-03-18T05:08:46Z",
        "viewCount": 0,
        "isCommercial": "False"
    },
    {
        "id": "c452ef59-65a3-4c01-91c4-70223234993f",
        "title": "귀여운 표정 보여드렸습니다 [잉클립｜3월 1주차]",
        "description": "우정잉의 생방송은 여기서 확인하세요!\n우정잉 트위치 https://www.twitch.tv/nanajam777\n#역겹 #트위치 #클립",
        "thumbnail": "https://i.ytimg.com/vi/mW3VMO48awM/mqdefault.jpg",
        "youtubeVideoId": "mW3VMO48awM",
        "uploadedDate": "2019-03-11T08:00:45Z",
        "viewCount": 0,
        "isCommercial": "False"
    },
    {
        "id": "98afdcf5-c619-449c-92fa-8655b29349b2",
        "title": "공포게임 하다가 뛰쳐 나가버렸슴다... [잉클립｜2월 4주차]",
        "description": "우정잉의 생방송은 여기서 확인하세요!\n우정잉 트위치 https://www.twitch.tv/nanajam777\n#역겹 #공포 #쫄보",
        "thumbnail": "https://i.ytimg.com/vi/oZJHdL1aLm8/mqdefault.jpg",
        "youtubeVideoId": "oZJHdL1aLm8",
        "uploadedDate": "2019-03-04T12:20:37Z",
        "viewCount": 0,
        "isCommercial": "False"
    },
    {
        "id": "bf610506-8a7b-4be5-b69c-b72370cd2773",
        "title": "눕방 섹시댄스 ㅗㅜㅑ;; (*낚시 주의) [잉클립｜2월 3주차]",
        "description": "우정잉의 생방송은 여기서 확인하세요!\n우정잉 트위치 https://www.twitch.tv/nanajam777\n#역겹 #롤 #건전",
        "thumbnail": "https://i.ytimg.com/vi/0rLW18YdHzU/mqdefault.jpg",
        "youtubeVideoId": "0rLW18YdHzU",
        "uploadedDate": "2019-02-24T16:32:59Z",
        "viewCount": 0,
        "isCommercial": "False"
    },
    {
        "id": "10890537-ed2c-403d-95b6-de472ae2fdad",
        "title": "섹.시. 스.트.리.머 우.정.잉 [잉클립｜2월 2주차]",
        "description": "우정잉의 생방송은 여기서 확인하세요!\n우정잉 트위치 https://www.twitch.tv/nanajam777\n#섹시 #는무슨 #역겹",
        "thumbnail": "https://i.ytimg.com/vi/oQF3jLlWOEE/mqdefault.jpg",
        "youtubeVideoId": "oQF3jLlWOEE",
        "uploadedDate": "2019-02-18T08:18:50Z",
        "viewCount": 0,
        "isCommercial": "False"
    },
    {
        "id": "543d9e4c-e032-4a53-9520-c14892b0e0b5",
        "title": "우정잉의 귀염뽀작 보노보노 방종송^^🐬 [잉클립｜2월 1주차]",
        "description": "우정잉의 생방송은 여기서 확인하세요!\n우정잉 트위치 https://www.twitch.tv/nanajam777",
        "thumbnail": "https://i.ytimg.com/vi/xKf4ko0C-Vw/mqdefault.jpg",
        "youtubeVideoId": "xKf4ko0C-Vw",
        "uploadedDate": "2019-02-12T02:35:09Z",
        "viewCount": 0,
        "isCommercial": "False"
    },
    {
        "id": "9832054f-0618-4bae-8506-ff3fb535148d",
        "title": "실버에서 1:3하는 나라는 물괴.. [잉클립｜1월 5주차]",
        "description": "우정잉의 생방송은 여기서 확인하세요!\n우정잉 트위치 https://www.twitch.tv/nanajam777\n\n#핫클립 #역겹 #눈갱",
        "thumbnail": "https://i.ytimg.com/vi/esxjDKyShyU/mqdefault.jpg",
        "youtubeVideoId": "esxjDKyShyU",
        "uploadedDate": "2019-02-04T12:44:06Z",
        "viewCount": 0,
        "isCommercial": "False"
    },
    {
        "id": "10d46536-cddc-414e-affa-7763f0d0723b",
        "title": "일일 카페 알바가 된 우정잉 [잉클립｜1월 4주차]",
        "description": "우정잉의 생방송은 여기서 확인하세요!\n우정잉 트위치 https://www.twitch.tv/nanajam777",
        "thumbnail": "https://i.ytimg.com/vi/dSaGEr_v_Kk/mqdefault.jpg",
        "youtubeVideoId": "dSaGEr_v_Kk",
        "uploadedDate": "2019-01-28T12:28:21Z",
        "viewCount": 0,
        "isCommercial": "False"
    },
    {
        "id": "6babe7ab-b39a-4e8a-8cd9-992366535545",
        "title": "입대한 이병 우정잉 [잉클립｜1월 3주차]",
        "description": "우정잉의 생방송은 여기서 확인하세요!\n우정잉 트위치 https://www.twitch.tv/nanajam777",
        "thumbnail": "https://i.ytimg.com/vi/XkU0C4FwDhY/mqdefault.jpg",
        "youtubeVideoId": "XkU0C4FwDhY",
        "uploadedDate": "2019-01-21T12:28:17Z",
        "viewCount": 0,
        "isCommercial": "False"
    },
    {
        "id": "986c16cf-054c-4a66-82d9-208b75944b25",
        "title": "트박스에 박제된 '그 영상' [잉클립｜1월 2주차]",
        "description": "우정잉의 생방송은 여기서 확인하세요!\n우정잉 트위치 https://www.twitch.tv/nanajam777",
        "thumbnail": "https://i.ytimg.com/vi/OJvmh-0-yuk/mqdefault.jpg",
        "youtubeVideoId": "OJvmh-0-yuk",
        "uploadedDate": "2019-01-14T12:16:50Z",
        "viewCount": 0,
        "isCommercial": "False"
    },
    {
        "id": "cc4f735e-cb45-4f02-a256-e02ea7fb8bec",
        "title": "저희 업계에서는 포상입니다만..? [잉클립｜1월 1주차]",
        "description": "우정잉의 생방송은 여기서 확인하세요!\n우정잉 트위치 https://www.twitch.tv/nanajam777",
        "thumbnail": "https://i.ytimg.com/vi/VTOrbCpAmeg/mqdefault.jpg",
        "youtubeVideoId": "VTOrbCpAmeg",
        "uploadedDate": "2019-01-07T11:16:20Z",
        "viewCount": 0,
        "isCommercial": "False"
    },
    {
        "id": "70eac5be-1eeb-4e72-adf6-1c2bd59ffa53",
        "title": "(*역겹주의) 클립으로 돌아보는 2018 우정잉 연말정산!",
        "description": "우정잉의 생방송은 여기서 확인하세요!\n우정잉 트위치 https://www.twitch.tv/nanajam777",
        "thumbnail": "https://i.ytimg.com/vi/4bHIqcv05io/mqdefault.jpg",
        "youtubeVideoId": "4bHIqcv05io",
        "uploadedDate": "2018-12-31T10:51:31Z",
        "viewCount": 0,
        "isCommercial": "False"
    },
    {
        "id": "b8cfeea1-81f3-4b70-9041-82ca3dd12488",
        "title": "오랜만에 뽀뽀 좀 하려는데.. [잉클립｜12월 3주차]",
        "description": "우정잉의 생방송은 여기서 확인하세요!\n우정잉 트위치 https://www.twitch.tv/nanajam777",
        "thumbnail": "https://i.ytimg.com/vi/OQoJhZj_wXM/mqdefault.jpg",
        "youtubeVideoId": "OQoJhZj_wXM",
        "uploadedDate": "2018-12-24T10:27:41Z",
        "viewCount": 0,
        "isCommercial": "False"
    },
    {
        "id": "84d08a39-de83-4c48-aa81-45e3f1bd8a06",
        "title": "그 시작을.. 알려줄게.. [잉클립] (12월 둘째주)",
        "description": "우정잉의 생방송은 여기서 확인하세요!\n우정잉 트위치 https://www.twitch.tv/nanajam777\n\n\nTrack: NIVIRO - Memes [NCS Release]\nMusic provided by NoCopyrightSounds.\nWatch: https://youtu.be/hgXZQfHySDw\nFree Download / Stream: http://ncs.io/MemesYO",
        "thumbnail": "https://i.ytimg.com/vi/zK1M-OZojiI/mqdefault.jpg",
        "youtubeVideoId": "zK1M-OZojiI",
        "uploadedDate": "2018-12-17T12:08:15Z",
        "viewCount": 0,
        "isCommercial": "False"
    },
    {
        "id": "998aacc6-f38f-4fb1-a0a1-352bdcfa5993",
        "title": "역겨운 그녀가 예뻐질 수 없는 이유는.. [잉클립] (12월 첫째주)",
        "description": "매 주 월요일 우정잉의 잉클립! 재밌게 봐주세요 :)\n\n우정잉의 생방송은 여기서 확인하세요!\n우정잉 트위치 https://www.twitch.tv/nanajam777",
        "thumbnail": "https://i.ytimg.com/vi/Pq_lX-zld2g/mqdefault.jpg",
        "youtubeVideoId": "Pq_lX-zld2g",
        "uploadedDate": "2018-12-10T12:47:10Z",
        "viewCount": 0,
        "isCommercial": "False"
    },
    {
        "id": "0d0e3a9c-da06-449a-a929-40d31b49e067",
        "title": "이브잉 혼모노가 돼버린 우정잉 [잉클립] (11월 넷째주)",
        "description": "매주 월요일 올라오는 잉클립! 재밌게 봐주세요 :)\n\n우정잉의 생방송은 여기서 확인하세요!\n우정잉 트위치 https://www.twitch.tv/nanajam777",
        "thumbnail": "https://i.ytimg.com/vi/YEeh_XfRsAE/mqdefault.jpg",
        "youtubeVideoId": "YEeh_XfRsAE",
        "uploadedDate": "2018-12-03T11:48:47Z",
        "viewCount": 0,
        "isCommercial": "False"
    },
    {
        "id": "c6228808-f99e-4dd7-982e-ff650ad0f1b7",
        "title": "짱정잉 애교 일.발.장.전 [잉클립] (11월 셋째주)",
        "description": "매주 월요일 올라오는 잉클립! 재밌게 봐주세요 :)\n\n\n우정잉의 생방송은 여기서 확인하세요!\n우정잉 트위치 https://www.twitch.tv/nanajam777",
        "thumbnail": "https://i.ytimg.com/vi/4V2_Fu7Lde4/mqdefault.jpg",
        "youtubeVideoId": "4V2_Fu7Lde4",
        "uploadedDate": "2018-11-26T09:23:20Z",
        "viewCount": 0,
        "isCommercial": "False"
    },
    {
        "id": "1d1f8c31-e2cb-4f34-a2f6-0d8863203cd0",
        "title": "실.물.깡.패 우.정.잉 [잉클립] (11월 둘째주)",
        "description": "매주 월요일 올라오는 잉클립! 재밌게 봐주세요 :)\n\n우정잉의 생방송은 여기서 확인하세요!\n우정잉 트위치 https://www.twitch.tv/nanajam777",
        "thumbnail": "https://i.ytimg.com/vi/Zp5bqhGpDLI/mqdefault.jpg",
        "youtubeVideoId": "Zp5bqhGpDLI",
        "uploadedDate": "2018-11-19T05:17:42Z",
        "viewCount": 0,
        "isCommercial": "False"
    },
    {
        "id": "d3828fe3-0872-462b-8533-8adf7167a57a",
        "title": "이번 지스타..불참하게 되었읍니다.. [잉클립] (11월 첫째주)",
        "description": "우정잉의 생방송은 여기서 확인하세요!\n우정잉 트위치 https://www.twitch.tv/nanajam777",
        "thumbnail": "https://i.ytimg.com/vi/DV9uya69reM/mqdefault.jpg",
        "youtubeVideoId": "DV9uya69reM",
        "uploadedDate": "2018-11-12T13:47:01Z",
        "viewCount": 0,
        "isCommercial": "False"
    },
    {
        "id": "bc419641-58dc-4760-beb5-90ec0fe9e6c7",
        "title": "돈주면 윙크해주는 그녀 -_-^ [잉클립] (10월 다섯째주)",
        "description": "매주 월요일 잉클립이 올라옵니다! :)\n\n우정잉의 생방송은 여기서 확인하세요!\n우정잉 트위치 https://www.twitch.tv/nanajam777",
        "thumbnail": "https://i.ytimg.com/vi/lL63or-LUxY/mqdefault.jpg",
        "youtubeVideoId": "lL63or-LUxY",
        "uploadedDate": "2018-11-05T12:27:19Z",
        "viewCount": 0,
        "isCommercial": "False"
    },
    {
        "id": "cec965b7-893a-4e31-8aec-5a003d5aac21",
        "title": "🤭우정잉🤭이 어떻게 실버야;;;; 라고 생각한 당신 HOXY....?!?! [잉클립](10월 넷째주)",
        "description": "매주 월요일 잉클립이 올라옵니다! :)\n\n우정잉의 생방송은 여기서 확인하세요!\n우정잉 트위치 https://www.twitch.tv/nanajam777",
        "thumbnail": "https://i.ytimg.com/vi/HxDbJZh7o8Q/mqdefault.jpg",
        "youtubeVideoId": "HxDbJZh7o8Q",
        "uploadedDate": "2018-10-29T11:59:35Z",
        "viewCount": 0,
        "isCommercial": "False"
    },
    {
        "id": "1faf41c7-1b84-46f8-b439-77494c2edc76",
        "title": "공식방송에 드디어 우정잉이 나왔다..! [잉클립] (10월 셋째주)",
        "description": "공식방송에 나와서 쭈굴잉 됐자너~ \n매주 월요일 올라오는 우정잉 잉클립을 확인해주세요!! :)\n\n우정잉의 생방송은 여기서 확인하세요!\n우정잉 트위치 https://www.twitch.tv/nanajam777",
        "thumbnail": "https://i.ytimg.com/vi/pNEeUs-Jgz0/mqdefault.jpg",
        "youtubeVideoId": "pNEeUs-Jgz0",
        "uploadedDate": "2018-10-22T09:37:52Z",
        "viewCount": 0,
        "isCommercial": "False"
    },
    {
        "id": "1a940f41-5c9f-4095-85bc-ebe42a9687f2",
        "title": "0원으로 아리 코스프레 하는 방법이 있다..?! [잉클립] (10월 둘째주)",
        "description": "매주 월요일 올라오는 잉클립을 확인하세요!! :)\n\n우정잉의 생방송은 여기서 확인하세요!\n우정잉 트위치 https://www.twitch.tv/nanajam777",
        "thumbnail": "https://i.ytimg.com/vi/WCQw0eOtxUo/mqdefault.jpg",
        "youtubeVideoId": "WCQw0eOtxUo",
        "uploadedDate": "2018-10-15T09:07:28Z",
        "viewCount": 0,
        "isCommercial": "False"
    },
    {
        "id": "3ebc0c66-bf7a-43b2-9818-fb3e3da1d496",
        "title": "......제 노래를 듣고 크러쉬가 웃었습니다...... [잉클립] (10월 첫째주)",
        "description": "잉클립은 매주 월요일 올라옵니다!\n\n우정잉의 생방송은 여기서 확인하세요!\n우정잉 트위치 https://www.twitch.tv/nanajam777\n\n#트위치 #우정잉 #잉클립",
        "thumbnail": "https://i.ytimg.com/vi/HFSx2bmzNRs/mqdefault.jpg",
        "youtubeVideoId": "HFSx2bmzNRs",
        "uploadedDate": "2018-10-08T11:49:17Z",
        "viewCount": 0,
        "isCommercial": "False"
    },
    {
        "id": "4797b652-a9aa-4e5d-89c0-26a2c052bc03",
        "title": "대답해! say my name!! [잉클립] (9월 넷째주)",
        "description": "너의 이름은....\n그래서 우정잉이 누구? ㅠ \n\n우정잉의 생방송은 여기서 확인하세요!\n우정잉 트위치 https://www.twitch.tv/nanajam777\n\n#트위치 #우정잉 #잉클립",
        "thumbnail": "https://i.ytimg.com/vi/XTm-tWIONqQ/mqdefault.jpg",
        "youtubeVideoId": "XTm-tWIONqQ",
        "uploadedDate": "2018-10-01T13:53:18Z",
        "viewCount": 0,
        "isCommercial": "False"
    },
    {
        "id": "fd119e45-729e-4ed7-9581-01486c3c9eba",
        "title": "쓰레기 같은 추석 되세요^^❤[잉클립]  (9월 셋째주)",
        "description": "여러분 모두 ㅆ..아니 즐거운 추석 보내세요 ☺\n매 주 월요일 올라오는 잉클립! 많은 사랑 부탁드려용 :)\n\n우정잉의 생방송은 여기서 확인하세요!\n우정잉 트위치 https://www.twitch.tv/nanajam777\n\n#우정잉 #트위치 #잉클립",
        "thumbnail": "https://i.ytimg.com/vi/x9k3TKPaKxE/mqdefault.jpg",
        "youtubeVideoId": "x9k3TKPaKxE",
        "uploadedDate": "2018-09-23T15:58:05Z",
        "viewCount": 0,
        "isCommercial": "False"
    },
    {
        "id": "8dd88454-f694-466e-91a3-b21654dc01b2",
        "title": "x나게 눈치가 보입니다.....  [잉클립] (9월 둘째주)",
        "description": "9월 둘째주 잉클립입니다!\n이제 매주 월요일마다 잉클립이 올라옵니당\n재밌게 봐주세요 :)\n\n우정잉의 생방송은 여기서 확인하세요!\n우정잉 트위치 https://www.twitch.tv/nanajam777\n\n#잉클립 #트위치 #우정잉",
        "thumbnail": "https://i.ytimg.com/vi/PTKM1Z8X9PQ/mqdefault.jpg",
        "youtubeVideoId": "PTKM1Z8X9PQ",
        "uploadedDate": "2018-09-23T15:58:05Z",
        "viewCount": 0,
        "isCommercial": "False"
    },
    {
        "id": "1a5cdfff-436a-42ef-83fd-f1949cc74428",
        "title": "우정잉 7월 넷째주 핫클립!",
        "description": "",
        "thumbnail": "https://i.ytimg.com/vi/8HltKqG-8H8/mqdefault.jpg",
        "youtubeVideoId": "8HltKqG-8H8",
        "uploadedDate": "2018-09-23T16:14:17Z",
        "viewCount": 0,
        "isCommercial": "False"
    },
    {
        "id": "0af529bb-e446-4f39-808e-3070f98fabc3",
        "title": "6월 넷째주 핫클립!",
        "description": "",
        "thumbnail": "https://i.ytimg.com/vi/TLjvCJWZtZQ/mqdefault.jpg",
        "youtubeVideoId": "TLjvCJWZtZQ",
        "uploadedDate": "2018-09-23T16:14:17Z",
        "viewCount": 0,
        "isCommercial": "False"
    },
    {
        "id": "a8ef988b-f02d-4213-9290-a1119556fc44",
        "title": "주간 핫클립! 분노의 6월 셋째주!",
        "description": "*  '쏘어'님(leesj942@gmail.com )께서 편집해주신 영상입니다.",
        "thumbnail": "https://i.ytimg.com/vi/Q-vHZVeqx0Q/mqdefault.jpg",
        "youtubeVideoId": "Q-vHZVeqx0Q",
        "uploadedDate": "2018-09-23T16:14:17Z",
        "viewCount": 0,
        "isCommercial": "False"
    }
]