[
    {
        "id": "4d53e625-982e-4c74-8100-ad310b9d371a",
        "title": "얘들아 잠깐 쉬었다 가자~",
        "description": "'오늘도 잉친이가 다 하네', '잉친이가 다 웃기네' 라는 억측, 강압적 논란 등이 있는데\nIQ 추척 등 온갖 방법을 총동원하여 찾아낼 것입니다 조심하십시오\n\n◇비즈니스 문의 : kimfriendshiping@gmail.com\n\n◆우정잉 팬카페 http://cafe.daum.net/ingsfriend\n◆트위치 생방송 https://www.twitch.tv/nanajam777 \n◆인스타그램 https://www.instagram.com/friendshiping94\n\n\n#잉친쓰 #탐방기 #하이라이트",
        "thumbnail": "https://i.ytimg.com/vi/Aebgw-Fejrg/mqdefault.jpg",
        "youtubeVideoId": "Aebgw-Fejrg",
        "uploadedDate": "2021-09-30T10:30:02Z",
        "viewCount": 89498,
        "isCommercial": "False"
    },
    {
        "id": "6d4205de-c152-40b0-8e4f-186668494208",
        "title": "이거 무슨 내용이게요",
        "description": "짜잔 정답은 개꿀잼 잉친쓰 탐방이랍니다\n팬카페에 재밌는 거 완전 많아!\n\n◇비즈니스 문의 : kimfriendshiping@gmail.com\n\n◆우정잉 팬카페 http://cafe.daum.net/ingsfriend\n◆트위치 생방송 https://www.twitch.tv/nanajam777 \n◆인스타그램 https://www.instagram.com/friendshiping94\n\n\n#팬카페 #유머게시판 #잉친쓰",
        "thumbnail": "https://i.ytimg.com/vi/E4Hv7kKbUdI/mqdefault.jpg",
        "youtubeVideoId": "E4Hv7kKbUdI",
        "uploadedDate": "2021-09-30T10:30:02Z",
        "viewCount": 66608,
        "isCommercial": "False"
    },
    {
        "id": "5158db1f-6fad-4cc2-93e0-f2354a1a8eec",
        "title": "이래서 유입들이란... l [잉친쓰 명예의 전당 탐방]",
        "description": "명예의 전당에 재밌는 거 엄청 많으니까 잉친쓰로 놀러와!\n\n◇비즈니스 문의 : kimfriendshiping@gmail.com\n\n◆우정잉 팬카페 http://cafe.daum.net/ingsfriend\n◆트위치 생방송 https://www.twitch.tv/nanajam777 \n◆인스타그램 https://www.instagram.com/friendshiping94\n\n\n#유입들 #반가워요 #소통해요",
        "thumbnail": "https://i.ytimg.com/vi/ttv_yF3fqfg/mqdefault.jpg",
        "youtubeVideoId": "ttv_yF3fqfg",
        "uploadedDate": "2021-09-30T10:30:02Z",
        "viewCount": 43813,
        "isCommercial": "False"
    },
    {
        "id": "98f1fd9c-7d14-403e-a017-6c78cf4785a6",
        "title": "ㅋㅋㅋㅋㅋㅋㅋㅋㅋ이게 유우머",
        "description": "개꿀잼 잉친쓰로 놀러 와~\n\n◇비즈니스 문의 : kimfriendshiping@gmail.com\n\n◆우정잉 팬카페 http://cafe.daum.net/ingsfriend\n◆트위치 생방송 https://www.twitch.tv/nanajam777 \n◆인스타그램 https://www.instagram.com/friendshiping94\n\n\n#잉친쓰 #탐방기 #팬카페",
        "thumbnail": "https://i.ytimg.com/vi/hRU3Un39-QQ/mqdefault.jpg",
        "youtubeVideoId": "hRU3Un39-QQ",
        "uploadedDate": "2021-10-27T03:21:02Z",
        "viewCount": 93175,
        "isCommercial": "False"
    },
    {
        "id": "2578c115-a837-4f20-a1df-4a74154cae36",
        "title": "네이버 공식 인증을 받은 유일한 사람",
        "description": "네공무가 뭐야 네공무가!!\n\n◇비즈니스 문의 : kimfriendshiping@gmail.com\n\n◆우정잉 팬카페 http://cafe.daum.net/ingsfriend\n◆트위치 생방송 https://www.twitch.tv/nanajam777 \n◆인스타그램 https://www.instagram.com/friendshiping94\n\n\n#팬카페 #잉친쓰 #네이버",
        "thumbnail": "https://i.ytimg.com/vi/jkDW-IPPIt0/mqdefault.jpg",
        "youtubeVideoId": "jkDW-IPPIt0",
        "uploadedDate": "2021-11-08T17:50:43Z",
        "viewCount": 61515,
        "isCommercial": "False"
    },
    {
        "id": "533da07b-aa4a-4783-beb8-c49360fc718e",
        "title": "기분이 좋아지는 포즈",
        "description": "봐봐 기분 좋아졌지?\n\n◇비즈니스 문의 : kimfriendshiping@gmail.com\n\n◆우정잉 팬카페 http://cafe.daum.net/ingsfriend\n◆트위치 생방송 https://www.twitch.tv/nanajam777 \n◆인스타그램 https://www.instagram.com/friendshiping94\n\n\n21년 10월 방송분 이것저것 섞은 것입니다 섞고 섞고 돌리고 섞고\n#팬카페 #잉친쓰 #유머",
        "thumbnail": "https://i.ytimg.com/vi/yrjZioZMaLs/mqdefault.jpg",
        "youtubeVideoId": "yrjZioZMaLs",
        "uploadedDate": "2021-12-01T12:32:26Z",
        "viewCount": 68728,
        "isCommercial": "False"
    },
    {
        "id": "55d40e4a-463a-45c4-ad2d-2693cf0c932d",
        "title": "초심을 잃지 말자",
        "description": "애기 명예 전당에 재밌는 거 많으니 놀러와~\n\n◇비즈니스 문의 : kimfriendshiping@gmail.com\n\n◆우정잉 팬카페 http://cafe.daum.net/ingsfriend\n◆트위치 생방송 https://www.twitch.tv/nanajam777 \n◆인스타그램 https://www.instagram.com/friendshiping94\n\n\n21.12.08 수요일 방송분입니다.\n#팬카페 #탐방 #명예의전당",
        "thumbnail": "https://i.ytimg.com/vi/y8EaiyL0v7g/mqdefault.jpg",
        "youtubeVideoId": "y8EaiyL0v7g",
        "uploadedDate": "2022-01-01T12:24:43Z",
        "viewCount": 116659,
        "isCommercial": "False"
    }
]