[
    {
        "id": "678b1c90-cbfe-44b1-9fff-885a912d1d13",
        "title": "Private video",
        "description": "This video is private.",
        "thumbnail": null,
        "youtubeVideoId": "6ezWzng0nYg",
        "uploadedDate": "2016-11-30T03:21:05Z",
        "viewCount": 0,
        "isCommercial": "False"
    },
    {
        "id": "7107520a-f6f6-4718-bc05-9c15e7f10e3c",
        "title": "Private video",
        "description": "This video is private.",
        "thumbnail": null,
        "youtubeVideoId": "uXL6em-FJug",
        "uploadedDate": "2016-12-06T19:00:12Z",
        "viewCount": 0,
        "isCommercial": "False"
    }
]