[
    {
        "id": "28ef76da-623e-40ba-8b26-5b07ee4045bd",
        "title": "유하~ (유튜브 하이 아님) '리틀 이선희' 입니다.  | 국민가수 김유하&김영흠 리뷰 [범수의 세계]",
        "description": "김범수가 마스터로 참여하여 성황리에 종료된 '내일은 국민가수'\n범수형이 제대로 다시 파헤쳐 준다!\n\n오늘은 김유하&김영흠을 리뷰해보겠습니다.\n\n매주 금요일 오후 6시에 업로드 됩니다.\n\n🎥제작: 트레져헌터\n💼비즈니스 문의: adm@treasurehunter.co.kr\n\n#김범수 #내일은국민가수 #김유하",
        "thumbnail": "https://i.ytimg.com/vi/zc0Y10O5ysA/mqdefault.jpg",
        "youtubeVideoId": "zc0Y10O5ysA",
        "uploadedDate": "2022-02-04T08:19:06Z",
        "viewCount": 5909,
        "isCommercial": "False"
    },
    {
        "id": "054ecd5c-16e3-43ca-a486-1b0d99e3fc9e",
        "title": "김범수의 숨겨왔던 형제들 공개합니다 (제2의 김범수)  | 국민가수 김동현&김희석 리뷰",
        "description": "김범수가 마스터로 참여하여 성황리에 종료된 '내일은 국민가수'\n범수형이 제대로 다시 파헤쳐 준다!\n\n오늘은 김동현&김희석을 리뷰해보겠습니다.\n\n매주 금요일 오후 6시에 업로드 됩니다.\n\n🎥제작: 트레져헌터\n💼비즈니스 문의: adm@treasurehunter.co.kr\n\n#김범수 #내일은국민가수 #김동현",
        "thumbnail": "https://i.ytimg.com/vi/5L6n4s3tbXg/mqdefault.jpg",
        "youtubeVideoId": "5L6n4s3tbXg",
        "uploadedDate": "2022-02-11T08:59:43Z",
        "viewCount": 3766,
        "isCommercial": "False"
    },
    {
        "id": "098d55c3-2fc9-40d6-b1ac-71dde3e1333b",
        "title": "김범수가 말하는 '1대 국민가수 박.창.근' | 국민가수 박창근&김성준 리뷰",
        "description": "김범수가 마스터로 참여하여 성황리에 종료된 '내일은 국민가수'\n범수형이 제대로 다시 파헤쳐 준다!\n\n오늘은 박창근&김성준을 리뷰해보겠습니다.\n\n매주 금요일 오후 6시에 업로드 됩니다.\n\n🎥제작: 트레져헌터\n💼비즈니스 문의: adm@treasurehunter.co.kr\n\n#김범수 #내일은국민가수 #박창근",
        "thumbnail": "https://i.ytimg.com/vi/YYYuQzoWJog/mqdefault.jpg",
        "youtubeVideoId": "YYYuQzoWJog",
        "uploadedDate": "2022-02-15T03:23:16Z",
        "viewCount": 13669,
        "isCommercial": "False"
    },
    {
        "id": "7aaf6fd1-0830-4a50-b1d4-80c3e7b6309c",
        "title": "마! 이게 슈스케 우승 출신 클라스다! | 국민가수 박광선&최여원 리뷰",
        "description": "김범수가 마스터로 참여하여 성황리에 종료된 '내일은 국민가수'\n범수형이 제대로 다시 파헤쳐 준다!\n\n오늘은 박광선&최여원을 리뷰해보겠습니다.\n\n매주 금요일 오후 6시에 업로드 됩니다.\n\n🎥제작: 트레져헌터\n💼비즈니스 문의: adm@treasurehunter.co.kr\n\n#김범수 #내일은국민가수 #박광선",
        "thumbnail": "https://i.ytimg.com/vi/ZekaGtPyyyo/mqdefault.jpg",
        "youtubeVideoId": "ZekaGtPyyyo",
        "uploadedDate": "2022-02-21T06:03:34Z",
        "viewCount": 3776,
        "isCommercial": "False"
    },
    {
        "id": "79a3f55f-a6f6-4033-bb8c-4673bc961ca6",
        "title": "일반인은 부를 수 없는 김범수 헬곡 Top5!!🔥 범수형의 생각은?",
        "description": "김범수는 헬곡이 별로 없다??\n그럴리가요..\n\n제작진이 선정한 김범수 헬곡 Top5!\n범수형에게 직접 물어봤습니다.\n\n매주 금요일 오후 6시에 업로드 됩니다.\n\n🎥제작: 트레져헌터\n💼비즈니스 문의: adm@treasurehunter.co.kr\n\n#김범수 #헬곡 #고음",
        "thumbnail": "https://i.ytimg.com/vi/L1w8pN2bDMY/mqdefault.jpg",
        "youtubeVideoId": "L1w8pN2bDMY",
        "uploadedDate": "2022-04-06T02:17:17Z",
        "viewCount": 15683,
        "isCommercial": "False"
    },
    {
        "id": "a739c79d-89cc-4f4d-8c08-78654f1839b9",
        "title": "※논란 종결※ 김범수 오피셜 헬곡 Top5 공개🔥",
        "description": "드디어,\n모든 논란이 종결됐다.\n\n김범수 본인피셜 HELL곡 TOP5🔥\n\n지금 공개합니다!\n\n매주 금요일 오후 6시에 업로드 됩니다.\n\n🎥제작: 트레져헌터\n💼비즈니스 문의: adm@treasurehunter.co.kr\n\n#김범수 #헬곡 #고음",
        "thumbnail": "https://i.ytimg.com/vi/nGMFMZXp9t8/mqdefault.jpg",
        "youtubeVideoId": "nGMFMZXp9t8",
        "uploadedDate": "2022-04-15T05:21:48Z",
        "viewCount": 28827,
        "isCommercial": "False"
    },
    {
        "id": "535c5330-18f8-4637-8797-2915c26205f9",
        "title": "김범수가 알고보니 박치였다고 합니다..",
        "description": "범수형.. 욕한거 아니지..?\n\n박자 마스터들이 한다는 그 게임..\n범수형이 도전해봤습니다!\n\n매주 금요일 오후 6시에 업로드 됩니다.\n\n🎥제작: 트레져헌터\n💼비즈니스 문의: adm@treasurehunter.co.kr\n\n#김범수 #얼불춤 #박치",
        "thumbnail": "https://i.ytimg.com/vi/fn-XHGTIUJs/mqdefault.jpg",
        "youtubeVideoId": "fn-XHGTIUJs",
        "uploadedDate": "2022-05-12T01:52:50Z",
        "viewCount": 8080,
        "isCommercial": "False"
    },
    {
        "id": "0497ab60-1377-4bf6-8304-5d3bfb66509f",
        "title": "공공장소에서도 발성연습을 할 수 있는 물건..? 범수형이 직접 써봤습니다.",
        "description": "세상의 모든 특이한 제품을 리뷰해보자!\n범돈범산 리뷰!\n다음 제품은 어떤 제품을..?\n\n매주 금요일 오후 6시에 업로드 됩니다.\n\n🎥제작: 트레져헌터\n💼비즈니스 문의: adm@treasurehunter.co.kr\n\n#김범수 #발성연습 #발성",
        "thumbnail": "https://i.ytimg.com/vi/kClEin9P_jI/mqdefault.jpg",
        "youtubeVideoId": "kClEin9P_jI",
        "uploadedDate": "2022-06-02T10:01:44Z",
        "viewCount": 6289,
        "isCommercial": "False"
    },
    {
        "id": "f1205767-195b-4085-bea9-02270e2dcbd1",
        "title": "김범수는 도발 댓글에 어떻게 대처할까? 범수의 세계 댓글읽기ㅋㅋㅋㅋ",
        "description": "범수형을 자극하는 수많은 댓글들..\n처형대에 올려봤습니다.\n\n매주 금요일 오후 6시에 업로드 됩니다.\n\n🎥제작: 트레져헌터\n💼비즈니스 문의: adm@treasurehunter.co.kr\n\n#김범수 #악플 #댓글읽기",
        "thumbnail": "https://i.ytimg.com/vi/ViIIi8hmim4/mqdefault.jpg",
        "youtubeVideoId": "ViIIi8hmim4",
        "uploadedDate": "2022-06-09T10:08:14Z",
        "viewCount": 5491,
        "isCommercial": "False"
    },
    {
        "id": "93ae9135-99bc-4e66-a465-26a12e5de7b0",
        "title": "※김범수 폐활량 최초공개※ 일반인과 비교해봤습니다!",
        "description": "세상의 모든 특이한 제품을 리뷰해보자!\n범돈범산 리뷰!\n\n범수형vs일반인 폐활량 비교해봤습니다!!\n\n다음 제품은 어떤 제품을..?\n\n매주 금요일 오후 6시에 업로드 됩니다.\n\n🎥제작: 트레져헌터\n💼비즈니스 문의: adm@treasurehunter.co.kr\n\n#김범수 #폐활량 #성량",
        "thumbnail": "https://i.ytimg.com/vi/yN90Vrp1cmU/mqdefault.jpg",
        "youtubeVideoId": "yN90Vrp1cmU",
        "uploadedDate": "2022-06-16T01:31:19Z",
        "viewCount": 3505,
        "isCommercial": "False"
    },
    {
        "id": "7c40094c-8107-48d9-8b3e-94643fb1baf4",
        "title": "김범수 노래 중에 부를만한 쉬운 노래?? 일명 헤븐곡 Top5👼!!!!",
        "description": "?? : 범수님 솔직히 이 노래는 쉽지 않나요?\n김범수 : ??\n\n제작진이 선정한 김범수 헤븐곡 Top5!\n범수형에게 직접 물어봤습니다.\n\n매주 금요일 오후 6시에 업로드 됩니다.\n\n🎥제작: 트레져헌터\n💼비즈니스 문의: adm@treasurehunter.co.kr\n\n#김범수 #헬곡 #고음",
        "thumbnail": "https://i.ytimg.com/vi/D3WXU0Ttli4/mqdefault.jpg",
        "youtubeVideoId": "D3WXU0Ttli4",
        "uploadedDate": "2022-06-23T12:30:08Z",
        "viewCount": 6174,
        "isCommercial": "False"
    },
    {
        "id": "2ca41980-50b5-4090-98e5-b9a986c38227",
        "title": "한 눈에 보는 2003~2022년 김범수의 패션 변화!",
        "description": "패션은 돌고 돈다?\n데뷔 때 입었던 패션이 지금 유행..!\n\n범수형의 패션 변화를 한 번에 살펴보자!\n\n매주 금요일 오후 6시에 업로드 됩니다.\n\n🎥제작: 트레져헌터\n💼비즈니스 문의: adm@treasurehunter.co.kr\n\n#김범수 #패션 #유행",
        "thumbnail": "https://i.ytimg.com/vi/vfmd5PLRBS0/mqdefault.jpg",
        "youtubeVideoId": "vfmd5PLRBS0",
        "uploadedDate": "2022-06-30T06:57:57Z",
        "viewCount": 1846,
        "isCommercial": "False"
    },
    {
        "id": "4b601bba-e88c-46d1-892f-21203a09ef03",
        "title": "김범수, 당신이 모를 수도 있는 9가지 사실",
        "description": "' 범수형 아무일 없습니다 '\n\n매주 금요일 오후 6시에 업로드 됩니다.\n\n🎥제작: 트레져헌터\n💼비즈니스 문의: adm@treasurehunter.co.kr\n\n#김범수 #인생",
        "thumbnail": "https://i.ytimg.com/vi/i84KuHLdUYA/mqdefault.jpg",
        "youtubeVideoId": "i84KuHLdUYA",
        "uploadedDate": "2022-07-07T06:18:15Z",
        "viewCount": 3000,
        "isCommercial": "False"
    },
    {
        "id": "09eba70f-912b-471b-8d65-a05e9294d1c3",
        "title": "올 여름은 이 노래만 들으시면 됩니다. 김범수의 여름 플레이리스트🦋",
        "description": "김범수는 발라드만 하는 가수?\n그럴리가요.\n\n가슴까지 시원해지는 김범수의 여름 플레이리스트!\n\n매주 금요일 오후 6시에 업로드 됩니다.\n\n🎥제작: 트레져헌터\n💼비즈니스 문의: adm@treasurehunter.co.kr\n\n#김범수 #플레이리스트 #여름",
        "thumbnail": "https://i.ytimg.com/vi/tGczGp6htmY/mqdefault.jpg",
        "youtubeVideoId": "tGczGp6htmY",
        "uploadedDate": "2022-07-12T06:11:16Z",
        "viewCount": 1701,
        "isCommercial": "False"
    },
    {
        "id": "1fa9e8b1-0ca2-44c1-b597-6472b3e7086f",
        "title": "이분 노래 좋네요, 조만간 커버해보겠습니다. 범수의 세계 댓글읽기🌝",
        "description": "'안녕'이 가수 이름이였어??\n이 분 노래 좋네요!\n\n매주 금요일 오후 6시에 업로드 됩니다.\n\n🎥제작: 트레져헌터\n💼비즈니스 문의: adm@treasurehunter.co.kr\n\n#김범수 #댓글 #커버곡",
        "thumbnail": "https://i.ytimg.com/vi/l3z1q6QxHJ4/mqdefault.jpg",
        "youtubeVideoId": "l3z1q6QxHJ4",
        "uploadedDate": "2022-07-21T06:19:43Z",
        "viewCount": 3663,
        "isCommercial": "False"
    },
    {
        "id": "ffbcf1df-e274-439f-b31f-de49d5644235",
        "title": "발성의 달인을 만나봤습니다..",
        "description": "영상 속 김범수 달인께서 체험하신 제품은\n세라젬 파우제 M2 / 세라젬 디코어 제품이며,\n\n☀해당 영상은 세라젬에서 제작 지원을 받아 진행되었습니다☀\n\n\n🛏세라젬X범수의세계 구독자 이벤트🛏\n\nQ. 발성의 달인 콘텐츠 영상 마지막 부분에서\n김범수 달인이 부르는 노래는 무슨 자세일까요?\n\n1. 서서   2. 앉아서  3. 누워서  4. 물구나무\n\n자세한 내용은 고정댓글 참고!\n\n🎥제작: 트레져헌터\n💼비즈니스 문의: adm@treasurehunter.co.kr\n\n#김범수 #발성 #달인",
        "thumbnail": "https://i.ytimg.com/vi/OmZFfw5cJDQ/mqdefault.jpg",
        "youtubeVideoId": "OmZFfw5cJDQ",
        "uploadedDate": "2022-07-28T06:30:04Z",
        "viewCount": 14955,
        "isCommercial": "True"
    }
]