[
    {
        "id": "1652451d-e61e-4287-b169-a2ea8d5634f1",
        "title": "' 발라드 그거 어떻게 부르는 건데? ' 범수형이 알려줄게!!!👀 | 범참시 ep. 발라드, R&B",
        "description": "드디어 시작된 새로운 콘텐츠 '범.참.시'\n\n전국민 노래 참견 프로젝트,\n범수형이 여러분의 멘토가 되어 드립니다!\n\n하지만 그 뒤에 혹독한 과정이 기다리고 있는데....\n\n매주 금요일 오후 6시에 업로드 됩니다.\n\n🎥제작: 트레져헌터\n💼비즈니스 문의: adm@treasurehunter.co.kr\n\n#김범수 #범참시 #일반인",
        "thumbnail": "https://i.ytimg.com/vi/CDNzFtKCDCY/mqdefault.jpg",
        "youtubeVideoId": "CDNzFtKCDCY",
        "uploadedDate": "2021-12-09T10:44:31Z",
        "viewCount": 14456,
        "isCommercial": "False"
    },
    {
        "id": "44d80219-3470-4e68-b700-475fa206837b",
        "title": "' 고음은 중요하지 않아요! ' 예기치 못한 실력자들의 등장!👀 | 범참시 ep. 발라드, R&B",
        "description": "본격 전국민 멘토링 콘텐츠 '범.참.시'\n\n멘토링을 해주기엔 실력자들이 너무 많잖아!!!\n\n지금 영상에서 확인하세요!\n\n매주 금요일 오후 6시에 업로드 됩니다.\n\n🎥제작: 트레져헌터\n💼비즈니스 문의: adm@treasurehunter.co.kr\n\n#김범수 #범참시 #일반인",
        "thumbnail": "https://i.ytimg.com/vi/PkB9fFQQBps/mqdefault.jpg",
        "youtubeVideoId": "PkB9fFQQBps",
        "uploadedDate": "2021-12-16T08:20:47Z",
        "viewCount": 23303,
        "isCommercial": "False"
    },
    {
        "id": "1b893ab4-a97a-4f0d-8d01-86fbd6f548d2",
        "title": "범수형.. 이제 락까지 섭렵하게?🤘 | 범참시 ep. 락(Rock) [범수의 세계]",
        "description": "대국민 멘토링 콘텐츠 '범.참.시'\n\n전국민 노래 참견 프로젝트,\n범수형이 여러분의 멘토가 되어 드립니다.\n\nRock&Roll!!!! 오늘은 락에 대해 다 알려드립니다!\n\n매주 금요일 오후 6시에 업로드 됩니다.\n\n🎥제작: 트레져헌터\n💼비즈니스 문의: adm@treasurehunter.co.kr\n\n#김범수 #범참시 #일반인",
        "thumbnail": "https://i.ytimg.com/vi/rc4F8e4V37k/mqdefault.jpg",
        "youtubeVideoId": "rc4F8e4V37k",
        "uploadedDate": "2022-01-14T04:43:41Z",
        "viewCount": 3744,
        "isCommercial": "False"
    },
    {
        "id": "10b7e025-c297-4faf-8282-ea6a44658f5d",
        "title": "' 극한의 고음 '을 맛본 김범수의 반응...  | 범참시 ep. 락(Rock) [범수의 세계]",
        "description": "대국민 멘토링 콘텐츠 '범.참.시'\n\n전국민 노래 참견 프로젝트,\n범수형이 여러분의 멘토가 되어 드립니다.\n\n'고음... 고음... 제발 낮춰!!!'\n드디어 범수형이 득도했습니다..\n\n매주 금요일 오후 6시에 업로드 됩니다.\n\n🎥제작: 트레져헌터\n💼비즈니스 문의: adm@treasurehunter.co.kr\n\n#김범수 #범참시 #일반인",
        "thumbnail": "https://i.ytimg.com/vi/5yK-LnirS3w/mqdefault.jpg",
        "youtubeVideoId": "5yK-LnirS3w",
        "uploadedDate": "2022-01-21T01:26:47Z",
        "viewCount": 8813,
        "isCommercial": "False"
    }
]