[
    {
        "id": "e6ed8918-a766-4d61-8956-89dd70d63bc5",
        "title": "오니가 되어버린 귀멸의칼날 젠이츠는 얼마나 강할까?",
        "description": "귀멸 의 칼날 명장면 제조기이자 최고의 동료인 젠이츠!\n만약 그런 간지 캐릭터 젠이츠가 오니가 돼버린다면\n앞으로의 귀멸의칼날 2기 의 스토리는 어떻게 되는 걸까요?\n\n👿귀칼의 타임라인👿\n00:00​​​ 인트로\n00:33 정말 젠이츠는 오니가 될까?\n\n🎧사용한 BGM🎧\nPiece of Cake https://youtu.be/P0SfHRQY1A4​\n우리동네 한바퀴 https://youtu.be/iyaIxy9KQJQ​\nLazy Waltz https://youtu.be/lz34dgf_v8Q​\n\n#귀멸의칼날​​ #​젠이츠 #귀칼2기",
        "thumbnail": "https://i.ytimg.com/vi/wa1DI2EB5MQ/mqdefault.jpg",
        "youtubeVideoId": "wa1DI2EB5MQ",
        "uploadedDate": "2021-05-28T23:37:13Z",
        "viewCount": 94029,
        "isCommercial": "False"
    },
    {
        "id": "1af92a2a-c3ac-460d-8412-8e329e99ad44",
        "title": "결국 상현의 힘을 받아들인 귀멸의칼날 교메이..?",
        "description": "귀멸의 칼날 2기 이후 이 남자의 활약은 엄청날겁니다..\n히메지마 교메이, 귀살대 최강의 남자가 만약 오니의 힘을\n받아들였다면 앞으로의 귀칼의 스토리는 어떻게될까요?\n\n무한열차를 곧 무료로 볼수있다고? - https://vo.la/a2GCG\n\n👿귀멸의 타임라인👿\n00:00​​ 인트로\n00:46 교메이는 뭐하는 사람?\n02:39 정말 오니가 된다고?\n\n🎧사용한 음원🎧\nPiece of Cake https://youtu.be/P0SfHRQY1A4​\n우리동네 한바퀴 https://youtu.be/iyaIxy9KQJQ​\nLazy Waltz https://youtu.be/lz34dgf_v8Q​\n\n#귀멸의칼날2기 #교메이 #귀칼결말",
        "thumbnail": "https://i.ytimg.com/vi/UeL91dbtknk/mqdefault.jpg",
        "youtubeVideoId": "UeL91dbtknk",
        "uploadedDate": "2021-05-28T23:37:20Z",
        "viewCount": 63909,
        "isCommercial": "False"
    },
    {
        "id": "1251a70f-5eaa-4677-ba0a-75796f444ce7",
        "title": "결국 오니의 힘을 받아들인 시노부..?",
        "description": "귀멸의 칼날 속 엄청난 존재감의 여전사 시노부\n만약 그런 의지 넘치는 시노부가 오니가 되버렸다면\n앞으로의 귀칼의 스토리는 어떻게됬을까요?\n\n드디어 무한열차를 곧 핸드폰으로 시청할수있다?? https://vo.la/oGcFL\n\n👿귀칼의 타임라인👿\n00:00​​ 인트로\n00:29 정말 시노부는 오니가 될까?\n03:00 오늘의 결론\n\n🎧사용한 음원🎧\nPiece of Cake https://youtu.be/P0SfHRQY1A4​\n우리동네 한바퀴 https://youtu.be/iyaIxy9KQJQ​\nLazy Waltz https://youtu.be/lz34dgf_v8Q​\n\n#귀멸의칼날​ #시노부 #귀칼결말",
        "thumbnail": "https://i.ytimg.com/vi/jM0ofqprUGU/mqdefault.jpg",
        "youtubeVideoId": "jM0ofqprUGU",
        "uploadedDate": "2021-05-28T23:37:45Z",
        "viewCount": 77745,
        "isCommercial": "False"
    },
    {
        "id": "edaec4fd-9b07-406f-a3f4-17e108162a04",
        "title": "결국 오니가 되어버린 귀멸의칼날 렌고쿠?",
        "description": "귀멸의 칼날 무한열차편 이 남자 정말 대단했죠\n근데 렌고쿠가 만약 정말 오니가 되는것을 받아들였다면 \n앞으로의 귀칼의 스토리는 어떻게됬을까요?\n\n귀칼애니 고화질로 보러가는법 - https://vo.la/oeMrG\n\n👿귀칼의 타임라인👿\n00:00​​ 인트로\n00:25 정말 쿄쥬로는 오니가 될까?\n03:12 오늘의 결론\n\n🎧사용한 음원🎧\nPiece of Cake https://youtu.be/P0SfHRQY1A4​\n우리동네 한바퀴 https://youtu.be/iyaIxy9KQJQ​\n\n#귀멸의칼날​ #렌고쿠 #귀칼결말",
        "thumbnail": "https://i.ytimg.com/vi/TacmeRCCjyo/mqdefault.jpg",
        "youtubeVideoId": "TacmeRCCjyo",
        "uploadedDate": "2021-05-28T23:37:54Z",
        "viewCount": 100436,
        "isCommercial": "False"
    },
    {
        "id": "729c8800-edbe-4f3a-8c4a-e3c922d8c8bc",
        "title": "오니가 되어버린 귀멸의 칼날 무이치로는 얼마나 강할까?",
        "description": "귀멸 의 칼날 속 최고의 무지성 사교를 보여준 무이치로!\n만약 그런 반전매력 캐릭터 무이치로가 오니가 돼버린다면\n앞으로의 귀멸의칼날 2기 의 스토리는 어떻게 되는 걸까요?\n\n👿귀칼의 타임라인👿\n00:00​​​ 인트로\n00:31 무이치로의 오니화\n04:02 오늘의 결론\n\n🎧사용한 BGM🎧\nPiece of Cake https://youtu.be/P0SfHRQY1A4​\n우리동네 한바퀴 https://youtu.be/iyaIxy9KQJQ​\nLazy Waltz https://youtu.be/lz34dgf_v8Q​\nKEVIN MACLEOD SNEAKY SNITCH\n\n#귀멸의칼날​​ #​무이치로 #귀칼2기",
        "thumbnail": "https://i.ytimg.com/vi/NCLOvl39Kxc/mqdefault.jpg",
        "youtubeVideoId": "NCLOvl39Kxc",
        "uploadedDate": "2021-05-28T23:36:59Z",
        "viewCount": 40657,
        "isCommercial": "False"
    },
    {
        "id": "44c51c7d-c1b1-473c-99e0-5329ab2c8de1",
        "title": "결국 오니의 힘을 받아들인 기유..?",
        "description": "귀멸의칼날 탄지로의 생명의 은인이자 물의호흡의 최고봉\n토미오카 기유 그 남자가 오니가 된다면..\n과연 귀칼 세계관은 어떻게 될것인가!!\n\n무한열차를 곧 핸드폰으로 볼수있게된다고? https://vo.la/dWfnZ\n\n👿귀칼의 타임라인👿\n00:00​​ 인트로\n00:29 기유는 정말 오니가 된것일까..?\n03:24 오늘의 결론\n03:35 유진씨가 전하는 말\n\n🎧사용한 음원🎧\nPiece of Cake https://youtu.be/P0SfHRQY1A4​\n우리동네 한바퀴 https://youtu.be/iyaIxy9KQJQ​\nLazy Waltz https://youtu.be/lz34dgf_v8Q​\n\n광고/사업\nask.endevor@gmail.com \n\n#귀멸의칼날​ #기유 #귀칼2기",
        "thumbnail": "https://i.ytimg.com/vi/rh4Fus-ibGY/mqdefault.jpg",
        "youtubeVideoId": "rh4Fus-ibGY",
        "uploadedDate": "2021-05-28T23:37:41Z",
        "viewCount": 49151,
        "isCommercial": "False"
    },
    {
        "id": "0353c021-6d44-4094-8e0b-fbac65cc1f4d",
        "title": "오니가 되어버린 귀멸의 칼날 카나오는 얼마나 강할까?",
        "description": "귀멸 의 칼날 나비자매의 막내이자 꽃의 유대 카나오!\n만약 그런 매력적인 카나오가 오니가 돼버린다면\n앞으로의 귀멸의 칼날 2기 의 스토리는 어떻게 되는 걸까요?\n\n👿귀칼의 타임라인👿\n00:00​​​​ 인트로\n00:29​ 카나오가 누구야\n03:08 정말 카나오는 오니가 되는걸까?\n\n🎧사용한 BGM🎧\nPiece of Cake https://youtu.be/P0SfHRQY1A4​​\n우리동네 한바퀴 https://youtu.be/iyaIxy9KQJQ​​\nLazy Waltz https://youtu.be/lz34dgf_v8Q​​\n\n#귀멸의칼날​​​ #​카나오​ #귀칼2기",
        "thumbnail": "https://i.ytimg.com/vi/iJMFHGD34BM/mqdefault.jpg",
        "youtubeVideoId": "iJMFHGD34BM",
        "uploadedDate": "2021-05-28T23:37:04Z",
        "viewCount": 40355,
        "isCommercial": "False"
    },
    {
        "id": "fc468a7d-ed33-4a04-9c20-77673d96ab94",
        "title": "만약 귀멸의 칼날 사네미가 상현의 오니가 된다면?",
        "description": "귀멸의 칼날의 최고의 기둥으로 평가받는 시나즈가와 사네미..\n만약 그런 긍지높은 주가 오니가 된다면 어떻게 될까요??\n\n(속보) 무한열차가 6월달 bd발매?? https://vo.la/YILlz\n\n👿귀칼의 타임라인👿\n00:00​​ 인트로\n00:26 사네미에 대해서 알아보자\n01:58 정말 오니가 된다면?\n06:11 오늘의 결론\n\n🎧사용한 음원🎧\nPiece of Cake https://youtu.be/P0SfHRQY1A4​\n우리동네 한바퀴 https://youtu.be/iyaIxy9KQJQ​\nLazy Waltz https://youtu.be/lz34dgf_v8Q​\nConfusing Road https://youtu.be/ydPppyQQdPc\n\n광고/사업\nask.endevor@gmail.com \n\n#귀멸의칼날​ #사네미 #십이귀월",
        "thumbnail": "https://i.ytimg.com/vi/vlgRc8u_yoQ/mqdefault.jpg",
        "youtubeVideoId": "vlgRc8u_yoQ",
        "uploadedDate": "2021-05-28T23:37:25Z",
        "viewCount": 40150,
        "isCommercial": "False"
    },
    {
        "id": "bfbfe98c-1a9c-4075-956e-b906deeaaa0c",
        "title": "만약 귀멸의칼날 미츠리가 오니가 된다면?",
        "description": "귀멸 세계관을 이끌어가는 당당한 우리의 \"주\"들!\n그런 최강이 기둥 중 사랑의 기둥인 미츠리가 만약 오니가 되버렸다면\n과연 귀멸의 칼날 세계관은 어떻게 변화할지 알아보도록 하죠!\n\n곧 무한열차를 핸드폰으로 볼수있게된다?? https://vo.la/sez1C\n\n👿귀칼의 타임라인👿\n00:00​​ 인트로\n00:33 미츠리의 소개\n01:33 정말 미츠리는 오니가될까?\n03:29 오늘의 결론\n\n🎧사용한 음원🎧\nPiece of Cake https://youtu.be/P0SfHRQY1A4​\n우리동네 한바퀴 https://youtu.be/iyaIxy9KQJQ​\nLazy Waltz https://youtu.be/lz34dgf_v8Q​\n\n광고/사업\nask.endevor@gmail.com \n\n#귀멸의칼날​ #칸로지미츠리 #귀칼2기",
        "thumbnail": "https://i.ytimg.com/vi/0-Dy_iWXcls/mqdefault.jpg",
        "youtubeVideoId": "0-Dy_iWXcls",
        "uploadedDate": "2021-05-28T23:37:33Z",
        "viewCount": 38533,
        "isCommercial": "False"
    }
]