[
    {
        "id": "f803243e-7d42-49b3-b597-caebc29e6b0b",
        "title": "애니를 뚫고 나와버린 고인물들의 \"귀멸의 칼날\" 게임 속 다키..ㄷ",
        "description": "오늘은 귀멸의 칼날 2기 환락의 거리편 특집으로 준비해보았습니다!!\n\n오늘 영상만큼은 고정댓글 정말 중요합니다 영상 끝까지 시청해주세요!!\n\n썸네일 - 유진씨\n\n👺타임라인👺\n00:00 인트로\n00:41 다키 털어보기\n03:31 구독자 필수정보\n06:06 오늘의 결론\n\n문의/광고/협찬 ask.endevor@gmail.com 편하게 연락주세요!\n\n#귀멸의칼날 #히노카미혈풍담 #귀멸의칼날게임\n#귀멸의칼날3기 #대장장이마을편 #환락의거리편 \n#귀멸의칼날무한열차 #귀멸2기",
        "thumbnail": "https://i.ytimg.com/vi/aJlHvZ6CeM8/mqdefault.jpg",
        "youtubeVideoId": "aJlHvZ6CeM8",
        "uploadedDate": "2022-10-20T07:01:20Z",
        "viewCount": 6134,
        "isCommercial": "False"
    },
    {
        "id": "269efa01-e5a9-47a8-87a5-2e32b48a5f83",
        "title": "귀멸의 칼날 3기 대장장이 마을편 12월 10일 뜹니다..!! [공식정보]",
        "description": "진짜 오래 기다렸습니다 드디어 공식정보가 나와줬네요..\n10월 15일 유포터블 마치아소비 이벤트에서 나와준 정보를\n빠르게 귀멸의 칼날 1타강사 유진씨와 함께 털어볼게요!\n\n문의/광고/협찬 ask.endevor@gmail.com 편하게 연락주세요!\n\n#귀멸의칼날 #귀멸의칼날3기 #대장장이마을편\n#귀멸의칼날무한열차 #귀멸2기",
        "thumbnail": "https://i.ytimg.com/vi/TL8_1Bayc0w/mqdefault.jpg",
        "youtubeVideoId": "TL8_1Bayc0w",
        "uploadedDate": "2022-10-15T02:19:52Z",
        "viewCount": 17002,
        "isCommercial": "False"
    },
    {
        "id": "e16af74d-0190-49e0-a43d-e2945ea16261",
        "title": "귀멸의 칼날 히노카미 혈풍담 환락의 거리편 다키 공식 PV",
        "description": "드디어 히노카미 혈풍담 귀멸의 칼날 게임의 환락의 거리편 메인!\n우리의 다키 눈나가 참전합니다 ㅋㅋㅋㅋㅋㅋㅋㅋㅋ\n\n자 드가자~~\n\n문의/광고/협찬 ask.endevor@gmail.com 편하게 연락주세요!\n\n#귀멸의칼날 #귀멸의칼날2기 #환락의거리편 \n#귀멸의칼날3기 #대장장이마을편\n#귀멸의칼날무한열차 #귀멸2기",
        "thumbnail": "https://i.ytimg.com/vi/IUobcKzovpQ/mqdefault.jpg",
        "youtubeVideoId": "IUobcKzovpQ",
        "uploadedDate": "2022-10-11T14:57:56Z",
        "viewCount": 9424,
        "isCommercial": "False"
    },
    {
        "id": "7161a3af-ff82-4444-8d49-2d4a9795b44b",
        "title": "귀멸의 칼날 3기 대장장이 마을편 신규 정보 드디어 떠주나..? [귀칼공식]",
        "description": "애니플렉스 온라인 페스티벌 AOF 2022를 떠나보내고\n처절한 삶을 살고있던 유진씨에게 한 정보가 입수되는데..\n\n영상으로 확인하시죠.. 10월 6일 생방송 녹화버전입니다\n\n👺타임라인👺\n00:00 시작\n01:25 정보사진 확대\n01:55 유곽편 극장판(?)\n02:20 그래도 갓포터블임\n03:13 그래서 어디서 보는거임\n\n문의/광고/협찬 ask.endevor@gmail.com 편하게 연락주세요!\n\n#귀멸의칼날 #귀멸의칼날3기 #대장장이마을편\n#귀멸의칼날무한열차 #귀멸2기",
        "thumbnail": "https://i.ytimg.com/vi/_fJLqclO7Hs/mqdefault.jpg",
        "youtubeVideoId": "_fJLqclO7Hs",
        "uploadedDate": "2022-10-06T14:49:50Z",
        "viewCount": 10888,
        "isCommercial": "False"
    },
    {
        "id": "9c6f4b21-de9f-43a0-bd4f-b2dab1c83ec1",
        "title": "\"이게 진짜 된다고?\" AI를 사용해 스파이 패밀리를 귀멸의 칼날로 바꿔보았다",
        "description": "인간시대의 끝이 도래한것 같습니다.. 진짜 요즘 인공지능 미쳤네요 ㅋㅋ\n\n스파이 패밀리 2기 방영 기념으로 귀멸의 칼날 테마를 입혀보았습니다!\n\n💣타임라인👺\n00:00 인트로\n00:08 캐릭터1\n00:16 캐릭터2\n00:33 캐릭터3\n01:04 캐릭터4\n01:48 캐릭터5\n02:16 캐릭터6\n02:40 아ㅋㅋㅋㅋ\n02:45 캐릭터7\n\n문의/광고/협찬 ask.endevor@gmail.com 편하게 연락주세요!\n\n#귀멸의칼날 #스파이패밀리 #스파이패밀리2기\n#귀멸의칼날3기 #대장장이마을편\n#귀멸의칼날무한열차 #귀멸2기 #유곽편\n#아냐 #요르 #로이드 #아냐포저\n#스파이패밀리아냐",
        "thumbnail": "https://i.ytimg.com/vi/svi3b4Ud0bU/mqdefault.jpg",
        "youtubeVideoId": "svi3b4Ud0bU",
        "uploadedDate": "2022-10-05T08:14:44Z",
        "viewCount": 4710,
        "isCommercial": "False"
    },
    {
        "id": "0eddbab0-64a4-4e78-be27-7d9a6552c435",
        "title": "귀멸의 칼날 3기 대장장이 마을편 신규 PV 5개월 기다렸습니다 그런데..",
        "description": "애니플렉스 온라인 페스티벌 AOF 2022에서 등장해줄\n귀칼 3기 대장장이 마을편의 정보를.. 가지고 왔어야했는데..\n\n영상으로 확인하시죠.. 그리고 고정댓글에서..\n\n썸네일 - 오쿠징크\n\n👺타임라인👺\n00:00 인트로\n00:46 본론\n00:59 AOF 오프닝\n03:01 탄지로 입지편 (1기)\n10:31 무한열차편\n12:42 환락의 거리편 (2기)\n17:41 오늘의 결론\n\n문의/광고/협찬 ask.endevor@gmail.com 편하게 연락주세요!\n\n#귀멸의칼날 #귀멸의칼날3기 #대장장이마을편\n#귀멸의칼날무한열차 #귀멸2기",
        "thumbnail": "https://i.ytimg.com/vi/uKz3gySXI2M/mqdefault.jpg",
        "youtubeVideoId": "uKz3gySXI2M",
        "uploadedDate": "2022-09-24T08:03:37Z",
        "viewCount": 25408,
        "isCommercial": "False"
    },
    {
        "id": "876611a8-da76-4f7e-b50e-9276585ce090",
        "title": "2022 애니플렉스 온라인 페스티벌 오프닝 (소름주의)",
        "description": "#귀멸의칼날3기 #귀멸의칼날2기 #귀멸의칼날 #애니플렉스",
        "thumbnail": "https://i.ytimg.com/vi/d6IRK-98tnU/mqdefault.jpg",
        "youtubeVideoId": "d6IRK-98tnU",
        "uploadedDate": "2022-09-24T03:12:11Z",
        "viewCount": 3696,
        "isCommercial": "False"
    },
    {
        "id": "32a5034a-c40a-40a7-b0c4-38e5015c7d06",
        "title": "귀멸의 칼날 3기 대장장이 마을편 신규정보에 위기가 온것 같습니다",
        "description": "이번 9월 24일 진행되는 애니플렉스 페스티벌에 위기가 온것 같습니다\n귀멸의 칼날 3기의 관한 모든 정보 빠르게 알아보도록 하시죠\n\n매주 즐거운 귀칼리뷰 영상 정기 업로드\n\n문의/광고/협찬 ask.endevor@gmail.com 편하게 연락주세요!\n\n#귀멸의칼날 #귀멸의칼날3기 #대장장이마을편 #귀멸의칼날2기 \n#귀멸의칼날무한열차 #유진씨 #렌고쿠쿄쥬로 #무이치로 #미츠리",
        "thumbnail": "https://i.ytimg.com/vi/lRihXwXgCG8/mqdefault.jpg",
        "youtubeVideoId": "lRihXwXgCG8",
        "uploadedDate": "2022-09-22T06:35:01Z",
        "viewCount": 10069,
        "isCommercial": "False"
    },
    {
        "id": "c605fd63-d6f3-43b3-83f0-1350184dcadf",
        "title": "귀멸의 칼날 표절게임 \"귀살의 검\" 실제론 어땠을까?",
        "description": "여러방향에서 귀멸의 칼날의 소식을 들려주는 남자 유진씨\n오늘은 한때 게임 시장을 핫하게 달궜던 귀칼의 표절작\n\"귀살의 검\"의 내막에대해서 한번 알아보겠습니다\n\n타임라인\n00:00 인트로\n00:54 귀살의 검이란?\n01:39 세계관\n02:30 뒷이야기\n04:24 인게임 캐릭터\n07:13 결론 + 쿠키영상\n\n매주 즐거운 귀칼리뷰 영상 정기 업로드\n\n문의/광고/협찬 ask.endevor@gmail.com 편하게 연락주세요!\n\n#귀멸의칼날 #표절 #귀살의검 #귀멸의칼날3기 #귀멸의칼날2기 \n#귀멸의칼날무한열차",
        "thumbnail": "https://i.ytimg.com/vi/LtejMdP-Xig/mqdefault.jpg",
        "youtubeVideoId": "LtejMdP-Xig",
        "uploadedDate": "2022-09-14T05:08:01Z",
        "viewCount": 19590,
        "isCommercial": "False"
    },
    {
        "id": "71aefbde-18ba-4e02-92e3-b2ae5a7b0cd0",
        "title": "귀멸의 칼날 히노카미 혈풍담 2기 탄지로 젠이츠 이노스케 환락의 거리편 공식 PV",
        "description": "진짜 귀칼 프렌차이즈 공식 게임 \"히노카미 혈풍담\"\n드디어 메인 캐릭터들이 하나하나씩 나와주는것 같아 기쁩니다\n\n매주 즐거운 귀칼리뷰 영상 정기 업로드\n\n문의/광고/협찬 ask.endevor@gmail.com 편하게 연락주세요!\n\n#귀멸의칼날 #귀멸의칼날3기 #귀멸의칼날2기 #귀멸의칼날무한열차 \n#유진씨 #대장장이마을편 #렌고쿠쿄쥬로 #히노카미혈풍담\n#젠이츠 #벽력일섬 #번개의호흡",
        "thumbnail": "https://i.ytimg.com/vi/xz52ogvXDaU/mqdefault.jpg",
        "youtubeVideoId": "xz52ogvXDaU",
        "uploadedDate": "2022-09-14T04:13:31Z",
        "viewCount": 13616,
        "isCommercial": "False"
    },
    {
        "id": "cd83c0de-fc90-4a5c-b637-9c00c7361199",
        "title": "귀멸의 칼날 무한열차 실사판 비하인드 영상 [한글자막]",
        "description": "귀칼 무한열차의 실사판 \"귀멸의 칼날 무대\" 그 비하인드를 한국어로!!\n\n매주 즐거운 귀칼리뷰 영상 정기 업로드\n\n문의/광고/협찬 ask.endevor@gmail.com 편하게 연락주세요!\n\n#무한열차 #귀멸의칼날3기 #귀멸의칼날2기 #귀멸의칼날무한열차 \n#유진씨 #대장장이마을편 #렌고쿠쿄쥬로 #렌고쿠",
        "thumbnail": "https://i.ytimg.com/vi/0ldJrCKUVqQ/mqdefault.jpg",
        "youtubeVideoId": "0ldJrCKUVqQ",
        "uploadedDate": "2022-09-05T09:57:24Z",
        "viewCount": 3659,
        "isCommercial": "False"
    },
    {
        "id": "69cae0d9-f848-4628-8457-62f479747777",
        "title": "【공식】 『귀멸의 칼날』 아가츠마 젠이츠 PV 【한글자막】",
        "description": "오늘자로 일본 점프 공식 유튜브에 업로드 된 젠이츠 생일 축전 PV 입니다\n\n9월 3일 아가츠마 젠이츠의 생일을 축하하며 영상 즐겨주세요!\n[유튜브 자막 설정 가능]\n\n매주 즐거운 귀칼리뷰 영상 정기 업로드\n\n문의/광고/협찬 ask.endevor@gmail.com 편하게 연락주세요!\n\n#귀멸의칼날3기 #대장장이마을편 #젠이츠 #아가츠마젠이츠\n#귀칼 #귀칼3기 #귀칼2기 #유진씨 #귀멸의칼날2기 \n#미츠리 #귀멸의칼날3기 #대장장이마을편 #화뢰신\n#귀멸의칼날무한열차 #렌고쿠쿄쥬로 #귀멸의칼날3기대장장이마을편",
        "thumbnail": "https://i.ytimg.com/vi/V63Kd7GxlsE/mqdefault.jpg",
        "youtubeVideoId": "V63Kd7GxlsE",
        "uploadedDate": "2022-09-02T15:07:47Z",
        "viewCount": 2384,
        "isCommercial": "False"
    },
    {
        "id": "1e8cb8b4-bb8e-496f-ae0b-f2ce57d39dff",
        "title": "공식) 귀멸의 칼날 2기 환락의 거리편 게임 드디어 \"탄지로 삼총사\" 뜹니다!!",
        "description": "귀칼 게임인지 애니인지 모를 일러스트들이 즐비한 히노카미 혈풍담 게임!\n드디어 이 삼총사들이 나와버린것 같습니다.. 9월 중순 출시한다고 하네요!\n\n매주 즐거운 귀칼리뷰 영상 정기 업로드\n\n문의/광고/협찬 ask.endevor@gmail.com 편하게 연락주세요!\n\n#귀멸의칼날 #귀멸의칼날3기 #귀멸의칼날2기 #귀멸의칼날무한열차 \n#유진씨 #대장장이마을편 #렌고쿠쿄쥬로 #히노카미혈풍담",
        "thumbnail": "https://i.ytimg.com/vi/HexNn7ukQDA/mqdefault.jpg",
        "youtubeVideoId": "HexNn7ukQDA",
        "uploadedDate": "2022-08-31T05:04:51Z",
        "viewCount": 7713,
        "isCommercial": "False"
    },
    {
        "id": "ae4c411c-20bb-4861-8b25-0da04fce0386",
        "title": "귀멸의 칼날 무한열차를 방탈출 카페로 만들어버리는 일본의 저력 [주간귀칼 8월 5째주]",
        "description": "한주간의 모든 귀멸의 칼날 관련 소식을 총정리 한다! 유진씨의 주간귀칼\n\n매주 즐거운 귀칼리뷰 영상 정기 업로드\n\n귀칼의 타임라인\n\n00:00 인트로\n00:11 소식 1\n01:04 소식 2\n03:09 소식 3\n04:36 소식 4\n05:24 소식 5\n06:01 소식 6\n06:28 소식 7\n06:58 소식 8\n07:24 소식 9\n07:58 소식 10\n\n문의/광고/협찬 ask.endevor@gmail.com 편하게 연락주세요!\n\n#주간귀칼 #귀멸의칼날3기 #귀멸의칼날2기 #귀멸의칼날무한열차 \n#유진씨 #대장장이마을편 #렌고쿠쿄쥬로 #환락의거리편\n#우즈이텐겐",
        "thumbnail": "https://i.ytimg.com/vi/gDfwG2SL_8k/mqdefault.jpg",
        "youtubeVideoId": "gDfwG2SL_8k",
        "uploadedDate": "2022-08-27T07:47:33Z",
        "viewCount": 5819,
        "isCommercial": "False"
    },
    {
        "id": "4cbdcf5f-ba39-43a9-934f-385cc3f7123d",
        "title": "여러분께 급히 이야기 해야합니다",
        "description": "편집X 각본X 아무것도 없는 영상입니다",
        "thumbnail": "https://i.ytimg.com/vi/lYpdAd2Z9AQ/mqdefault.jpg",
        "youtubeVideoId": "lYpdAd2Z9AQ",
        "uploadedDate": "2022-08-24T11:09:58Z",
        "viewCount": 5847,
        "isCommercial": "False"
    },
    {
        "id": "a737d88a-70cb-4263-b4cb-347a7b65b2d1",
        "title": "귀멸의 칼날 3기의 제작과정과 무이치로 특별 PV 공개됐습니다!! [주간귀칼 8월 4째주]",
        "description": "한주간의 모든 귀멸의 칼날 관련 소식을 총정리 한다! 유진씨의 주간귀칼\n\n매주 즐거운 귀칼리뷰 영상 정기 업로드\n\n문의/광고/협찬 ask.endevor@gmail.com 편하게 연락주세요!\n\n#주간귀칼 #귀멸의칼날3기 #귀멸의칼날2기 #귀멸의칼날무한열차 \n#유진씨 #대장장이마을편 #렌고쿠쿄쥬로",
        "thumbnail": "https://i.ytimg.com/vi/_tQNcu2hmEo/mqdefault.jpg",
        "youtubeVideoId": "_tQNcu2hmEo",
        "uploadedDate": "2022-08-24T11:22:00Z",
        "viewCount": 18235,
        "isCommercial": "False"
    },
    {
        "id": "549b0bf5-288c-4ebe-b481-a0033607aea4",
        "title": "귀멸의 칼날 신규 극장판 새로운 소식 또(?) 떴습니다!! (feat.스페셜 특전 추가)",
        "description": "귀멸의 칼날 일본한정 극장판이였던 아사쿠사편과 장구저택편이\n한국 극장가에 개봉을 앞두고있는 상황!! 스페셜 굿즈가 추가 되었습니다!\n\n목표는 오직 하나 키부츠지 무잔 타도!!\n\n타임라인\n\n00:00 인트로\n01:19 특전 정보\n02:58 오늘의 결론\n\n자세한 예매 및 특전 정보\nhttp://www.cgv.co.kr/culture-event/event/detailViewUnited.aspx?seq=35150&menu=004\n\n매주 즐거운 귀칼리뷰 영상 정기 업로드\n\n문의/광고/협찬 ask.endevor@gmail.com 편하게 연락주세요!\n\n#귀멸의칼날아사쿠사편 #CGV #귀칼극장판\n#귀멸의칼날3기 #대장장이마을편 #귀칼 \n#귀칼3기 #귀칼2기 #유진씨 #귀멸의칼날2기 \n#미츠리 #귀멸의칼날3기 #대장장이마을편 \n#귀멸의칼날무한열차 #렌고쿠쿄쥬로 #귀멸의칼날3기대장장이마을편\n#장구저택편 #탄지로 #무잔 #네즈코 #타마요 #유시로\n#혈귀 #귀살대 #ufotable #8월25일대개봉",
        "thumbnail": "https://i.ytimg.com/vi/0iJKAPtoFGw/mqdefault.jpg",
        "youtubeVideoId": "0iJKAPtoFGw",
        "uploadedDate": "2022-08-19T11:13:10Z",
        "viewCount": 4917,
        "isCommercial": "False"
    },
    {
        "id": "a71a71b2-a1da-4314-b260-0b7ef4d0289c",
        "title": "만약 귀멸의 칼날 기둥들이 피자를 시켜먹는다면?",
        "description": "귀멸의 칼날 속 기둥들이 좋아하는 음식은 가지각색 입니다\n하지만 오늘 만큼은 모두 피자를 먹이도록 하겠습니다\n\n귀멸의 칼날 속 피자는 어떤 형태의 피자들이 존재할까요?\n\n타임라인\n00:00 인트로\n00:28 일본역사에 피자가 있었다?\n01:02 렌고쿠 쿄쥬로\n01:36 우즈이 텐겐\n02:12 칸로지 미츠리\n02:52 히메지마 교메이\n03:38 토키토 무이치로\n03:59 이구로 오바나이\n04:22 토미오카 기유\n04:59 코쵸우 시노부\n05:39 시나즈가와 사네미\n06:15 쿠키영상\n\n매주 즐거운 귀칼리뷰 영상 정기 업로드\n\n문의/광고/협찬 ask.endevor@gmail.com 편하게 연락주세요!\n\n#귀멸의칼날 #렌고쿠 #피자\n#귀칼3기 #귀칼2기 #유진씨 #귀멸의칼날2기 \n#미츠리 #무이치로 #렌고쿠 #귀멸의칼날무한열차 \n#렌고쿠쿄쥬로 #귀멸의칼날3기",
        "thumbnail": "https://i.ytimg.com/vi/s9DfyEBCFF8/mqdefault.jpg",
        "youtubeVideoId": "s9DfyEBCFF8",
        "uploadedDate": "2022-08-16T12:56:46Z",
        "viewCount": 4048,
        "isCommercial": "False"
    },
    {
        "id": "574ba0a4-21d7-493f-a159-04a93b48d57c",
        "title": "귀멸의 칼날 새로운 극장판 특전 공개됐습니다!! 근데 뭔가 이상하다..?",
        "description": "귀멸의 칼날 3기 대장장이 마을편이 나오기 전 우리에게 등장해버린\n새로운 극장판의 수입!! 그런데.. 뭔가 개봉전부터 심상치가 않다..?\n\n타임라인\n00:00 인트로\n00:48 그래서 발표 했습니다\n02:06 배급사에게 한마디\n\n매주 즐거운 귀칼리뷰 영상 정기 업로드\n\n문의/광고/협찬 ask.endevor@gmail.com 편하게 연락주세요!\n\n#귀멸의칼날아사쿠사편 #애니맥스 #귀칼극장판\n#귀멸의칼날3기 #대장장이마을편 #귀칼 \n#귀칼3기 #귀칼2기 #유진씨 #귀멸의칼날2기 \n#미츠리 #귀멸의칼날3기 #대장장이마을편 \n#귀멸의칼날무한열차 #렌고쿠쿄쥬로 #귀멸의칼날3기대장장이마을편\n#장구저택편 #탄지로 #무잔 #네즈코 #타마요 #유시로\n#혈귀 #귀살대 #ufotable #8월25일대개봉",
        "thumbnail": "https://i.ytimg.com/vi/Tc-waTYJivE/mqdefault.jpg",
        "youtubeVideoId": "Tc-waTYJivE",
        "uploadedDate": "2022-08-17T08:17:07Z",
        "viewCount": 8349,
        "isCommercial": "False"
    },
    {
        "id": "9b0636c5-5fda-496f-a503-266e2584f5bb",
        "title": "귀멸의 칼날 2기 환락의 거리편은 극장판으로 나올 수 있을까? 귀칼 루머 정리",
        "description": "귀멸 휴식기라고 불릴만큼 아주 조용한 요즘 귀칼계!\n유곽편의 극장개봉은 과연 현실이 될수있는것일까요?\n그런 빈 시간을 채워주는 컨텐츠를 가지고와봤습니다!!\n\n전문 성우분들이 꿀보이스로 녹음한 각종 오디오북을 무료로 들을수있는\n\"윌라 오디오북\" 로맨스 액션 웹소설 판타지 등등 우리 데홍단이 좋아하는\n귀멸의 칼날 과 비슷한 만화들을 간편하게 귀로 들어보세요!\nhttps://www.welaaa.com/membership/purchase-form/premium?crmCode=유진씨\n위 링크에 들어가시면 자동으로 쿠폰이 등록됩니다\n\n재밌게 즐기세요!\n\n문의/광고/협찬 ask.endevor@gmail.com 편하게 연락주세요!\n\n사용음원\n\n✔ Funky Drummy by 라일밤\n🎧 라일밤\n- https://www.instagram.com/ilikeit_js/\n🎧 Download / Stream \n- https://www.sellbuymusic.com/musicDetail/21325\n✔ 댕댕이 by 브금master\n🎧 브금master\n- https://www.youtube.com/channel/UCBV7qGj9UHv4zSU77JRsx9A?view_as=subscriber\n🎧 Download / Stream \n- https://www.sellbuymusic.com/musicDetail/21297\n\n#귀멸의칼날2기 #환락의거리편 #대장장이마을편\n#귀멸의칼날아사쿠사편 #애니맥스 #귀칼극장판\n#귀멸의칼날3기 #대장장이마을편 #귀칼 \n#귀칼3기 #귀칼2기 #유진씨 #귀멸의칼날2기 \n#미츠리 #귀멸의칼날3기 #귀멸의칼날무한열차 \n#렌고쿠쿄쥬로 #귀멸의칼날3기대장장이마을편\n#장구저택편 #탄지로 #무잔 #네즈코 #타마요 #유시로\n#혈귀 #귀살대 #ufotable #8월25일대개봉",
        "thumbnail": "https://i.ytimg.com/vi/zfnlzVySaNc/mqdefault.jpg",
        "youtubeVideoId": "zfnlzVySaNc",
        "uploadedDate": "2022-08-04T05:56:58Z",
        "viewCount": 5554,
        "isCommercial": "False"
    },
    {
        "id": "cdf34404-8214-43bd-b474-721516ea64f2",
        "title": "귀칼 애니를 뛰어넘은 공식 게임 속 네즈코..ㄷㄷ",
        "description": "#shorts #네즈코 #귀멸의칼날3기 #귀멸의칼날2기",
        "thumbnail": "https://i.ytimg.com/vi/SoKsolu45KI/mqdefault.jpg",
        "youtubeVideoId": "SoKsolu45KI",
        "uploadedDate": "2022-08-03T08:05:28Z",
        "viewCount": 6471,
        "isCommercial": "False"
    },
    {
        "id": "5531907c-5af9-4874-9f28-ae7bcb695859",
        "title": "귀칼 3기 대장장이 마을편 나혼렙 등판?! 애니플렉스 페스티벌 라인업 떴습니다!",
        "description": "귀멸의 칼날 3기 대장장이 마을편의 시작점이 될 이번 이벤트!!\n2022 애니플렉스 온라인 페스의 공식정보가 드디어 등장해주었습니다!\n\n우리의 목표는 오직 하나! 대장장이 PV 떠라!!!\n\n타임라인\n00:00 인트로\n01:08 라인업\n01:38 그래서 뭐가 나옴?\n\n매주 즐거운 귀칼리뷰 영상 정기 업로드\n\n문의/광고/협찬 ask.endevor@gmail.com 편하게 연락주세요!\n\n#귀멸의칼날3기  #대장장이마을편 #애니플렉스\n#귀칼3기 #귀칼2기 #유진씨 #귀멸의칼날2기 \n#미츠리 #귀멸의칼날무한열차 #렌고쿠쿄쥬로 \n#귀멸의칼날3기대장장이마을편 #탄지로 #무잔 \n#네즈코 #타마요 #유시로 #혈귀 #귀살대",
        "thumbnail": "https://i.ytimg.com/vi/3GsE2XaPeng/mqdefault.jpg",
        "youtubeVideoId": "3GsE2XaPeng",
        "uploadedDate": "2022-08-03T09:15:36Z",
        "viewCount": 44756,
        "isCommercial": "False"
    },
    {
        "id": "36336177-10f2-4c53-bb82-081f90b7d219",
        "title": "귀멸의 칼날 히노카미 혈풍담 2기 유곽편 각성 네즈코 출시 PV",
        "description": "진정한 오니화로 각성해버린 폭혈 네즈코!\n히노카미 혈풍담 게임에 참전합니다!!\n\n매주 즐거운 귀칼리뷰 영상 정기 업로드\n\n문의/광고/협찬 ask.endevor@gmail.com 편하게 연락주세요!\n\n#귀멸의칼날2기 #환락의거리편 #네즈코 \n#귀칼 #귀칼3기 #귀칼2기 #유진씨 #귀멸의칼날2기 \n#무이치로 #미츠리 #귀멸의칼날3기 #대장장이마을편 \n#귀멸의칼날무한열차 #렌고쿠쿄쥬로 #무한열차더빙판\n#아카자",
        "thumbnail": "https://i.ytimg.com/vi/2E0pUNNleLw/mqdefault.jpg",
        "youtubeVideoId": "2E0pUNNleLw",
        "uploadedDate": "2022-08-03T06:08:45Z",
        "viewCount": 8758,
        "isCommercial": "False"
    },
    {
        "id": "c85a3614-d7fe-47da-bd8e-df79ba6bbb69",
        "title": "부산에서 귀멸의 칼날 1타 강사 유진씨를 만나러 오세요!! [1인 미디어 대전]",
        "description": "부산에서 유진씨도 만나고 귀칼 굿즈도 받아가자!!\n\n8월 5일 ~ 6일 부산 BEXCO 벡스코에서 열리는\n트레져헌터 1인 미디어 대전에서\n유진씨의 팬미팅을 진행하게 되었습니다!!\n\n소속사  트레져헌터의 힘이 이렇게 큰줄 몰랐네요 ㅎㅎ 고마워요\n\n참가 방법은 아래와 같습니다\n\n1. 아래의 링크에 들어가 관람 사전등록을 한다! (무료)\nhttps://www.koreacreatorfesta.co.kr/pre-register/register.html\n\n2. 유진씨는 8월 6일 11시 (토요일)\n\"벡스코 투게더 홀 B\"  에서 팬미팅을 시작할 예정입니다\n\n3. 개장시 행사장 입구에서 선착순으로 손목띠를 나눠드릴 예정입니다\n(50명 선착순 이므로 빠르게 달리셔야할것 같네요!!)\n\n4. 만약 행사에 참가하지 못하시더라도 팬미팅이 끝나는 1시 이후에\n행사장 곳곳에서 저를 찾으실수 있으실겁니다 만나면 즉석 팬미팅 해요 ㅎㅎ\n\n#귀멸의칼날3기 #유진씨 #1인미디어대전 #귀멸의칼날",
        "thumbnail": "https://i.ytimg.com/vi/ScJp14R5Euc/mqdefault.jpg",
        "youtubeVideoId": "ScJp14R5Euc",
        "uploadedDate": "2022-08-01T06:48:42Z",
        "viewCount": 2064,
        "isCommercial": "False"
    },
    {
        "id": "a5ebce9c-e0d0-49ec-86b5-c08e5842ccc0",
        "title": "귀멸의 칼날 히노카미 혈풍담 게임에 유곽편 \"각성 네즈코\" 떠버렸습니다;;",
        "description": "히노카미 혈풍담의 대규모 업데이트 귀칼 2기 환락의 거리가\n드디어 시동걸기 시작하나 봅니다!!\n\n두근되는 정보들 매주 가져와보도록 할게요!!\n\n매주 즐거운 귀칼리뷰 영상 정기 업로드\n\n문의/광고/협찬 ask.endevor@gmail.com 편하게 연락주세요!\n\n#귀멸의칼날2기 #환락의거리편 #네즈코 #유곽네즈코\n#귀칼 #귀칼3기 #귀칼2기 #유진씨 #귀멸의칼날2기 \n#무이치로 #미츠리 #귀멸의칼날3기 #대장장이마을편 \n#귀멸의칼날무한열차 #렌고쿠쿄쥬로 #무한열차더빙판",
        "thumbnail": "https://i.ytimg.com/vi/6FKm4PA-708/mqdefault.jpg",
        "youtubeVideoId": "6FKm4PA-708",
        "uploadedDate": "2022-07-25T07:12:33Z",
        "viewCount": 11862,
        "isCommercial": "False"
    },
    {
        "id": "b947c6ff-f45d-4489-89e0-b60b8f86e111",
        "title": "귀멸의 칼날 새로운 극장판이 드디어 한국 개봉합니다!! (feat.벽력일섬 첫등장)",
        "description": "귀멸의 칼날 일본한정 극장판이였던 아사쿠사편과 장구저택편이\n한국 극장가에 곧 개봉한다고 하는 소식으로 화제가 되고있습니다\n\n목표는 오직 하나 키부츠지 무잔 타도!!\n\n타임라인\n00:00 전체적인 정보\n02:20 결론\n02:56 쿠키영상\n\n매주 즐거운 귀칼리뷰 영상 정기 업로드\n\n문의/광고/협찬 ask.endevor@gmail.com 편하게 연락주세요!\n\n#귀멸의칼날아사쿠사편 #애니맥스 #귀칼극장판\n#귀멸의칼날3기 #대장장이마을편 #귀칼 \n#귀칼3기 #귀칼2기 #유진씨 #귀멸의칼날2기 \n#미츠리 #귀멸의칼날3기 #대장장이마을편 \n#귀멸의칼날무한열차 #렌고쿠쿄쥬로 #귀멸의칼날3기대장장이마을편\n#장구저택편 #탄지로 #무잔 #네즈코 #타마요 #유시로\n#혈귀 #귀살대 #ufotable #8월25일대개봉",
        "thumbnail": "https://i.ytimg.com/vi/on4zQ6BhaIw/mqdefault.jpg",
        "youtubeVideoId": "on4zQ6BhaIw",
        "uploadedDate": "2022-07-26T07:00:46Z",
        "viewCount": 27935,
        "isCommercial": "False"
    },
    {
        "id": "63053e32-8735-445c-82e0-495c202abc1c",
        "title": "귀멸의 칼날 카마도 탄지로의 모든 변화",
        "description": "귀멸의 칼날의 터줏대감 카마도 탄지로! 이제는 하겠습니다\n평범한 가정에서 귀살대원으로 그리고 마지막엔.. 읍읍\n아무튼 모든 탄지로의 변화를 하나하나 알아보죠!\n\n매주 즐거운 귀칼리뷰 영상 정기 업로드\n\n타임라인\n00:00 인트로\n00:46 탄지로 도입부\n02:40 나타구모산 편\n03:19 주합회의 나비저택편\n04:07 무한열차편\n05:24 환락의 거리편\n06:24 대장장이 마을편\n07:10 최종국면편\n\n문의/광고/협찬 ask.endevor@gmail.com 편하게 연락주세요!\n\n#귀멸의칼날 #탄지로 #모든변화\n#귀칼 #귀칼3기 #귀칼2기 #유진씨 #귀멸의칼날2기 \n#미츠리 #귀멸의칼날3기 #대장장이마을편 \n#귀멸의칼날무한열차 #렌고쿠쿄쥬로 #귀멸의칼날3기대장장이마을편\n#귀칼2기환락의거리편 #환락의거리편 #귀멸의칼날2기",
        "thumbnail": "https://i.ytimg.com/vi/6AaYf4feNI4/mqdefault.jpg",
        "youtubeVideoId": "6AaYf4feNI4",
        "uploadedDate": "2022-07-16T02:26:05Z",
        "viewCount": 5277,
        "isCommercial": "False"
    },
    {
        "id": "b532c0d3-34a1-4bd8-b313-1d341d3150da",
        "title": "【공식】 『귀멸의 칼날』 카마도 탄지로 PV 【한글자막】",
        "description": "오늘자로 일본 점프 공식 유튜브에 업로드 된 탄지로 생일 축전 PV 입니다\n\n7월 14일 카마도 탄지로 탄신일을 축하하며 영상 즐겨주세요!\n[유튜브 자막 설정 가능]\n\n매주 즐거운 귀칼리뷰 영상 정기 업로드\n\n문의/광고/협찬 ask.endevor@gmail.com 편하게 연락주세요!\n\n#귀멸의칼날3기 #대장장이마을편 #탄지로 #카마도탄지로 \n#귀칼 #귀칼3기 #귀칼2기 #유진씨 #귀멸의칼날2기 \n#미츠리 #귀멸의칼날3기 #대장장이마을편 \n#귀멸의칼날무한열차 #렌고쿠쿄쥬로 #귀멸의칼날3기대장장이마을편",
        "thumbnail": "https://i.ytimg.com/vi/i8AW-o28UOg/mqdefault.jpg",
        "youtubeVideoId": "i8AW-o28UOg",
        "uploadedDate": "2022-07-16T03:03:25Z",
        "viewCount": 14606,
        "isCommercial": "False"
    },
    {
        "id": "31e2ea4e-1e04-48d7-864e-e0702a06256c",
        "title": "귀멸의 칼날 3기 대장장이 마을편 새로운 정보 총정리, 9월에 큰거 뜹니다!!",
        "description": "귀멸의 칼날 3기 대장장이 마을편의 새로운 공식정보가 떴습니다!!\n이걸 까먹고 있었네요.. 유진씨가 무슨 내용인지 전부 정리해드립니다\n\n매주 즐거운 귀칼리뷰 영상 정기 업로드\n\n타임라인\n00:00 인트로\n00:53 온라인 패스 PV\n01:10 그게 뭔데 씹덕아\n\n문의/광고/협찬 ask.endevor@gmail.com 편하게 연락주세요!\n\n#귀멸의칼날3기 #대장장이마을편 #무이치로 \n#귀칼 #귀칼3기 #귀칼2기 #유진씨 #귀멸의칼날2기 \n#미츠리 #귀멸의칼날3기 #대장장이마을편 \n#귀멸의칼날무한열차 #렌고쿠쿄쥬로 #귀멸의칼날3기대장장이마을편",
        "thumbnail": "https://i.ytimg.com/vi/6j8ORKO7eBI/mqdefault.jpg",
        "youtubeVideoId": "6j8ORKO7eBI",
        "uploadedDate": "2022-07-06T06:18:14Z",
        "viewCount": 20360,
        "isCommercial": "False"
    },
    {
        "id": "13d97982-dc70-4838-afa7-2a797e15470d",
        "title": "다키가 드디어 출시합니다!! 귀멸의 칼날 히노카미 혈풍담 최신근황 총정리",
        "description": "귀멸의 칼날 2기 등장한 다키와 규타로 그리고 우즈이 텐겐!!\n그들이 드디어 히노카미 혈풍담 게임에 참전한다고 합니다\n\n[구독 좋아요 알림설정은 유진씨에게 큰 힘이 됩니다]\n\n매주 즐거운 귀칼리뷰영상 정기 업로드\n\n타임라인\n00:00 본론\n02:31 텐겐PV\n03:28 여담\n06:06 쿠키영상\n\n문의/광고/협찬 ask.endevor@gmail.com (넷플릭스 기다린다)\n\n#귀멸의칼날 #환락의거리편 #히노카미혈풍담 \n#귀멸의칼날2기 #다키 #무한열차 #렌고쿠 #더빙판 \n#귀칼 #귀칼3기 #귀칼2기 #유진씨 #무이치로 #미츠리 \n#귀멸의칼날3기 #대장장이마을편 \n#귀멸의칼날무한열차 #렌고쿠쿄쥬로 #무한열차더빙판\n#아카자 #다키규타로",
        "thumbnail": "https://i.ytimg.com/vi/hgza72ce8II/mqdefault.jpg",
        "youtubeVideoId": "hgza72ce8II",
        "uploadedDate": "2022-07-04T05:01:32Z",
        "viewCount": 16231,
        "isCommercial": "False"
    },
    {
        "id": "29a77274-2be7-4dac-856a-7bf53636a8e9",
        "title": "귀멸의 칼날 2기 환락의 거리편 한정판 버스카드가 출시했다네요ㅋㅋ 공짜로 뿌릴게요",
        "description": "귀멸의 칼날 2기 환락의 거리편 x 캐시비 버스카드가 출시했습니다!!!\n지난 귀칼과의 정식 콜라보에 이어 또한번 성원에 힘입어 판매를 시작했다는데..\n\n유진씨가 큰 이벤트 물고왔습니다!! 함께보시죠!!\n\n무료 이벤트 링크 - https://forms.gle/MNimDJSgTLwCkf3z7\n\n매주 즐거운 귀칼리뷰 영상 정기 업로드\n\n문의/광고/협찬 ask.endevor@gmail.com 편하게 연락주세요!\n\n#귀멸의칼날2기 #버스카드 #세븐일레븐 #환락의거리편\n#귀멸의칼날버스카드 #귀칼버스카드\n#귀칼 #귀칼3기 #귀칼2기 #유진씨 #귀멸의칼날2기 \n#무이치로 #미츠리 #귀멸의칼날3기 #대장장이마을편 \n#귀멸의칼날무한열차 #렌고쿠쿄쥬로 #렌고쿠",
        "thumbnail": "https://i.ytimg.com/vi/a6jpHgA-sqk/mqdefault.jpg",
        "youtubeVideoId": "a6jpHgA-sqk",
        "uploadedDate": "2022-06-30T20:51:34Z",
        "viewCount": 5028,
        "isCommercial": "False"
    },
    {
        "id": "d43c0eff-bd2c-4844-b050-6c14f8b895fa",
        "title": "귀멸의 칼날 히노카미 혈풍담 2기 환락의 거리편 우즈이 텐겐 출시 PV",
        "description": "히노카미 혈풍담이 드디어 업데이트를 하네요 ㅋㅋㅋㅋㅋㅋㅋ\n\n매주 즐거운 귀칼리뷰 영상 정기 업로드\n\n문의/광고/협찬 ask.endevor@gmail.com 편하게 연락주세요!\n\n#귀멸의칼날2기 #환락의거리편 #텐겐 \n#귀칼 #귀칼3기 #귀칼2기 #유진씨 #귀멸의칼날2기 \n#무이치로 #미츠리 #귀멸의칼날3기 #대장장이마을편 \n#귀멸의칼날무한열차 #렌고쿠쿄쥬로 #무한열차더빙판\n#아카자",
        "thumbnail": "https://i.ytimg.com/vi/R829P91M6pc/mqdefault.jpg",
        "youtubeVideoId": "R829P91M6pc",
        "uploadedDate": "2022-06-28T12:08:39Z",
        "viewCount": 14943,
        "isCommercial": "False"
    },
    {
        "id": "b734601c-460e-4572-861c-60c5f48df63c",
        "title": "귀멸의 칼날 무한열차편 일본판과 영어 더빙판은 뭐가 다를까? (쿠키있음)",
        "description": "무한열차의 한국어 더빙판에 이어 영어 더빙판까지 등장했다?!\n진짜.. 이쯤되면 더빙에 진심인 애니계 사람들.. 털어봅시다!\n\n무한열차 더빙판 + 추가장면 보기 - https://vo.la/ncHfCk\n\n타임라인\n00:00 인트로\n00:53 아카자 등장\n02:03 렌고쿠 설마설마\n03:23 늙는것도 죽는것도\n04:33 역대급 엔무\n05:11 아카자 샤우팅\n06:52 쿠키영상\n\n매주 즐거운 귀칼리뷰 영상 정기 업로드\n\n문의/광고/협찬 ask.endevor@gmail.com 편하게 연락주세요!\n\n🎧사용한 BGM🎧\nAuthor wind soar\nAmazing Plan\nFluffing a Duck\nInvestigations\nSneaky Adventure\n행동하기 앞서 무언가 있을거야\nI mean love you\n\n#귀멸의칼날 #무한열차 #렌고쿠 #더빙판 \n#귀칼 #귀칼3기 #귀칼2기 #유진씨 #귀멸의칼날2기 \n#무이치로 #미츠리 #귀멸의칼날3기 #대장장이마을편 \n#귀멸의칼날무한열차 #렌고쿠쿄쥬로 #무한열차더빙판\n#아카자",
        "thumbnail": "https://i.ytimg.com/vi/LYmiS97I21s/mqdefault.jpg",
        "youtubeVideoId": "LYmiS97I21s",
        "uploadedDate": "2022-06-27T07:05:57Z",
        "viewCount": 11479,
        "isCommercial": "False"
    },
    {
        "id": "7ecccc51-ca08-4b89-bcef-51c9238d24ff",
        "title": "귀멸의 칼날 무한열차편 한국어 더빙판과 일본판은 뭐가 다를까? (쿠키있음)",
        "description": "무한열차의 마지막 클라이막스를 장식할 한국어 더빙판!!\n드디어 집에서도 자유롭게 합법적으로 보실 수 있습니다!!\n\n무한열차 한국어 더빙판 + 추가장면 보기 - https://vo.la/bg7miR\n\n타임라인\n00:00 인트로\n02:00 우부야시키 등장\n02:50 렌고쿠 우마이\n03:50 호흡 설명\n04:42 화염의 호흡 1형\n05:57 화염의 호흡 2형\n06:35 탄지로 꿈속\n07:42 탄쥬로 등장\n08:07 엔무 명대사\n09:09 탄지로 절망적인 꿈\n09:51 젠이츠 벽력일섬\n10:46 엔무VS탄지로\n11:50 아카자 등장\n12:55 아카자VS렌고쿠\n\n매주 즐거운 귀칼리뷰 영상 정기 업로드\n\n문의/광고/협찬 ask.endevor@gmail.com 편하게 연락주세요!\n\n🎧사용한 BGM🎧\n✔ Beach sunrise by DJ Orga\nDownload / Stream - https://www.sellbuymusic.com/musicDetail/21104\n✔ 반복 by 김키랫\nhttps://www.youtube.com/channel/UCvyIipzdYm0jGxDotink1qQ/videos\nDownload / Stream - https://www.sellbuymusic.com/musicDetail/21243\n\n#귀멸의칼날 #무한열차 #렌고쿠 #더빙판 \n#귀칼 #귀칼3기 #귀칼2기 #유진씨 #귀멸의칼날2기 \n#무이치로 #미츠리 #귀멸의칼날3기 #대장장이마을편 \n#귀멸의칼날무한열차 #렌고쿠쿄쥬로 #무한열차더빙판",
        "thumbnail": "https://i.ytimg.com/vi/QmSQbRQgOvE/mqdefault.jpg",
        "youtubeVideoId": "QmSQbRQgOvE",
        "uploadedDate": "2022-06-23T16:45:20Z",
        "viewCount": 34341,
        "isCommercial": "False"
    },
    {
        "id": "2526efe4-28e0-4fc7-816e-0274fb5a68ac",
        "title": "이번엔 무한열차 렌고쿠다!! 귀멸의 칼날 실사판 또 등장ㅋㅋㅋㅋ",
        "description": "지난번 엄청난 인기(?)를 장식하며 선풍적인 밈을 만들어냈던\n귀멸의 칼날 무대 실사판!! 이번엔 무한열차 극장판으로 돌아왔다???\n\n매주 즐거운 귀칼리뷰 영상 정기 업로드\n\n문의/광고/협찬 ask.endevor@gmail.com 편하게 연락주세요!\n\n#귀멸의칼날 #무한열차 #렌고쿠\n#귀칼 #귀칼3기 #귀칼2기 #유진씨 #귀멸의칼날2기 \n#무이치로 #미츠리 #귀멸의칼날3기 #대장장이마을편 \n#귀멸의칼날무한열차 #렌고쿠쿄쥬로",
        "thumbnail": "https://i.ytimg.com/vi/DPIFWb4sPSE/mqdefault.jpg",
        "youtubeVideoId": "DPIFWb4sPSE",
        "uploadedDate": "2022-06-17T06:38:55Z",
        "viewCount": 14071,
        "isCommercial": "False"
    },
    {
        "id": "f9e89d83-a484-473d-95e3-4d68f8157685",
        "title": "귀멸의 칼날 3기 대장장이 마을편 방영일 뒷정보 가져왔습니다, 그런데..?",
        "description": "무이치로와 미츠리가 등장하는 귀멸의칼날 3기 대장장이마을편!!\n정말 정보라고는 코빼기도 안보이는 지금..유진씨가 예상해봤습니다!!\n\n매주 즐거운 귀칼리뷰 영상 정기 업로드\n\n문의/광고/협찬 ask.endevor@gmail.com 편하게 연락주세요!\n\n#귀멸의칼날3기 #귀멸의칼날 #대장장이마을편 \n#귀칼 #귀칼3기 #귀칼2기 #유진씨 #귀멸의칼날2기 \n#무이치로 #미츠리",
        "thumbnail": "https://i.ytimg.com/vi/qFCuXFCFrzc/mqdefault.jpg",
        "youtubeVideoId": "qFCuXFCFrzc",
        "uploadedDate": "2022-06-17T06:39:07Z",
        "viewCount": 24667,
        "isCommercial": "False"
    },
    {
        "id": "6fc44ec5-624a-4cdf-9baa-de50af1df4f5",
        "title": "팬들이 바랬던 귀멸의 칼날 속 진짜결말 3가지",
        "description": "귀멸의 칼날 최종국면 마지마 결말.. 마음에 드시나요?\n유진씨는 이 작품에서 오점을 찾자면 결말 하나만큼은 아쉬웠던것\n같은데요.. 오늘 한번 그 고민을 저와 함께 타파해보도록 하죠!!\n\n[구독 좋아요 알림설정은 유진씨에게 큰 힘이 됩니다]\n\n편집 하쿠\n\n매주 즐거운 귀칼리뷰 영상 정기 업로드\n\n문의/광고/협찬 ask.endevor@gmail.com (넷플릭스 기다린다)\n\n#귀멸의칼날 #최종국면 #귀멸의칼날결말 #귀멸의칼날3기\n#귀멸의칼날2기 #귀칼리뷰",
        "thumbnail": "https://i.ytimg.com/vi/nuGuJOQh_ZQ/mqdefault.jpg",
        "youtubeVideoId": "nuGuJOQh_ZQ",
        "uploadedDate": "2022-06-01T04:58:25Z",
        "viewCount": 11083,
        "isCommercial": "False"
    },
    {
        "id": "cd9b7ebb-8a55-4199-9472-11196dae3730",
        "title": "귀멸의 칼날 3기 대장장이 마을편 1부 (1화~11화) 한눈에보기 [애니리뷰]",
        "description": "귀멸의칼날 대장장이 마을편 3기를 처음부터 결말까지! 한눈에 즐겨주세요\n\n[구독 좋아요 알림설정은 유진씨에게 큰 힘이 됩니다]\n\n귀멸의 타임라인\n00:00 1화\n08:28 2화\n16:57 3화\n26:53 4화\n35:20 5화\n42:27 6화\n48:10 7화\n55:06 8화\n59:23 9화\n01:06:55 10화\n01:13:20 11화\n\n썸네일 일러스트 - 오쿠징크\n\n편집 - 하쿠\n\n문의/광고/협찬 ask.endevor@gmail.com (넷플릭스 기다린다)\n\n#귀멸의칼날3기 #대장장이마을편 #귀멸3기 #결말포함\n#귀멸의칼날대장장이마을편 #무이치로 #미츠리",
        "thumbnail": "https://i.ytimg.com/vi/vAoYovtIuTM/mqdefault.jpg",
        "youtubeVideoId": "vAoYovtIuTM",
        "uploadedDate": "2022-05-14T02:55:25Z",
        "viewCount": 3674,
        "isCommercial": "False"
    },
    {
        "id": "fed8d215-d8b3-4b53-a04a-c6d4be5e1fbc",
        "title": "귀멸의 칼날 젠이츠의 샤우팅 연기를 직접 들어봤는데요..(소름주의)",
        "description": "귀멸의 칼날 속 최고 인기 캐릭터!! 젠이츠의 목소리를 멋지게 만들어주신\n김지율 성우님과 함께 아가츠마 젠이츠의 연기를 직접 질러보았습니다!!\n\n타임라인\n00:00 인트로\n00:40 무한열차 젠이츠 연기시연\n03:40 녹음실 비하인드?\n06:20 귀멸의 칼날 무한열차 더빙판\n\n[구독 좋아요 알림설정은 유진씨에게 큰 힘이 됩니다]\n\n편집 차차님\n\n매주 즐거운 귀칼리뷰 영상 정기 업로드\n\n문의/광고/협찬 ask.endevor@gmail.com (넷플릭스 기다린다)\n\n#귀멸의칼날 #무한열차 #젠이츠",
        "thumbnail": "https://i.ytimg.com/vi/_j9mNl9HqK8/mqdefault.jpg",
        "youtubeVideoId": "_j9mNl9HqK8",
        "uploadedDate": "2022-05-08T12:21:40Z",
        "viewCount": 11154,
        "isCommercial": "False"
    },
    {
        "id": "cc833dc5-5a9d-4a59-92aa-68daeb96f9b8",
        "title": "귀멸의 칼날 3기 대장장이 마을편 11화 미리보기│죽음에서 돌아온 자, 공명하는 반점발현",
        "description": "귀멸의 칼날 3기 대장장이 마을편 미리보기로 귀칼 덕질 렛츠고!!\n\n[구독 좋아요 알림설정은 유진씨에게 큰 힘이 됩니다]\n\n썸네일 일러스트 - 오쿠징크\n\n편집 - 하쿠\n\n문의/광고/협찬 ask.endevor@gmail.com (넷플릭스 기다린다)\n\n#귀멸의칼날3기 #대장장이마을편 #귀멸3기",
        "thumbnail": "https://i.ytimg.com/vi/TzNauzGLIts/mqdefault.jpg",
        "youtubeVideoId": "TzNauzGLIts",
        "uploadedDate": "2022-05-06T18:26:28Z",
        "viewCount": 9090,
        "isCommercial": "False"
    },
    {
        "id": "21df96a3-fe6d-42fc-af79-edeed4d3a5bd",
        "title": "귀멸의 칼날 아카자의 이름에 담긴 소름돋는 비밀 [무한열차 아카자 20가지 TMI]",
        "description": "귀멸의칼날 무한열차 속 최악의 빌런 아카자!!\n유진씨와 함께 그의 모든것을 알아봅시다!!\n\n[구독 좋아요 알림설정은 유진씨에게 큰 힘이 됩니다]\n\n매주 즐거운 귀칼리뷰 영상 정기 업로드\n\n문의/광고/협찬 ask.endevor@gmail.com (넷플릭스 기다린다)\n\n#아카자 #귀멸의칼날 #귀멸의칼날무한열차",
        "thumbnail": "https://i.ytimg.com/vi/3lxs-LHvJ18/mqdefault.jpg",
        "youtubeVideoId": "3lxs-LHvJ18",
        "uploadedDate": "2022-04-27T04:48:50Z",
        "viewCount": 13915,
        "isCommercial": "False"
    },
    {
        "id": "b8bef606-b55f-4871-85be-8535c446aff5",
        "title": "귀멸의 칼날 젠이츠 김지율 성우에게 목숨 걸고 질문해봤습니다...",
        "description": "귀멸의 칼날 무한열차 한국어 더빙판의 성우님이신 @김지율성우 분을 모시고\n유진씨 채널에서 재밌고도 웃음터지는 인터뷰 진행해보았습니다!!!\n\n[구독 좋아요 알림설정은 유진씨에게 큰 힘이 됩니다]\n\n영상 타임라인\n00:00 오프닝 토크\n02:07 유진씨 채널을 아시나요?\n03:19 젠이츠는 어떤 캐릭터?\n05:22 시청자 QnA 타임\n\n편집 차차님\n\n매주 즐거운 귀칼리뷰 영상 정기 업로드\n\n문의/광고/협찬 ask.endevor@gmail.com (넷플릭스 기다린다)\n\n#귀멸의칼날 #무한열차편 #성우를만나다 #귀멸의칼날무한열차\n#김지율성우 #귀멸의칼날무한열차더빙판",
        "thumbnail": "https://i.ytimg.com/vi/mvAV06ELbYg/mqdefault.jpg",
        "youtubeVideoId": "mvAV06ELbYg",
        "uploadedDate": "2022-04-29T15:24:19Z",
        "viewCount": 14595,
        "isCommercial": "False"
    },
    {
        "id": "9fcde165-5c08-4b94-8d17-1437ff59dfae",
        "title": "귀멸의 칼날 히노카미 혈풍담 게임에 유곽편이 나온다고..? 게임 근황 총정리",
        "description": "귀멸의 칼날 2기 등장한 다키와 규타로 그리고 우즈이 텐겐!!\n그들이 드디어 히노카미 혈풍담 게임에 참전한다고 합니다\n\n[구독 좋아요 알림설정은 유진씨에게 큰 힘이 됩니다]\n\n매주 즐거운 귀칼리뷰영상 정기 업로드\n\n문의/광고/협찬 ask.endevor@gmail.com (넷플릭스 기다린다)\n\n#우즈이텐겐 #귀멸의칼날2기 #히노카미혈풍담\n#환락의거리편",
        "thumbnail": "https://i.ytimg.com/vi/HL1pzYerL0Q/mqdefault.jpg",
        "youtubeVideoId": "HL1pzYerL0Q",
        "uploadedDate": "2022-04-28T06:10:53Z",
        "viewCount": 18730,
        "isCommercial": "False"
    },
    {
        "id": "e4cf22c8-704c-478a-a7a7-08270c97458b",
        "title": "당첨자 발표했습니다!! 혹시 모르니 이메일 꼭 확인해주세요!! (스팸+광고함 필수확인)",
        "description": "여러분의 성원 그리고 사랑에 힘입어, 덕양소 X 유진씨 애니유튜버\n합동 팬미팅을 이번 렌고쿠 쿄쥬로의 생일에 개최하게 되었습니다!!\n\n참가 신청하기 - https://forms.gle/ocyZaSwZExnPKfmJA\n\n일시 - 5월 10일 6시 (렌고쿠 쿄쥬로 생일)\n\n장소 - 서울 신도림 롯데시네마 2관\n\n참여방법 - 영상 내 정보 끝까지 참고 (고정댓글)\n\n제한 - 영화 심의기준이 만 15세 이상 관람가이기에 나이체크는 필수입니다\n\n팬미팅 내용 - 유진씨 X 덕양소 팬사인회 + 무한열차 더빙판 무료 응원상영회\n\n당첨자 발표 - 영상 내 정보 끝까지 참고 (고정댓글)\n\n많은 분들이 정말 좋은 마음으로 참가해주셨으면 좋겠습니다!!\n우리 꼭 극장에서 봐요!!!\n\n#유진씨 #덕양소 #팬미팅",
        "thumbnail": "https://i.ytimg.com/vi/gDJwm3Vlt-8/mqdefault.jpg",
        "youtubeVideoId": "gDJwm3Vlt-8",
        "uploadedDate": "2022-04-26T03:28:21Z",
        "viewCount": 5817,
        "isCommercial": "False"
    },
    {
        "id": "4360ed1d-10cb-4e3d-b587-ade6003d8464",
        "title": "귀멸의 칼날 무한열차 일본 성우들의 연기를 라이브로!! 귀멸제 2일차 총정리",
        "description": "이번 귀멸의 칼날 축제 \"귀멸제\" 1일차에서 공개된 대장장이 마을편 PV!\n그 열기에 이어 귀멸제 2일차에선 무한열차편을 주제로 여러 행사가\n열렸는데요!! 대체 무슨 이벤트가 준비되었는지 유진씨와 알아보죠!!\n\n[구독 좋아요 알림설정은 유진씨에게 큰 힘이 됩니다]\n\n편집 차차님\n\n매주 즐거운 귀칼리뷰 영상 정기 업로드\n\n문의/광고/협찬 ask.endevor@gmail.com (넷플릭스 기다린다)\n\n#귀멸의칼날 #무한열차편 #대장장이마을편 #유진씨",
        "thumbnail": "https://i.ytimg.com/vi/4rT_e9AnNmA/mqdefault.jpg",
        "youtubeVideoId": "4rT_e9AnNmA",
        "uploadedDate": "2022-04-23T08:07:49Z",
        "viewCount": 30070,
        "isCommercial": "False"
    },
    {
        "id": "c96b9459-e2e3-480d-96f0-f4dbe60bbe55",
        "title": "귀멸의 칼날 3기 대장장이 마을편 PV 드디어 만화와 비교해봤습니다 (소름주의)",
        "description": "귀멸의칼날 3기 대장장이 마을편의 새로운 1차 PV가 공개되었습니다\n그리고.. 유진씨는 궁금했죠 대체 유포터블은 어떤 장면을 가지고 \n이 PV를 뚝딱뚝딱 만든것일까? 뭐 안털고 갈수있을까요 레츠고!\n\n[구독 좋아요 알림설정은 유진씨에게 큰 힘이 됩니다]\n\n매주 즐거운 귀칼리뷰 영상 정기 업로드\n\n편집 - 차차님\n\n문의/광고/협찬 ask.endevor@gmail.com \n\n#귀멸의칼날3기 #대장장이마을편",
        "thumbnail": "https://i.ytimg.com/vi/5-7nso--Log/mqdefault.jpg",
        "youtubeVideoId": "5-7nso--Log",
        "uploadedDate": "2022-04-20T06:32:19Z",
        "viewCount": 42070,
        "isCommercial": "False"
    },
    {
        "id": "c54eae5a-3109-423d-8ed5-c9afdc43b52e",
        "title": "귀멸의 칼날 3기 대장장이 마을편 10화 미리보기│각성, 무이치로의 \"무한대\"",
        "description": "귀멸의 칼날 3기 대장장이 마을편 미리보기로 귀칼 덕질 렛츠고!!\n\n[구독 좋아요 알림설정은 유진씨에게 큰 힘이 됩니다]\n\n영상 타임라인\n0:00 인트로\n0:07 귀멸의 칼날 3기 10화\n\n썸네일 일러스트 - 오쿠징크\n\n편집 - 하쿠\n\n문의/광고/협찬 ask.endevor@gmail.com (넷플릭스 기다린다)\n\n#귀멸의칼날3기 #대장장이마을편 #귀멸3기",
        "thumbnail": "https://i.ytimg.com/vi/oUber7hCIw0/mqdefault.jpg",
        "youtubeVideoId": "oUber7hCIw0",
        "uploadedDate": "2022-04-22T22:50:48Z",
        "viewCount": 27860,
        "isCommercial": "False"
    },
    {
        "id": "e96b72c3-53b8-4189-bafb-569fc4be34df",
        "title": "귀멸의 칼날 무한열차 더빙판 젠이츠 성우님이 유진씨 채널에 출연하십니다!! (대박사건)",
        "description": "귀멸의칼날 극장판 무한열차 더빙판 아가츠마 젠이츠 역의 성우님이신\n김지율 성우님을 유진씨 채널에 초대할수있게 되었습니다!!\n진짜.. 저에게 있어서도 너무나도 영광스러운 자리가 될 것 같은데요!!\n\n우리 구독자 데홍단분들도 기대 많이 해주시길 바랍니다!\n마음을 불태우며 준비 한번 빡세게 해보도록 할게용 ㅎㅎ\n\n[구독 좋아요 알림설정은 유진씨에게 큰 힘이 됩니다]\n\n문의/광고/협찬 ask.endevor@gmail.com \n\n#귀멸의칼날무한열차 #무한열차더빙판 #아가츠마젠이츠",
        "thumbnail": "https://i.ytimg.com/vi/ShDLgSO8PX0/mqdefault.jpg",
        "youtubeVideoId": "ShDLgSO8PX0",
        "uploadedDate": "2022-04-21T04:09:49Z",
        "viewCount": 20130,
        "isCommercial": "False"
    },
    {
        "id": "19755864-9e2a-4b83-bb86-a038543c70fa",
        "title": "귀멸의 칼날 무한열차 한국어 더빙판 시사회 후기, 관람전 6가지 필수 포인트!!",
        "description": "여러분들을 위해 4월 19일 보자마자 영상 제작 해버렸습니다..\n네.. 이번 극장판 귀멸의칼날 무한열차 더빙판은 정말 레전드네요..\n4월 21일 전국 영화관에서 개봉 예정이니 꼭 관람해보세요!!\n\n[구독 좋아요 알림설정은 유진씨에게 큰 힘이 됩니다]\n\n영상 타임라인\n00:00 인트로\n00:28 본편\n01:55 성우 무대인사\n03:02 6가지 포인트\n\n문의/광고/협찬 ask.endevor@gmail.com \n\n#귀멸의칼날무한열차 #무한열차더빙판",
        "thumbnail": "https://i.ytimg.com/vi/wxJ_J0b0FfY/mqdefault.jpg",
        "youtubeVideoId": "wxJ_J0b0FfY",
        "uploadedDate": "2022-04-19T19:13:01Z",
        "viewCount": 39367,
        "isCommercial": "False"
    },
    {
        "id": "37f86e15-a3c6-44ff-bf0c-ef32b59fcfb8",
        "title": "귀멸의 칼날 속 모든 집단 총정리 [애니+원작포함]",
        "description": "귀멸의 칼날 애니와 만화에는 정말 많은 집단이 있습니다\n오늘은 모든 캐릭터들의 집단과 그 종류를 한번 알아보도록 할게요\n\n[구독 좋아요 알림설정은 유진씨에게 큰 힘이 됩니다]\n\n매주 즐거운 귀칼리뷰 영상 정기 업로드\n\n편집 - 하쿠님\n\n문의/광고/협찬 ask.endevor@gmail.com \n\n#귀멸의칼날 #대장장이마을 #귀살대",
        "thumbnail": "https://i.ytimg.com/vi/fAM9RdrkWBo/mqdefault.jpg",
        "youtubeVideoId": "fAM9RdrkWBo",
        "uploadedDate": "2022-04-18T16:10:24Z",
        "viewCount": 7226,
        "isCommercial": "False"
    }
]