[
    {
        "id": "722bfbc7-26db-4a83-8423-7d296e0e02ef",
        "title": "LA 호텔에서 소곤소곤 수다 ASMR | 이번주 부산 팬사인회🧡 | 클린캠페인",
        "description": "오늘의 asmr 영상은 미국으로 출장을 갔을 때 호텔에서 찍어온 수다 asmr 입니다! 저는 미국을 다녀오고… 확진이 되었다가 큰 아픔 없이 무사히 잘 나았습니다! 저는 잔기침이 후유증으로 좀 남아있어요 ㅎㅎ 평소에는 가끔 나오다가 asmr 하려고 속삭이다 보면 목이 간질간질 기침을 참을 수 없더라고요. 요즘 확진자가 많이 늘고 있네요ㅠㅠ 여러분은 아프지 말고 기왕이면 걸리지 말고! 건강했으면 좋겠어요! \n그리고 이번에 클린콘텐츠캠페인에 서포터즈로 선정이 되었습니다!\n영상에도 출연을 하게 되었으니 링크 남겨놓을게요! :) 공모전에서 상도 주고 상금도 있으니 도전해보세요 \nhttps://youtu.be/GOB8gkBROtM\n\n또또또 이번주 금요일 토요일! 부산 벡스코에서 열리는 1인미디어대전에 참여를 하게 되었습니다!\n금요일에는 보이는 라디오! 토요일에는 팬사인회가 있어요!\n자세한 내용은 1인미디어대전 사이트를 참고해주세요! \nhttps://www.koreacreatorfesta.co.kr/\n\n금요일 현장에 계시는 분들 중 소리퀴즈를 맞히시는 분들께 선물도 있고! 토요일 팬사인회에서는 원하는 asmr업로드권과 제가 직접 만든 얼그레이잼!을 준비해간답니다😆 팬사인회는 선착순 마감이지만 마감 후에도 부스 밖에서 구경이 가능해요!\n시간이 안되시거나 거리가 멀거나 한국이 아니라서 못 오시는 분들은 금요일 11시 반부터 12시 반까지 진행하는 asmr 생방송을 보러와주세요 (잘 시간은 아니겠지만😘)\n\n그럼 여러분 오늘 영상도 여러분께 기분 좋은 영상이었으면 좋겠습니다\n모두 잘자고 좋은 꿈꾸고 좋은 하루 보내세요!\n\n각종 문의 사항은\nggulggulsuna@gmail.com 으로 보내 주세요\n\n멤버십 회원만 볼 수 있는 비하인드 영상과 많은 혜택들이 있는\n멤버십 가입하러 가기\nhttps://www.youtube.com/channel/UChYcJLnVxqgO3SkM6vKX9aw/join\n\n\n선아의 공식 팬카페 가입하러가기!⬇️\nhttps://cafe.naver.com/ggulggulsuna\n\n💌\n주소: 서울시 성동구 성수이로 20길 16 (성수동2가, JK타워) 8층\n받는이: 꿀꿀선아\n여러분들이 보내 주신 선물은 영상으로 만들 생각입니다☺ 원치 않으시는 분들은 연락을 주시거나 써 주세요!\n\nFan letter address\n8floor, 16, Seongsui-ro 20-gil, Seongdong-gu, Seoul, Republic of Korea\nRecipient(受けるが): ggulggul suna\n\n(추천영상)\n속닥속닥 재워드릴게요💤위스퍼링 수다 ASMR+댓글읽기[\nhttps://www.youtube.com/watch?v=2ACqCWBzi_E&t=3s\nASMR 안개낀 새벽에 꼬치구워 먹으며 수다[TALKING ASMR]캠핑 기분내기\nhttps://www.youtube.com/watch?v=t9u6jeeggXI&t=803s\n속닥속닥 첫 수다 ASMR 유튜버가 되기까지..\nhttps://www.youtube.com/watch?v=lvkFflhTCUo&t=2s\n\n\n선아의 일상과 미니피그 채널:https://goo.gl/kvZ6rl\n선아의 게임채널:https://goo.gl/1bIQgo\n아프리카TV: http://afreecatv.com/ggulsuna\nSUNA Facebook: https://www.facebook.com/kyoung.jeon.92\nSUNA Instargram: https://www.instagram.com/ggulggulsuna\nSUNA Twitch: https://www.twitch.tv/ggulsuna\nPayPal Support link :https://goo.gl/SWRfel",
        "thumbnail": "https://i.ytimg.com/vi/34TBsYLl7xo/mqdefault.jpg",
        "youtubeVideoId": "34TBsYLl7xo",
        "uploadedDate": "2022-08-03T15:22:36Z",
        "viewCount": 12326,
        "isCommercial": "False"
    },
    {
        "id": "a728b734-5608-4126-8172-d146b9769075",
        "title": "ASMR 양쪽귀에 몽환적인 속삭임 소리 [echo, 에코, 더미헤드]",
        "description": "오늘의 asmr 영상은 저번에 보여드렸던 1300만원짜리 더미헤드 마이크예요!\n나우에서 전~에 대여해주신건데 이제야 영상을 올리네요  (아직 남은 영상이 많아요..)\n쌍둥이가 들려주는 에코 단어반복 asmr을 준비했답니다!\n저는 에코 단어반복이 너무 좋아요! 여러분들도 좋아해주셨으면 좋겠습니다\n그럼 오늘 영상도 여러분께 기분 좋은 영상이 되었으면 좋겠습니다\n모두 잘자고 좋은 꿈 꾸고 좋은 하루 보내세요\n\n각종 문의 사항은\nggulggulsuna@gmail.com 으로 보내 주세요\n\n멤버십 회원만 볼 수 있는 비하인드 영상과 많은 혜택들이 있는\n멤버십 가입하러 가기\nhttps://www.youtube.com/channel/UChYcJLnVxqgO3SkM6vKX9aw/join\n\n선아의 공식 팬카페 가입하러가기!⬇️\nhttps://cafe.naver.com/ggulggulsuna\n\n💌\n주소: 서울시 성동구 성수이로 20길 16 (성수동2가, JK타워) 8층\n받는이: 꿀꿀선아\n여러분들이 보내 주신 선물은 영상으로 만들 생각입니다☺ 원치 않으시는 분들은 연락을 주시거나 써 주세요!\n\nFan letter address\n8floor, 16, Seongsui-ro 20-gil, Seongdong-gu, Seoul, Republic of Korea\nRecipient(受けるが): ggulggul suna\n\n\n(추천영상)\n단어반복\nhttps://youtu.be/395k2T7JXTk\n귀를간지럽히는 단어반복 1\nhttps://youtu.be/2ytaRHfCW2k\n비온뒤 야외에서 수다\nhttps://youtu.be/mCFfslmgf1s\n속닥속닥 재워드릴게요\nhttps://youtu.be/2ACqCWBzi_E\n\n\n\n선아의 일상과 미니피그 채널:https://goo.gl/kvZ6rl\n선아의 게임채널:https://goo.gl/1bIQgo\n아프리카TV: http://afreecatv.com/ggulsuna\nSUNA Facebook: https://www.facebook.com/kyoung.jeon.92\nSUNA Instargram: https://www.instagram.com/ggulggulsuna\nSUNA Twitch: https://www.twitch.tv/ggulsuna\nPayPal Support link :https://goo.gl/SWRfel",
        "thumbnail": "https://i.ytimg.com/vi/MJNd6OYu_9E/mqdefault.jpg",
        "youtubeVideoId": "MJNd6OYu_9E",
        "uploadedDate": "2022-05-15T14:32:22Z",
        "viewCount": 28564,
        "isCommercial": "False"
    },
    {
        "id": "09e2a7e1-aac3-41aa-9fb7-6707ef9bdaff",
        "title": "ASMR 쌀쌀한 새벽,캠핑 음식 먹으며 수다 (Feat.옥수수버터구이 ,떡꼬치,킬바사,어묵탕 먹방)TALKING ASMR",
        "description": "오늘의 asmr 영상은 야외수다 asmr입니다! 저번 야외 수다영상을 좋아해 주셔서 촬영을 해보았어요. 해뜨기 전부터 찍어서 해뜨는 걸 실시간으로 보여드리고 싶었는데..! 분명히 준비할 때는 해가 안떴는데 정말 금방 뜨더라고 준비하는 새에 떠버렸어... 그래도 좋아요! 다음에 더 좋은 걸 보여드릴 수 있는 걸요. 제가 촬영을 한 장소는 저희 집이 지어질 장소에요. 거의 뷰만 보고 골랐다고 해도 과언이 아닐... 근데 풍경은 진짜 좋아요. 나중에 날이 좋을때 한번 더 보여드릴게요 :) 여러가지 이야기도 하고 불 피워서 가래떡과 킬바사 소세지, 어묵탕, 통옥수수까지 노릇노릇 구워먹었습니다! 맛있고 재밌었어요! 여러분도 영상 보시면서 재밌고 편안한 기분 느끼셨으면 좋겠습니다\n그럼 모두 잘자고 좋은 꿈꾸고 좋은 하루 보내세요\n\n사적인 이야기\n- 팬사인회는 아주 무사히 잘 끝마쳤어요! 와주신 분들 너무 감사하고 시간이 좀 짧았어서 한편으로는 아쉽지만! 다음에 좋은 기회가 또 있을테니까..! 저는 정말 행복했습니다\n- 이제 곧있으면 asmr 채널 5주년이에요 12월 13일인데 제가 이벤트를 커뮤니티에 공지해놓았어요! 아직 못 보신 분들은 보고 신청해주세요 :)\n12월 12일은 제 생일인데 마침 생방송 하는 일요일! 생일날 생방송을 하는 영광을 누릴 수 있겠군요! 저의 비대면 생일 파티에 놀러오세요 여러분!ㅋㅋㅋㅋ\n- 그럼 진짜 안녕 잘자요 오늘도 내일도 모레도! 매일매일!\n\n각종 문의 사항은\nggulggulsuna@gmail.com 으로 보내 주세요\n\n멤버십 회원만 볼 수 있는 비하인드 영상과 많은 혜택들이 있는\n멤버십 가입하러 가기\nhttps://www.youtube.com/channel/UChYcJLnVxqgO3SkM6vKX9aw/join\n\n\n선아의 공식 팬카페 가입하러가기!⬇️\nhttps://cafe.naver.com/ggulggulsuna\n\n💌\n주소: 서울시 성동구 성수이로 20길 16 (성수동2가, JK타워) 8층\n받는이: 꿀꿀선아\n여러분들이 보내 주신 선물은 영상으로 만들 생각입니다☺ 원치 않으시는 분들은 연락을 주시거나 써 주세요!\n\nFan letter address\n8floor, 16, Seongsui-ro 20-gil, Seongdong-gu, Seoul, Republic of Korea\nRecipient(受けるが): ggulggul suna\n\n(추천영상)\n안개낀 새벽 꼬치 구워먹으며 수다 ASMR\nhttps://www.youtube.com/watch?v=t9u6jeeggXI\n색다르고 몽환적인 팅글 ASRM\nhttps://www.youtube.com/watch?v=of68_37fPQk\n위스퍼링 수다 ASMR\nhttps://www.youtube.com/watch?v=2ACqCWBzi_E\n\n\n선아의 일상과 미니피그 채널:https://goo.gl/kvZ6rl\n선아의 게임채널:https://goo.gl/1bIQgo\n아프리카TV: http://afreecatv.com/ggulsuna\nSUNA Facebook: https://www.facebook.com/kyoung.jeon.92\nSUNA Instargram: https://www.instagram.com/ggulggulsuna\nSUNA Twitch: https://www.twitch.tv/ggulsuna\nPayPal Support link :https://goo.gl/SWRfel",
        "thumbnail": "https://i.ytimg.com/vi/U5GuMvKPZpU/mqdefault.jpg",
        "youtubeVideoId": "U5GuMvKPZpU",
        "uploadedDate": "2021-12-03T12:34:53Z",
        "viewCount": 123082,
        "isCommercial": "False"
    },
    {
        "id": "a2b9110e-f115-4565-a873-44e5755ec0b4",
        "title": "ASMR ✨에이핑크 오하영 언니와의 속삭이는 ASMR WHISPERING💛꿀꿀선아",
        "description": "오늘의 asmr 영상은! 콜라보 영상입니다! 에이핑크의 하영언니와 asmr 촬영을 해보았어요 :) 소속사인 트헌에서 기획하고 촬영해 주신 거라서 저희 채널의 평소 스타일은 아니지만! 덕분에 새로운 방식으로 하영언니와 즐겁게 촬영을 했습니다!\n오하빵 채널에서 asmr 영상으로는 못담은 부분도 볼 수 있으니까 보러가세요❤\n근데 저보다 하영언니가 asmr 잘하는 거 같아요...제가 가르침 받아야 해....\n그럼 여러분 오늘 영상도 여러분께 기분 좋은 영상이었으면 좋겠습니다!\n모두 잘자고 좋은 꿈꾸고 좋은 하루 보내세요\n\n오하빵채널💛\nhttps://www.youtube.com/channel/UCnPJ_Jcl-dwFuGgqhavB8oA\n하빵채널에 올라온 영상보러가기💛\nhttps://www.youtube.com/watch?v=KZ88e1nsyyE\n\n사적인 이야기\n- 다음에 또 같이 영상 찍기로 했는데 어떤 asmr을 보고 싶으신가요?+_+\n- 요즘 열심히 땅알아보고 다니고 있어요! 집지어서 이사가야해!!! 핑돼가 있어서 임대로 들어갈수가없어ㅠㅠ\n- 그럼 안뇽!\n\n각종 문의 사항은\nggulggulsuna@gmail.com 으로 보내 주세요\n\n멤버십 회원만 볼 수 있는 비하인드 영상과 많은 혜택들이 있는\n멤버십 가입하러 가기\nhttps://www.youtube.com/channel/UChYcJLnVxqgO3SkM6vKX9aw/join\n\n\n선아의 공식 팬카페 가입하러가기!⬇️\nhttps://cafe.naver.com/ggulggulsuna\n\n💌\n주소: 서울시 성동구 성수이로 20길 16 (성수동2가, JK타워) 8층\n받는이: 꿀꿀선아\n여러분들이 보내 주신 선물은 영상으로 만들 생각입니다☺ 원치 않으시는 분들은 연락을 주시거나 써 주세요!\n\nFan letter address\n8floor, 16, Seongsui-ro 20-gil, Seongdong-gu, Seoul, Republic of Korea\nRecipient(受けるが): ggulggul suna\n\n(추천영상)\n하영언니와 머리손질 ASMR\nhttps://www.youtube.com/watch?v=vKYNFYpmFhE&t=507s\n수다 ASMR\nhttps://www.youtube.com/watch?v=-OZI3y7-U1o&t=2509s\n직접 만든 매운 푸팟퐁커리 먹방\nhttps://youtu.be/jOGlaOYyVhc\n직접 만든 골목식당 치즈카츠 먹방\nhttps://youtu.be/M0ZiGmMtYKw\n직접 만든 엽기떡볶이 먹방\nhttps://youtu.be/HMENBfR5xec\n\n\n선아의 일상과 미니피그 채널:https://goo.gl/kvZ6rl\n선아의 게임채널:https://goo.gl/1bIQgo\n아프리카TV: http://afreecatv.com/ggulsuna\nSUNA Facebook: https://www.facebook.com/kyoung.jeon.92\nSUNA Instargram: https://www.instagram.com/ggulggulsuna\nSUNA Twitch: https://www.twitch.tv/ggulsuna\nPayPal Support link :https://goo.gl/SWRfel",
        "thumbnail": "https://i.ytimg.com/vi/HlnSBzaewtM/mqdefault.jpg",
        "youtubeVideoId": "HlnSBzaewtM",
        "uploadedDate": "2021-06-08T13:31:22Z",
        "viewCount": 17038,
        "isCommercial": "False"
    },
    {
        "id": "e605f390-1653-4098-a39d-7b3c20e25bd8",
        "title": "ASMR 속삭이며 수다(유튜브 4년차에 느끼는 점들)TALKING ASMR WHISPERING",
        "description": "오늘의 ASMR 영상은 위스퍼링 수다 asmr 입니다 :) 수다영상을 보고 싶어 하시는 분들이 많으셔서 가져왔어요! 저도 수다 asmr을 좋아하는데 자주 올릴 수는 없는? 영상이어서 이번에 촬영할때 너무 신나서 이야기한 것 같아요 :) 이번 수다는 주제를 잡아놓고 이야기해봤는데 제가 말주변이 없어서 살짝 횡설수설 한 것 같기도 해요 그래서 편집하면서 순서도 살짝씩 바꾸고 그랬어요ㅋㅋㅋ 왜 정리를 해서 말해도 정리가 안되는 걸까요....\n그럼 오늘 영상도 여러분께 기분 좋은 영상이었으면 좋겠어요\n모두 잘 자고 좋은 꿈 꾸고 좋은 하루 보내세요\n\n사적인 이야기\n- 과제가 이번달까진데 하나도 안 되어 있어요.... 어떡하져..?하기가 싫어여...\n- 영상에서 다이어트 시작했다고 말했는데 저때는 실패하고 오늘부터 다시 합니다!!!!ㅋㅋㅋㅋㅋㅋㅋㅋㅋ 흑..\n- 저번에 새롭게 도전한다고?준비한다고? 한 게 생각보다 잘 되고 있어서 너무 재밌어요! 곧 그것도 말씀드릴게용!!!!ㅎㅎㅎ\n\n각종 문의 사항은\nggulggulsuna@gmail.com 으로 보내 주세요\n\n멤버십 회원만 볼 수 있는 비하인드 영상과 많은 혜택들이 있는\n멤버십 가입하러 가기\nhttps://www.youtube.com/channel/UChYcJLnVxqgO3SkM6vKX9aw/join\n\n\n선아의 공식 팬카페 가입하러가기!⬇️\nhttps://cafe.naver.com/ggulggulsuna\n\n💌\n주소: 서울시 성동구 성수이로 20길 16 (성수동2가, JK타워) 8층\n받는이: 꿀꿀선아\n여러분들이 보내 주신 선물은 영상으로 만들 생각입니다☺ 원치 않으시는 분들은 연락을 주시거나 써 주세요!\n\nFan letter address\n8floor, 16, Seongsui-ro 20-gil, Seongdong-gu, Seoul, Republic of Korea\nRecipient(受けるが): ggulggul suna\n\n(추천영상)\nASMR 안개낀 새벽에 꼬치구워 먹으며 수다\nhttps://youtu.be/t9u6jeeggXI\nASMR 비온뒤 야외에서 수다  (전원생활에 대해)\nhttps://youtu.be/mCFfslmgf1s\n수다 asmr \nhttps://www.youtube.com/watch?v=bAcIvEcYFxg\n근황 수다 ASMR\nhttps://www.youtube.com/watch?v=2kGQZt9YOrg\n\n선아의 일상과 미니피그 채널:https://goo.gl/kvZ6rl\n선아의 게임채널:https://goo.gl/1bIQgo\n아프리카TV: http://afreecatv.com/ggulsuna\nSUNA Facebook: https://www.facebook.com/kyoung.jeon.92\nSUNA Instargram: https://www.instagram.com/ggulggulsuna\nSUNA Twitch: https://www.twitch.tv/ggulsuna\nPayPal Support link :https://goo.gl/SWRfel",
        "thumbnail": "https://i.ytimg.com/vi/-OZI3y7-U1o/mqdefault.jpg",
        "youtubeVideoId": "-OZI3y7-U1o",
        "uploadedDate": "2021-04-02T10:24:28Z",
        "viewCount": 264439,
        "isCommercial": "False"
    },
    {
        "id": "eb5e03cd-f492-482d-866e-86022c7f96f5",
        "title": "ASMR 안개낀 새벽에 꼬치구워 먹으며 수다[TALKING ASMR]캠핑 기분내기",
        "description": "오늘의 ASMR 영상은 야외에서 새벽에 캠핑분위기로 수다를 떨며 꼬치구이를 해먹는 ASMR 입니다ㅋㅋㅋ되게 설명이 기네요. 촬영때 너무 좋았어서 영상을 여러분이 좋아해주신다면 다음엔 진짜루 텐트도 준비해서 저녁부터 쭈욱~ 캠핑하는 asmr이나 롤플로 촬영을 하면 좋을거같아요ㅎㅎ 야외에서 먹어서 그런가 꼬치구이가 진짜 맛있더라고요. 고생많이 했지만 되게 재밌는 시간이었어요!\n그럼 오늘 영상도 여러분께 기분 좋은 영상이었으면 좋겠습니다.\n모두 잘 자고 좋은 꿈꾸고 좋은 하루 되세요:)\n\n사적인 이야기\n-수다 asmr이긴 하지만 꼬치구이먹고 이제 곧 공사하는 사람들 오고 춥고 이러다보니까 말들을 제대로 했는지 모르겠네요ㅎㅎ 그래도 좋습니다! 다음에 할 이야기들이 남아있는거니까요\n-요즘에 생방송 하고싶은 생각이 엄청 나요! 집에 생방송 셋팅도 틈틈히 하고있어서 곧 완성될거같아요! 우리 곧 생방송으로 만나여♡\n-그럼 안녕! 오늘도 사적인 이야기까지 봐주신 분들 제맘 아시죵?!♡♥♡♥♡♥♡♥\n\n각종 문의 사항은\nggulggulsuna@gmail.com 으로 보내 주세요~\n\n추천 영상 \nASMR 쌀쌀한 새벽,캠핑 음식 먹으며 수다 (Feat.옥수수버터구이 ,떡꼬치,칼바사,어묵탕 먹방)TALKING ASMR\nhttps://www.youtube.com/watch?v=U5GuMvKPZpU\n\nASMR 야외에서 페인트 칠하는 소리\nhttps://www.youtube.com/watch?v=6ekET6i1Y8Q&t=7s\n\nASMR 비온뒤 야외에서 수다 (전원생활에 대해)\nhttps://www.youtube.com/watch?v=mCFfslmgf1s\n\n속닥속닥 재워드릴게요💤위스퍼링 수다 ASMR+댓글읽기\nhttps://www.youtube.com/watch?v=2ACqCWBzi_E\n\n멤버십 회원만 볼 수 있는 비하인드 영상과 많은 혜택들이 있는\n멤버십 가입하러 가기\nhttps://www.youtube.com/channel/UChYcJLnVxqgO3SkM6vKX9aw/join\n\n선아의 공식 팬카페 가입하러가기!⬇️\nhttps://cafe.naver.com/ggulggulsuna\n\nBGM은 BGM 팩토리에서 사용했습니다\nhttps://bgmfactory.com/",
        "thumbnail": "https://i.ytimg.com/vi/t9u6jeeggXI/mqdefault.jpg",
        "youtubeVideoId": "t9u6jeeggXI",
        "uploadedDate": "2020-10-31T09:51:04Z",
        "viewCount": 483232,
        "isCommercial": "False"
    },
    {
        "id": "0706a508-8634-44b8-97b5-f6c028afd2df",
        "title": "ASMR  한시간 동안 쌍둥이 입소리&립제품 바르는 소리 ASMR Twin Mouth Sounds",
        "description": "오늘의 ASMR 영상은 오랜만에 돌아온 쌍둥이 입소리 ASMR입니다. 입소리와 함께 여러가지 립제품 소리와 바르는 소리까지 내었어요!\n저는 개인적으로 입소리 처럼 끈적이는 소리를 좋아해요! 여러분들 중에서도 입소리가 취향이 아니신 분이 계시겠지만 취향이신 몇몇분들께서 꾸준히 요청을 주셔서 드디어! 아주 오랜만에! 거의3년?ㅎㅎ 쌍둥이 입소리 영상을 가지고 왔습니다. 오늘 영상도 여러분께 기분 좋은 영상이었으면 좋겠어요. 모두 잘자고 좋은 꿈꾸고 좋은 하루 되세요 :)\n\n사적인 이야기\n-사실 이번 영상은 한번 실패를 했어서 두번째 촬영이었어요! 첫번째 영상이 화면적으로 너무너무 마음에 들었는데 숨소리가 너무 많이 들어가서 아쉽게도 업로드 하지 못할것같아요. 그 영상이 바로 맨마지막에 나오는 영상이에요!\n-대신에 멤버십영상으로 올려드릴게요! 화면이 너무 마음에 들어서....버리고 싶지 않아요...제가 얼마나 열심히 준비했는데...흑 너무 슬펐어요..\n-그럼 여러분 모두 잘자고 좋은 꿈꾸고 좋은 하루 되세요!\n\n숨겨둔 쌍둥이와 입소리(Twin Mouth sounds)[노토킹 ASMR]\nhttps://www.youtube.com/watch?v=bUO6-YCmcvI&t=1192s\n\nASMR 쌍둥이 귀마사지샵 롤플 상황극 [Roleplay asmr]\nhttps://www.youtube.com/watch?v=bb65eQ80jOE\n\n입소리💋Mouth Sounds ASMR\nhttps://www.youtube.com/watch?v=HWN5ATQh3rM&t=4s\n\n숨겨둔 쌍둥이와 귀청소(Twin ear cleaning)\nhttps://www.youtube.com/watch?v=R3AsD7frRmg\n\n각종 문의 사항은\nggulggulsuna@gmail.com 으로 보내 주세요~\n\n멤버십 회원만 볼 수 있는 비하인드 영상과 많은 혜택들이 있는\n멤버십 가입하러 가기\nhttps://www.youtube.com/channel/UChYcJLnVxqgO3SkM6vKX9aw/join\n\n\n선아의 공식 팬카페 가입하러가기!⬇️\nhttps://cafe.naver.com/ggulggulsuna\n\nBGM은 BGM 팩토리에서 사용했습니다\nhttps://bgmfactory.com/\n\n💌\n주소: 서울시 성동구 성수이로 20길 16 (성수동2가, JK타워) 8층\n받는이: 꿀꿀선아\n여러분들이 보내 주신 선물은 영상으로 만들 생각입니다☺ 원치 않으시는 분들은 연락을 주시거나 써 주세요!\n\nFan letter address\n8floor, 16, Seongsui-ro 20-gil, Seongdong-gu, Seoul, Republic of Korea\nRecipient(受けるが): ggulggul suna\n\n\n카카오 tv 채널:https://goo.gl/MgEqLt\n카카오톡 플러스친구:검색))꿀꿀선아\n선아의 일상과 미니피그 채널:https://goo.gl/kvZ6rl\n선아의 게임채널:https://goo.gl/1bIQgo\n아프리카TV: http://afreecatv.com/ggulsuna\nSUNA Facebook: https://www.facebook.com/kyoung.jeon.92\nSUNA Instargram: https://www.instagram.com/ggulggulsuna\nSUNA Twitch: https://www.twitch.tv/ggulsuna\nPayPal Support link :https://goo.gl/SWRfel",
        "thumbnail": "https://i.ytimg.com/vi/msbPKz27Q1E/mqdefault.jpg",
        "youtubeVideoId": "msbPKz27Q1E",
        "uploadedDate": "2020-10-03T11:59:23Z",
        "viewCount": 828209,
        "isCommercial": "False"
    },
    {
        "id": "5766e65f-fc5b-48f3-b558-6e877729a564",
        "title": "ASMR 고민을 들어주는 꿀밤 라디오 [꿀꿀선아]수다 asmr,asmr suna",
        "description": "오늘의 asmr 영상은 꿀밤라디오 입니다! 예~전에 생방송에서 했었는데 기억하시는 분들 계신가요? 이번에 여러분들이 좋아해 주신다면 시리즈로 다시 한 번 시작을 해 보려고 해요! 팬카페에서 사연을 받았는데 많은 분들이 사연을 써 주셨어요 전부 읽어 드리고 싶었지만 시간적 한계로 다 하지는 못했습니다! 최대한 제가 답변을 드릴 수 있고 겹치지 않는 선에서 사연을 가져와 보았어요! 사연에 선정되신 분들은 팬카페 공지를 한 번 확인해 주세요!\nhttps://cafe.naver.com/ggulggulsuna/1873\n\n선정되신 분들께는 자그마한 기프티콘 선물을 드리고 있어요! 팬카페 공지 확인 후 1월 20일 12시(자정)까지 회신 부탁드립니다!\n\n꿀밤라디오는 계속되니까 사연을 신청하고 싶으신 분들은 팬카페에서 신청해 주시기 바랍니다.\n다음 꿀밤라디오 사연도 받고 있어요! 다음 주제는 '공포'입니다. 귀신, 사람, 분위기 등 자신이 느낀 공포 경험담을 들려 주세요!\nhttps://cafe.naver.com/MemoList.nhn?search.clubid=29539588&search.menuid=58&viewType=pc\n\n 꿀밤라디오 컨텐츠가 어떤지 댓글로 적어 주시고요!\n오늘 영상도 여러분께 기분 좋은 영상이었으면 좋겠습니다.\n모두 잘 자고 좋은 꿈 꾸고 좋은 하루 되세요 :)\n\n사적인이야기\n- 저희 집 냥이 춘자가 오늘 중성화를 하고 왔어요! 중성화 하고 기운이 빠져 있는 모습이 마음이 아프더라구요. 저는 지금까지 살면서 기억도 안 나는 어릴 적 빼고는 크게 수술을 한 적도 없고 입원을 한 적도 없는데 아직 어리지만 그래도 한 해 한 해 나이가 들면서 건강을 신경 써야 되겠다는 생각이 들더라구요. 그래서 올해에는 영양제를 잘 챙겨 먹어 보려고요!! ㅎㅎ 여러분도 몸에 좋은 거 많이 드시고 운동도 하셔서 항상 건강하게 제 영상 들으셨으면 좋겠어요!!\n- 저도 운동할게요... ㅎㅎ 올해 목표 11자 복근!!!!!! 홧팅\n\n고정 업로드 시간은 매주 수요일 토요일 밤 9시입니다\n각종 문의 사항은\nggulggulsuna@gmail.com 으로 보내 주세요~\n\n멤버십 회원만 볼 수 있는 비하인드 영상과 많은 혜택들이 있는\n멤버십 가입하러 가기\nhttps://www.youtube.com/channel/UChYcJLnVxqgO3SkM6vKX9aw/join\n\n\n선아의 공식 팬카페 가입하러가기!⬇️\nhttps://cafe.naver.com/ggulggulsuna\n\n💌\n주소: 서울시 성동구 성수이로 20길 16 (성수동2가, JK타워) 8층\n받는이: 꿀꿀선아\n여러분들이 보내 주신 선물은 영상으로 만들 생각입니다☺ 원치 않으시는 분들은 연락을 주시거나 써 주세요!\n\nFan letter address\n8floor, 16, Seongsui-ro 20-gil, Seongdong-gu, Seoul, Republic of Korea\nRecipient(受けるが): ggulggul suna\n\n(추천 영상)\n단어반복으로 귀를 간지럽히기(+마이크터칭)\nhttps://youtu.be/395k2T7JXTk\n비온 뒤 야외에서 수다  (전원 생활에 대해) [Talking asmr]\nhttps://youtu.be/mCFfslmgf1s\n속삭이는 수다\nhttps://youtu.be/bAcIvEcYFxg\n속닥속닥 재워드릴게요💤위스퍼링 수다\nhttps://youtu.be/2ACqCWBzi_E\n최면을 거는 듯한 몽환적인 속삭임 [인어디블 위스퍼링]\nhttps://youtu.be/TLupSqwqd4I\n\n\n\n카카오 tv 채널:https://goo.gl/MgEqLt\n카카오톡 플러스친구:검색))꿀꿀선아\n선아의 일상과 미니피그 채널:https://goo.gl/kvZ6rl\n선아의 게임채널:https://goo.gl/1bIQgo\n아프리카TV: http://afreecatv.com/ggulsuna\nSUNA Facebook: https://www.facebook.com/kyoung.jeon.92\nSUNA Instargram: https://www.instagram.com/ggulggulsuna\nSUNA Twitch: https://www.twitch.tv/ggulsuna\nPayPal Support link :https://goo.gl/SWRfel",
        "thumbnail": "https://i.ytimg.com/vi/vfx9k50PXQc/mqdefault.jpg",
        "youtubeVideoId": "vfx9k50PXQc",
        "uploadedDate": "2020-01-18T09:12:47Z",
        "viewCount": 444613,
        "isCommercial": "False"
    },
    {
        "id": "684a1fcd-c133-4a01-8431-bd197989fda3",
        "title": "ASMR 단어반복으로 귀를 간지럽히기(+마이크터칭) [꿀꿀선아]suna asmr",
        "description": "오늘의 ASMR 영상은 단어반복 ASMR입니다. 저번 큐앤에이 커뮤니티 게시글에 마이크터칭 언제 찍어 주시냐고 한 댓글을 보았어요! 그래서 단어반복을 하면서 마이크터칭까지 같이 해 보았습니다. \n영상을 두 번 정도 추가 촬영한 건데 어떤게 다른 영상인지 알아보시겠나요!?ㅎㅎ\n오늘 영상도 여러분께 기분 좋은 영상이었으면 좋겠습니다. \n모두 잘 자고 좋은 꿈 꾸고 좋은 하루 되세요!\n\n사적인이야기\n-머리를 자르고 왔어요! 이 영상은 전에 찍어 놓은 영상이라 잘리지 않았지만 인스타를 통해 확인하실 수 있습니다! 많이 짧아졌는데 영상이나 사진에서 제 머리 길이를 정확히 못 보셔서 별 차이 없게 느껴지실 수도ㅎㅎ\n-설연휴 바로 전에 제주도에 촬영 때문에 갔다가 바로 태국 치앙마이로 가요! 그리고 새벽 여섯 시에 한국 와서 바로 출근하게 되었습니다^__^ 살인적인 스케줄이에요 하지만 찍을 건 많겠죠!? 죠타죠아 열심히 살기 홧팅!\n\n고정 업로드 시간은 매주 수요일 토요일 밤 9시입니다\n각종 문의 사항은\nggulggulsuna@gmail.com 으로 보내 주세요~\n\n멤버십 회원만 볼 수 있는 비하인드 영상과 많은 혜택들이 있는\n멤버십 가입하러 가기\nhttps://www.youtube.com/channel/UChYcJLnVxqgO3SkM6vKX9aw/join\n\n\n선아의 공식 팬카페 가입하러가기!⬇️\nhttps://cafe.naver.com/ggulggulsuna\n\n💌\n주소: 서울시 성동구 성수이로 20길 16 (성수동2가, JK타워) 8층\n받는이: 꿀꿀선아\n여러분들이 보내 주신 선물은 영상으로 만들 생각입니다☺ 원치 않으시는 분들은 연락을 주시거나 써 주세요!\n\nFan letter address\n8floor, 16, Seongsui-ro 20-gil, Seongdong-gu, Seoul, Republic of Korea\nRecipient(受けるが): ggulggul suna\n\n(추천영상)\n귀를간지럽히는 단어반복 1\nhttps://youtu.be/2ytaRHfCW2k\n비온뒤 야외에서 수다\nhttps://youtu.be/mCFfslmgf1s\n속닥속닥 재워드릴게요\nhttps://youtu.be/2ACqCWBzi_E\n\n\n\n카카오 tv 채널:https://goo.gl/MgEqLt\n카카오톡 플러스친구:검색))꿀꿀선아\n선아의 일상과 미니피그 채널:https://goo.gl/kvZ6rl\n선아의 게임채널:https://goo.gl/1bIQgo\n아프리카TV: http://afreecatv.com/ggulsuna\nSUNA Facebook: https://www.facebook.com/kyoung.jeon.92\nSUNA Instargram: https://www.instagram.com/ggulggulsuna\nSUNA Twitch: https://www.twitch.tv/ggulsuna\nPayPal Support link :https://goo.gl/SWRfel",
        "thumbnail": "https://i.ytimg.com/vi/395k2T7JXTk/mqdefault.jpg",
        "youtubeVideoId": "395k2T7JXTk",
        "uploadedDate": "2020-01-11T11:35:47Z",
        "viewCount": 1341847,
        "isCommercial": "False"
    },
    {
        "id": "1112b418-b7b8-4396-9898-eb1b2cf88dce",
        "title": "ASMR 비온뒤 야외에서 수다  (전원생활에 대해)[Talking asmr]꿀꿀선아,suna asmr,音フェチ",
        "description": "오늘의 ASMR 영상은 수다 talking ASMR인데요.\n영상촬영 준비할 때는 비가 추적추적 내리고 있어서 빗소리와 함께 전원생활에 대해 이야기 하면 좋겠다! 싶어서 촬영을 시작했는데 시작하니 비가 안내리더라구요ㅎㅎ 그래도 비 내린 후의 분위기가좋아서 괜찮았던거같아요. \n새소리가 조금 크긴 했지만?\n점점 시간이 지나면서 소리도 달라지는데 그런걸 느끼면서 시청해주시면 나름대로 재미있을거 같아요! 어두워지니 매미소리와 여러 곤충소리가 많이 크더라구요 ㅠ_ㅠ\n그래서 급하게 마무리 했지만! 오늘 영상도 여러분께 기분 좋은 영상이었으면 좋겠어요!\n모두 잘 자고 좋은꿈꾸고 좋은 하루되세요!\n#ASMR #Whispering #Nature\n\n고정 업로드 시간은 매주 수요일 토요일 밤 9시입니다\n각종 문의사항은\nggulggulsuna@gmail.com  으로 보내주세요~\n\n멤버십 회원만 볼수있는 비하인드 영상과 많은 혜택들이 있는\n멤버십 가입하러가기\nhttps://www.youtube.com/channel/UChYcJLnVxqgO3SkM6vKX9aw/join\n\n\n선아의 공식 팬카페 가입하러가기!⬇️\nhttps://cafe.naver.com/ggulggulsuna\n💌\n주소: 서울시 성동구 성수이로 20길 16 (성수동2가, JK타워) 8층\n받는이: 꿀꿀선아\n여러분들이 보내주신 선물은 영상으로 만들 생각입니다☺ 원치 않으시는분들은 연락을 주시거나 써주세요!\n\nFan letter address\n8floor, 16, Seongsui-ro 20-gil, Seongdong-gu, Seoul, Republic of Korea\nRecipient(受けるが): ggulggul suna\n\n\n(추천영상)\nASMR 단어반복으로 귀를 간지럽히기(+마이크터칭)\nhttps://youtu.be/395k2T7JXTk\n선아의 브이로그 asmr\nhttps://youtu.be/QehC7IxCmu0\n수다 asmr \nhttps://www.youtube.com/watch?v=bAcIvEcYFxg\n근황 수다 ASMR\nhttps://www.youtube.com/watch?v=2kGQZt9YOrg\n야외에서 페인트 asmr\nhttps://www.youtube.com/watch?v=6ekET6i1Y8Q&t=136s\n\n\n카카오 tv 채널:https://goo.gl/MgEqLt\n카카오톡 플러스친구:검색))꿀꿀선아\n선아의 일상과 미니피그 채널:https://goo.gl/kvZ6rl\n선아의 게임채널:https://goo.gl/1bIQgo\n아프리카TV: http://afreecatv.com/ggulsuna\nSUNA Facebook: https://www.facebook.com/kyoung.jeon.92\nSUNA Instargram: https://www.instagram.com/ggulggulsuna\nSUNA Twitch: https://www.twitch.tv/ggulsuna\nPayPal Support link :https://goo.gl/SWRfel",
        "thumbnail": "https://i.ytimg.com/vi/mCFfslmgf1s/mqdefault.jpg",
        "youtubeVideoId": "mCFfslmgf1s",
        "uploadedDate": "2019-07-27T12:02:59Z",
        "viewCount": 412274,
        "isCommercial": "False"
    },
    {
        "id": "fd0eaed2-85e8-4d4b-b4a9-ebad1674a8ec",
        "title": "속삭이는 수다 ASMR 💤4일만에 2키로 뺐어요!（계획, 다이어트, 요즘 일상, 책...등등 )Whispering ASMR [꿀꿀선아],suna asmr,音フェチ",
        "description": "오늘의 ASMR영상은 수다 영상입니다 위스퍼링으로 속닥속닥 소근소근 말하면서 여러가지 이야기를 해보았어요.\n딱 무슨 이야기를 해야겠다 하고 영상을 찍은거는 아니어서 말하는게 두서없고 길어질수도 있지만 너그럽게 들어주셨으면 좋겠습니다! 영상내용에도 나오지만 요즘 하루하루 체중을 잴때마다 기분이 좋더라구요. 자세한 내용을 말씀드리고 싶지만 영상에서 나오니! 영상 봐주시구요 음...수다영상이다 보니까 확실히 내용에 쓸 말이 없네요ㅠㅠ\n그럼 오늘 영상도 재밌고 기분좋게 봐주셨으면 좋겠습니다\n모두 잘자고 좋은 꿈꾸고 좋은 하루 되세요!\n\n고정 업로드 시간은 매주 수요일 토요일 밤 9시입니다\n각종 문의사항은\nggulggulsuna@gmail.com  으로 보내주세요~\n\n멤버십 회원만 볼수있는 비하인드 영상과 많은 혜택들이 있는\n멤버십 가입하러가기\nhttps://www.youtube.com/channel/UChYcJLnVxqgO3SkM6vKX9aw/join\n\n\n선아의 공식 팬카페 가입하러가기!⬇️\nhttps://cafe.naver.com/ggulggulsuna\n💌\n주소: 서울시 성동구 성수이로 20길 16 (성수동2가, JK타워) 8층\n받는이: 꿀꿀선아\n여러분들이 보내주신 선물은 영상으로 만들 생각입니다☺ 원치 않으시는분들은 연락을 주시거나 써주세요!\n\nFan letter address\n8floor, 16, Seongsui-ro 20-gil, Seongdong-gu, Seoul, Republic of Korea\nRecipient(受けるが): ggulggul suna\n\n\n(추천영상)\n속닥속닥 재워드릴게요 asmr\nhttps://youtu.be/2ACqCWBzi_E\n\n근황과 계획 수다\nhttps://youtu.be/_h8GvEboeDY\n\n오랜만이에요 수다 asmr\nhttps://youtu.be/2kGQZt9YOrg\n\n\n\n카카오 tv 채널:https://goo.gl/MgEqLt\n카카오톡 플러스친구:검색))꿀꿀선아\n선아의 일상과 미니피그 채널:https://goo.gl/kvZ6rl\n선아의 게임채널:https://goo.gl/1bIQgo\n아프리카TV: http://afreecatv.com/ggulsuna\nSUNA Facebook: https://www.facebook.com/kyoung.jeon.92\nSUNA Instargram: https://www.instagram.com/ggulggulsuna\nSUNA Twitch: https://www.twitch.tv/ggulsuna\nPayPal Support link :https://goo.gl/SWRfel",
        "thumbnail": "https://i.ytimg.com/vi/bAcIvEcYFxg/mqdefault.jpg",
        "youtubeVideoId": "bAcIvEcYFxg",
        "uploadedDate": "2019-04-28T11:04:44Z",
        "viewCount": 527385,
        "isCommercial": "False"
    },
    {
        "id": "1d0ce4a9-e971-4262-8c84-8c9a6e48e414",
        "title": "양쪽 귀를 간지럽히는 단어반복 ASMR[trigger words]꿀꿀선아,suna asmr,音フェチ",
        "description": "오늘의 asmr영상은 단어반복 trigger words 입니다! 단어반복을 듣고싶다는 여러분들의 요청을 받아 제작해보았어요! 스트리밍에서 많은 분들이 이야기해주셨던 단어들을 가지고 소리를 내보았습니다! 중간중간 숨을 쉬어야해서 잘리는 부분이 많은수도있어요 :D\n그럼 오늘도 편안한 밤 보내시길바랍니다\n모두 잘자고 좋은 꿈꾸고 좋은 하루 되세요!\n\n오랜만에 돌아온 사적인 이야기😖\n1. 다음주에 오사카로 여행을 가요! 직원분들과 다같이 가게되었어요! 가서 소리여행 2탄을 찍어오겠습니답😊 글구 맛집도 추천해주세요\n2. 저희집에 오는 길냥이들이랑 많이 많이 친해졌어요! 다리에 부비기도해요 넘 행복해 이번에 집도 만들어주었는데 그 영상은 선아의 하루 채널에다 다음주에 올려볼게요\n3. 위를 늘리며 살을 빼는 방법은 없을까요...? 다이어트는 해야하는데 먹는양도 늘리고싶어요! 그리고 다이어트를 하고나서 위를 늘려야할까요 위를 늘리고 다이어트를 해야할까요?!\n4. 사적인이야기 다음에도 쓸까요?😖\n그럼 진짜 안녕! 잘자요💕\n\n\n고정 업로드 시간은 매주 수요일 토요일 밤 10시입니다\n각종 문의사항은\nggulggulsuna@gmail.com  으로 보내주세요~\n\n선아의 공식 팬카페 가입하러가기!⬇️\nhttps://cafe.naver.com/ggulggulsuna\n💌\n주소:서울특별시 성동구 연무장 15길 11, 에스팩토리 B동 2층\n받는이:꿀꿀선아\n여러분들이 보내주신 선물은 영상으로 만들 생각입니다☺ 원치 않으시는분들은 연락을 주시거나 써주세요!\n\nFan letter address\n\n2floor ,B dong,11, Yeonmujang 15-gil, Seongdong-gu, Seoul, Republic of Korea\nRecipient(受けるが): ggulggul suna\n\n(추천영상)\nASMR 단어반복으로 귀를 간지럽히기(+마이크터칭)\nhttps://youtu.be/395k2T7JXTk\n파우치 태핑소리\nhttps://www.youtube.com/watch?v=wEFChfMjNAU\n쾌감 쩌는 비누 부수기ASMR\nhttps://www.youtube.com/watch?v=42WqBdym7X8\n중독성 최고 물먹은 플로랄폼 ASMR\nhttps://www.youtube.com/watch?v=pJAHaKgSUVs\n자극적이지않은 10종류 탭핑\nhttps://www.youtube.com/watch?v=ZAVUxyqktpc\n\n\n\n카카오 tv 채널:https://goo.gl/MgEqLt\n카카오톡 플러스친구:검색))꿀꿀선아\n선아의 일상과 미니피그 채널:https://goo.gl/kvZ6rl\n선아의 게임채널:https://goo.gl/1bIQgo\n아프리카TV: http://afreecatv.com/ggulsuna\nSUNA Facebook: https://www.facebook.com/kyoung.jeon.92\nSUNA Instargram: https://www.instagram.com/ggulggulsuna\nSUNA Twitch: https://www.twitch.tv/ggulsuna\nPayPal Support link :https://goo.gl/SWRfel",
        "thumbnail": "https://i.ytimg.com/vi/2ytaRHfCW2k/mqdefault.jpg",
        "youtubeVideoId": "2ytaRHfCW2k",
        "uploadedDate": "2018-11-10T12:53:41Z",
        "viewCount": 0,
        "isCommercial": "False"
    },
    {
        "id": "694e08f5-0e08-4729-92b5-78113d1e548f",
        "title": "ASMR 엔딩 마무리 멘트 모음집...zz [꿀꿀선아]suna asmr,音フェチ] 잘자고 좋은 꿈 꾸고 좋은 하루 되세요",
        "description": "오늘의 asmr영상은 댓글로 요청이 너무너무 많았던 \n엔딩멘트 모음집입니다! 댓글로도 많이 신청해주시고 다렉으로도 연락주시고 생방송에서도 많은 분들이 꾸준히 요청해주셨어요. 이제야 올리게 되었네요\n그럼 여러분\n잘자고 좋은꿈 꾸고 좋은하루되세요!\n\n고정 업로드 시간은 매주 수요일 토요일 밤 10시입니다\n각종 문의사항은\nggulggulsuna@gmail.com  으로 보내주세요~\n\n선아의 공식 팬카페 가입하러가기!⬇️\nhttps://cafe.naver.com/ggulggulsuna\n💌\n주소:서울특별시 성동구 연무장 15길 11, 에스팩토리 B동 2층\n받는이:꿀꿀선아\n여러분들이 보내주신 선물은 영상으로 만들 생각입니다☺ 원치 않으시는분들은 연락을 주시거나 써주세요!\n\nFan letter address\n\n2floor ,B dong,11, Yeonmujang 15-gil, Seongdong-gu, Seoul, Republic of Korea\nRecipient(受けるが): ggulggul suna\n\n(추천영상)\n파우치 태핑소리\nhttps://www.youtube.com/watch?v=wEFChfMjNAU\n쾌감 쩌는 비누 부수기ASMR\nhttps://www.youtube.com/watch?v=42WqBdym7X8\n중독성 최고 물먹은 플로랄폼 ASMR\nhttps://www.youtube.com/watch?v=pJAHaKgSUVs\n자극적이지않은 10종류 탭핑\nhttps://www.youtube.com/watch?v=ZAVUxyqktpc\n\n\n\n카카오 tv 채널:https://goo.gl/MgEqLt\n카카오톡 플러스친구:검색))꿀꿀선아\n선아의 일상과 미니피그 채널:https://goo.gl/kvZ6rl\n선아의 게임채널:https://goo.gl/1bIQgo\n아프리카TV: http://afreecatv.com/ggulsuna\nSUNA Facebook: https://www.facebook.com/kyoung.jeon.92\nSUNA Instargram: https://www.instagram.com/ggulggulsuna\nSUNA Twitch: https://www.twitch.tv/ggulsuna\nPayPal Support link :https://goo.gl/SWRfel",
        "thumbnail": "https://i.ytimg.com/vi/yQEudKb0BZQ/mqdefault.jpg",
        "youtubeVideoId": "yQEudKb0BZQ",
        "uploadedDate": "2018-10-27T13:00:11Z",
        "viewCount": 0,
        "isCommercial": "False"
    },
    {
        "id": "cbd3d223-4200-43d8-a8f0-c9273a86bdd6",
        "title": "속닥속닥 재워드릴게요💤위스퍼링 수다 ASMR+댓글읽기[Whispering ASMR]꿀꿀선아,suna asmr,",
        "description": "오늘의 asmr영상은 위스퍼링으로 속닥속닥 수다하는 영상입니다. 댓글읽기도 살짝 해보았어요. 오늘 토킹영상은 저의 처음 수다 영상의 말하는 방식으로 하려고 했는데 좀 다른거같아요ㅠㅠ마이크가 달라져서 그런것도 있고 처음에는 살짝 비슷하다가 점점 바뀐거같아요😅 그래도 요청주신 분들과 시청자분들 모두가 만족하는 영상이었으면 좋겠어요!\n그러면 모두 잘 자고 좋은 꿈꾸고 좋은 하루 되세요!\n\n😍\n고정 업로드 시간은 매주 수요일 토요일 밤 10시입니다\nasmr생방송은 매주 화요일 일요일 밤 11시 입니다\n\n각종 문의사항은\nggulggulsuna@gmail.com  으로 보내주세요~\n\n💌\n선아의 공식 팬카페 가입하러가기!⬇️\nhttps://cafe.naver.com/ggulggulsuna\n💌\n주소:서울특별시 성동구 연무장 15길 11, 에스팩토리 B동 2층\n받는이:꿀꿀선아\n여러분들이 보내주신 선물은 영상으로 만들 생각입니다☺ 원치 않으시는분들은 연락을 주시거나 써주세요!\n\nFan letter address\n\n2floor ,B dong,11, Yeonmujang 15-gil, Seongdong-gu, Seoul, Republic of Korea\nRecipient(受けるが): ggulggul suna\n\n(추천영상)\nASMR 단어반복으로 귀를 간지럽히기(+마이크터칭)\nhttps://youtu.be/395k2T7JXTk\n파우치 태핑소리\nhttps://www.youtube.com/watch?v=wEFChfMjNAU\n쾌감 쩌는 비누 부수기ASMR\nhttps://www.youtube.com/watch?v=42WqBdym7X8\n중독성 최고 물먹은 플로랄폼 ASMR\nhttps://www.youtube.com/watch?v=pJAHaKgSUVs\n자극적이지않은 10종류 탭핑\nhttps://www.youtube.com/watch?v=ZAVUxyqktpc\n\n\n\n카카오 tv 채널:https://goo.gl/MgEqLt\n카카오톡 플러스친구:검색))꿀꿀선아\n선아의 일상과 미니피그 채널:https://goo.gl/kvZ6rl\n선아의 게임채널:https://goo.gl/1bIQgo\n아프리카TV: http://afreecatv.com/ggulsuna\nSUNA Facebook: https://www.facebook.com/kyoung.jeon.92\nSUNA Instargram: https://www.instagram.com/ggulggulsuna\nSUNA Twitch: https://www.twitch.tv/ggulsuna\nPayPal Support link :https://goo.gl/SWRfel",
        "thumbnail": "https://i.ytimg.com/vi/2ACqCWBzi_E/mqdefault.jpg",
        "youtubeVideoId": "2ACqCWBzi_E",
        "uploadedDate": "2018-09-08T12:06:18Z",
        "viewCount": 0,
        "isCommercial": "False"
    },
    {
        "id": "38364390-198d-432a-b7c6-7525c8295a1b",
        "title": "입소리💋Mouth Sounds ASMR[꿀꿀선아]suna asmr,リップ音",
        "description": "이번 ASMR 영상은 입소리입니다.팅글 가득한 영상이길 바랍니다!\n10:38 부터는 영상이 짧아서 영상을 한번 더 반복했어요\n18:52 부터는 소리가 레이어드되서 들리니 참고해주세요\n\n고정 업로드 시간은 매주 수요일 토요일 밤 10시입니다\n각종 문의사항은\nggulggulsuna@gmail.com  으로 보내주세요~\n💌\n선아의 공식 팬카페 가입하러가기!⬇️\nhttps://cafe.naver.com/ggulggulsuna\n💌\n주소:서울특별시 성동구 연무장 15길 11, 에스팩토리 B동 2층\n받는이:꿀꿀선아\n여러분들이 보내주신 선물은 영상으로 만들 생각입니다☺ 원치 않으시는분들은 연락을 주시거나 써주세요!\n\nFan letter address\n\n2floor ,B dong,11, Yeonmujang 15-gil, Seongdong-gu, Seoul, Republic of Korea\nRecipient(受けるが): ggulggul suna\n\n(추천영상)\n숨겨둔 쌍둥이의 입소리\nhttps://www.youtube.com/watch?v=bUO6-YCmcvI&t=955s\n마이크테스트와 입소리\nhttps://www.youtube.com/watch?v=7Pll8ryj75M&t=997s\n\n카카오 tv 채널:https://goo.gl/MgEqLt\n카카오톡 플러스친구:검색))꿀꿀선아\n선아의 일상과 미니피그 채널:https://goo.gl/kvZ6rl\n선아의 게임채널:https://goo.gl/1bIQgo\n아프리카TV: http://afreecatv.com/ggulsuna\nSUNA Facebook: https://www.facebook.com/kyoung.jeon.92\nSUNA Instargram: https://www.instagram.com/ggulggulsuna\nSUNA Twitch: https://www.twitch.tv/ggulsuna\nPayPal Support link :https://goo.gl/SWRfel",
        "thumbnail": "https://i.ytimg.com/vi/HWN5ATQh3rM/mqdefault.jpg",
        "youtubeVideoId": "HWN5ATQh3rM",
        "uploadedDate": "2018-08-15T11:39:39Z",
        "viewCount": 0,
        "isCommercial": "False"
    },
    {
        "id": "f0258bb5-83df-4e0c-a6ff-f6393492774c",
        "title": "속닥속닥 근황과 계획[수다 ASMR](전원주택으로 이사가요,고정업로드)Whispering ASMR,꿀꿀선아,suna asmr",
        "description": "안녕하세요 이번 ASMR 영상은 수다 whispering ASMR 영상이에요 !\n\n한국어 자막 등록해놨어요!\n자막을 키시면 더 자세한 내용을 알 수 있어요\n모두 잘자고 좋은꿈꾸고 좋은 하루되세요\n\n인트로에 나온 주전자와 컵은? \n리비에라메종 온라인 샵 : http://www.rivieramaison.co.kr\n\n업로드시간은 매주 수요일 토요일 10시\n스트리밍시간은 매주 화요일 일요일 11시\n\n각종 문의사항은\nggulggulsuna@gmail.com  으로 보내주세요~\n💌\n선아의 공식 팬카페 가입하러가기!⬇️\nhttps://cafe.naver.com/ggulggulsuna\n💌\n주소:서울특별시 성동구 연무장 15길 11, 에스팩토리 B동 2층\n받는이:꿀꿀선아\n여러분들이 보내주신 선물은 영상으로 만들 생각입니다☺ 원치 않으시는분들은 연락을 주시거나 써주세요!\n\nFan letter address\n\n2floor ,B dong,11, Yeonmujang 15-gil, Seongdong-gu, Seoul, Republic of Korea\nRecipient(受けるが): ggulggul suna\n\n(추천영상)\n파우치 태핑소리\nhttps://www.youtube.com/watch?v=wEFChfMjNAU\n쾌감 쩌는 비누 부수기ASMR\nhttps://www.youtube.com/watch?v=42WqBdym7X8\n중독성 최고 물먹은 플로랄폼 ASMR\nhttps://www.youtube.com/watch?v=pJAHaKgSUVs\n자극적이지않은 10종류 탭핑\nhttps://www.youtube.com/watch?v=ZAVUxyqktpc\n\n\n\n카카오 tv 채널:https://goo.gl/MgEqLt\n카카오톡 플러스친구:검색))꿀꿀선아\n선아의 일상과 미니피그 채널:https://goo.gl/kvZ6rl\n선아의 게임채널:https://goo.gl/1bIQgo\n아프리카TV: http://afreecatv.com/ggulsuna\nSUNA Facebook: https://www.facebook.com/kyoung.jeon.92\nSUNA Instargram: https://www.instagram.com/ggulggulsuna\nSUNA Twitch: https://www.twitch.tv/ggulsuna\nPayPal Support link :https://goo.gl/SWRfel",
        "thumbnail": "https://i.ytimg.com/vi/_h8GvEboeDY/mqdefault.jpg",
        "youtubeVideoId": "_h8GvEboeDY",
        "uploadedDate": "2018-06-10T12:47:53Z",
        "viewCount": 0,
        "isCommercial": "False"
    },
    {
        "id": "fa0e6957-426d-4949-8f64-951b261617dc",
        "title": "오랜만이에요 여러분[수다 ASMR]근황 Talking ASMR,속삭이는 소리,속닥속닥,한국어 asmr,whispering asmr,불면증,수면유도,꿀꿀선아,suna asmr,",
        "description": "이번 ASMR 영상은 수다 whispering ASMR 입니다!\n안녕하세요 여러분 선아입니다 ! 정말 오랜만이죠ㅠㅠ 오늘은 그 동안에 왜 의도치않게 쉬게되었는지에 대해 이야기하는 영상입니다. 먼저 기다려주신 여러분께 정말 감사합니다 그리고 죄송해요ㅠㅠ 공지라도 했어야했는데 작정하고 쉰게 아닌 미루고미룬거라😢 이제는 절대 그러는 일 없을거예요! 이제 열심히 일하겠습니다 여러분 정말 기다려주셔서 감사합니다\n제가 오늘 제주도에 가족들과 놀러왔어요! 여행오기 전 영상을 만들어놓고와서 여행왔다고 안올라오지않고 꾸준히 올라옵니다!ㅎㅎ 2박 3일 이긴하지만.. 소리여행컨텐츠와 브이로그도 찍어가니 영상에서 보아요😍 모두 잘 자고 좋은 꿈 꾸고 좋은 하루 되세요\n\nHello guys this is Suna!! Really long time no see😢😢 this video is about why I had such a long break til now. Btw   thank you so much guys that u guys waited for me😢😢 I had better wrote some notice but never done it cus of my personal problems 😢😢 this will never happen again! I'll try more harder in a future!! Again thank you so much guys that u guys waited for me!! I'm visiting island call Jeju with my family now as vacation!! I already recorded some of videos so it's going to be upload even I'm in here! I mean it's only 3days vacation tho lol I am also going to record some new contents of video in this vacation so c u in that videos 😍 everyone good night have a sweet dream and have a lovely day~\n\n💕제목 번역을 도와주신 시온님 게소님 감사합니다!\n\n업로드시간은 매주 수요일 토요일 10시\n스트리밍시간은 매주 화요일 일요일 11시\n\n💌\n선아의 공식 팬카페 가입하러가기!⬇️\nhttps://cafe.naver.com/ggulggulsuna\n💌\n주소:서울특별시 성동구 연무장 15길 11, 에스팩토리 B동 2층\n받는이:꿀꿀선아\n여러분들이 보내주신 선물은 영상으로 만들 생각입니다☺ 원치 않으시는분들은 연락을 주시거나 써주세요!\n\nFan letter address\n\n2floor ,B dong,11, Yeonmujang 15-gil, Seongdong-gu, Seoul, Republic of Korea\nRecipient(受けるが): ggulggul suna\n\n(추천영상)\n다른 수다영상 \nhttps://www.youtube.com/watch?v=Qalq2c4glTk\n또 다른 수다영상\nhttps://www.youtube.com/watch?v=lvkFflhTCUo\n또잉 또잉 물소리\nhttps://www.youtube.com/watch?v=2mwnQ5-xbmY\n립스틱 뚜껑 여닫는소리\nhttps://www.youtube.com/watch?v=bL8HWMmaAos\n최면같은 알수없는소리\nhttps://www.youtube.com/watch?v=R5e8gf1im9s\n\n카카오 tv 채널:https://goo.gl/MgEqLt\n카카오톡 플러스친구:검색))꿀꿀선아\n선아의 일상과 미니피그 채널:https://goo.gl/kvZ6rl\n선아의 게임채널:https://goo.gl/1bIQgo\n아프리카TV: http://afreecatv.com/ggulsuna\nSUNA Facebook: https://www.facebook.com/kyoung.jeon.92\nSUNA Instargram: https://www.instagram.com/ggulggulsuna/\nSUNA Twitch: https://www.twitch.tv/ggulsuna\nPayPal Support link :https://goo.gl/SWRfel",
        "thumbnail": "https://i.ytimg.com/vi/2kGQZt9YOrg/mqdefault.jpg",
        "youtubeVideoId": "2kGQZt9YOrg",
        "uploadedDate": "2018-02-15T11:07:06Z",
        "viewCount": 0,
        "isCommercial": "False"
    },
    {
        "id": "78584e3c-3c32-41de-91a1-866bdd3d15a4",
        "title": "2017 선아ASMR 변천사 하이라이트 모음[한국어 ASMR]asmr 모음,선아 영상 모음,asmr변천사,꿀꿀선아 하이라이트,불면증,수면유도,꿀꿀선아,suna asmr,팅글모음",
        "description": "이영상은 수면용으로는 부적합할수있습니다.\n저의 지난 1년간의 하이라이트를 담다보니 여러모로\n실력이 미숙했던 영상이 많아서 퀄리티가 많이 떨어질수있어요\n저의 1년간의 변화 과정이라고 생각해주세요 ㅠㅠ\n\n2017년이 지나고 2018년이 왔네요. Asmr을 한지도 1년이 되었어요. 1년동안 여러분들께 너무 과분한 사랑을 받았습니다. 정말 모자란 것도 모르는 것도 부족한 것도 많은 저였는데 이렇게 지켜봐주시고 응원해주셔서 정말 감사합니다. 덕분에 이렇게 성장한것같아요!😀 더더욱 열심히해서 발전하겠습니다. 사실 시작한지 얼마 안됐을때에는 왜곡된 이야기와 여러 문제들때문에 힘들었어요. 그렇지만 열심히하고 최선을 다하니 성과가 보이는 것 같아요. 여러분들의 칭찬과 조언이 없었다면 이뤄내지 못했을거예요. 정말 정말 너무 감사합니다! 2018년에도 열심히 하겠습니다 여러분들도 새해 복 많이 받으시고 2018년의 밤은 언제나 편안하시길 바랄게요. 구독자분들 사랑해요♡ 40만 정말 감사드려요\n\n💕제목 번역을 도와주신 시온님 게소님 감사합니다!\n\n자막하러가기\nhttp://www.youtube.com/timedtext_video?ref=share&v=UHM5OYnm_XA\n\n업로드시간은 매주 수요일 토요일 10시\n스트리밍시간은 매주 화요일 일요일 11시\n\n선아의 공식 팬카페 가입하러가기!⬇️\nhttps://cafe.naver.com/ggulggulsuna\n💌\n주소:서울특별시 성동구 연무장 15길 11, 에스팩토리 B동 2층\n받는이:꿀꿀선아\n여러분들이 보내주신 선물은 영상으로 만들 생각입니다☺ 원치 않으시는분들은 연락을 주시거나 써주세요!\n\nFan letter address\n\n2floor ,B dong,11, Yeonmujang 15-gil, Seongdong-gu, Seoul, Republic of Korea\nRecipient(受けるが): ggulggul suna\n\n영상에 나온 영상 보러가기\n\n1.11 오빠 귀청소해줄게\nhttps://www.youtube.com/watch?v=RffIuGDo-RU\n1.17 입소리\nhttps://www.youtube.com/watch?v=aV7OsgIbkWw\n2.26 젤리와 마시멜로우 이팅사운드\nhttps://www.youtube.com/watch?v=qT6NJ-1ePnI\n3.6 귀청소해드릴게요 손님\nhttps://www.youtube.com/watch?v=vCxztTOdslY\n3.18 면도해줄게~\nhttps://www.youtube.com/watch?v=htSvnqWSW1E\n3.23 콩닥콩닥 심장소리\nhttps://www.youtube.com/watch?v=ceRuAuiP6v4\n3.30 밥도둑 이팅사운드,\nhttps://www.youtube.com/watch?v=gckSBoggmfo\n4.11 메이크업해줄게\nhttps://www.youtube.com/watch?v=EjBfNRwFNhM&t=766s\n5.31 절구로 빻는소리,\nhttps://www.youtube.com/watch?v=TRADabGkKgA\n6.8 만족감이 느껴지는 키네틱샌드 자르기\nhttps://www.youtube.com/watch?v=GMiZejb-fa0\n6.22 숲속에서 들리는 자연의소리\nhttps://www.youtube.com/watch?v=J4l7BP0r5qU\n6.28 세계최초 미니피그 먹방\nhttps://www.youtube.com/watch?v=giujoOecHg0\n6.29 직접만든 수제 머랭쿠키\nhttps://www.youtube.com/watch?v=zvXjgyAuN3o\n6.30 잠이 쏟아지는 핸드 무브먼트와 손소리\nhttps://www.youtube.com/watch?v=mDh7UJ3KLFM\n7.6 이비인후과에서 귀청소해요\nhttps://www.youtube.com/watch?v=mUG2J1dz6HY\n7.9 직접만든 비어치킨\nhttps://www.youtube.com/watch?v=nCPixGRK3vI&t=3s\n7.14 귀마사지 5종세트\nhttps://www.youtube.com/watch?v=wlS0AipQ1Kk\n7.20 숨겨둔 쌍둥이와 입소리\nhttps://www.youtube.com/watch?v=bUO6-YCmcvI\n7.27 숲속의 솜털 귀청소샵\nhttps://www.youtube.com/watch?v=UoMRc6JxjO8\n7.29 시원한 소리가나는 용암만들기\nhttps://www.youtube.com/watch?v=B78twl6LyUo\n8.1 과일같은 초당 옥수수\nhttps://www.youtube.com/watch?v=nT9ZPZn0T4k\n8.5 소리가 정말좋은 드라이 아이스\nhttps://www.youtube.com/watch?v=A69p7NMdpgI\n8.18 저랑 함께 떠나요!후쿠오카 소리여행\nhttps://www.youtube.com/watch?v=qjRa5tS-V-c\n8.23 편집하다 잠든 거품 귀마사지\nhttps://www.youtube.com/watch?v=AlVTCccM2AU\n8.26 직접만든 규카츠\nhttps://www.youtube.com/watch?v=TqTPicxhvGw\n8.31 눈 밟는소리가 나는 전분으로 귀마사지\nhttps://www.youtube.com/watch?v=jzR7oV2W2Fc\n9.7 명랑핫도그\nhttps://www.youtube.com/watch?v=xgdEEYl0YyA&t=83s\n9.10 귀지많은친구 귀청소\nhttps://www.youtube.com/watch?v=u58ys6gdJok\n9.12 직접만든 맥앤치츠\nhttps://www.youtube.com/watch?v=iokZzRaxDbw\n9.18 비누조각\nhttps://www.youtube.com/watch?v=6SLsgEcm5No\n10.4 한복입고 조선시대 롤플레잉\nhttps://www.youtube.com/watch?v=WcXzaDH0qbs\n10.6 직접만든 11가지 액체괴물\nhttps://www.youtube.com/watch?v=KlAmec4IFlo\n10.14 직접만든 양념치킨\nhttps://www.youtube.com/watch?v=jhep14W-pqg&t=25s\n10.23 직접만든 코하쿠토\nhttps://www.youtube.com/watch?v=VE0zBjC324s\n11.8 숨겨둔 쌍둥이와 귀청소\nhttps://www.youtube.com/watch?v=R3AsD7frRmg\n11.18 직접만든 탕후루 \nhttps://www.youtube.com/watch?v=VvPJzjEjuBs&t=106s\n11.24 잠이오게 최면을거는 알수없는소리들\nhttps://www.youtube.com/watch?v=R5e8gf1im9s\n12.3 선아의 립스틱가게로 오세요!\nhttps://www.youtube.com/watch?v=dPZYzfdOXoo\n12.12 성장한 미니피그의 먹방,\nhttps://www.youtube.com/watch?v=iQFIiilD9D4\n12.19 침대에서 귀마사지해줄까?\nhttps://www.youtube.com/watch?v=6gb7a6DsHI0\n12.24 직접만든 김장김치\nhttps://www.youtube.com/watch?v=uxSXLTcJJM8&t=682s\n12.25 8가지 립스틱 뚜껑 여닫는소리\nhttps://www.youtube.com/watch?v=bL8HWMmaAos&t=33s\n12.28 또잉 또잉 물속에서 자는기분\nhttps://www.youtube.com/watch?v=2mwnQ5-xbmY&t=25s\n12.30 직접만든 소고기 탕수육\nhttps://www.youtube.com/watch?v=ZKgZBMLg1RU \n\n\n카카오 tv 채널:https://goo.gl/MgEqLt\n카카오톡 플러스친구:검색))꿀꿀선아\n선아의 일상과 미니피그 채널:https://goo.gl/kvZ6rl\n선아의 게임채널:https://goo.gl/1bIQgo\n아프리카TV: http://afreecatv.com/ggulsuna\nSUNA Facebook: https://www.facebook.com/kyoung.jeon.92\nSUNA Instargram: https://www.instagram.com/ggulggulsuna\nSUNA Twitch: https://www.twitch.tv/ggulsuna\nPayPal Support link :https://goo.gl/SWRfel",
        "thumbnail": "https://i.ytimg.com/vi/UHM5OYnm_XA/mqdefault.jpg",
        "youtubeVideoId": "UHM5OYnm_XA",
        "uploadedDate": "2018-01-01T13:41:10Z",
        "viewCount": 0,
        "isCommercial": "False"
    },
    {
        "id": "e1381672-9593-4240-9744-11764cde580f",
        "title": "잠이오게 최면을 거는 알수없는소리들[Inaudible ASMR]인어디블 위스퍼링,핸드무브먼트,입소리,불면증,수면유도,꿀꿀선아,suna asmr,whispering,Hypnosis",
        "description": "자세한 내용은 더보기를 봐주세요👇\n\n먼저 구독과 좋아요 댓글 한번씩 부탁드려요🐷\n\n안녕하세요 여러분 오늘은 인어디블위스퍼링을 가지고왔어요! 많이들 기다려두신건데 너무 늦어서 미안해요😢저는 약간의 입소리가나는 인어디블을 선호해서 그렇게 해봤어요! 총 세가지 소리를 레이어드해보았는데 뭔지 맞춰보세요!😋 오늘의 영상이 여러분께 편안한 밤을 가져다주었으면 좋겠어요! 오늘도 잘 자고 좋은 꿈 꾸고 좋은 하루되세요💕 수험생 분들 정말 고생많았어요😍😍\n\n💌\n선아의 공식 팬카페 가입하러가기!⬇️\nhttps://cafe.naver.com/ggulggulsuna\n💌\n주소:서울특별시 성동구 연무장 15길 11, 에스팩토리 B동 2층\n받는이:꿀꿀선아\n여러분들이 보내주신 선물은 영상으로 만들 생각입니다☺ 원치 않으시는분들은 연락을 주시거나 써주세요!\n\nFan letter address\n\n2floor ,B dong,11, Yeonmujang 15-gil, Seongdong-gu, Seoul, Republic of Korea\nRecipient(受けるが): ggulggul suna\n\n(추천영상)\n파우치 태핑소리\nhttps://www.youtube.com/watch?v=wEFChfMjNAU\n쾌감 쩌는 비누 부수기ASMR\nhttps://www.youtube.com/watch?v=42WqBdym7X8\n중독성 최고 물먹은 플로랄폼 ASMR\nhttps://www.youtube.com/watch?v=pJAHaKgSUVs\n자극적이지않은 10종류 탭핑\nhttps://www.youtube.com/watch?v=ZAVUxyqktpc\n\n\n아프리카 tv:랜덤 저녁 9:00~9:30 ~12:00\n트위치:랜덤 9:00~9:30 ~12:00\n카카오tv:화요일 저녁 10:00~12:00수요일 일요일 저녁 11:00~12:00\n유튜브:수요일 일요일 저녁 10:30~11:00부터 12:00\n스노우방송:매일 저녁 8시~8시30분 에서 9시~9:30분 (그외에 랜덤)\n\n영상 자막하러가기\n\n\n카카오 tv 채널:https://goo.gl/MgEqLt\n카카오톡 플러스친구:검색))꿀꿀선아\n선아의 일상과 미니피그 채널:https://goo.gl/kvZ6rl\n선아의 게임채널:https://goo.gl/1bIQgo\n아프리카TV: http://afreecatv.com/ggulsuna\nSUNA Facebook: https://www.facebook.com/kyoung.jeon.92\nSUNA Instargram: https://www.instagram.com/ninanyny_/\nSUNA Twitch: https://www.twitch.tv/ggulsuna\nPayPal Support link :https://goo.gl/SWRfel\n\n잠이오게 최면을 거는 알수없는소리들[Inaudible ASMR]인어디블 위스퍼링,핸드무브먼트,입소리,불면증,수면유도,꿀꿀선아,suna asmr,whispering,Hypnosis",
        "thumbnail": "https://i.ytimg.com/vi/R5e8gf1im9s/mqdefault.jpg",
        "youtubeVideoId": "R5e8gf1im9s",
        "uploadedDate": "2017-11-24T11:34:52Z",
        "viewCount": 0,
        "isCommercial": "False"
    },
    {
        "id": "7be98718-f13b-44b8-9db3-e026f201214d",
        "title": "귀에 파고드는 속삭이는 수다 ASMR(whispering Talking)[한국어 ASMR]위스퍼링,속삭임,잡담,속닥속닥,불면증,수면유도,꿀꿀선아,suna asmr,",
        "description": "자세한 내용은 더보기를 봐주세요👇\n\n먼저 구독과 좋아요 댓글 한번씩 부탁드려요🐷\n\n안녕하세요 여러분 선아입니다!\n오늘은 수다asmr을 가지고왔어요😄 여러분의 요청이 많았죠 오늘은 주제가 정해져있지않고 열심히 생각나는대로 말했는데 정신이 없을수도 있어요..😂 저번 수다 영상에 말하는 방식과 달리 해보았는데 어떤게 더 좋은가요? 의견 열심히 들어서 더더 발전하겠습니다!\n또 오늘 빼빼로데이 이벤트 당첨자발표가 있어요 마지막에 보면 나와있습니다! 당첨되신분들 개인카톡드릴테니 집주소 번호 이름 알려주시고 생각보다 인원을 많이 뽑았어요! 추리고 추렸는데도ㅠㅜ 정말 감사하게도 2000명이 넘는 인원이 이벤트를 참여해주셨어요😍 모두 다 읽어보았구요 덕분에 할 컨텐츠도 어마무시하답니다😂 정말 감사드려요 위로의 말씀 조언의 말씀 걱정의 말씀 모두모두 사랑하구요! 앞으로도 이런 이벤트 많이 할테니까 그때도 참여해주세요! \n마지막으로 수능이 미뤄졌는데 수험생분들 마지막까지 화이팅하시고 모두 잘되시길 바라는대로 되시길 진심으로 응원할게요😍\n포항의 지진피해주민분들도 정말 안타깝게생각하고있어요 다리가 부러지신 구독자분도 계신데 피해입으신 분들 얼른 회봇되시길 바랍니다 다치지마세요😢\n영상의 마지막에 당첨자를 발표해놨어요!\n(번역을 도와주시는분들은 선정없이 그냥 빼빼로 보내드리니참고하세요! )\n\n다른 여러분들도 감기조심하시고 모두 잘자고 좋은 꿈꾸고 좋은 하루 되세요!\n💌\n선아의 공식 팬카페 가입하러가기!⬇️\nhttps://cafe.naver.com/ggulggulsuna\n💌\n주소:서울특별시 성동구 연무장 15길 11, 에스팩토리 B동 2층\n받는이:꿀꿀선아\n여러분들이 보내주신 선물은 영상으로 만들 생각입니다☺ 원치 않으시는분들은 연락을 주시거나 써주세요!\n\nFan letter address\n\n2floor ,B dong,11, Yeonmujang 15-gil, Seongdong-gu, Seoul, Republic of Korea\nRecipient(受けるが): ggulggul suna\n\n아프리카 tv:랜덤 저녁 9:00~9:30 ~12:00\n트위치:랜덤 9:00~9:30 ~12:00\n카카오tv:화요일 저녁 10:00~12:00수요일 일요일 저녁 11:00~12:00\n유튜브:수요일 일요일 저녁 10:30~11:00부터 12:00\n스노우방송:매일 저녁 8시~8시30분 에서 9시~9:30분 (그외에 랜덤)\n\n추천영상\n다른 수다 영상\nhttps://www.youtube.com/watch?v=lvkFflhTCUo\n친구 스킨케어 해주기\nhttps://www.youtube.com/watch?v=MTy1XLfjH1c\n심장소리 듣기\nhttps://www.youtube.com/watch?v=ceRuAuiP6v4\n\n영상 자막하러가기\nhttp://www.youtube.com/timedtext_video?ref=share&v=Qalq2c4glTk\n\n카카오 tv 채널:https://goo.gl/MgEqLt\n카카오톡 플러스친구:검색))꿀꿀선아\n선아의 일상과 미니피그 채널:https://goo.gl/kvZ6rl\n선아의 게임채널:https://goo.gl/1bIQgo\n아프리카TV: http://afreecatv.com/ggulsuna\nSUNA Facebook: https://www.facebook.com/kyoung.jeon.92\nSUNA Instargram: https://www.instagram.com/ninanyny_/\nSUNA Twitch: https://www.twitch.tv/ggulsuna\nPayPal Support link :https://goo.gl/SWRfel\n\n귀에 속삭이는 수다 ASMR(whispering Talking)[한국어 ASMR]위스퍼링,속삭임,속닥속닥,불면증,수면유도,꿀꿀선아,suna asmr,",
        "thumbnail": "https://i.ytimg.com/vi/Qalq2c4glTk/mqdefault.jpg",
        "youtubeVideoId": "Qalq2c4glTk",
        "uploadedDate": "2017-11-16T12:01:12Z",
        "viewCount": 0,
        "isCommercial": "False"
    },
    {
        "id": "5158f298-3c4b-42ac-8ae3-90b4fec7c2cf",
        "title": "속닥속닥 첫 수다 ASMR 유튜버가 되기까지.. [한국어 ASMR]talking asmr,whispering,꿀꿀선아,suna asmr,日本語字幕",
        "description": "한글 자막 추가했어요!ㅎㅎ\n볼륨은 항상 적당히 조절해주세요^(최대볼륨은 추천하지않습니다)\n안녕하세요 ~!이번영상은 저의 첫 수다 asmr이에요~\n많은분들이 요청 해주셨지만,이제서야 하게되었네요 .\n수다 내용은 방송을 하기전부터 현재까지 두서없이\n이야기해봤어요 ㅎㅎ말주변이 없어서 그러니 이해해주세요 ㅠㅠ\n\n사서함 주소가 생겼어요!\n주소:서울시 강남구 삼성로 547 BK타워 4층 \n받는이:꿀꿀선아\n\n카카오 tv 채널:https://goo.gl/MgEqLt\n카카오톡 플러스친구:검색))꿀꿀선아\n선아의 일상과 미니피그 채널:https://goo.gl/kvZ6rl\n선아의 게임채널:https://goo.gl/1bIQgo\n아프리카TV: http://afreecatv.com/ggulsuna\nSUNA Facebook: https://www.facebook.com/kyoung.jeon.92\nSUNA Instargram: https://www.instagram.com/ninanyny_/\nSUNA Twitch: https://www.twitch.tv/ggulsuna\nPayPal Support link :https://goo.gl/SWRfel",
        "thumbnail": "https://i.ytimg.com/vi/lvkFflhTCUo/mqdefault.jpg",
        "youtubeVideoId": "lvkFflhTCUo",
        "uploadedDate": "2017-08-08T18:00:30Z",
        "viewCount": 0,
        "isCommercial": "False"
    },
    {
        "id": "f2d6fd18-4f3c-4565-b74f-2b93e3aa5243",
        "title": "숨겨둔 쌍둥이와 입소리(Twin Mouth sounds)[노토킹 ASMR]수면유도,꿀꿀선아,asmr suna,불면증,insomnia,",
        "description": "👇자세한 내용은 더보기를 봐주세요👇\n\n먼저 구독과 좋아요 댓글 한번씩 부탁드려요🐷\n\n안녕하세요!이번 영상을 3번이나 실패를 거듭하고 드디어 올리네요!\n아시겠지만 숨겨둔 쌍둥이가 아니라 둘다 저에요!\n그리고 치킨영상이 좋아요가 5000개가 넘었더라구요! 그래서 베스트 댓글 선정했어요! 치킨영상에 당첨자에게 댓글 남겼으니 확인해주세요~좋아요 5000개 이벤트는 쭈욱 진행할예정이니 좋아요 많이 부탁드려요 ~ \n\n(비슷한 직접만든 영상)\n립스틱 뚜껑 여닫는소리 \nhttps://www.youtube.com/watch?v=bL8HWMmaAos\nhttps://goo.gl/nCD6Pm 나무 탭핑하는 소리\nhttps://goo.gl/Dwm9jU 비누 조각하는 소리\nhttps://goo.gl/GRPZg2 잠이오는 귀청소 롤플~!\nhttps://goo.gl/vvfDWi 자극적이지 않은 탭핑\nhttps://goo.gl/1FUMig 귀마사지 5종세트\n\n\n💌\n주소:서울시 강남구 삼성로 547 BK타워 4층 트레져헌터\n받는이:꿀꿀선아\n여러분들이 보내주신 선물은 영상으로 만들 생각입니다☺ 원치 않으시는분들은 연락을 주시거나 써주세요!\n\n💕\n유튜브:수요일 일요일 저녁 10:30~11:00부터 12:00\n스노우방송:매일 저녁 8시~8시30분 에서 9시~9:30분 (그외에 랜덤)\n\n카카오 tv 채널:https://goo.gl/MgEqLt\n카카오톡 플러스친구:검색))꿀꿀선아\n선아의 일상과 미니피그 채널:https://goo.gl/kvZ6rl\n선아의 게임채널:https://goo.gl/1bIQgo\n아프리카TV: http://afreecatv.com/ggulsuna\nSUNA Facebook: https://www.facebook.com/kyoung.jeon.92\nSUNA Instargram: https://www.instagram.com/ninanyny_/\nSUNA Twitch: https://www.twitch.tv/ggulsuna\nPayPal Support Rink :https://goo.gl/SWRfel\n\n숨겨둔 쌍둥이와 입소리(Twin Mouth sounds)[노토킹 ASMR]수면유도,키스사운드,(kiss sound),꿀꿀선아,asmr suna,불면증,insimnia,",
        "thumbnail": "https://i.ytimg.com/vi/bUO6-YCmcvI/mqdefault.jpg",
        "youtubeVideoId": "bUO6-YCmcvI",
        "uploadedDate": "2017-07-20T14:01:11Z",
        "viewCount": 0,
        "isCommercial": "False"
    },
    {
        "id": "2affac25-794d-45cd-b7ec-9a1938144f10",
        "title": "콩닥콩닥(심장소리+입소리)동시 Asmr 100%리얼[한국어asmr]숨소리,노토킹[Eng Sub](sound of a heartbeat asmr,kiss sound)꿀꿀선아,",
        "description": "다른 잠오는 소리 들으러가기:https://goo.gl/sXFge1\n\n안녕하세요 이번에는 심장소리와 입소리를 동시에 해보았어요!\n다음영상은 무조건  조명을 바꿔야될것같아요 ,조금더 발전된 모습으로\n돌아올게요!그리고 저에게 하고싶은말이나 피드백 컨텐츠 추천을\n해주시고싶은분은 카카오특 플러스친구 \"꿀꿀선아\"추가해서 카톡보내주세요!거의 대부분 답장해드리고 있답니다! \n\n카카오톡 플러스친구:검색))꿀꿀선아\n선아의 일상과 미니피그 채널:https://goo.gl/kvZ6rl\n선아의 게임채널:https://goo.gl/1bIQgo\n아프리카TV: http://afreecatv.com/ggulsuna\nSUNA Facebook: https://www.facebook.com/kyoung.jeon.92\nSUNA Instargram: https://www.instagram.com/ninanyny_/\nSUNA Twitch: https://www.twitch.tv/ggulsuna\nPayPal Support Rink :https://goo.gl/SWRfel",
        "thumbnail": "https://i.ytimg.com/vi/9_maA8NU-ME/mqdefault.jpg",
        "youtubeVideoId": "9_maA8NU-ME",
        "uploadedDate": "2017-06-06T08:58:05Z",
        "viewCount": 0,
        "isCommercial": "False"
    },
    {
        "id": "5b4be6ad-7c26-49f1-8529-3ef7c4743833",
        "title": "♥입소리 3탄♥립제품소개와♥키스소리♥[한국어Asmr]호불호)립스틱바르기,日本字幕 [EngSub]Mouth sound,kiss sound,(apply lipstick)",
        "description": "화질은 1080으로 ! 다른영상을 보고싶다면?\nhttps://www.youtube.com/watch?v=ceRuAuiP6v4\n\n안녕하세요 ~이번에는 여러분들의 요청을 참고하여 새로운 마이크로 입소리 3탄을 찍어봤어요~21:20 부터는 노토킹이니 참고하세요!\n\n[계정바뀜] 아프리카TV: http://afreecatv.com/ggulsuna\nSUNA Facebook: https://www.facebook.com/kyoung.jeon.92\nSUNA Instargram: https://www.instagram.com/ninanyny_/\nSUNA Twitch: https://www.twitch.tv/ggulsuna\nPayPal Support Link https://goo.gl/SWRfel",
        "thumbnail": "https://i.ytimg.com/vi/66OR3LEE8bY/mqdefault.jpg",
        "youtubeVideoId": "66OR3LEE8bY",
        "uploadedDate": "2017-04-01T09:26:11Z",
        "viewCount": 0,
        "isCommercial": "False"
    },
    {
        "id": "1346cf8b-026d-415a-9795-7863249c1f0a",
        "title": "[노토킹 ASMR]입소리,(Mouth sound),키스사운드 (kiss sound)호불호 주의 NO TALKING,Mouth asmr",
        "description": "안녕하세요 !꿀꿀선아 입니다.이번에 올린영상은\n많은분들이 재요청을 하신 입소리입니다.이번에는 노토킹으로 진행하였으며 입안이나 혀가 보여서 불편하신 분들을위해 종이로 가리고 하는 부분을 추가했습니다.타임라인에 적어드릴테니 참고!\n(머랭쿠키 이팅사운드를 찍었는데 미흡하여 보류했습니다 ㅠㅠ조만간 머랭쿠키 다시 사와서 하겠습니다!)\n----------------------------------------공지사항-------------------------------------------------\n요즘 스트리밍을 한다고 동영상 업로드를 자주못올린것같습니다.그래서 쫌더 좋은 영상을 자주 올리기위해 이번주부터는 일주일에 한번 스트리밍을 하기로 결정했습니다 !금요일날 12:00쯤 할 예정입니다 ^^\n\n[계정바뀜] 아프리카TV: http://afreecatv.com/ggulsuna\nSUNA Facebook: https://www.facebook.com/kyoung.jeon.92\nSUNA Instargram: https://www.instagram.com/ninanyny_/\nSUNA Twitch: https://www.twitch.tv/ggulsuna\n\n[노토킹 ASMR]입소리(Mouth sound),키스사운드 (kiss sound)호불호 주의 NO TALKING",
        "thumbnail": "https://i.ytimg.com/vi/aV7OsgIbkWw/mqdefault.jpg",
        "youtubeVideoId": "aV7OsgIbkWw",
        "uploadedDate": "2017-01-17T23:41:24Z",
        "viewCount": 0,
        "isCommercial": "False"
    },
    {
        "id": "fb85fdfe-d242-4da2-b4bb-357edd168cb6",
        "title": "입소리(Mouth sound)립스틱바르기(apply lipstick) [한국어 ASMR] (mouth asmr,mouth to mouth)",
        "description": "안녕하세요!꿀꿀선아입니다.이번영상은 편집자분이 좀바쁘셔서\n조금 늦었네요 !앞으로 더 빠른 업로드하도록 노력할게요!\n이번영상은 저번에 예고했던 입소리 asmr 영상입니다. \n다음 영상은 예고편은 없지만 종이 찢는소리,구기는소리로 돌아오겠습니다.!\n아프리카 TV 꿀꿀선아 저녁 9시 본방 !\n\n[계정바뀜] 아프리카TV: http://afreecatv.com/ggulsuna\nSUNA Facebook: https://www.facebook.com/kyoung.jeon.92\nSUNA Instargram: https://www.instagram.com/ninanyny_/\nSUNA Twitch: https://www.twitch.tv/ggulsuna\n\n입소리(Mouth sound)립스틱바르기(apply lipstick)(mouth asmr,mouth to mouth)",
        "thumbnail": "https://i.ytimg.com/vi/SxazI0SGQTc/mqdefault.jpg",
        "youtubeVideoId": "SxazI0SGQTc",
        "uploadedDate": "2017-01-17T23:41:24Z",
        "viewCount": 0,
        "isCommercial": "False"
    }
]