[
    {
        "id": "c8b83f6f-dfc2-4c91-9988-df1afc7836f4",
        "title": "1만 구독 감사합니다!",
        "description": "1만 구독 감사합니다. 드디어 약속 지켰네요!\n꾸준함이 신뢰가되도록 더도말고 덜도말고 지금처럼만 !\nㅎㅎㅎ지켜봐주세요 ㅎㅎㅎ\n\n인스타그램- https://www.instagram.com/o4.18/\n페이스북- https://www.facebook.com/oo4.18\n아프리카tv- http://bj.afreecatv.com/smpk96\ndirected by @yungwaveplus",
        "thumbnail": "https://i.ytimg.com/vi/HonWwo2T53g/mqdefault.jpg",
        "youtubeVideoId": "HonWwo2T53g",
        "uploadedDate": "2019-10-24T15:52:08Z",
        "viewCount": 0,
        "isCommercial": "False"
    },
    {
        "id": "2c859572-262f-4bc6-963b-d88774a3ff6f",
        "title": "체육선생님?성형? / 구독5만QnA 감사합니다 !",
        "description": "구독 5만 감사합니다 더도말고 덜도말고 꾸준함이 신뢰가 되도록 열심히 하겠습니다! \n\n인스타그램- https://www.instagram.com/o4.18/\n페이스북- https://www.facebook.com/oo4.18\n아프리카tv- http://bj.afreecatv.com/smpk96",
        "thumbnail": "https://i.ytimg.com/vi/WMo-Lr6B_qc/mqdefault.jpg",
        "youtubeVideoId": "WMo-Lr6B_qc",
        "uploadedDate": "2019-11-11T05:23:04Z",
        "viewCount": 0,
        "isCommercial": "False"
    },
    {
        "id": "2d8c5455-1915-4e86-bd68-44509f1c1aeb",
        "title": "BTS(방탄소년단) - \"Butter\" 댄스커버 DANCE  COVER [20만공약]",
        "description": "▶CONTACT ME\nInstagram : https://www.instagram.com/o4.18/\nFacebook : https://www.facebook.com/oo4.18​​​​\nAfreecaTV :  http://bj.afreecatv.com/smpk96​​\n\n안녕하세요 박삐삐에요!\n20만 공약으로 방탄소년단의 'Butter'를 커버해봤습니다.\n부족한 실력이지만 예쁘게 봐주세요,,!\n이 영상을 시작으로 댄스 커버를 한 번씩 올려보려고 합니다!\n보고 싶은 춤이 있으시다면 편하게 댓글로 추천 부탁드립니다\n20만 감사합니다! 2주년도 감사합니다!\n앞으로도 지금처럼 꾸준히 하는 박삐삐 되겠습니다 삐랑해여!",
        "thumbnail": "https://i.ytimg.com/vi/SDmCrZ4mMn0/mqdefault.jpg",
        "youtubeVideoId": "SDmCrZ4mMn0",
        "uploadedDate": "2021-08-23T04:53:06Z",
        "viewCount": 5784,
        "isCommercial": "False"
    }
]