[
    {
        "id": "46cc2379-3ef0-4494-9d9c-0efc56ce1971",
        "title": "ENG) 방학이면 나쁜 점 The bad thing about vacation [채채TV]",
        "description": "대학생 방학때 채채는 주로 알바를 했던 것 같습니다. 여러분은 방학을 어떻게 보내고 계신가요?\n\n▶ 구독 youtube : https://www.youtube.com/chaechaetv\n▶ 팔로우 facebook : https://www.facebook.com/dolheesun\n▶ 팔로우 instagram : https://www.instagram.com/chaechaetv/\n▶ 문의 e-mail : chaechaetv@naver.com",
        "thumbnail": "https://i.ytimg.com/vi/O26gWkdXEvw/mqdefault.jpg",
        "youtubeVideoId": "O26gWkdXEvw",
        "uploadedDate": "2018-01-08T15:32:09Z",
        "viewCount": 0,
        "isCommercial": "False"
    },
    {
        "id": "eb836663-aded-4cca-960f-acb317576dea",
        "title": "여신이면 나쁜 점 with.선바 [채채TV]",
        "description": "이번 컨텐츠 매우 진지하게 기획했습니다.\n\n▶ 구독 youtube : https://www.youtube.com/chaechaetv\n▶ 팔로우 facebook : https://www.facebook.com/dolheesun\n▶ 팔로우 instagram : https://www.instagram.com/chaechaetv\n▶ 문의 e-mail : chaechaetv@naver.com",
        "thumbnail": "https://i.ytimg.com/vi/wAOcL7a7wUQ/mqdefault.jpg",
        "youtubeVideoId": "wAOcL7a7wUQ",
        "uploadedDate": "2018-04-03T15:30:26Z",
        "viewCount": 0,
        "isCommercial": "False"
    },
    {
        "id": "20f18c25-4d0f-480a-8ff9-83eba28ecf28",
        "title": "귀신 보이면 좋은 점 [채채TV]",
        "description": "마지막 장면에...저 혼자만 촬영한줄 알았느ㄴ데...ㄷㄷ...\n\n▶ 구독 youtube : https://www.youtube.com/chaechaetv\n▶ 팔로우 facebook : https://www.facebook.com/dolheesun\n▶ 팔로우 instagram : https://www.instagram.com/chaechaetv\n▶ 문의 e-mail : chaechaetv@naver.com",
        "thumbnail": "https://i.ytimg.com/vi/UUMTrtTwG_c/mqdefault.jpg",
        "youtubeVideoId": "UUMTrtTwG_c",
        "uploadedDate": "2018-06-26T05:49:52Z",
        "viewCount": 0,
        "isCommercial": "False"
    },
    {
        "id": "0663d3ef-2688-496a-9765-919cea880a2b",
        "title": "날씬하면 나쁜 점 [채채TV]",
        "description": "채채의 키와 몸무게는 162cm 42kg (18년 4월 기준)\n\n▶ 구독 youtube : https://www.youtube.com/chaechaetv\n▶ 팔로우 facebook : https://www.facebook.com/dolheesun\n▶ 팔로우 instagram : https://www.instagram.com/chaechaetv\n▶ 문의 e-mail : chaechaetv@naver.com\n\nAudionautix의 Jumpin Boogie Woogie은(는) Creative Commons Attribution 라이선스(https://creativecommons.org/licenses/by/4.0/)에 따라 라이선스가 부여됩니다. \n아티스트: http://audionautix.com/",
        "thumbnail": "https://i.ytimg.com/vi/RhPQu8_TkYM/mqdefault.jpg",
        "youtubeVideoId": "RhPQu8_TkYM",
        "uploadedDate": "2018-05-01T05:32:54Z",
        "viewCount": 0,
        "isCommercial": "False"
    },
    {
        "id": "25ee2591-9f0b-4ce6-a6ec-0100cc761140",
        "title": "집 좁으면 좋은 점 [채채TV]",
        "description": "서울시 면적 육백제곱킬로미터..\n나의 집은 십육 제곱미터..! ^.^ 그래도 즐거운 나의집~긍정~\n\n이 영상은 마타주(짐 보관 서비스)와 함께 했습니다.\n▶ 마타주 서비스 보러가기 : https://goo.gl/zdnEiu\n\n▶ 구독 youtube : https://www.youtube.com/chaechaetv\n▶ 팔로우 facebook : https://www.facebook.com/dolheesun\n▶ 팔로우 instagram : https://www.instagram.com/chaechaetv\n▶ 문의 e-mail : chaechaetv@naver.com\nMusic: http://www.bensound.com",
        "thumbnail": "https://i.ytimg.com/vi/UTkTtFr0wMs/mqdefault.jpg",
        "youtubeVideoId": "UTkTtFr0wMs",
        "uploadedDate": "2018-03-26T07:39:40Z",
        "viewCount": 845477,
        "isCommercial": "False"
    },
    {
        "id": "74fd9a60-878e-4829-8de3-c02e8f0a53bf",
        "title": "ENG) 요리 못하면 좋은 점 The good thing about not good at cooking [채채TV]",
        "description": "채채는 요리를 하지 않고, 편의점 음식을 즐겨먹는다고 합니다~\n\n▶ 구독 youtube : https://www.youtube.com/chaechaetv\n▶ 팔로우 facebook : https://www.facebook.com/dolheesun\n▶ 팔로우 instagram : https://www.instagram.com/chaechaetv/\n▶ 문의 e-mail : chaechaetv@naver.com",
        "thumbnail": "https://i.ytimg.com/vi/Yrt_Ck3jT_o/mqdefault.jpg",
        "youtubeVideoId": "Yrt_Ck3jT_o",
        "uploadedDate": "2017-12-19T03:12:24Z",
        "viewCount": 0,
        "isCommercial": "False"
    },
    {
        "id": "7c3bdde9-d9e3-4f51-af4d-4b03d8d3bbdd",
        "title": "공부 못하면 좋은 점 [채채TV]",
        "description": "공부는 인생의 전부가 아닌 일부입니다. 하지만 그 일부로 인생의 전부를 바꾸는 사람도 있더라구요..(먼산)\n\n▶ 구독 youtube : https://www.youtube.com/chaechaetv\n▶ 팔로우 facebook : https://www.facebook.com/dolheesun\n▶ 팔로우 instagram : https://www.instagram.com/chaechaetv/\n▶ 문의 e-mail : chaechaetv@naver.com\nMusic: http://www.bensound.com",
        "thumbnail": "https://i.ytimg.com/vi/te0jykJQyNs/mqdefault.jpg",
        "youtubeVideoId": "te0jykJQyNs",
        "uploadedDate": "2018-02-19T11:19:50Z",
        "viewCount": 0,
        "isCommercial": "False"
    },
    {
        "id": "018a16b2-e998-4447-88d7-5c36baa4bcec",
        "title": "ENG) 가슴 작으면 좋은점 The good thing about a small breast [채채TV]",
        "description": "채.고.점. = 채희선이 고른 점..들 이라는 새로운 재생목록입니다.\n잘 부탁드리고요. 이번 영상에서 변태들은 꺼져주세요~하트~\n\n▶ 구독 youtube : https://www.youtube.com/chaechaetv\n▶ 팔로우 facebook : https://www.facebook.com/dolheesun\n▶ 팔로우 instagram : https://www.instagram.com/chaechaetv/\n▶ 문의 e-mail : chaechaetv@naver.com\nMusic: http://www.bensound.com",
        "thumbnail": "https://i.ytimg.com/vi/txq0Ug7B1NI/mqdefault.jpg",
        "youtubeVideoId": "txq0Ug7B1NI",
        "uploadedDate": "2017-11-07T06:35:55Z",
        "viewCount": 0,
        "isCommercial": "False"
    },
    {
        "id": "d10133a6-c73a-4df5-9d9e-60d78165b670",
        "title": "유튜버면 나쁜 점 [채채TV]",
        "description": "이 영상은 최소 유튜버 채희선 브이로그.\n\n▶ 구독 youtube : https://www.youtube.com/chaechaetv\n▶ 팔로우 facebook : https://www.facebook.com/dolheesun\n▶ 팔로우 instagram : https://www.instagram.com/chaechaetv\n▶ 문의 e-mail : chaechaetv@naver.com",
        "thumbnail": "https://i.ytimg.com/vi/mk2RwgTmAPg/mqdefault.jpg",
        "youtubeVideoId": "mk2RwgTmAPg",
        "uploadedDate": "2018-05-08T06:30:18Z",
        "viewCount": 0,
        "isCommercial": "False"
    },
    {
        "id": "0097468a-e005-4759-96b4-15f73f4cd980",
        "title": "ENG) 키 작으면 좋은 점 The good thing about being short [채채TV]",
        "description": "여러분들이 궁금해할 채채의 키는 반올림해서 160cm ^^\n\n▶ 구독 youtube : https://www.youtube.com/chaechaetv\n▶ 팔로우 facebook : https://www.facebook.com/dolheesun\n▶ 팔로우 instagram : https://www.instagram.com/chaechaetv/\n▶ 문의 e-mail : chaechaetv@naver.com\nMusic: http://www.bensound.com",
        "thumbnail": "https://i.ytimg.com/vi/-AgLcA1jNC4/mqdefault.jpg",
        "youtubeVideoId": "-AgLcA1jNC4",
        "uploadedDate": "2017-12-12T04:27:20Z",
        "viewCount": 0,
        "isCommercial": "False"
    },
    {
        "id": "8420580e-73fa-408a-91c1-5f05fdb8a8f5",
        "title": "Private video",
        "description": "This video is private.",
        "thumbnail": null,
        "youtubeVideoId": "SKA-PCryPP8",
        "uploadedDate": "2018-02-12T12:42:43Z",
        "viewCount": 0,
        "isCommercial": "False"
    },
    {
        "id": "85f87885-cf4e-4612-82b6-b6ebfc1e82e6",
        "title": "ENG) 로또 당첨 되면 나쁜 점 the bad thing about winning the lottery [채채TV]",
        "description": "2018년 새해 모두 대박나세요. -로또 1등 지망생 채채 올림\n\n▶ 구독 youtube : https://www.youtube.com/chaechaetv\n▶ 팔로우 facebook : https://www.facebook.com/dolheesun\n▶ 팔로우 instagram : https://www.instagram.com/chaechaetv/\n▶ 문의 e-mail : chaechaetv@naver.com\nMusic: http://www.bensound.com",
        "thumbnail": "https://i.ytimg.com/vi/S2iYOFBlW-I/mqdefault.jpg",
        "youtubeVideoId": "S2iYOFBlW-I",
        "uploadedDate": "2018-01-01T13:00:22Z",
        "viewCount": 0,
        "isCommercial": "False"
    },
    {
        "id": "368d8340-57b9-4ccf-8246-67b6a3c2f659",
        "title": "강아지 안 키우면 좋은 점 ※귀여움 주의※ [채채TV]",
        "description": "나만 강아지 없어 ㅠㅠ\n\n▶ 구독 youtube : https://www.youtube.com/chaechaetv\n▶ 팔로우 instagram : https://www.instagram.com/chaechaetv\n▶ 문의 e-mail : chaechaetv@naver.com",
        "thumbnail": "https://i.ytimg.com/vi/_Ux3E1Kj5pk/mqdefault.jpg",
        "youtubeVideoId": "_Ux3E1Kj5pk",
        "uploadedDate": "2018-04-17T08:07:06Z",
        "viewCount": 0,
        "isCommercial": "False"
    },
    {
        "id": "16744e41-db7c-4353-b5d8-cf7c34585504",
        "title": "초딩이면 나쁜 점 [채채TV]",
        "description": "언니오빠들, 초딩말고 초등학생이라고 불러달라구요!(=채채 경험담)\n\n▶ 구독 youtube : https://www.youtube.com/chaechaetv\n▶ 팔로우 facebook : https://www.facebook.com/dolheesun\n▶ 팔로우 instagram : https://www.instagram.com/chaechaetv\n▶ 문의 e-mail : chaechaetv@naver.com",
        "thumbnail": "https://i.ytimg.com/vi/Gec5DE_y_Vg/mqdefault.jpg",
        "youtubeVideoId": "Gec5DE_y_Vg",
        "uploadedDate": "2018-08-21T04:35:13Z",
        "viewCount": 613646,
        "isCommercial": "False"
    },
    {
        "id": "28a7cc4f-5e8f-4316-b679-0071ecd897c1",
        "title": "명절이면 좋은 점 [채채TV]",
        "description": "모두 화목하고 따뜻한 명절 보내세요! ^.^\n\n▶ 구독 youtube : https://www.youtube.com/chaechaetv\n▶ 팔로우 facebook : https://www.facebook.com/dolheesun\n▶ 팔로우 instagram : https://www.instagram.com/chaechaetv\n▶ 문의 e-mail : chaechaetv@naver.com",
        "thumbnail": "https://i.ytimg.com/vi/iJzZSliqxt0/mqdefault.jpg",
        "youtubeVideoId": "iJzZSliqxt0",
        "uploadedDate": "2018-09-25T06:08:25Z",
        "viewCount": 71188,
        "isCommercial": "False"
    },
    {
        "id": "98e0ebc4-60df-4c4c-9cae-e5b57d37ca8e",
        "title": "패션테러리스트면 좋은 점 with.선바 [채채TV]",
        "description": "저는 패완얼이라 모든 옷을 다 소화했네요 ^.^;;\n\n▶ 구독 youtube : https://www.youtube.com/chaechaetv\n▶ 팔로우 facebook : https://www.facebook.com/dolheesun\n▶ 팔로우 instagram : https://www.instagram.com/chaechaetv\n▶ 문의 e-mail : chaechaetv@naver.com",
        "thumbnail": "https://i.ytimg.com/vi/dM6bXNUiH_A/mqdefault.jpg",
        "youtubeVideoId": "dM6bXNUiH_A",
        "uploadedDate": "2018-04-24T01:35:55Z",
        "viewCount": 0,
        "isCommercial": "False"
    },
    {
        "id": "9b822ede-6bb0-44a9-92f4-2c3d824422ae",
        "title": "친구 많으면 나쁜 점 with.대처법 [채채TV]",
        "description": "우리 사이 좋게 지내장!\n\n▶ 구독 youtube : https://www.youtube.com/chaechaetv\n▶ 팔로우 facebook : https://www.facebook.com/dolheesun\n▶ 팔로우 instagram : https://www.instagram.com/chaechaetv\n▶ 문의 e-mail : chaechaetv@naver.com",
        "thumbnail": "https://i.ytimg.com/vi/7aqAs3yLSvE/mqdefault.jpg",
        "youtubeVideoId": "7aqAs3yLSvE",
        "uploadedDate": "2018-10-30T04:03:03Z",
        "viewCount": 343365,
        "isCommercial": "False"
    },
    {
        "id": "526a04cb-fa99-452e-a81b-2a5fa05bd1a4",
        "title": "ENG) 길치면 좋은점 The good thing about wandering around way [채채TV]",
        "description": "채고점: 채희선이 고른 점들, 입니다. 긍정적으로 삽시다. 꺄핳. \n51초 부분 2017년 9월 3일 이후로 만보 걸은적 없는게 함정 ㅋㅋㅋㅋㅋㅋㅋㅋㅋㅋㅋㅋㅋㅋㅋㅋㅋㅋㅋㅋㅋㅋㅋㅋㅋㅋㅋㅋㅋㅋㅋㅋㅋㅋㅋㅋㅋㅋㅋㅋㅋㅋㅋㅋㅋㅋㅋㅋㅋㅋㅋㅋㅋㅋㅋㅋㅋㅋㅋㅋ\n\n▶ 구독 youtube : https://www.youtube.com/chaechaetv\n▶ 팔로우 facebook : https://www.facebook.com/dolheesun\n▶ 팔로우 instagram : https://www.instagram.com/chaechaetv/\n▶ 문의 e-mail : chaechaetv@naver.com",
        "thumbnail": "https://i.ytimg.com/vi/-e9FWj-GtxQ/mqdefault.jpg",
        "youtubeVideoId": "-e9FWj-GtxQ",
        "uploadedDate": "2017-11-12T11:03:35Z",
        "viewCount": 0,
        "isCommercial": "False"
    },
    {
        "id": "6957462c-092d-403b-bc80-5840bd10d251",
        "title": "ENG) 털 많으면 좋은 점 The good thing about a lot of hair  [채채TV]",
        "description": "이 영상의 주인공인 채희선은 어렸을 적에 족집게로 털을 하도 뽑아서 털이 별로 없는 편입니다. 성격만 털털.\n\n▶ 구독 youtube : https://www.youtube.com/chaechaetv\n▶ 팔로우 facebook : https://www.facebook.com/dolheesun\n▶ 팔로우 instagram : https://www.instagram.com/chaechaetv/\n▶ 문의 e-mail : chaechaetv@naver.com\nMusic: http://www.bensound.com",
        "thumbnail": "https://i.ytimg.com/vi/72y9eimFhQM/mqdefault.jpg",
        "youtubeVideoId": "72y9eimFhQM",
        "uploadedDate": "2017-11-20T12:14:27Z",
        "viewCount": 0,
        "isCommercial": "False"
    },
    {
        "id": "0eb06a7c-c4ce-4c4f-a266-4e821090f177",
        "title": "ENG) 솔로면 좋은 점 The good thing about single [채채TV]",
        "description": "2018년 1월 이별했습니다. 솔로분들, 다시 저와 대동단결 합시다. \n\n▶ 구독 youtube : https://www.youtube.com/chaechaetv\n▶ 팔로우 facebook : https://www.facebook.com/dolheesun\n▶ 팔로우 instagram : https://www.instagram.com/chaechaetv/\n▶ 문의 e-mail : chaechaetv@naver.com\nMusic: http://www.bensound.com",
        "thumbnail": "https://i.ytimg.com/vi/HOOVlaBXURI/mqdefault.jpg",
        "youtubeVideoId": "HOOVlaBXURI",
        "uploadedDate": "2017-12-04T08:40:02Z",
        "viewCount": 0,
        "isCommercial": "False"
    },
    {
        "id": "31bc6c11-be7f-4f8c-9d68-5d7c9cf3d35d",
        "title": "ENG) 술 못 마시면 좋은 점 with.시니,팻두,혜서니 The good thing about can’t drink alcohol. [채채TV]",
        "description": "술을 못 마시는 것 보다 안 마시는 것 혹은 적당히 마시는 것이 좋겠죠?! 적당한 음주로 즐거운 연말연시 보내세요~\n\n▶ 도움 준 친구들\n시니: https://www.youtube.com/channel/UCTXuCSZxMDaneK7t6DVs21g\n팻두: https://www.youtube.com/user/FATDOOSTORY\n혜서니: https://www.youtube.com/user/Mr19940711\n\n▶ 구독 youtube : https://www.youtube.com/chaechaetv\n▶ 팔로우 facebook : https://www.facebook.com/dolheesun\n▶ 팔로우 instagram : https://www.instagram.com/chaechaetv/\n▶ 문의 e-mail : chaechaetv@naver.com",
        "thumbnail": "https://i.ytimg.com/vi/nZlagrU5uGw/mqdefault.jpg",
        "youtubeVideoId": "nZlagrU5uGw",
        "uploadedDate": "2017-12-24T10:56:54Z",
        "viewCount": 0,
        "isCommercial": "False"
    },
    {
        "id": "58d60891-217c-4f94-893c-33dc8f12a43d",
        "title": "ENG) 잠 많으면 좋은 점 [채채TV] The good thind of being a lot of sleep",
        "description": "채희선은 하루에 4-2-2 분할 수면을 하는 날도 있고, 하루에 10시간을 수면하는 날도 있습니다. 그래서 조울증이 심한가봐요. 으아아아ㅏ!!!!!\n\n▶ 구독 youtube : https://www.youtube.com/chaechaetv\n▶ 팔로우 facebook : https://www.facebook.com/dolheesun\n▶ 팔로우 instagram : https://www.instagram.com/chaechaetv/\n▶ 문의 e-mail : chaechaetv@naver.com",
        "thumbnail": "https://i.ytimg.com/vi/hfSK-ponE0M/mqdefault.jpg",
        "youtubeVideoId": "hfSK-ponE0M",
        "uploadedDate": "2018-01-14T04:55:30Z",
        "viewCount": 0,
        "isCommercial": "False"
    },
    {
        "id": "566fed89-11fb-46fb-b8bc-956d3831b4d9",
        "title": "똥 잘(많이) 싸면 나쁜 점 [채채TV]",
        "description": "채희선은 평소에 똥을 정말 잘! 많이! 싸서 고민입니다. 왜냐면 늘 배가 허하고...기력이 없거든요. 여러분은 어떠신가요?\n+ 촬영 도움 준 SBS 한밤의 TV연예 리포터 유재필! 친구 떙큐!\n\n▶ 구독 youtube : https://www.youtube.com/chaechaetv\n▶ 팔로우 facebook : https://www.facebook.com/dolheesun\n▶ 팔로우 instagram : https://www.instagram.com/chaechaetv/\n▶ 문의 e-mail : chaechaetv@naver.com",
        "thumbnail": "https://i.ytimg.com/vi/4VtS0QLjE2Y/mqdefault.jpg",
        "youtubeVideoId": "4VtS0QLjE2Y",
        "uploadedDate": "2018-01-26T05:02:00Z",
        "viewCount": 0,
        "isCommercial": "False"
    },
    {
        "id": "7e5706ef-02d9-4f7c-bb67-3f41fbb93e15",
        "title": "안경 쓰면 좋은 점 [채채TV]",
        "description": "또 다른 좋은 점! 누군가 나의 눈을 공격 했을때 막을수있당!!\n\n▶ 구독 youtube : https://www.youtube.com/chaechaetv\n▶ 팔로우 facebook : https://www.facebook.com/dolheesun\n▶ 팔로우 instagram : https://www.instagram.com/chaechaetv/\n▶ 문의 e-mail : chaechaetv@naver.com\nMusic: http://www.bensound.com",
        "thumbnail": "https://i.ytimg.com/vi/e7inCyjSpBo/mqdefault.jpg",
        "youtubeVideoId": "e7inCyjSpBo",
        "uploadedDate": "2018-02-05T06:39:38Z",
        "viewCount": 0,
        "isCommercial": "False"
    },
    {
        "id": "02651aba-d6a3-4c63-a1be-0f95e49771b5",
        "title": "반복재생을 부르는 채고점 NG모음집",
        "description": "NG의 좋은 점: 또 다른 영상이 생긴다.\n\n▶ 구독 youtube : https://www.youtube.com/chaechaetv\n▶ 팔로우 facebook : https://www.facebook.com/dolheesun\n▶ 팔로우 instagram : https://www.instagram.com/chaechaetv/\n▶ 문의 e-mail : chaechaetv@naver.com",
        "thumbnail": "https://i.ytimg.com/vi/aH4Ect8JI70/mqdefault.jpg",
        "youtubeVideoId": "aH4Ect8JI70",
        "uploadedDate": "2018-02-25T08:50:10Z",
        "viewCount": 0,
        "isCommercial": "False"
    },
    {
        "id": "e841113f-b150-4919-b334-d85c49720ef5",
        "title": "낯 가리면 좋은 점 [채채TV]",
        "description": "/ㅂ/ 부끄렁..\n\n▶ 구독 youtube : https://www.youtube.com/chaechaetv\n▶ 팔로우 facebook : https://www.facebook.com/dolheesun\n▶ 팔로우 instagram : https://www.instagram.com/chaechaetv/\n▶ 문의 e-mail : chaechaetv@naver.com",
        "thumbnail": "https://i.ytimg.com/vi/mYiBNq-Lut4/mqdefault.jpg",
        "youtubeVideoId": "mYiBNq-Lut4",
        "uploadedDate": "2018-03-05T13:22:06Z",
        "viewCount": 0,
        "isCommercial": "False"
    },
    {
        "id": "ebf8a6ce-0f52-4429-9c96-a55bd7e8ec28",
        "title": "기억력 나쁘면 좋은 점 [채채TV]",
        "description": "채고점 연출 의도처럼 긍정적인 마음만은 기억합시다.\n\n▶ 구독 youtube : https://www.youtube.com/chaechaetv\n▶ 팔로우 facebook : https://www.facebook.com/dolheesun\n▶ 팔로우 instagram : https://www.instagram.com/chaechaetv/\n▶ 문의 e-mail : chaechaetv@naver.com\nMusic: http://www.bensound.com",
        "thumbnail": "https://i.ytimg.com/vi/AyX_br6RlVE/mqdefault.jpg",
        "youtubeVideoId": "AyX_br6RlVE",
        "uploadedDate": "2018-03-12T06:08:28Z",
        "viewCount": 0,
        "isCommercial": "False"
    },
    {
        "id": "5e6c857a-d0bb-4bf5-bb28-c93ae09684f2",
        "title": "머리숱 많으면 나쁜 점 with.기우쌤 [채채TV]",
        "description": "알고보면 세상 친절한 기우쌤 연기+협찬 감사합니다!\n\n▶ 기우쌤 youtube : https://www.youtube.com/channel/UCIZ5rCTYJ0s16FgT7OetVEQ\n▶ 채채 구독 youtube : https://www.youtube.com/chaechaetv\n▶ 팔로우 instagram : https://www.instagram.com/chaechaetv\n▶ 문의 e-mail : chaechaetv@naver.com",
        "thumbnail": "https://i.ytimg.com/vi/3yfbNkVu730/mqdefault.jpg",
        "youtubeVideoId": "3yfbNkVu730",
        "uploadedDate": "2018-03-20T07:01:04Z",
        "viewCount": 0,
        "isCommercial": "False"
    },
    {
        "id": "9bd00b25-c11f-4a43-a30f-5424a48933e7",
        "title": "눈물 많으면 좋은 점 [채채TV]",
        "description": "감성쓰레기 손들어!!!!!!!!!\n\n▶ 구독 youtube : https://www.youtube.com/chaechaetv\n▶ 팔로우 facebook : https://www.facebook.com/dolheesun\n▶ 팔로우 instagram : https://www.instagram.com/chaechaetv\n▶ 문의 e-mail : chaechaetv@naver.com\nMusic: http://www.bensound.com",
        "thumbnail": "https://i.ytimg.com/vi/1jUkSpJCWJs/mqdefault.jpg",
        "youtubeVideoId": "1jUkSpJCWJs",
        "uploadedDate": "2018-04-10T02:30:06Z",
        "viewCount": 0,
        "isCommercial": "False"
    },
    {
        "id": "b8232653-aa8a-47a2-b33d-44966e766267",
        "title": "노래 못하면 좋은 점 [채채TV]",
        "description": "들어주느라 고생하셨습니다.\n\n▶ 구독 youtube : https://www.youtube.com/chaechaetv\n▶ 팔로우 facebook : https://www.facebook.com/dolheesun\n▶ 팔로우 instagram : https://www.instagram.com/chaechaetv\n▶ 문의 e-mail : chaechaetv@naver.com",
        "thumbnail": "https://i.ytimg.com/vi/YSRJqUpwikQ/mqdefault.jpg",
        "youtubeVideoId": "YSRJqUpwikQ",
        "uploadedDate": "2018-05-14T14:02:54Z",
        "viewCount": 0,
        "isCommercial": "False"
    },
    {
        "id": "2bf35111-a085-45c4-8b02-59b721189789",
        "title": "공휴일이면 나쁜 점 [채채TV]",
        "description": "공휴일..약속 하나 없이 방콕중인 채채였습니다.\n\n▶ 구독 youtube : https://www.youtube.com/chaechaetv\n▶ 팔로우 facebook : https://www.facebook.com/dolheesun\n▶ 팔로우 instagram : https://www.instagram.com/chaechaetv\n▶ 문의 e-mail : chaechaetv@naver.com",
        "thumbnail": "https://i.ytimg.com/vi/FExakKx3VTM/mqdefault.jpg",
        "youtubeVideoId": "FExakKx3VTM",
        "uploadedDate": "2018-05-22T06:09:13Z",
        "viewCount": 0,
        "isCommercial": "False"
    },
    {
        "id": "3118daa4-1f20-40c5-84cb-829e1d4c03ea",
        "title": "용돈 적으면 좋은 점 [채채TV]",
        "description": "27살 채채의 한달 셀프 용돈은 얼마일까요?\n\n▶ 구독 youtube : https://www.youtube.com/chaechaetv\n▶ 팔로우 facebook : https://www.facebook.com/dolheesun\n▶ 팔로우 instagram : https://www.instagram.com/chaechaetv\n▶ 문의 e-mail : chaechaetv@naver.com\n\n\nAudionautix의 Jumpin Boogie Woogie은(는) Creative Commons Attribution 라이선스(https://creativecommons.org/licenses/by/4.0/)에 따라 라이선스가 부여됩니다. \n아티스트: http://audionautix.com/",
        "thumbnail": "https://i.ytimg.com/vi/s1p8TbU-uKU/mqdefault.jpg",
        "youtubeVideoId": "s1p8TbU-uKU",
        "uploadedDate": "2018-05-25T17:31:51Z",
        "viewCount": 0,
        "isCommercial": "False"
    },
    {
        "id": "043a3f8d-9ddc-48a0-b271-2771e692a1c7",
        "title": "혀 길면 나쁜 점 (feat.첫키스) [채채TV]",
        "description": "^ㅜ^ 저의 첫 키스를 떠올려보았습니다..\n\n▶ 구독 youtube : https://www.youtube.com/chaechaetv\n▶ 팔로우 facebook : https://www.facebook.com/dolheesun\n▶ 팔로우 instagram : https://www.instagram.com/chaechaetv\n▶ 문의 e-mail : chaechaetv@naver.com",
        "thumbnail": "https://i.ytimg.com/vi/nB96EZIEbow/mqdefault.jpg",
        "youtubeVideoId": "nB96EZIEbow",
        "uploadedDate": "2018-06-05T04:49:10Z",
        "viewCount": 0,
        "isCommercial": "False"
    },
    {
        "id": "e930dc29-427d-498a-bb07-e4ae39a23574",
        "title": "냄새 나면 좋은 점 (=체취) [채채TV]",
        "description": "헤헤...여러분은 제 체취도 사랑해주실거죠?\n\n\n▶ 구독 youtube : https://www.youtube.com/chaechaetv\n▶ 팔로우 facebook : https://www.facebook.com/dolheesun\n▶ 팔로우 instagram : https://www.instagram.com/chaechaetv\n▶ 문의 e-mail : chaechaetv@naver.com",
        "thumbnail": "https://i.ytimg.com/vi/jU4_oEXT_Mw/mqdefault.jpg",
        "youtubeVideoId": "jU4_oEXT_Mw",
        "uploadedDate": "2018-06-12T04:09:25Z",
        "viewCount": 0,
        "isCommercial": "False"
    },
    {
        "id": "1a8ea358-0d8a-42be-b1d6-4a21b8da6827",
        "title": "외동이면 좋은 점 [채채TV]",
        "description": "외동이면 나쁜 점 : 외롭다. \n\n▶ 구독 youtube : https://www.youtube.com/chaechaetv\n▶ 팔로우 facebook : https://www.facebook.com/dolheesun\n▶ 팔로우 instagram : https://www.instagram.com/chaechaetv\n▶ 문의 e-mail : chaechaetv@naver.com",
        "thumbnail": "https://i.ytimg.com/vi/49qLlWcAL-I/mqdefault.jpg",
        "youtubeVideoId": "49qLlWcAL-I",
        "uploadedDate": "2018-06-19T00:37:25Z",
        "viewCount": 0,
        "isCommercial": "False"
    },
    {
        "id": "2ed3741c-b9b8-43e7-a17a-104f35146ad1",
        "title": "SNS하면 나쁜 점 [채채TV]",
        "description": "정확히 말하자면 SNS중독되면 나쁜 점이죠. 뭐든 적당히! \n\n▶ 구독 youtube : https://www.youtube.com/chaechaetv\n▶ 팔로우 facebook : https://www.facebook.com/dolheesun\n▶ 팔로우 instagram : https://www.instagram.com/chaechaetv\n▶ 문의 e-mail : chaechaetv@naver.com",
        "thumbnail": "https://i.ytimg.com/vi/UKNR31YqIkM/mqdefault.jpg",
        "youtubeVideoId": "UKNR31YqIkM",
        "uploadedDate": "2018-07-02T17:47:19Z",
        "viewCount": 163406,
        "isCommercial": "False"
    },
    {
        "id": "5e692b7d-953a-457b-9e53-a08a55884a0c",
        "title": "땀 많으면 좋은 점 [채채TV]",
        "description": "여름이라 다들 너무 덥지요? ;-; 주륵주륵\n\n▶ 구독 youtube : https://www.youtube.com/chaechaetv\n▶ 팔로우 facebook : https://www.facebook.com/dolheesun\n▶ 팔로우 dinstagram : https://www.instagram.com/chaechaetv\n▶ 문의 e-mail : chaechaetv@naver.com",
        "thumbnail": "https://i.ytimg.com/vi/gf13_W7lJe8/mqdefault.jpg",
        "youtubeVideoId": "gf13_W7lJe8",
        "uploadedDate": "2018-07-09T17:26:30Z",
        "viewCount": 292729,
        "isCommercial": "False"
    },
    {
        "id": "72f6874d-0210-494e-9352-a0a0c8600b65",
        "title": "힘 세면 나쁜 점 [채채TV]",
        "description": "나의 힘은 바로 여러분! \n\n▶ 구독 youtube : https://www.youtube.com/chaechaetv\n▶ 팔로우 facebook : https://www.facebook.com/dolheesun\n▶ 팔로우 dinstagram : https://www.instagram.com/chaechaetv\n▶ 문의 e-mail : chaechaetv@naver.com",
        "thumbnail": "https://i.ytimg.com/vi/YciYFOou5K0/mqdefault.jpg",
        "youtubeVideoId": "YciYFOou5K0",
        "uploadedDate": "2018-07-17T03:43:19Z",
        "viewCount": 427824,
        "isCommercial": "False"
    },
    {
        "id": "38b354ea-1c64-4e0e-9df6-dafdc0eb0d78",
        "title": "한국인이면 나쁜 점 [채채TV]",
        "description": "이 영상은 채희선이 고른 나쁜점!이니까 재미로 봐주세요. 우리 모두 대~한민국!(짝)(짝)(짝)(짝)!\n\n▶ 구독 youtube : https://www.youtube.com/chaechaetv\n▶ 팔로우 facebook : https://www.facebook.com/dolheesun\n▶ 팔로우 dinstagram : https://www.instagram.com/chaechaetv\n▶ 문의 e-mail : chaechaetv@naver.com",
        "thumbnail": "https://i.ytimg.com/vi/sbYPBIjtSUg/mqdefault.jpg",
        "youtubeVideoId": "sbYPBIjtSUg",
        "uploadedDate": "2018-07-24T04:26:48Z",
        "viewCount": 326561,
        "isCommercial": "False"
    },
    {
        "id": "5f035b7b-b3c3-4aef-b655-83ed8549d315",
        "title": "커플이면 나쁜 점 with유재필 [채채TV]",
        "description": "커플이면 좋은 점은 1도 모르겠습니다.\n\n▶ 구독 youtube : https://www.youtube.com/chaechaetv\n▶ 팔로우 facebook : https://www.facebook.com/dolheesun\n▶ 팔로우 dinstagram : https://www.instagram.com/chaechaetv\n▶ 문의 e-mail : chaechaetv@naver.com",
        "thumbnail": "https://i.ytimg.com/vi/5N6exYCp1W0/mqdefault.jpg",
        "youtubeVideoId": "5N6exYCp1W0",
        "uploadedDate": "2018-07-29T16:53:42Z",
        "viewCount": 368718,
        "isCommercial": "False"
    },
    {
        "id": "e4a0aa16-971c-42cc-8715-1e87e1e4b354",
        "title": "인상 쎄면 좋은 점 [채채TV]",
        "description": "인상 쎄면 좋은 점을 위해 화장과 의상을 과장되게 했습니다. 저만해도 순둥순둥하게 생겨서 표현하기 어렵더라구요...^.^(땀땀)\n\n▶ 구독 youtube : https://www.youtube.com/chaechaetv\n▶ 팔로우 facebook : https://www.facebook.com/dolheesun\n▶ 팔로우 dinstagram : https://www.instagram.com/chaechaetv\n▶ 문의 e-mail : chaechaetv@naver.com",
        "thumbnail": "https://i.ytimg.com/vi/ROrop7o50LI/mqdefault.jpg",
        "youtubeVideoId": "ROrop7o50LI",
        "uploadedDate": "2018-08-06T23:16:16Z",
        "viewCount": 474937,
        "isCommercial": "False"
    },
    {
        "id": "ea32a5f7-2983-42c1-a2cf-9ddc5ede1d3e",
        "title": "숙제 많으면 좋은 점 [채채TV]",
        "description": "개학 하루 전에 일기를 20개나 썼던 초등학생 채채가 생각나네...\n\n▶ 구독 youtube : https://www.youtube.com/chaechaetv\n▶ 팔로우 facebook : https://www.facebook.com/dolheesun\n▶ 팔로우 dinstagram : https://www.instagram.com/chaechaetv\n▶ 문의 e-mail : chaechaetv@naver.com",
        "thumbnail": "https://i.ytimg.com/vi/_-3Me_Xebmw/mqdefault.jpg",
        "youtubeVideoId": "_-3Me_Xebmw",
        "uploadedDate": "2018-08-13T11:34:35Z",
        "viewCount": 296001,
        "isCommercial": "False"
    },
    {
        "id": "f0baa2dd-3ac8-4212-b417-302cd1e5f5e8",
        "title": "술 세면 좋은 점 [채채TV]",
        "description": "하지만 실제로 채채는 술 쎄본적이 없다(?).\n\n▶ 구독 youtube : https://www.youtube.com/chaechaetv\n▶ 팔로우 facebook : https://www.facebook.com/dolheesun\n▶ 팔로우 instagram : https://www.instagram.com/chaechaetv\n▶ 문의 e-mail : chaechaetv@naver.com\n▶ Music: http://www.bensound.com",
        "thumbnail": "https://i.ytimg.com/vi/UeKsiB0rqfw/mqdefault.jpg",
        "youtubeVideoId": "UeKsiB0rqfw",
        "uploadedDate": "2018-08-28T02:12:57Z",
        "viewCount": 160191,
        "isCommercial": "False"
    },
    {
        "id": "21d72918-dbb5-466b-9a24-b537b0a45b1c",
        "title": "핸드폰 없으면 좋은 점 [채채TV]",
        "description": "하지만 채채TV를 보려면 핸드폰이 있어야겠됴..;-;\n\n▶ 구독 youtube : https://www.youtube.com/chaechaetv\n▶ 팔로우 facebook : https://www.facebook.com/dolheesun\n▶ 팔로우 instagram : https://www.instagram.com/chaechaetv\n▶ 문의 e-mail : chaechaetv@naver.com",
        "thumbnail": "https://i.ytimg.com/vi/bYcrug6tXY0/mqdefault.jpg",
        "youtubeVideoId": "bYcrug6tXY0",
        "uploadedDate": "2018-09-04T01:33:18Z",
        "viewCount": 206340,
        "isCommercial": "False"
    },
    {
        "id": "4278141c-4c73-440e-a2bc-fa1a85de5609",
        "title": "사춘기면 좋은 점 (=흑역사주의) [채채TV]",
        "description": "좋은 점 하나 더! 흑역사가 생성된다(?).\n\n▶ 구독 youtube : https://www.youtube.com/chaechaetv\n▶ 팔로우 facebook : https://www.facebook.com/dolheesun\n▶ 팔로우 instagram : https://www.instagram.com/chaechaetv\n▶ 문의 e-mail : chaechaetv@naver.com",
        "thumbnail": "https://i.ytimg.com/vi/Kds7ge7Cneo/mqdefault.jpg",
        "youtubeVideoId": "Kds7ge7Cneo",
        "uploadedDate": "2018-09-10T18:44:54Z",
        "viewCount": 294709,
        "isCommercial": "False"
    },
    {
        "id": "d88f1c4e-cc62-44e6-a968-f0ebc1c5d42e",
        "title": "영어 못하면 좋은 점 with.에밀 [채채TV]",
        "description": "나랏말싸미 듕귁에 다라...\n\n▶ 구독 youtube : https://www.youtube.com/chaechaetv\n▶ 팔로우 facebook : https://www.facebook.com/dolheesun\n▶ 팔로우 instagram : https://www.instagram.com/chaechaetv\n▶ 문의 e-mail : chaechaetv@naver.com\n\nKevin MacLeod의 Fluffing a Duck은(는) Creative Commons Attribution 라이선스(https://creativecommons.org/licenses/by/4.0/)에 따라 라이선스가 부여됩니다. \n출처: http://incompetech.com/music/royalty-free/index.html?isrc=USUAN1100768 \n아티스트: http://incompetech.com/",
        "thumbnail": "https://i.ytimg.com/vi/wJ1-Ct9hvYA/mqdefault.jpg",
        "youtubeVideoId": "wJ1-Ct9hvYA",
        "uploadedDate": "2018-09-18T04:34:36Z",
        "viewCount": 72923,
        "isCommercial": "False"
    },
    {
        "id": "b28a7930-887c-456a-bc7a-db38834bb183",
        "title": "귀 얇으면 좋은 점 [채채TV]",
        "description": "채채는 귀가 얇지만 신념은 있다(!)\n\n▶ 구독 youtube : https://www.youtube.com/chaechaetv\n▶ 팔로우 facebook : https://www.facebook.com/dolheesun\n▶ 팔로우 instagram : https://www.instagram.com/chaechaetv\n▶ 문의 e-mail : chaechaetv@naver.com",
        "thumbnail": "https://i.ytimg.com/vi/GqnU3KwPhzM/mqdefault.jpg",
        "youtubeVideoId": "GqnU3KwPhzM",
        "uploadedDate": "2018-10-02T01:47:47Z",
        "viewCount": 66035,
        "isCommercial": "False"
    },
    {
        "id": "fe13ac9d-0100-4ecd-a642-9ea939cf0f7c",
        "title": "고3이면 좋은 점(=수능공감) [채채TV]",
        "description": "나...채희선...수능 언어영역 50분만에 풀었던 사람..(?)\n\n▶ 구독 youtube : https://www.youtube.com/chaechaetv\n▶ 팔로우 facebook : https://www.facebook.com/dolheesun\n▶ 팔로우 instagram : https://www.instagram.com/chaechaetv\n▶ 문의 e-mail : chaechaetv@naver.com",
        "thumbnail": "https://i.ytimg.com/vi/0IUtcd8oMb8/mqdefault.jpg",
        "youtubeVideoId": "0IUtcd8oMb8",
        "uploadedDate": "2018-10-09T05:07:10Z",
        "viewCount": 239771,
        "isCommercial": "False"
    },
    {
        "id": "a5a0b4b0-6619-4669-8001-7689ee90ec34",
        "title": "자취하면 나쁜 점 with.소개팅남 [채채TV]",
        "description": "오늘 영상은 저와 함께 소개팅 영상에 출연한 ' 채널 비디오가게' 님이 도와주셨습니다. 승재님 고마워요 ^.^~!!\n\n▶ 구독 youtube : https://www.youtube.com/chaechaetv\n▶ 팔로우 facebook : https://www.facebook.com/dolheesun\n▶ 팔로우 instagram : https://www.instagram.com/chaechaetv\n▶ 문의 e-mail : chaechaetv@naver.com",
        "thumbnail": "https://i.ytimg.com/vi/1oHi-Qi1x9E/mqdefault.jpg",
        "youtubeVideoId": "1oHi-Qi1x9E",
        "uploadedDate": "2018-10-14T13:26:54Z",
        "viewCount": 113452,
        "isCommercial": "False"
    },
    {
        "id": "1d300d04-df60-4a5d-ba52-15578550a949",
        "title": "Private video",
        "description": "This video is private.",
        "thumbnail": null,
        "youtubeVideoId": "NfeRY96DIkc",
        "uploadedDate": "2018-10-23T05:01:49Z",
        "viewCount": 0,
        "isCommercial": "False"
    }
]