[
    {
        "id": "48df1064-ac7d-4e24-a9d7-7f1a964a2114",
        "title": "67kg도 부하지 않고 예쁘게 패딩 입을 수 있다구?! 무신사 인기 패딩 총정리✨🦋 / Ft. 라퍼지 스토어",
        "description": "#패딩 #숏패딩 #무신사 \n\n* 본 영상은 라퍼지 스토어의 유료광고를 포함하고 있습니다.\n\ninstagram: no_sori_en\n\n✨라퍼지 스토어 X 노소리 구독자 이벤트✨\n\n영상에 나온 패딩!! 공짜로 받고 싶지 않으세요-?!!\n제가 꼭 다들 입어봤으면 좋겠어서 이렇게 이벤트를 들고 왔어요🌸💕\n\n⬇️영상 좋아요 꾹 누르고!! 하단 이벤트 참여!⬇️\n\n응모기간 : 11/2 ~ 11/6\n당첨자 발표 : 11/7\n선정인원 : 5명\n응모방법 : 댓글 + 구글폼 작성!!\nhttps://forms.gle/5aYjjNLkk7AKkAqh7\n\n01:07 덕다운 리버시블 푸퍼 패딩_Blue&Aqua Marine\nhttps://www.musinsa.com/app/goods/2856547\n148,000 - 118,000 (20% SALE)\n\n01:38 덕다운 밴딩 미드 패딩_Cream Beige \nhttps://www.musinsa.com/app/goods/2856482\n148,000 - 118,000 (20% SALE)\n\n02:11 덕다운 빅후드 패딩_Serenity Gray\nhttps://www.musinsa.com/app/goods/2856509\n148,000 - 118,000 (20% SALE)\n\n02:54 덕다운 심리스 미니멀 푸퍼 숏패딩_Black\nhttps://www.musinsa.com/app/goods/1173366/0\n143,000 - 89,900 (37% SALE)\n\n03:29 덕다운 밴딩 미드 패딩_Cream Beige \nhttps://www.musinsa.com/app/goods/2856482\n148,000 - 118,000 (20% SALE)\n\n03:48 덕다운 리버시블 푸퍼 패딩_Blue&Aqua Marine\nhttps://www.musinsa.com/app/goods/2856547\n148,000 - 118,000 (20% SALE)\n\n04:21 덕다운 심리스 미니멀 푸퍼 숏패딩_Black\nhttps://www.musinsa.com/app/goods/1173366/0\n143,000 - 89,900 (37% SALE)\n\n04:41 덕다운 미니멀 블루종 패딩_Black\nhttps://www.musinsa.com/app/goods/2854421\n138,000 - 99,800 (28% SALE)\n\n05:08 덕다운 미니멀 블루종 패딩_Black\nhttps://www.musinsa.com/app/goods/2854421\n138,000 - 99,800 (28% SALE)\n\n05:27 덕다운 빅후드 패딩_Serenity Gray\nhttps://www.musinsa.com/app/goods/2856509\n148,000 - 118,000 (20% SALE)",
        "thumbnail": "https://i.ytimg.com/vi/mAG4EXve6_0/mqdefault.jpg",
        "youtubeVideoId": "mAG4EXve6_0",
        "uploadedDate": "2022-11-03T05:17:36Z",
        "viewCount": 67616,
        "isCommercial": "True"
    },
    {
        "id": "920f3c81-6202-492e-abb8-7aac129e3663",
        "title": "앞머리 자연스럽게 넘기는 법 1티어 해보기",
        "description": "instagram: no_sori_en\n\n#앞머리붙임머리 #붙임머리 #메이크유이\n*업로드 의무가 없는 메이크유이 단순 무료 시술로 진행했습니다.",
        "thumbnail": "https://i.ytimg.com/vi/hur-uCipPGc/mqdefault.jpg",
        "youtubeVideoId": "hur-uCipPGc",
        "uploadedDate": "2022-11-03T05:17:51Z",
        "viewCount": 13920,
        "isCommercial": "False"
    },
    {
        "id": "3df020da-4183-4980-a47a-114e1d7120da",
        "title": "애인 10명과 데이트 해보기 / VLOG",
        "description": "instagram: no_sori_en\n\n#팬미팅 #노은솔 #팬밋업",
        "thumbnail": "https://i.ytimg.com/vi/SeQ2w9L_u2M/mqdefault.jpg",
        "youtubeVideoId": "SeQ2w9L_u2M",
        "uploadedDate": "2022-10-12T01:12:00Z",
        "viewCount": 24311,
        "isCommercial": "False"
    },
    {
        "id": "db016664-f9ae-4ba4-9016-c412ec0bbe30",
        "title": "여친과 롯데월드 VLOG / ft. 트러블 진정 꿀팁",
        "description": "instagram: no_sori_en\n\n* 이 영상은 LG 생활건강의 유료 광고를 포함하고 있습니다\n\n✔#바이오디티디 아미노바하 거즈패드  \nhttps://brand.naver.com/byeodtd/products/6914685260 \n \n✔#바이오디티디 비타 카밍 세럼 \nhttps://brand.naver.com/byeodtd/products/6914687679 \n \n✔#바이오디티디 하이드라 카밍 크림 \nhttps://brand.naver.com/byeodtd/products/5865917940 \n \n라치카 가비님이 만든 세럼과 패드 22%할인 기획전\n💚가비위크(10/12~21)💚➡ https://bit.ly/3VbQ9YE \n------------------------------------",
        "thumbnail": "https://i.ytimg.com/vi/LGdjKIm4fwE/mqdefault.jpg",
        "youtubeVideoId": "LGdjKIm4fwE",
        "uploadedDate": "2022-10-19T06:31:06Z",
        "viewCount": 78204,
        "isCommercial": "True"
    },
    {
        "id": "81494ab0-e656-4fe0-8650-39ec14e5a394",
        "title": "눈물의 개강 vlog 가보자고…👊",
        "description": "instagram: no_sori_en\n\n제품 링크: https://foreo.se/ix8x",
        "thumbnail": "https://i.ytimg.com/vi/VvrHpsSUS6E/mqdefault.jpg",
        "youtubeVideoId": "VvrHpsSUS6E",
        "uploadedDate": "2022-09-30T16:30:42Z",
        "viewCount": 87820,
        "isCommercial": "True"
    },
    {
        "id": "6500570a-14d1-4c8c-9980-ccbbf90cd468",
        "title": "겨울 쿨톤의 가을 메이크업하고 학교 가는 GRWM 🍁🍂",
        "description": "#GRWM \ninstagram: no_sori_en\n\n*본 영상은 블랙루즈의 유료광고가 포함되어 있습니다\n\n- 더블레이어 오버벨벳 - https://han.gl/vGhwy\n- 업 앤 다운 트리플 컨투어링 - https://han.gl/tbYhx\n- 컬러데이션 무드 팔레트 - https://han.gl/fctam\n- 철벽 펜 라이너 - https://han.gl/qHttT",
        "thumbnail": "https://i.ytimg.com/vi/hLPC9w3G0Cg/mqdefault.jpg",
        "youtubeVideoId": "hLPC9w3G0Cg",
        "uploadedDate": "2022-09-11T14:43:16Z",
        "viewCount": 156091,
        "isCommercial": "True"
    },
    {
        "id": "1310f106-bfd2-4f02-8194-8b9a7379dae9",
        "title": "퍼스널컬러 진단을 꼭 받아야 하는 이유..✨ (내 22년 인생을 부정 당한 느낌이야😢)",
        "description": "#퍼스널컬러 #피엘컬러 \n\n*홍대 피엘컬러에서 광고가 아닌 무가 협찬으로 제공받은 서비스입니다.\n\ninstagram: no_sori_en\n\n-퍼스널컬러&골격진단: 피엘컬러www.plcolor.co.kr\n-유튜브채널: 예영이예영",
        "thumbnail": "https://i.ytimg.com/vi/YHXV9u-Rm7Y/mqdefault.jpg",
        "youtubeVideoId": "YHXV9u-Rm7Y",
        "uploadedDate": "2022-09-11T14:43:27Z",
        "viewCount": 22823,
        "isCommercial": "False"
    },
    {
        "id": "c8d9f141-3280-4ced-ba46-e7b7a96673ea",
        "title": "17만명에게 사기 성공한 화장법 자수하는 GRWM",
        "description": "#노은솔 #grwm #makeup \n\ninstagram: no_sori_en",
        "thumbnail": "https://i.ytimg.com/vi/g7-1ZctiePM/mqdefault.jpg",
        "youtubeVideoId": "g7-1ZctiePM",
        "uploadedDate": "2022-06-16T04:36:57Z",
        "viewCount": 43976,
        "isCommercial": "False"
    },
    {
        "id": "231341b2-b44b-4966-af9a-942b988beb70",
        "title": "20만 구독자 기념 축하받는 VLOG",
        "description": "instagram: no_sori_en\n\n#노은솔 #vlog #브이로그",
        "thumbnail": "https://i.ytimg.com/vi/XjfAHCdFWjo/mqdefault.jpg",
        "youtubeVideoId": "XjfAHCdFWjo",
        "uploadedDate": "2022-06-16T04:37:01Z",
        "viewCount": 40672,
        "isCommercial": "False"
    },
    {
        "id": "36d8f833-f033-4a45-94ba-6179b2c67882",
        "title": "부캐가 깝쳐서 본캐 이긴 기념 소주 10병 먹는 VLOG / ft. 구독자 10만",
        "description": "#노은솔 \n\ninstagram: no_sori_en\n\n부캐를 열심히 나댔더니 본캐를 이겨버렸네여...\n유감스럽지만 기분 왕왕 조아벌임...^^\n\n이번 술 10병 먹방은 항상 술 먹는 모임 #비정상회담 과 함께 해봤슴다\n제 소중한 대학 타과 친구들이니 예쁘게 말해주세요!!\n\n다시한번 감사하고 사랑해요!",
        "thumbnail": "https://i.ytimg.com/vi/vKKZF2O9QiI/mqdefault.jpg",
        "youtubeVideoId": "vKKZF2O9QiI",
        "uploadedDate": "2022-06-16T04:37:10Z",
        "viewCount": 122930,
        "isCommercial": "False"
    },
    {
        "id": "7e933f59-fa64-428f-804a-2181fe096af1",
        "title": "GRWM) 사람이 흑발 + 앞머리를 해야하는 이유🤍✨(Ft. Jeju🍊)",
        "description": "instagram: no_sori_en",
        "thumbnail": "https://i.ytimg.com/vi/x4m3jWD5-z0/mqdefault.jpg",
        "youtubeVideoId": "x4m3jWD5-z0",
        "uploadedDate": "2022-07-20T09:08:38Z",
        "viewCount": 21880,
        "isCommercial": "False"
    },
    {
        "id": "7a97e623-0ba0-4132-9aee-648f8b1e6da6",
        "title": "제 몸이 제니랑 같다구요..?🤔 골격 진단과 '내면' 퍼스널컬러 진단 받아보기 ✨💭",
        "description": "#퍼스널컬러 #피엘컬러 #골격진단 #내면퍼스널컬러\n\n*홍대 피엘컬러에서 광고가 아닌 무가 협찬으로 제공받은 서비스입니다.\n\ninstagram: no_sori_en\n\n-퍼스널컬러&골격진단: 피엘컬러www.plcolor.co.kr\n-유튜브채널: 예영이예영",
        "thumbnail": "https://i.ytimg.com/vi/7M6sbrqc-pE/mqdefault.jpg",
        "youtubeVideoId": "7M6sbrqc-pE",
        "uploadedDate": "2022-09-11T14:43:22Z",
        "viewCount": 53991,
        "isCommercial": "False"
    }
]