[
    {
        "id": "342517c0-8acf-4043-ac22-3a5fb23c59dc",
        "title": "윤종신 형님께 결혼 상담 받기",
        "description": "#기안84\nIG - @khmnim1513\nBiz E-Mail - seulbeom@treasurehunter.co.kr",
        "thumbnail": "https://i.ytimg.com/vi/wH2dgAm8JZE/mqdefault.jpg",
        "youtubeVideoId": "wH2dgAm8JZE",
        "uploadedDate": "2022-01-14T13:02:27Z",
        "viewCount": 83577,
        "isCommercial": "False"
    },
    {
        "id": "6445923d-7eba-4b37-b80e-f384ca19587e",
        "title": "기안84 몸 만들었습니다.",
        "description": "체지방 10% 초반까지 도달하면 배때지로 빨래할게요.\n\n맥스컷 제품 정보\nhttps://rb.gy/xvuyfo\n\n#기안84\nIG - @khmnim1513\nBiz E-Mail - seulbeom@treasurehunter.co.kr",
        "thumbnail": "https://i.ytimg.com/vi/9tsr8s2JmFw/mqdefault.jpg",
        "youtubeVideoId": "9tsr8s2JmFw",
        "uploadedDate": "2022-01-14T13:02:27Z",
        "viewCount": 165559,
        "isCommercial": "False"
    },
    {
        "id": "918ddaea-6705-4c8b-af8f-de022f865add",
        "title": "가수84 2탄",
        "description": "#기안84\nIG - @khmnim1513\nBiz E-Mail - seulbeom@treasurehunter.co.kr",
        "thumbnail": "https://i.ytimg.com/vi/IvS4T844c2E/mqdefault.jpg",
        "youtubeVideoId": "IvS4T844c2E",
        "uploadedDate": "2022-01-14T13:02:27Z",
        "viewCount": 85056,
        "isCommercial": "False"
    },
    {
        "id": "91b8ab11-041b-4f38-aba8-698422057077",
        "title": "가수84",
        "description": "노래 만들기 도전합니다.\n\n#기안84\nIG - @khmnim1513\nBiz E-Mail - seulbeom@treasurehunter.co.kr",
        "thumbnail": "https://i.ytimg.com/vi/CdX_QNO9Bpw/mqdefault.jpg",
        "youtubeVideoId": "CdX_QNO9Bpw",
        "uploadedDate": "2022-01-14T13:02:27Z",
        "viewCount": 87547,
        "isCommercial": "False"
    }
]