[
    {
        "id": "5f3ce84a-8e0b-4dd6-b803-d49268881ae7",
        "title": "이러고 소개팅을 하라구요..?",
        "description": "★유튜브 관련문의 ☞ sullena@naver.com\n쇼핑몰 엔에스샵👍🏻 www.nsshop.org\n아프리카 생방송👍🏻 afreecatv.com/wnnw\n인스타/페이스북👍🏻 남순(박현우)\n대표 메일 문의👍🏻 vm222@naver.com\n\n#김빵귤 #BJ빵귤 #블라인드소개팅 #황래혁 #준석 #섭이 #시부장 #용쓰 #이사장 #engsub #english",
        "thumbnail": "https://i.ytimg.com/vi/Tn0jWHclrU4/mqdefault.jpg",
        "youtubeVideoId": "Tn0jWHclrU4",
        "uploadedDate": "2020-05-20T01:05:51Z",
        "viewCount": 430163,
        "isCommercial": "False"
    },
    {
        "id": "bb6af364-4a28-4d82-8bc9-2cd77653765c",
        "title": "몸매 쩌는 여자와 고민상담하면 안되는 이유....각이다",
        "description": "Subtitles will be uploaded in 24hours :)\n\n★유튜브 관련문의 ☞ sullena@naver.com\n팬영상은 온디티비👍🏻 https://ondi.tv/wnnw\n쇼핑몰 엔에스샵👍🏻 https://nsshop.org\n남순 게임채널👍🏻 https://bit.ly/3aFLHsX\n아프리카 생방송👍🏻 afreecatv.com/wnnw\n인스타/페이스북👍🏻 남순(박현우)\n대표 메일 문의👍🏻 vm222@naver.com\n\nBGM정보 : 브금대통령\n\n#김빵귤 #시조새 #유튭각이요 engsub english engcc",
        "thumbnail": "https://i.ytimg.com/vi/cGtuEd5M3gE/mqdefault.jpg",
        "youtubeVideoId": "cGtuEd5M3gE",
        "uploadedDate": "2020-09-19T06:14:17Z",
        "viewCount": 591081,
        "isCommercial": "False"
    },
    {
        "id": "d940994f-a7b8-48c0-862a-0ee62cb991a3",
        "title": "존예여캠이 얼굴없이 느낌만 보고 소개팅을 했더니...",
        "description": "★유튜브 관련문의 ☞ sullena@naver.com\n쇼핑몰 엔에스샵👍🏻 www.nsshop.org\n아프리카 생방송👍🏻 afreecatv.com/wnnw\n인스타/페이스북👍🏻 남순(박현우)\n대표 메일 문의👍🏻 vm222@naver.com\n\n#김빵귤 #블라인드소개팅 #BJ준석 #시부장 #이사장 #engsub #english",
        "thumbnail": "https://i.ytimg.com/vi/VRT1zq0t30o/mqdefault.jpg",
        "youtubeVideoId": "VRT1zq0t30o",
        "uploadedDate": "2020-05-20T01:06:18Z",
        "viewCount": 245946,
        "isCommercial": "False"
    },
    {
        "id": "877fde1e-9271-4c5f-80bb-f99b2d88aef9",
        "title": "생방송 중 찾아온 여캠..",
        "description": "안녕하세요.\n이번에 새로 편집을 맡게 된 편집자입니다.\n첫 편집이다 보니 미숙한 부분이 많은데도 불구하고 \n저를 믿고 뽑아주신 만큼 열심히 더 노력해서 \n사장님, 봄 튜브와 함께 성장하고 나아가고 싶습니다.           \n잘 부탁드립니다:)\n\n이경민의 소소한 일상입니다.\n유튜브구독:https://goo.gl/6r5g8E   구독과 좋아요 한번씩! \n아프리카주소TV: http://afreecatv.com/rudals5467 \n\nTrack : 조별과제\nMusic by 브금대통령\nMusic provided by 브금대통령\nWatch : https://youtu.be/wLuWmPrJkSk\n\nTrack : 참나 어이가없어서\nMusic by 브금대통령\nMusic provided by 브금대통령\nWatch : https://youtu.be/sjMoahChxZo\n\nTrack : 눈치게임\nMusic by 브금대통령\nMusic provided by 브금대통령\nWatch : https://youtu.be/zq8p0Rk6lRM\n\n#로렌#빵귤",
        "thumbnail": "https://i.ytimg.com/vi/j3gEgvJi2mk/mqdefault.jpg",
        "youtubeVideoId": "j3gEgvJi2mk",
        "uploadedDate": "2020-05-20T01:06:36Z",
        "viewCount": 180204,
        "isCommercial": "False"
    },
    {
        "id": "a88dbe59-391f-4139-8993-8a227362f460",
        "title": "Private video",
        "description": "This video is private.",
        "thumbnail": null,
        "youtubeVideoId": "CvY90gut75g",
        "uploadedDate": "2020-09-19T06:14:38Z",
        "viewCount": 186560,
        "isCommercial": "False"
    },
    {
        "id": "bf213e5d-0a7e-4d46-a4cf-ec629bf88031",
        "title": "[까루 x 김빵귤] 달달한 데이트중에 욕을???",
        "description": "#김빵귤 #데이트 #레일바이크\n\n-구독하기 링크클릭!!:\nhttp://goo.gl/JUDNBy\n-아프리카TV 까루방송국바로가기!!:(매일밤10시 생방송)\nhttp://www.afreeca.com/vlfrl2\n-BJ까루 페이스북페이지 좋아요!!:\nhttp://goo.gl/lWSWm8\n-배경음악 출처\nhttps://www.bensound.com/",
        "thumbnail": "https://i.ytimg.com/vi/jQ32kz0OhsA/mqdefault.jpg",
        "youtubeVideoId": "jQ32kz0OhsA",
        "uploadedDate": "2020-05-20T01:06:50Z",
        "viewCount": 0,
        "isCommercial": "False"
    },
    {
        "id": "0aace935-247c-4eac-9c72-bd20d94d094d",
        "title": "BJ남순님 미모의 여동생과 소개팅을 해보았습니다!",
        "description": "구독과 좋아요 알림설정! 부탁드려요 :)\n\n#남순 #준석 #김빵귤",
        "thumbnail": "https://i.ytimg.com/vi/-sCvuvo1r_M/mqdefault.jpg",
        "youtubeVideoId": "-sCvuvo1r_M",
        "uploadedDate": "2020-05-20T01:07:04Z",
        "viewCount": 0,
        "isCommercial": "False"
    },
    {
        "id": "4ebe343a-fba9-4ace-874f-853d12550c57",
        "title": "Private video",
        "description": "This video is private.",
        "thumbnail": null,
        "youtubeVideoId": "2_LjwtJQt9s",
        "uploadedDate": "2020-09-19T06:14:33Z",
        "viewCount": 202399,
        "isCommercial": "False"
    },
    {
        "id": "64f96655-8078-4fc5-8f56-6449879672cc",
        "title": "여캠 보자마자 초면에 XX 선물했더니 반응이 …",
        "description": "#츄정#겨우디#빵귤\n\n인스타그램 : bbang9.2\n아프리카TV: BJ김빵귤\n\n\n구독/좋아요/알림설정 부탁드립니다!",
        "thumbnail": "https://i.ytimg.com/vi/jgOgkpt7nW4/mqdefault.jpg",
        "youtubeVideoId": "jgOgkpt7nW4",
        "uploadedDate": "2022-01-11T09:17:32Z",
        "viewCount": 2701,
        "isCommercial": "False"
    }
]