[
    {
        "id": "9eb6fdb6-7f9d-4821-92bf-6f37ebce6ff7",
        "title": "우리 1년째라는데 돌아갈까..?  - 마젠타",
        "description": "1주년 기념 복귀하러! - https://netmarble.sng.link/Dq7fp/w2gyt\n\n#제2의나라 #1주년 \n젠타의 생방송을 보고싶다면 트위치로!\n마젠타 트위치 채널: https://www.twitch.tv/magenta62\n젠타 구독해주기! (*ฅ́˘ฅ̀*)♡: https://bit.ly/2vb9Mp4\n\n마젠타 인스타그램: https://www.instagram.com/magenta_6262\n\n마젠타 팬카페: https://cafe.naver.com/magentacafe\n\n매일 방송시간 팬카페 공지!\n\n광고문의 : biz@pixelnetwork.co.kr\n\n------------------------------------------\n #마젠타\n------------------------------------------\n\n\nBGM Info:\n\nTitle: Dance Of The Sugar Plum Fairies / Wagon Wheel \nArtist: Kevin Macleod\n\nTitle: Brain Trust\nArtist: Wayne Jones\n\nby.ㅊㅆ",
        "thumbnail": "https://i.ytimg.com/vi/9Q5ifRce6XA/mqdefault.jpg",
        "youtubeVideoId": "9Q5ifRce6XA",
        "uploadedDate": "2022-07-02T11:36:24Z",
        "viewCount": 35888,
        "isCommercial": "True"
    },
    {
        "id": "b2cb54e9-636b-4fcf-acdf-89a02ad712e2",
        "title": "케인님 그냥 게임방송 접으시고 돈이나 빌려주세요 제가 벌게요 - 마젠타 케인 섯다 합방",
        "description": "대한민국 No.1 섯다! 한게임 섯다!\n* 한게임 모바일 섯다는 무료로 제공되는 섯다 게임입니다.\n* 지금 한게임 모바일 섯다를 다운로드 하세요! : http://bit.ly/2JThgph\n\n젠타의 생방송을 보고싶다면 트위치로!\n마젠타 트위치 채널: https://www.twitch.tv/magenta62\n젠타 구독해주기! (*ฅ́˘ฅ̀*)♡: https://bit.ly/2vb9Mp4\n\n마젠타 인스타그램: https://www.instagram.com/magenta_6262\n\n마젠타 팬카페: https://cafe.naver.com/magentacafe\n\n매일 방송시간 팬카페 공지!\n\n광고문의 : biz@pixelnetwork.co.kr\n\n------------------------------------------\n#케인 #섯다 #한게임섯다\n------------------------------------------\n\n\nBGM Info:\n\nTitle: Dance Of The Sugar Plum Fairies / Wagon Wheel \nArtist: Kevin Macleod\n\nTitle: Brain Trust\nArtist: Wayne Jones\n\nby ㅋㅁㅅ",
        "thumbnail": "https://i.ytimg.com/vi/YbxYf21pJfc/mqdefault.jpg",
        "youtubeVideoId": "YbxYf21pJfc",
        "uploadedDate": "2021-12-18T09:57:39Z",
        "viewCount": 61054,
        "isCommercial": "True"
    },
    {
        "id": "79001a7a-bd05-486b-be15-951af67f5593",
        "title": "우주여행가서 우리 한국대표 될래...?【 워해머 40,000 : 로스트 크루세이드 】",
        "description": "저와 같이 한국을 이끌어 우주를 정복할까요?\n게임 다운로드 링크 : https://bit.ly/3ExepeL \n교환코드 : MAGENTAXLC\n\n#워해머40000 #로스트크루세이드\n\n젠타의 생방송을 보고싶다면 트위치로!\n마젠타 트위치 채널: https://www.twitch.tv/magenta62\n젠타 구독해주기! (*ฅ́˘ฅ̀*)♡: https://bit.ly/2vb9Mp4\n\n마젠타 인스타그램: https://www.instagram.com/magenta_6262\n\n마젠타 팬카페: https://cafe.naver.com/magentacafe\n\n매일 방송시간 팬카페 공지!\n\n광고문의 : biz@pixelnetwork.co.kr\n\n------------------------------------------\n#워해머40000 #로스트 크루세이드 #마젠타\n------------------------------------------\n\nbyㄱㅎ\n\nBGM Info:",
        "thumbnail": "https://i.ytimg.com/vi/5svMi9fogOs/mqdefault.jpg",
        "youtubeVideoId": "5svMi9fogOs",
        "uploadedDate": "2021-11-03T11:19:31Z",
        "viewCount": 19122,
        "isCommercial": "True"
    },
    {
        "id": "b5413907-25f8-4bab-8b5d-86b12703159b",
        "title": "우리 여행 다시 떠날까? 그나라 좋았잖아...! - 마젠타 [제2의 나라]",
        "description": "#제2의나라\n\nhttps://mar.by/_mveq\n\n완전히 새로워진 제2의나라! 지금 복귀를 해야하는 이유!\n하나! 복귀유저들을 위한 초특급 혜택!\n복귀만 하면 4성 장비, 이마젠은 물론 지금까지 쓴 소환권 모~두 마일리지로 지급!\n\n둘! 게임 편의성 대폭 개선!\n이제 마구잡이 PK는 그만! PK 페널티 강화부터 쉬운 가방정리, 사냥터 개선까지! \n기존에 느끼셨던 불편함이 싸악~ 개선!\n\n여기에 신규 콘텐츠인 크로스 서버 필드와 할로윈 에피소드까지 준비되어 있다고 하니,\n지금 바로 복귀하셔서 다시 한 번 제2의나라의 재미를 느껴보세요!\n\n젠타의 생방송을 보고싶다면 트위치로!\n마젠타 트위치 채널: https://www.twitch.tv/magenta62\n젠타 구독해주기! (*ฅ́˘ฅ̀*)♡: https://bit.ly/2vb9Mp4\n\n마젠타 인스타그램: https://www.instagram.com/magenta_6262\n\n마젠타 팬카페: https://cafe.naver.com/magentacafe\n\n매일 방송시간 팬카페 공지!\n\n광고문의 : biz@pixelnetwork.co.kr\n\n------------------------------------------\n #트위치 #마젠타\n------------------------------------------\n\n\nBGM Info:\n\nTitle: Dance Of The Sugar Plum Fairies / Wagon Wheel \nArtist: Kevin Macleod\n\nTitle: Brain Trust\nArtist: Wayne Jones\n\n편집: ㅊㅆ",
        "thumbnail": "https://i.ytimg.com/vi/aTBVXwmNJ74/mqdefault.jpg",
        "youtubeVideoId": "aTBVXwmNJ74",
        "uploadedDate": "2021-10-31T10:52:44Z",
        "viewCount": 14059,
        "isCommercial": "False"
    },
    {
        "id": "af81866a-5361-4a93-99a8-42c76a9a97f6",
        "title": "혼자서 몇킬이야?!올킬?모두를 경악시킨 어몽어스 천재적인 플레이!처음맞아? - 마젠타 임포스터 하이라이트!",
        "description": "젠타의 생방송을 보고싶다면 트위치로!\n마젠타 트위치 채널: https://www.twitch.tv/magenta62\n젠타 구독해주기! (*ฅ́˘ฅ̀*)♡: https://bit.ly/2vb9Mp4\n\n마젠타 인스타그램: https://www.instagram.com/magenta_6262\n\n마젠타 트게더: https://tgd.kr/magenta62\n\n매일 방송시간 트게더 공지!\n\n------------------------------------------\n#어몽어스 #트위치 #마젠타\n------------------------------------------\n\n\nBGM Info:\n\nTitle: Dance Of The Sugar Plum Fairies / Wagon Wheel \nArtist: Kevin Macleod\n\nTitle: Brain Trust\nArtist: Wayne Jones\n\n🎵Music provided by 브금대통령\n🎵Track : Keep The Tension - https://youtu.be/YRQhxG1O8-8\\\n🎵Music provided by 브금대통령\n🎵Track : Profiler - https://youtu.be/LvXD-m9r2B4\n🎵Music provided by 브금대통령 \n🎵Track : 참나 어이가없어서 - https://youtu.be/sjMoahChxZo",
        "thumbnail": "https://i.ytimg.com/vi/Xv3C97YvitA/mqdefault.jpg",
        "youtubeVideoId": "Xv3C97YvitA",
        "uploadedDate": "2020-10-01T10:39:10Z",
        "viewCount": 117735,
        "isCommercial": "False"
    },
    {
        "id": "5ddbbaff-7810-425a-aac0-eab9ce104a25",
        "title": "주다사와 로맨틱한 신혼여행을 시작했습니다..아기..?어허! 레전드 ㅋㅋ - 마젠타 동물의숲",
        "description": "젠타의 생방송을 보고싶다면 트위치로!\n마젠타 트위치 채널: https://www.twitch.tv/magenta62\n젠타 구독해주기! (*ฅ́˘ฅ̀*)♡: https://bit.ly/2vb9Mp4\n\n마젠타 인스타그램: https://www.instagram.com/magenta_6262\n\n마젠타 트게더: https://tgd.kr/magenta62\n\n매일 방송시간 트게더 공지!\n\n------------------------------------------\n#동물의숲 #트위치 #마젠타\n------------------------------------------\n\n\nBGM Info:\n\nTitle: Rainy Day Games\nArtist: The Green Orbs\n\n🎵Music provided by 브금대통령\n🎵Track : Cutie Of Park - https://youtu.be/MX73o_Ki4v0\n\n🎵Music provided by 브금대통령\n🎵Track : 아기골룡 - https://youtu.be/ENsSfTmm7P4\n\n🎵Music provided by 브금대통령\n🎵Track : Waltz for Golden Retriever - https://youtu.be/uySw78v2ZR0\n\n🎵Music provided by 브금대통령\n🎵Track : 강아지같아 - https://youtu.be/tPxR7npln9w\n\nInst(내장탕) [https://youtu.be/jKkIM--2EWY]\n\n\n편집: 티드_",
        "thumbnail": "https://i.ytimg.com/vi/2tF2hZdOnGQ/mqdefault.jpg",
        "youtubeVideoId": "2tF2hZdOnGQ",
        "uploadedDate": "2020-05-26T10:09:19Z",
        "viewCount": 65920,
        "isCommercial": "False"
    },
    {
        "id": "3f488568-42fa-400f-a664-269c98938634",
        "title": "마봉손절위기?! 조심하세요! 친구와 절교할 뻔 했습니다..봉순아!! - 마젠타 동물의 숲 2화 하이라이트",
        "description": "젠타의 생방송을 보고싶다면 트위치로!\n마젠타 트위치 채널: https://www.twitch.tv/magenta62\n젠타 구독해주기! (*ฅ́˘ฅ̀*)♡: https://bit.ly/2vb9Mp4\n\n마젠타 인스타그램: https://www.instagram.com/magenta_6262\n\n마젠타 트게더: https://tgd.kr/magenta62\n\n매일 방송시간 트게더 공지!\n\n------------------------------------------\n#동물의숲 #트위치 #마젠타\n------------------------------------------\n\n\nBGM Info:\n\nTitle: Dance Of The Sugar Plum Fairies / Wagon Wheel \nArtist: Kevin Macleod\n\nTitle: Brain Trust\nArtist: Wayne Jones",
        "thumbnail": "https://i.ytimg.com/vi/GDHJIFSMAvY/mqdefault.jpg",
        "youtubeVideoId": "GDHJIFSMAvY",
        "uploadedDate": "2020-04-30T11:21:33Z",
        "viewCount": 57427,
        "isCommercial": "False"
    },
    {
        "id": "21e570b4-e6fa-4e2a-b939-8737b2828c96",
        "title": "야 마젠타..왜 울고 있는거야? 동물의숲  없다고 울었더니 시청자가?!ㅋㅋㅋㅋ - 마젠타생방송  하이라이트",
        "description": "젠타의 생방송을 보고싶다면 트위치로!\n마젠타 트위치 채널: https://www.twitch.tv/magenta62\n젠타 구독해주기! (*ฅ́˘ฅ̀*)♡: https://bit.ly/2vb9Mp4\n\n마젠타 인스타그램: https://www.instagram.com/magenta_6262\n\n마젠타 트게더: https://tgd.kr/magenta62\n\n매일 방송시간 트게더 공지!\n\n------------------------------------------\n#동물의숲 #트위치 #마젠타\n------------------------------------------\n\n\nBGM Info:\n\nTitle: Dance Of The Sugar Plum Fairies / Wagon Wheel \nArtist: Kevin Macleod\n\nTitle: Brain Trust\nArtist: Wayne Jones\n\n편집 : 채씨",
        "thumbnail": "https://i.ytimg.com/vi/oOpj70QUqc4/mqdefault.jpg",
        "youtubeVideoId": "oOpj70QUqc4",
        "uploadedDate": "2020-04-27T11:06:58Z",
        "viewCount": 283281,
        "isCommercial": "False"
    },
    {
        "id": "080b3cbe-177c-4149-aa4a-7b0c4a0a67e0",
        "title": "도박에 중독되어서 영혼까지 털리고 패가망신 했습니다ㅜ윷놀이가 뭐라고ㅋㅋ레전드ㅋㅋ-마젠타 윷놀이 방송 하이라이트!",
        "description": "젠타의 생방송을 보고싶다면 트위치로!\n마젠타 트위치 채널: https://www.twitch.tv/magenta62\n젠타 구독해주기! (*ฅ́˘ฅ̀*)♡: https://bit.ly/2vb9Mp4\n\n마젠타 인스타그램: https://www.instagram.com/magenta_6262\n\n마젠타 트게더: https://tgd.kr/magenta62\n\n매일 방송시간 트게더 공지!\n\n------------------------------------------\n#윷놀이 #트위치 #마젠타\n------------------------------------------\n\n\nBGM Info:\n\nTitle: Dance Of The Sugar Plum Fairies / Wagon Wheel \nArtist: Kevin Macleod\n\nTitle: Brain Trust\nArtist: Wayne Jones",
        "thumbnail": "https://i.ytimg.com/vi/OeGJTaj-ZAA/mqdefault.jpg",
        "youtubeVideoId": "OeGJTaj-ZAA",
        "uploadedDate": "2020-02-06T10:41:33Z",
        "viewCount": 38755,
        "isCommercial": "False"
    },
    {
        "id": "76928a68-6957-47fb-b1c9-56af7ef4d01d",
        "title": "드디어 탈모를 탈출하게 되었습니다!이제 애인생기는 각인가요?-마젠타 탈모탈출게임 하이라이트!",
        "description": "젠타의 생방송을 보고싶다면 트위치로!\n마젠타 트위치 채널: https://www.twitch.tv/magenta62\n젠타 구독해주기! (*ฅ́˘ฅ̀*)♡: https://bit.ly/2vb9Mp4\n\n마젠타 인스타그램: https://www.instagram.com/magenta_6262\n\n마젠타 트게더: https://tgd.kr/magenta62\n\n매일 방송시간 트게더 공지!\n\n------------------------------------------\n#탈모탈출게임 #트위치 #마젠타\n------------------------------------------\n\n\nBGM Info:\n\nTitle: Dance Of The Sugar Plum Fairies / Wagon Wheel \nArtist: Kevin Macleod\n\nTitle: Brain Trust\nArtist: Wayne Jones",
        "thumbnail": "https://i.ytimg.com/vi/-n88KFZuVYc/mqdefault.jpg",
        "youtubeVideoId": "-n88KFZuVYc",
        "uploadedDate": "2019-12-02T11:49:49Z",
        "viewCount": 23992,
        "isCommercial": "False"
    },
    {
        "id": "d2580465-c99a-4b28-8154-67dc9049defc",
        "title": "사진을보고 이야기를 상상해보세요?!소름 돋는 절대 맞출 수 없는 싸이코패스 테스트!다같이 해보아요!정말 충격적인 결과가..?-마젠타 심리테스트방송",
        "description": "젠타의 생방송을 보고싶다면 트위치로!\n마젠타 트위치 채널: https://www.twitch.tv/magenta62\n젠타 구독해주기! (*ฅ́˘ฅ̀*)♡: https://bit.ly/2vb9Mp4\n\n마젠타 인스타그램: https://www.instagram.com/magenta_6262\n\n마젠타 트게더: https://tgd.kr/magenta62\n\n매일 방송시간 트게더 공지!\n\n------------------------------------------\n#싸이코패스  #트위치 #마젠타\n------------------------------------------\n\n\nBGM Info:\n\nTitle: Dance Of The Sugar Plum Fairies / Wagon Wheel \nArtist: Kevin Macleod\n\nTitle: Brain Trust\nArtist: Wayne Jones\n\n편집 : 채씨(wjdgns308@gmail.com)",
        "thumbnail": "https://i.ytimg.com/vi/uo2xLdZ6p3o/mqdefault.jpg",
        "youtubeVideoId": "uo2xLdZ6p3o",
        "uploadedDate": "2019-11-18T08:53:10Z",
        "viewCount": 49100,
        "isCommercial": "False"
    },
    {
        "id": "b3113b41-686d-4b5a-9909-316ed005579b",
        "title": "결국 미쳐버린 마젠타!국어 1등급이아니라 빡대가리인증을 해서 120만원을 날리는데!-마젠타 생방송하이라이트!",
        "description": "젠타의 생방송을 보고싶다면 트위치로!\n마젠타 트위치 채널: https://www.twitch.tv/magenta62\n젠타 구독해주기! (*ฅ́˘ฅ̀*)♡: https://bit.ly/2vb9Mp4\n\n마젠타 인스타그램: https://www.instagram.com/magenta_6262\n\n마젠타 트게더: https://tgd.kr/magenta62\n\n매일 방송시간 트게더 공지!\n\n------------------------------------------\n#한글 #트위치 #마젠타\n------------------------------------------\n\n\nBGM Info:\n\nTitle: Dance Of The Sugar Plum Fairies / Wagon Wheel \nArtist: Kevin Macleod\n\nTitle: Brain Trust\nArtist: Wayne Jones",
        "thumbnail": "https://i.ytimg.com/vi/KsbHT-rKyok/mqdefault.jpg",
        "youtubeVideoId": "KsbHT-rKyok",
        "uploadedDate": "2019-11-08T09:18:48Z",
        "viewCount": 56493,
        "isCommercial": "False"
    },
    {
        "id": "542e8fd1-28b2-49d8-85ab-57e849520e23",
        "title": "아키네이터 도전했는데 너무 음흉합니다!신고해야할까요?-마젠타 생방송하이라이트!",
        "description": "젠타의 생방송을 보고싶다면 트위치로!\n마젠타 트위치 채널: https://www.twitch.tv/magenta62\n젠타 구독해주기! (*ฅ́˘ฅ̀*)♡: https://bit.ly/2vb9Mp4\n\n마젠타 인스타그램: https://www.instagram.com/magenta_6262\n\n마젠타 트게더: https://tgd.kr/magenta62\n\n매일 방송시간 트게더 공지!\n\n------------------------------------------\n#아키네이터 #트위치 #마젠타\n------------------------------------------\n\n\nBGM Info:\n\nTitle: Dance Of The Sugar Plum Fairies / Wagon Wheel \nArtist: Kevin Macleod\n\nTitle: Brain Trust\nArtist: Wayne Jones\n\n편집:채씨(wjdgns308@gmail.com)",
        "thumbnail": "https://i.ytimg.com/vi/ekOR0i-hepg/mqdefault.jpg",
        "youtubeVideoId": "ekOR0i-hepg",
        "uploadedDate": "2019-10-13T09:00:34Z",
        "viewCount": 80605,
        "isCommercial": "False"
    },
    {
        "id": "cc102581-e2e6-490b-afea-859d6d8eba81",
        "title": "[마젠타] 감동게임 안토르의 개(Dog Of Antor) - 함께 해줘서 고마워",
        "description": "젠타의 생방송을 보고싶다면 트위치로!\n마젠타 트위치 채널: https://www.twitch.tv/magenta62\n젠타 구독해주기! (*ฅ́˘ฅ̀*)♡: https://bit.ly/2vb9Mp4\n\n마젠타 인스타그램: https://www.instagram.com/magenta_6262\n\n마젠타 트게더: https://tgd.kr/magenta62\n\n매일 방송시간 트게더 공지!\n\n------------------------------------------\n#게임 #반려견 #감성 #감동 #눈물\n------------------------------------------\n\n게임제목 : 안토르의 개(Dog Of Antor)\n\n------------------------------------------\nOutro Song Info:\nTitle: Love Mode\nArtist: Joakim Karud\n\n편집: 이시안(dawsycat@gmail.com)",
        "thumbnail": "https://i.ytimg.com/vi/y_BW9n2Insc/mqdefault.jpg",
        "youtubeVideoId": "y_BW9n2Insc",
        "uploadedDate": "2019-05-16T12:07:36Z",
        "viewCount": 0,
        "isCommercial": "False"
    },
    {
        "id": "30a4e670-3f18-4fbe-bb03-da09ffe1c811",
        "title": "[마젠타] 마젠타 겜울찐 하이라이트! 어라..? 나.. 어째서 눈물이..?ＴДＴ",
        "description": "젠타의 생방송을 보고싶다면 트위치로! \n마젠타 트위치 채널: https://www.twitch.tv/magenta62\n젠타 구독해주기! (*ฅ́˘ฅ̀*)♡: https://bit.ly/2vb9Mp4\n\n마젠타 인스타그램: https://www.instagram.com/magenta_6262\n\n마젠타 트게더: https://tgd.kr/magenta62\n\n매일 방송시간 트게더 공지!\n\n------------------------------------------\n\n게임제목 : 안토르의 개(Dog Of Antor)\n\n------------------------------------------\n#게임 #반려견 #눈물 #감성 #울보 #감동\n------------------------------------------\nOutro Song Info:\nTitle: Love Mode\nArtist: Joakim Karud\n\n편집: 이시안(dawsycat@gmail.com)",
        "thumbnail": "https://i.ytimg.com/vi/RbVAzwkpoOQ/mqdefault.jpg",
        "youtubeVideoId": "RbVAzwkpoOQ",
        "uploadedDate": "2019-05-16T12:19:09Z",
        "viewCount": 0,
        "isCommercial": "False"
    },
    {
        "id": "e9b3598a-c025-42ab-8b6e-f180151971c5",
        "title": "Private video",
        "description": "This video is private.",
        "thumbnail": null,
        "youtubeVideoId": "Y-r91ywtfiI",
        "uploadedDate": "2021-08-09T09:05:20Z",
        "viewCount": 35261,
        "isCommercial": "True"
    },
    {
        "id": "c93b4577-3713-4a8e-adb4-f32db5e82169",
        "title": "Private video",
        "description": "This video is private.",
        "thumbnail": null,
        "youtubeVideoId": "BbcCmLMoFcI",
        "uploadedDate": "2021-05-06T10:47:00Z",
        "viewCount": 26801,
        "isCommercial": "False"
    },
    {
        "id": "4209e582-d719-40db-8620-d53fee6f539e",
        "title": "Private video",
        "description": "This video is private.",
        "thumbnail": null,
        "youtubeVideoId": "Wf7h8vH4xzc",
        "uploadedDate": "2020-11-27T10:28:56Z",
        "viewCount": 269973,
        "isCommercial": "False"
    },
    {
        "id": "0f9a54be-df1d-4092-ba1e-235a1e7194ae",
        "title": "Private video",
        "description": "This video is private.",
        "thumbnail": null,
        "youtubeVideoId": "OnbSZ35cfGM",
        "uploadedDate": "2020-01-30T10:24:22Z",
        "viewCount": 30455,
        "isCommercial": "False"
    },
    {
        "id": "a6fa460b-7451-4c45-aeed-cb1bfcad23d7",
        "title": "Private video",
        "description": "This video is private.",
        "thumbnail": null,
        "youtubeVideoId": "ywXrtN_j1fc",
        "uploadedDate": "2021-04-23T08:28:22Z",
        "viewCount": 142692,
        "isCommercial": "False"
    },
    {
        "id": "df77b91a-842d-4749-b714-9c2138d0a139",
        "title": "Private video",
        "description": "This video is private.",
        "thumbnail": null,
        "youtubeVideoId": "uy5jNltAIlo",
        "uploadedDate": "2019-10-22T08:22:39Z",
        "viewCount": 153996,
        "isCommercial": "False"
    }
]