[
    {
        "id": "49df295d-b4fd-4a27-a025-08ffd674c20a",
        "title": "[쫀득&꽃쨩] 마인크래프트 살아가기! 쫀득의 이상형은 꽃쨩!? 제 1화 (minecraft)",
        "description": "쫀득님과 꽃쨩님의 마인크래프트 살아가기 입니다!\n쫀득님 아프리카 주소 ㄱ\nafreeca.com/azsxdcff\n꽃쨩님 아프리카 주소 ㄱ\nafreeca.com/kissmeto302\n생방 5시반, 11시반",
        "thumbnail": "https://i.ytimg.com/vi/8DU3p6JwEA4/mqdefault.jpg",
        "youtubeVideoId": "8DU3p6JwEA4",
        "uploadedDate": "2016-04-11T08:45:58Z",
        "viewCount": 0,
        "isCommercial": "False"
    },
    {
        "id": "30b49e98-4cc1-49a7-beb5-1403968cc730",
        "title": "[쫀득&꽃쨩] 마인크래프트 살아가기! 바닷가에 사는 꽃쨩 친구, 쫀득 제 2화 (minecraft)",
        "description": "쫀득님과 꽃쨩님의 마인크래프트 살아가기 입니다!\n쫀득님 아프리카 주소 ㄱ\nafreeca.com/azsxdcff\n꽃쨩님 아프리카 주소 ㄱ\nafreeca.com/kissmeto302\n생방 5시반, 11시반",
        "thumbnail": "https://i.ytimg.com/vi/pmeU89feYp8/mqdefault.jpg",
        "youtubeVideoId": "pmeU89feYp8",
        "uploadedDate": "2016-04-02T05:10:16Z",
        "viewCount": 0,
        "isCommercial": "False"
    },
    {
        "id": "3de896aa-349b-481f-a9d8-ae120e3d772e",
        "title": "[쫀득&꽃쨩] 마인크래프트 살아가기! 꽃쨩아 벚꽃 보러 갈래? 제 3화 (minecraft)",
        "description": "쫀득님과 꽃쨩님의 마인크래프트 살아가기 입니다!\n쫀득님 아프리카 주소 ㄱ\nafreeca.com/azsxdcff\n꽃쨩님 아프리카 주소 ㄱ\nafreeca.com/kissmeto302\n생방 5시반, 11시반",
        "thumbnail": "https://i.ytimg.com/vi/chA48VJXpq8/mqdefault.jpg",
        "youtubeVideoId": "chA48VJXpq8",
        "uploadedDate": "2016-04-02T20:44:16Z",
        "viewCount": 0,
        "isCommercial": "False"
    },
    {
        "id": "4d90b448-58be-4a50-8d45-5a382470db54",
        "title": "[쫀득&꽃쨩] 마인크래프트 살아가기! 우리의 첫 집! 제 4화 (minecraft)",
        "description": "쫀득님과 꽃쨩님의 마인크래프트 살아가기 입니다!\n쫀득님 아프리카 주소 ㄱ\nafreeca.com/azsxdcff\n꽃쨩님 아프리카 주소 ㄱ\nafreeca.com/kissmeto302\n생방 5시반, 11시반",
        "thumbnail": "https://i.ytimg.com/vi/PdHtEFkn9dY/mqdefault.jpg",
        "youtubeVideoId": "PdHtEFkn9dY",
        "uploadedDate": "2016-04-03T05:44:38Z",
        "viewCount": 0,
        "isCommercial": "False"
    },
    {
        "id": "10be1660-f370-46a8-b545-9b741813e2d5",
        "title": "[쫀득&꽃쨩] 마인크래프트 살아가기! 양을 유혹하는 방법 제 5화 (minecraft)",
        "description": "쫀득님과 꽃쨩님의 마인크래프트 살아가기 입니다!\n쫀득님 아프리카 주소 ㄱ\nafreeca.com/azsxdcff\n꽃쨩님 아프리카 주소 ㄱ\nafreeca.com/kissmeto302\n생방 5시반, 11시반",
        "thumbnail": "https://i.ytimg.com/vi/kd_hc3Bgasc/mqdefault.jpg",
        "youtubeVideoId": "kd_hc3Bgasc",
        "uploadedDate": "2016-04-09T01:18:25Z",
        "viewCount": 0,
        "isCommercial": "False"
    },
    {
        "id": "99af4b72-8ed4-4e11-9d09-1a53959c51b1",
        "title": "[쫀득&꽃쨩] 마인크래프트 살아가기! 빵댕이가 중요한 꽃쨩!? 제 10화 (minecraft)",
        "description": "쫀득님과 꽃쨩님의 마인크래프트 살아가기 입니다!\n쫀득님 아프리카 주소 ㄱ\nafreeca.com/azsxdcff\n꽃쨩님 아프리카 주소 ㄱ\nafreeca.com/kissmeto302\n생방 5시반, 11시반",
        "thumbnail": "https://i.ytimg.com/vi/BS1WHYljQvo/mqdefault.jpg",
        "youtubeVideoId": "BS1WHYljQvo",
        "uploadedDate": "2016-04-16T04:57:41Z",
        "viewCount": 0,
        "isCommercial": "False"
    },
    {
        "id": "4be95761-96b4-410b-9252-1c731b701666",
        "title": "[쫀득&꽃쨩] 마인크래프트 살아가기! 금요일은 프라이데이!? 제 8화 (minecraft)",
        "description": "쫀득님과 꽃쨩님의 마인크래프트 살아가기 입니다!\n쫀득님 아프리카 주소 ㄱ\nafreeca.com/azsxdcff\n꽃쨩님 아프리카 주소 ㄱ\nafreeca.com/kissmeto302\n생방 5시반, 11시반",
        "thumbnail": "https://i.ytimg.com/vi/mpCau4ZjcMI/mqdefault.jpg",
        "youtubeVideoId": "mpCau4ZjcMI",
        "uploadedDate": "2016-04-16T04:57:42Z",
        "viewCount": 0,
        "isCommercial": "False"
    },
    {
        "id": "f5896215-9ff4-43c5-8cae-56fa903c7b72",
        "title": "[쫀득&꽃쨩] 마인크래프트 살아가기! 꽃쨩이는 시유?! 제 9화 (minecraft)",
        "description": "쫀득님과 꽃쨩님의 마인크래프트 살아가기 입니다!\n쫀득님 아프리카 주소 ㄱ\nafreeca.com/azsxdcff\n꽃쨩님 아프리카 주소 ㄱ\nafreeca.com/kissmeto302\n생방 5시반, 11시반",
        "thumbnail": "https://i.ytimg.com/vi/wucXYTvuVqA/mqdefault.jpg",
        "youtubeVideoId": "wucXYTvuVqA",
        "uploadedDate": "2016-04-16T04:57:42Z",
        "viewCount": 0,
        "isCommercial": "False"
    },
    {
        "id": "7e2bfc7b-eaf1-41d7-a7a4-9999a15dff29",
        "title": "[쫀득&꽃쨩] 마인크래프트 살아가기! 감독관 꽃쨩!! 제6화 (minecraft)",
        "description": "쫀득님과 꽃쨩님의 마인크래프트 살아가기 입니다!\n쫀득님 아프리카 주소 ㄱ\nafreeca.com/azsxdcff\n꽃쨩님 아프리카 주소 ㄱ\nafreeca.com/kissmeto302\n생방 5시반, 11시반",
        "thumbnail": "https://i.ytimg.com/vi/7IoS-ha2nUg/mqdefault.jpg",
        "youtubeVideoId": "7IoS-ha2nUg",
        "uploadedDate": "2016-05-01T02:38:02Z",
        "viewCount": 0,
        "isCommercial": "False"
    },
    {
        "id": "3cd98bfd-d59a-47d7-b913-a22a9ecaac4d",
        "title": "[쫀득&꽃쨩] 마인크래프트 살아가기! 헤어져 우리!!! 제7화 (minecraft)",
        "description": "쫀득님과 꽃쨩님의 마인크래프트 살아가기 입니다!\n쫀득님 아프리카 주소 ㄱ\nafreeca.com/azsxdcff\n꽃쨩님 아프리카 주소 ㄱ\nafreeca.com/kissmeto302\n생방 5시반, 11시반",
        "thumbnail": "https://i.ytimg.com/vi/lhTcCgzKjwI/mqdefault.jpg",
        "youtubeVideoId": "lhTcCgzKjwI",
        "uploadedDate": "2016-05-01T02:38:28Z",
        "viewCount": 0,
        "isCommercial": "False"
    },
    {
        "id": "9f620829-3176-45b3-a51f-fde361f12be8",
        "title": "[쫀득&꽃쨩] 마인크래프트 살아가기! 도둑 마요!! 제 12화 (minecraft)",
        "description": "쫀득님과 꽃쨩님의 마인크래프트 살아가기 입니다!\n쫀득님 아프리카 주소 ㄱ\nafreeca.com/azsxdcff\n꽃쨩님 아프리카 주소 ㄱ\nafreeca.com/kissmeto302\n생방 5시반, 11시반",
        "thumbnail": "https://i.ytimg.com/vi/Z0Q7O40Ii78/mqdefault.jpg",
        "youtubeVideoId": "Z0Q7O40Ii78",
        "uploadedDate": "2016-05-01T02:48:51Z",
        "viewCount": 0,
        "isCommercial": "False"
    },
    {
        "id": "61184138-4f64-45f6-8dee-1526b367cc34",
        "title": "[쫀득&꽃쨩] 마인크래프트 살아가기! 새로운 사람들과 함께 제 11화 (minecraft)",
        "description": "쫀득님과 꽃쨩님의 마인크래프트 살아가기 입니다!\n쫀득님 아프리카 주소 ㄱ\nafreeca.com/azsxdcff\n꽃쨩님 아프리카 주소 ㄱ\nafreeca.com/kissmeto302\n생방 5시반, 11시반",
        "thumbnail": "https://i.ytimg.com/vi/kdELvt1Vw5A/mqdefault.jpg",
        "youtubeVideoId": "kdELvt1Vw5A",
        "uploadedDate": "2016-05-01T02:48:51Z",
        "viewCount": 0,
        "isCommercial": "False"
    },
    {
        "id": "aaf81a84-d0fe-4370-a8fc-0a142a8d3d5c",
        "title": "마지막 이별의 케이크 만들기.. 제 13화  마인크래프트 살아가기! [쫀득&꽃쨩&가그] (minecraft)",
        "description": "쫀득님과 꽃쨩님의 마인크래프트 살아가기 입니다!\n쫀득님 아프리카 주소 ㄱ\nafreeca.com/azsxdcff\n꽃쨩님 아프리카 주소 ㄱ\nafreeca.com/kissmeto302\n생방 5시반, 11시반",
        "thumbnail": "https://i.ytimg.com/vi/gmLrMCabgPU/mqdefault.jpg",
        "youtubeVideoId": "gmLrMCabgPU",
        "uploadedDate": "2016-05-21T04:12:34Z",
        "viewCount": 0,
        "isCommercial": "False"
    },
    {
        "id": "4045e885-f6b9-48ff-a26d-9f11cfd6e389",
        "title": "잘가 우리집 ㅠ... 제 14화  마인크래프트 살아가기! (엔딩) [쫀득&꽃쨩&가그] (minecraft)",
        "description": "쫀득님과 꽃쨩님의 마인크래프트 살아가기 입니다!\n쫀득님 아프리카 주소 ㄱ\nafreeca.com/azsxdcff\n꽃쨩님 아프리카 주소 ㄱ\nafreeca.com/kissmeto302\n생방 5시반, 11시반",
        "thumbnail": "https://i.ytimg.com/vi/o_KdQubIlOg/mqdefault.jpg",
        "youtubeVideoId": "o_KdQubIlOg",
        "uploadedDate": "2016-05-21T04:12:34Z",
        "viewCount": 0,
        "isCommercial": "False"
    }
]