[
    {
        "id": "d43fed63-3af5-47d2-ae0f-1d0aa0d6c11c",
        "title": "Private video",
        "description": "This video is private.",
        "thumbnail": null,
        "youtubeVideoId": "BP2EUL4UWdw",
        "uploadedDate": "2020-08-22T18:12:23Z",
        "viewCount": 0,
        "isCommercial": "False"
    },
    {
        "id": "26e69bfb-1878-4820-960a-0445b111ee42",
        "title": "Private video",
        "description": "This video is private.",
        "thumbnail": null,
        "youtubeVideoId": "1c02Tt8VCMA",
        "uploadedDate": "2020-08-22T18:23:58Z",
        "viewCount": 0,
        "isCommercial": "False"
    },
    {
        "id": "c6552298-eba1-4679-affc-f42cb366b34d",
        "title": "류으미..친놈의 썰매는 타면 안 돼!",
        "description": "비즈니스 이메일 : tinkerblond@naver.com\n팬카페 : cafe.naver.com/dbevent \n페이스북 : facebook.com/dubbinglady123 \n인스타그램 : instagram.com/tinkerblond",
        "thumbnail": "https://i.ytimg.com/vi/HQzWL_jrA7Y/mqdefault.jpg",
        "youtubeVideoId": "HQzWL_jrA7Y",
        "uploadedDate": "2020-09-06T11:05:20Z",
        "viewCount": 0,
        "isCommercial": "False"
    },
    {
        "id": "44de0593-a4de-4475-bd2b-c9506979db25",
        "title": "더레의 '자낳괴 쓰레쉬' 보여드립니다 ^^7",
        "description": "비즈니스 이메일 : tinkerblond@naver.com\n팬카페 : cafe.naver.com/dbevent \n페이스북 : facebook.com/dubbinglady123 \n인스타그램 : instagram.com/tinkerblond",
        "thumbnail": "https://i.ytimg.com/vi/QAcJKHey1A0/mqdefault.jpg",
        "youtubeVideoId": "QAcJKHey1A0",
        "uploadedDate": "2020-09-06T11:05:20Z",
        "viewCount": 0,
        "isCommercial": "False"
    },
    {
        "id": "0c40031d-016d-4de7-b392-5b876cbc3008",
        "title": "시청자의 지갑을 지켜주는 청렴한 방송인 더빙레이디",
        "description": "비즈니스 이메일 : tinkerblond@naver.com\n팬카페 : cafe.naver.com/dbevent \n페이스북 : facebook.com/dubbinglady123 \n인스타그램 : instagram.com/tinkerblond",
        "thumbnail": "https://i.ytimg.com/vi/FQ_dOMdEUIo/mqdefault.jpg",
        "youtubeVideoId": "FQ_dOMdEUIo",
        "uploadedDate": "2020-09-06T11:05:20Z",
        "viewCount": 0,
        "isCommercial": "False"
    },
    {
        "id": "d7e91373-26e3-479b-87ff-f5ef1b123a85",
        "title": "브론즈에서 실버로 올라가는 꿀팁 공개합니다 ㅋㅋㅋㅋㅋ",
        "description": "(NEW) 굿즈샵 : https://bit.ly/2Gbh56z\n생방송 : twitch.tv/tinkerblond\n비즈니스 이메일 : tinkerblond@naver.com\n팬카페 : cafe.naver.com/dbevent \n인스타그램 : instagram.com/dubbinglady",
        "thumbnail": "https://i.ytimg.com/vi/B0jAANDlRIQ/mqdefault.jpg",
        "youtubeVideoId": "B0jAANDlRIQ",
        "uploadedDate": "2020-09-06T11:08:36Z",
        "viewCount": 14851,
        "isCommercial": "False"
    },
    {
        "id": "c33ac331-df00-4ef7-bf67-03ba089ee2b0",
        "title": "엥? 이거 완전 혜자 아니냐? 완존 대박터진 MSI라구 상자깡 - !!",
        "description": "(NEW) 굿즈샵 : https://bit.ly/2Gbh56z\n생방송 : twitch.tv/tinkerblond\n비즈니스 이메일 : tinkerblond@naver.com\n팬카페 : cafe.naver.com/dbevent \n인스타그램 : instagram.com/dubbinglady",
        "thumbnail": "https://i.ytimg.com/vi/0wDLyuULIaM/mqdefault.jpg",
        "youtubeVideoId": "0wDLyuULIaM",
        "uploadedDate": "2020-09-06T11:08:36Z",
        "viewCount": 20176,
        "isCommercial": "False"
    },
    {
        "id": "65efc480-294d-41ae-8a7b-b32ad7ed0b4b",
        "title": "'나만 봄'을 롤 버전으로 불러보았습니다. [더빙레이디X모드로나티]",
        "description": "(NEW) 굿즈샵 : https://bit.ly/2Gbh56z\n생방송 : twitch.tv/tinkerblond\n비즈니스 이메일 : tinkerblond@naver.com\n팬카페 : cafe.naver.com/dbevent \n인스타그램 : instagram.com/dubbinglady",
        "thumbnail": "https://i.ytimg.com/vi/7wW0fifrocs/mqdefault.jpg",
        "youtubeVideoId": "7wW0fifrocs",
        "uploadedDate": "2020-09-06T11:08:36Z",
        "viewCount": 25826,
        "isCommercial": "False"
    },
    {
        "id": "b3f3f68b-ea6c-44d6-b120-bdfde92142d7",
        "title": "게임 유튜버 더빙레이디, 조교 출신으로 확인되어 '충격'...",
        "description": "(NEW) 굿즈샵 : https://bit.ly/2Gbh56z\r\n팬카페 : cafe.naver.com/dbevent \r\n인스타그램 : instagram.com/dubbinglady\r\n비즈니스 이메일 : tinkerblond@naver.com",
        "thumbnail": "https://i.ytimg.com/vi/JYjbd9bNIaU/mqdefault.jpg",
        "youtubeVideoId": "JYjbd9bNIaU",
        "uploadedDate": "2020-09-06T11:17:33Z",
        "viewCount": 17391,
        "isCommercial": "False"
    },
    {
        "id": "ded28767-cfa6-4a0d-8db2-ca7918db3d60",
        "title": "미스포츈 그 자체..... 더빙레이디...",
        "description": "(NEW) 굿즈샵 : https://bit.ly/2Gbh56z\r\n팬카페 : cafe.naver.com/dbevent \r\n인스타그램 : instagram.com/dubbinglady\r\n비즈니스 이메일 : tinkerblond@naver.com\n#LOL #미스포춘 #원딜",
        "thumbnail": "https://i.ytimg.com/vi/LJYpMiV0hvo/mqdefault.jpg",
        "youtubeVideoId": "LJYpMiV0hvo",
        "uploadedDate": "2020-09-06T11:17:33Z",
        "viewCount": 14554,
        "isCommercial": "False"
    },
    {
        "id": "635daf32-2fac-404c-95ba-aec6f2ad9a85",
        "title": "Private video",
        "description": "This video is private.",
        "thumbnail": null,
        "youtubeVideoId": "CcW4FdMuABU",
        "uploadedDate": "2020-09-06T11:17:33Z",
        "viewCount": 12448,
        "isCommercial": "False"
    },
    {
        "id": "efd96203-f5df-4141-942e-69dd22406dc7",
        "title": "환ㅈ...아니 환상의 듀오 💕 (with.해르시)",
        "description": "〓〓〓〓〓〓〓〓〓〓〓〓〓〓〓〓〓〓〓〓〓〓〓〓〓〓〓〓〓〓\n더빙레이디 채널 구독❤ 좋아요👍 알림설정🔔 해 주실거죠~? 👀💕\n〓〓〓〓〓〓〓〓〓〓〓〓〓〓〓〓〓〓〓〓〓〓〓〓〓〓〓〓〓〓\n❤ 생방송 : https://www.twitch.tv/tinkerblond\n❤ 인스타 : https://www.instagram.com/dubbinglady\n❤ 페이스북 :  https://www.facebook.com/tinkerblond\n❤ 팬카페 : https://cafe.naver.com/dbevent\n❤ 굿즈샵 : http://bitly.kr/c6KxZ9Tv\n❤ 이메일 : tinkerblond@naver.com\n〓〓〓〓〓〓〓〓〓〓〓〓〓〓〓〓〓〓〓〓〓〓〓〓〓〓〓〓〓〓\n#LOL #봇듀오 #해르시",
        "thumbnail": "https://i.ytimg.com/vi/uT4iD1xygUQ/mqdefault.jpg",
        "youtubeVideoId": "uT4iD1xygUQ",
        "uploadedDate": "2020-09-06T11:17:33Z",
        "viewCount": 42717,
        "isCommercial": "False"
    },
    {
        "id": "a6847256-f3e1-4d7c-ad21-8dbe29a9afcb",
        "title": "더레의 호흡 제 1형........ '벽력일섬'",
        "description": "〓〓〓〓〓〓〓〓〓〓〓〓〓〓〓〓〓〓〓〓〓〓〓〓〓〓〓〓〓〓\n더빙레이디 채널 구독❤ 좋아요👍 알림설정🔔 해 주실거죠~? 👀💕\n〓〓〓〓〓〓〓〓〓〓〓〓〓〓〓〓〓〓〓〓〓〓〓〓〓〓〓〓〓〓\n❤ 생방송 : https://www.twitch.tv/tinkerblond\n❤ 인스타 : https://www.instagram.com/dubbinglady\n❤ 페이스북 :  https://www.facebook.com/tinkerblond\n❤ 팬카페 : https://cafe.naver.com/dbevent\n❤ 굿즈샵 : http://bitly.kr/c6KxZ9Tv\n❤ 이메일 : tinkerblond@naver.com\n〓〓〓〓〓〓〓〓〓〓〓〓〓〓〓〓〓〓〓〓〓〓〓〓〓〓〓〓〓〓",
        "thumbnail": "https://i.ytimg.com/vi/RkpfHBbcgTc/mqdefault.jpg",
        "youtubeVideoId": "RkpfHBbcgTc",
        "uploadedDate": "2020-09-06T11:22:30Z",
        "viewCount": 33492,
        "isCommercial": "False"
    }
]