[
    {
        "id": "485d589a-24ea-416d-9c7f-0572a1c11807",
        "title": "동정룩을 입은 아내",
        "description": "트위치 - https://www.twitch.tv/sooflower\n인스타그램 - https://www.instagram.com/soo_flower\n수게더 - https://tgd.kr/sooflower",
        "thumbnail": "https://i.ytimg.com/vi/O3HJd753t_w/mqdefault.jpg",
        "youtubeVideoId": "O3HJd753t_w",
        "uploadedDate": "2021-09-02T06:59:15Z",
        "viewCount": 24565,
        "isCommercial": "False"
    },
    {
        "id": "3b4a4102-d27c-4908-ba31-be32c318d54e",
        "title": "암살 수제 초콜릿 조리사 수련쨩",
        "description": "유하 유하 안녕 수련쟝이에요 발렌타인 기념 영상입니다! \n다들 수련쟝 직캠 많이보고 생방도 봐주시고\n촬영에 협조 해주신 트수님들과 서범이님 그리고 쿠에게 감사합니다!\n\n트위치 - https://www.twitch.tv/sooflower\r\n인스타그램 - https://www.instagram.com/soo_flower\r\n수게더 - https://tgd.kr/sooflower\n\n쿠 유튜브: https://www.youtube.com/channel/UC9Hg39jMTSuMYFKvg4J3QXg\n쿠 인스타: https://instagram.com/vbvbvb25?igshid=i5jp114xc08l\n\n——————————————————————————————————\nMusic provided by 브금대통령\nTrack : 꿈의 왈츠 - https://youtu.be/xZLI501R-iw\n——————————————————————————————————\n\n——————————————————————————————————\nMusic provided by 브금대통령\nTrack : Merry Go Round - https://youtu.be/GWZE4jqIZ10\n——————————————————————————————————\n\n——————————————————————————————————\nMusic provided by 브금대통령\nTrack : 꿈의 왈츠 - https://youtu.be/xZLI501R-iw\n——————————————————————————————————\n\n——————————————————————————————————\nTrack : Could I Love You\nMusic by 브금대통령 \nMusic provided by 브금대통령\nWatch : https://youtu.be/kDtPq7aWyEk\n——————————————————————————————————",
        "thumbnail": "https://i.ytimg.com/vi/ZkeyJAw6rJE/mqdefault.jpg",
        "youtubeVideoId": "ZkeyJAw6rJE",
        "uploadedDate": "2021-09-02T08:58:32Z",
        "viewCount": 0,
        "isCommercial": "False"
    },
    {
        "id": "1fb5fd8f-452d-416e-b036-38ff446cf473",
        "title": "[합방] 팬 선물용 빼빼로 만들면 생기는 일",
        "description": "수련수련\n트위치-https://www.twitch.tv/sooflower\r\n인스타-https://www.instagram.com/soo_flower/\n\n헤티\n트위치-https://www.twitch.tv/hattie_cos\n인스타-https://www.instagram.com/hattie_cos/\n유튜브-https://www.youtube.com/channel/UCb3CjXTRutezTfeXcetXtmA\n\r\n다미\n트위치-https://www.twitch.tv/damicoss\n인스타-https://www.instagram.com/dami_cos/\n유튜브-https://www.youtube.com/channel/UCXFiS_5ZkR1N9XeEIUZ3xuQ\n\n#수련수련 #빼빼로데이 #트위치수련\r\n\n\r\n\n——————————————————————————————————\r\n\nTrack : 강아지같아\r\n\nMusic by 브금대통령 \r\n\nMusic provided by 브금대통령\r\n\nWatch : https://youtu.be/tPxR7npln9w\r\n\n——————————————————————————————————\r\n\n\r\n\nSong : Purple Planet Music - Nice Surprise\r\n\nMusic: https://www.purple-planet.com\r\n\nMusic promoted by DayDreamSound : https://youtu.be/UyqVmG-NmW4\r\n\n\r\n\n——————————————————————————————————",
        "thumbnail": "https://i.ytimg.com/vi/_MJONh5sgRo/mqdefault.jpg",
        "youtubeVideoId": "_MJONh5sgRo",
        "uploadedDate": "2021-09-02T08:58:32Z",
        "viewCount": 0,
        "isCommercial": "False"
    },
    {
        "id": "54ba8bb4-65f9-4752-88bd-648bd50c81a4",
        "title": "야드랑이맛 뒷모습 쿡방",
        "description": "트위치 - https://www.twitch.tv/sooflower\n인스타그램 - https://www.instagram.com/soo_flower\n수게더 - https://tgd.kr/sooflower\n\n#라면전",
        "thumbnail": "https://i.ytimg.com/vi/gzJJubcIfoM/mqdefault.jpg",
        "youtubeVideoId": "gzJJubcIfoM",
        "uploadedDate": "2021-09-02T09:01:45Z",
        "viewCount": 19890,
        "isCommercial": "False"
    },
    {
        "id": "a7786f48-c635-4b3a-bfba-e8f438393336",
        "title": "명치가 착한 찹쌀떡 쿡방",
        "description": "트위치 - https://www.twitch.tv/sooflower\n인스타그램 - https://www.instagram.com/soo_flower\n수게더 - https://tgd.kr/sooflower\n\n#흑밥 #쿡방 #찹쌀떡\n\n▬▬▬▬▬▬▬▬▬▬▬▬▬▬▬▬▬▬▬▬▬▬▬▬▬▬▬▬▬▬▬▬\n🎵Music provided by 브금대통령 \n🎵Track : 딩동당딩동 - https://youtu.be/XR8FOHqcJks \n🎵Track : 걸음마  - https://youtu.be/45rnZMLrYGQ\n🎵Track : Lazy Waltz - https://youtu.be/lz34dgf_v8Q \n🎵Track : 잠자리잡기 - https://youtu.be/UkOw_oz0wGY \n▬▬▬▬▬▬▬▬▬▬▬▬▬▬▬▬▬▬▬▬▬▬▬▬▬▬▬▬▬▬▬▬",
        "thumbnail": "https://i.ytimg.com/vi/qXRUVda2N2E/mqdefault.jpg",
        "youtubeVideoId": "qXRUVda2N2E",
        "uploadedDate": "2021-09-02T09:01:45Z",
        "viewCount": 25586,
        "isCommercial": "False"
    },
    {
        "id": "ef187d5c-44c7-4084-be5f-e1b329f679ec",
        "title": "혼돈의 샌드위치 쿡방",
        "description": "트위치 - https://www.twitch.tv/sooflower\n인스타그램 - https://www.instagram.com/soo_flower\n수게더 - https://tgd.kr/sooflower",
        "thumbnail": "https://i.ytimg.com/vi/H28BF9Gz51k/mqdefault.jpg",
        "youtubeVideoId": "H28BF9Gz51k",
        "uploadedDate": "2021-09-02T09:01:45Z",
        "viewCount": 15455,
        "isCommercial": "False"
    },
    {
        "id": "7eaba4a6-ebbb-4708-a98b-533b2532340e",
        "title": "옆집 미시와 미시룩 쿡방",
        "description": "트위치 - https://www.twitch.tv/sooflower\n인스타그램 - https://www.instagram.com/soo_flower\n수게더 - https://tgd.kr/sooflower\n\n#에디린",
        "thumbnail": "https://i.ytimg.com/vi/I_RwQ0w8D6w/mqdefault.jpg",
        "youtubeVideoId": "I_RwQ0w8D6w",
        "uploadedDate": "2021-09-02T09:01:45Z",
        "viewCount": 70424,
        "isCommercial": "False"
    },
    {
        "id": "9730d96a-e9e5-4814-970e-ed28212de6a9",
        "title": "백종원도 감탄할 얼음맛 스테이크 쿡방",
        "description": "트위치 - https://www.twitch.tv/sooflower\n인스타그램 - https://www.instagram.com/soo_flower\n수게더 - https://tgd.kr/sooflower\n\n#얼음맛스테이크 #쿡방",
        "thumbnail": "https://i.ytimg.com/vi/6wU12RPLUVw/mqdefault.jpg",
        "youtubeVideoId": "6wU12RPLUVw",
        "uploadedDate": "2021-09-02T09:01:45Z",
        "viewCount": 0,
        "isCommercial": "False"
    },
    {
        "id": "395b9251-4ad2-467d-aba7-1fcdc1d2d861",
        "title": "그... 수련씨는 제육을... 잘 볶나?",
        "description": "트위치 - https://www.twitch.tv/sooflower\n인스타그램 - https://www.instagram.com/soo_flower\n수게더 - https://tgd.kr/sooflower",
        "thumbnail": "https://i.ytimg.com/vi/y6pNxK0Sv_Q/mqdefault.jpg",
        "youtubeVideoId": "y6pNxK0Sv_Q",
        "uploadedDate": "2021-09-02T09:19:59Z",
        "viewCount": 128983,
        "isCommercial": "False"
    },
    {
        "id": "d355537f-0835-4659-9b16-661a1113420d",
        "title": "그... 수련씨는 제육을... 잘 볶나?",
        "description": "트위치 - https://www.twitch.tv/sooflower\n인스타그램 - https://www.instagram.com/soo_flower\n수게더 - https://tgd.kr/sooflower",
        "thumbnail": "https://i.ytimg.com/vi/y6pNxK0Sv_Q/mqdefault.jpg",
        "youtubeVideoId": "y6pNxK0Sv_Q",
        "uploadedDate": "2021-09-02T09:20:42Z",
        "viewCount": 128983,
        "isCommercial": "False"
    },
    {
        "id": "d3000982-6d56-4409-81bf-7bc5d43467d1",
        "title": "우리 집에서 짜파구리 먹고 갈래?",
        "description": "트위치 - https://www.twitch.tv/sooflower\n인스타그램 - https://www.instagram.com/soo_flower\n수게더 - https://tgd.kr/sooflower\n\n\n🎵 브금대통령 - 오빠자꾸방구껴\n🎵 https://youtu.be/P8iGb2LVQVY\n---------------------------------------------------------------\n🎵 브금대통령 - 브금의 숲\n🎵 https://youtu.be/bVMW54kAO94",
        "thumbnail": "https://i.ytimg.com/vi/s7Owg95TRV4/mqdefault.jpg",
        "youtubeVideoId": "s7Owg95TRV4",
        "uploadedDate": "2021-09-02T09:20:42Z",
        "viewCount": 53394,
        "isCommercial": "False"
    },
    {
        "id": "34f3b377-bf23-402e-af25-0f05c573d274",
        "title": "해물 파전 만드는 요리(?) 방송 by.수련수련",
        "description": "#요리방송 #수련 #해물파전 \n\n트위치 - https://www.twitch.tv/sooflower\r\n인스타그램 - https://www.instagram.com/soo_flower\r\n수게더 - https://tgd.kr/sooflower\n\n🎵Music provided by 브금대통령\n🎵Track : 귀여운 BGM 모음 - https://youtu.be/hgNrf9QqAA0",
        "thumbnail": "https://i.ytimg.com/vi/06XJGd-lnqY/mqdefault.jpg",
        "youtubeVideoId": "06XJGd-lnqY",
        "uploadedDate": "2021-09-02T09:25:42Z",
        "viewCount": 0,
        "isCommercial": "False"
    },
    {
        "id": "b97e2180-58cd-41fb-8f21-a39380b5bdf8",
        "title": "해물 파전 만드는 요리(?) 방송 by.수련수련",
        "description": "#요리방송 #수련 #해물파전 \n\n트위치 - https://www.twitch.tv/sooflower\r\n인스타그램 - https://www.instagram.com/soo_flower\r\n수게더 - https://tgd.kr/sooflower\n\n🎵Music provided by 브금대통령\n🎵Track : 귀여운 BGM 모음 - https://youtu.be/hgNrf9QqAA0",
        "thumbnail": "https://i.ytimg.com/vi/06XJGd-lnqY/mqdefault.jpg",
        "youtubeVideoId": "06XJGd-lnqY",
        "uploadedDate": "2021-09-02T09:25:51Z",
        "viewCount": 0,
        "isCommercial": "False"
    },
    {
        "id": "53d3810d-9371-4fcf-98a1-40193ee5388c",
        "title": "달고나가 쓰고나",
        "description": "#달고나만들기 #수련 #트위치수련 \n\n트위치 - https://www.twitch.tv/sooflower\r\n인스타그램 - https://www.instagram.com/soo_flower\r\n수게더 - https://tgd.kr/sooflower\n\n🎵Music provided by 브금대통령\n🎵Track : 귀여운 BGM 모음 - https://youtu.be/hgNrf9QqAA0",
        "thumbnail": "https://i.ytimg.com/vi/9XovhjalGPM/mqdefault.jpg",
        "youtubeVideoId": "9XovhjalGPM",
        "uploadedDate": "2021-09-02T09:25:51Z",
        "viewCount": 0,
        "isCommercial": "False"
    },
    {
        "id": "e47705c5-d7d4-4779-ae67-31efd01b19dc",
        "title": "아주 위험한(?) 막걸리 만들기",
        "description": "#쿠치카미자케 #트위치수련 #수련련식당\n\n트위치 - https://www.twitch.tv/sooflower\r\n인스타그램 - https://www.instagram.com/soo_flower\r\n수게더 - https://tgd.kr/sooflower\n\n🎵Music provided by 브금대통령\n🎵Track : 귀여운 BGM 모음 - https://youtu.be/hgNrf9QqAA0",
        "thumbnail": "https://i.ytimg.com/vi/JjSIZxnGdPs/mqdefault.jpg",
        "youtubeVideoId": "JjSIZxnGdPs",
        "uploadedDate": "2021-09-02T09:25:51Z",
        "viewCount": 0,
        "isCommercial": "False"
    },
    {
        "id": "9a5789e5-d80a-4961-820f-3e9e46edb612",
        "title": "놀랍게도 꿈이 현모양처",
        "description": "#련식당 #산적꼬치 #쿡방\n\n트위치 - https://www.twitch.tv/sooflower\n인스타그램 - https://www.instagram.com/soo_flower\n수게더 - https://tgd.kr/sooflower\n\n🎵 Song : Ujabes - Hiraeth\n🎵 Music provided by Ujabes of RAUMI\n🎵 Official Video Link: https://youtu.be/6skdqSMkzJw\n\n♬ Music provided by 브금대통령\n♬ Track : 조별과제 - https://youtu.be/wLuWmPrJkSk\n---------------------------------------------------------------\n♬ Music provided by 브금대통령\n♬ Track : 댕청댕청 - https://youtu.be/5qEI_xTPa-Q\n---------------------------------------------------------------\n♬ Music provided by 브금대통령\n♬ Track : Confusing Road - https://youtu.be/ydPppyQQdPc",
        "thumbnail": "https://i.ytimg.com/vi/5bOtOq6eDck/mqdefault.jpg",
        "youtubeVideoId": "5bOtOq6eDck",
        "uploadedDate": "2021-09-02T09:25:51Z",
        "viewCount": 0,
        "isCommercial": "False"
    },
    {
        "id": "f4ca67b1-fe79-40bc-a384-e254bac5f2e6",
        "title": "해물 파전 만드는 요리(?) 방송 by.수련수련",
        "description": "#요리방송 #수련 #해물파전 \n\n트위치 - https://www.twitch.tv/sooflower\r\n인스타그램 - https://www.instagram.com/soo_flower\r\n수게더 - https://tgd.kr/sooflower\n\n🎵Music provided by 브금대통령\n🎵Track : 귀여운 BGM 모음 - https://youtu.be/hgNrf9QqAA0",
        "thumbnail": "https://i.ytimg.com/vi/06XJGd-lnqY/mqdefault.jpg",
        "youtubeVideoId": "06XJGd-lnqY",
        "uploadedDate": "2021-09-02T09:26:03Z",
        "viewCount": 0,
        "isCommercial": "False"
    },
    {
        "id": "08d408e9-839a-4493-829e-2ef3cec0c29a",
        "title": "달고나가 쓰고나",
        "description": "#달고나만들기 #수련 #트위치수련 \n\n트위치 - https://www.twitch.tv/sooflower\r\n인스타그램 - https://www.instagram.com/soo_flower\r\n수게더 - https://tgd.kr/sooflower\n\n🎵Music provided by 브금대통령\n🎵Track : 귀여운 BGM 모음 - https://youtu.be/hgNrf9QqAA0",
        "thumbnail": "https://i.ytimg.com/vi/9XovhjalGPM/mqdefault.jpg",
        "youtubeVideoId": "9XovhjalGPM",
        "uploadedDate": "2021-09-02T09:26:03Z",
        "viewCount": 0,
        "isCommercial": "False"
    },
    {
        "id": "b786e91e-e739-4b71-9503-d3e999b8cab3",
        "title": "아주 위험한(?) 막걸리 만들기",
        "description": "#쿠치카미자케 #트위치수련 #수련련식당\n\n트위치 - https://www.twitch.tv/sooflower\r\n인스타그램 - https://www.instagram.com/soo_flower\r\n수게더 - https://tgd.kr/sooflower\n\n🎵Music provided by 브금대통령\n🎵Track : 귀여운 BGM 모음 - https://youtu.be/hgNrf9QqAA0",
        "thumbnail": "https://i.ytimg.com/vi/JjSIZxnGdPs/mqdefault.jpg",
        "youtubeVideoId": "JjSIZxnGdPs",
        "uploadedDate": "2021-09-02T09:26:03Z",
        "viewCount": 0,
        "isCommercial": "False"
    },
    {
        "id": "e1f89a52-d361-448f-ad69-adad8c0b0684",
        "title": "놀랍게도 꿈이 현모양처",
        "description": "#련식당 #산적꼬치 #쿡방\n\n트위치 - https://www.twitch.tv/sooflower\n인스타그램 - https://www.instagram.com/soo_flower\n수게더 - https://tgd.kr/sooflower\n\n🎵 Song : Ujabes - Hiraeth\n🎵 Music provided by Ujabes of RAUMI\n🎵 Official Video Link: https://youtu.be/6skdqSMkzJw\n\n♬ Music provided by 브금대통령\n♬ Track : 조별과제 - https://youtu.be/wLuWmPrJkSk\n---------------------------------------------------------------\n♬ Music provided by 브금대통령\n♬ Track : 댕청댕청 - https://youtu.be/5qEI_xTPa-Q\n---------------------------------------------------------------\n♬ Music provided by 브금대통령\n♬ Track : Confusing Road - https://youtu.be/ydPppyQQdPc",
        "thumbnail": "https://i.ytimg.com/vi/5bOtOq6eDck/mqdefault.jpg",
        "youtubeVideoId": "5bOtOq6eDck",
        "uploadedDate": "2021-09-02T09:26:03Z",
        "viewCount": 0,
        "isCommercial": "False"
    },
    {
        "id": "d6f74596-7029-43b2-9843-cee059abcfec",
        "title": "수련포차 오픈했습니다!",
        "description": "#수련칵테일 #수련 #수련포차\n\n트위치 - https://www.twitch.tv/sooflower\r\n인스타그램 - https://www.instagram.com/soo_flower\r\n수게더 - https://tgd.kr/sooflower\n\n♬ Music provided by 브금대통령\n♬ Track : 댕청댕청 - https://youtu.be/5qEI_xTPa-Q\n---------------------------------------------------------------\n♬ Music provided by 브금대통령\n♬ Track : 조별과제 - https://youtu.be/wLuWmPrJkSk\n---------------------------------------------------------------\n♬ Music provided by 브금대통령\n♬ Track : Confusing Road - https://youtu.be/ydPppyQQdPc",
        "thumbnail": "https://i.ytimg.com/vi/qbcdYBHeIOk/mqdefault.jpg",
        "youtubeVideoId": "qbcdYBHeIOk",
        "uploadedDate": "2021-09-02T09:26:03Z",
        "viewCount": 0,
        "isCommercial": "False"
    },
    {
        "id": "38c2f0cb-f3f6-474b-ac01-716ea488d1e2",
        "title": "머머리들을 위한 타코야끼 요리방송",
        "description": "#타코야키만들기 #트수먹이고싶다 #수련\n\n트위치 - https://www.twitch.tv/sooflower\r\n인스타그램 - https://www.instagram.com/soo_flower\r\n수게더 - https://tgd.kr/sooflower\n\n🎵Music provided by 브금대통령\n🎵Track : 귀여운 BGM 모음 - https://youtu.be/hgNrf9QqAA0",
        "thumbnail": "https://i.ytimg.com/vi/XviADhsGQyo/mqdefault.jpg",
        "youtubeVideoId": "XviADhsGQyo",
        "uploadedDate": "2021-09-02T09:26:20Z",
        "viewCount": 0,
        "isCommercial": "False"
    },
    {
        "id": "f09c3790-4cb8-4f05-a35d-d62b0b2915ef",
        "title": "닭볶음탕은... 사드세요... 제발",
        "description": "트위치 - https://www.twitch.tv/sooflower\n인스타그램 - https://www.instagram.com/soo_flower\n수게더 - https://tgd.kr/sooflower\n\n#닭볶음탕 #쿡방 #요리",
        "thumbnail": "https://i.ytimg.com/vi/W7LsllYkhMg/mqdefault.jpg",
        "youtubeVideoId": "W7LsllYkhMg",
        "uploadedDate": "2021-09-02T09:39:03Z",
        "viewCount": 27312,
        "isCommercial": "False"
    },
    {
        "id": "01868db1-8c9e-4ed1-af2d-bf86a5840f06",
        "title": "닭볶음탕은... 사드세요... 제발",
        "description": "트위치 - https://www.twitch.tv/sooflower\n인스타그램 - https://www.instagram.com/soo_flower\n수게더 - https://tgd.kr/sooflower\n\n#닭볶음탕 #쿡방 #요리",
        "thumbnail": "https://i.ytimg.com/vi/W7LsllYkhMg/mqdefault.jpg",
        "youtubeVideoId": "W7LsllYkhMg",
        "uploadedDate": "2021-09-02T09:39:08Z",
        "viewCount": 27312,
        "isCommercial": "False"
    },
    {
        "id": "f6325731-469d-4929-ac6b-2f7f6fc566e2",
        "title": "장어가 그렇게 남자몸에 좋다던데..",
        "description": "트위치 - https://www.twitch.tv/sooflower\n인스타그램 - https://www.instagram.com/soo_flower\n수게더 - https://tgd.kr/sooflower\n\n🎵 브금대통령 - 오빠자꾸방구껴\n🎵 https://youtu.be/P8iGb2LVQVY\n---------------------------------------------------------------\n🎵 브금대통령 - 브금의 숲\n🎵 https://youtu.be/bVMW54kAO94\n---------------------------------------------------------------\n🎵 브금대통령 - 햄스터의 모험\n🎵 https://youtu.be/xfFzi-ryDVQ",
        "thumbnail": "https://i.ytimg.com/vi/ShKYd9LJZUQ/mqdefault.jpg",
        "youtubeVideoId": "ShKYd9LJZUQ",
        "uploadedDate": "2021-09-02T09:39:08Z",
        "viewCount": 97823,
        "isCommercial": "False"
    },
    {
        "id": "bae1aa6d-52cc-4253-b96d-b4a97032caf8",
        "title": "청바지로도 감출 수 없는 뒷태",
        "description": "트위치 - https://www.twitch.tv/sooflower\n인스타그램 - https://www.instagram.com/soo_flower\n수게더 - https://tgd.kr/sooflower\n\n🎵 브금대통령 - 조별과제\n🎵 https://youtu.be/wLuWmPrJkSk\n---------------------------------------------------------------\n🎵 브금대통령 - 댕청댕청\n🎵 https://youtu.be/5qEI_xTPaQ\n---------------------------------------------------------------\n🎵 브금대통령 - 도둑의 계획\n🎵 https://youtu.be/CKuI-6-Izhc\n---------------------------------------------------------------\n🎵 브금대통령 - 햄스터의 모험\n🎵 https://youtu.be/xfFzi-ryDVQ\n\n#청바지 #뒷태 #쿡방",
        "thumbnail": "https://i.ytimg.com/vi/eilN_RX6BCU/mqdefault.jpg",
        "youtubeVideoId": "eilN_RX6BCU",
        "uploadedDate": "2021-09-02T09:39:35Z",
        "viewCount": 132118,
        "isCommercial": "False"
    },
    {
        "id": "a8a40bbb-3f55-4ef8-887b-28d10b2acbee",
        "title": "교복 입고 폭탄주를 말아봤습니다",
        "description": "트위치 - https://www.twitch.tv/sooflower\n인스타그램 - https://www.instagram.com/soo_flower\n수게더 - https://tgd.kr/sooflower\n\n\n#해리포터 #버터맥주 #쿡방",
        "thumbnail": "https://i.ytimg.com/vi/up1UDqAtiQg/mqdefault.jpg",
        "youtubeVideoId": "up1UDqAtiQg",
        "uploadedDate": "2021-09-02T09:43:33Z",
        "viewCount": 0,
        "isCommercial": "False"
    },
    {
        "id": "61056867-2d82-4f8c-a355-76d1f1372462",
        "title": "백종원도 감탄할 얼음맛 스테이크 쿡방",
        "description": "트위치 - https://www.twitch.tv/sooflower\n인스타그램 - https://www.instagram.com/soo_flower\n수게더 - https://tgd.kr/sooflower\n\n#얼음맛스테이크 #쿡방",
        "thumbnail": "https://i.ytimg.com/vi/6wU12RPLUVw/mqdefault.jpg",
        "youtubeVideoId": "6wU12RPLUVw",
        "uploadedDate": "2021-09-02T09:43:33Z",
        "viewCount": 0,
        "isCommercial": "False"
    },
    {
        "id": "c7c05cf9-5eea-46bf-b9b6-11981becef43",
        "title": "일본 요리 해주는 누나",
        "description": "■ 비즈니스 문의 : sooflower2@naver.com\n\n□트위치 - https://www.twitch.tv/sooflower\n□인스타그램 - https://www.instagram.com/soo_flower\n□수게더 - https://tgd.kr/sooflower\n\n🎵Music provided by 브금대통령\n🎵Track :\n맛있다 달고나커피 - https://youtu.be/lhgAmp0S-TU\n날아라 슈퍼코기 - https://youtu.be/PZlQXsEPJ6M\nBrunch - https://youtu.be/bO5FQBl77VU\nGo to the 선유아일랜드  - https://youtu.be/gvXP2wnv96A\nSparkling Juice  - https://youtu.be/_TZaXRZq32k\nI saw you in my dream - https://youtu.be/hoFdO0lWY7M\n\n#나가시소멘 #쿡방 #브이로그\n\n본 음성은 인공지능 성우 서비스 타입캐스트에서 제작되었습니다.\n인공지능 성우 찬우 https://typecast.ai",
        "thumbnail": "https://i.ytimg.com/vi/WdyoxtohM9A/mqdefault.jpg",
        "youtubeVideoId": "WdyoxtohM9A",
        "uploadedDate": "2021-09-03T17:39:19Z",
        "viewCount": 6344,
        "isCommercial": "False"
    },
    {
        "id": "3df1f702-d993-46e0-be5b-25ed8501fb61",
        "title": "우리 집 팬케이크 먹고 갈래?",
        "description": "■ 비즈니스 문의 : sooflower2@naver.com\n\n□트위치 - https://www.twitch.tv/sooflower\n□인스타그램 - https://www.instagram.com/soo_flower\n□수게더 - https://tgd.kr/sooflower",
        "thumbnail": "https://i.ytimg.com/vi/26vTZ4nlCdo/mqdefault.jpg",
        "youtubeVideoId": "26vTZ4nlCdo",
        "uploadedDate": "2021-09-12T08:08:07Z",
        "viewCount": 28759,
        "isCommercial": "False"
    },
    {
        "id": "949bd4c2-0fb8-4766-afb7-fab038412813",
        "title": "초 카와이 치파오소녀의 소떡소떡 만들기 방송",
        "description": "■ 비즈니스 문의 : sooflower2@naver.com\n\n안녕하세요 치파오? 차이나 드레스? 만두머리를 한 수련짱이 소떡소떡과 베이컨 말이를 만들어보았습니다! 또 먹고 싶네요.,\n\n□트위치 - https://www.twitch.tv/sooflower\n□인스타그램 - https://www.instagram.com/soo_flower\n□수게더 - https://tgd.kr/sooflower\n\n#소떡소떡 #쿡방 #치파오",
        "thumbnail": "https://i.ytimg.com/vi/gAgjCqPliFE/mqdefault.jpg",
        "youtubeVideoId": "gAgjCqPliFE",
        "uploadedDate": "2021-10-28T08:05:27Z",
        "viewCount": 16304,
        "isCommercial": "False"
    },
    {
        "id": "89275c38-b6b5-4457-ac09-e2914bcb0c97",
        "title": "소문의 일본 미시룩! 한국 최초로 입고 쿡방 했습니다",
        "description": "안녕하세요~오늘은 일본 픽시브에서 핫한 그 미시룩 코스프레를 하고 우렁된장을 끓여보았습니다! 한껏 꾸민 나 ..조금 미시같이 보이나요?ㅎㅎ\n오늘도 재밌게 봐주세요!감사합니다~\n■ 비즈니스 문의 : sooflower2@naver.com\n\n□트위치 - https://www.twitch.tv/sooflower\n□인스타그램 - https://www.instagram.com/soo_flower\n□수게더 - https://tgd.kr/sooflower",
        "thumbnail": "https://i.ytimg.com/vi/no_UhJ_Z5cY/mqdefault.jpg",
        "youtubeVideoId": "no_UhJ_Z5cY",
        "uploadedDate": "2021-10-28T08:05:43Z",
        "viewCount": 39481,
        "isCommercial": "False"
    },
    {
        "id": "289a0059-8d01-4bd9-b4e6-141b654dcc1b",
        "title": "그치만! 이런 행동이 아니면 남동생..내게 관심도 없는걸!",
        "description": "■ 비즈니스 문의 : sooflower2@naver.com\n\n□트위치 - https://www.twitch.tv/sooflower\n□인스타그램 - https://www.instagram.com/soo_flower\n□수게더 - https://tgd.kr/sooflower\n\n\n#남동생 #합방 #쿡방\n\n본 음성은 인공지능 성우 서비스 타입캐스트에서 제작되었습니다.\n인공지능 성우 찬구",
        "thumbnail": "https://i.ytimg.com/vi/kjYI6ccQLZk/mqdefault.jpg",
        "youtubeVideoId": "kjYI6ccQLZk",
        "uploadedDate": "2021-11-12T02:21:43Z",
        "viewCount": 20508,
        "isCommercial": "False"
    },
    {
        "id": "ac60abf9-a496-4eee-8d24-73a6f117f8ff",
        "title": "겨드랑이 미녀의 당고 쿡방",
        "description": "\"안녕하세요 오늘은 원신의 신캐릭터 야에 코스프레를 하고 겨울맞이 간장당고 쿡방을 해봤습니다 역대급 난이도에 너무 어지럽게 만들었으니 다들 재밌게 봐주세요\"\n\nMusic provided by 브금대통령 \nTrack :\n 잠자리잡기 - https://youtu.be/UkOw_oz0wGY \n써니사이드업 - https://youtu.be/x7uK5IwqqIw\nChicken Run - https://youtu.be/Jxn_5jtrulA\n댕청댕청 - https://youtu.be/5qEI_xTPa-Q \n\n자막 : #나눔템플릿\n\n■ 비즈니스 문의 : sooflower2@naver.com\n\n□트위치 - https://www.twitch.tv/sooflower\n□인스타그램 - https://www.instagram.com/soo_flower\n□수게더 - https://tgd.kr/sooflower\n\n#코스프레 #야에 #원신",
        "thumbnail": "https://i.ytimg.com/vi/WwRcyn5mrR0/mqdefault.jpg",
        "youtubeVideoId": "WwRcyn5mrR0",
        "uploadedDate": "2021-12-12T08:15:58Z",
        "viewCount": 27030,
        "isCommercial": "False"
    },
    {
        "id": "d1cd0d1d-bc30-445e-92da-f20b1f945edf",
        "title": "지퍼 내리기 마려운 미시의 오차즈케 쿡방",
        "description": "■ 비즈니스 문의 : sooflower2@naver.com\n\n\"안녕하세요 수련수련입니다 국내 이자카야에 가면은 먹을 수 있는 오차츠케와 명란오이구이 쿡방을 해봤어요!! 수련수련 요리에서 나름 상위권에 들 만큼 맛있었습니다!\n\n□트위치 - https://www.twitch.tv/sooflower\n□인스타그램 - https://www.instagram.com/soo_flower\n□수게더 - https://tgd.kr/sooflower\n\n#쿡방 #요리 #오차츠케 \n\n본 음성은 인공지능 성우 서비스 타입캐스트에서 제작되었습니다. 인공지능 성우 찬구",
        "thumbnail": "https://i.ytimg.com/vi/efutOZL9vmY/mqdefault.jpg",
        "youtubeVideoId": "efutOZL9vmY",
        "uploadedDate": "2022-01-22T08:53:24Z",
        "viewCount": 31360,
        "isCommercial": "False"
    },
    {
        "id": "e1f52037-1d9f-46a0-84bf-b345c84fd162",
        "title": "돌쇠야 이리 와서 떡을 먹어 보거라",
        "description": "\"코스프레와 어울리는 음식을 찾다가 우유떡 레시피를 보고 직접 만들어봤어요! 의외로 쉬운 편이라 저도 많이 놀란 쿡방....\" \n\n■ 비즈니스 문의 : sooflower2@naver.com\n\n□트위치 - https://www.twitch.tv/sooflower\n□인스타그램 - https://www.instagram.com/soo_flower\n□수게더 - https://tgd.kr/sooflower\n\n#우유떡 #쿡방 #요리",
        "thumbnail": "https://i.ytimg.com/vi/ABkJOBRpo0I/mqdefault.jpg",
        "youtubeVideoId": "ABkJOBRpo0I",
        "uploadedDate": "2022-02-17T07:59:05Z",
        "viewCount": 23775,
        "isCommercial": "False"
    },
    {
        "id": "0059d227-6ece-4a99-92f2-ad93bcf20101",
        "title": "겨부심이 있는 아내의 마시멜로우 핫초코 쿡방",
        "description": "■ 비즈니스 문의 : sooflower2@naver.com\n\n□트위치 - https://www.twitch.tv/sooflower\n□인스타그램 - https://www.instagram.com/soo_flower\n□수게더 - https://tgd.kr/sooflower\n\n#쿡방 #마시멜로우 #핫초코",
        "thumbnail": "https://i.ytimg.com/vi/hNRzS7pVDEM/mqdefault.jpg",
        "youtubeVideoId": "hNRzS7pVDEM",
        "uploadedDate": "2022-02-23T08:27:39Z",
        "viewCount": 18596,
        "isCommercial": "False"
    },
    {
        "id": "3c0e706a-4f64-4cb7-b298-b75a64f6bfb9",
        "title": "[네즈코] 우마이 도시락     |    만들어보았다",
        "description": "\"안녕하세요! 여러분 네츠코 코스프레 하고 쿡방을 진행해봤습니다!  제가 이번에 만든 음식은 규나베 도시락으로 소고기랑 버섯 파를 다지고 졸인 국물에 볶아서 밥에 얹어 먹는 음식인데요~! 꽤 난이도가 있는 음식이라 생각 했는데 만들고 먹어 보니까 나름 괜찮은 쿡방이었던 것 같아요! 재미있게 보셨다면 구독과 좋아요 부탁드려요!\"\n\n■ 비즈니스 문의 : sooflower2@naver.com\n\n□트위치 - https://www.twitch.tv/sooflower\n□인스타그램 - https://www.instagram.com/soo_flower\n□수게더 - https://tgd.kr/sooflower\n\n#쿡방 #네츠코 #귀멸의칼날\n자막 : 나눔템플릿",
        "thumbnail": "https://i.ytimg.com/vi/Q46qA5ih0x4/mqdefault.jpg",
        "youtubeVideoId": "Q46qA5ih0x4",
        "uploadedDate": "2022-02-23T09:02:47Z",
        "viewCount": 12000,
        "isCommercial": "False"
    },
    {
        "id": "9dd20bdc-dd33-470a-9e7f-89f1588b2ab2",
        "title": "코스프레 하고 재료 사러 갔다 온 나.. 레전드 머핀 쿡방",
        "description": "\"정말로 맛있는 머핀을 다들 좋아하셔서 다행이네요 ^ㅇ^ 다음엔 더욱더 신박한 요리로 편집자님과 매니저님께 드려야 할 것 같아요.\"\n\n■ 비즈니스 문의 : sooflower2@naver.com\n\n□트위치 - https://www.twitch.tv/sooflower\n□인스타그램 - https://www.instagram.com/soo_flower\n□수게더 - https://tgd.kr/sooflower\n\n#쿡방 #요리 #머핀\n자막 : 나눔템플릿",
        "thumbnail": "https://i.ytimg.com/vi/mGyKL2pVmsQ/mqdefault.jpg",
        "youtubeVideoId": "mGyKL2pVmsQ",
        "uploadedDate": "2022-03-23T09:06:49Z",
        "viewCount": 15871,
        "isCommercial": "False"
    },
    {
        "id": "90a8c76c-8705-490f-a4db-819f00194b0c",
        "title": "자본에 굴복한 남동생",
        "description": "\"다음엔 어떤 음식을 만들어줄지 레시피 목록이 가득하네요~! 열심히 요리 음식 남동생에게 먹여주고 싶은 누나 마음 알려나..?\"\n\n■ 비즈니스 문의 : sooflower2@naver.com\n\n□트위치 - https://www.twitch.tv/sooflower\n□인스타그램 - https://www.instagram.com/soo_flower\n□수게더 - https://tgd.kr/sooflower",
        "thumbnail": "https://i.ytimg.com/vi/u14zmFBFkf4/mqdefault.jpg",
        "youtubeVideoId": "u14zmFBFkf4",
        "uploadedDate": "2022-03-27T08:55:19Z",
        "viewCount": 8767,
        "isCommercial": "False"
    },
    {
        "id": "06d6ec49-6d20-4b51-bf21-4cf83f7b36b0",
        "title": "미츠리가 만든 벚꽃 젤리 먹을래?[코스프레 쿡방]",
        "description": "■ 비즈니스 문의 : sooflower2@naver.com\n\n\"안녕하세요~ 여러분! 이제 벚꽃이 지고 여름이 다가오고 있는데요~! 봄을 추억하며 재작년에 했던 미츠리 코스프레를 하고, 벚꽃 젤리를 만드는 쿡방을 영상으로 담아서 만들었답니다! 재미있게 봐주셨으면 구독과 좋아요 부탁드려요!\"\n\n□트위치 - https://www.twitch.tv/sooflower\n□인스타그램 - https://www.instagram.com/soo_flower\n□수게더 - https://tgd.kr/sooflower\n\n#미츠리 #쿡방 #코스프레",
        "thumbnail": "https://i.ytimg.com/vi/vYKWpJyB7Uw/mqdefault.jpg",
        "youtubeVideoId": "vYKWpJyB7Uw",
        "uploadedDate": "2022-04-17T09:20:06Z",
        "viewCount": 13145,
        "isCommercial": "False"
    },
    {
        "id": "17c1c179-ee9a-4e36-973c-1cfbe20f94a4",
        "title": "지옥의 와갤 요리를 연성해버렸습니다..-제이나 코스프레 방송",
        "description": "■ 비즈니스 문의 : sooflower2@naver.com\n\n\"수련수련의 특제 바삭바삭한 거미튀김..\"\n\n□트위치 - https://www.twitch.tv/sooflower\n□인스타그램 - https://www.instagram.com/soo_flower\n□수게더 - https://tgd.kr/sooflower\n\n#와갤요리 #요리 #쿡방",
        "thumbnail": "https://i.ytimg.com/vi/eKWQeWH7z5c/mqdefault.jpg",
        "youtubeVideoId": "eKWQeWH7z5c",
        "uploadedDate": "2022-08-25T09:34:28Z",
        "viewCount": 10750,
        "isCommercial": "False"
    },
    {
        "id": "765e4302-ddee-4f18-bdd6-ef2e0d0996db",
        "title": "마님이 만든 피콜로 송편 먹을래?",
        "description": "■ 비즈니스 문의 : sooflower2@naver.com\n\n\"추석 기념으로 피콜로 송편을 만들어봤어요!\"\n\n□트위치 - https://www.twitch.tv/sooflower\n□인스타그램 - https://www.instagram.com/soo_flower\n□수게더 - https://tgd.kr/sooflower\n□틱톡 - https://www.tiktok.com/@sooflower_\n\n#쿡방 #요리 #송편",
        "thumbnail": "https://i.ytimg.com/vi/6IzSMK0sog4/mqdefault.jpg",
        "youtubeVideoId": "6IzSMK0sog4",
        "uploadedDate": "2022-09-23T09:34:50Z",
        "viewCount": 12164,
        "isCommercial": "False"
    },
    {
        "id": "31cfccbc-38f2-4ef7-b48c-383c75ceb345",
        "title": "본격 발연기 말투로 밤조림 만들기",
        "description": "■ 비즈니스 문의 : sooflower2@naver.com\n\n□트위치 - https://www.twitch.tv/sooflower\n□인스타그램 - https://www.instagram.com/soo_flower\n□수게더 - https://tgd.kr/sooflower\n□틱톡 - https://www.tiktok.com/@sooflower_\n\n#쿡방 #요리 #밤",
        "thumbnail": "https://i.ytimg.com/vi/VL5myZ-WlcQ/mqdefault.jpg",
        "youtubeVideoId": "VL5myZ-WlcQ",
        "uploadedDate": "2022-10-28T09:10:57Z",
        "viewCount": 8819,
        "isCommercial": "False"
    }
]