[
    {
        "id": "637b5110-e3e5-47b0-a5b1-0bf40c451bc3",
        "title": "실연당한 시청자에게...",
        "description": "구독😍과 좋아요👍는 김달걀의 열정을 꿈틀대게 합니다.\n\n울지마세요 동크라이\n\n\n생방의 묘미를 엿보기 ▶https://www.twitch.tv/itsmejanna \n달걀의 일상을 엿보기 ▶https://www.instagram.com/kimeggu_\n긴달걀TV      ▶https://www.youtube.com/channel/UCT8E3BCqE3WiuX1pZelBRKA\n\n\n김달걀TV는 RixFont클라우드를 사용중 입니다.\n\n#Shorts",
        "thumbnail": "https://i.ytimg.com/vi/Tic1AxkvPvM/mqdefault.jpg",
        "youtubeVideoId": "Tic1AxkvPvM",
        "uploadedDate": "2021-03-17T01:37:34Z",
        "viewCount": 18114,
        "isCommercial": "False"
    },
    {
        "id": "b94fbc83-1721-4592-af2a-37555285da2c",
        "title": "아이패드 처음 써보는 사람",
        "description": "안지워지던데 언제까지 흔들어야 지워지나요 \n\n#Shorts\n\n구독😍과 좋아요👍는 김달걀의 열정을 꿈틀대게 합니다.\n\n\n\n생방의 묘미를 엿보기 ▶https://www.twitch.tv/itsmejanna \n달걀의 일상을 엿보기 ▶https://www.instagram.com/kimeggu_\n긴달걀TV      ▶https://www.youtube.com/channel/UCT8E3BCqE3WiuX1pZelBRKA\n\n\n김달걀TV는 RixFont클라우드를 사용중 입니다.",
        "thumbnail": "https://i.ytimg.com/vi/cGtUF6OgxKA/mqdefault.jpg",
        "youtubeVideoId": "cGtUF6OgxKA",
        "uploadedDate": "2021-03-19T11:07:52Z",
        "viewCount": 40002,
        "isCommercial": "False"
    },
    {
        "id": "6bb57b73-8177-43d3-b6ae-7bb2fa2ff04d",
        "title": "Private video",
        "description": "This video is private.",
        "thumbnail": null,
        "youtubeVideoId": "ugBxHBV4un4",
        "uploadedDate": "2021-06-01T06:08:30Z",
        "viewCount": 0,
        "isCommercial": "False"
    },
    {
        "id": "d16b4cb5-71e6-4ca3-aa33-53d01e728fab",
        "title": "뭔가이상한제로투",
        "description": "편집자님께 저도 속았습니다.\n세로인척 했어요 너무해 ...\n\n\n구독😍과 좋아요👍는 김달걀의 열정을 꿈틀대게 합니다.\n\n생방의 묘미를 엿보기 ▶https://www.twitch.tv/itsmejanna \n달걀의 일상을 엿보기 ▶https://www.instagram.com/kimeggu_\n긴달걀TV      ▶https://www.youtube.com/channel/UCT8E3BCqE3WiuX1pZelBRKA\n\n\n김달걀TV는 RixFont클라우드를 사용중 입니다.\n\n\n#제로투 #여캠",
        "thumbnail": "https://i.ytimg.com/vi/JawtWGzrtoY/mqdefault.jpg",
        "youtubeVideoId": "JawtWGzrtoY",
        "uploadedDate": "2021-06-01T06:28:14Z",
        "viewCount": 9445,
        "isCommercial": "False"
    },
    {
        "id": "01533529-b43d-48f2-984e-56c5a41cb22e",
        "title": "#Shorts 꿈빛파티시엘",
        "description": "구독😍과 좋아요👍는 김달걀의 열정을 꿈틀대게 합니다.\n\n생방의 묘미를 엿보기 ▶https://www.twitch.tv/itsmejanna \n달걀의 일상을 엿보기 ▶https://www.instagram.com/kimeggu_\n긴달걀TV      ▶https://www.youtube.com/channel/UCT8E3BCqE3WiuX1pZelBRKA\n\n\n김달걀TV는 RixFont클라우드를 사용중 입니다.\n\n#Shorts #꿈빛파티시엘 #파티시엘",
        "thumbnail": "https://i.ytimg.com/vi/oaAmD4YQMlg/mqdefault.jpg",
        "youtubeVideoId": "oaAmD4YQMlg",
        "uploadedDate": "2021-06-17T07:23:08Z",
        "viewCount": 4465,
        "isCommercial": "False"
    },
    {
        "id": "96e98180-72f8-47e5-8229-86ec03509f49",
        "title": "#Shorts 동네이모들 특",
        "description": "대화인거같은데 독백인거같은데\n\n\n\n구독😍과 좋아요👍는 김달걀의 열정을 꿈틀대게 합니다.\n\n생방의 묘미를 엿보기 ▶https://www.twitch.tv/itsmejanna \n달걀의 일상을 엿보기 ▶https://www.instagram.com/kimeggu_\n긴달걀TV      ▶https://www.youtube.com/channel/UCT8E3BCqE3WiuX1pZelBRKA\n\n\n김달걀TV는 RixFont클라우드를 사용중 입니다.\n#Shorts #휴먼이모체 #대화가필요해",
        "thumbnail": "https://i.ytimg.com/vi/LLfJLpr9wAE/mqdefault.jpg",
        "youtubeVideoId": "LLfJLpr9wAE",
        "uploadedDate": "2021-06-17T07:36:58Z",
        "viewCount": 11032,
        "isCommercial": "False"
    },
    {
        "id": "3b1ee373-dee1-428e-a739-c6bd8c71864b",
        "title": "건전하다고? 그럴리 없는데? #Shorts",
        "description": "구독😍과 좋아요👍는 김달걀의 열정을 꿈틀대게 합니다.\n\n생방의 묘미를 엿보기 ▶https://www.twitch.tv/itsmejanna \n달걀의 일상을 엿보기 ▶https://www.instagram.com/kimeggu_\n긴달걀TV      ▶https://www.youtube.com/channel/UCT8E3BCqE3WiuX1pZelBRKA\n\n\n김달걀TV는 RixFont클라우드를 사용중 입니다.\n\n#shorts #조립 #그럴리없는데",
        "thumbnail": "https://i.ytimg.com/vi/fAINSjET-kc/mqdefault.jpg",
        "youtubeVideoId": "fAINSjET-kc",
        "uploadedDate": "2021-06-17T07:44:33Z",
        "viewCount": 2447,
        "isCommercial": "False"
    },
    {
        "id": "4ea9a49e-14e3-4140-be5f-a08882edbe07",
        "title": "#Shorts 이혼하겠습니다",
        "description": "쌩얼주의요망\n내남편아니고 세나남편이 루시안이라고 제바ㄹㄹㄹㄹ\n(리그오브레전드 세계관속 세나와 루시안은 부부입니다.)\n\n\n구독😍과 좋아요👍는 김달걀의 열정을 꿈틀대게 합니다.\n\n생방의 묘미를 엿보기 ▶https://www.twitch.tv/itsmejanna \n달걀의 일상을 엿보기 ▶https://www.instagram.com/kimeggu_\n긴달걀TV      ▶https://www.youtube.com/channel/UCT8E3BCqE3WiuX1pZelBRKA\n\n\n김달걀TV는 RixFont클라우드를 사용중 입니다.\n\n#김달걀 #shorts #롤",
        "thumbnail": "https://i.ytimg.com/vi/q8hoklhJf9g/mqdefault.jpg",
        "youtubeVideoId": "q8hoklhJf9g",
        "uploadedDate": "2021-06-27T09:47:13Z",
        "viewCount": 3917,
        "isCommercial": "False"
    },
    {
        "id": "1d5e8553-58cd-4ca0-93af-a858b67a809c",
        "title": "콩쥐야 x대써..이건 못 막아😥 #Shorts",
        "description": "바퀴없는데 앞으로 잘갑니다.이상해요.\n\n구독😍과 좋아요👍는 김달걀의 열정을 꿈틀대게 합니다.\n\n생방의 묘미를 엿보기 ▶https://www.twitch.tv/itsmejanna \n달걀의 일상을 엿보기 ▶https://www.instagram.com/kimeggu_\n긴달걀TV      ▶https://www.youtube.com/channel/UCT8E3BCqE3WiuX1pZelBRKA\n\n\n김달걀TV는 RixFont클라우드를 사용중 입니다.\n\n#Shorts #김달걀 #이건못막아",
        "thumbnail": "https://i.ytimg.com/vi/7XnPtJzBkO8/mqdefault.jpg",
        "youtubeVideoId": "7XnPtJzBkO8",
        "uploadedDate": "2021-07-04T02:07:20Z",
        "viewCount": 5136,
        "isCommercial": "False"
    },
    {
        "id": "8eb9dd8a-327f-4793-b5d5-06635d9edff2",
        "title": "무엇이든 리액션으로 승화 시키는 스트리머 #shorts",
        "description": "#short #김달걀 #리액션\n\n나는 뱁새 꿈을 꾸는 뱁새\n\n(뱁새라는 애칭을 만들어준 \n손 익훈이에게 이쇼츠를 바칩니다)\n\n구독😍과 좋아요👍는 김달걀의 열정을 꿈틀대게 합니다.\n\n생방의 묘미를 엿보기 ▶https://www.twitch.tv/itsmejanna \n달걀의 일상을 엿보기 ▶https://www.instagram.com/kimeggu_\n긴달걀TV      ▶https://www.youtube.com/channel/UCT8E3BCqE3WiuX1pZelBRKA\n\n\n김달걀TV는 RixFont클라우드를 사용중 입니다.",
        "thumbnail": "https://i.ytimg.com/vi/igPHUv0c0zw/mqdefault.jpg",
        "youtubeVideoId": "igPHUv0c0zw",
        "uploadedDate": "2021-07-29T12:41:25Z",
        "viewCount": 3944,
        "isCommercial": "False"
    },
    {
        "id": "724b462f-1b58-4053-aff7-aa9990c27a38",
        "title": "이 스트리머가 시청자를 대하는 자세 #shorts",
        "description": "#김달걀 #shorts #리액션\n\nㄹㅇㅋㅋ\n\n구독😍과 좋아요👍는 김달걀의 열정을 꿈틀대게 합니다.\n\n생방의 묘미를 엿보기 ▶https://www.twitch.tv/itsmejanna \n달걀의 일상을 엿보기 ▶https://www.instagram.com/kimeggu_\n긴달걀TV      ▶https://www.youtube.com/channel/UCT8E3BCqE3WiuX1pZelBRKA",
        "thumbnail": "https://i.ytimg.com/vi/7BWJ0r_e93w/mqdefault.jpg",
        "youtubeVideoId": "7BWJ0r_e93w",
        "uploadedDate": "2021-08-09T08:21:34Z",
        "viewCount": 4968,
        "isCommercial": "False"
    },
    {
        "id": "b6111b6f-14db-4ded-8d22-2c5943b674b6",
        "title": "가끔 보는 언니가 더 좋은 강아지 #shorts",
        "description": "#김달걀 #shorts #반려견\n\n구독😍과 좋아요👍는 김달걀의 열정을 꿈틀대게 합니다.\n\n생방의 묘미를 엿보기 ▶https://www.twitch.tv/itsmejanna \n달걀의 일상을 엿보기 ▶https://www.instagram.com/kimeggu_\n긴달걀TV      ▶https://www.youtube.com/channel/UCT8E3BCqE3WiuX1pZelBRKA",
        "thumbnail": "https://i.ytimg.com/vi/2Y01YraJ0Nc/mqdefault.jpg",
        "youtubeVideoId": "2Y01YraJ0Nc",
        "uploadedDate": "2021-08-16T12:37:05Z",
        "viewCount": 5015,
        "isCommercial": "False"
    },
    {
        "id": "63aea3e5-654c-4a9a-9691-c053a99b30fb",
        "title": "함정수사 #shorts",
        "description": "#김달걀 #합체 #shorts\n\n내 이름은 탐정. 달걀이죠.\n\n구독😍과 좋아요👍는 김달걀의 열정을 꿈틀대게 합니다.\n\n생방의 묘미를 엿보기 ▶https://www.twitch.tv/itsmejanna \n달걀의 일상을 엿보기 ▶https://www.instagram.com/kimeggu_\n긴달걀TV      ▶https://www.youtube.com/channel/UCT8E3BCqE3WiuX1pZelBRKA",
        "thumbnail": "https://i.ytimg.com/vi/SJ30QFlyLFc/mqdefault.jpg",
        "youtubeVideoId": "SJ30QFlyLFc",
        "uploadedDate": "2021-08-22T10:08:03Z",
        "viewCount": 4383,
        "isCommercial": "False"
    },
    {
        "id": "79e5d915-1c7d-440d-8297-de5a72bbd833",
        "title": "공포게임 리액션의 표본 #shorts",
        "description": "#김달걀 #리액션 #공포게임 #shorts\n\n리액션 맛집의 정석\n\n구독😍과 좋아요👍는 김달걀의 열정을 꿈틀대게 합니다.\n\n생방의 묘미를 엿보기 ▶https://www.twitch.tv/itsmejanna \n달걀의 일상을 엿보기 ▶https://www.instagram.com/kimeggu_\n긴달걀TV      ▶https://www.youtube.com/channel/UCT8E3BCqE3WiuX1pZelBRKA",
        "thumbnail": "https://i.ytimg.com/vi/BSLV2bPTFjU/mqdefault.jpg",
        "youtubeVideoId": "BSLV2bPTFjU",
        "uploadedDate": "2021-08-29T13:39:51Z",
        "viewCount": 6662,
        "isCommercial": "False"
    },
    {
        "id": "21619b07-5342-4085-b7ea-f13d9c7e8485",
        "title": "로스트아크에 빠진 김씨의 로맨틱웨폰 #shorts",
        "description": "#김달걀 #로스트아크 #로맨틱웨폰\n\n즐기면 돼! 심각해지지 말고!\n\n구독😍과 좋아요👍는 김달걀의 열정을 꿈틀대게 합니다.\n\n🥚 김달걀 비지니스 문의 janna1712@naver.com\n\n🥚 김달걀 라이브 https://www.twitch.tv/itsmejanna \n🥚 김달걀 인스타 https://www.instagram.com/kimeggu_\n🥚 긴달걀TV         https://url.kr/ws8gtl",
        "thumbnail": "https://i.ytimg.com/vi/quoWf48kb6Q/mqdefault.jpg",
        "youtubeVideoId": "quoWf48kb6Q",
        "uploadedDate": "2021-09-06T11:46:22Z",
        "viewCount": 4940,
        "isCommercial": "False"
    },
    {
        "id": "4b2e550a-95b3-46bc-bb16-d9930ea3dbd2",
        "title": "국밥집 주문할 때 특징 #shorts",
        "description": "#김달걀 #한국인특 #생활연기\n\n구독😍과 좋아요👍는 김달걀의 열정을 꿈틀대게 합니다.\n\n🥚 김달걀 비지니스 문의 janna1712@naver.com\n\n🥚 김달걀 라이브 https://www.twitch.tv/itsmejanna \n🥚 김달걀 인스타 https://www.instagram.com/kimeggu_\n🥚 긴달걀TV         https://url.kr/ws8gtl",
        "thumbnail": "https://i.ytimg.com/vi/I1OrbjUX0Hs/mqdefault.jpg",
        "youtubeVideoId": "I1OrbjUX0Hs",
        "uploadedDate": "2021-09-10T05:29:04Z",
        "viewCount": 16667,
        "isCommercial": "False"
    },
    {
        "id": "5fedd032-1f36-410a-8ae5-62cfe35cb178",
        "title": "유튜브에 영상올리려다 결국... #shorts",
        "description": "#김달걀 #shorts #리액션\n\n구독😍과 좋아요👍는 김달걀의 열정을 꿈틀대게 합니다.\n\n🥚 김달걀 비지니스 문의 janna1712@naver.com\n\n🥚 김달걀 라이브 https://www.twitch.tv/itsmejanna \n🥚 김달걀 인스타 https://www.instagram.com/kimeggu_\n🥚 긴달걀TV         https://url.kr/ws8gtl",
        "thumbnail": "https://i.ytimg.com/vi/7yljADumg4U/mqdefault.jpg",
        "youtubeVideoId": "7yljADumg4U",
        "uploadedDate": "2021-09-10T07:46:56Z",
        "viewCount": 1869,
        "isCommercial": "False"
    },
    {
        "id": "a67931aa-d6a9-43c0-af9a-80a40ef6f83b",
        "title": "1+1=? #shorts",
        "description": "#김달걀 #shorts #리액션\n\n귀..귀.. 귀요미... 귀요미...\n\n-------\n\n지존명사수 김달걀님께서\n비아 잡으러 가셔서 돌아오지 않으시는 관계로\n오늘은 편집자 마음대로 영상을 공개합니다\n\n때문에 이 영상은 달걀 심의 확인 후,\n삭제 될 가능성도 있으니 삭제가 되기 전에\n마음껏 즐겨주세요\n\n구독😍과 좋아요👍는 김달걀의 열정을 꿈틀대게 합니다.\n\n🥚 김달걀 비지니스 문의 janna1712@naver.com\n\n🥚 김달걀 라이브 https://www.twitch.tv/itsmejanna \n🥚 김달걀 인스타 https://www.instagram.com/kimeggu_\n🥚 긴달걀TV         https://url.kr/ws8gtl",
        "thumbnail": "https://i.ytimg.com/vi/3lT7YgJzgfA/mqdefault.jpg",
        "youtubeVideoId": "3lT7YgJzgfA",
        "uploadedDate": "2021-09-26T11:16:01Z",
        "viewCount": 5132,
        "isCommercial": "False"
    },
    {
        "id": "7f674089-a328-4bca-8dc0-cb291d64db8d",
        "title": "2차 백신 맞은 누이의 근황 #shorts",
        "description": "#김달걀 #백신 #shorts\n\n아팠다 하지만 이겨냈다\n\n클립 by 블루__레몬님\n---\n\n(편집자)\n영상 공개 허락은 받았습니다\n근데 영상 내용은 제대로 보고 안 했습니다\n불법 유출 아닙니다\n\n\n\n구독😍과 좋아요👍는 김달걀의 열정을 꿈틀대게 합니다.\n\n🥚 김달걀 비지니스 문의 janna1712@naver.com\n\n🥚 김달걀 라이브 https://www.twitch.tv/itsmejanna \n🥚 김달걀 인스타 https://www.instagram.com/kimeggu_\n🥚 긴달걀TV         https://url.kr/ws8gtl",
        "thumbnail": "https://i.ytimg.com/vi/Q1nmeORVul4/mqdefault.jpg",
        "youtubeVideoId": "Q1nmeORVul4",
        "uploadedDate": "2021-10-02T00:08:29Z",
        "viewCount": 10701,
        "isCommercial": "False"
    },
    {
        "id": "48da2eb5-a47b-44f8-9013-b69f6c07dadc",
        "title": "소개팅에 실패한 이유 #shorts",
        "description": "#김달걀 #웃긴영상 #shorts\n\n유치원 동창 이슈\n\n구독😍과 좋아요👍는 김달걀의 열정을 꿈틀대게 합니다.\n\n🥚 김달걀 비지니스 문의 janna1712@naver.com\n\n🥚 김달걀 라이브 https://www.twitch.tv/itsmejanna \n🥚 김달걀 인스타 https://www.instagram.com/kimeggu_\n🥚 긴달걀TV         https://url.kr/ws8gtl",
        "thumbnail": "https://i.ytimg.com/vi/lwA_gXAXm9o/mqdefault.jpg",
        "youtubeVideoId": "lwA_gXAXm9o",
        "uploadedDate": "2021-10-26T10:19:37Z",
        "viewCount": 25378,
        "isCommercial": "False"
    },
    {
        "id": "8549704f-3c7e-42fe-abba-12df7fea26de",
        "title": "ㄴㅇㄱ #shorts",
        "description": "#김달걀 #어른공경 #ㄴㅇㄱ\n\n구독😍과 좋아요👍는 김달걀의 열정을 꿈틀대게 합니다.\n\n🥚 김달걀 비지니스 문의 janna1712@naver.com\n\n🥚 김달걀 라이브 https://www.twitch.tv/itsmejanna \n🥚 김달걀 인스타 https://www.instagram.com/kimeggu_\n🥚 긴달걀TV         https://url.kr/ws8gtl",
        "thumbnail": "https://i.ytimg.com/vi/Le6yFoHLxqg/mqdefault.jpg",
        "youtubeVideoId": "Le6yFoHLxqg",
        "uploadedDate": "2021-12-07T00:01:10Z",
        "viewCount": 10537,
        "isCommercial": "False"
    },
    {
        "id": "14e450b5-915a-4414-99f0-3df055003edd",
        "title": "Private video",
        "description": "This video is private.",
        "thumbnail": null,
        "youtubeVideoId": "nHoeRfEye2k",
        "uploadedDate": "2021-12-07T02:27:47Z",
        "viewCount": 0,
        "isCommercial": "False"
    },
    {
        "id": "e9a43084-63a6-49b8-b118-de1d85f54f43",
        "title": "#Shorts 마돈나 역주행을 기원하는 뚜비",
        "description": "구독😍과 좋아요👍는 김달걀의 열정을 꿈틀대게 합니다.\n\n생방의 묘미를 엿보기 ▶https://www.twitch.tv/itsmejanna \n달걀의 일상을 엿보기 ▶https://www.instagram.com/kimeggu_\n긴달걀TV      ▶https://www.youtube.com/channel/UCT8E3BCqE3WiuX1pZelBRKA\n\n\n김달걀TV는 RixFont클라우드를 사용중 입니다.\n\n#Shorts #마돈나 #쇼츠",
        "thumbnail": "https://i.ytimg.com/vi/0viuT9Y29uw/mqdefault.jpg",
        "youtubeVideoId": "0viuT9Y29uw",
        "uploadedDate": "2022-01-13T02:39:01Z",
        "viewCount": 11232,
        "isCommercial": "False"
    },
    {
        "id": "196c8659-b788-40db-b1a7-cf5f45131e29",
        "title": "인사만 했을 뿐인데.. #shorts",
        "description": "#김달걀 #shorts #배그\n\n구독😍과 좋아요👍는 김달걀의 열정을 꿈틀대게 합니다.\n\n🥚 김달걀 비지니스 문의 janna1712@naver.com\n\n🥚 김달걀 라이브 https://www.twitch.tv/itsmejanna \n🥚 김달걀 인스타 https://www.instagram.com/kimeggu_\n🥚 긴달걀TV         https://url.kr/ws8gtl",
        "thumbnail": "https://i.ytimg.com/vi/xEiXkEBzOPw/mqdefault.jpg",
        "youtubeVideoId": "xEiXkEBzOPw",
        "uploadedDate": "2022-01-14T11:20:02Z",
        "viewCount": 17582,
        "isCommercial": "False"
    },
    {
        "id": "b8cb5047-91de-4952-8c61-08121dc05b5d",
        "title": "【썰】 누이의 첫 빠지 그 강렬한 물놀이 경험...",
        "description": "20대 중반에 갔던 빠지를 잊을 수 없습니다.\n못돌아올뻔 했거든요 ..\n\n\n구독과 좋아요 감사합니다 :-)\n트위치로 가기 → https://www.twitch.tv/itsmejanna \n\n\n김달걀TV는 RixFont클라우드를 사용중 입니다.",
        "thumbnail": "https://i.ytimg.com/vi/Qx_Vs-SLIxs/mqdefault.jpg",
        "youtubeVideoId": "Qx_Vs-SLIxs",
        "uploadedDate": "2022-01-15T13:14:12Z",
        "viewCount": 0,
        "isCommercial": "False"
    },
    {
        "id": "87e38c4a-601b-4fc0-9b1c-aa25c05314e3",
        "title": "k-코카인댄스 맛 좀 봐라 #shorts",
        "description": "#김달걀 #코카인댄스 #shorts\n\n이 여캠식 치명적인 곡하인\n곡.곡.하인~\n\n구독😍과 좋아요👍는 김달걀의 열정을 꿈틀대게 합니다.\n\n🥚 김달걀 비지니스 문의 janna1712@naver.com\n\n🥚 김달걀 라이브 https://www.twitch.tv/itsmejanna \n🥚 김달걀 인스타 https://www.instagram.com/kimeggu_\n🥚 긴달걀TV         https://url.kr/ws8gtl",
        "thumbnail": "https://i.ytimg.com/vi/Nfv1WA3z9M8/mqdefault.jpg",
        "youtubeVideoId": "Nfv1WA3z9M8",
        "uploadedDate": "2022-02-01T12:09:12Z",
        "viewCount": 11454,
        "isCommercial": "False"
    },
    {
        "id": "bb469f7d-1626-456b-8d02-7d926400a3cf",
        "title": "깻잎논쟁 종결하러 온 누이 #shorts",
        "description": "#김달걀 #깻잎논쟁 #한심좌\n\n끼쟁이OUT\n\n구독😍과 좋아요👍는 김달걀의 열정을 꿈틀대게 합니다.\n\n🥚 김달걀 비지니스 문의 janna1712@naver.com\n\n🥚 김달걀 라이브 https://www.twitch.tv/itsmejanna \n🥚 김달걀 인스타 https://www.instagram.com/kimeggu_\n🥚 긴달걀TV         https://url.kr/ws8gtl",
        "thumbnail": "https://i.ytimg.com/vi/eoymKGox9i8/mqdefault.jpg",
        "youtubeVideoId": "eoymKGox9i8",
        "uploadedDate": "2022-03-06T13:32:40Z",
        "viewCount": 20212,
        "isCommercial": "False"
    },
    {
        "id": "7600a43c-e0e5-4fa2-94ee-b3e8e744d2ce",
        "title": "앞머리 혼자 자르다가 그만.. #shorts #김달걀 #앞머리병퇴치",
        "description": "#김달걀 #앞머리 #처피뱅\n\n\n\n구독😍과 좋아요👍는 김달걀의 열정을 꿈틀대게 합니다.\n\n🥚 김달걀 비지니스 문의 janna1712@naver.com\n\n🥚 김달걀 라이브 https://www.twitch.tv/itsmejanna \n🥚 김달걀 인스타 https://www.instagram.com/kimeggu_\n🥚 긴달걀TV         https://url.kr/ws8gtl",
        "thumbnail": "https://i.ytimg.com/vi/khWiN_kcyOI/mqdefault.jpg",
        "youtubeVideoId": "khWiN_kcyOI",
        "uploadedDate": "2022-04-01T03:54:24Z",
        "viewCount": 10311,
        "isCommercial": "False"
    },
    {
        "id": "006eca18-fad9-4b72-980e-d332e57af12b",
        "title": "이 바닥이 원래 그래 #shorts",
        "description": "#김달걀 #shorts \n\n사실 내 것이었던 적이 없었던 것이다\n\n구독😍과 좋아요👍는 김달걀의 열정을 꿈틀대게 합니다.\n\n🥚 김달걀 비지니스 문의 janna1712@naver.com\n\n🥚 김달걀 라이브 https://www.twitch.tv/itsmejanna \n🥚 김달걀 인스타 https://www.instagram.com/kimeggu_\n🥚 긴달걀TV         https://url.kr/ws8gtl",
        "thumbnail": "https://i.ytimg.com/vi/mA-CT7wfdHQ/mqdefault.jpg",
        "youtubeVideoId": "mA-CT7wfdHQ",
        "uploadedDate": "2022-05-18T11:40:49Z",
        "viewCount": 13808,
        "isCommercial": "False"
    },
    {
        "id": "50368673-90cd-4b05-af58-ac814dfd1ab1",
        "title": "접속만 해도 행복해 했던 광기군단장 #웃긴영상",
        "description": "#김달걀 #로스트아크 #shorts \n\n구독😍과 좋아요👍는 김달걀의 열정을 꿈틀대게 합니다.\n\n🥚 김달걀 비지니스 문의 janna1712@naver.com\n\n🥚 김달걀 라이브 https://www.twitch.tv/itsmejanna \n🥚 김달걀 인스타 https://www.instagram.com/kimeggu_\n🥚 긴달걀TV         https://url.kr/ws8gtl",
        "thumbnail": "https://i.ytimg.com/vi/5a_wiXuHAnU/mqdefault.jpg",
        "youtubeVideoId": "5a_wiXuHAnU",
        "uploadedDate": "2022-07-03T01:13:34Z",
        "viewCount": 6840,
        "isCommercial": "False"
    },
    {
        "id": "005e1583-f924-4c26-9730-8ecf06b595e4",
        "title": "오우ㅇ.....야야야;;; 야!!!!!!!! #shorts",
        "description": "#김달걀 #오우야 #shorts\n\n\n구독😍과 좋아요👍는 김달걀의 열정을 꿈틀대게 합니다.\n\n🥚 김달걀 비지니스 문의 janna1712@naver.com\n\n🥚 김달걀 라이브 https://www.twitch.tv/itsmejanna \n🥚 김달걀 인스타 https://www.instagram.com/kimeggu_\n🥚 긴달걀TV         https://url.kr/ws8gtl",
        "thumbnail": "https://i.ytimg.com/vi/i8P2lox2uUQ/mqdefault.jpg",
        "youtubeVideoId": "i8P2lox2uUQ",
        "uploadedDate": "2022-07-18T10:42:39Z",
        "viewCount": 12386,
        "isCommercial": "False"
    },
    {
        "id": "995927bb-a380-4587-b8ba-148d2f29d3c8",
        "title": "충청도 방송인의 고민 #shorts",
        "description": "#김달걀 #충청도 #사투리 \n\n\n구독😍과 좋아요👍는 김달걀의 열정을 꿈틀대게 합니다.\n\n🥚 김달걀 비지니스 문의 janna1712@naver.com\n\n🥚 김달걀 라이브 https://www.twitch.tv/itsmejanna \n🥚 김달걀 인스타 https://www.instagram.com/kimeggu_\n🥚 긴달걀TV         https://url.kr/ws8gtl",
        "thumbnail": "https://i.ytimg.com/vi/ZEwEH63LXk8/mqdefault.jpg",
        "youtubeVideoId": "ZEwEH63LXk8",
        "uploadedDate": "2022-10-17T11:27:09Z",
        "viewCount": 9531,
        "isCommercial": "False"
    }
]