[
    {
        "id": "638f1688-5d01-42e9-b95d-1e095569f6b3",
        "title": "귀멸의 칼날의 최강을 뽑아라! \"본격대결 시즌1\" 몰아보기",
        "description": "귀멸의칼날 속 최강의 캐릭터를 정하는 유진씨의 본격대결\n그 시즌1의 마지막을 장식할 통합 영상을 준비했습니다!\n\n문의/광고/협찬 ask.endevor@gmail.com (이메일 연락 바랍니다)\n\n👿귀칼의 타임라인👿\n00:00​​​ 인트로\n00:33 렌고쿠와 도우마\n05:37 사네미와 아카자\n12:15 코쿠시보와 탄지로\n19:32 큐브 스테이크 선배와 무라타\n23:14 탄지로와 젠이츠\n29:14 교메이와 아카자\n36:20 엔무와 루이\n\n🎧사용한 BGM🎧\nLiQWYD No Yeah\nOperatic 3 Vibe Mountain\nJu Party https://youtu.be/7bZAPzJmxe4\n\n#귀멸의칼날 #본격대결 #귀멸의칼날2기 #유진씨",
        "thumbnail": "https://i.ytimg.com/vi/IareZKKBov4/mqdefault.jpg",
        "youtubeVideoId": "IareZKKBov4",
        "uploadedDate": "2021-08-14T00:12:12Z",
        "viewCount": 7240,
        "isCommercial": "False"
    },
    {
        "id": "403556fb-9572-4708-b009-efb7f5f08e79",
        "title": "귀멸의 칼날 엔무 vs 루이 누가 더 강할까? / 본격대결 #7",
        "description": "애니메이션 캐릭터들의 대결을 직접 상상해본다! \"유진씨의 본격대결\"\n오늘의 대결은 귀멸의 칼날 하현대전! 엔무와 루이의 대결입니다!\n\"오늘 영상엔 귀멸의 칼날 결말포함 요소가 있습니다\"\n\n광고/자잘한질문/팬아트 ask.endevor@gmail.com (이메일 연락 바랍니다)\n\n00:00​​​ 인트로\n00:44 본격대결 \n06:18 오늘의 결론\n\n🎧사용한 BGM🎧\nLiQWYD No Yeah\nOperatic 3 Vibe Mountain\nJu Party https://youtu.be/7bZAPzJmxe4\n\n#귀멸의칼날 #본격대결 #엔무 #루이",
        "thumbnail": "https://i.ytimg.com/vi/zbv91VwPTDc/mqdefault.jpg",
        "youtubeVideoId": "zbv91VwPTDc",
        "uploadedDate": "2021-07-13T01:42:18Z",
        "viewCount": 17020,
        "isCommercial": "False"
    },
    {
        "id": "a75b20d4-5ee5-4b09-a841-7e22a2d200bc",
        "title": "귀멸의칼날 교메이 vs 아카자 누가 더 강할까? / 본격대결 #6",
        "description": "애니메이션 캐릭터들의 대결을 직접 상상해본다! \"유진씨의 본격대결\"\n오늘의 대결은 귀멸의 칼날 아카자와 히메지마 교메이 의 대결입니다!\n\n광고/자잘한질문/팬아트 ask.endevor@gmail.com (이메일 연락 바랍니다)\n\n👿귀칼의 타임라인👿\n00:00​​​ 인트로\n00:37 본격대결 \n07:19 오늘의 결론\n\n🎧사용한 BGM🎧\nLiQWYD No Yeah\nOperatic 3 Vibe Mountain\nJu Party https://youtu.be/7bZAPzJmxe4\n\n#귀멸의칼날 #본격대결 #아카자 #교메이 #鬼滅の刃",
        "thumbnail": "https://i.ytimg.com/vi/md28Tu4bIXs/mqdefault.jpg",
        "youtubeVideoId": "md28Tu4bIXs",
        "uploadedDate": "2021-07-01T05:23:45Z",
        "viewCount": 19315,
        "isCommercial": "False"
    },
    {
        "id": "b989f007-0031-493c-9df1-0f152a09f8f0",
        "title": "귀멸의칼날 탄지로 vs 젠이츠 누가 더 강할까? / 본격대결 #5",
        "description": "애니메이션 캐릭터들의 대결을 직접 상상해본다! \"유진씨의 본격대결\"\n오늘의 대결은 귀멸의칼날 젠이츠와 탄지로의 대결입니다!\n\"오늘 영상엔 귀멸의 칼날 결말포함 요소가 있습니다\"\n\n광고/자잘한질문 ask.endevor@gmail.com (이메일 연락 바랍니다)\n\n👿귀칼의 타임라인👿\n00:00​​​ 인트로\n00:52 본격대결\n06:56 꼭알아야할정보\n\n🎧사용한 BGM🎧\nLiQWYD No Yeah\nOperatic 3 Vibe Mountain\nJu Party https://youtu.be/7bZAPzJmxe4\n\n#귀멸의칼날 #본격대결 #탄지로젠이츠 #결말포함",
        "thumbnail": "https://i.ytimg.com/vi/fa_7GqU5qpU/mqdefault.jpg",
        "youtubeVideoId": "fa_7GqU5qpU",
        "uploadedDate": "2021-06-24T22:43:58Z",
        "viewCount": 24279,
        "isCommercial": "False"
    },
    {
        "id": "288bd038-1de3-4ab5-898c-fe6b2a90b8f9",
        "title": "귀멸의 칼날 큐브 스테이크 선배 vs 무라타 누가 더 강할까? / 본격대결 #4",
        "description": "애니메이션 캐릭터들의 대결을 직접 상상해본다! \"유진씨의 본격대결\"\n오늘의 대결은 귀멸의칼날 무한열차 무라타와 큐브스테이크 선배의 대결입니다!\n\"오늘 영상엔 귀멸의 칼날 결말포함 요소가 있습니다\"\n\n문의/광고/협찬 ask.endevor@gmail.com (이메일 연락 바랍니다)\n\n👿귀칼의 타임라인👿\n00:00​​​ 유진씨의 사연\n00:17 인트로\n00:57 본격대결\n\n🎧사용한 BGM🎧\nLiQWYD No Yeah\nOperatic 3 Vibe Mountain\n\n#귀멸의칼날 #본격대결 #큐브스테이크선배 #결말포함",
        "thumbnail": "https://i.ytimg.com/vi/3uDPyXLEMik/mqdefault.jpg",
        "youtubeVideoId": "3uDPyXLEMik",
        "uploadedDate": "2021-06-20T07:02:59Z",
        "viewCount": 26907,
        "isCommercial": "False"
    },
    {
        "id": "8c4a82ba-f07e-415f-8744-9d2a25983a47",
        "title": "귀멸의 칼날 코쿠시보 vs 탄지로 누가 더 강할까? / 본격대결 #3",
        "description": "애니메이션 캐릭터들의 대결을 직접 상상해본다! \"유진씨의 본격대결\"\n오늘의 대결은 귀멸의칼날 탄지로와 코쿠시보의 대결입니다!\n\n귀멸의 칼날 무한열차편 풀HD 집에서 보는곳 - https://vo.la/zIbcK\n\n👿귀칼의 타임라인👿\n00:00​​​ 인트로\n00:39 라운드1\n06:33 라운드2\n\n문의/광고/협찬 ask.endevor@gmail.com (이메일 연락 바랍니다)\n\n🎧사용한 BGM🎧\nIsland Broadcast (Isabelle)\nLiQWYD No Yeah\nOperatic 3 Vibe Mountain\nJu Party https://youtu.be/7bZAPzJmxe4\n\n#귀멸의칼날 #본격대결 #탄지로 #코쿠시보우",
        "thumbnail": "https://i.ytimg.com/vi/NcCR7tWON2s/mqdefault.jpg",
        "youtubeVideoId": "NcCR7tWON2s",
        "uploadedDate": "2021-06-16T04:49:35Z",
        "viewCount": 30566,
        "isCommercial": "False"
    },
    {
        "id": "85643a38-1e56-4985-beaf-6d46a7216518",
        "title": "귀멸의 칼날 사네미 vs 아카자 누가 더 강할까? / 본격대결 #2",
        "description": "애니메이션 캐릭터들의 대결을 직접 상상해본다! \"유진씨의 본격대결\"\n오늘의 대결은 귀멸의칼날 무한열차 아카자와 사네미의 대결입니다!\n\n문의/광고/협찬 ask.endevor@gmail.com (이메일 연락 바랍니다)\n\n👿귀칼의 타임라인👿\n00:00​​​ 인트로\n00:48 서막\n01:34 기본적인 대전의 흐름\n05:39 사네미의 반격이 있다면?\n07:00 오늘의 결론\n07:26 힘이 되어주는 유진씨\n\n🎧사용한 BGM🎧\nLiQWYD No Yeah\nOperatic 3 Vibe Mountain\nJu Party https://youtu.be/7bZAPzJmxe4\n\n#귀멸의칼날 #본격대결 #아카자 #사네미",
        "thumbnail": "https://i.ytimg.com/vi/Aj0b7oIJJjc/mqdefault.jpg",
        "youtubeVideoId": "Aj0b7oIJJjc",
        "uploadedDate": "2021-06-10T00:10:14Z",
        "viewCount": 18678,
        "isCommercial": "False"
    },
    {
        "id": "f379d554-9d5e-4682-b3d9-64e229efef1d",
        "title": "귀멸의 칼날 렌고쿠 vs 도우마 누가 더 강할까? / 본격대결 #1",
        "description": "애니메이션 캐릭터들의 대결을 직접 상상해본다! \"유진씨의 본격대결\"\n오늘의 대결은 귀멸의칼날 무한열차 렌고쿠와 도우마의 대결입니다!\n\n문의/광고/협찬 ask.endevor@gmail.com (이메일 연락 바랍니다)\n\n👿귀칼의 타임라인👿\n00:00​​​ 인트로\n00:49 서막\n02:51 전투의 분석\n\n🎧사용한 BGM🎧\nLiQWYD No Yeah\nOperatic 3 Vibe Mountain\nJu Party https://youtu.be/7bZAPzJmxe4\n\n#귀멸의칼날 #본격대결 #렌고쿠 #도우마",
        "thumbnail": "https://i.ytimg.com/vi/YanDd3BgWQY/mqdefault.jpg",
        "youtubeVideoId": "YanDd3BgWQY",
        "uploadedDate": "2021-06-07T04:01:22Z",
        "viewCount": 27983,
        "isCommercial": "False"
    }
]