[
    {
        "id": "b5bf9b32-bddc-4d3a-ae52-fa2fc64da61c",
        "title": "새끼 고양이에게 노래를 불러주자 잠이들었다...! [ 쪼야 이야기 ]",
        "description": "트위치 생방 주소 ㄱ\nhttps://www.twitch.tv/pjs9073",
        "thumbnail": "https://i.ytimg.com/vi/0cuIVp18pqc/mqdefault.jpg",
        "youtubeVideoId": "0cuIVp18pqc",
        "uploadedDate": "2018-06-09T01:53:31Z",
        "viewCount": 0,
        "isCommercial": "False"
    },
    {
        "id": "edf4cec1-97f7-4e83-b5f9-70354512bd4b",
        "title": "쪼야 켓타워로 유인하는 영상",
        "description": "트위치 생방 주소 ㄱ\nhttps://www.twitch.tv/pjs9073",
        "thumbnail": "https://i.ytimg.com/vi/kEVyNvpiY-o/mqdefault.jpg",
        "youtubeVideoId": "kEVyNvpiY-o",
        "uploadedDate": "2018-06-17T04:40:37Z",
        "viewCount": 0,
        "isCommercial": "False"
    },
    {
        "id": "c3c98659-fbb9-4451-a54a-9e753079773f",
        "title": "아침에 일어나면 반겨주는 고양이 쪼야 영상 [ 쪼야 이야기 ]",
        "description": "트위치 생방 주소 ㄱ\nhttps://www.twitch.tv/pjs9073",
        "thumbnail": "https://i.ytimg.com/vi/SFy54KdzVZc/mqdefault.jpg",
        "youtubeVideoId": "SFy54KdzVZc",
        "uploadedDate": "2018-06-26T06:41:07Z",
        "viewCount": 0,
        "isCommercial": "False"
    },
    {
        "id": "af36eefa-9e50-4c80-832f-7878b703d2dd",
        "title": "쪼야한테 손 달라고 부탁해본 영상 [ 쪼야 이야기 ]",
        "description": "트위치 생방 주소 ㄱ\nhttps://www.twitch.tv/pjs9073",
        "thumbnail": "https://i.ytimg.com/vi/iNAeoMXmFec/mqdefault.jpg",
        "youtubeVideoId": "iNAeoMXmFec",
        "uploadedDate": "2018-07-03T06:19:55Z",
        "viewCount": 0,
        "isCommercial": "False"
    }
]