[
    {
        "id": "ef0bc970-e498-4ecd-9a7d-bb965d1e4ea6",
        "title": "Private video",
        "description": "This video is private.",
        "thumbnail": null,
        "youtubeVideoId": "KblZsgH68Ug",
        "uploadedDate": "2016-05-21T20:09:38Z",
        "viewCount": 0,
        "isCommercial": "False"
    },
    {
        "id": "b306f267-d35b-4e5d-82f9-ace200c34c25",
        "title": "나루토vs사스케 가지마!! 사스케!! 2화 [마인크래프트 애니메이션 명장면 패러디] - 나루토 나루토vs사스케 결전 편",
        "description": "건축은 배추님 께서 도와주셨습니다!\n출연진 : 뿡 , 쫀득\n아프리카 주소 ㄱ\nafreeca.com/azsxdcff\n생방 5시반, 11시반",
        "thumbnail": "https://i.ytimg.com/vi/Kimv7HonPE8/mqdefault.jpg",
        "youtubeVideoId": "Kimv7HonPE8",
        "uploadedDate": "2016-05-28T21:43:23Z",
        "viewCount": 0,
        "isCommercial": "False"
    },
    {
        "id": "8cca4b3b-f238-4591-90c5-dce8f502219c",
        "title": "에이스의 죽음.. 3화 [마인크래프트 애니메이션 명장면 패러디] - 원피스 정상대전 에이스의 죽음 ..",
        "description": "아프리카 주소 ㄱ\nafreeca.com/azsxdcff\n생방 5시반, 11시반",
        "thumbnail": "https://i.ytimg.com/vi/OgOOeECSfd4/mqdefault.jpg",
        "youtubeVideoId": "OgOOeECSfd4",
        "uploadedDate": "2016-06-18T19:37:17Z",
        "viewCount": 0,
        "isCommercial": "False"
    }
]