[
    {
        "id": "ce1d61ee-1d72-4118-b9d9-0d169fa0b355",
        "title": "뽀구미 The Closing Shift 풀영상",
        "description": "♥방송 날짜: 2022. 03. 26.♥\n♥생방송은 트위치에서♥\n♥방송시간 및 중요 공지는 트게더에! (아래링크 참조)♥\n(https://tgd.kr/s/geguleee?category=60540644)\n\n트위치 생방송 : https://www.twitch.tv/geguleee \n디스코드 : https://discord.gg/qKajHXA \n인스타그램 : @bbo9_me\n틱톡 : @bbo9_me\n광고 문의 : bbogumioffice@gmail.com",
        "thumbnail": "https://i.ytimg.com/vi/B1rCufokaEE/mqdefault.jpg",
        "youtubeVideoId": "B1rCufokaEE",
        "uploadedDate": "2022-04-10T09:27:04Z",
        "viewCount": 0,
        "isCommercial": "False"
    }
]