[
    {
        "id": "642c7cd2-2903-4df9-8f21-6abe2dcee59f",
        "title": "사람때리는 개구리 키우기ㅋㅋ(feat. 길고양이) | 히히튜브",
        "description": "집앞 동네 연못에서 잡은 올챙이를 개구리로 다 키웠더니 덤비네요.\n사람 손 탄 길고양이 보고 힐링하고 화장실에 미꾸라지 수족관까지 완성했습니다ㅋㅋ\n1:24 길고양이 먹이주기\n3:06 개구리 키우기(사람 공격 조심)\n5:18 대장개구리 먹이주기\n6:26 미꾸라지 채집\n7:25 화장실 욕조에 수족관(?) 만들기\n\n#히히튜브 구독 : https://goo.gl/s688oP",
        "thumbnail": "https://i.ytimg.com/vi/RtAE5cgx9tg/mqdefault.jpg",
        "youtubeVideoId": "RtAE5cgx9tg",
        "uploadedDate": "2020-09-09T04:34:42Z",
        "viewCount": 97746,
        "isCommercial": "False"
    },
    {
        "id": "2809a7e7-0dd8-45d6-a7c9-a6065257e871",
        "title": "헬로카봇 시즌8 큐브시계 그리고 큐브팩세트a,b 보관함 장난감 다 나왔네.",
        "description": "2020년 새롭게 시작한 헬로카봇 시즌8에 등장한 큐브시계 그리고 큐브팩세트까지 모두 살펴봤어요. \n\n#히히튜브 구독 : https://goo.gl/s688oP",
        "thumbnail": "https://i.ytimg.com/vi/66cqFlcZ8Q4/mqdefault.jpg",
        "youtubeVideoId": "66cqFlcZ8Q4",
        "uploadedDate": "2020-01-13T07:57:49Z",
        "viewCount": 161957,
        "isCommercial": "False"
    },
    {
        "id": "684396de-0b20-4a64-9b33-ec8b8931c6d5",
        "title": "브롤스타즈 레고 피규어 스톱모션 만들고 게임한판 brawl stars lego stop motion | 히히튜브",
        "description": "최근에 나온 브롤스타즈 레고 피규어 시리즈입니다.\n프랭크 비비 엘프리모 포코 보 콜트 발리 불 이렇게 8개 세트임.\n간단하게 언박싱하는 스톱모션도 찍어봤는데 어렵다.\n마지막에는 게임 영상도 넣었습니다.\nbrawl stars lego stop motion\n\n#히히튜브 구독 : https://goo.gl/s688oP",
        "thumbnail": "https://i.ytimg.com/vi/TarBUGKa4o4/mqdefault.jpg",
        "youtubeVideoId": "TarBUGKa4o4",
        "uploadedDate": "2020-01-10T09:55:47Z",
        "viewCount": 135264,
        "isCommercial": "False"
    },
    {
        "id": "0f34e780-10eb-4984-bccd-9995862e6e91",
        "title": "브롤스타즈 캡틴 칼 현질했어요. 그리고 맥스 상자깡 도전 | 히히튜브",
        "description": "크리스마스 이브에 게임이라니;; #브롤스타즈 캡틴 칼 스킨새로 나와서 현질했어요. 그리고 새로운 신화 브롤러 맥스 상자깡 했는데 과연 성공했을지?\n즐거운 크리스마스 보내세요.\n\n#히히튜브 구독 : https://goo.gl/s688oP",
        "thumbnail": "https://i.ytimg.com/vi/yPxT-nPZuVA/mqdefault.jpg",
        "youtubeVideoId": "yPxT-nPZuVA",
        "uploadedDate": "2019-12-24T09:44:46Z",
        "viewCount": 92914,
        "isCommercial": "False"
    },
    {
        "id": "7f457bab-5029-41b2-aea4-cbe6cbdb5e14",
        "title": "브롤스타즈 비 상자깡 얻었어요. 해적포코 그리고 산타마이트 크리스마스 스킨 현질 | 히히튜브",
        "description": "기 받아가세요. 브롤스타즈 비 상자깡으로 무료로 얻었어요.\n그리고 크리스마스 스킨으로 산타마이트 하나 샀고 해적포코 스킨은 현질 했습니다. 게임 잘 못하지만 이긴것만 편집했어요.\n\n#히히튜브 구독 : https://goo.gl/s688oP",
        "thumbnail": "https://i.ytimg.com/vi/UNr6p9sdFDE/mqdefault.jpg",
        "youtubeVideoId": "UNr6p9sdFDE",
        "uploadedDate": "2019-12-21T01:32:07Z",
        "viewCount": 133784,
        "isCommercial": "False"
    },
    {
        "id": "ae291724-5b98-4761-a837-f9c54f5dd2cc",
        "title": "브롤스타즈 할로윈 스킨 마녀 쉘리, dj 프랭크, 엠즈 3캐릭으로 1등해보기.",
        "description": "할로윈 데이가 다가오면서 브롤스타즈 할로윈 스킨 새로나왔네요.\n마녀 쉘리 dj 프랭크 그리고 엠즈까지 한번 플레이 해봤어요.\n게임을 잘 못해서 1등한것만 컷컷 해봤습니다. \n\n★히히튜브 구독 : https://goo.gl/s688oP",
        "thumbnail": "https://i.ytimg.com/vi/EWN6cPe1bwQ/mqdefault.jpg",
        "youtubeVideoId": "EWN6cPe1bwQ",
        "uploadedDate": "2019-10-25T09:16:18Z",
        "viewCount": 151717,
        "isCommercial": "False"
    },
    {
        "id": "c449c07f-66f9-48f1-b2bc-051d3e506493",
        "title": "브롤스타즈 인형과 샌디 상자깡 실패하고 해적진 뽑았어요. 황당 상황극까지~",
        "description": "새로나온 브롤스타즈 스킨 해적진으로 재밌는 상황극 플레이 해봤어요.\n그리고 전설 샌디 상자깡 뽑기했는데 아쉽게..\n\n★히히튜브 구독 : https://goo.gl/s688oP",
        "thumbnail": "https://i.ytimg.com/vi/lIG0JBH-nGo/mqdefault.jpg",
        "youtubeVideoId": "lIG0JBH-nGo",
        "uploadedDate": "2019-09-25T11:51:03Z",
        "viewCount": 88773,
        "isCommercial": "False"
    },
    {
        "id": "429286ac-c510-4a52-b4a1-ab9510be6390",
        "title": "비가오면 달팽이 올챙이 청개구리 잡으러 간다. 잠자리 유충까지 곤충채집 완료",
        "description": "장마로 비가 너무 많이 와서 심심하던 그때 갑자기 달팽이가 눈에 보였어요. 그래서 연못에서 올챙이랑 개구리도 잡고 물속에 다슬기, 잠자리 유충까지 확인해서 곤충채집 했습니다. 계곡 놀러가지 않아도 집앞에 다 있네.\n\n★히히튜브 구독 : https://goo.gl/s688oP",
        "thumbnail": "https://i.ytimg.com/vi/sw4ChE3kh6A/mqdefault.jpg",
        "youtubeVideoId": "sw4ChE3kh6A",
        "uploadedDate": "2019-08-16T19:15:02Z",
        "viewCount": 102359,
        "isCommercial": "False"
    },
    {
        "id": "96aae4d2-1d47-42d1-a54d-9021412907ea",
        "title": "브롤스타즈 홀로그램 전설카드 다 뽑았다. 제시 스타파워 쇼키 상자깡 뽑고 상황극 놀이. brawl stars card",
        "description": "너무 재밌는 브롤스타즈 게임에서 전설뽑기 상자깡 2탄 상황극 찍어봤어요. 이번에도 제시 포코 인형이 나오는데 홀로그램 카드에 있는 전설 스킨 모두 모으면 좋겠다.\n운좋게 제시 스타파워 쇼키 상자에서 뽑았네요.\n\ncollect brawl stars hologram card\n\n★히히튜브 구독 : https://goo.gl/s688oP",
        "thumbnail": "https://i.ytimg.com/vi/YpaM9ScrcJg/mqdefault.jpg",
        "youtubeVideoId": "YpaM9ScrcJg",
        "uploadedDate": "2019-08-11T11:54:27Z",
        "viewCount": 741717,
        "isCommercial": "False"
    },
    {
        "id": "d0ee42b6-dada-4a8c-b560-2330eec035f3",
        "title": "장수풍뎅이 애벌레 몇마리 낳았을까요? 집만들기 그리고 곤충탐험 Dynastid beetle | 히히튜브",
        "description": "암컷 수컷 장수풍뎅이 곤충친구들이 애벌레를 낳았어요.\n과연 몇마리 낳았을지 한번 맞춰봐요. 근데 곤충은 조금 무섭다.\n\nObservation of insect Dynastid beetle larva\n★히히튜브 구독 : https://goo.gl/s688oP",
        "thumbnail": "https://i.ytimg.com/vi/b_0zJk4_8dc/mqdefault.jpg",
        "youtubeVideoId": "b_0zJk4_8dc",
        "uploadedDate": "2019-08-06T08:54:43Z",
        "viewCount": 159361,
        "isCommercial": "False"
    },
    {
        "id": "ee4253b1-2b61-430f-982f-ace5e9ce6ed4",
        "title": "공룡식당에서 먹방하기 | 히히튜브",
        "description": "파라사우롤로푸스 공룡기계가 있어 뽑기해보고 공룡식당에 가서 먹방 했습니다.\n이시국에? 하기전에 일본 갔다온거라 이해부탁드립니다.\n\n★히히튜브 구독 : https://goo.gl/s688oP",
        "thumbnail": "https://i.ytimg.com/vi/B6e888asAYA/mqdefault.jpg",
        "youtubeVideoId": "B6e888asAYA",
        "uploadedDate": "2018-06-30T11:25:13Z",
        "viewCount": 0,
        "isCommercial": "False"
    },
    {
        "id": "c955651e-b2d0-4b87-93af-bce682111d73",
        "title": "일본에 있는 공룡 테마파크 체험하기. dino park(디노파크) 티라노사우루스 신기해요.",
        "description": "일본 오키나와에 있는 공룡 테마파크 장난감 공원인 dino park(디노파크)에 갔다왔어요. 티라노사우루스,브라키오사우루스,안킬로사우루스,스피노사우루스,알로사우루스,디메트로돈,트리케라톱스 등..엄청 많은 공룡 장난감 모형이 있어요. 아이들 어른들 모두 좋아할 공룡테마파크인것 같아요.\n★히히튜브 구독 : https://goo.gl/s688oP",
        "thumbnail": "https://i.ytimg.com/vi/8a4INhi9GKw/mqdefault.jpg",
        "youtubeVideoId": "8a4INhi9GKw",
        "uploadedDate": "2018-06-26T06:33:50Z",
        "viewCount": 0,
        "isCommercial": "False"
    },
    {
        "id": "99994320-c3f5-423f-acc6-94b13d72bc79",
        "title": "병맛 상황극 공룡 vs 인간의 짜장면 먹방 심리대결 | 히히튜브",
        "description": "토요일 집에서 맛있는 짜장면 먹으면서 먹방 상황극 해봤습니다. \n거의 처음해본거라 완전 민망함 재미가 별로 없네요. ㅈㅅㅈㅅ\n\n#히히튜브 구독 : https://goo.gl/s688oP",
        "thumbnail": "https://i.ytimg.com/vi/ocCjwU-ZoUg/mqdefault.jpg",
        "youtubeVideoId": "ocCjwU-ZoUg",
        "uploadedDate": "2018-06-16T09:12:28Z",
        "viewCount": 0,
        "isCommercial": "False"
    },
    {
        "id": "7541b8ce-faa0-4414-a4e8-47e89eb191d0",
        "title": "타이니소어 과자라고? 공룡메카드 티라노사우루스 트리케라톱스 스테고사우루스 장난감 놀이에요.",
        "description": "공룡메카드 타이니소어 과자놀이 입니다. ^^\n황당한 공룡메카드 장난감 놀이~\n★히히튜브 구독 : https://goo.gl/s688oP",
        "thumbnail": "https://i.ytimg.com/vi/hEbD2clgrVQ/mqdefault.jpg",
        "youtubeVideoId": "hEbD2clgrVQ",
        "uploadedDate": "2018-07-01T16:59:32Z",
        "viewCount": 0,
        "isCommercial": "False"
    },
    {
        "id": "3e776e18-0fc6-45d1-a1e1-ec5c45f4282a",
        "title": "실제촬영? 공룡메카드 11화 데이노수쿠스 vs 사르코수쿠스 뭐가 맞을까요.",
        "description": "공룡메카드 11화 기다리면서 재미로 악어 장난감으로 영상찍어 봤어요. 목요일이 기다려지네요 ^^\n★히히튜브 구독 : https://goo.gl/s688oP",
        "thumbnail": "https://i.ytimg.com/vi/WW14x_cAF9Q/mqdefault.jpg",
        "youtubeVideoId": "WW14x_cAF9Q",
        "uploadedDate": "2018-07-01T16:37:22Z",
        "viewCount": 0,
        "isCommercial": "False"
    },
    {
        "id": "6003e340-ed75-477d-ac72-4be19a68c52b",
        "title": "Private video",
        "description": "This video is private.",
        "thumbnail": null,
        "youtubeVideoId": "nzl3T-2jzX0",
        "uploadedDate": "2018-09-19T12:55:49Z",
        "viewCount": 0,
        "isCommercial": "False"
    },
    {
        "id": "33f8154b-9983-4243-8cdb-09e7b6e4065f",
        "title": "Private video",
        "description": "This video is private.",
        "thumbnail": null,
        "youtubeVideoId": "RT8MXT9wmZM",
        "uploadedDate": "2018-05-17T10:34:39Z",
        "viewCount": 0,
        "isCommercial": "False"
    },
    {
        "id": "ab93cb27-447b-479a-bef9-6c640bc8c634",
        "title": "Private video",
        "description": "This video is private.",
        "thumbnail": null,
        "youtubeVideoId": "NzmbaW1kQ0k",
        "uploadedDate": "2018-07-01T16:37:22Z",
        "viewCount": 0,
        "isCommercial": "False"
    }
]