[
    {
        "id": "682f75f2-badd-43fe-a6ca-b861dd7f647f",
        "title": "[티켓이벤트] 남이섬에서 열리는 2018 트레져 아일랜드 페스티벌에 초대합니다! (홍성오빠에게 직접 인형뽑기 잘 하는 법 배울 기회) - 종료",
        "description": "댓글창에 이메일 주소가 포함된 댓글을 남겨주시면 추첨을 통해 트레져 아일랜드 페스티벌 입장이 가능한 (10월 6일 ~ 7일 중 하루) 티켓을 증정해드립니다. (9월 20일 오후 2시까지, 이후 당첨자 분들의 이메일로 개별 통보드립니다.)\n\n영상출처 : 트레져헌터 공식 유튜브 채널\n\n2018 트레져 아일랜드 페스티벌 In 남이섬 http://treasureislandfest.com/",
        "thumbnail": "https://i.ytimg.com/vi/59udksdEx60/mqdefault.jpg",
        "youtubeVideoId": "59udksdEx60",
        "uploadedDate": "2020-03-08T22:27:37Z",
        "viewCount": 0,
        "isCommercial": "False"
    },
    {
        "id": "71fad41d-99bc-4b8e-9801-3386bbe71bad",
        "title": "일본 도쿄에서의 생방송 공지입니다! 모두 '알람' 버튼을 활성화 해주세요 :D #601) 홍성오빠",
        "description": "** 매일 오후 5시 업로드 **\n인스타그램 ▶ https://www.instagram.com/hongseongobba/\n페이스북 ▶ https://www.facebook.com/hongseongobba/ \n카카오톡 ▶ 친구검색에서 '홍성오빠' 검색 후 친구추가\n\n소통하는 뽑기방송!! 많은 구독 및 좋아요 눌러주시면 매일 재미있는 뽑기영상 보실 수 있습니다!^^",
        "thumbnail": "https://i.ytimg.com/vi/_0tWGDU5ycg/mqdefault.jpg",
        "youtubeVideoId": "_0tWGDU5ycg",
        "uploadedDate": "2020-03-08T22:25:36Z",
        "viewCount": 0,
        "isCommercial": "False"
    },
    {
        "id": "15f528b4-c8d7-4a07-a821-efcc06dbb187",
        "title": "[이벤트마감] 메리 크리스마스 홍시여러분! 오늘 하루 여러분들의 홍산타가 되어드립니다.. 25+1 총 26명에게 선물 쏜다!",
        "description": "▼▼▼ 더보기 필수로 클릭 ▼▼▼\n\n설문지 링크 ▶ https://goo.gl/ZfJn4F\n이벤트 기간 ▶ 2016.12.25 ~ 2016.12.30 밤 10시까지 (자동응모마감)\n당첨자 발표 ▶ 2016. 12. 31 토요일 오후 2시\n주의할 사항 ▶ 댓글란에 절대 이메일, 카카오톡 ID, 주소, 전화번호, 이름, 공유한 URL 주소 절대 남기지 말 것 (스팸처리되어 이벤트 참여 자체가 불가능해짐, 무조건 설문조사에만 남길 것), 필수조건 완료 및 설문조사 양식에 맞지 않을 경우 (이메일 외 추가 정보를 남기는 등, 내용에 성의가 지나치게 없는 경우 등 무조건 당첨 취소), 이벤트 영상 싫어요 누르면 끝까지 추적!!!",
        "thumbnail": "https://i.ytimg.com/vi/9LMkUsx-qgU/mqdefault.jpg",
        "youtubeVideoId": "9LMkUsx-qgU",
        "uploadedDate": "2020-03-08T22:27:37Z",
        "viewCount": 0,
        "isCommercial": "False"
    },
    {
        "id": "b4f11c35-ce00-4809-911e-cabd4a6fc8b6",
        "title": "[이벤트종료] 홍성오빠 YOUTUBE 채널 구독자 100명 돌파 감사 이벤트! 참여하고 인형, 피규어, 드론 선물받자! #20) 홍성오빠 (2.26~3.2까지)",
        "description": "구독자 100명 돌파 감사합니다. 더 열심히 하겠습니다. 끝까지 함께 소통해요^^\n\n** 이벤트 참여방법 안내 ** (더보기로 끝까지 봐주세요)\n\n1. 홍성오빠 YOUTUBE 채널 구독 필수!\n\n2. 이벤트 영상 좋아요(추천) 따봉 버튼 누르기!\n\n3. 댓글창에 자신의 이메일 주소 + 하고 싶은 말 간단하게 남기기! (기왕이면 이벤트영상 및 뽑기영상 공유도!)\n\n** 이벤트 진행기간 안내 **\n\n2016.02.26 ~ 2016.03.02 까지, 당첨자 발표는 2016.03.03일 영상을 통해서 발표\n\n** 이벤트 주의사항 안내 **\n\n참여조건에서 한 가지라도 누락되는 경우, 중복당첨은 배제, 당첨자 발표 후 이메일 회신이 3일이내 오지 않는 경우 등",
        "thumbnail": "https://i.ytimg.com/vi/SJ6lozitZhc/mqdefault.jpg",
        "youtubeVideoId": "SJ6lozitZhc",
        "uploadedDate": "2020-03-08T22:27:37Z",
        "viewCount": 0,
        "isCommercial": "False"
    },
    {
        "id": "45d49ea9-4fb0-4bba-9ab7-84244399fa73",
        "title": "홍성오빠 YOUTUBE 채널 구독자 100명 돌파 기념 이벤트 당첨자 발표!! #28) 홍성오빠",
        "description": "리락쿠마 인형세트, 원피스 정품 피규어, X25 드론+RC카 당첨되신 세 분 모두 축하드립니다!^^ 이벤트는 앞으로도 계속 되니 앞으로도 많은 관심 부탁드립니다. 많은 구독 및 좋아요 눌러주시면 매일 재미있는 뽑기영상 보실 수 있습니다!^^",
        "thumbnail": "https://i.ytimg.com/vi/vpdmOOdEyAo/mqdefault.jpg",
        "youtubeVideoId": "vpdmOOdEyAo",
        "uploadedDate": "2020-03-08T22:27:37Z",
        "viewCount": 0,
        "isCommercial": "False"
    },
    {
        "id": "43fce8f3-2621-4448-a3d5-f16ae9b0a48e",
        "title": "[이벤트종료] 홍성오빠 YOUTUBE 채널 구독자 1000명 돌파 감사 이벤트! 8가지 다양한 상품이 와르르~ #55) 홍성오빠",
        "description": "** 홍성오빠 YOUTUBE 채널 구독자 1000명 돌파 감사 이벤트 진행중 ** (2016.03.28 ~ 2016. 04. 03 까지) - 4월 4일 발표\n\n참여방법은 영상에 자세하게 소개되어 있지만, 간략하게 다시 안내해 드립니다. (* 주의사항 포함) - ▼▼▼ 더보기 클릭!!\n\n1) 홍성오빠 유튜브 채널 구독 필수 (구독자 확인되지 않을 경우 당첨 취소)\n\n2) 이벤트 영상 좋아요(따봉) 버튼 클릭\n\n3) 댓글에 이메일 + 하고싶은 말 간단하게 남기기\n\n** 주의사항\n\n댓글에는 반드시 이메일을 남겨주셔야 합니다. 카카오톡 아이디나 기타 메신저 아이디는 이벤트 참여 대상에서 제외되오니 꼭 이메일을 넣어주세요.\n\n참여 조건에서 한 가지라도 누락되는 경우 마찬가지로 추첨 대상에 포함되지 않습니다.\n\n중복 댓글, 반복(도배) 댓글은 추첨 대상에 포함되지 않습니다.\n\n당첨자 분들은 3일이내로 상품을 받으실 주소, 성함, 연락처를 제가 보낸 이메일로 회신해주셔야 합니다.\n\n택배는 착불로 발송되며, 원치 않으시는 분께는 보내드리지 않습니다. 경품 변경 불가합니다.",
        "thumbnail": "https://i.ytimg.com/vi/pgJDqsv2oak/mqdefault.jpg",
        "youtubeVideoId": "pgJDqsv2oak",
        "uploadedDate": "2020-03-08T22:27:37Z",
        "viewCount": 0,
        "isCommercial": "False"
    },
    {
        "id": "74d86f60-cd05-420f-b4ad-d364a65194aa",
        "title": "홍성오빠 YOUTUBE 채널 구독자 1000명 돌파 기념 이벤트 당첨자 발표!! #62) 홍성오빠",
        "description": "당첨되신 모든 분들께 축하의 말씀을 전하면서 당첨되지 않으신 분들께는 위로의 말씀과 또 다른 이벤트가 기다리고 있다는 것을 전해드립니다. 많은 구독 및 좋아요 눌러주시면 매일 재미있는 뽑기영상 보실 수 있습니다!^^",
        "thumbnail": "https://i.ytimg.com/vi/BnvjxZw6jKw/mqdefault.jpg",
        "youtubeVideoId": "BnvjxZw6jKw",
        "uploadedDate": "2020-03-08T22:27:37Z",
        "viewCount": 0,
        "isCommercial": "False"
    },
    {
        "id": "8023ba3a-d2e9-4117-9b83-38de6824af51",
        "title": "[이벤트종료] 홍성오빠 YOUTUBE 채널 구독자 3000명 돌파 감사 이벤트! 행운의 당첨자 7명은 누구? #96) 홍성오빠",
        "description": "이벤트 응모페이지 링크 ▶ http://goo.gl/forms/MnQZUnyYjf\n이벤트 기간 ▶ 160507~160513 밤9시까지 자동마감\n** 댓글로 참여하는 것은 응모로 인정하지 않습니다.\n** 주의사항 참고 후 작성해야 실수없이 정상 응모 됩니다.",
        "thumbnail": "https://i.ytimg.com/vi/k_jJfvITDTE/mqdefault.jpg",
        "youtubeVideoId": "k_jJfvITDTE",
        "uploadedDate": "2020-03-08T22:27:37Z",
        "viewCount": 0,
        "isCommercial": "False"
    },
    {
        "id": "88695f83-c7e6-43cc-9ce5-fe2869475478",
        "title": "홍성오빠 YOUTUBE 채널 구독자 3000명 돌파 기념 이벤트 당첨자 발표!! #102)홍성오빠",
        "description": "당첨되신 모든 분들께 축하의 말씀을 전하면서 당첨되지 않으신 분들께는 위로의 말씀과 또 다른 이벤트가 기다리고 있다는 것을 전해드립니다. 많은 구독 및 좋아요 눌러주시면 매일 재미있는 뽑기영상 보실 수 있습니다!^^",
        "thumbnail": "https://i.ytimg.com/vi/nDVOQL1gaUQ/mqdefault.jpg",
        "youtubeVideoId": "nDVOQL1gaUQ",
        "uploadedDate": "2020-03-08T22:27:37Z",
        "viewCount": 0,
        "isCommercial": "False"
    },
    {
        "id": "173bb242-a80d-45c5-b1be-8d0f5573d104",
        "title": "[이벤트마감] 구독자 1만명 돌파 기념 이벤트! 10명에게 푸짐하고 다양한 선물 홍성오빠가 쏜다 #216) 홍성오빠",
        "description": "** 이벤트 참여방법 안내 ** (더보기로 끝까지 봐주세요)\n\n1. 홍성오빠 YOUTUBE 채널 구독 필수!\n\n2. 이벤트 영상 좋아요 따봉 버튼 누르기!\n\n3. 가장 재미있게 봤던 뽑기영상 1가지 SNS 등에 공유하기!\n\n4. 댓글창에 자신의 이메일 주소 + 바라는 점 또는 하고 싶은 말 남기기!\n\n** 이벤트 진행기간 안내 **\n\n2016.08.23 ~ 2016.08.30 까지, 당첨자 발표는 2016.08.31일 영상을 통해서 발표\n\n** 이벤트 주의사항 안내 **\n\n참여조건에서 한 가지라도 누락되는 경우, 중복참여한 경우, 당첨자 발표 후 이메일 회신이 9월 2일 자정까지 오지 않는 경우 등",
        "thumbnail": "https://i.ytimg.com/vi/7A0PPi_NH5U/mqdefault.jpg",
        "youtubeVideoId": "7A0PPi_NH5U",
        "uploadedDate": "2020-03-08T22:27:37Z",
        "viewCount": 0,
        "isCommercial": "False"
    },
    {
        "id": "7b55de04-53e7-4a72-91cd-7f83e4ec3b9a",
        "title": "구독자 1만명 돌파 기념 이벤트 당첨자 발표 #254) 홍성오빠",
        "description": "모두모두 축하드립니다~^^",
        "thumbnail": "https://i.ytimg.com/vi/CCFtsFry7ao/mqdefault.jpg",
        "youtubeVideoId": "CCFtsFry7ao",
        "uploadedDate": "2020-03-08T22:27:37Z",
        "viewCount": 0,
        "isCommercial": "False"
    },
    {
        "id": "b36bde25-6b9d-4d84-a181-3f226b592706",
        "title": "[이벤트마감] 기습이벤트!! 뽑기에 얽힌 여러분들의 사연이 듣고싶어요! #226) 홍성오빠",
        "description": "이벤트 기간 : 2016.08.31 ~ 2016.09.04 일요일 밤 12시까지\n당첨자 발표 : 2016.09.05 중\n참여 방법 : 댓글에 뽑기에 얽힌 나만의 에피소드를 적고, 이메일을 남긴다. (꼭 하나의 댓글에 모두 써주세요)\n선정 방법 : 구독자들의 공감(좋아요)을 많이 받은 1, 2, 3등과 홍성오빠가 직접 뽑은 베스트 사연 두 명을 뽑아 선물!",
        "thumbnail": "https://i.ytimg.com/vi/bZydZSNIIlk/mqdefault.jpg",
        "youtubeVideoId": "bZydZSNIIlk",
        "uploadedDate": "2020-03-08T22:27:37Z",
        "viewCount": 0,
        "isCommercial": "False"
    },
    {
        "id": "eea4ed6a-6309-405a-857e-5e7fa9ba7b1f",
        "title": "[이벤트마감] 대망의 300회! 3만명 이벤트? 300회 이벤트? 천만뷰 이벤트? 무슨 상관이야.. 인형 막 퍼주는 이벤트 갑니다ㅋㅋㅋ #300) 홍성오빠",
        "description": "이벤트 기간 ▶ 2016. 11. 07. ~ 2016. 11. 13. 밤 9시까지\n설문지 링크 ▶ https://goo.gl/OSk03d\n당첨자 발표 ▶ 2016. 11. 14. 중\n\n기타 이벤트 참여에 궁금하신 사항은 댓글로 문의 남겨주세요! 댓글로 이벤트 참여하는 것 인정하지 않습니다. 댓글에 개인정보 남기는 일 없어야 합니다!!",
        "thumbnail": "https://i.ytimg.com/vi/Lbb-p4InZ8M/mqdefault.jpg",
        "youtubeVideoId": "Lbb-p4InZ8M",
        "uploadedDate": "2020-03-08T22:27:37Z",
        "viewCount": 0,
        "isCommercial": "False"
    },
    {
        "id": "c93bf819-124b-4edb-9b44-22c551385f3b",
        "title": "인형 막 퍼주는 이벤트! 행운의 당첨자 10인을 발표합니다 #308) 홍성오빠",
        "description": "▶ 당첨자 바로 확인 21:19 에서 확인하세요!!\n\n** 매일 평일 오후 5시, 주말 및 공휴일 오후 2시 업로드 **\n인스타그램 ▶ https://www.instagram.com/hongseongobba/\n페이스북 ▶ https://www.facebook.com/hongseongobba/ \n카카오톡 ▶ 친구검색에서 '홍성오빠' 검색 후 친구추가\n\n소통하는 뽑기방송!! 많은 구독 및 좋아요 눌러주시면 매일 재미있는 뽑기영상 보실 수 있습니다!^^",
        "thumbnail": "https://i.ytimg.com/vi/gYW1H5D9HzA/mqdefault.jpg",
        "youtubeVideoId": "gYW1H5D9HzA",
        "uploadedDate": "2020-03-08T22:27:37Z",
        "viewCount": 0,
        "isCommercial": "False"
    },
    {
        "id": "bb7bb7c3-a8be-4f9f-9ad0-aaa3fe0d14f4",
        "title": "구독자 7만 돌파 기념 크리스마스 인형 이벤트! 행운의 당첨자 26명을 발표합니다.",
        "description": "** 매일 평일 오후 5시, 주말 및 공휴일 오후 2시 업로드 **\n인스타그램 ▶ https://www.instagram.com/hongseongobba/\n페이스북 ▶ https://www.facebook.com/hongseongobba/ \n카카오톡 ▶ 친구검색에서 '홍성오빠' 검색 후 친구추가\n\n소통하는 뽑기방송!! 많은 구독 및 좋아요 눌러주시면 매일 재미있는 뽑기영상 보실 수 있습니다!^^",
        "thumbnail": "https://i.ytimg.com/vi/6OF5KEjvaAo/mqdefault.jpg",
        "youtubeVideoId": "6OF5KEjvaAo",
        "uploadedDate": "2020-03-08T22:27:37Z",
        "viewCount": 0,
        "isCommercial": "False"
    },
    {
        "id": "51b1e753-8fdc-4f8c-badb-4d3cf7434b41",
        "title": "[이벤트종료] 500회 특집 이벤트! 유튜브 최초의 초특급 상품 1미터 초대형 인형 5개 쏩니다 #500) 홍성오빠",
        "description": "★ 이벤트 참여 방법 ★\n\n구글 설문지 링크 : https://goo.gl/04CAHj\n\n이벤트 진행 기간 : 2017년 05월 19일 ~ 2017년 05월 26일 (7일간)\n\n당첨자 발표 : 2017년 05월 29일 (업로드 되는 영상에 함께 첨부, 당첨자에게는 이메일로 개별 통보)\n\n이벤트 응모방법 : 해당 설문지를 작성 후 반드시 제출, 홍성오빠 유튜브 채널 구독, 이벤트 영상 좋아요, 재미있게 본 영상 2개 이상 공유, 페이스북 및 인스타그램 @홍성오빠 검색 후 좋아요 및 팔로우(계정이 없으면 안하셔도 됨)\n\n주의사항 : 이벤트 영상 댓글란에 이메일 주소나 SNS(카카오톡 등) ID, 집 주소, 전화번호 등 개인정보 남길 시 당첨 취소될 수 있음 / 설문지 성의없이 부실하게 작성하거나 잘못 작성 시 당첨 취소될 수 있음 / 당첨 된 후 오는 31일 밤 12시까지 상품 수령에 관한 회신이 없을 경우 당첨 취소 / 구독, 좋아요, 공유 등 필수항목을 하지 않을 경우 당첨자 제외\n\n인스타그램 ▶ https://www.instagram.com/hongseongobba/\n페이스북 ▶ https://www.facebook.com/hongseongobba/ \n카카오톡 ▶ 친구검색에서 '홍성오빠' 검색 후 친구추가\n\n소통하는 뽑기방송!! 많은 구독 및 좋아요 눌러주시면 매일 재미있는 뽑기영상 보실 수 있습니다!^^",
        "thumbnail": "https://i.ytimg.com/vi/x8yiTAJeCFo/mqdefault.jpg",
        "youtubeVideoId": "x8yiTAJeCFo",
        "uploadedDate": "2020-03-08T22:27:37Z",
        "viewCount": 0,
        "isCommercial": "False"
    },
    {
        "id": "1f9d0500-f56f-4ba2-8a31-4b6bdb7d91bb",
        "title": "600회 기념 행운의 주사위 뽑기! 모두가 헉소리 나도록 놀란 이유는? + 600회 특급 이벤트 하니까 다 드루와요 #600) 홍성오빠",
        "description": "600회 기념 이벤트 안내\n\n- 기간 : 2017년 08월 29일 ~ 2017년 09월 04일, 0시 자동마감\n- 발표 : 2017년 09월 04일 월요일 업로드 영상에 첨부\n- 설문지 링크 : https://goo.gl/bimXbU\n설문지 작성, 채널 구독, 영상 좋아요, 재미있게 본 영상 2편 아무 곳에나 공유 필수입니다. 한 가지라도 누락시 당첨자 선정에서 제외됩니다. 많은 응모 바랍니다!!",
        "thumbnail": "https://i.ytimg.com/vi/j6LOPaqOVjc/mqdefault.jpg",
        "youtubeVideoId": "j6LOPaqOVjc",
        "uploadedDate": "2020-03-08T22:27:37Z",
        "viewCount": 0,
        "isCommercial": "False"
    },
    {
        "id": "e381326f-0c89-4103-a1fe-6a30baf48ac8",
        "title": "공지사항! 2월 13일 전라북도 뽑기투어 갑니다.. 여러분들의 많은 제보가 필요해욥 (feat. 이벤트 스포일러) #403) 홍성오빠",
        "description": "** 매일 평일 오후 5시, 주말 및 공휴일 오후 2시 업로드 **\n인스타그램 ▶ https://www.instagram.com/hongseongobba/\n페이스북 ▶ https://www.facebook.com/hongseongobba/ \n카카오톡 ▶ 친구검색에서 '홍성오빠' 검색 후 친구추가\n\n소통하는 뽑기방송!! 많은 구독 및 좋아요 눌러주시면 매일 재미있는 뽑기영상 보실 수 있습니다!^^",
        "thumbnail": "https://i.ytimg.com/vi/1Ub-FzthwZo/mqdefault.jpg",
        "youtubeVideoId": "1Ub-FzthwZo",
        "uploadedDate": "2020-03-08T22:25:36Z",
        "viewCount": 0,
        "isCommercial": "False"
    },
    {
        "id": "1b1c916c-c074-4f70-9667-83afce47bf7e",
        "title": "긴급공지! 10월 18일 전라북도 뽑기투어 갑니다.. 댓글로 장소 추천해주세요!! #277) 홍성오빠",
        "description": "https://www.instagram.com/hongseongobba/ 여러분들과 소통하기 위해 홍성오빠 인스타그램 개설!! https://www.facebook.com/hongseongobba/ 페이스북 페이지 개설!! \n홍성오빠 카카오톡 ID : 친구검색에서 '홍성오빠' 검색\n\n영상 말고도 간단하게 소통해요 여러분들~! 많은 구독 및 좋아요 눌러주시면 매일 재미있는 뽑기영상 보실 수 있습니다!^^",
        "thumbnail": "https://i.ytimg.com/vi/T9mfPKKfxrw/mqdefault.jpg",
        "youtubeVideoId": "T9mfPKKfxrw",
        "uploadedDate": "2020-03-08T22:25:36Z",
        "viewCount": 0,
        "isCommercial": "False"
    },
    {
        "id": "173fd745-5edc-4590-af4a-69bb201ff0e0",
        "title": "[이벤트 공지] 비밀의 상자 속에는 무엇이 들어있을까? 대박 아이템을 뽑아보자! 30만원 상당의 대박 이벤트까지 놓치지 마세요 #526) 홍성오빠 Claw Machine",
        "description": "** 매일 오후 5시 업로드 **\n인스타그램 ▶ https://www.instagram.com/hongseongobba/\n페이스북 ▶ https://www.facebook.com/hongseongobba/ \n카카오톡 ▶ 친구검색에서 '홍성오빠' 검색 후 친구추가\n\n소통하는 뽑기방송!! 많은 구독 및 좋아요 눌러주시면 매일 재미있는 뽑기영상 보실 수 있습니다!^^",
        "thumbnail": "https://i.ytimg.com/vi/g9SbLmP5lGg/mqdefault.jpg",
        "youtubeVideoId": "g9SbLmP5lGg",
        "uploadedDate": "2020-03-08T22:27:37Z",
        "viewCount": 0,
        "isCommercial": "False"
    },
    {
        "id": "c8934e43-4736-4e9e-b0ea-8abc2916a5e0",
        "title": "[이벤트종료] 포켓몬 슬리퍼 5종이 나왔다! 잼맴보, 이뷔, 꼬부긔, 이상해씌, 픠카츄 뽑아서 드릴게요.. 대전 둔산동 인형뽑기 (with 소불고기) #584) 홍성오빠",
        "description": "** 매일 오후 5시 업로드 **\n인스타그램 ▶ https://www.instagram.com/hongseongobba/\n페이스북 ▶ https://www.facebook.com/hongseongobba/ \n카카오톡 ▶ 친구검색에서 '홍성오빠' 검색 후 친구추가\n\n소통하는 뽑기방송!! 많은 구독 및 좋아요 눌러주시면 매일 재미있는 뽑기영상 보실 수 있습니다!^^",
        "thumbnail": "https://i.ytimg.com/vi/BjRsKmi7qNo/mqdefault.jpg",
        "youtubeVideoId": "BjRsKmi7qNo",
        "uploadedDate": "2020-03-08T22:27:37Z",
        "viewCount": 0,
        "isCommercial": "False"
    },
    {
        "id": "f561146b-a645-4743-a60e-bfbc47c26725",
        "title": "만 원에 12개 뽑는 미션을 하다가 결국 통털이까지 해버린 사연!? 광순언니 몬스터 크레인샵 털기 + 수제 팔찌 이벤트｜서울 행당동 인형뽑기 #653) 홍성오빠",
        "description": "** 매일 오후 5시 업로드 **\n인스타그램 ▶ https://www.instagram.com/hongseongobba/\n페이스북 ▶ https://www.facebook.com/hongseongobba/ \n카카오톡 ▶ 친구검색에서 '홍성오빠' 검색 후 친구추가\n\n소통하는 뽑기방송!! 많은 구독 및 좋아요 눌러주시면 매일 재미있는 뽑기영상 보실 수 있습니다!^^",
        "thumbnail": "https://i.ytimg.com/vi/sQ3bBrerSwE/mqdefault.jpg",
        "youtubeVideoId": "sQ3bBrerSwE",
        "uploadedDate": "2020-03-08T22:27:37Z",
        "viewCount": 0,
        "isCommercial": "False"
    },
    {
        "id": "dfcda51e-b814-4686-94d3-c0d93ab20f0b",
        "title": "전설의 7공룡파 인형뽑기? 된다 안 된다를 놓고 츤데레 사장님과 구독자 이벤트를 걸고 내기를 해봤습니다｜인천 용현동 인형뽑기 #716) 홍성오빠",
        "description": "** 매일 오후 5시 업로드 **\n인스타그램 ▶ https://www.instagram.com/hongseongobba/\n페이스북 ▶ https://www.facebook.com/hongseongobba/ \n카카오톡 ▶ 친구검색에서 '홍성오빠' 검색 후 친구추가\n\n소통하는 뽑기방송!! 많은 구독 및 좋아요 눌러주시면 매일 재미있는 뽑기영상 보실 수 있습니다!^^",
        "thumbnail": "https://i.ytimg.com/vi/rN-FY9sr-rE/mqdefault.jpg",
        "youtubeVideoId": "rN-FY9sr-rE",
        "uploadedDate": "2020-03-08T22:27:37Z",
        "viewCount": 0,
        "isCommercial": "False"
    },
    {
        "id": "797dd362-ecb9-49b8-a951-6bf2b73a71a7",
        "title": "인형뽑기의 성지로! 홍성오빠 일본갑니다 ( + 졸귀탱 춤추는 피카츄 리뷰) #596) 홍성오빠",
        "description": "** 매일 오후 5시 업로드 **\n인스타그램 ▶ https://www.instagram.com/hongseongobba/\n페이스북 ▶ https://www.facebook.com/hongseongobba/ \n카카오톡 ▶ 친구검색에서 '홍성오빠' 검색 후 친구추가\n\n소통하는 뽑기방송!! 많은 구독 및 좋아요 눌러주시면 매일 재미있는 뽑기영상 보실 수 있습니다!^^",
        "thumbnail": "https://i.ytimg.com/vi/lLaKBfJpa3U/mqdefault.jpg",
        "youtubeVideoId": "lLaKBfJpa3U",
        "uploadedDate": "2020-03-08T22:34:15Z",
        "viewCount": 0,
        "isCommercial": "False"
    },
    {
        "id": "cc22dc61-1660-4dc6-9692-2c4f7ec88d0c",
        "title": "홍성오빠 19일부터 21일까지 2박3일간 경상남도 뽑기투어 갑니다! 사천, 창원, 부산, 울산, 대구 인형뽑기 제보가 필요합니다요 #532) 홍성오빠",
        "description": "** 매일 오후 5시 업로드 **\n인스타그램 ▶ https://www.instagram.com/hongseongobba/\n페이스북 ▶ https://www.facebook.com/hongseongobba/ \n카카오톡 ▶ 친구검색에서 '홍성오빠' 검색 후 친구추가\n\n소통하는 뽑기방송!! 많은 구독 및 좋아요 눌러주시면 매일 재미있는 뽑기영상 보실 수 있습니다!^^",
        "thumbnail": "https://i.ytimg.com/vi/e-pySpDP_UM/mqdefault.jpg",
        "youtubeVideoId": "e-pySpDP_UM",
        "uploadedDate": "2020-03-08T23:16:47Z",
        "viewCount": 0,
        "isCommercial": "False"
    },
    {
        "id": "4345465f-5b25-4205-9c45-84313d5d582f",
        "title": "홍성오빠에게 팬 선물이 도착했다! 눈물없이 볼 수 없는(?) 감동의 택배개봉기.. 아우 씐나 (Feat. 팬레터) #304) 홍성오빠",
        "description": "** 매일 평일 오후 5시, 주말 및 공휴일 오후 2시 업로드 **\n인스타그램 ▶ https://www.instagram.com/hongseongobba/\n페이스북 ▶ https://www.facebook.com/hongseongobba/ \n카카오톡 ▶ 친구검색에서 '홍성오빠' 검색 후 친구추가\n\n소통하는 뽑기방송!! 많은 구독 및 좋아요 눌러주시면 매일 재미있는 뽑기영상 보실 수 있습니다!^^",
        "thumbnail": "https://i.ytimg.com/vi/0a6OlHxsjJw/mqdefault.jpg",
        "youtubeVideoId": "0a6OlHxsjJw",
        "uploadedDate": "2020-03-08T23:19:33Z",
        "viewCount": 0,
        "isCommercial": "False"
    },
    {
        "id": "88e74ab2-fa96-4f09-a0a6-b3a210a8701e",
        "title": "홍성오빠 전북뽑기투어 떠나다! 본격적으로 시작하기 전에 전북 원정기 살짝 미리볼까요? 여러분이 추천해주신 곳으로 떠납니다 #280) 홍성오빠",
        "description": "** 매일 평일 오후 5시, 주말 및 공휴일 오후 2시 업로드 **\n인스타그램 ▶ https://www.instagram.com/hongseongobba/\n페이스북 ▶ https://www.facebook.com/hongseongobba/ \n카카오톡 ▶ 친구검색에서 '홍성오빠' 검색 후 친구추가\n\n소통하는 뽑기방송!! 많은 구독 및 좋아요 눌러주시면 매일 재미있는 뽑기영상 보실 수 있습니다!^^",
        "thumbnail": "https://i.ytimg.com/vi/7vEVGwAeWhE/mqdefault.jpg",
        "youtubeVideoId": "7vEVGwAeWhE",
        "uploadedDate": "2020-03-08T23:19:45Z",
        "viewCount": 0,
        "isCommercial": "False"
    },
    {
        "id": "63f1ad7e-16ab-4c2b-9868-88a0a08a52cf",
        "title": "시청자와의 본격 소통 방송! 1시간여에 걸친 진솔한 Q&A #103) 홍성오빠",
        "description": "다음에 제대로 된 질문을 받아 답변하는 Q&A도 준비해보도록 하겠습니다^^ 많은 구독 및 좋아요 눌러주시면 매일 재미있는 뽑기영상 보실 수 있습니다!^^",
        "thumbnail": "https://i.ytimg.com/vi/1bAe9JHDymw/mqdefault.jpg",
        "youtubeVideoId": "1bAe9JHDymw",
        "uploadedDate": "2020-03-08T23:20:04Z",
        "viewCount": 0,
        "isCommercial": "False"
    },
    {
        "id": "1085d71b-19d7-45a2-bc47-6df6f1fd3898",
        "title": "홍성스쿨에서 인형뽑기대회해요!",
        "description": "홍성스쿨배 인형뽑기대회가 열려요!!\n\n7월 28일 인형뽑기대회 예선전 참가신청(사전등록)\nhttps://tinyurl.com/y7bamj95\n(위 링크로 이동하셔서 잘 읽어보시고 참가신청 해 주시면 됩니다!!^^)\n문의 : 홍성스쿨 밴드 https://band.us/band/66526056\n\n충남 홍성군 홍성읍 조양로205번길 67",
        "thumbnail": "https://i.ytimg.com/vi/R2oZozdbYM0/mqdefault.jpg",
        "youtubeVideoId": "R2oZozdbYM0",
        "uploadedDate": "2020-03-09T06:16:52Z",
        "viewCount": 0,
        "isCommercial": "False"
    }
]