[
    {
        "id": "a692981d-27e7-4834-9233-f8d92e77329b",
        "title": "ASMR 귀 마이크 처음 본 친구 상황극 ( 장난끼 주의 ) / 위스퍼링 수다 많이 / 장난끼 가득 / 귀청소 , 귀마사지 , 귀탭핑 , 이어블로잉  Earcleaning RP",
        "description": "영상에서 제가 입고 있는 후드티는\n이번에 오픈한 제 쇼핑몰 '바닐라월' 제품입니다!\n남녀공용으로 큼직한 사이즈에, 기모가 들어있는\n도톰하고 탄탄한 예쁜 후드티예요.\n12월7일까지 오픈 이벤트로 쿠폰도 드리고,\n11월 한달간 10만원 리뷰이벤트도 하고 있으니\n많은 관심 부탁드려용 ~~~\n\n👚후드티 보러가기\nhttps://han.gl/ykYfJ\n👚바닐라월 쇼핑몰 구경가기\nhttp://www.vwall.co.kr\n\n-\n\n오늘 영상은 찐친 모드로,\n정말 친한 룸메이트와 대화한다고 생각하며\n제작해보았는데요.\n그렇다보니 장난끼 가득한 마음을 세팅하고\n꺄르르 거리며 너무 즐겁게 촬영했어요.\n저는 다정하고 상냥한 역할도 좋지만\n현실 누나나 친한친구처럼\n좀 현실적인 캐릭터가 더 재미있는 것 같아요. 히히.\n\n친근하고 편안한 기분으로 잘 들어주시길 바라며,\n오늘도 좋은 밤 되시고 행복한 한 주 되세요.\n\n다음 영상도 후딱 준비해서 가지고 오겠습니다 !\n굿나잇 ♡ goodnight ♡\n\n-\n\n▶연츄 채널 멤버십 가입 링크\nhttps://www.youtube.com/channel/UCjypzyxU_p0_0ElbWSi8QQw/join \n\n▶멤버십 영상 재생목록 미리보기\nhttps://youtube.com/playlist?list=PLgV547LHihrRZk8cHhtg4_uqD3Ag13cCx\n\n▶최근 멤버십 영상 보러가기 (쌍둥이의 멤버십 이름 단어반복)\nhttps://youtu.be/TJ5gElhfcUU\n\n▶instargram : http://www.instagram.com/y.zzu \n\n▶E-mail duswnk1002@naver.com\n\n▶연츄  VLOG\nhttps://www.youtube.com/channel/UCbhbaBMBCIJRT0PPxsYrbhw\n\n----------------------------------------------------------------------------\n\nASMR 귀 마이크 처음 본 친구 상황극 ( 장난끼 주의 ) / 위스퍼링 수다 많이 / 장난끼 가득 / 귀청소 , 귀마사지 , 귀탭핑 , 이어블로잉  Earcleaning RP",
        "thumbnail": "https://i.ytimg.com/vi/kzm_pvChFI4/mqdefault.jpg",
        "youtubeVideoId": "kzm_pvChFI4",
        "uploadedDate": "2022-11-09T07:51:39Z",
        "viewCount": 19156,
        "isCommercial": "False"
    },
    {
        "id": "dc829827-24af-497c-83a8-6dbe0abda9a9",
        "title": "ASMR 현실 유튜버 누나의 귀청소 상황극 Realistic ear cleaning roleplay",
        "description": "오늘은 간만에 연기 점 해바씀다 !^^...ㅎㅎ;\n\n저번 현실누나 시리즈에 이어.. 오늘은 약간\n저의 소품실 스을쩍 보여주고 싶어서,\n유튜버 설정 넣어봤어요.\n오늘 보여드린 소품실은 정말 1/5 정도..?\nASMR유튜버의 소품실엔 별게 다 있답니다..?\n나중에 소품실 탐방도 해드리고 싶네요 히히\n\n누나 컨셉이라.. 실제 제 남동생에게 하는 말투와\n실제 제 남동생에게 삐졌던 (구슬아이스크림사건)\n이유들로 구성해봤는데요...ㅎㅎ;\n평소보다 퉁명스런 말투는 양해 부탁드려욤\n남동생에게 다정다감한건...\n이상해~~~~~~~~~\n\n그럼 여러분 오늘도 영상 시청해주셔서 감사드리고\n좋은 밤 되시길 바랍니다 !\n굿나잇 !!\n\n00:01 동생과의 대화. 웅 안해\n01:00 조금 대화를 시작\n04:25 소품실에서 너가 귀이개를 골라와\n04:40 벌써 누워있네 차암나\n05:20 시작합니다용\n\n\n▶연츄 채널 멤버십 가입 링크 (전용 영상/전용 커뮤니티 업로드)\nhttps://www.youtube.com/channel/UCjypzyxU_p0_0ElbWSi8QQw/join \n\n▶멤버십 영상 재생목록 미리보기\nhttps://youtube.com/playlist?list=PLgV547LHihrRZk8cHhtg4_uqD3Ag13cCx\n\n▶instargram : http://www.instagram.com/y.zzu \n▶E-mail duswnk1002@naver.com\n\n----------------------------------------------------------------------------\n\n▶연츄  VLOG\nhttps://www.youtube.com/channel/UCbhbaBMBCIJRT0PPxsYrbhw\n\n----------------------------------------------------------------------------",
        "thumbnail": "https://i.ytimg.com/vi/RIvK638rGg0/mqdefault.jpg",
        "youtubeVideoId": "RIvK638rGg0",
        "uploadedDate": "2022-08-05T12:14:29Z",
        "viewCount": 84448,
        "isCommercial": "False"
    },
    {
        "id": "07da5d32-cd62-4f14-b4f3-a49c337694a4",
        "title": "ASMR 여름날의 시원한 손마사지 샵 RP / Summer night, Hand massage shop",
        "description": "▶연츄 채널 멤버십 가입 링크 (전용 영상/전용 커뮤니티 업로드)\nhttps://www.youtube.com/channel/UCjypzyxU_p0_0ElbWSi8QQw/join \n\n▶멤버십 영상 재생목록 미리보기\nhttps://youtube.com/playlist?list=PLgV547LHihrRZk8cHhtg4_uqD3Ag13cCx\n\n▶instargram : http://www.instagram.com/y.zzu \n▶E-mail duswnk1002@naver.com\n\n----------------------------------------------------------------------------\n\n따뜻한 스팀타월부터 큐티클정리, 손톱정리, 핸드크림 손마사지까지 다양한 소리들을 여러각도로 담아봤어요. 편안한 밤 되세요..❤️\n\n----------------------------------------------------------------------------\n\n\n영상 속 제품\n\n베이스 : 헤라 블랙쿠션 13N1\n쉐딩 : 미샤 코튼 컨투어 팩트 셰이딩 스모크트 헤이즐\n하이라이터 : 롬앤 시스루 베일라이터 하이라이터 문 키스드 베일\n아이브로우 : 이니스프리 납작 아이브로우 동트기 전 어반브라운\n아이라이너 : 삐아 라스트 펜 라이너 오레오, 브라우니\n마스카라 : 미샤 4D 마스카라\n애교살 : 아임유니 페이크 트릭 더블 아이리드너\n블러셔 : 크리니크 팬지팝\n립 : 어뮤즈 슈벨벳 02 슈슈, 토니모리 퍼펙트 립스 쇼킹 립틴트 06 토마토쇼킹\n의상 : 정보 없음 ㅠ_ㅠ\n\n----------------------------------------------------------------------------\n\n▶연츄  VLOG\nhttps://www.youtube.com/channel/UCbhbaBMBCIJRT0PPxsYrbhw\n\n----------------------------------------------------------------------------",
        "thumbnail": "https://i.ytimg.com/vi/L42ssDL_ahw/mqdefault.jpg",
        "youtubeVideoId": "L42ssDL_ahw",
        "uploadedDate": "2022-06-14T12:17:04Z",
        "viewCount": 35464,
        "isCommercial": "False"
    },
    {
        "id": "fee84098-5df3-4f1a-9035-2f7700fafac9",
        "title": "ASMR 집에 놀러온 친구 귀청소 상황극 Relaxing Ear cleaning by a friend RP",
        "description": "ASMR 집에 놀러온 친구 귀청소 상황극 Relaxing Ear cleaning by a friend RP\n\n00:09 내 방에 온걸 환영해\n00:25 귀이개를 보여줄게 어떤 것들이 있냐면..\n02:26 무드등 끄구\n02:43 솜털 귀이개 체험\n03:36 통통 면봉 체험\n04:11 신생아용 면봉 체험\n04:52 마이크로 면봉 체험\n05:53 뾰족한 면봉 체험\n07:07 너의 선택은 이 면봉이구나\n07:20 너가 선택한 면봉으로 귀청소를 해줄게\n\n\n\n▶연츄 채널 멤버십 가입 링크 (전용 영상/전용 커뮤니티 업로드)\nhttps://www.youtube.com/channel/UCjypzyxU_p0_0ElbWSi8QQw/join \n\n▶멤버십 영상 재생목록 미리보기\nhttps://youtube.com/playlist?list=PLgV547LHihrRZk8cHhtg4_uqD3Ag13cCx\n\n----------------------------------------------------------------------------\n\n▶instargram : http://www.instagram.com/y.zzu \n▶E-mail duswnk1002@naver.com\n\n----------------------------------------------------------------------------\n\n▶연츄  VLOG\nhttps://www.youtube.com/channel/UCbhbaBMBCIJRT0PPxsYrbhw\n\n----------------------------------------------------------------------------",
        "thumbnail": "https://i.ytimg.com/vi/LGZ4dqVrlLA/mqdefault.jpg",
        "youtubeVideoId": "LGZ4dqVrlLA",
        "uploadedDate": "2022-05-28T13:16:39Z",
        "viewCount": 28493,
        "isCommercial": "False"
    },
    {
        "id": "2ff6e1cc-621d-40cc-93ec-d4565bb3ec20",
        "title": "ASMR 친구와 함께하는 머리손질 ( 속삭이는 수다, 브러쉬, 고데기 ) Playing with Friend's Hair ASMR",
        "description": "ASMR 친구와 함께하는 친구 머리카락으로 ASMR ( 속삭이는 수다, 브러쉬, 고데기 ) Playing with Friend's Hair ASMR (Whispering, Brush, Straightener\n\n▶연츄 채널 멤버십 가입 링크 (전용 영상/전용 커뮤니티 업로드)\nhttps://www.youtube.com/channel/UCjypzyxU_p0_0ElbWSi8QQw/join \n\n▶멤버십 영상 재생목록 미리보기\nhttps://youtube.com/playlist?list=PLgV547LHihrRZk8cHhtg4_uqD3Ag13cCx\n\n----------------------------------------------------------------------------\n\n▶후원 링크 Thank you for your support\nhttps://toon.at/donate/asmr_yeonchu\n후원 금액은 영상을 위해 사용됩니다.\n후원해주신 분들 감사합니다🙏🏻💕\n\n----------------------------------------------------------------------------\n\n▶instargram : http://www.instagram.com/y.zzu \n▶E-mail duswnk1002@naver.com\n\n----------------------------------------------------------------------------\n\n▶연츄  VLOG\nhttps://www.youtube.com/channel/UCbhbaBMBCIJRT0PPxsYrbhw\n\n----------------------------------------------------------------------------",
        "thumbnail": "https://i.ytimg.com/vi/JLhST6V2Trs/mqdefault.jpg",
        "youtubeVideoId": "JLhST6V2Trs",
        "uploadedDate": "2022-05-02T14:34:51Z",
        "viewCount": 20498,
        "isCommercial": "False"
    },
    {
        "id": "63540ff9-a0a4-485c-b44b-d50e35f63cae",
        "title": "ASMR 입으로 뻐끔이며 하는 메이크업 소리 😴👄 인어디블 위스퍼링, 후시녹음 Makeup by mouth sound / Inaudible / 알아들을 수 없는 메이크업샵",
        "description": "ASMR 입으로 하는 메이크업 소리│인어디블 위스퍼링, 후시녹음 Makeup by mouth sound ( Inaudible Whispering ) 알아들을 수 없는 메이크업샵\n\n안녕하세요 여러분 !\n오늘은 새로운 구도와 형식으로 촬영을 해보았는데요.\n메이크업 해드리는 영상을 촬영하며, 뻐끔뻐끔 인어디블 형식의\n알아들을 수 없는 대사 전달과 입소리 메이크업 영상을 제작해보았어요.\n\n어항 트리거에 이어 이런 뻐끔거리는 영상에 푹 빠져\n여러 영상을 접하다보니, 입소리로 하는 여러가지 트리거들이나\n알아들을 수 없는 소리들이 잠이 잘 오는 것 같더라구요.\n\n싱크가 잘 맞았으면 싶어서 새로운 구도와 렌즈로 촬영을 하다보니 평소 카메라보다 조금 가까워 왜곡이 생겨서 평소 영상에 담기던 모습보다 조금 뽈록하게 낯설어보이는 것 같기도 ..?\n이런 구도의 1:1 영상도 매력있는 것 같네요.\n종종 촬영해봐야겠어요.\n\n오늘도 제 영상 선택해주셔서 감사드리고,\n좋은 밤 되세요. 굿나잇 ♥\n\n\n----------------------------------------------------------------------------\n\n▶연츄 채널 멤버십 가입 링크 (전용 영상/전용 커뮤니티 업로드)\nhttps://www.youtube.com/channel/UCjypzyxU_p0_0ElbWSi8QQw/join \n\n▶멤버십 영상 재생목록 미리보기\nhttps://youtube.com/playlist?list=PLgV547LHihrRZk8cHhtg4_uqD3Ag13cCx\n\n----------------------------------------------------------------------------\n\n▶instargram : http://www.instagram.com/y.zzu \n▶E-mail duswnk1002@naver.com\n\n----------------------------------------------------------------------------\n\n▶연츄  VLOG\nhttps://www.youtube.com/channel/UCbhbaBMBCIJRT0PPxsYrbhw\n\n----------------------------------------------------------------------------",
        "thumbnail": "https://i.ytimg.com/vi/yh9C3lZVAv8/mqdefault.jpg",
        "youtubeVideoId": "yh9C3lZVAv8",
        "uploadedDate": "2022-04-22T12:31:35Z",
        "viewCount": 14449,
        "isCommercial": "False"
    },
    {
        "id": "ebec8d1b-cfef-4219-b555-884dd0a200bf",
        "title": "ASMR 현실 누나의 잠이 오는 귀청소 상황극 Realistic ear cleaning roleplay 말하면서 귀파기",
        "description": "▶연츄 채널 멤버십 가입 링크 (전용 영상/전용 커뮤니티 업로드)\nhttps://www.youtube.com/channel/UCjypzyxU_p0_0ElbWSi8QQw/join \n\n▶멤버십 영상 재생목록 미리보기\nhttps://youtube.com/playlist?list=PLgV547LHihrRZk8cHhtg4_uqD3Ag13cCx\n\n----------------------------------------------------------------------------\n\n▶후원 링크 Thank you for your support\nhttps://toon.at/donate/asmr_yeonchu\n후원 금액은 영상을 위해 사용됩니다.\n후원해주신 분들 감사합니다🙏🏻💕\n\n----------------------------------------------------------------------------\n\n▶instargram : http://www.instagram.com/y.zzu \n▶E-mail duswnk1002@naver.com\n\n----------------------------------------------------------------------------\n\n▶연츄  VLOG\nhttps://www.youtube.com/channel/UCbhbaBMBCIJRT0PPxsYrbhw\n\n----------------------------------------------------------------------------\n\nASMR 현실 누나의 귀청소 상황극│\nRealistic and comfortable ear cleaning for your older sister",
        "thumbnail": "https://i.ytimg.com/vi/16WYtK9MSEM/mqdefault.jpg",
        "youtubeVideoId": "16WYtK9MSEM",
        "uploadedDate": "2022-02-14T12:17:58Z",
        "viewCount": 34645,
        "isCommercial": "False"
    },
    {
        "id": "aab051ba-b63b-4593-9587-0f0967affdc3",
        "title": "ASMR 잠이 오는 수면 귀청소가게 ( 귀청소, 귀소독, 귓바퀴 케어, 귀 마사지, 이어캔들, 스팀타월 등 ) Sleepy ear cleaning shop roleplay",
        "description": "▶연츄 채널 멤버십 가입 링크 (전용 영상/전용 커뮤니티 업로드)\nhttps://www.youtube.com/channel/UCjypzyxU_p0_0ElbWSi8QQw/join \n\n▶멤버십 영상 재생목록 미리보기\nhttps://youtube.com/playlist?list=PLgV547LHihrRZk8cHhtg4_uqD3Ag13cCx\n\n----------------------------------------------------------------------------\n\n▶후원 링크 Thank you for your support\nhttps://toon.at/donate/asmr_yeonchu\n후원 금액은 영상을 위해 사용됩니다.\n후원해주신 분들 감사합니다🙏🏻💕\n\n----------------------------------------------------------------------------\n\n▶instargram : http://www.instagram.com/y.zzu \n▶E-mail duswnk1002@naver.com\n\n----------------------------------------------------------------------------\n\n00:01 인트로 \n00:26 상담 (키보드소리, 회원 접수, 코스 소개 등)\n05:33 차트 작성\n07:41 차 고르기와 약간의 추가 상담\n09:22 유자차 만들기\n10:07 관리실 이동\n10:22 이어클리닝 물건 정리\n10:38 귀 상태 확인 (딸깍)\n11:30 스팀타월 탁탁, 식히기\n11:55 귀에 스팀타월 올리기\n15:45 귀 소독\n19:53 귓바퀴 케어\n23:30 어떤 귀이개 선택하셨더라?\n24:20 나무랑 쇠 중에 고민이시라면 테스트 해보세요!\n25:05 나무 귀이개 귀청소\n29:49 면봉 귀이개 귀청소\n33:03 솜털 귀이개 귀청소\n36:12 이제 귀 마사지 할건데..\n38:00 바세린 귀 마사지, 귀 지압\n41:59 주무시나보다. 바세린 닦아드릴게요.\n43:15 이어캔들.. 눈 감고 이제 주무세용 ~\n\n\n\n▶연츄  VLOG\nhttps://www.youtube.com/channel/UCbhbaBMBCIJRT0PPxsYrbhw\n\n----------------------------------------------------------------------------\n\nASMR 잠이 오는 수면 귀청소가게 ( 귀청소, 귀소독, 귓바퀴 케어, 귀 마사지, 이어캔들, 스팀타월 등 ) Sleepy ear cleaning shop roleplay",
        "thumbnail": "https://i.ytimg.com/vi/XDHbglWedQQ/mqdefault.jpg",
        "youtubeVideoId": "XDHbglWedQQ",
        "uploadedDate": "2021-12-08T12:09:27Z",
        "viewCount": 20685,
        "isCommercial": "False"
    },
    {
        "id": "9acfe6ec-ab42-44de-93d4-c10e1773713d",
        "title": "ASMR 수업을 듣다보면 잠이 솔솔 오는 과외선생님 상황극 / 핸드크림 발라주기, 고2 문학 공부, 채점 소리, 문제집 넘기는 소리 Private tutor RP",
        "description": "안녕하세요. 여러분 ! 정말정말 오랜만에 롤플레잉이네요.\n오늘은 [장정일_라디오와 같이 사랑을 끄고 켤 수 있다면]\n[김현승_눈물] 두개의 시를 해석을 해보며 수업하는 \n국어과외선생님 컨셉의 영상이에요 :)\n\n저는 실제.. 과외선생님이 아니므로..\n제 영상으로 절대 공부하지마세요.\n(문제집 해설지를 본게 아니고 인터넷 뒤진거랑 저의 개인적인 해석이라서 엉터리일수도.. 있답니다 ~!ㅋㅋ)\n\n오늘도 영상 시청해주셔서 감사하고, 잠이 솔솔 오는 수업과 함께 좋은 밤 되세요 ♡\n\n\n00:16 연츄 선생님 등장\n00:45 연츄 선생님 착석\n01:02 손 소독제 꺼내고 손소독제 소리\n02:19 학생 손 소독제 발라주기\n03:29 학생 핸드크림 발라주기\n05:30 책 보여주고 시험범위 체크하기\n07:30 문제집에 학생 이름 써주기\n08:14 수업시작\n09:40 라디오와 같이 사랑을 끄고 켤 수 있다면 해석\n15:35 눈물 해석\n22:33 문제를 혼자 풀어보렴\n23:35 채점\n25:30 수업 마무리, 숙제 내주기\n26:36 나는 이제 갈게..\n\n\n----------------------------------------------------------------------------\n\n▶연츄 채널 멤버십 가입 링크 (전용 영상/전용 커뮤니티 업로드)\nhttps://www.youtube.com/channel/UCjypzyxU_p0_0ElbWSi8QQw/join \n\n▶멤버십 영상 재생목록 미리보기\nhttps://youtube.com/playlist?list=PLgV547LHihrRZk8cHhtg4_uqD3Ag13cCx\n\n----------------------------------------------------------------------------\n\n▶후원 링크 Thank you for your support\nhttps://toon.at/donate/asmr_yeonchu\n후원 금액은 영상을 위해 사용됩니다.\n후원해주신 분들 감사합니다🙏🏻💕\n\n----------------------------------------------------------------------------\n\n▶instargram : http://www.instagram.com/y.zzu \n▶E-mail duswnk1002@naver.com\n\n----------------------------------------------------------------------------\n\n▶연츄  VLOG\nhttps://www.youtube.com/channel/UCbhbaBMBCIJRT0PPxsYrbhw\n\n----------------------------------------------------------------------------\n\nASMR 수업을 듣다보면 잠이 솔솔 오는 과외선생님 상황극 / 핸드크림 발라주기, 고2 문학 공부, 채점 소리, 문제집 넘기는 소리 Private tutor RP / Relaxing teacher asmr",
        "thumbnail": "https://i.ytimg.com/vi/t-75_So2f3Y/mqdefault.jpg",
        "youtubeVideoId": "t-75_So2f3Y",
        "uploadedDate": "2021-09-28T14:04:27Z",
        "viewCount": 22330,
        "isCommercial": "False"
    },
    {
        "id": "ca591a26-0487-42a8-a5fc-7f918e266f87",
        "title": "ASMR (Sub) 1:1 귀이개 가게 상황극 _ 전문적인 종류별 귀청소 Ear Swab shop RP/Earcleaning",
        "description": "ASMR (Sub) 1:1 귀이개 가게 상황극 _ 전문적인 종류별 귀청소 Ear Swab shop RP/Earcleaning\n\n\n* 일상채널\nhttps://www.youtube.com/channel/UCbhbaBMBCIJRT0PPxsYrbhw\n\n* INSTAGRAM\nhttp://www.instagram.com/y.zzu\n\n* 비즈니스 문의\nduswnk1002@naver.com\n\n* 자막 (subtitles)\nhttp://www.youtube.com/timedtext_cs_panel?tab=2&c=UCjypzyxU_p0_0ElbWSi8QQw\n\n* 멤버십 가입\nhttps://www.youtube.com/channel/UCjypzyxU_p0_0ElbWSi8QQw/join\n\n\n※ASMR이란?\n심리적 안정을 유도하는 영상입니다.\n힐링을 원하는 청취자들에게 안정감을 주고,불면증에 도움이 됩니다.",
        "thumbnail": "https://i.ytimg.com/vi/8zZtVcvDFNE/mqdefault.jpg",
        "youtubeVideoId": "8zZtVcvDFNE",
        "uploadedDate": "2021-04-22T14:25:26Z",
        "viewCount": 124104,
        "isCommercial": "False"
    },
    {
        "id": "4d7aceed-f310-437d-b91d-eec6237c34f1",
        "title": "ASMR 수고했어. 취침 준비하자 ~ 남자친구 면도 롤플레이│양치,세안,스킨케어,면도 풀코스로 내가 해준다. Man's Shaving Roleplay│여자친구│Whispering",
        "description": "ASMR 수고했어. 잘 준비하자. 남자친구 면도 롤플레이│양치,세안,스킨케어,면도 풀코스로 내가 해준다. Man's Shaving Roleplay│여자친구ASMR\n\n* 일상채널\nhttps://www.youtube.com/channel/UCbhbaBMBCIJRT0PPxsYrbhw\n\n* INSTAGRAM\nhttp://www.instagram.com/y.zzu\n\n* 비즈니스 문의\nduswnk1002@naver.com\n\n* 자막 (subtitles)\nhttp://www.youtube.com/timedtext_cs_panel?tab=2&c=UCjypzyxU_p0_0ElbWSi8QQw\n\n* 멤버십 가입\nhttps://www.youtube.com/channel/UCjypzyxU_p0_0ElbWSi8QQw/join\n\n\n※ASMR이란?\n심리적 안정을 유도하는 영상입니다.\n힐링을 원하는 청취자들에게 안정감을 주고,불면증에 도움이 됩니다.",
        "thumbnail": "https://i.ytimg.com/vi/dQh7-9giUQY/mqdefault.jpg",
        "youtubeVideoId": "dQh7-9giUQY",
        "uploadedDate": "2020-12-24T12:25:29Z",
        "viewCount": 187618,
        "isCommercial": "False"
    },
    {
        "id": "6f863a31-cc7c-4810-82d5-9463da48e69c",
        "title": "ASMR 언니가 목욕시켜줄게 ♥ 어린이 목욕 롤플레이 Baby Bathing Roleplay",
        "description": "본 영상은 광주광역시의 경제적 대가를 받아 제작되었습니다.\n\n제품 구매 링크\nhttps://www.rippleandhoho.com/product/waterroad\n\n\n* 일상채널\nhttps://www.youtube.com/channel/UCbhbaBMBCIJRT0PPxsYrbhw\n\n* INSTAGRAM\nhttp://www.instagram.com/y.zzu\n\n* 비즈니스 문의\nduswnk1002@naver.com\n\n* 자막 (subtitles)\nhttp://www.youtube.com/timedtext_cs_panel?tab=2&c=UCjypzyxU_p0_0ElbWSi8QQw\n\n* 멤버십 가입\nhttps://www.youtube.com/channel/UCjypzyxU_p0_0ElbWSi8QQw/join\n\n\n※ASMR이란?\n심리적 안정을 유도하는 영상입니다.\n힐링을 원하는 청취자들에게 안정감을 주고,불면증에 도움이 됩니다.",
        "thumbnail": "https://i.ytimg.com/vi/pUSmb_nkzDM/mqdefault.jpg",
        "youtubeVideoId": "pUSmb_nkzDM",
        "uploadedDate": "2020-11-23T12:07:09Z",
        "viewCount": 50416,
        "isCommercial": "False"
    },
    {
        "id": "fc20f6e4-6a54-4460-b49e-d993511f9a33",
        "title": "ASMR 잠이 오는 심야 찻집 롤플레이│카페 사장님 상황극 a sleepy late-night cafe roleplay",
        "description": "*이 영상은 달차의 유료광고를 포함하고 있습니다.\n\n요즘 연츄가 자기 전 매일 마시는 고소한 달차 보러가기 ♥︎ https://rebrand.ly/6hqrnvu\n\n\n\nASMR 잠이 오는 심야 찻집 롤플레이│카페 사장님 상황극 a sleepy late-night cafe roleplay\n\n* 일상채널\nhttps://www.youtube.com/channel/UCbhbaBMBCIJRT0PPxsYrbhw\n\n* INSTAGRAM\nhttp://www.instagram.com/y.zzu\n\n* 비즈니스 문의\nduswnk1002@naver.com\n\n* 자막 (subtitles)\nhttp://www.youtube.com/timedtext_cs_panel?tab=2&c=UCjypzyxU_p0_0ElbWSi8QQw\n\n* 멤버십 가입\nhttps://www.youtube.com/channel/UCjypzyxU_p0_0ElbWSi8QQw/join\n\n* 비고라이브\nID: yeonchuasmr (또는 \"연츄\" 검색)\n https://bigolive.onelink.me/sG8X/YEONCHU \n\n\n※ASMR이란?\n심리적 안정을 유도하는 영상입니다.\n힐링을 원하는 청취자들에게 안정감을 주고,불면증에 도움이 됩니다.",
        "thumbnail": "https://i.ytimg.com/vi/bBjPXWene_I/mqdefault.jpg",
        "youtubeVideoId": "bBjPXWene_I",
        "uploadedDate": "2020-10-14T12:11:50Z",
        "viewCount": 92350,
        "isCommercial": "True"
    },
    {
        "id": "1c4bafc9-9fcb-49b1-9a39-96839785799e",
        "title": "ASMR 처음보는데 귀청소해주는 옆자리 환자..;;│병원 롤플레이 Hospital Earcleaning RP",
        "description": "ASMR 처음보는데 귀청소해주는 옆자리 환자..│병원 롤플레이 Hospital Earcleaning RP\n\n* 일상채널\nhttps://www.youtube.com/channel/UCbhbaBMBCIJRT0PPxsYrbhw\n\n* INSTAGRAM\nhttp://www.instagram.com/y.zzu\n\n* 비즈니스 문의\nduswnk1002@naver.com\n\n* 자막 (subtitles)\nhttp://www.youtube.com/timedtext_cs_panel?tab=2&c=UCjypzyxU_p0_0ElbWSi8QQw\n\n* 멤버십 가입\nhttps://www.youtube.com/channel/UCjypzyxU_p0_0ElbWSi8QQw/join\n\n\n\n※ASMR이란?\n심리적 안정을 유도하는 영상입니다.\n힐링을 원하는 청취자들에게 안정감을 주고,불면증에 도움이 됩니다.",
        "thumbnail": "https://i.ytimg.com/vi/add9sK-kDL4/mqdefault.jpg",
        "youtubeVideoId": "add9sK-kDL4",
        "uploadedDate": "2020-10-01T20:47:27Z",
        "viewCount": 206927,
        "isCommercial": "False"
    },
    {
        "id": "b880592b-1748-428f-9c22-dc788c4ed3b4",
        "title": "ASMR 잠이 오는 수면 귀 관리샵 Earcleaning shop roleplay",
        "description": "저번에 한번 방문해주셨던 손님이시죵 ?\n인테리어도, 코스도 저번과 많이 바뀌었답니다 !\n손님의 신상정보,, 설문조사 고런거는 저번 첫 방문 때\n이미 다 끝내서,, 오늘은 간단하게만 상담 나눠보았어요.\n다음에는 불친절한 아르바이트친구에게 귀마사지 꼭 !\n받아보세요 ~^^ 오늘도 좋은 밤 되시고, 꿀잠 주무세용 💕\n\nhttps://youtu.be/dLDQTCiLVlM\n👆🏻첫 방문 회상해보기....(한시간이나 관리 받으셨네요)\n\n\nAre you the customer who visited once last time?\nThe interior and the course have changed a lot since last time. !\nYour personal information, the survey, the last time you visited,\nI've already finished it, so I just had a quick consultation today.\nNext time, make sure to give an ear massage to an unfriendly part-time friend!\nTake it. Have a good night. Have a good night.\n\nhttps://youtube/dLDQTCiLVlM\n👆🏻Remember your first visit...(You've been under management for an hour)\n\n\n\n\n* 일상채널\nhttps://www.youtube.com/channel/UCbhbaBMBCIJRT0PPxsYrbhw\n\n* INSTAGRAM\nhttp://www.instagram.com/y.zzu\n\n* 비즈니스 문의\nduswnk1002@naver.com\n\n* 자막 (subtitles)\nhttp://www.youtube.com/timedtext_cs_panel?tab=2&c=UCjypzyxU_p0_0ElbWSi8QQw\n\n* 멤버십 가입\nhttps://www.youtube.com/channel/UCjypzyxU_p0_0ElbWSi8QQw/join\n\n* 비고라이브\nID: yeonchuasmr (또는 \"연츄\" 검색)\n https://bigolive.onelink.me/sG8X/YEONCHU \n\n\n※ASMR이란?\n심리적 안정을 유도하는 영상입니다.\n힐링을 원하는 청취자들에게 안정감을 주고,불면증에 도움이 됩니다.",
        "thumbnail": "https://i.ytimg.com/vi/tgmuna22i_o/mqdefault.jpg",
        "youtubeVideoId": "tgmuna22i_o",
        "uploadedDate": "2020-09-17T12:01:36Z",
        "viewCount": 161364,
        "isCommercial": "False"
    },
    {
        "id": "f683acaa-24f7-49d7-b9f5-f7dae2c6d200",
        "title": "ASMR 독서실 롤플레이│뽀시락거리며 같이 공부하고 수다떨자 Study with me ..(?) library roleplay",
        "description": "*이 영상은 \"위블리즈 스팀팩워터” 의 유료광고를 포함하고 있습니다.\n\n\n------------------------------------------------------------------------------------\n\nASMR 독서실 롤플레이│뽀시락거리며 같이 공부하고 수다떨자 Study with me ..(?) library roleplay \n\n\n* 일상채널\nhttps://www.youtube.com/channel/UCbhbaBMBCIJRT0PPxsYrbhw\n\n* INSTAGRAM\nhttp://www.instagram.com/y.zzu\n\n* 비즈니스 문의\nduswnk1002@naver.com\n\n* 자막 (subtitles)\nhttp://www.youtube.com/timedtext_cs_panel?tab=2&c=UCjypzyxU_p0_0ElbWSi8QQw\n\n* 멤버십 가입\nhttps://www.youtube.com/channel/UCjypzyxU_p0_0ElbWSi8QQw/join\n\n\n※ASMR이란?\n심리적 안정을 유도하는 영상입니다.\n힐링을 원하는 청취자들에게 안정감을 주고,불면증에 도움이 됩니다.",
        "thumbnail": "https://i.ytimg.com/vi/AsnCKwsVkCY/mqdefault.jpg",
        "youtubeVideoId": "AsnCKwsVkCY",
        "uploadedDate": "2020-08-17T12:44:53Z",
        "viewCount": 103052,
        "isCommercial": "True"
    },
    {
        "id": "acdb6603-38de-41ef-b13d-3e9786ea8136",
        "title": "ASMR 너는 나의 사랑스러운 강아지야.  You are my lovely puppy (예쁨 받고 싶은 사람 들어오세요 ♥) 롤플레이 roleplay",
        "description": "ASMR 너는 나의 사랑스러운 강아지야.  You are my cute puppy (예쁨 받고 싶은 사람 들어오세요 ♥) 미용실/가위/간식\n\n------------------------------------------------------------------------------------\n\n* 일상채널\nhttps://www.youtube.com/channel/UCbhbaBMBCIJRT0PPxsYrbhw\n\n* INSTAGRAM\nhttp://www.instagram.com/y.zzu\n\n* 비즈니스 문의\nduswnk1002@naver.com\n\n* 자막 (subtitles)\nhttp://www.youtube.com/timedtext_cs_panel?tab=2&c=UCjypzyxU_p0_0ElbWSi8QQw\n\n* 멤버십 가입\nhttps://www.youtube.com/channel/UCjypzyxU_p0_0ElbWSi8QQw/join\n\n* 비고라이브\nID: yeonchuasmr (또는 \"연츄\" 검색)\nhttps://bigolive.onelink.me/sG8X/YEONCHU\n\n※ASMR이란?\n심리적 안정을 유도하는 영상입니다.\n힐링을 원하는 청취자들에게 안정감을 주고,불면증에 도움이 됩니다.",
        "thumbnail": "https://i.ytimg.com/vi/MABwd-OPgTA/mqdefault.jpg",
        "youtubeVideoId": "MABwd-OPgTA",
        "uploadedDate": "2020-08-13T12:05:25Z",
        "viewCount": 53293,
        "isCommercial": "False"
    },
    {
        "id": "51512a5d-ef29-4521-958a-7fe2c4d0d439",
        "title": "ASMR 학부모 전화상담 롤플레이 (전화목소리)│Counseling Roleplay│Voice on the phone & keyboard, pencil sound",
        "description": "ASMR 학부모 전화상담 롤플레이│키보드소리,글씨쓰는소리,전화 목소리 Voice on the phone / keyboard, pencil sound\n\n\n\n* 비고라이브\nID: yeonchuasmr (또는 \"연츄\" 검색)\n\nhttps://bigolive.onelink.me/sG8X/YEONCHU\n\n------------------------------------------------------------------------------------\n\n\n👚영상에서 입은 옷\n: 서울스토어 (에잇세컨즈) 구매\n: 할인코드 연츄 입력 시 5%할인\n\n💄영상 속 립 제품\n: 에스쁘아 모디스트\n\n\n* 일상채널\nhttps://www.youtube.com/channel/UCbhbaBMBCIJRT0PPxsYrbhw\n\n* INSTAGRAM\nhttp://www.instagram.com/y.zzu\n\n* 비즈니스 문의\nduswnk1002@naver.com\n\n* 자막 (subtitles)\nhttp://www.youtube.com/timedtext_cs_panel?tab=2&c=UCjypzyxU_p0_0ElbWSi8QQw\n\n* 멤버십 가입\nhttps://www.youtube.com/channel/UCjypzyxU_p0_0ElbWSi8QQw/join\n\n\n※ASMR이란?\n심리적 안정을 유도하는 영상입니다.\n힐링을 원하는 청취자들에게 안정감을 주고,불면증에 도움이 됩니다.",
        "thumbnail": "https://i.ytimg.com/vi/oI-F9-WV2pw/mqdefault.jpg",
        "youtubeVideoId": "oI-F9-WV2pw",
        "uploadedDate": "2020-08-08T12:01:36Z",
        "viewCount": 60995,
        "isCommercial": "False"
    },
    {
        "id": "14d6a951-c618-4912-b227-1d5515f894db",
        "title": "ASMR (Sub✔️) 귀지동굴에 갇힌 귀지요정 구하기 롤플레이 🧚🏻│귓구멍시점 👁 귀청소│Earwax fairy story│Earhole Point Ear Cleaning",
        "description": "* 비고라이브\nID: yeonchuasmr (또는 \"연츄\" 검색)\nhttps://bit.ly/2Zm4hlW (안드로이드 다운로드)\nhttps://apple.co/38nHLgW (애플 다운로드)\n\n------------------------------------------------------------------------------------\n\n\nASMR 귀지가득 귓 속에 갇힌 귀지요정 구하기 롤플레이│귓구멍시점 귀청소│Earwax fairy story│Earhole Point of Viewe Ear Cleaning\n\n\n* 일상채널\nhttps://www.youtube.com/channel/UCbhbaBMBCIJRT0PPxsYrbhw\n\n* INSTAGRAM\nhttp://www.instagram.com/y.zzu\n\n* 비즈니스 문의\nduswnk1002@naver.com\n\n* 자막 (subtitles)\nhttp://www.youtube.com/timedtext_cs_panel?tab=2&c=UCjypzyxU_p0_0ElbWSi8QQw\n\n* 멤버십 가입\nhttps://www.youtube.com/channel/UCjypzyxU_p0_0ElbWSi8QQw/join\n\n\n※ASMR이란?\n심리적 안정을 유도하는 영상입니다.\n힐링을 원하는 청취자들에게 안정감을 주고,불면증에 도움이 됩니다.",
        "thumbnail": "https://i.ytimg.com/vi/qP1-5RB0i9U/mqdefault.jpg",
        "youtubeVideoId": "qP1-5RB0i9U",
        "uploadedDate": "2020-08-05T11:36:29Z",
        "viewCount": 62790,
        "isCommercial": "False"
    },
    {
        "id": "e7c3be85-718a-4a58-aefd-74a9e74c6b4b",
        "title": "ASMR 나랑 영상통화 하고 자 ~♥│Video Call with Me RP │화상통화 롤플레이│반말 위스퍼링 whispering",
        "description": "ASMR 나랑 영상통화 하고 자 ~♥│Video Call with Me WHISPERING\n\n\n* 비고라이브\nID: yeonchuasmr (또는 \"연츄\" 검색)\n\nhttps://bigolive.onelink.me/sG8X/YEONCHU\n\n------------------------------------------------------------------------------------\n\n👚영상에서 입은 옷\n: 서울스토어 (에잇세컨즈) 구매\n: 할인코드 연츄 입력 시 5%할인\n\n💄영상 속 립 제품\n: 에스쁘아 모디스트\n\n\n* 일상채널\nhttps://www.youtube.com/channel/UCbhbaBMBCIJRT0PPxsYrbhw\n\n* INSTAGRAM\nhttp://www.instagram.com/y.zzu\n\n* 비즈니스 문의\nduswnk1002@naver.com\n\n* 자막 (subtitles)\nhttp://www.youtube.com/timedtext_cs_panel?tab=2&c=UCjypzyxU_p0_0ElbWSi8QQw\n\n* 멤버십 가입\nhttps://www.youtube.com/channel/UCjypzyxU_p0_0ElbWSi8QQw/join\n\n\n※ASMR이란?\n심리적 안정을 유도하는 영상입니다.\n힐링을 원하는 청취자들에게 안정감을 주고,불면증에 도움이 됩니다.",
        "thumbnail": "https://i.ytimg.com/vi/KlaN46pseIE/mqdefault.jpg",
        "youtubeVideoId": "KlaN46pseIE",
        "uploadedDate": "2020-08-04T11:41:42Z",
        "viewCount": 85470,
        "isCommercial": "False"
    },
    {
        "id": "c195bd76-a145-4c08-b1a4-f1a192686523",
        "title": "ASMR 상쾌하고 나른한 피부관리샵에 관리받으러 오세요♡│뽁!뽁! 여드름 압출/진정팩/꼼꼼한 스킨케어 롤플레이 Skin care shop roleplay",
        "description": "* 비고라이브\nID: yeonchuasmr (또는 \"연츄\" 검색)\nhttps://bit.ly/2Zm4hlW (안드로이드 다운로드)\nhttps://apple.co/38nHLgW (애플 다운로드)\n\n------------------------------------------------------------------------------------\n\n\n00:01 전화 예약\n\n01:09 샵 도착, 피부관리 상담\n(01:40 휴대폰 소독/01:58 접수 및 설문조사지 작성)\n\n08:40 피부관리 시작\n\n09:20 헤어밴드 씌워주기\n\n10:13 메이크업 지워주기 (아이,스킨)\n(11:40 위이잉 거품내서 클렌징)\n\n13:30 스팀타월 올려주기\n\n14:20 도구,압출부위 간단한 소독\n\n15:20 압출도구 소개\n\n15:55 여드름에 구멍내기\n\n18:35 뿌직 뽁뽁 여드름 압출 시작\n\n26:00 진정 꿀팩\n\n28:22 로즈쿼츠 괄사 마사지\n\n29:44 팩 닦아내기\n\n30:35 스킨케어\n\n------------------------------------------------------------------------------------------------------------------------------------------\n\n00:01 Telephone Reservation\n\n01:09 Arrived at the skin care shop, consultation on skin care\n(01:40 Sterilizing Cell Phones/01:58 Receiving and completing the questionnaire)\n\n08:40 Start skin care\n\n09:20 Put on a headband\n\n10:13 Removing Makeup (I, Skin)\n(11:40 Cleansing by Bubbling)\n\nRaise the steam towel at 13:30\n\n14:20 Tools for extruding acne, simple disinfection of the acne extrusion area\n\n15:20 Introduce tools to extrude acne\n\n15:55 Punching holes in acne\n\n18:35 Start of acne extrusion\n\n26:00 A honey pack that soothes the skin\n\n28:22 Rose quartz sphincter massage\n\n29:44 Wipe Pack\n\n30:35 Skincare\n\n\nASMR 상쾌하고 나른한 피부관리샵에 관리받으러 오세요♡│뽁!뽁! 여드름 압출/진정팩/꼼꼼한 스킨케어 롤플레이 Skin care shop roleplay\n\n\n* 일상채널\nhttps://www.youtube.com/channel/UCbhbaBMBCIJRT0PPxsYrbhw\n\n* INSTAGRAM\nhttp://www.instagram.com/y.zzu\n\n* 비즈니스 문의\nduswnk1002@naver.com\n\n* 자막 (subtitles)\nhttp://www.youtube.com/timedtext_cs_panel?tab=2&c=UCjypzyxU_p0_0ElbWSi8QQw\n\n* 멤버십 가입\nhttps://www.youtube.com/channel/UCjypzyxU_p0_0ElbWSi8QQw/join\n\n\n※ASMR이란?\n심리적 안정을 유도하는 영상입니다.\n힐링을 원하는 청취자들에게 안정감을 주고,불면증에 도움이 됩니다.",
        "thumbnail": "https://i.ytimg.com/vi/-QpnfQgj0Do/mqdefault.jpg",
        "youtubeVideoId": "-QpnfQgj0Do",
        "uploadedDate": "2020-07-24T12:01:46Z",
        "viewCount": 120545,
        "isCommercial": "False"
    },
    {
        "id": "f098aae0-3619-4298-acab-6cf3838b4c5c",
        "title": "ASMR 미술학원 선생님 롤플레이│Art academy Teacher RP│그림 그리는 소리,물감",
        "description": "* 비고라이브\nID: yeonchuasmr (또는 \"연츄\" 검색)\nhttps://bit.ly/2Zm4hlW (안드로이드 다운로드)\nhttps://apple.co/38nHLgW (애플 다운로드)\n\n------------------------------------------------------------------------------------\n#2020제3회SBA크포\n\n\n\n* 일상채널\nhttps://www.youtube.com/channel/UCbhbaBMBCIJRT0PPxsYrbhw\n\n* INSTAGRAM\nhttp://www.instagram.com/y.zzu\n\n* 비즈니스 문의\nduswnk1002@naver.com\n\n* 자막 (subtitles)\nhttp://www.youtube.com/timedtext_cs_panel?tab=2&c=UCjypzyxU_p0_0ElbWSi8QQw\n\n* 멤버십 가입\nhttps://www.youtube.com/channel/UCjypzyxU_p0_0ElbWSi8QQw/join\n\n\n※ASMR이란?\n심리적 안정을 유도하는 영상입니다.\n힐링을 원하는 청취자들에게 안정감을 주고,불면증에 도움이 됩니다.",
        "thumbnail": "https://i.ytimg.com/vi/dnPtZ8WVng4/mqdefault.jpg",
        "youtubeVideoId": "dnPtZ8WVng4",
        "uploadedDate": "2020-07-09T12:12:56Z",
        "viewCount": 91932,
        "isCommercial": "False"
    },
    {
        "id": "45d5c315-d3f4-4364-b111-b80f5812d56e",
        "title": "ASMR [Sub ✔️] 친구야 우리집에서 자고 가 내가 로션도 발라주고 귀도 파주고 책도 읽어주고 재워주기도 할께  Sleep mate earcleaning roleplay",
        "description": "♡늘 좋은 꿈 꾸시고, 행복하세요♡\r\n\n\n●연츄의 비고라이브 방송 보러오기!!\n어플 다운로드 후 ID : yeonchuasmr\n\n●영상에서 입온 옷\n쇼핑몰: 러빈잇 에서 구매!\n\n\n[ASMR] 야 우리집에서 자고 가 내가 로션도 발라주고 귀도 파주고 책도 읽어주고 재워주기도 할께  Sleep mate earcleaning roleplay\n\n[TIMELINE]\n00:00 친구가 집에 왔다\n00:22 신이 나서 반긴다\n01:53 우유 대령\n03:14 스킨케어해주기\n06:43 눕방\n07:03 책 읽어주기\n09:40 귀청소와 약간의 수다\n19:20 잠든 친구 옆에서 쿨쿨 (숨소리)\n\n\n\r\n●연츄채널 후원하기\r\n(매 달 한분을 선정하여 선물과 편지를 보내드려요)\r\nhttps://toon.at/donate/asmr_yeonchu\r\n\r\n●연츄채널 멤버십 가입\r\n(멤버십 전용 ASMR영상 업로드&소통+닉네임 옆 특별 뱃지)\r\nhttps://www.youtube.com/channel/UCjypzyxU_p0_0ElbWSi8QQw/join\r\n\r\n●연츄로그 (일상채널)\r\nhttps://www.youtube.com/channel/UCbhbaBMBCIJRT0PPxsYrbhw\r\n\r\n●INSTAGRAM\r\nhttp://www.instagram.com/y.zzu\r\n\r\n●EMAIL(비즈니스문의)\r\nduswnk1002@naver.com\r\n\r\n●영상 자막 달아주기 (subtitles)\r\nhttp://www.youtube.com/timedtext_cs_panel?tab=2&c=UCjypzyxU_p0_0ElbWSi8QQw\r\n\r\n●연츄 쇼핑몰 (홈웨어,집순이템 등)\r\nhttp://www.gn-darling.shop\r\n\r\n\r\n●팬카페 츄랜드\r\nhttps://cafe.naver.com/yeonchuasmr\r\n\r\n●사서함\r\n서울 성동구 연무장15길 11 에스팩토리 B동 2층 (받는이:연츄)\r\n\r\n\r\n※ASMR이란?\r\n심리적 안정을 유도하는 영상입니다.\r\n힐링을 원하는 청취자들에게 안정감을 주고,불면증에 도움이 됩니다.",
        "thumbnail": "https://i.ytimg.com/vi/jYjvxGJGvW0/mqdefault.jpg",
        "youtubeVideoId": "jYjvxGJGvW0",
        "uploadedDate": "2020-06-26T12:03:56Z",
        "viewCount": 115672,
        "isCommercial": "False"
    },
    {
        "id": "bebfb647-2caa-438a-9b73-680a23e482e3",
        "title": "ASMR 프로필 촬영용 메이크업 롤플레이│스킨케어 꼼꼼히 해드려요 Makeup shop RP 후시녹음",
        "description": "♡늘 좋은 꿈 꾸시고, 행복하세요♡\r\n\r\nASMR 프로필 촬영용 메이크업 롤플레이│스킨케어 꼼꼼히 해드려요 Makeup shop RP\n\n*이 영상은 데일리시의 간접광고를 포함하고 있습니다.\n\n*데일리시 바로가기\n\nhttp://dailish.co.kr/\n\nhttps://smartstore.naver.com/dailish\n\n\n●연츄채널 후원하기\r\n(매 달 한분을 선정하여 선물과 편지를 보내드려요)\r\nhttps://toon.at/donate/asmr_yeonchu\r\n\r\n●연츄채널 멤버십 가입\r\n(멤버십 전용 ASMR영상 업로드&소통+닉네임 옆 특별 뱃지)\r\nhttps://www.youtube.com/channel/UCjypzyxU_p0_0ElbWSi8QQw/join\r\n\r\n●연츄로그 (일상채널)\r\nhttps://www.youtube.com/channel/UCbhbaBMBCIJRT0PPxsYrbhw\r\n\r\n●INSTAGRAM\r\nhttp://www.instagram.com/y.zzu\r\n\r\n●EMAIL(비즈니스문의)\r\nduswnk1002@naver.com\r\n\r\n●영상 자막 달아주기 (subtitles)\r\nhttp://www.youtube.com/timedtext_cs_panel?tab=2&c=UCjypzyxU_p0_0ElbWSi8QQw\r\n\r\n●연츄 쇼핑몰 (홈웨어,집순이템 등)\r\nhttp://www.gn-darling.shop\r\n\r\n\r\n●팬카페 츄랜드\r\nhttps://cafe.naver.com/yeonchuasmr\r\n\r\n●사서함\r\n서울 성동구 연무장15길 11 에스팩토리 B동 2층 (받는이:연츄)\r\n\r\n\r\n※ASMR이란?\r\n심리적 안정을 유도하는 영상입니다.\r\n힐링을 원하는 청취자들에게 안정감을 주고,불면증에 도움이 됩니다.\n\n#2020제2회SBA크포",
        "thumbnail": "https://i.ytimg.com/vi/3XYXjt91cFE/mqdefault.jpg",
        "youtubeVideoId": "3XYXjt91cFE",
        "uploadedDate": "2020-06-02T12:50:34Z",
        "viewCount": 49168,
        "isCommercial": "False"
    },
    {
        "id": "cfc858c5-b2a0-48d1-8921-e8ca78b17774",
        "title": "ASMR [Sub✔️] 동생아 귀파줄게│화창하고 나른한 낮에 귀에 딱딱하게 붙은 귀지 아프게!자극적!! 귀청소 롤플레이 Earcleaning roleplay",
        "description": "♡늘 좋은 꿈 꾸시고, 행복하세요♡\r\n\nASMR 동생아 귀파줄게│딱딱하게 붙은 귀지 귀청소 롤플레이 Earcleaning roleplay\n\r\n●연츄채널 후원하기\r\n(매 달 한분을 선정하여 선물과 편지를 보내드려요)\r\nhttps://toon.at/donate/asmr_yeonchu\r\n\r\n●연츄채널 멤버십 가입\r\n(멤버십 전용 ASMR영상 업로드&소통+닉네임 옆 특별 뱃지)\r\nhttps://www.youtube.com/channel/UCjypzyxU_p0_0ElbWSi8QQw/join\r\n\r\n●연츄로그 (일상채널)\r\nhttps://www.youtube.com/channel/UCbhbaBMBCIJRT0PPxsYrbhw\r\n\r\n●INSTAGRAM\r\nhttp://www.instagram.com/y.zzu\r\n\r\n●EMAIL(비즈니스문의)\r\nduswnk1002@naver.com\r\n\r\n●영상 자막 달아주기 (subtitles)\r\nhttp://www.youtube.com/timedtext_cs_panel?tab=2&c=UCjypzyxU_p0_0ElbWSi8QQw\r\n\r\n●연츄 쇼핑몰 (홈웨어,집순이템 등)\r\nhttp://www.gn-darling.shop\r\n\r\n\r\n●팬카페 츄랜드\r\nhttps://cafe.naver.com/yeonchuasmr\r\n\r\n●사서함\r\n서울 성동구 연무장15길 11 에스팩토리 B동 2층 (받는이:연츄)\r\n\r\n\r\n※ASMR이란?\r\n심리적 안정을 유도하는 영상입니다.\r\n힐링을 원하는 청취자들에게 안정감을 주고,불면증에 도움이 됩니다.",
        "thumbnail": "https://i.ytimg.com/vi/OJTYMcxYelk/mqdefault.jpg",
        "youtubeVideoId": "OJTYMcxYelk",
        "uploadedDate": "2020-05-18T18:17:04Z",
        "viewCount": 342807,
        "isCommercial": "False"
    },
    {
        "id": "fabbde44-796b-4aa3-9cd8-204cd2481cef",
        "title": "ASMR (꾸덕한 팅글 가득) 로션만 30분동안 발라줄게!│Lotion face massage (invisible,visual trigger)",
        "description": "♡늘 좋은 꿈 꾸시고, 행복하세요♡\r\n\r\n●연츄채널 후원하기\r\n(매 달 한분을 선정하여 선물과 편지를 보내드려요)\r\nhttps://toon.at/donate/asmr_yeonchu\r\n\r\n●연츄채널 멤버십 가입\r\n(멤버십 전용 ASMR영상 업로드&소통+닉네임 옆 특별 뱃지)\r\nhttps://www.youtube.com/channel/UCjypzyxU_p0_0ElbWSi8QQw/join\r\n\r\n●연츄로그 (일상채널)\r\nhttps://www.youtube.com/channel/UCbhbaBMBCIJRT0PPxsYrbhw\r\n\r\n●INSTAGRAM\r\nhttp://www.instagram.com/y.zzu\r\n\r\n●EMAIL(비즈니스문의)\r\nduswnk1002@naver.com\r\n\r\n●영상 자막 달아주기 (subtitles)\r\nhttp://www.youtube.com/timedtext_cs_panel?tab=2&c=UCjypzyxU_p0_0ElbWSi8QQw\r\n\r\n●연츄 쇼핑몰 (홈웨어,집순이템 등)\r\nhttp://www.gn-darling.shop\r\n\r\n\r\n●팬카페 츄랜드\r\nhttps://cafe.naver.com/yeonchuasmr\r\n\r\n\r\n※ASMR이란?\r\n심리적 안정을 유도하는 영상입니다.\r\n힐링을 원하는 청취자들에게 안정감을 주고,불면증에 도움이 됩니다.",
        "thumbnail": "https://i.ytimg.com/vi/gfL63uq4094/mqdefault.jpg",
        "youtubeVideoId": "gfL63uq4094",
        "uploadedDate": "2020-05-14T04:10:54Z",
        "viewCount": 122507,
        "isCommercial": "False"
    },
    {
        "id": "282da49d-b8bc-47c2-8738-877ed3e20ea7",
        "title": "ASMR(Sub✔️) 불면증 상담과 귀청소해주는 수면클리닉 롤플레이 (소리치료) Sleep Clinic Earcleaning RP",
        "description": "♡늘 좋은 꿈 꾸시고, 행복하세요♡\n\nASMR(Sub) 편안한 수면클리닉에서 불면증 상담과 소리치료 (귀청소 롤플레이) Sleep Clinic Earcleaning RP\n\n●연츄채널 후원하기\n(매 달 한분을 선정하여 선물과 편지를 보내드려요)\nhttps://toon.at/donate/asmr_yeonchu\n\n●연츄채널 멤버십 가입\n(멤버십 전용 ASMR영상 업로드&소통+닉네임 옆 특별 뱃지)\nhttps://www.youtube.com/channel/UCjypzyxU_p0_0ElbWSi8QQw/join\n\n●연츄로그 (일상채널)\nhttps://www.youtube.com/channel/UCbhbaBMBCIJRT0PPxsYrbhw\n\n●INSTAGRAM\nhttp://www.instagram.com/y.zzu\n\n●EMAIL(비즈니스문의)\nduswnk1002@naver.com\n\n●영상 자막 달아주기 (subtitles)\nhttp://www.youtube.com/timedtext_cs_panel?tab=2&c=UCjypzyxU_p0_0ElbWSi8QQw\n\n●연츄 쇼핑몰 (홈웨어,집순이템 등)\nhttp://www.gn-darling.shop\n\n\n●팬카페 츄랜드\nhttps://cafe.naver.com/yeonchuasmr\n\n●사서함\n서울 성동구 연무장15길 11 에스팩토리 B동 2층 (받는이:연츄)\n\n\n※ASMR이란?\n심리적 안정을 유도하는 영상입니다.\n힐링을 원하는 청취자들에게 안정감을 주고,불면증에 도움이 됩니다.",
        "thumbnail": "https://i.ytimg.com/vi/gC615xU4h-Y/mqdefault.jpg",
        "youtubeVideoId": "gC615xU4h-Y",
        "uploadedDate": "2020-03-30T12:23:28Z",
        "viewCount": 103496,
        "isCommercial": "False"
    },
    {
        "id": "c7d751ed-4f71-4ed8-a409-4684e3a4006d",
        "title": "[한시간 ASMR] 잠이 오는 수면 귀 관리샵 (귀청소,마사지,이어캔들 등)│Sleepy ear cleaning shop roleplay",
        "description": "♡늘 좋은 꿈 꾸시고, 행복하세요♡\n\n\nASMR 잠이 오는 수면 귀 관리샵 (귀청소,마사지,이어캔들 등)│Sleepy ear cleaning shop roleplay\n\n\n[timeline]\n\n00:01 인트로\n00:01 Intro\n\n00:20 상담,이어클리닝 코스 설명\n00:20 Counseling, explain some of ear cleaning courses\n\n06:19 이어클리닝 코스 선택\n06:19 Choose the ear cleaning course \n\n06:59 마실 것 고르기\n06:59 Choose a beverage\n\n07:32 따뜻한 차 준비해드리기\n07:32 Preparing hot tea\n\n08:00 귀 만져보기\n08:00 Touch the ears \n\n08:44 따뜻한 물에 타월 적시기\n08:44 Using the warm water wash the tower\n\n09:40 귀에 스팀타월\n09:40 Put steam tower on ears\n\n11:35 소독 솜으로 귓바퀴 닦아주기(귀소독)\n11:35 Using the sterile cotton cleaning the earflap\n\n16:00 귀이개 고르기\n16:00 Choose the ear swap\n\n16:40 솜털 귀청소\n16:40 fluffy ear cleaning\n\n24:34 면봉 귀청소\n24:34 Cleaning ears use the Cotton swab\n\n46:48 나무귀이개 귀청소\n46:48 Cleaning ears use the wood ear swap \n\n49:00 촉촉한 로션 귀마사지 \n49:00 using the moisture lotion do some massage \n\n57:00 이어캔들 설명\n57:00 explain ear candle\n\n58:55 이어캔들 불 붙히기 \n58:55 make some fire of ear candle \n\n59:00 ~ 수면..😴 \n59:00 ~ sleepy..😴 \n\n\n●연츄채널 후원하기\n(매 달 한분을 선정하여 선물과 편지를 보내드려요)\nhttps://toon.at/donate/asmr_yeonchu\n\n●연츄채널 멤버십 가입\n(멤버십 전용 ASMR영상 업로드&소통+닉네임 옆 특별 뱃지)\nhttps://www.youtube.com/channel/UCjypzyxU_p0_0ElbWSi8QQw/join\n\n●연츄로그 (일상채널)\nhttps://www.youtube.com/channel/UCbhbaBMBCIJRT0PPxsYrbhw\n\n●INSTAGRAM\nhttp://www.instagram.com/y.zzu\n\n●EMAIL(비즈니스문의)\nduswnk1002@naver.com\n\n●영상 자막 달아주기 (subtitles)\nhttp://www.youtube.com/timedtext_cs_panel?tab=2&c=UCjypzyxU_p0_0ElbWSi8QQw\n\n●연츄 쇼핑몰 (홈웨어,집순이템 등)\nhttp://www.gn-darling.shop\n\n\n●팬카페 츄랜드\nhttps://cafe.naver.com/yeonchuasmr\n\n●사서함\n서울 성동구 연무장15길 11 에스팩토리 B동 2층 (받는이:연츄)\n\n\n※ASMR이란?\n심리적 안정을 유도하는 영상입니다.\n힐링을 원하는 청취자들에게 안정감을 주고,불면증에 도움이 됩니다.",
        "thumbnail": "https://i.ytimg.com/vi/dLDQTCiLVlM/mqdefault.jpg",
        "youtubeVideoId": "dLDQTCiLVlM",
        "uploadedDate": "2020-02-13T12:26:38Z",
        "viewCount": 414342,
        "isCommercial": "False"
    },
    {
        "id": "63df15f6-ba29-4c6f-9c7e-57e82fb0b423",
        "title": "ASMR 병주고 약주기",
        "description": "♡늘 좋은 꿈 꾸시고, 행복하세요♡\n\n●연츄채널 후원하기\n(매 달 한분을 선정하여 선물과 편지를 보내드려요)\nhttps://toon.at/donate/asmr_yeonchu\n\n●연츄채널 멤버십 가입\n(멤버십 전용 ASMR영상 업로드&소통+닉네임 옆 특별 뱃지)\nhttps://www.youtube.com/channel/UCjypzyxU_p0_0ElbWSi8QQw/join\n\n●연츄로그 (일상채널)\nhttps://www.youtube.com/channel/UCbhbaBMBCIJRT0PPxsYrbhw\n\n●INSTAGRAM\nhttp://www.instagram.com/y.zzu\n\n●EMAIL(비즈니스문의)\nduswnk1002@naver.com\n\n●영상 자막 달아주기 (subtitles)\nhttp://www.youtube.com/timedtext_cs_panel?tab=2&c=UCjypzyxU_p0_0ElbWSi8QQw\n\n●연츄 쇼핑몰 (홈웨어,집순이템 등)\nhttp://www.gn-darling.shop\n\n\n●팬카페 츄랜드\nhttps://cafe.naver.com/yeonchuasmr\n\n●사서함\n서울 성동구 연무장15길 11 에스팩토리 B동 2층 (받는이:연츄)\n\n\n※ASMR이란?\n심리적 안정을 유도하는 영상입니다.\n힐링을 원하는 청취자들에게 안정감을 주고,불면증에 도움이 됩니다.",
        "thumbnail": "https://i.ytimg.com/vi/AEiaDbMoCqc/mqdefault.jpg",
        "youtubeVideoId": "AEiaDbMoCqc",
        "uploadedDate": "2020-01-16T18:59:25Z",
        "viewCount": 44966,
        "isCommercial": "False"
    },
    {
        "id": "abe3b16f-a175-490b-934a-a2eca37a613c",
        "title": "ASMR 연말파티 메이크업 롤플레이 Doing Your Party Makeup with Friend roleplay 후시녹음",
        "description": "♡늘 좋은 꿈 꾸시고, 행복하세요♡\n\nASMR 연말파티 메이크업 롤플레이 Doing Your Party Makeup with Friend roleplay\n\n●연츄채널 후원하기\n(매 달 한분을 선정하여 선물과 편지를 보내드려요)\nhttps://toon.at/donate/asmr_yeonchu\n\n●연츄채널 멤버십 가입\n(멤버십 전용 ASMR영상 업로드&소통+닉네임 옆 특별 뱃지)\nhttps://www.youtube.com/channel/UCjypzyxU_p0_0ElbWSi8QQw/join\n\n●연츄로그 (일상채널)\nhttps://www.youtube.com/channel/UCbhbaBMBCIJRT0PPxsYrbhw\n\n●INSTAGRAM\nhttp://www.instagram.com/y.zzu\n\n●EMAIL(비즈니스문의)\nduswnk1002@naver.com\n\n●영상 자막 달아주기 (subtitles)\nhttp://www.youtube.com/timedtext_cs_panel?tab=2&c=UCjypzyxU_p0_0ElbWSi8QQw\n\n●연츄 쇼핑몰 (홈웨어,집순이템 등)\nhttp://www.gn-darling.shop\n\n\n●팬카페 츄랜드\nhttps://cafe.naver.com/yeonchuasmr\n\n●사서함\n서울 성동구 연무장15길 11 에스팩토리 B동 2층 (받는이:연츄)\n\n\n※ASMR이란?\n심리적 안정을 유도하는 영상입니다.\n힐링을 원하는 청취자들에게 안정감을 주고,불면증에 도움이 됩니다.",
        "thumbnail": "https://i.ytimg.com/vi/wQgYGZVHWT8/mqdefault.jpg",
        "youtubeVideoId": "wQgYGZVHWT8",
        "uploadedDate": "2019-12-14T11:03:08Z",
        "viewCount": 57228,
        "isCommercial": "False"
    },
    {
        "id": "a06f9790-2da7-4721-9542-10e73c44f675",
        "title": "ASMR 포근한 파자마가게 롤플레이│Pajama shop roleplay",
        "description": "♡늘 좋은 꿈 꾸시고, 행복하세요♡\n\n안녕하세요. 여러분!\n오늘은 제가 쇼핑몰을 오픈하면 꼭 해보고싶었던\n옷가게 롤플레이입니다. 영상은 오픈 전에 촬영했던거라서 영상 촬영 당시에는 제품이 몇개 없었지만 지금 계속 새로운 제품 부지런히 업뎃중이에요. 남성용,여성용 모두 판매중이니 예쁘게 봐주세요. (현재 무통장입금만 가능합니다. 카드결제 다음주 내로 승인 예정이에요.)\n\n*굿나잇달링 구경가기\nhttp://www.gn-darling.shop\n\n●연츄채널 후원하기\n(매 달 한분을 선정하여 선물과 편지를 보내드려요)\nhttps://toon.at/donate/asmr_yeonchu\n\n●연츄채널 멤버십 가입\n(멤버십 전용 ASMR영상 업로드&소통+닉네임 옆 특별 뱃지)\nhttps://www.youtube.com/channel/UCjypzyxU_p0_0ElbWSi8QQw/join\n\n●연츄로그 (일상채널)\nhttps://www.youtube.com/channel/UCbhbaBMBCIJRT0PPxsYrbhw\n\n●INSTAGRAM\nhttp://www.instagram.com/y.zzu\n\n●EMAIL(비즈니스문의)\nduswnk1002@naver.com\n\n●영상 자막 달아주기 (subtitles)\nhttp://www.youtube.com/timedtext_cs_panel?tab=2&c=UCjypzyxU_p0_0ElbWSi8QQw\n\n●대부분의 옷 정보\n(할인코드'연츄'입력 시 5%추가할인)\nhttps://www.seoulstore.com/\n\n●팬카페 츄랜드\nhttps://cafe.naver.com/yeonchuasmr\n\n●사서함\n서울 성동구 연무장15길 11 에스팩토리 B동 2층 (받는이:연츄)\n\n\n※ASMR이란?\n심리적 안정을 유도하는 영상입니다.\n힐링을 원하는 청취자들에게 안정감을 주고,불면증에 도움이 됩니다.",
        "thumbnail": "https://i.ytimg.com/vi/j5M_oKyMI18/mqdefault.jpg",
        "youtubeVideoId": "j5M_oKyMI18",
        "uploadedDate": "2019-10-24T11:12:35Z",
        "viewCount": 21190,
        "isCommercial": "False"
    },
    {
        "id": "e03efedd-fd2a-49ad-a9dd-eb9a55e06e67",
        "title": "ASMR 친구야, 귀파줄게  Ear cleaning roleplay",
        "description": "♡늘 좋은 꿈 꾸시고, 행복하세요♡\n\nASMR 친구야, 귀파줄게  Ear cleaning roleplay\n\n●연츄채널 후원하기\n(매 달 한분을 선정하여 선물과 편지를 보내드려요)\nhttps://toon.at/donate/asmr_yeonchu\n\n●연츄채널 멤버십 가입\n(멤버십 전용 ASMR영상 업로드&소통+닉네임 옆 특별 뱃지)\nhttps://www.youtube.com/channel/UCjypzyxU_p0_0ElbWSi8QQw/join\n\n●연츄로그 (일상채널)\nhttps://www.youtube.com/channel/UCbhbaBMBCIJRT0PPxsYrbhw\n\n●INSTAGRAM\nhttp://www.instagram.com/y.zzu\n\n●EMAIL(비즈니스문의)\nduswnk1002@naver.com\n\n●영상 자막 달아주기 (subtitles)\nhttp://www.youtube.com/timedtext_cs_panel?tab=2&c=UCjypzyxU_p0_0ElbWSi8QQw\n\n●대부분의 옷 정보\n(할인코드'연츄'입력 시 5%추가할인)\nhttps://www.seoulstore.com/\n\n●팬카페 츄랜드\nhttps://cafe.naver.com/yeonchuasmr\n\n●사서함\n서울 성동구 연무장15길 11 에스팩토리 B동 2층 (받는이:연츄)\n\n\n※ASMR이란?\n심리적 안정을 유도하는 영상입니다.\n힐링을 원하는 청취자들에게 안정감을 주고,불면증에 도움이 됩니다.",
        "thumbnail": "https://i.ytimg.com/vi/dPJ9Q3vXKkg/mqdefault.jpg",
        "youtubeVideoId": "dPJ9Q3vXKkg",
        "uploadedDate": "2019-10-22T13:13:55Z",
        "viewCount": 112179,
        "isCommercial": "False"
    },
    {
        "id": "952e3a1c-62c2-43cd-8222-42cc0162f993",
        "title": "ASMR 오랜만에 과외하러..│과외 선생님 롤플레이 [김소월_초혼 해석]│Private tutor,teacher roleplay (study asmr) + 보너스 귀청소",
        "description": "♡늘 좋은 꿈 꾸시고, 행복하세요♡\n\nASMR 오랜만에 과외하러..│과외 선생님 롤플레이│Private tutor,teacher roleplay (study asmr) [김소월_초혼 해석]\n\n안녕하세요 여러분 ! 엄청...오랜만에 과외 ASMR 입니다 ! 오늘 공부할 시는 김소월 시인의 초혼 이라는 시인데요. 전..진짜 선생님이 아니니! 슬쩍 흘려 들어주세용 ㅎㅎ\n\n제 구독자분들 중에 수험생 분들도 계신 것 같더라구요.\n재밌게 봐주시고, 쪼금이나마 도움(?)이 되시길..바랍니다.\n\n모두 힘내고!♡ 잘자요!\n\n-\n●연츄채널 후원하기\n(매 달 한분을 선정하여 선물과 편지를 보내드려요)\nhttps://toon.at/donate/asmr_yeonchu\n\n●연츄채널 멤버십 가입\n(멤버십 전용 ASMR영상 업로드&소통+닉네임 옆 특별 뱃지)\nhttps://www.youtube.com/channel/UCjypzyxU_p0_0ElbWSi8QQw/join\n\n●연츄로그 (일상채널)\nhttps://www.youtube.com/channel/UCbhbaBMBCIJRT0PPxsYrbhw\n\n●INSTAGRAM\nhttp://www.instagram.com/y.zzu\n\n●EMAIL(비즈니스문의)\nduswnk1002@naver.com\n\n●영상 자막 달아주기 (subtitles)\nhttp://www.youtube.com/timedtext_cs_panel?tab=2&c=UCjypzyxU_p0_0ElbWSi8QQw\n\n●대부분의 옷 정보\n(할인코드'연츄'입력 시 5%추가할인)\nhttps://www.seoulstore.com/\n\n●팬카페 츄랜드\nhttps://cafe.naver.com/yeonchuasmr\n\n●사서함\n서울 성동구 연무장15길 11 에스팩토리 B동 2층 (받는이:연츄)\n\n\n※ASMR이란?\n심리적 안정을 유도하는 영상입니다.\n힐링을 원하는 청취자들에게 안정감을 주고,불면증에 도움이 됩니다.",
        "thumbnail": "https://i.ytimg.com/vi/gdvpg5Kxqf8/mqdefault.jpg",
        "youtubeVideoId": "gdvpg5Kxqf8",
        "uploadedDate": "2019-10-04T11:03:14Z",
        "viewCount": 205086,
        "isCommercial": "False"
    },
    {
        "id": "dd942fb8-eddf-4c1c-8632-c37a0aa23a3e",
        "title": "ASMR 실제 네일샵 롤플레이│Real nail shop roleplay",
        "description": "♡늘 좋은 꿈 꾸시고, 행복하세요♡\n\nASMR 실제 네일샵 롤플레이│Real nail shop roleplay\n\n[timeline]\n00:01 인트로 intro\n00:13 상담 (디자인고르기) Counseling\n03:51 젤네일 제거 gelnail removal\n09:14 큐티클 제거 Remove cuticle\n14:35 젤네일 바르기 nail art\n24:50 완성~ Completion\n\n●연츄채널 후원하기\n(매 달 한분을 선정하여 선물과 편지를 보내드려요)\nhttps://toon.at/donate/asmr_yeonchu\n\n●연츄채널 멤버십 가입\n(멤버십 전용 ASMR영상 업로드&소통+닉네임 옆 특별 뱃지)\nhttps://www.youtube.com/channel/UCjypzyxU_p0_0ElbWSi8QQw/join\n\n●연츄로그 (일상채널)\nhttps://www.youtube.com/channel/UCbhbaBMBCIJRT0PPxsYrbhw\n\n●INSTAGRAM\nhttp://www.instagram.com/y.zzu\n\n●EMAIL(비즈니스문의)\nduswnk1002@naver.com\n\n●영상 자막 달아주기 (subtitles)\nhttp://www.youtube.com/timedtext_cs_panel?tab=2&c=UCjypzyxU_p0_0ElbWSi8QQw\n\n●대부분의 옷 정보\n(할인코드'연츄'입력 시 5%추가할인)\nhttps://www.seoulstore.com/\n\n●팬카페 츄랜드\nhttps://cafe.naver.com/yeonchuasmr\n\n●사서함\n서울 성동구 연무장15길 11 에스팩토리 B동 2층 (받는이:연츄)\n\n\n※ASMR이란?\n심리적 안정을 유도하는 영상입니다.\n힐링을 원하는 청취자들에게 안정감을 주고,불면증에 도움이 됩니다.",
        "thumbnail": "https://i.ytimg.com/vi/xdQvFQ8Or2c/mqdefault.jpg",
        "youtubeVideoId": "xdQvFQ8Or2c",
        "uploadedDate": "2019-09-30T11:03:35Z",
        "viewCount": 97130,
        "isCommercial": "False"
    },
    {
        "id": "438ea714-8bb0-4cc1-bb6b-1098af42655b",
        "title": "ASMR 초상화 가게 롤플레이 a portrait shop roleplay│연필 깎는소리,그림 그리는 소리",
        "description": "♡늘 좋은 꿈 꾸시고, 행복하세요♡\n\nASMR 초상화 그려주는 가게 a portrait shop│연필 깎는소리,그림 그리는 소리\n\n\n[타임라인TIMELINE]\n\n00:01 인트로\n00:01 intro\n\n00:11 엇 안녕하세요~!\n00:11 hello~!\n\n02:03 차 한잔 드릴께요\n02:03 tea time\n\n02:24 연필깎는소리\n02:24 pencil sharpener\n\n09:27 종이고르기\n09:27 paper picking\n\n10:03 그림그리기\n10:03 drawing\n\n●연츄채널 후원하기\n(매 달 한분을 선정하여 선물과 편지를 보내드려요)\nhttps://toon.at/donate/asmr_yeonchu\n\n●연츄채널 멤버십 가입\n(멤버십 전용 ASMR영상 업로드&소통+닉네임 옆 특별 뱃지)\nhttps://www.youtube.com/channel/UCjypzyxU_p0_0ElbWSi8QQw/join\n\n●연츄로그 (일상채널)\nhttps://www.youtube.com/channel/UCbhbaBMBCIJRT0PPxsYrbhw\n\n●INSTAGRAM\nhttp://www.instagram.com/y.zzu\n\n●EMAIL(비즈니스문의)\nduswnk1002@naver.com\n\n●영상 자막 달아주기 (subtitles)\nhttp://www.youtube.com/timedtext_cs_panel?tab=2&c=UCjypzyxU_p0_0ElbWSi8QQw\n\n●대부분의 옷 정보\n(할인코드'연츄'입력 시 5%추가할인)\nhttps://www.seoulstore.com/\n\n●팬카페 츄랜드\nhttps://cafe.naver.com/yeonchuasmr\n\n●사서함\n서울 성동구 연무장15길 11 에스팩토리 B동 2층 (받는이:연츄)\n\n\n※ASMR이란?\n심리적 안정을 유도하는 영상입니다.\n힐링을 원하는 청취자들에게 안정감을 주고,불면증에 도움이 됩니다.",
        "thumbnail": "https://i.ytimg.com/vi/RENnFqyC7NM/mqdefault.jpg",
        "youtubeVideoId": "RENnFqyC7NM",
        "uploadedDate": "2019-09-16T11:09:59Z",
        "viewCount": 37742,
        "isCommercial": "False"
    },
    {
        "id": "61d33b97-93be-4635-adda-279366681aed",
        "title": "ASMR 스트레스받은 마이크씨 치료 롤플레이 mic care shop roleplay (treatment)",
        "description": "♡늘 좋은 꿈 꾸시고, 행복하세요♡\n\n제 마이크가 넘 과로를 해서.. 고장이 나버렸어요. 저도 최근에 피로누적으로 몸이 많이 상했구요..😢 불쌍한 마이크ㅠㅠ를 생각하면서 제가 넘 좋아하는 두 유튜버분의 영향을 받아 제작되었습니다! (그냥 넘 괴롭혀대서 고장나버린 제 마이크가 불쌍해서 주제를 떠올리고 만들었는데 요즘 귀엽고 따뜻한 영상에 푹 빠져서 비바님과 하쁠리님 영상을 너무너무 많이 시청해서인지 저도 모르게 영향을 받게 되었어요..👉🏻👈🏻 하핫..의도한 건 아니지만 만들고보니 이건 출처를 남겨야 할 것 같아서 남깁니다!!) 더욱 독창적인 연츄가 되도록 노력할께용ㅋㅋ앗 그리고 제 전공이 \"조소\"인데요! 전공을 살려서 찰흙이나 만들기 관련 영상을 좀 자주 제작해보고싶어요. 보고싶은 아이디어 있으시면 알려주세욥~!! 안뇽히주무세요~~)\nhttps://youtu.be/vopaBVDvuEM\nhttps://youtu.be/TuNY0cxaPKY\n\n\n[타임라인]\n00:08 상담접수\n00:08 reception\n\n02:00 상태 살펴보기\n02:00 condition diagnosis\n\n03:57 스트레스동그라미떼어내기\n03:57 Remove stress\n\n09:23 주사놓는거 설명해주기\n09:23 Description of the injection\n\n10:15 머리에 주사놓기 시작\n10:15 To inject into the head\n\n13:27 머리카락 만들고싶어요?\n13:27 Do you want hair?\n\n14:37 머리카락 만들어주기\n14:37 Make hair\n\n17:50 까매진 심장 교체\n17:50 Replace with a New Heart\n\n18:33 반창고 붙히기\n18:33 Band-Aid Attaching\n\n\n\nASMR 스트레스받은 마이크씨 치료 롤플레이 microphone care shop (treatment) 귀 주사,상처치료,주사 asmr,폼클레이 asmr,injection,injection asmr\n\n●연츄채널 후원하기\n(매 달 한분을 선정하여 선물과 편지를 보내드려요)\nhttps://toon.at/donate/asmr_yeonchu\n\n●연츄채널 멤버십 가입\n(멤버십 전용 ASMR영상 업로드&소통+닉네임 옆 특별 뱃지)\nhttps://www.youtube.com/channel/UCjypzyxU_p0_0ElbWSi8QQw/join\n\n●연츄로그 (일상채널)\nhttps://www.youtube.com/channel/UCbhbaBMBCIJRT0PPxsYrbhw\n\n●INSTAGRAM\nhttp://www.instagram.com/y.zzu\n\n●EMAIL(비즈니스문의)\nduswnk1002@naver.com\n\n●영상 자막 달아주기 (subtitles)\nhttp://www.youtube.com/timedtext_cs_panel?tab=2&c=UCjypzyxU_p0_0ElbWSi8QQw\n\n●대부분의 옷 정보\n(할인코드'연츄'입력 시 5%추가할인)\nhttps://www.seoulstore.com/\n\n●팬카페 츄랜드\nhttps://cafe.naver.com/yeonchuasmr\n\n●사서함\n서울 성동구 연무장15길 11 에스팩토리 B동 2층 (받는이:연츄)\n\n\n※ASMR이란?\n심리적 안정을 유도하는 영상입니다.\n힐링을 원하는 청취자들에게 안정감을 주고,불면증에 도움이 됩니다.",
        "thumbnail": "https://i.ytimg.com/vi/0fP1K35cquw/mqdefault.jpg",
        "youtubeVideoId": "0fP1K35cquw",
        "uploadedDate": "2019-09-06T19:18:09Z",
        "viewCount": 32332,
        "isCommercial": "False"
    },
    {
        "id": "a6b34bdc-5809-4161-b876-a22f8301bfc1",
        "title": "ASMR 비 내리는 날, 귀청소 자격증 있는 누나가 왕귀지 파줄껭│귀청소 롤플레이 Ear cleaning roleplay",
        "description": "♡늘 좋은 꿈 꾸시고, 행복하세요♡\n\n●연츄채널 후원하기\n(매 달 한분을 선정하여 선물과 편지를 보내드려요)\nhttps://toon.at/donate/asmr_yeonchu\n\n●연츄채널 멤버십 가입\n(멤버십 전용 ASMR영상 업로드&소통+닉네임 옆 특별 뱃지)\nhttps://www.youtube.com/channel/UCjypzyxU_p0_0ElbWSi8QQw/join\n\n●연츄로그 (일상채널)\nhttps://www.youtube.com/channel/UCbhbaBMBCIJRT0PPxsYrbhw\n\n●INSTAGRAM\nhttp://www.instagram.com/y.zzu\n\n●EMAIL(비즈니스문의)\nduswnk1002@naver.com\n\n●영상 자막 달아주기 (subtitles)\nhttp://www.youtube.com/timedtext_cs_panel?tab=2&c=UCjypzyxU_p0_0ElbWSi8QQw\n\n●대부분의 옷 정보\n(할인코드'연츄'입력 시 5%추가할인)\nhttps://www.seoulstore.com/\n\n●팬카페 츄랜드\nhttps://cafe.naver.com/yeonchuasmr\n\n●사서함\n서울 성동구 연무장15길 11 에스팩토리 B동 2층 (받는이:연츄)\n\n\n※ASMR이란?\n심리적 안정을 유도하는 영상입니다.\n힐링을 원하는 청취자들에게 안정감을 주고,불면증에 도움이 됩니다.",
        "thumbnail": "https://i.ytimg.com/vi/q6QUHN_Sd5Q/mqdefault.jpg",
        "youtubeVideoId": "q6QUHN_Sd5Q",
        "uploadedDate": "2019-08-14T10:54:50Z",
        "viewCount": 107008,
        "isCommercial": "False"
    },
    {
        "id": "894672f0-6c1b-448a-bcc6-87de0322c257",
        "title": "ASMR 우쭈쭈 우리 애기 얼굴 다듬어줄께~♡ (feat. 엄청난 빗소리)",
        "description": "♡늘 좋은 꿈 꾸시고, 행복하세요♡\n\n●연츄채널 후원하기\n(매 달 한분을 선정하여 선물과 편지를 보내드려요)\nhttps://toon.at/donate/asmr_yeonchu\n\n●연츄채널 멤버십 가입\n(멤버십 전용 ASMR영상 업로드&소통+닉네임 옆 특별 뱃지)\nhttps://www.youtube.com/channel/UCjypzyxU_p0_0ElbWSi8QQw/join\n\n●연츄로그 (일상채널)\nhttps://www.youtube.com/channel/UCbhbaBMBCIJRT0PPxsYrbhw\n\n●INSTAGRAM\nhttp://www.instagram.com/y.zzu\n\n●EMAIL(비즈니스문의)\nduswnk1002@naver.com\n\n●영상 자막 달아주기 (subtitles)\nhttp://www.youtube.com/timedtext_cs_panel?tab=2&c=UCjypzyxU_p0_0ElbWSi8QQw\n\n●대부분의 옷 정보\n(할인코드'연츄'입력 시 5%추가할인)\nhttps://www.seoulstore.com/\n\n●팬카페 츄랜드\nhttps://cafe.naver.com/yeonchuasmr\n\n●사서함\n서울 성동구 연무장15길 11 에스팩토리 B동 2층 (받는이:연츄)\n\n\n※ASMR이란?\n심리적 안정을 유도하는 영상입니다.\n힐링을 원하는 청취자들에게 안정감을 주고,불면증에 도움이 됩니다.",
        "thumbnail": "https://i.ytimg.com/vi/as-OKKrDlRU/mqdefault.jpg",
        "youtubeVideoId": "as-OKKrDlRU",
        "uploadedDate": "2019-08-14T10:54:42Z",
        "viewCount": 36034,
        "isCommercial": "False"
    },
    {
        "id": "2acb0e6e-0e58-4433-99e2-098a36edd614",
        "title": "ASMR 수다가 끊이지 않는 메이크업샵 롤플레이│Makeup shop roleplay",
        "description": "♡늘 좋은 꿈 꾸시고, 행복하세요♡\n\nASMR 수다가 끊이지 않는 메이크업샵 롤플레이│Makeup shop roleplay\n\n●연츄채널 후원하기\n(매 달 한분을 선정하여 선물과 편지를 보내드려요)\nhttps://toon.at/donate/asmr_yeonchu\n\n●연츄채널 멤버십 가입\n(멤버십 전용 ASMR영상 업로드&소통+닉네임 옆 특별 뱃지)\nhttps://www.youtube.com/channel/UCjypzyxU_p0_0ElbWSi8QQw/join\n\n●연츄로그 (일상채널)\nhttps://www.youtube.com/channel/UCbhbaBMBCIJRT0PPxsYrbhw\n\n●INSTAGRAM\nhttp://www.instagram.com/y.zzu\n\n●EMAIL(비즈니스문의)\nduswnk1002@naver.com\n\n●영상 자막 달아주기 (subtitles)\nhttp://www.youtube.com/timedtext_cs_panel?tab=2&c=UCjypzyxU_p0_0ElbWSi8QQw\n\n●대부분의 옷 정보\n(할인코드'연츄'입력 시 5%추가할인)\nhttps://www.seoulstore.com/\n\n●팬카페 츄랜드\nhttps://cafe.naver.com/yeonchuasmr\n\n●사서함\n서울 성동구 연무장15길 11 에스팩토리 B동 2층 (받는이:연츄)\n\n\n※ASMR이란?\n심리적 안정을 유도하는 영상입니다.\n힐링을 원하는 청취자들에게 안정감을 주고,불면증에 도움이 됩니다.",
        "thumbnail": "https://i.ytimg.com/vi/NTaeLBEhdvo/mqdefault.jpg",
        "youtubeVideoId": "NTaeLBEhdvo",
        "uploadedDate": "2019-07-21T11:02:35Z",
        "viewCount": 58722,
        "isCommercial": "False"
    },
    {
        "id": "badcba70-8024-4489-adc8-42975802f999",
        "title": "[English ASMR] Skin care shop roleplay _ cleansing,water spray care,facial massage,modeling pack",
        "description": "♡늘 좋은 꿈 꾸시고, 행복하세요♡\n\n[English ASMR] Skin care shop roleplay _ cleansing,quality control,water spray care,facial massage, modeling pack, skincare\n\n●연츄채널 후원하기\n(매 달 한분을 선정하여 선물과 편지를 보내드려요)\nhttps://toon.at/donate/asmr_yeonchu\n\n●연츄채널 멤버십 가입\n(멤버십 전용 ASMR영상 업로드&소통+닉네임 옆 특별 뱃지)\nhttps://www.youtube.com/channel/UCjypzyxU_p0_0ElbWSi8QQw/join\n\n●연츄로그 (일상채널)\nhttps://www.youtube.com/channel/UCbhbaBMBCIJRT0PPxsYrbhw\n\n●INSTAGRAM\nhttp://www.instagram.com/y.zzu\n\n●EMAIL(비즈니스문의)\nduswnk1002@naver.com\n\n●영상 자막 달아주기 (subtitles)\nhttp://www.youtube.com/timedtext_cs_panel?tab=2&c=UCjypzyxU_p0_0ElbWSi8QQw\n\n●대부분의 옷 정보\n(할인코드'연츄'입력 시 5%추가할인)\nhttps://www.seoulstore.com/\n\n●팬카페 츄랜드\nhttps://cafe.naver.com/yeonchuasmr\n\n●사서함\n서울 성동구 연무장15길 11 에스팩토리 B동 2층 (받는이:연츄)\n\n\n※ASMR이란?\n심리적 안정을 유도하는 영상입니다.\n힐링을 원하는 청취자들에게 안정감을 주고,불면증에 도움이 됩니다.",
        "thumbnail": "https://i.ytimg.com/vi/YFizp6gvum0/mqdefault.jpg",
        "youtubeVideoId": "YFizp6gvum0",
        "uploadedDate": "2019-07-09T12:21:36Z",
        "viewCount": 18510,
        "isCommercial": "False"
    },
    {
        "id": "479cbd05-893a-4a1c-9d6a-45e03c1f4950",
        "title": "[한국어ASMR] 조용한 피부관리샵 롤플레이 Skin care roleplay│클렌징,각질제거,수분케어,얼굴마사지,모델링팩,스킨케어",
        "description": "♡늘 좋은 꿈 꾸시고, 행복하세요♡\n[한국어ASMR] 조용한 스킨케어샵 롤플레이 Skin care roleplay│클렌징,각질제거,수분케어,얼굴마사지,모델링팩,스킨케어\n\n●연츄채널 후원하기\n(매 달 한분을 선정하여 선물과 편지를 보내드려요)\nhttps://toon.at/donate/asmr_yeonchu\n\n●연츄채널 멤버십 가입\n(멤버십 전용 ASMR영상 업로드&소통+닉네임 옆 특별 뱃지)\nhttps://www.youtube.com/channel/UCjypzyxU_p0_0ElbWSi8QQw/join\n\n●연츄로그 (일상채널)\nhttps://www.youtube.com/channel/UCbhbaBMBCIJRT0PPxsYrbhw\n\n●INSTAGRAM\nhttp://www.instagram.com/y.zzu\n\n●EMAIL(비즈니스문의)\nduswnk1002@naver.com\n\n●영상 자막 달아주기 (subtitles)\nhttp://www.youtube.com/timedtext_cs_panel?tab=2&c=UCjypzyxU_p0_0ElbWSi8QQw\n\n●대부분의 옷 정보\n(할인코드'연츄'입력 시 5%추가할인)\nhttps://www.seoulstore.com/\n\n●팬카페 츄랜드\nhttps://cafe.naver.com/yeonchuasmr\n\n●사서함\n서울 성동구 연무장15길 11 에스팩토리 B동 2층 (받는이:연츄)\n\n\n※ASMR이란?\n심리적 안정을 유도하는 영상입니다.\n힐링을 원하는 청취자들에게 안정감을 주고,불면증에 도움이 됩니다.",
        "thumbnail": "https://i.ytimg.com/vi/-J-Wnr525jI/mqdefault.jpg",
        "youtubeVideoId": "-J-Wnr525jI",
        "uploadedDate": "2019-07-09T12:21:29Z",
        "viewCount": 31579,
        "isCommercial": "False"
    },
    {
        "id": "4932a643-4501-454b-b069-fe165909f361",
        "title": "ASMR 같이자요. 귀청소도 해줌 ! Sleep mate (ear cleaning roleplay) 슬립메이트 💖",
        "description": "♡늘 좋은 꿈 꾸시고, 행복하세요♡\n\n●연츄채널 후원하기\n(매 달 한분을 선정하여 선물과 편지를 보내드려요)\nhttps://toon.at/donate/asmr_yeonchu\n\n●연츄채널 멤버십 가입\n(멤버십 전용 ASMR영상 업로드&소통+닉네임 옆 특별 뱃지)\nhttps://www.youtube.com/channel/UCjypzyxU_p0_0ElbWSi8QQw/join\n\n●연츄로그 (일상채널)\nhttps://www.youtube.com/channel/UCbhbaBMBCIJRT0PPxsYrbhw\n\n●INSTAGRAM\nhttp://www.instagram.com/y.zzu\n\n●EMAIL(비즈니스문의)\nduswnk1002@naver.com\n\n●영상 자막 달아주기 (subtitles)\nhttp://www.youtube.com/timedtext_cs_panel?tab=2&c=UCjypzyxU_p0_0ElbWSi8QQw\n\n●대부분의 옷 정보\n(할인코드'연츄'입력 시 5%추가할인)\nhttps://www.seoulstore.com/\n\n●팬카페 츄랜드\nhttps://cafe.naver.com/yeonchuasmr\n\n●사서함\n서울 성동구 연무장15길 11 에스팩토리 B동 2층 (받는이:연츄)\n\n\n※ASMR이란?\n심리적 안정을 유도하는 영상입니다.\n힐링을 원하는 청취자들에게 안정감을 주고,불면증에 도움이 됩니다.",
        "thumbnail": "https://i.ytimg.com/vi/ZbGZlyZtIr0/mqdefault.jpg",
        "youtubeVideoId": "ZbGZlyZtIr0",
        "uploadedDate": "2019-06-17T11:36:42Z",
        "viewCount": 92394,
        "isCommercial": "False"
    },
    {
        "id": "b56d95cc-1612-43e8-a3c4-ef475dfe37ba",
        "title": "[몇 년 전 ASMR 느낌] 스킨케어샵 롤플레이_클렌징,각질제거,팩,스킨케어│Skin care shop roleplay",
        "description": "#ASMR#한국어ASMR#\n[몇 년 전 ASMR 느낌] 스킨케어샵 롤플레이_클렌징,각질제거,얼굴마사지,팩,스킨케어│Skin care shop roleplay\n\n♡늘 좋은 꿈 꾸시고, 행복하세요♡\n\n●연츄채널 후원하기\n(매 달 한분을 선정하여 선물과 편지를 보내드려요)\nhttps://toon.at/donate/asmr_yeonchu\n\n●연츄채널 멤버십 가입\n(멤버십 전용 ASMR영상 업로드&소통+닉네임 옆 특별 뱃지)\nhttps://www.youtube.com/channel/UCjypzyxU_p0_0ElbWSi8QQw/join\n\n●연츄로그 (일상채널)\nhttps://www.youtube.com/channel/UCbhbaBMBCIJRT0PPxsYrbhw\n\n●INSTAGRAM\nhttp://www.instagram.com/y.zzu\n\n●EMAIL(비즈니스문의)\nduswnk1002@naver.com\n\n●영상 자막 달아주기 (subtitles)\nhttp://www.youtube.com/timedtext_cs_panel?tab=2&c=UCjypzyxU_p0_0ElbWSi8QQw\n\n●대부분의 옷 정보\n(할인코드'연츄'입력 시 5%추가할인)\nhttps://www.seoulstore.com/\n\n●팬카페 츄랜드\nhttps://cafe.naver.com/yeonchuasmr\n\n●사서함\n서울 성동구 연무장15길 11 에스팩토리 B동 2층 (받는이:연츄)\n\n\n※ASMR이란?\n심리적 안정을 유도하는 영상입니다.\n힐링을 원하는 청취자들에게 안정감을 주고,불면증에 도움이 됩니다.",
        "thumbnail": "https://i.ytimg.com/vi/4rhlgbYBgjM/mqdefault.jpg",
        "youtubeVideoId": "4rhlgbYBgjM",
        "uploadedDate": "2019-05-07T12:03:15Z",
        "viewCount": 0,
        "isCommercial": "False"
    },
    {
        "id": "3916e474-f76d-4153-9b0e-8f346a04ae75",
        "title": "(주의) 시각적 ASMR 귀에 생긴 왕블랙헤드 짜기/귀에 난 수염 뽑기_롤플레이│Ear Blackhead Removal & Ear hair extraction roleplay",
        "description": "ASMR 귀에 생긴 왕블랙헤드 짜기/귀에 난 수염 뽑기│Ear Blackhead Removal & Ear hair extraction \n\n♡늘 좋은 꿈 꾸시고, 행복하세요♡\n\n●연츄채널 후원하기\n(매 달 한분을 선정하여 선물과 편지를 보내드려요)\nhttps://toon.at/donate/asmr_yeonchu\n\n●연츄채널 멤버십 가입\n(멤버십 전용 ASMR영상 업로드&소통+닉네임 옆 특별 뱃지)\nhttps://www.youtube.com/channel/UCjypzyxU_p0_0ElbWSi8QQw/join\n\n●연츄로그 (일상채널)\nhttps://www.youtube.com/channel/UCbhbaBMBCIJRT0PPxsYrbhw\n\n●INSTAGRAM\nhttp://www.instagram.com/y.zzu\n\n●EMAIL(비즈니스문의)\nduswnk1002@naver.com\n\n●영상 자막 달아주기 (subtitles)\nhttp://www.youtube.com/timedtext_cs_panel?tab=2&c=UCjypzyxU_p0_0ElbWSi8QQw\n\n●대부분의 옷 정보\n(할인코드'연츄'입력 시 5%추가할인)\nhttps://www.seoulstore.com/\n\n●팬카페 츄랜드\nhttps://cafe.naver.com/yeonchuasmr\n\n●사서함\n서울 성동구 연무장15길 11 에스팩토리 B동 2층 (받는이:연츄)\n\n\n※ASMR이란?\n심리적 안정을 유도하는 영상입니다.\n힐링을 원하는 청취자들에게 안정감을 주고,불면증에 도움이 됩니다.",
        "thumbnail": "https://i.ytimg.com/vi/w-YuwiR-DsM/mqdefault.jpg",
        "youtubeVideoId": "w-YuwiR-DsM",
        "uploadedDate": "2019-04-29T13:19:25Z",
        "viewCount": 0,
        "isCommercial": "False"
    },
    {
        "id": "f1d653e0-199f-4492-8c96-c88090c9c734",
        "title": "ASMR 나른한 귀관리샵 롤플레이_ sleepy ear care shop (귀청소+귀소독+귀지압+귀마사지)",
        "description": "#ASMR#한국어ASMR#귀청소\n\nASMR 나른한 귀관리샵 롤플레이_ sleepy ear care shop (귀청소+귀소독+귀지압+귀마사지)\n\n♡늘 좋은 꿈 꾸시고, 행복하세요♡\n\n●연츄채널 후원하기\n(매 달 한분을 선정하여 선물과 편지를 보내드려요)\nhttps://toon.at/donate/asmr_yeonchu\n\n●연츄채널 멤버십 가입\n(멤버십 전용 ASMR영상 업로드&소통+닉네임 옆 특별 뱃지)\nhttps://www.youtube.com/channel/UCjypzyxU_p0_0ElbWSi8QQw/join\n\n●연츄로그 (일상채널)\nhttps://www.youtube.com/channel/UCbhbaBMBCIJRT0PPxsYrbhw\n\n●INSTAGRAM\nhttp://www.instagram.com/y.zzu\n\n●EMAIL(비즈니스문의)\nduswnk1002@naver.com\n\n●영상 자막 달아주기 (subtitles)\nhttp://www.youtube.com/timedtext_cs_panel?tab=2&c=UCjypzyxU_p0_0ElbWSi8QQw\n\n●대부분의 옷 정보\n(할인코드'연츄'입력 시 5%추가할인)\nhttps://www.seoulstore.com/\n\n●팬카페 츄랜드\nhttps://cafe.naver.com/yeonchuasmr\n\n●사서함\n서울 성동구 연무장15길 11 에스팩토리 B동 2층 (받는이:연츄)\n\n\n※ASMR이란?\n심리적 안정을 유도하는 영상입니다.\n힐링을 원하는 청취자들에게 안정감을 주고,불면증에 도움이 됩니다.",
        "thumbnail": "https://i.ytimg.com/vi/FW-LawbZ6uM/mqdefault.jpg",
        "youtubeVideoId": "FW-LawbZ6uM",
        "uploadedDate": "2019-04-09T11:04:01Z",
        "viewCount": 0,
        "isCommercial": "False"
    },
    {
        "id": "fe31e1fa-6925-4748-898e-428481c6c637",
        "title": "한국어 ASMR 편안한 풋케어샵 롤플레이 (씻고,발톱깎고,각질제거,발마사지,팩)_foot care shop roleplay",
        "description": "#ASMR#한국어ASMR#풋케어asmr\n한국어 ASMR 편안한 풋케어샵 롤플레이 (씻고,발톱깎고,각질제거,발마사지,팩)_foot care shop roleplay\n\n♡늘 좋은 꿈 꾸시고, 행복하세요♡\n\n\n*풋케어 제품 링크*\n\n▪️각질제거기\nhttps://smartstore.naver.com/jaymade/products/313922267\n▪️잇츠샤워타임\nhttps://smartstore.naver.com/jaymade/products/3186140899\n▪️보카스 발톱깎이 TNC-1000\nhttps://smartstore.naver.com/jaymade/products/312183647\n▪️무니바니 풋크림\nhttps://smartstore.naver.com/jaymade/products/2072611298\n▪️무니바니 풋마스크팩\nhttps://smartstore.naver.com/jaymade/products/2081425650\n\n●연츄채널 후원하기\n(매 달 한분을 선정하여 선물과 편지를 보내드려요)\nhttps://toon.at/donate/asmr_yeonchu\n\n●연츄채널 멤버십 가입\n(멤버십 전용 ASMR영상 업로드&소통+닉네임 옆 특별 뱃지)\nhttps://www.youtube.com/channel/UCjypzyxU_p0_0ElbWSi8QQw/join\n\n●연츄로그 (일상채널)\nhttps://www.youtube.com/channel/UCbhbaBMBCIJRT0PPxsYrbhw\n\n●INSTAGRAM\nhttp://www.instagram.com/y.zzu\n\n●EMAIL(비즈니스문의)\nduswnk1002@naver.com\n\n●영상 자막 달아주기 (subtitles)\nhttp://www.youtube.com/timedtext_cs_panel?tab=2&c=UCjypzyxU_p0_0ElbWSi8QQw\n\n●대부분의 옷 정보\n(할인코드'연츄'입력 시 5%추가할인)\nhttps://www.seoulstore.com/\n\n●팬카페 츄랜드\nhttps://cafe.naver.com/yeonchuasmr\n\n●사서함\n서울 성동구 연무장15길 11 에스팩토리 B동 2층 (받는이:연츄)\n\n\n※ASMR이란?\n심리적 안정을 유도하는 영상입니다.\n힐링을 원하는 청취자들에게 안정감을 주고,불면증에 도움이 됩니다.",
        "thumbnail": "https://i.ytimg.com/vi/iOBRaofjP1Y/mqdefault.jpg",
        "youtubeVideoId": "iOBRaofjP1Y",
        "uploadedDate": "2019-04-04T11:25:32Z",
        "viewCount": 0,
        "isCommercial": "False"
    },
    {
        "id": "3ec23e96-26d4-4ade-a77e-d93bc428f04c",
        "title": "한국어ASMR 여행가는 동생, 메이크업 해주고 옷 골라주기 롤플레이",
        "description": "#ASMR#한국어ASMR#메이크업ASMR\n\n▪️영상 속에 나온 옷들은 \"서울스토어\" 제품입니다.\n\n▪️친구할인코드 \"연츄\" 입력하면 추가 5%할인! \n\n▪️서울스토어 링크 : http://bit.ly/2BlgkFt\n\n▪️영상 속 제품 (연츄pick!) 링크 : http://bit.ly/2XuldoD\n\n\n♡늘 좋은 꿈 꾸시고, 행복하세요♡\n\n●연츄채널 후원하기\n(매 달 한분을 선정하여 선물과 편지를 보내드려요)\nhttps://toon.at/donate/asmr_yeonchu\n\n●연츄채널 멤버십 가입\n(멤버십 전용 ASMR영상 업로드&소통+닉네임 옆 특별 뱃지)\nhttps://www.youtube.com/channel/UCjypzyxU_p0_0ElbWSi8QQw/join\n\n●연츄로그 (일상채널)\nhttps://www.youtube.com/channel/UCbhbaBMBCIJRT0PPxsYrbhw\n\n●INSTAGRAM\nhttp://www.instagram.com/y.zzu\n\n●EMAIL(비즈니스문의)\nduswnk1002@naver.com\n\n●영상 자막 달아주기 (subtitles)\nhttp://www.youtube.com/timedtext_cs_panel?tab=2&c=UCjypzyxU_p0_0ElbWSi8QQw\n\n●대부분의 옷 정보\n(할인코드'연츄'입력 시 5%추가할인)\nhttps://www.seoulstore.com/\n\n●팬카페 츄랜드\nhttps://cafe.naver.com/yeonchuasmr\n\n●사서함\n서울 성동구 연무장15길 11 에스팩토리 B동 2층 (받는이:연츄)\n\n\n※ASMR이란?\n심리적 안정을 유도하는 영상입니다.\n힐링을 원하는 청취자들에게 안정감을 주고,불면증에 도움이 됩니다.",
        "thumbnail": "https://i.ytimg.com/vi/Tb3p42vvPYQ/mqdefault.jpg",
        "youtubeVideoId": "Tb3p42vvPYQ",
        "uploadedDate": "2019-03-19T11:30:39Z",
        "viewCount": 0,
        "isCommercial": "False"
    },
    {
        "id": "9c7ae05e-fb26-45eb-b904-d1c584940475",
        "title": "한국어ASMR 언니가 책 읽고 토닥토닥 재워줄게│재워주는 롤플레이",
        "description": "#ASMR#한국어ASMR#롤플레이\n한국어ASMR 언니가 책 읽고 토닥토닥 재워줄게│재워주는 롤플레이\n\n♡늘 좋은 꿈 꾸시고, 행복하세요♡\n\n●연츄채널 후원하기\n(매 달 한분을 선정하여 선물과 편지를 보내드려요)\nhttps://toon.at/donate/asmr_yeonchu\n\n●연츄채널 멤버십 가입\n(멤버십 전용 ASMR영상 업로드&소통+닉네임 옆 특별 뱃지)\nhttps://www.youtube.com/channel/UCjypzyxU_p0_0ElbWSi8QQw/join\n\n●연츄로그 (일상채널)\nhttps://www.youtube.com/channel/UCbhbaBMBCIJRT0PPxsYrbhw\n\n●INSTAGRAM\nhttp://www.instagram.com/y.zzu\n\n●EMAIL(비즈니스문의)\nduswnk1002@naver.com\n\n●영상 자막 달아주기 (subtitles)\nhttp://www.youtube.com/timedtext_cs_panel?tab=2&c=UCjypzyxU_p0_0ElbWSi8QQw\n\n●대부분의 옷 정보\n(할인코드'연츄'입력 시 5%추가할인)\nhttps://www.seoulstore.com/\n\n●팬카페 츄랜드\nhttps://cafe.naver.com/yeonchuasmr\n\n●사서함\n서울 성동구 연무장15길 11 에스팩토리 B동 2층 (받는이:연츄)\n\n\n※ASMR이란?\n심리적 안정을 유도하는 영상입니다.\n힐링을 원하는 청취자들에게 안정감을 주고,불면증에 도움이 됩니다.",
        "thumbnail": "https://i.ytimg.com/vi/hI7pAJCafyA/mqdefault.jpg",
        "youtubeVideoId": "hI7pAJCafyA",
        "uploadedDate": "2019-03-16T11:09:54Z",
        "viewCount": 0,
        "isCommercial": "False"
    },
    {
        "id": "681e0f08-7e2d-4cdc-90bc-9b84ac079374",
        "title": "한국어ASMR│귀 염증 수술 롤플레이│귀 치료,중이염 치료,귀청소,귀소독,귀수술",
        "description": "#ASMR#한국어ASMR#\n\n♡늘 좋은 꿈 꾸시고, 행복하세요♡\n\n\n00:00 간호사쌤한테 접수하고 간단상담\n01:58 의사쌤 만나서 상담\n05:59 마취주사(귀주사)\n09:00 수술준비\n09:25 귀소독\n10:37 수술\n14:12 염증 떼내기 (소리좋음)\n\n●연츄채널 후원하기\n(매 달 한분을 선정하여 선물과 편지를 보내드려요)\nhttps://toon.at/donate/asmr_yeonchu\n\n●연츄채널 멤버십 가입\n(멤버십 전용 ASMR영상 업로드&소통+닉네임 옆 특별 뱃지)\nhttps://www.youtube.com/channel/UCjypzyxU_p0_0ElbWSi8QQw/join\n\n●연츄로그 (일상채널)\nhttps://www.youtube.com/channel/UCbhbaBMBCIJRT0PPxsYrbhw\n\n●INSTAGRAM\nhttp://www.instagram.com/y.zzu\n\n●EMAIL(비즈니스문의)\nduswnk1002@naver.com\n\n●영상 자막 달아주기 (subtitles)\nhttp://www.youtube.com/timedtext_cs_panel?tab=2&c=UCjypzyxU_p0_0ElbWSi8QQw\n\n●대부분의 옷 정보\n(할인코드'연츄'입력 시 5%추가할인)\nhttps://www.seoulstore.com/\n\n●팬카페 츄랜드\nhttps://cafe.naver.com/yeonchuasmr\n\n●사서함\n서울 성동구 연무장15길 11 에스팩토리 B동 2층 (받는이:연츄)\n\n\n※ASMR이란?\n심리적 안정을 유도하는 영상입니다.\n힐링을 원하는 청취자들에게 안정감을 주고,불면증에 도움이 됩니다.\n\n한국어ASMR│귀 염증 수술 롤플레이│귀 치료,중이염 치료,귀청소,귀소독,귀수술",
        "thumbnail": "https://i.ytimg.com/vi/c8_FUrIgPxE/mqdefault.jpg",
        "youtubeVideoId": "c8_FUrIgPxE",
        "uploadedDate": "2019-03-14T12:17:50Z",
        "viewCount": 0,
        "isCommercial": "False"
    },
    {
        "id": "b1213313-9dd1-4feb-bc7c-08bf05cf18a9",
        "title": "ASMR♡Brother Earcleanig roleplay (Ear cleaning no talking)",
        "description": "1. Sponsoring\n\nhttps://toon.at/donate/asmr_yeonchu\n\nThe gift money is used to purchase equipment or props for good video production.\n\nA small gift and a letter are sent to one of the Tourist sponsors every month.\n\n\n\n\n1-1 yeonchuasmr membership (vip)\n\nhttps://www.youtube.com/channel/UCjypzyxU_p0_0ElbWSi8QQw/join\n\n1. Provides special VIP video only\n\n2. Special badges for VIP only (next to Nickname)\n\n3. Special emoticons for VIP only (on real-time broadcasting)\n\n\n\n\n2. Instagram\n\nhttp://www.instagram.com/yzzu\n\n\n\n\n\n\n\n3. mail (Advertising Inquiry)\n\nduswnk1002@naver.com\n\n\n\n\n\n\n\n4. Daily channel\n\nhttps://www.youtube.com/channel/UCbhbaBMBCIJRT0PPxsYrbhw\n\n\n\n\n\n\n\n5. yeonchu fan cafe\n\nhttps://cafe naver.com/yeonchuasmr\n\nIt allows for deeper and faster communication and often events. Thank you very much.♡  \n\nASMR♡Brother Earcleanig roleplay (Ear cleaning no talking)",
        "thumbnail": "https://i.ytimg.com/vi/sEvjIDyIJNY/mqdefault.jpg",
        "youtubeVideoId": "sEvjIDyIJNY",
        "uploadedDate": "2019-02-25T15:03:00Z",
        "viewCount": 0,
        "isCommercial": "False"
    }
]