[
    {
        "id": "ac345fc5-6c32-4368-b134-b0cfc10905b2",
        "title": "야! 사과해!",
        "description": "#shorts \n#밤양갱 #이담향 #눈싸람 \n\n\n🌰밤양갱생방송🌰: https://www.twitch.tv/bamyg96\n🌰밤양갱문의메일🌰: bamyangang42@gmail.com\n🌰밤양갱 인스타그램🌰: https://www.instagram.com/two._.weeks96",
        "thumbnail": "https://i.ytimg.com/vi/kH8rd__4mek/mqdefault.jpg",
        "youtubeVideoId": "kH8rd__4mek",
        "uploadedDate": "2022-07-28T06:51:24Z",
        "viewCount": 7149,
        "isCommercial": "False"
    },
    {
        "id": "cc42f5f8-0c1b-44e9-ac55-6c209c3decc0",
        "title": "밤동부 입사조건",
        "description": "행보카자 아프지망고\n\n#shorts \n#밤양갱 #와빌리지 \n\n🌰밤양갱생방송🌰: https://www.twitch.tv/bamyg96\n🌰밤양갱문의메일🌰: bamyangang42@gmail.com\n🌰밤양갱 인스타그램🌰: https://www.instagram.com/two._.weeks96",
        "thumbnail": "https://i.ytimg.com/vi/J8maYilfpzc/mqdefault.jpg",
        "youtubeVideoId": "J8maYilfpzc",
        "uploadedDate": "2022-07-28T06:52:05Z",
        "viewCount": 3459,
        "isCommercial": "False"
    },
    {
        "id": "d1238f92-8ded-44c9-9cd8-18b486e3f35b",
        "title": "나, 밤양갱, 춤신춤왕",
        "description": "#shorts \n#밤양갱 #핑군 #커버댄스 \n\n\n🌰밤양갱생방송🌰: https://www.twitch.tv/bamyg96\n🌰밤양갱문의메일🌰: bamyangang42@gmail.com\n🌰밤양갱 인스타그램🌰: https://www.instagram.com/two._.weeks96",
        "thumbnail": "https://i.ytimg.com/vi/KMHD4so8nK8/mqdefault.jpg",
        "youtubeVideoId": "KMHD4so8nK8",
        "uploadedDate": "2022-07-28T06:52:25Z",
        "viewCount": 3513,
        "isCommercial": "False"
    },
    {
        "id": "024f34ad-55ee-444f-94e9-4994d0bba22b",
        "title": "학창시절 우리모습",
        "description": "#shorts \n#밤양갱 #와빌리지 \n\n\n🌰밤양갱생방송🌰: https://www.twitch.tv/bamyg96\n🌰밤양갱문의메일🌰: bamyangang42@gmail.com\n🌰밤양갱 인스타그램🌰: https://www.instagram.com/two._.weeks96",
        "thumbnail": "https://i.ytimg.com/vi/j1uHxdzgtiM/mqdefault.jpg",
        "youtubeVideoId": "j1uHxdzgtiM",
        "uploadedDate": "2022-07-28T06:52:50Z",
        "viewCount": 2364,
        "isCommercial": "False"
    },
    {
        "id": "605e0b7a-030f-444a-a33e-2c66f2270cee",
        "title": "유튭각에 미친아이",
        "description": "#shorts \n#밤양갱 #이담향 \n\n\n🌰밤양갱생방송🌰: https://www.twitch.tv/bamyg96\n🌰밤양갱문의메일🌰: bamyangang42@gmail.com",
        "thumbnail": "https://i.ytimg.com/vi/nWre_WmdXuM/mqdefault.jpg",
        "youtubeVideoId": "nWre_WmdXuM",
        "uploadedDate": "2022-07-28T06:53:11Z",
        "viewCount": 3817,
        "isCommercial": "False"
    },
    {
        "id": "b602d820-ce56-4e3e-83f9-004dd66174a4",
        "title": "금휘는 목청이 참 좋아요",
        "description": "#shorts \n#밤양갱 #금휘 \n\n\n\n\n🌰밤양갱생방송🌰: https://www.twitch.tv/bamyg96\n🌰밤양갱문의메일🌰: bamyangang42@gmail.com",
        "thumbnail": "https://i.ytimg.com/vi/aZvJR6hUZDc/mqdefault.jpg",
        "youtubeVideoId": "aZvJR6hUZDc",
        "uploadedDate": "2022-07-28T06:53:30Z",
        "viewCount": 3438,
        "isCommercial": "False"
    },
    {
        "id": "03742a37-b87d-461a-9ed2-37f0c6c1e340",
        "title": "어디서나 당당하게 살라고 엄마가 그러셨어요",
        "description": "#shorts \n#밤양갱 #와빌리지 \n\n🌰밤양갱생방송🌰: https://www.twitch.tv/bamyg96\n🌰비즈니스문의🌰:  bamyangang42@gmail.com",
        "thumbnail": "https://i.ytimg.com/vi/yMeUsSwI3xw/mqdefault.jpg",
        "youtubeVideoId": "yMeUsSwI3xw",
        "uploadedDate": "2022-07-28T06:53:48Z",
        "viewCount": 3684,
        "isCommercial": "False"
    },
    {
        "id": "06b988f8-9b42-4e3e-a09f-9251f2e24dc7",
        "title": "병약미소녀 '이주씨'",
        "description": "#shorts \n#밤양갱 #김은별컴퍼니 #와나나 #워노구 #미미센세 #와빌리지 \n\n🌰밤양갱생방송🌰: https://www.twitch.tv/bamyg96",
        "thumbnail": "https://i.ytimg.com/vi/Z6JWlREvh1g/mqdefault.jpg",
        "youtubeVideoId": "Z6JWlREvh1g",
        "uploadedDate": "2022-07-28T06:54:12Z",
        "viewCount": 9227,
        "isCommercial": "False"
    },
    {
        "id": "fb24f9cd-d06b-4c68-a50e-e527a861ec12",
        "title": "숨이'턱'크쇼!",
        "description": "#shorts \n#밤양갱 #쫀득 #김준표 \n\n🌰밤양갱생방송🌰: https://www.twitch.tv/bamyg96",
        "thumbnail": "https://i.ytimg.com/vi/MO_dNUjhdIk/mqdefault.jpg",
        "youtubeVideoId": "MO_dNUjhdIk",
        "uploadedDate": "2022-07-28T06:54:28Z",
        "viewCount": 5543,
        "isCommercial": "False"
    },
    {
        "id": "4ccf07e9-0a83-4d24-a43b-f80456fe1ff4",
        "title": "'그들'의 대책이란?",
        "description": "#shorts \n#밤양갱 #와나나 #김은별컴퍼니 #워노구 #미미센세 #와빌리지 \n\n밤양갱생방송: https://www.twitch.tv/bamyg96",
        "thumbnail": "https://i.ytimg.com/vi/PZw9LiIopr0/mqdefault.jpg",
        "youtubeVideoId": "PZw9LiIopr0",
        "uploadedDate": "2022-07-28T06:54:44Z",
        "viewCount": 1492,
        "isCommercial": "False"
    },
    {
        "id": "e5851ff0-ca80-4cfa-b6e4-8424fb647f6b",
        "title": "부엉이불러\"조라\"",
        "description": "#shorts \n#밤양갱 #와빌리지 #부엉이 #커버",
        "thumbnail": "https://i.ytimg.com/vi/DphkU0cbYUk/mqdefault.jpg",
        "youtubeVideoId": "DphkU0cbYUk",
        "uploadedDate": "2022-07-28T06:55:05Z",
        "viewCount": 3968,
        "isCommercial": "False"
    },
    {
        "id": "138357c0-0bb3-45bf-9af6-3b7afefda890",
        "title": "어둠속의 대화",
        "description": "#shorts\n#밤양갱 #쫀득 #막이마기 #원정상",
        "thumbnail": "https://i.ytimg.com/vi/d5ytJH6WbIg/mqdefault.jpg",
        "youtubeVideoId": "d5ytJH6WbIg",
        "uploadedDate": "2022-07-28T06:55:23Z",
        "viewCount": 2228,
        "isCommercial": "False"
    },
    {
        "id": "6fdd2d5a-77ab-4c46-83bb-752b1ca8a77a",
        "title": "숨막히는 조합",
        "description": "#shorts\n#밤양갱 #쫀득 #막이마기 #원정상",
        "thumbnail": "https://i.ytimg.com/vi/UmHYbGoQ0Xw/mqdefault.jpg",
        "youtubeVideoId": "UmHYbGoQ0Xw",
        "uploadedDate": "2022-07-28T06:55:44Z",
        "viewCount": 8418,
        "isCommercial": "False"
    },
    {
        "id": "10d4fc05-937c-48ec-9ac1-8531179f1b3d",
        "title": "캌!퉤! 투투투투!",
        "description": "#shorts \n#밤양갱 #김은별컴퍼니 #푸린 #금휘",
        "thumbnail": "https://i.ytimg.com/vi/rLCc-drfP_o/mqdefault.jpg",
        "youtubeVideoId": "rLCc-drfP_o",
        "uploadedDate": "2022-07-28T06:56:02Z",
        "viewCount": 4953,
        "isCommercial": "False"
    },
    {
        "id": "19a627d1-ff97-462f-8391-5e2ddca1696e",
        "title": "이 아이.. 꽤나 단단해졌잖아..?",
        "description": "#shorts #밤양갱 #와빌리지 #금휘 #트위치",
        "thumbnail": "https://i.ytimg.com/vi/x8FRHONU-sk/mqdefault.jpg",
        "youtubeVideoId": "x8FRHONU-sk",
        "uploadedDate": "2022-07-28T06:56:22Z",
        "viewCount": 4884,
        "isCommercial": "False"
    },
    {
        "id": "3242904e-2e16-40b5-84ee-5e634a40db94",
        "title": "금휘가 밤양갱 슴가를 때린이유 2트(저화질로 인한 재업,,!)                         #밤양갱 #글라세 #shorts",
        "description": "",
        "thumbnail": "https://i.ytimg.com/vi/N0pbFQVpXcY/mqdefault.jpg",
        "youtubeVideoId": "N0pbFQVpXcY",
        "uploadedDate": "2022-07-28T06:56:37Z",
        "viewCount": 6719,
        "isCommercial": "False"
    },
    {
        "id": "64532458-09a6-4dec-ba6d-aab31c95e22e",
        "title": "밤동부회식 그 뒷이야기                     #밤양갱 #shorts",
        "description": "",
        "thumbnail": "https://i.ytimg.com/vi/LnSE-tIv_8k/mqdefault.jpg",
        "youtubeVideoId": "LnSE-tIv_8k",
        "uploadedDate": "2022-07-28T06:57:02Z",
        "viewCount": 2310,
        "isCommercial": "False"
    },
    {
        "id": "1d8b6b0b-93b3-4e92-803f-dfa809c2b559",
        "title": "아니야!!!!",
        "description": "#shorts \n#밤양갱 #글라세 #스티키밤\n\n\n\n🌰밤양갱생방송🌰: https://www.twitch.tv/bamyg96\n🌰밤양갱문의메일🌰: bamyangang42@gmail.com\n🌰밤양갱 인스타그램🌰: https://www.instagram.com/two._.weeks96",
        "thumbnail": "https://i.ytimg.com/vi/Mqs4MhFxbUs/mqdefault.jpg",
        "youtubeVideoId": "Mqs4MhFxbUs",
        "uploadedDate": "2022-08-07T05:16:59Z",
        "viewCount": 9021,
        "isCommercial": "False"
    },
    {
        "id": "9cd5798b-dae6-4f12-9348-3d5c90072e03",
        "title": "와! 방울토마토가 말을해!",
        "description": "#shorts \n#밤양갱 #와빌리지 \n\n\n🌰밤양갱생방송🌰: https://www.twitch.tv/bamyg96\n🌰밤양갱문의메일🌰: bamyangang42@gmail.com\n🌰밤양갱 인스타그램🌰: https://www.instagram.com/two._.weeks96",
        "thumbnail": "https://i.ytimg.com/vi/X2sSxgEqaew/mqdefault.jpg",
        "youtubeVideoId": "X2sSxgEqaew",
        "uploadedDate": "2022-08-11T04:11:33Z",
        "viewCount": 2179,
        "isCommercial": "False"
    },
    {
        "id": "2f55d8d6-21fe-4da7-8462-38fef64b11be",
        "title": "남자소개좀..ㅋㅋㅋㅋㅋ",
        "description": "#shorts \n#밤양갱 #와빌리지\n\n\n\n🌰밤양갱생방송🌰: https://www.twitch.tv/bamyg96\n🌰밤양갱문의메일🌰: bamyangang42@gmail.com\n🌰밤양갱 인스타그램🌰: https://www.instagram.com/two._.weeks96",
        "thumbnail": "https://i.ytimg.com/vi/tziux0lI1VM/mqdefault.jpg",
        "youtubeVideoId": "tziux0lI1VM",
        "uploadedDate": "2022-08-14T13:42:47Z",
        "viewCount": 10375,
        "isCommercial": "False"
    },
    {
        "id": "122bb4b3-1533-4bfc-9752-30b5129b4fef",
        "title": "본 방송에서는 볼 수 없는 '본업' 하는 나",
        "description": "#shorts \n#밤양갱 #요룰레히 #판소리 #첼로",
        "thumbnail": "https://i.ytimg.com/vi/s9_p31S7y5s/mqdefault.jpg",
        "youtubeVideoId": "s9_p31S7y5s",
        "uploadedDate": "2022-08-17T15:11:44Z",
        "viewCount": 5503,
        "isCommercial": "False"
    },
    {
        "id": "33099bf5-4e75-4c17-8253-426c728e23ab",
        "title": "대학원 오라는 트수?!ㅋㅋㅋㅋㅋ",
        "description": "#shorts \n#밤양갱 #와빌리지 \n\n\n\n\n🌰밤양갱생방송🌰: https://www.twitch.tv/bamyg96\n🌰밤양갱문의메일🌰: bamyangang42@gmail.com\n🌰밤양갱 인스타그램🌰: https://www.instagram.com/two._.weeks96",
        "thumbnail": "https://i.ytimg.com/vi/qwfqUp1PPEA/mqdefault.jpg",
        "youtubeVideoId": "qwfqUp1PPEA",
        "uploadedDate": "2022-08-22T02:08:48Z",
        "viewCount": 6470,
        "isCommercial": "False"
    },
    {
        "id": "20d2ac87-73b9-4176-865b-8c6e88f04a2f",
        "title": "이 악물고 만든 썸네일ㅋㅋㅋㅋㅋㅋㅋ",
        "description": "밤동부 화이팅 사랑해...?\n\n#shorts \n#밤양갱 #와빌리지 \n\n\n🌰밤양갱생방송🌰: https://www.twitch.tv/bamyg96\n🌰밤양갱문의메일🌰: bamyangang42@gmail.com\n🌰밤양갱 인스타그램🌰: https://www.instagram.com/two._.weeks96",
        "thumbnail": "https://i.ytimg.com/vi/GC-c3CRMplA/mqdefault.jpg",
        "youtubeVideoId": "GC-c3CRMplA",
        "uploadedDate": "2022-08-25T05:50:45Z",
        "viewCount": 7191,
        "isCommercial": "False"
    },
    {
        "id": "d15a6428-3e2a-40c8-83ca-fad7fa74affe",
        "title": "땡깡땡깡!!!!!!!",
        "description": "#shorts \n#밤양갱  #와빌리지 \n\n\n🌰밤양갱생방송🌰: https://www.twitch.tv/bamyg96\n🌰밤양갱문의메일🌰: bamyangang42@gmail.com\n🌰밤양갱 인스타그램🌰: https://www.instagram.com/two._.weeks96",
        "thumbnail": "https://i.ytimg.com/vi/TBum6uOZxeQ/mqdefault.jpg",
        "youtubeVideoId": "TBum6uOZxeQ",
        "uploadedDate": "2022-08-26T14:29:18Z",
        "viewCount": 5354,
        "isCommercial": "False"
    },
    {
        "id": "69097b2a-3fb0-4fee-b613-bcadf0861ca5",
        "title": "미미챤...날 그렇게 생각했던거야?",
        "description": "쏘큣\n\n#shorts \n#밤양갱 #미미짱 #와빌리지 \n\n\n\n🌰밤양갱생방송🌰: https://www.twitch.tv/bamyg96\n🌰밤양갱문의메일🌰: bamyangang42@gmail.com\n🌰밤양갱 인스타그램🌰: https://www.instagram.com/two._.weeks96",
        "thumbnail": "https://i.ytimg.com/vi/s9npuAfP3TU/mqdefault.jpg",
        "youtubeVideoId": "s9npuAfP3TU",
        "uploadedDate": "2022-08-31T03:32:53Z",
        "viewCount": 4049,
        "isCommercial": "False"
    },
    {
        "id": "82904848-a3d4-4170-a4d4-9a2ac6dc0e52",
        "title": "울지말고 얘기해보자!",
        "description": "#shorts \n#밤양갱  #와빌리지",
        "thumbnail": "https://i.ytimg.com/vi/lITPSqaiqNM/mqdefault.jpg",
        "youtubeVideoId": "lITPSqaiqNM",
        "uploadedDate": "2022-09-04T10:10:02Z",
        "viewCount": 2777,
        "isCommercial": "False"
    },
    {
        "id": "2421b441-aa01-4761-9bd4-efde0c8c0ab3",
        "title": "방송사고랄까;;;?",
        "description": "#shorts \n#밤양갱 #방송사고 \n\n\n🌰밤양갱생방송🌰: https://www.twitch.tv/bamyg96\n🌰밤양갱문의메일🌰: bamyangang42@gmail.com\n🌰밤양갱 인스타그램🌰: https://www.instagram.com/two._.weeks96",
        "thumbnail": "https://i.ytimg.com/vi/ZnzgaqOCHjg/mqdefault.jpg",
        "youtubeVideoId": "ZnzgaqOCHjg",
        "uploadedDate": "2022-09-08T05:01:04Z",
        "viewCount": 3591,
        "isCommercial": "False"
    },
    {
        "id": "ea7be789-441e-4b64-80e7-399848e6d4ed",
        "title": "리액션이 고장 나 버린 나",
        "description": "#shorts \n#밤양갱 #와나나 #와빌리지  \n\n\n\n🌰밤양갱생방송🌰: https://www.twitch.tv/bamyg96\n🌰밤양갱문의메일🌰: bamyangang42@gmail.com\n🌰밤양갱 인스타그램🌰: https://www.instagram.com/two._.weeks96",
        "thumbnail": "https://i.ytimg.com/vi/kd7P9Kjb3Js/mqdefault.jpg",
        "youtubeVideoId": "kd7P9Kjb3Js",
        "uploadedDate": "2022-09-12T04:23:13Z",
        "viewCount": 5037,
        "isCommercial": "False"
    },
    {
        "id": "aa80e5a9-9d9e-486f-8151-c263d98af965",
        "title": "에어로빅은 이렇게 하는겁니다!",
        "description": "#shorts \n#밤양갱  #에어로빅\n\n\n🌰밤양갱생방송🌰: https://www.twitch.tv/bamyg96\n🌰밤양갱문의메일🌰: bamyangang42@gmail.com\n🌰밤양갱 인스타그램🌰: https://www.instagram.com/two._.weeks96",
        "thumbnail": "https://i.ytimg.com/vi/oeraYLXMaV4/mqdefault.jpg",
        "youtubeVideoId": "oeraYLXMaV4",
        "uploadedDate": "2022-09-15T04:12:11Z",
        "viewCount": 1835,
        "isCommercial": "False"
    },
    {
        "id": "d626a74c-bbc3-413d-9fed-a6630f89d689",
        "title": "안보인다구요,,,",
        "description": "#shorts \n#밤양갱 #임주영 #합방 \n\n\n🌰밤양갱생방송🌰: https://www.twitch.tv/bamyg96\n🌰밤양갱문의메일🌰: bamyangang42@gmail.com\n🌰밤양갱 인스타그램🌰: https://www.instagram.com/two._.weeks96",
        "thumbnail": "https://i.ytimg.com/vi/e6gz8kEqY9E/mqdefault.jpg",
        "youtubeVideoId": "e6gz8kEqY9E",
        "uploadedDate": "2022-09-19T05:00:52Z",
        "viewCount": 23878,
        "isCommercial": "False"
    },
    {
        "id": "4696a962-2640-47e3-a672-4093a0611de2",
        "title": "팬티속에 '네' 립스틱",
        "description": "#shorts \n#밤양갱 #와빌리지 #마술사 #김준표 #이담향 \n\n\n🌰밤양갱생방송🌰: https://www.twitch.tv/bamyg96\n🌰밤양갱문의메일🌰: bamyangang42@gmail.com\n🌰밤양갱 인스타그램🌰: https://www.instagram.com/two._.weeks96",
        "thumbnail": "https://i.ytimg.com/vi/Yb83s5mXbpA/mqdefault.jpg",
        "youtubeVideoId": "Yb83s5mXbpA",
        "uploadedDate": "2022-09-22T03:23:01Z",
        "viewCount": 4951,
        "isCommercial": "False"
    },
    {
        "id": "67d824cf-e121-4535-9a5c-fdef5817de0e",
        "title": "다시 모인 세 자매!!",
        "description": "#shorts \n#밤양갱  #금휘 #안리나\n\n\n🌰밤양갱생방송🌰: https://www.twitch.tv/bamyg96\n🌰밤양갱문의메일🌰: bamyangang42@gmail.com\n🌰밤양갱 인스타그램🌰: https://www.instagram.com/two._.weeks96",
        "thumbnail": "https://i.ytimg.com/vi/uAdinTpXtig/mqdefault.jpg",
        "youtubeVideoId": "uAdinTpXtig",
        "uploadedDate": "2022-09-26T04:21:17Z",
        "viewCount": 12295,
        "isCommercial": "False"
    },
    {
        "id": "120ef88b-9039-4d17-bf67-017d3b19ed0d",
        "title": "방송 ㅈ됐다 진짜",
        "description": "#shorts \n#밤양갱 #금휘 #안리나\n\n\n\n🌰밤양갱생방송🌰: https://www.twitch.tv/bamyg96\n🌰밤양갱문의메일🌰: bamyangang42@gmail.com\n🌰밤양갱 인스타그램🌰: https://www.instagram.com/two._.weeks96",
        "thumbnail": "https://i.ytimg.com/vi/baNi-JkXe0M/mqdefault.jpg",
        "youtubeVideoId": "baNi-JkXe0M",
        "uploadedDate": "2022-09-28T06:04:32Z",
        "viewCount": 33154,
        "isCommercial": "False"
    },
    {
        "id": "dea66c5c-d636-42da-b54b-92a01e76c6a5",
        "title": "예쁜척을 못하겠어요....",
        "description": "#shorts \n#밤양갱 #남주영 #합방 \n\n\n\n🌰밤양갱생방송🌰: https://www.twitch.tv/bamyg96\n🌰밤양갱문의메일🌰: bamyangang42@gmail.com\n🌰밤양갱 인스타그램🌰: https://www.instagram.com/two._.weeks96",
        "thumbnail": "https://i.ytimg.com/vi/7Au9l6Icxlg/mqdefault.jpg",
        "youtubeVideoId": "7Au9l6Icxlg",
        "uploadedDate": "2022-10-02T12:33:15Z",
        "viewCount": 13959,
        "isCommercial": "False"
    },
    {
        "id": "120dc303-65a4-427e-86de-a67957b31100",
        "title": "이 합방은 망했습니다",
        "description": "#shorts \n#밤양갱 #눈싸람\n\n\n\n\n🌰밤양갱생방송🌰: https://www.twitch.tv/bamyg96\n🌰밤양갱문의메일🌰: bamyangang42@gmail.com\n🌰밤양갱 인스타그램🌰: https://www.instagram.com/two._.weeks96",
        "thumbnail": "https://i.ytimg.com/vi/HRpxaXvXpdI/mqdefault.jpg",
        "youtubeVideoId": "HRpxaXvXpdI",
        "uploadedDate": "2022-10-05T04:00:50Z",
        "viewCount": 6784,
        "isCommercial": "False"
    },
    {
        "id": "c4bd1a45-79ef-4992-a2f3-03b8c0ae8b2c",
        "title": "저는 내성적인 ISFP 입니다",
        "description": "#shorts \n#밤양갱 #와빌리지 #축제 \n\n\n\n🌰밤양갱생방송🌰: https://www.twitch.tv/bamyg96\n🌰밤양갱문의메일🌰: bamyangang42@gmail.com\n🌰밤양갱 인스타그램🌰: https://www.instagram.com/two._.weeks96",
        "thumbnail": "https://i.ytimg.com/vi/Pz9uP5A4hpk/mqdefault.jpg",
        "youtubeVideoId": "Pz9uP5A4hpk",
        "uploadedDate": "2022-10-09T13:46:03Z",
        "viewCount": 3387,
        "isCommercial": "False"
    },
    {
        "id": "6e4b61e3-2783-42ac-a9a8-df214f5a76ba",
        "title": "잠깐만,,,!!!",
        "description": "#shorts \n#밤양갱 #금휘 #푸린 \n\n\n예쁜댓글과 좋아요는 양갱이를 춤추게 해요💃\n\n🌰밤양갱생방송🌰: https://www.twitch.tv/bamyg96\n🌰밤양갱문의메일🌰: bamyangang42@gmail.com\n🌰밤양갱 인스타그램🌰: https://www.instagram.com/two._.weeks96",
        "thumbnail": "https://i.ytimg.com/vi/9NT8qznUvCc/mqdefault.jpg",
        "youtubeVideoId": "9NT8qznUvCc",
        "uploadedDate": "2022-10-13T03:01:52Z",
        "viewCount": 7262,
        "isCommercial": "False"
    },
    {
        "id": "09f7facb-2546-4d27-b80a-53452d35905d",
        "title": "좋은 말로 할 때 사과하란 말이야!!",
        "description": "#shorts \n#밤양갱 #트수 \n\n예쁜댓글과 좋아요는 양갱이를 춤추게 해요💃\n\n\n🌰밤양갱생방송🌰: https://www.twitch.tv/bamyg96\n🌰밤양갱문의메일🌰: bamyangang42@gmail.com\n🌰밤양갱 인스타그램🌰: https://www.instagram.com/two._.weeks96",
        "thumbnail": "https://i.ytimg.com/vi/LwTCjKiGMnY/mqdefault.jpg",
        "youtubeVideoId": "LwTCjKiGMnY",
        "uploadedDate": "2022-10-17T03:03:27Z",
        "viewCount": 5605,
        "isCommercial": "False"
    },
    {
        "id": "54304fb4-d34e-4a16-9686-6654cca51354",
        "title": "댄스1티어강사",
        "description": "#shorts \n#밤양갱 #라임양 \n\n\n예쁜댓글과 좋아요는 양갱이를 춤추게 해요💃\n\n\n🌰밤양갱생방송🌰: https://www.twitch.tv/bamyg96\n🌰밤양갱문의메일🌰: bamyangang42@gmail.com\n🌰밤양갱 인스타그램🌰: https://www.instagram.com/two._.weeks96",
        "thumbnail": "https://i.ytimg.com/vi/_naWQxBlOsE/mqdefault.jpg",
        "youtubeVideoId": "_naWQxBlOsE",
        "uploadedDate": "2022-10-23T09:18:08Z",
        "viewCount": 5829,
        "isCommercial": "False"
    },
    {
        "id": "e2fb22b8-e6e7-4694-bad5-1fb624008262",
        "title": "우리는 이것을 빨대라고 하기로 했어요",
        "description": "#shorts \n#밤양갱 #쫀득\n\n\n예쁜댓글과 좋아요는 양갱이를 춤추게 해요💃\n\n\n🌰밤양갱생방송🌰: https://www.twitch.tv/bamyg96\n🌰밤양갱문의메일🌰: bamyangang42@gmail.com\n🌰밤양갱 인스타그램🌰: https://www.instagram.com/two._.weeks96",
        "thumbnail": "https://i.ytimg.com/vi/3V_ffouL0DE/mqdefault.jpg",
        "youtubeVideoId": "3V_ffouL0DE",
        "uploadedDate": "2022-10-30T11:38:40Z",
        "viewCount": 9073,
        "isCommercial": "False"
    },
    {
        "id": "0943b245-7f04-477c-8910-0696d4efec05",
        "title": "술을 그만먹어야 할까봐",
        "description": "#shorts \n#밤양갱 #술주정 \n\n\n예쁜댓글과 좋아요는 양갱이를 춤추게 해요💃\n\n\n🌰밤양갱생방송🌰: https://www.twitch.tv/bamyg96\n🌰밤양갱문의메일🌰: bamyangang42@gmail.com\n🌰밤양갱 인스타그램🌰: https://www.instagram.com/two._.weeks96",
        "thumbnail": "https://i.ytimg.com/vi/_d1Mz7r0iug/mqdefault.jpg",
        "youtubeVideoId": "_d1Mz7r0iug",
        "uploadedDate": "2022-10-31T17:31:57Z",
        "viewCount": 8526,
        "isCommercial": "False"
    },
    {
        "id": "283f4928-dc61-4530-9fcd-9d2218a8a630",
        "title": "진결은 안받아요.",
        "description": "#shorts \n#밤양갱 #이담향 \n\n\n🌰밤양갱생방송🌰: https://www.twitch.tv/bamyg96\n🌰밤양갱문의메일🌰: bamyangang42@gmail.com\n🌰밤양갱 인스타그램🌰: https://www.instagram.com/two._.weeks96",
        "thumbnail": "https://i.ytimg.com/vi/YxWx7oyDTJI/mqdefault.jpg",
        "youtubeVideoId": "YxWx7oyDTJI",
        "uploadedDate": "2022-11-07T02:07:42Z",
        "viewCount": 9904,
        "isCommercial": "False"
    },
    {
        "id": "dd88bfac-e820-4253-ba70-d9f7a9bfc0bc",
        "title": "나..나도 추고싶다!!!",
        "description": "#shorts \n#밤양갱 #카라미 \n\n예쁜댓글과 좋아요는 양갱이를 춤추게 해요💃\n\n\n🌰밤양갱생방송🌰: https://www.twitch.tv/bamyg96\n🌰밤양갱문의메일🌰: bamyangang42@gmail.com\n🌰밤양갱 인스타그램🌰: https://www.instagram.com/two._.weeks96",
        "thumbnail": "https://i.ytimg.com/vi/lwuS82iftrA/mqdefault.jpg",
        "youtubeVideoId": "lwuS82iftrA",
        "uploadedDate": "2022-11-08T03:19:02Z",
        "viewCount": 4637,
        "isCommercial": "False"
    }
]