[
    {
        "id": "6d46f9f5-3128-4ddd-876e-4bc61034bb4c",
        "title": "사심가득 av남자배우 이상형월드컵 ㅎㅎ",
        "description": "♥생방송은 트위치에서♥\n♥방송시간 및 중요 공지는 트게더에! (아래링크 참조)♥\n(https://tgd.kr/s/geguleee?category=60540644)\n\n트위치 생방송 : https://www.twitch.tv/geguleee \n디스코드 : https://discord.gg/qKajHXA \n인스타그램 : @bbo9_me\n틱톡 : @bbo9_me\n광고 문의 : bbogumioffice@gmail.com\n\n#뽀구미 #이상형",
        "thumbnail": "https://i.ytimg.com/vi/zzMVL6aSzpE/mqdefault.jpg",
        "youtubeVideoId": "zzMVL6aSzpE",
        "uploadedDate": "2022-04-30T10:10:14Z",
        "viewCount": 69102,
        "isCommercial": "False"
    },
    {
        "id": "d04b3632-80f7-44ba-9a25-c19bb4c2bea8",
        "title": "눈썹 vs 돈까스",
        "description": "♥생방송은 트위치에서♥\n♥방송시간 및 중요 공지는 트게더에! (아래링크 참조)♥\n(https://tgd.kr/s/geguleee?category=60540644)\n\n트위치 : https://www.twitch.tv/geguleee \n디스코드: https://discord.gg/qKajHXA \n인스타그램 : @bbo9_me\n틱톡 : @bbo9_me\n\n#뽀구미 #다이어트 #공약",
        "thumbnail": "https://i.ytimg.com/vi/OkbmmGn5b0k/mqdefault.jpg",
        "youtubeVideoId": "OkbmmGn5b0k",
        "uploadedDate": "2022-04-30T11:28:03Z",
        "viewCount": 23530,
        "isCommercial": "False"
    },
    {
        "id": "e36ada9e-6a60-4063-90e9-f79608d522d6",
        "title": "너나 먹어라",
        "description": "♥방송 날짜: 2022. 5. 4.♥\n♥생방송은 트위치에서♥\n♥방송시간 및 중요 공지는 트게더에! (아래링크 참조)♥\n(https://tgd.kr/s/geguleee?category=60540644)\n\n트위치 생방송 : https://www.twitch.tv/geguleee \n인스타그램 : @bbo9_me\n틱톡 : @bbo9_me\n광고 문의 : bbogumioffice@gmail.com\n\n#뽀구미 #괴식 #이상형월드컵",
        "thumbnail": "https://i.ytimg.com/vi/hbvH6NyqT8M/mqdefault.jpg",
        "youtubeVideoId": "hbvH6NyqT8M",
        "uploadedDate": "2022-06-04T06:37:14Z",
        "viewCount": 52949,
        "isCommercial": "False"
    },
    {
        "id": "dc0e114f-1a9f-4601-b3ae-704d7d43efcb",
        "title": "카톡 자동완성 대참사 ㅋㅋㅋㅋ",
        "description": "♥방송 날짜: 2022. 5. 4.♥\n♥생방송은 트위치에서♥\n♥방송시간 및 중요 공지는 트게더에! (아래링크 참조)♥\n(https://tgd.kr/s/geguleee?category=60540644)\n\n트위치 생방송 : https://www.twitch.tv/geguleee \n인스타그램 : @bbo9_me\n틱톡 : @bbo9_me\n광고 문의 : bbogumioffice@gmail.com\n\n#뽀구미 #월드컵 #자동완성",
        "thumbnail": "https://i.ytimg.com/vi/92_fUjO4x-I/mqdefault.jpg",
        "youtubeVideoId": "92_fUjO4x-I",
        "uploadedDate": "2022-06-11T12:13:44Z",
        "viewCount": 45450,
        "isCommercial": "False"
    }
]