[
    {
        "id": "0a25b8af-5e9d-443f-9962-c3510f91a06d",
        "title": "찢는거 좋아해?미시 오피스 룩북을 하면서 상황극을! 스타킹 너무 좋고 - 마젠타",
        "description": "젠타의 생방송을 보고싶다면 트위치로!\n마젠타 트위치 채널: https://www.twitch.tv/magenta62\n젠타 구독해주기! (*ฅ́˘ฅ̀*)♡: https://bit.ly/2vb9Mp4\n\n마젠타 인스타그램: https://www.instagram.com/magenta_6262\n\n마젠타 팬카페: https://cafe.naver.com/magentacafe\n\n매일 방송시간 팬카페 공지!\n\n광고문의 : biz@pixelnetwork.co.kr\n\n------------------------------------------\n#lookbook #트위치 #마젠타\n------------------------------------------\n\n\n편집:ㅂㅎ",
        "thumbnail": "https://i.ytimg.com/vi/ew2c6Zy5KVE/mqdefault.jpg",
        "youtubeVideoId": "ew2c6Zy5KVE",
        "uploadedDate": "2021-12-24T10:43:17Z",
        "viewCount": 24530,
        "isCommercial": "False"
    },
    {
        "id": "a2dc4881-602b-480d-9e3d-5bf5a18eb743",
        "title": "Private video",
        "description": "This video is private.",
        "thumbnail": null,
        "youtubeVideoId": "lLFRwZLsYdA",
        "uploadedDate": "2021-07-12T08:51:34Z",
        "viewCount": 44595,
        "isCommercial": "False"
    },
    {
        "id": "495c97ed-cba8-4eb4-8eda-e0234180341e",
        "title": "Private video",
        "description": "This video is private.",
        "thumbnail": null,
        "youtubeVideoId": "nJiwkNUBHo4",
        "uploadedDate": "2021-05-26T11:08:52Z",
        "viewCount": 30697,
        "isCommercial": "False"
    },
    {
        "id": "687293a5-b855-4781-90f5-adef89084ce0",
        "title": "Private video",
        "description": "This video is private.",
        "thumbnail": null,
        "youtubeVideoId": "L_XbVAZL-L8",
        "uploadedDate": "2021-05-18T11:17:57Z",
        "viewCount": 74171,
        "isCommercial": "False"
    },
    {
        "id": "0b069916-f0df-48b6-9eef-761c314ce80c",
        "title": "Private video",
        "description": "This video is private.",
        "thumbnail": null,
        "youtubeVideoId": "Nh9EqrnTitk",
        "uploadedDate": "2021-02-13T10:40:15Z",
        "viewCount": 424535,
        "isCommercial": "False"
    },
    {
        "id": "3f996bbd-f626-452e-9ef8-89e1b1e6ad1a",
        "title": "Private video",
        "description": "This video is private.",
        "thumbnail": null,
        "youtubeVideoId": "bv_1JTY4SOk",
        "uploadedDate": "2021-01-25T08:58:27Z",
        "viewCount": 324336,
        "isCommercial": "False"
    },
    {
        "id": "957ad953-bbc8-4e73-9dfc-341dcb2659e0",
        "title": "Private video",
        "description": "This video is private.",
        "thumbnail": null,
        "youtubeVideoId": "l2a90a6pg1Q",
        "uploadedDate": "2021-01-10T10:13:50Z",
        "viewCount": 1030945,
        "isCommercial": "False"
    },
    {
        "id": "b8de1a6f-3444-4d03-8858-a9708e9b8070",
        "title": "Private video",
        "description": "This video is private.",
        "thumbnail": null,
        "youtubeVideoId": "_mk5Q7_0ykM",
        "uploadedDate": "2021-01-10T10:13:41Z",
        "viewCount": 701314,
        "isCommercial": "False"
    },
    {
        "id": "16779ec0-9108-47af-b946-a298e7ab9f02",
        "title": "Private video",
        "description": "This video is private.",
        "thumbnail": null,
        "youtubeVideoId": "isqzG7J6ZD8",
        "uploadedDate": "2021-01-10T10:13:32Z",
        "viewCount": 894610,
        "isCommercial": "False"
    }
]