[
    {
        "id": "9c0e5402-8919-4f34-a122-c5ea02ccb46a",
        "title": "첫 자취방 집들이에 남자친구를 불러보았어요 │복층오피스텔 랜선 집들이, 브이로그│",
        "description": "이 정도 어그로는 인정해주세요 나도 먹고살자 알겠냐?\n-\n안녕하세요! 트위치 스트리머 뽀구미 입니당!\n구독과 좋아요 많이 부탁드립니다.\n-\ninstargram: https://www.instagram.com/bbo9_me/?hl=ko\ntwitch: https://www.twitch.tv/geguleee",
        "thumbnail": "https://i.ytimg.com/vi/SqL-8Ah2ufU/mqdefault.jpg",
        "youtubeVideoId": "SqL-8Ah2ufU",
        "uploadedDate": "2021-01-04T20:49:02Z",
        "viewCount": 14284,
        "isCommercial": "False"
    },
    {
        "id": "9194a0a2-2da0-4708-9919-34d16853a8f8",
        "title": "비행기 티켓 줄테니까 제주도 가서 쉬고 오라구요? 바로 가야지ㅋㅋㅋ | 🌴제주도 여행 브이로그 |",
        "description": "즉석으로 갔던 제주도 여행!! 여러분 덕분에 잘 쉬고 왔슴다 사랑해여\n\n♥생방송은 트위치에서♥\n♥방송시간 및 중요 공지는 트게더에! (아래링크 참조)♥\n(https://tgd.kr/s/geguleee?category=60540644)\n\n트위치 : https://www.twitch.tv/geguleee\n디스코드: https://discord.gg/qKajHXA\n인스타그램 : @bbo9_me\n틱톡 : @bbo9_me\n\n#뽀구미 #제주도 #야방",
        "thumbnail": "https://i.ytimg.com/vi/YxQQnn22RXI/mqdefault.jpg",
        "youtubeVideoId": "YxQQnn22RXI",
        "uploadedDate": "2021-07-11T08:38:25Z",
        "viewCount": 2020,
        "isCommercial": "False"
    },
    {
        "id": "2ed37470-f7bb-4427-b64e-97c37f2edcbe",
        "title": "뽀구미 차공개!! | 포르쉐 박스터 gts 4.0 언박싱!!",
        "description": "♥생방송은 트위치에서♥\n♥방송시간 및 중요 공지는 트게더에! (아래링크 참조)♥\n(https://tgd.kr/s/geguleee?category=60540644)\n\n트위치 생방송 : https://www.twitch.tv/geguleee \n디스코드 : https://discord.gg/qKajHXA \n인스타그램 : @bbo9_me\n틱톡 : @bbo9_me\n광고 문의 : bbogumioffice@gmail.com\n\n#뽀구미 #포르쉐 #차공개",
        "thumbnail": "https://i.ytimg.com/vi/lv9Z0H3-yBA/mqdefault.jpg",
        "youtubeVideoId": "lv9Z0H3-yBA",
        "uploadedDate": "2022-04-30T10:02:38Z",
        "viewCount": 116171,
        "isCommercial": "False"
    },
    {
        "id": "8b0b5bfd-5c48-4c6a-9d50-08ead2885dd5",
        "title": "제 남자친구를 자취방에 불렀습니다 | 뽀구미 13평 1.5룸 자취방 랜선집들이",
        "description": "♥생방송은 트위치에서♥\n♥방송시간 및 중요 공지는 트게더에! (아래링크 참조)♥\n(https://tgd.kr/s/geguleee?category=60540644)\n\n트위치 : https://www.twitch.tv/geguleee\n디스코드: https://discord.gg/qKajHXA\n인스타그램 : @bbo9_me\n틱톡 : @bbo9_me\n\n#뽀구미 #랜선집들이 #오피스텔",
        "thumbnail": "https://i.ytimg.com/vi/Xndi4cBmf-M/mqdefault.jpg",
        "youtubeVideoId": "Xndi4cBmf-M",
        "uploadedDate": "2022-04-30T11:30:40Z",
        "viewCount": 6579,
        "isCommercial": "False"
    },
    {
        "id": "6879e275-514f-488e-a657-21d98015322b",
        "title": "독거노인 분들께 굿즈 수익금 기부합니다",
        "description": "제 슬리퍼를 구매하시면 독거노인분들에게 기부되는거 잊지마시구~\n이 슬리퍼를 어떻게 구매하느냐!!\n\nhttps://www.wadiz.kr/web/campaign/detail/154719\n와디즈에서 뽀구미를 검색하시면 펀딩을 바로 시작하실 수 있습니다!!\n펀딩 금액 3백만원부터 결제 및 배송이 이루어집니다!! (얼마 안남았어요!!)\n상품에 대한 자세한 내용은 링크를 접속하셔서 보시면 됩니다!\n(사이즈는 기존 230~270 에서 230~310으로 변경 되었습니다)\n\n펀딩 기간 : 2022.08.04-2022.08.18\n\n\n★가격이 부담이신 분들을 위해!! 쿠폰 발급 방법★\n\n***인플루언서 기획전 전용 쿠폰***\n\n인플루언서 기획전 선착순 5000명에게 드리는 5,000원 쿠폰 (3만원 이상 펀딩 시 사용)\n발급 방법은 와디즈 로그인-마이페이지-쿠폰 탭-쿠폰 발급-펀딩 참여-쿠폰 사용\n\n***신규 가입자분들의 와디즈 첫 펀딩 쿠폰***\n\n5만원 이상 펀딩시 첫 구매 쿠폰을 받아 사용 할 수 있습니다.(10% 할인, 최대 1만원)\n단품(25500원) 2550원, 세트(50,500원) 5050원 할인 혜택을 받으실 수 있습니다.\n발급 링크: https://www.wadiz.kr/web/wevent/firstfunding?_refer_section_st=RB3_0\n\n와디즈 친구초대(신규 가입) 시 서로에게 5000포인트씩 지급이 됩니다. 포인트 같은 경우 쿠폰과 함께 중복 사용이 가능합니다.\n링크: https://www.wadiz.kr/web/event/invitation\n\n\n[한국사회공헌협회]와 함께하는 [예쁘잖아 캠페인] 많은 관심과 참여 부탁드립니다!",
        "thumbnail": "https://i.ytimg.com/vi/aSMvnpu6SWc/mqdefault.jpg",
        "youtubeVideoId": "aSMvnpu6SWc",
        "uploadedDate": "2022-08-05T12:28:16Z",
        "viewCount": 9402,
        "isCommercial": "False"
    }
]