[
    {
        "id": "2cb8c085-1921-43ad-bfd8-89e633002ad1",
        "title": "Not a Love Song (사랑 없는 노래)",
        "description": "Provided to YouTube by MUSIC&NEW\n\nNot a Love Song (사랑 없는 노래) · IGWI\n\nReal:Time:Love 3 (Original Television Soundtrack) Pt. 1\n\n℗ MUSIC&NEW\n\nReleased on: 2020-08-21\n\nAuto-generated by YouTube.",
        "thumbnail": "https://i.ytimg.com/vi/PydImzVPj7I/mqdefault.jpg",
        "youtubeVideoId": "PydImzVPj7I",
        "uploadedDate": "2022-05-24T15:18:15Z",
        "viewCount": 0,
        "isCommercial": "False"
    },
    {
        "id": "b3db4ec3-22f1-4cc9-917c-05f410c494bd",
        "title": "별 보러 갈래?",
        "description": "Provided to YouTube by NHN BUGS\n\n별 보러 갈래? · 볼빨간사춘기\n\n사춘기집Ⅰ 꽃기운\n\n℗ 쇼파르뮤직\n\nReleased on: 2019-04-02\n\nAuto-generated by YouTube.",
        "thumbnail": "https://i.ytimg.com/vi/_PW6rmFR1z0/mqdefault.jpg",
        "youtubeVideoId": "_PW6rmFR1z0",
        "uploadedDate": "2022-05-24T15:18:15Z",
        "viewCount": 60421,
        "isCommercial": "False"
    },
    {
        "id": "d9de3b39-30fd-43c7-88ce-c9d0b9483337",
        "title": "Perhaps love",
        "description": "Provided to YouTube by GENIE MUSIC\n\nPerhaps love · IGWI\n\nPerhaps love\n\n℗ 2021 BEYOND LOVE under licence to Genie Music Corporation\n\nReleased on: 2021-12-16\n\nLyricist: 팝기우, JURIN\nComposer: 팝기우\nArranger: 팝기우\n\nAuto-generated by YouTube.",
        "thumbnail": "https://i.ytimg.com/vi/SxNc37nMCVA/mqdefault.jpg",
        "youtubeVideoId": "SxNc37nMCVA",
        "uploadedDate": "2022-05-24T15:18:15Z",
        "viewCount": 0,
        "isCommercial": "False"
    },
    {
        "id": "972c0f35-5bf1-4649-abdd-d7ee3be99197",
        "title": "DrunKen Confession",
        "description": "Provided to YouTube by WM Korea\n\nDrunKen Confession · Kim Min Seok\n\nDrunKen Confession\n\n℗ 2021 PROJECT RE:BORN\n\nArranger: AIMING\nProgrammer: AIMING\nVocals: Kim Min Seok\nComposer, Lyricist: Kim Hyesun\n\nAuto-generated by YouTube.",
        "thumbnail": "https://i.ytimg.com/vi/dUeqX--Gesc/mqdefault.jpg",
        "youtubeVideoId": "dUeqX--Gesc",
        "uploadedDate": "2022-05-24T15:18:15Z",
        "viewCount": 0,
        "isCommercial": "False"
    },
    {
        "id": "da42ae39-8724-43fe-8d95-752e1da094a6",
        "title": "폰서트 Phonecert",
        "description": "Provided to YouTube by Poclanos (주식회사 포크라노스)\n\n폰서트 Phonecert · 10cm\n\n4.0\n\n℗ 2017 Magic Strawberry Sound\n\nReleased on: 2017-09-01\n\nProducer: 10cm\nProducer: 이요한 Lee Yohan\nComposer: 10cm\nLyricist: 10cm\nMusic  Publisher: Poclanos\n\nAuto-generated by YouTube.",
        "thumbnail": "https://i.ytimg.com/vi/txi3VEdStJ4/mqdefault.jpg",
        "youtubeVideoId": "txi3VEdStJ4",
        "uploadedDate": "2022-05-24T15:18:15Z",
        "viewCount": 8927090,
        "isCommercial": "False"
    },
    {
        "id": "0bf23e59-f432-45d6-ad73-468da22fe903",
        "title": "넌 나 어때",
        "description": "Provided to YouTube by Re-one sensation\n\n넌 나 어때 · 406호 프로젝트\n\n넌 나 어때\n\n℗ 퍼플파인 엔터테인먼트\n\nReleased on: 2014-07-10\n\nAuto-generated by YouTube.",
        "thumbnail": "https://i.ytimg.com/vi/F3Gj8fXHmY4/mqdefault.jpg",
        "youtubeVideoId": "F3Gj8fXHmY4",
        "uploadedDate": "2022-05-24T15:18:15Z",
        "viewCount": 0,
        "isCommercial": "False"
    },
    {
        "id": "71387edf-9fed-4799-99e6-775fc74e4901",
        "title": "보통연애",
        "description": "Provided to YouTube by CJ E&M Music\n\n보통연애 · 박경 (블락비) Park Kyung (Block B)\n\n보통연애 Ordinary Love\n\n℗ CJ E&M\n\nReleased on: 2015-09-21\n\nAuto-generated by YouTube.",
        "thumbnail": "https://i.ytimg.com/vi/ULnY74ZFZgM/mqdefault.jpg",
        "youtubeVideoId": "ULnY74ZFZgM",
        "uploadedDate": "2022-05-24T15:18:15Z",
        "viewCount": 2664278,
        "isCommercial": "False"
    },
    {
        "id": "e06d7114-133b-44ec-8409-497e0b86cfac",
        "title": "Slightly Tipsy (She is My Type♡ X SANDEUL) (취기를 빌려 (취향저격 그녀 X 산들))",
        "description": "Provided to YouTube by Loen Entertainment Inc\n\nSlightly Tipsy (She is My Type♡ X SANDEUL) (취기를 빌려 (취향저격 그녀 X 산들)) · SANDEUL\n\nSlightly Tipsy (She is My Type♡ X SANDEUL)\n\n℗ 2020 TOON STUDIO,under license to Kakao M Corp.\n\nReleased on: 2020-07-20\n\nAuthor: 새봄 (saevom)\nComposer: 새봄 (saevom)\nArranger: 박민주\n\nAuto-generated by YouTube.",
        "thumbnail": "https://i.ytimg.com/vi/2COAu1l6hUQ/mqdefault.jpg",
        "youtubeVideoId": "2COAu1l6hUQ",
        "uploadedDate": "2022-05-24T15:18:15Z",
        "viewCount": 0,
        "isCommercial": "False"
    },
    {
        "id": "3dbcb7c1-f09a-4c59-b7a7-139dae69ebd7",
        "title": "Let's Go To Han River (한강으로 가자)",
        "description": "Provided to YouTube by CONSALAD\n\nLet's Go To Han River (한강으로 가자) · 0720\n\nTwinkle\n\n℗ 미러볼 뮤직\n\nReleased on: 2017-12-22\n\nLyricist: Lee Sehwan\nLyricist: Eniac\nLyricist: Lim Dong Hyun\nComposer: Lim Dong Hyun\nComposer: Eniac\nComposer: Lee Sehwan\nArranger: Lee Sehwan\nArranger: Eniac\nArranger: Lim Dong Hyun\n\nAuto-generated by YouTube.",
        "thumbnail": "https://i.ytimg.com/vi/4oBxsmbAMps/mqdefault.jpg",
        "youtubeVideoId": "4oBxsmbAMps",
        "uploadedDate": "2022-05-24T15:18:15Z",
        "viewCount": 0,
        "isCommercial": "False"
    },
    {
        "id": "2e7acc8f-d861-4423-a933-fedf05650d0e",
        "title": "We don't talk together (Feat. 기리보이) (Prod. SUGA)",
        "description": "Provided to YouTube by Genie Music\n\nWe don't talk together (Feat. 기리보이) (Prod. SUGA) · 헤이즈 (Heize)\n\nWe don't talk together\n\n℗ Genie Music Corporation\n\nReleased on: 2019-07-07\n\nAuto-generated by YouTube.",
        "thumbnail": "https://i.ytimg.com/vi/RCNV7gPI7Zc/mqdefault.jpg",
        "youtubeVideoId": "RCNV7gPI7Zc",
        "uploadedDate": "2022-05-24T15:18:15Z",
        "viewCount": 0,
        "isCommercial": "False"
    },
    {
        "id": "cb3d97f9-4614-429d-8565-4d5324e2e828",
        "title": "Don't run away (도망가지마)",
        "description": "Provided to YouTube by Kakao M\n\nDon't run away (도망가지마) · Motte(모트)\n\nA-TEEN Part.4\n\n℗ PLAYLIST\n\nReleased on: 2018-09-16\n\nAuto-generated by YouTube.",
        "thumbnail": "https://i.ytimg.com/vi/Xu56OVkwdXw/mqdefault.jpg",
        "youtubeVideoId": "Xu56OVkwdXw",
        "uploadedDate": "2022-05-24T15:18:15Z",
        "viewCount": 0,
        "isCommercial": "False"
    },
    {
        "id": "5cdd20b3-3ab4-4672-86d8-3f29f9f3b025",
        "title": "YESTERDAY",
        "description": "Provided to YouTube by CJ E&M Music\n\nYESTERDAY · 블락비 Block B\n\nYESTERDAY\n\n℗ CJ E&M MUSIC\n\nReleased on: 2017-02-06\n\nAuto-generated by YouTube.",
        "thumbnail": "https://i.ytimg.com/vi/Fplzpki9Fgw/mqdefault.jpg",
        "youtubeVideoId": "Fplzpki9Fgw",
        "uploadedDate": "2022-05-24T15:18:15Z",
        "viewCount": 0,
        "isCommercial": "False"
    },
    {
        "id": "48f0cf8a-4c5f-44f2-b521-2fb8d4e0ed24",
        "title": "How Can I Do",
        "description": "Provided to YouTube by Poclanos (주식회사 포크라노스)\n\nHow Can I Do · CHEEZE\n\nQ\n\n℗ 2016 Magic Strawberry Sound\n\nReleased on: 2016-06-16\n\nMixer: Cloud\nProducer: CHEEZE\nComposer: CHEEZE\nLyricist: Dalchong\nMusic Publisher: Poclanos\n\nAuto-generated by YouTube.",
        "thumbnail": "https://i.ytimg.com/vi/Rj1UQMOW8Vk/mqdefault.jpg",
        "youtubeVideoId": "Rj1UQMOW8Vk",
        "uploadedDate": "2022-05-24T15:18:15Z",
        "viewCount": 0,
        "isCommercial": "False"
    },
    {
        "id": "b88b0b7f-85a0-4529-8512-fdf78c971b58",
        "title": "You (=I)",
        "description": "Provided to YouTube by NHN BUGS\n\nYou (=I) · 볼빨간사춘기\n\nFull Album RED PLANET\n\n℗ 쇼파르뮤직\n\nReleased on: 2016-08-29\n\nAuto-generated by YouTube.",
        "thumbnail": "https://i.ytimg.com/vi/c0QEK8ZH5DU/mqdefault.jpg",
        "youtubeVideoId": "c0QEK8ZH5DU",
        "uploadedDate": "2022-05-24T15:18:15Z",
        "viewCount": 709871,
        "isCommercial": "False"
    },
    {
        "id": "b572ce10-0fc5-4c99-bf31-f3988970fb81",
        "title": "Maybe",
        "description": "Provided to YouTube by GENIE MUSIC\n\nMaybe · IGWI\n\nMaybe\n\n℗ 2021 BEYOND LOVE\n\nReleased on: 2021-07-20\n\nAuto-generated by YouTube.",
        "thumbnail": "https://i.ytimg.com/vi/jj0IDmO9YXs/mqdefault.jpg",
        "youtubeVideoId": "jj0IDmO9YXs",
        "uploadedDate": "2022-05-24T15:18:15Z",
        "viewCount": 0,
        "isCommercial": "False"
    },
    {
        "id": "5d894258-997f-4988-8424-95fc01e77eb5",
        "title": "Pet",
        "description": "Provided to YouTube by Poclanos (주식회사 포크라노스)\n\nPet · 10cm\n\n4.0\n\n℗ 2017 Magic Strawberry Sound\n\nReleased on: 2017-09-01\n\nProducer: 10cm\nProducer: 이요한 Lee Yohan\nComposer: 10cm\nLyricist: 10cm\nMusic  Publisher: Poclanos\n\nAuto-generated by YouTube.",
        "thumbnail": "https://i.ytimg.com/vi/d_x9wxAVMQM/mqdefault.jpg",
        "youtubeVideoId": "d_x9wxAVMQM",
        "uploadedDate": "2022-05-24T15:18:15Z",
        "viewCount": 2515076,
        "isCommercial": "False"
    },
    {
        "id": "c12d9556-f418-49e9-ae07-a0605aa4b1e9",
        "title": "자격지심 (Feat. 은하 of 여자친구) Inferiority Complex (Feat. Eunha)",
        "description": "Provided to YouTube by CJ E&M Music\n\n자격지심 (Feat. 은하 of 여자친구) Inferiority Complex (Feat. Eunha) · 박경 Park Kyung\n\n자격지심 Inferiority Complex\n\n℗ CJ E*M\n\nReleased on: 2016-05-25\n\nAuto-generated by YouTube.",
        "thumbnail": "https://i.ytimg.com/vi/3aj3rwbdCg0/mqdefault.jpg",
        "youtubeVideoId": "3aj3rwbdCg0",
        "uploadedDate": "2022-05-24T15:18:15Z",
        "viewCount": 1098585,
        "isCommercial": "False"
    },
    {
        "id": "059bb562-3156-46da-86e4-8cd2905479fc",
        "title": "SODA (feat. 1ho, 0back)",
        "description": "Provided to YouTube by WM Korea\n\nSODA (feat. 1ho, 0back) · Airman · 0back · 1ho\n\nMusic Paper\n\n℗ 2020 Air Music\n\nVocals: 0back\nVocals: 1ho\nProducer: Airman\nVocals: Airman\nGuitar: Park Teajin\nComposer, Lyricist: T. Kwak\n\nAuto-generated by YouTube.",
        "thumbnail": "https://i.ytimg.com/vi/C-XZO1p47OU/mqdefault.jpg",
        "youtubeVideoId": "C-XZO1p47OU",
        "uploadedDate": "2022-05-24T15:18:15Z",
        "viewCount": 0,
        "isCommercial": "False"
    },
    {
        "id": "6c8948ff-492d-47fe-8f31-571c98f8ed4e",
        "title": "Way Back Home (2021)",
        "description": "Provided to YouTube by WM Korea\n\nWay Back Home (2021) · LUNCH\n\nWay Back Home (2021)\n\n℗ 2021 Recipe Music\n\nOrchestrator: Hyun Jiwoong\nGuitar: Kwon Haneol\nVocals: LUNCH\nDrums: SHAUN\nProducer: SHAUN\nLyricist: JQ\nLyricist: Makemine Works\nComposer: SHAUN\n\nAuto-generated by YouTube.",
        "thumbnail": "https://i.ytimg.com/vi/_nBfOUhQOyk/mqdefault.jpg",
        "youtubeVideoId": "_nBfOUhQOyk",
        "uploadedDate": "2022-05-24T15:18:15Z",
        "viewCount": 0,
        "isCommercial": "False"
    },
    {
        "id": "6818440f-ed78-4553-81b4-4cd82aad0a3d",
        "title": "dlwlrma (이 지금)",
        "description": "Provided to YouTube by Kakao Entertainment\n\ndlwlrma (이 지금) · IU\n\nPalette\n\n℗ 2018 Fave Entertainment,under license to Kakao Entertainment\n\nReleased on: 2017-04-21\n\nAuto-generated by YouTube.",
        "thumbnail": "https://i.ytimg.com/vi/8ykMyNHAdKk/mqdefault.jpg",
        "youtubeVideoId": "8ykMyNHAdKk",
        "uploadedDate": "2022-05-24T15:18:15Z",
        "viewCount": 3045152,
        "isCommercial": "False"
    },
    {
        "id": "c6cd3254-5198-407d-90fe-c767a05ee4f7",
        "title": "니가 보고싶은 밤 The Night I Miss You",
        "description": "Provided to YouTube by Poclanos (주식회사 포크라노스)\n\n니가 보고싶은 밤 The Night I Miss You · 윤딴딴 Yun Ddan Ddan\n\n니가 보고싶은 밤 The Night I Miss You\n\n℗ 2017 DDanDDan People\n\nReleased on: 2017-02-20\n\nMusic  Publisher: Poclanos\nComposer: 윤딴딴 Yun Ddan Ddan\nLyricist: 윤딴딴 Yun Ddan Ddan\n\nAuto-generated by YouTube.",
        "thumbnail": "https://i.ytimg.com/vi/HPQYPYiDxtI/mqdefault.jpg",
        "youtubeVideoId": "HPQYPYiDxtI",
        "uploadedDate": "2022-05-24T15:18:15Z",
        "viewCount": 0,
        "isCommercial": "False"
    },
    {
        "id": "db04f90b-d989-4615-b3bf-57e4edebf54f",
        "title": "이럴거면 그러지말지 Shouldn't Have… (Feat. Young K)",
        "description": "Provided to YouTube by JYP Entertainment\n\n이럴거면 그러지말지 Shouldn't Have… (Feat. Young K) · Baek A Yeon\n\n이럴거면 그러지말지 Shouldn't Have…\n\n℗ 2015 JYP Entertainment\n\nReleased on: 2015-05-20\n\nMixer: 이태섭 at JYPE Studios\nMusic  Publisher: 심은지\nComposer: 심은지, 백아연\nLyricist: 심은지, 백아연, Young K\n\nAuto-generated by YouTube.",
        "thumbnail": "https://i.ytimg.com/vi/PDHAB40wzvM/mqdefault.jpg",
        "youtubeVideoId": "PDHAB40wzvM",
        "uploadedDate": "2022-05-24T15:18:15Z",
        "viewCount": 0,
        "isCommercial": "False"
    },
    {
        "id": "bca09bbe-4144-4300-a66f-5e59430e0daa",
        "title": "Cocktail Love (feat. Uyeon)",
        "description": "Provided to YouTube by WM Korea\n\nCocktail Love (feat. Uyeon) · Lokid · Uyeon\n\nCocktail Love (I Want Be A Good Person Only For You X Lokid)\n\n℗ 2021 PROJECT RE:BORN\n\nVocals: Lokid\nProducer: SUNNYSIDEMJ\nArranger: Sukiee\nBass, Drums, Piano, Synthesizer: Sukiee\nVocals: Uyeon\nComposer, Lyricist: Kim Sun Min\n\nAuto-generated by YouTube.",
        "thumbnail": "https://i.ytimg.com/vi/hAzpd59SLYA/mqdefault.jpg",
        "youtubeVideoId": "hAzpd59SLYA",
        "uploadedDate": "2022-05-24T15:18:15Z",
        "viewCount": 0,
        "isCommercial": "False"
    },
    {
        "id": "3885f2bd-3532-4236-8d67-770bea2e0559",
        "title": "안녕 Hello",
        "description": "Provided to YouTube by SM Entertainment\n\n안녕 Hello · JOY\n\n안녕 Hello - Special Album\n\n℗ 2021 SM Entertainment\n\nReleased on: 2021-05-31\n\nLyricist: Park hey kyoung\nLyricist: Kang Hyun Min\nLyricist: PARK JI WON\nComposer: Kang Hyun Min\nArranger: KENZIE\n\nAuto-generated by YouTube.",
        "thumbnail": "https://i.ytimg.com/vi/ZzbNM2l-AAA/mqdefault.jpg",
        "youtubeVideoId": "ZzbNM2l-AAA",
        "uploadedDate": "2022-05-24T15:18:15Z",
        "viewCount": 230537,
        "isCommercial": "False"
    },
    {
        "id": "48fec284-fd5d-4812-8619-f80bc276bf99",
        "title": "심술",
        "description": "Provided to YouTube by NHN BUGS\n\n심술 · 볼빨간사춘기\n\nHalf Album RED ICKLE\n\n℗ 쇼파르뮤직\n\nReleased on: 2016-04-22\n\nAuto-generated by YouTube.",
        "thumbnail": "https://i.ytimg.com/vi/o1MtOu0Z4Hg/mqdefault.jpg",
        "youtubeVideoId": "o1MtOu0Z4Hg",
        "uploadedDate": "2022-05-24T15:18:15Z",
        "viewCount": 335050,
        "isCommercial": "False"
    },
    {
        "id": "71b5b1ea-87be-4402-b1bf-20efe97d5e95",
        "title": "Whatever",
        "description": "Provided to YouTube by GENIE MUSIC\n\nWhatever · IGWI\n\nWhatever\n\n℗ 2021 BEYOND LOVE\n\nReleased on: 2021-05-09\n\nAuto-generated by YouTube.",
        "thumbnail": "https://i.ytimg.com/vi/jYpxm5ZQ1wQ/mqdefault.jpg",
        "youtubeVideoId": "jYpxm5ZQ1wQ",
        "uploadedDate": "2022-05-24T15:18:15Z",
        "viewCount": 0,
        "isCommercial": "False"
    },
    {
        "id": "71a342b1-ccf0-45fa-9b40-627104292b5f",
        "title": "Good Night (5분만 더)",
        "description": "Provided to YouTube by Loen Entertainment Inc\n\nGood Night (5분만 더) · Joosiq\n\nGood Night\n\n℗ 2020 Recipe Music,under license to Kakao M Corp.\n\nReleased on: 2020-12-12\n\nAuthor: Mr.Black\nAuthor: 주식\nComposer: 안성현\nComposer: 주식\nArranger: 안성현\n\nAuto-generated by YouTube.",
        "thumbnail": "https://i.ytimg.com/vi/2CISMfBB47U/mqdefault.jpg",
        "youtubeVideoId": "2CISMfBB47U",
        "uploadedDate": "2022-05-24T15:18:15Z",
        "viewCount": 0,
        "isCommercial": "False"
    },
    {
        "id": "912146c8-24c2-43cc-8c4f-d8a6983a96b3",
        "title": "Blueming (Blueming)",
        "description": "Provided to YouTube by Kakao Entertainment\n\nBlueming (Blueming) · IU\n\nLove poem\n\n℗ 2019 Kakao Entertainment,under license to Kakao Entertainment\n\nReleased on: 2019-11-18\n\nAuthor: 아이유\nComposer: 이종훈\nComposer: 이채규\nComposer: 아이유\nArranger: 이종훈\nArranger: 이채규\n\nAuto-generated by YouTube.",
        "thumbnail": "https://i.ytimg.com/vi/I0_ZXHzKysc/mqdefault.jpg",
        "youtubeVideoId": "I0_ZXHzKysc",
        "uploadedDate": "2022-05-24T15:18:15Z",
        "viewCount": 11972041,
        "isCommercial": "False"
    },
    {
        "id": "6a4b6187-c125-46d5-8e21-20b99db077f5",
        "title": "Invitation (초대)",
        "description": "Provided to YouTube by Kakao Entertainment\n\nInvitation (초대) · MeloMance\n\nInvitation\n\n℗ 2022 ABYSS COMPANY,under license to Kakao Entertainment\n\nReleased on: 2022-05-03\n\nAuthor: 김민석 (멜로망스)\nComposer: 멜로망스\nArranger: 정동환 (멜로망스)\n\nAuto-generated by YouTube.",
        "thumbnail": "https://i.ytimg.com/vi/lErlcCLzDME/mqdefault.jpg",
        "youtubeVideoId": "lErlcCLzDME",
        "uploadedDate": "2022-05-24T15:18:15Z",
        "viewCount": 12797,
        "isCommercial": "False"
    },
    {
        "id": "4a2b175b-4612-4a09-952b-7b51dee8394d",
        "title": "Gloomy Star (feat. 1ho & Chan) (From \"Airman Morning Diaries #4\")",
        "description": "Provided to YouTube by WM Korea\n\nGloomy Star (feat. 1ho & Chan) (From \"Airman Morning Diaries #4\") · Airman · 1ho · Chan\n\nGloomy Star (feat. 1ho & Chan) (From \"Airman Morning Diaries #4\")\n\n℗ 2018 Air Music\n\nComposer, Lyricist: Airman\n\nAuto-generated by YouTube.",
        "thumbnail": "https://i.ytimg.com/vi/IFg07zaCIVA/mqdefault.jpg",
        "youtubeVideoId": "IFg07zaCIVA",
        "uploadedDate": "2022-05-24T15:18:15Z",
        "viewCount": 0,
        "isCommercial": "False"
    },
    {
        "id": "297aa784-2798-4ddc-8b9f-c59f0e642265",
        "title": "대충 입고 나와 Natural",
        "description": "Provided to YouTube by GENIE MUSIC\n\n대충 입고 나와 Natural · 우디 (Woody)\n\n대충 입고 나와 Natural\n\n℗ 2019 인디안레이블\n\nReleased on: 2019-05-29\n\nAuto-generated by YouTube.",
        "thumbnail": "https://i.ytimg.com/vi/frOlxVcxCro/mqdefault.jpg",
        "youtubeVideoId": "frOlxVcxCro",
        "uploadedDate": "2022-05-24T15:18:15Z",
        "viewCount": 1958334,
        "isCommercial": "False"
    },
    {
        "id": "c2824927-cadd-4bf0-8cf8-00ed3d7582e4",
        "title": "Go back (그 때)",
        "description": "Provided to YouTube by Loen Entertainment Inc\n\nGo back (그 때) · Seo gi\n\nGo back\n\n℗ 2020 C&D Entertainment,under license to Kakao M Corp.\n\nReleased on: 2021-01-03\n\nAuthor: 서기\nComposer: 서기\nComposer: 적재\nComposer: 추대관(Mono Tree)\nArranger: 적재\nArranger: 추대관(Mono Tree)\n\nAuto-generated by YouTube.",
        "thumbnail": "https://i.ytimg.com/vi/tQ8TuFvTR4k/mqdefault.jpg",
        "youtubeVideoId": "tQ8TuFvTR4k",
        "uploadedDate": "2022-05-24T15:18:15Z",
        "viewCount": 0,
        "isCommercial": "False"
    },
    {
        "id": "2b6edd9c-2b1c-4352-84a7-65fba48f9b7c",
        "title": "Rainbow (feat.yuNdAk Of OBROJECT) (무지개 (FEAT. 윤닭 OF 오브로젝트))",
        "description": "Provided to YouTube by Kakao Entertainment\n\nRainbow (feat.yuNdAk Of OBROJECT) (무지개 (FEAT. 윤닭 OF 오브로젝트)) · Standing Egg · yuNdAk Of OBROJECT\n\nThe Artist Diary Project Part. 12\n\n℗ 2016 RBW, Inc.,under license to Kakao Entertainment\n\nReleased on: 2016-03-14\n\nAuto-generated by YouTube.",
        "thumbnail": "https://i.ytimg.com/vi/-G7ig29UL2E/mqdefault.jpg",
        "youtubeVideoId": "-G7ig29UL2E",
        "uploadedDate": "2022-05-24T15:18:15Z",
        "viewCount": 0,
        "isCommercial": "False"
    },
    {
        "id": "b3230b1e-59ff-4b31-af7a-fbb1d5208821",
        "title": "처음부터 너와 나",
        "description": "Provided to YouTube by Danal Entertainment\n\n처음부터 너와 나 · 볼빨간사춘기\n\n군주 - 가면의 주인 OST Part.2\n\n℗ DANAL Entertainment\n\nReleased on: 2017-05-17\n\nComposer: 바닐라맨\nLyricist: 바닐라맨\n\nAuto-generated by YouTube.",
        "thumbnail": "https://i.ytimg.com/vi/4_phMXGTgrM/mqdefault.jpg",
        "youtubeVideoId": "4_phMXGTgrM",
        "uploadedDate": "2022-05-24T15:18:15Z",
        "viewCount": 727304,
        "isCommercial": "False"
    },
    {
        "id": "e2f6ffab-1679-4ca6-b8e6-c67e083886bd",
        "title": "My Everything (넌 내꺼야)",
        "description": "Provided to YouTube by Kakao Entertainment\n\nMy Everything (넌 내꺼야) · KyoungSeo\n\nMy Everything\n\n℗ 2021 Engine of Dream,under license to Kakao Entertainment\n\nReleased on: 2021-06-20\n\nAuthor: 강봄\nComposer: 강봄\nArranger: 양정승\n\nAuto-generated by YouTube.",
        "thumbnail": "https://i.ytimg.com/vi/byE-jLoSojA/mqdefault.jpg",
        "youtubeVideoId": "byE-jLoSojA",
        "uploadedDate": "2022-05-24T15:18:15Z",
        "viewCount": 0,
        "isCommercial": "False"
    },
    {
        "id": "693d8c51-ded0-4861-b5e1-dbf8701c5d0c",
        "title": "Tale (동화)",
        "description": "Provided to YouTube by Loen Entertainment\n\nTale (동화) · MeloMance(멜로망스)\n\nThe Fairy Tale\n\n℗ Mint Paper, Label GHS\n\nReleased on: 2018-07-03\n\nAuto-generated by YouTube.",
        "thumbnail": "https://i.ytimg.com/vi/iE7pK_RSNzk/mqdefault.jpg",
        "youtubeVideoId": "iE7pK_RSNzk",
        "uploadedDate": "2022-05-24T15:18:15Z",
        "viewCount": 1690459,
        "isCommercial": "False"
    },
    {
        "id": "9f2aa650-c955-481d-9b12-97ade32a96d5",
        "title": "In Hongdae",
        "description": "Provided to YouTube by GENIE MUSIC\n\nIn Hongdae · IGWI\n\nGWILAND\n\n℗ 2021 BEYOND LOVE\n\nReleased on: 2021-03-11\n\nAuto-generated by YouTube.",
        "thumbnail": "https://i.ytimg.com/vi/UogFFW5pexo/mqdefault.jpg",
        "youtubeVideoId": "UogFFW5pexo",
        "uploadedDate": "2022-05-24T15:18:15Z",
        "viewCount": 0,
        "isCommercial": "False"
    },
    {
        "id": "cf2e090e-820e-4301-9d6a-6c0d98b81763",
        "title": "45.7cm (feat.OOHYO) (선 (FEAT.우효) (45.7CM))",
        "description": "Provided to YouTube by Kakao Entertainment\n\n45.7cm (feat.OOHYO) (선 (FEAT.우효) (45.7CM)) · YU SEUNGWOO · WOOHYO\n\nPit a Pat\n\n℗ 2016 Starship Entertainment, XMG,under license to Kakao Entertainment\n\nReleased on: 2016-02-02\n\nAuto-generated by YouTube.",
        "thumbnail": "https://i.ytimg.com/vi/fz455SK-UBE/mqdefault.jpg",
        "youtubeVideoId": "fz455SK-UBE",
        "uploadedDate": "2022-05-24T15:18:15Z",
        "viewCount": 0,
        "isCommercial": "False"
    },
    {
        "id": "4315a98e-1dd4-41df-9783-8e14361f6811",
        "title": "Secret Garden (비밀의 화원)",
        "description": "Provided to YouTube by Kakao Entertainment\n\nSecret Garden (비밀의 화원) · IU\n\nA flower bookmark\n\n℗ 2017 Fave Entertainment,under license to Kakao Entertainment\n\nReleased on: 2017-09-22\n\nAuto-generated by YouTube.",
        "thumbnail": "https://i.ytimg.com/vi/eGXJs7zOHC4/mqdefault.jpg",
        "youtubeVideoId": "eGXJs7zOHC4",
        "uploadedDate": "2022-05-24T15:18:15Z",
        "viewCount": 2083104,
        "isCommercial": "False"
    },
    {
        "id": "9d9401a0-128d-424a-a3b7-a90f6200f834",
        "title": "Blue Island (feat. 1Ho & Chan)",
        "description": "Provided to YouTube by WM Korea\n\nBlue Island (feat. 1Ho & Chan) · Airman · 1Ho · Chan\n\nAirman Morning Diaries\n\n℗ 2019 Air Music\n\nVocals: 1Ho\nArranger: Airman\nPiano: Airman\nVocals: Airman\nVocals: Chan\nComposer, Lyricist: Airman\n\nAuto-generated by YouTube.",
        "thumbnail": "https://i.ytimg.com/vi/IxoIcewyNKc/mqdefault.jpg",
        "youtubeVideoId": "IxoIcewyNKc",
        "uploadedDate": "2022-05-24T15:18:15Z",
        "viewCount": 0,
        "isCommercial": "False"
    },
    {
        "id": "69591466-f445-414f-8fba-b6398152d7e2",
        "title": "The Swing",
        "description": "Provided to YouTube by C&D Entertainment\n\nThe Swing · Seogi\n\nRest\n\n℗ 2021 C&D Entertainment\n\nReleased on: 2021-06-03\n\nLyricist: Hwang Hyun\nArranger, Composer: Choo Dae Gwan (MonoTree)\n\nAuto-generated by YouTube.",
        "thumbnail": "https://i.ytimg.com/vi/OpaoQA5Gnoc/mqdefault.jpg",
        "youtubeVideoId": "OpaoQA5Gnoc",
        "uploadedDate": "2022-05-24T15:18:15Z",
        "viewCount": 0,
        "isCommercial": "False"
    },
    {
        "id": "b7c8a60d-290a-4817-8902-8d08b71ea1b3",
        "title": "남이 될 수 있을까",
        "description": "Provided to YouTube by NHN BUGS\n\n남이 될 수 있을까 · 스무살 · 볼빨간사춘기\n\n남이 될 수 있을까\n\n℗ 쇼파르뮤직\n\nReleased on: 2017-06-13\n\nAuto-generated by YouTube.",
        "thumbnail": "https://i.ytimg.com/vi/-1R2RfcGclg/mqdefault.jpg",
        "youtubeVideoId": "-1R2RfcGclg",
        "uploadedDate": "2022-05-24T15:18:15Z",
        "viewCount": 107318,
        "isCommercial": "False"
    },
    {
        "id": "32fa3364-b12f-4077-a399-9ea28786d7c7",
        "title": "Close to us",
        "description": "Provided to YouTube by GENIE MUSIC\n\nClose to us · IGWI\n\nClose to us\n\n℗ 2021 BEYOND LOVE\n\nReleased on: 2021-02-23\n\nAuto-generated by YouTube.",
        "thumbnail": "https://i.ytimg.com/vi/MNAkx2j_PN0/mqdefault.jpg",
        "youtubeVideoId": "MNAkx2j_PN0",
        "uploadedDate": "2022-05-24T15:18:15Z",
        "viewCount": 0,
        "isCommercial": "False"
    },
    {
        "id": "c5ad8df0-e057-48fb-916b-0d7a2ee5e8e6",
        "title": "The night we parted (헤어지던 밤)",
        "description": "Provided to YouTube by Loen Entertainment\n\nThe night we parted (헤어지던 밤) · Acourve(어쿠루브)\n\nThe night we parted (헤어지던 밤)\n\n℗ Bridge Media\n\nReleased on: 2018-07-07\n\nAuto-generated by YouTube.",
        "thumbnail": "https://i.ytimg.com/vi/lYAn8xu5x4E/mqdefault.jpg",
        "youtubeVideoId": "lYAn8xu5x4E",
        "uploadedDate": "2022-05-24T15:18:15Z",
        "viewCount": 0,
        "isCommercial": "False"
    },
    {
        "id": "197e6c1c-d181-48c1-bffc-1e46c3d2db2c",
        "title": "Grumpy (feat. 0back)",
        "description": "Provided to YouTube by WM Korea\n\nGrumpy (feat. 0back) · Airman · 0back\n\nGrumpy (feat. 0back)\n\n℗ 2021 Air Music\n\nVocals: 0back\nProducer: Airman\nVocals: Airman\nGuitar: Park Teajin\nComposer, Lyricist: T. Kwak\n\nAuto-generated by YouTube.",
        "thumbnail": "https://i.ytimg.com/vi/nwMObhK2bLc/mqdefault.jpg",
        "youtubeVideoId": "nwMObhK2bLc",
        "uploadedDate": "2022-05-24T15:18:15Z",
        "viewCount": 0,
        "isCommercial": "False"
    },
    {
        "id": "4209eeac-9bf8-4050-9038-722af91316fc",
        "title": "나만, 봄",
        "description": "Provided to YouTube by NHN BUGS\n\n나만, 봄 · 볼빨간사춘기\n\n사춘기집Ⅰ 꽃기운\n\n℗ 쇼파르뮤직\n\nReleased on: 2019-04-02\n\nAuto-generated by YouTube.",
        "thumbnail": "https://i.ytimg.com/vi/bWPxFjZ2GX0/mqdefault.jpg",
        "youtubeVideoId": "bWPxFjZ2GX0",
        "uploadedDate": "2022-05-24T15:18:15Z",
        "viewCount": 129987,
        "isCommercial": "False"
    },
    {
        "id": "dcdaed14-8226-4888-b4bd-58c8b75536c8",
        "title": "겨울을 걷는다 Walking in The Winter",
        "description": "Provided to YouTube by Poclanos (주식회사 포크라노스)\n\n겨울을 걷는다 Walking in The Winter · 윤딴딴 Yun Ddan Ddan\n\n반오십 Fifty-Fifty\n\n℗ 2014 DDanDDan People\n\nReleased on: 2014-02-14\n\nMusic  Publisher: Poclanos\nComposer: 윤딴딴 Yun Ddan Ddan\nLyricist: 윤딴딴 Yun Ddan Ddan\n\nAuto-generated by YouTube.",
        "thumbnail": "https://i.ytimg.com/vi/G2fjG30vfYA/mqdefault.jpg",
        "youtubeVideoId": "G2fjG30vfYA",
        "uploadedDate": "2022-05-24T15:18:15Z",
        "viewCount": 0,
        "isCommercial": "False"
    },
    {
        "id": "6edc3c55-8fa1-4248-a07b-cad6c17e6afd",
        "title": "첫사랑 two (Feat.윤해솔) First Love Two (Feat.Yoon hye sol)",
        "description": "Provided to YouTube by GENIE MUSIC\n\n첫사랑 two (Feat.윤해솔) First Love Two (Feat.Yoon hye sol) · MJ(써니사이드) SUNNYSIDEMJ\n\n첫사랑 two First Love Part.2\n\n℗ 2018 로켓탄컴퍼니\n\nReleased on: 2018-09-26\n\nAuto-generated by YouTube.",
        "thumbnail": "https://i.ytimg.com/vi/nWxpbMa8syU/mqdefault.jpg",
        "youtubeVideoId": "nWxpbMa8syU",
        "uploadedDate": "2022-05-24T15:18:15Z",
        "viewCount": 0,
        "isCommercial": "False"
    },
    {
        "id": "86f727cd-cfba-4c15-9b4d-51b6cb61cee4",
        "title": "Do You Think Of Me?",
        "description": "Provided to YouTube by Poclanos\n\nDo You Think Of Me? · 10CM\n\nDo You Think Of Me?\n\n℗ 2019 Magic Strawberry Sound\n\nReleased on: 2019-08-06\n\nComposer: 10CM\nLyricist: 10CM\nArranger: 10CM\nArranger: Lee Yohan\nArranger: Seong Sooyong\nArranger: Bang Injae\nArranger: Lee Yoonhyeok\n\nAuto-generated by YouTube.",
        "thumbnail": "https://i.ytimg.com/vi/9yFR6rpAZPE/mqdefault.jpg",
        "youtubeVideoId": "9yFR6rpAZPE",
        "uploadedDate": "2022-05-24T15:18:15Z",
        "viewCount": 40,
        "isCommercial": "False"
    },
    {
        "id": "bbd90b42-9de5-4f4b-9991-43a0cf6037d5",
        "title": "썸 탈꺼야",
        "description": "Provided to YouTube by NHN BUGS\n\n썸 탈꺼야 · 볼빨간사춘기\n\nRed Diary Page.1\n\n℗ 쇼파르뮤직\n\nReleased on: 2017-09-28\n\nAuto-generated by YouTube.",
        "thumbnail": "https://i.ytimg.com/vi/krpfUwaftPs/mqdefault.jpg",
        "youtubeVideoId": "krpfUwaftPs",
        "uploadedDate": "2022-05-24T15:18:15Z",
        "viewCount": 284330,
        "isCommercial": "False"
    }
]