[
    {
        "id": "f878e634-40f8-46c9-b48c-206884df2b0e",
        "title": "150만원 짜리 쪽지시험 l [우리 억축팬 됐어요]",
        "description": "#억축팬 #첼시 #쪽지시험\n◇비즈니스 문의 : kimfriendshiping@gmail.com\n\n◆우정잉 팬카페 http://cafe.daum.net/ingsfriend\n◆트위치 생방송 https://www.twitch.tv/nanajam777 \n◆인스타그램 https://www.instagram.com/friendshiping94",
        "thumbnail": "https://i.ytimg.com/vi/TmwJo7hcQjY/mqdefault.jpg",
        "youtubeVideoId": "TmwJo7hcQjY",
        "uploadedDate": "2021-06-10T10:25:44Z",
        "viewCount": 22509,
        "isCommercial": "False"
    },
    {
        "id": "b79506c8-4c0b-4350-a4b9-bba8a35c81d2",
        "title": "첼시가 우승한 이유",
        "description": "#첼시 #우승 #오예\n◇비즈니스 문의 : kimfriendshiping@gmail.com\n\n◆우정잉 팬카페 http://cafe.daum.net/ingsfriend\n◆트위치 생방송 https://www.twitch.tv/nanajam777 \n◆인스타그램 https://www.instagram.com/friendshiping94",
        "thumbnail": "https://i.ytimg.com/vi/ojrq06iYgck/mqdefault.jpg",
        "youtubeVideoId": "ojrq06iYgck",
        "uploadedDate": "2021-06-06T09:44:25Z",
        "viewCount": 34019,
        "isCommercial": "False"
    },
    {
        "id": "a8692dfa-960e-4955-963f-10f8cb0a9839",
        "title": "첼강딱..? l [첼시선생님 초대석 2부]",
        "description": "#첼시 #선생님 #초대석 #억축팬 \n◇비즈니스 문의 : kimfriendshiping@gmail.com\n\n◆우정잉 팬카페 http://cafe.daum.net/ingsfriend\n◆트위치 생방송 https://www.twitch.tv/nanajam777 \n◆인스타그램 https://www.instagram.com/friendshiping94",
        "thumbnail": "https://i.ytimg.com/vi/E4fF0_f_jwA/mqdefault.jpg",
        "youtubeVideoId": "E4fF0_f_jwA",
        "uploadedDate": "2021-06-05T09:02:32Z",
        "viewCount": 23295,
        "isCommercial": "False"
    },
    {
        "id": "e29e4199-bf8c-4eff-a272-95a477d866e5",
        "title": "첼시를 좋아할 수밖에 없는 이유 l [첼시선생님 초대석 1부]",
        "description": "#첼시 #선생님 #초대석\n◇비즈니스 문의 : kimfriendshiping@gmail.com\n\n◆우정잉 팬카페 http://cafe.daum.net/ingsfriend\n◆트위치 생방송 https://www.twitch.tv/nanajam777 \n◆인스타그램 https://www.instagram.com/friendshiping94",
        "thumbnail": "https://i.ytimg.com/vi/8csnt0rwuc4/mqdefault.jpg",
        "youtubeVideoId": "8csnt0rwuc4",
        "uploadedDate": "2021-06-03T11:32:53Z",
        "viewCount": 19358,
        "isCommercial": "False"
    },
    {
        "id": "19936821-7a8f-4ebd-8dc4-88f7ba7eb410",
        "title": "아ㅋㅋ 설마 첼시가 지겠냐고ㅋㅋ",
        "description": "#이수날 #합방 #도네빵 #첼시 #아스날 #중계\n◇비즈니스 문의 : kimfriendshiping@gmail.com\n\n◆우정잉 팬카페 http://cafe.daum.net/ingsfriend\n◆트위치 생방송 https://www.twitch.tv/nanajam777 \n◆인스타그램 https://www.instagram.com/friendshiping94",
        "thumbnail": "https://i.ytimg.com/vi/884QAYVBm5Q/mqdefault.jpg",
        "youtubeVideoId": "884QAYVBm5Q",
        "uploadedDate": "2021-05-28T07:59:09Z",
        "viewCount": 24536,
        "isCommercial": "False"
    },
    {
        "id": "801b31ca-49f2-4b04-9baf-5def26ecd185",
        "title": "이 시대의 가장 편견없는 사람 l [우리 억축팬 됐어요]",
        "description": "#억지로 #축구팬 #컨텐츠 \n◇비즈니스 문의 : kimfriendshiping@gmail.com\n\n◆우정잉 팬카페 http://cafe.daum.net/ingsfriend\n◆트위치 생방송 https://www.twitch.tv/nanajam777 \n◆인스타그램 https://www.instagram.com/friendshiping94",
        "thumbnail": "https://i.ytimg.com/vi/YN1m-W3MBUc/mqdefault.jpg",
        "youtubeVideoId": "YN1m-W3MBUc",
        "uploadedDate": "2021-05-22T15:46:22Z",
        "viewCount": 29881,
        "isCommercial": "False"
    },
    {
        "id": "3388a8b1-b47f-41bf-bfd8-9e56f8a43c27",
        "title": "이 사람 좀 논란 있을 듯...?",
        "description": "#축린이 #축구3 #핵이빨\n◇비즈니스 문의 : kimfriendshiping@gmail.com\n\n◆우정잉 팬카페 http://cafe.daum.net/ingsfriend\n◆트위치 생방송 https://www.twitch.tv/nanajam777 \n◆인스타그램 https://www.instagram.com/friendshiping94",
        "thumbnail": "https://i.ytimg.com/vi/d8vjVHN6oCw/mqdefault.jpg",
        "youtubeVideoId": "d8vjVHN6oCw",
        "uploadedDate": "2021-05-22T15:46:22Z",
        "viewCount": 97773,
        "isCommercial": "False"
    },
    {
        "id": "43dbc996-4a12-42fb-ab51-6b45decb6121",
        "title": "잠깐만요... 목을 비틀었는데요...????",
        "description": "#해축 #축구3 #찰장군\n◇비즈니스 문의 : kimfriendshiping@gmail.com\n\n◆우정잉 팬카페 http://cafe.daum.net/ingsfriend\n◆트위치 생방송 https://www.twitch.tv/nanajam777 \n◆인스타그램 https://www.instagram.com/friendshiping94",
        "thumbnail": "https://i.ytimg.com/vi/et9lwrHPZi0/mqdefault.jpg",
        "youtubeVideoId": "et9lwrHPZi0",
        "uploadedDate": "2021-05-22T15:46:22Z",
        "viewCount": 171519,
        "isCommercial": "False"
    },
    {
        "id": "a6646bcf-6500-4943-8995-9ae0f860c838",
        "title": "축알못의 축구선수 이상형 월드컵.. 근데 영화배우 아니야..? [축구선수 이상형 월드컵]",
        "description": "191001_이상형 월드컵\n\n우정잉의 생방송은 여기서 확인하세요!\n우정잉 트위치 https://www.twitch.tv/nanajam777\n#이상형월드컵 #축알못 #축구선수\n\n\nTrack : 그 빵은 내꺼야\nMusic by 브금대통령 \nMusic provided by 브금대통령\nWatch : https://youtu.be/Jyh4ETOLIhQ\n\nTrack : Beagle's Plan\nMusic by 브금대통령 \nMusic provided by 브금대통령\nWatch : https://youtu.be/-7YrI98dgKg\n\nTrack : Love in Italy\nMusic by 브금대통령 \nMusic provided by 브금대통령\nWatch : https://youtu.be/AkC6XVjWF1g",
        "thumbnail": "https://i.ytimg.com/vi/3fc8DcKPegs/mqdefault.jpg",
        "youtubeVideoId": "3fc8DcKPegs",
        "uploadedDate": "2021-05-23T02:13:36Z",
        "viewCount": 401513,
        "isCommercial": "False"
    }
]