[
    {
        "id": "186dd5aa-6c8d-4d41-882c-c7d19f67c1b1",
        "title": "앗.. 당신은 농업의 여신님..? 마인크래프트에서 스타듀밸리를? 마타듀밸리! [마인크래프트 스타듀밸리 1화 Minecraft]",
        "description": "트위치 생방 주소 ㄱ\nhttps://www.twitch.tv/pjs9073",
        "thumbnail": "https://i.ytimg.com/vi/fqbaBA20FgI/mqdefault.jpg",
        "youtubeVideoId": "fqbaBA20FgI",
        "uploadedDate": "2018-02-17T04:49:48Z",
        "viewCount": 0,
        "isCommercial": "False"
    }
]