[
    {
        "id": "ca1cdb6d-d5a6-4864-9e67-2b8b5110b446",
        "title": "꽁짜로 컴퓨터 박사되는법! l 청년취업사관학교",
        "description": "안녕하세요 와파입니다 오늘은 청년취업사관학교 온라인강의에 대해 소개해봤어요!\n도움이되셨음 좋겠습니다 ㅎㅎㅎ 모두 파이팅\n\n▶서울 청년취업사관학교 : https://sesac.seoul.kr\n\n#서울산업진흥원 #서울청년취업사관학교 #SeSAC #청취사 #새싹 #SBA #크리에이티브포스\n\n▶Business Contat Mail (광고,협업,제품제작 신청)\n: iprd@naver.com",
        "thumbnail": "https://i.ytimg.com/vi/xxYlzo5o46I/mqdefault.jpg",
        "youtubeVideoId": "xxYlzo5o46I",
        "uploadedDate": "2022-06-14T12:17:41Z",
        "viewCount": 0,
        "isCommercial": "False"
    },
    {
        "id": "e61c985c-bb7f-4c07-a0a9-b38d0ffbbfea",
        "title": "두손놓고 꼬치를 구워볼까?",
        "description": "*단순 선물, 노출의무X\n\n안녕하세요 채널 '와파'입니다.\n\n오늘은 지라프에서 감사하게도 제품을 제공해주셨는데요.\n지라프 구이바다를 꼬치기계로 업그레이드 해봤습니다.\n아주 재밌고 맛있는 촬영이었습니다. 감사합니다.\n\n지라프 구이바다 구매 링크!\nhttps://www.livingtip.co.kr/goods/goods_view.php?goodsNo=1000003670\n\n위 링크로 지금 지라프 구이바다로 구매하시면\n10만원대 해택가와 수익의 일부가 굿네이버스글로벌임팩트에 기부된다고 해요.\n정말 일석이조다!!\n\n▶Business Contat Mail (광고,협업,제품제작 신청)\n: iprd@naver.com",
        "thumbnail": "https://i.ytimg.com/vi/1cVNS9kTZaY/mqdefault.jpg",
        "youtubeVideoId": "1cVNS9kTZaY",
        "uploadedDate": "2021-10-31T11:27:06Z",
        "viewCount": 0,
        "isCommercial": "False"
    },
    {
        "id": "73e88ee1-3b31-4cfa-b310-f872e5768870",
        "title": "삼겹살에 불이 붙었을때 (feat.자미간)",
        "description": "안녕하세요. (소)시오와 (사)이코가 운영하는 채널 '와파'입니다.\n\n▶Business Contat Mail (광고,협업,제품제작 신청)\n: iprd@naver.com\n\n# 캠핑막창\n# 대구돼지막창\n# 대구불막창\n# 숯불막창\n# 직화불막창\n# 돼지막창소스\n\n\n자미간 불곱창\nhttps://smartstore.naver.com/habirang85/products/5822838702\n\n자미간 훈제납작막창\nhttps://smartstore.naver.com/habirang85/products/5824192823",
        "thumbnail": "https://i.ytimg.com/vi/TnwwKJ_gaX8/mqdefault.jpg",
        "youtubeVideoId": "TnwwKJ_gaX8",
        "uploadedDate": "2021-08-30T19:20:46Z",
        "viewCount": 0,
        "isCommercial": "False"
    },
    {
        "id": "dacd834f-f091-47e7-b068-39328e6983d4",
        "title": "힐링되는 스텐실 영상 #Shorts",
        "description": "안녕하세요. (소)시오와 (사)이코가 운영하는 채널 '와파'입니다.\n\n▶Business Contat Mail (광고,협업,제품제작 신청)\n: iprd@naver.com",
        "thumbnail": "https://i.ytimg.com/vi/jCoJdxpp3_A/mqdefault.jpg",
        "youtubeVideoId": "jCoJdxpp3_A",
        "uploadedDate": "2021-08-16T16:13:28Z",
        "viewCount": 0,
        "isCommercial": "False"
    },
    {
        "id": "0adcb471-7ccc-482e-998f-110a68203d52",
        "title": "인형뽑기로 간판뽑는법 #Shorts",
        "description": "간판철거후 고물상에 내리는 장면입니다.",
        "thumbnail": "https://i.ytimg.com/vi/zIrEeaEuAA4/mqdefault.jpg",
        "youtubeVideoId": "zIrEeaEuAA4",
        "uploadedDate": "2021-08-16T16:13:23Z",
        "viewCount": 0,
        "isCommercial": "False"
    },
    {
        "id": "f6f084eb-5dbb-4771-9781-718088c881af",
        "title": "BOSCH 보쉬 충전직소 언박싱 & 리얼 현장 리뷰! (장단점) 🛠⚙️",
        "description": "안녕하세요. (소)시오와 (사)이코가 운영하는 채널 '와파'입니다.\n\n▶Business Contat Mail (광고,협업,제품제작 신청)\n: iprd@naver.com\n\n오늘은 충전직소 언박싱 영상입니다.!\n\n현장에서 시공도 하고 재밌게 촬영했습니다. \n\n재밌게 봐주세요!\n\n-\n\nBOSCH 보쉬 충전직소 언박싱 & 리얼 현장 리뷰! (장단점) 🛠⚙️",
        "thumbnail": "https://i.ytimg.com/vi/-vdwSsH7hhU/mqdefault.jpg",
        "youtubeVideoId": "-vdwSsH7hhU",
        "uploadedDate": "2021-08-06T07:46:54Z",
        "viewCount": 0,
        "isCommercial": "False"
    },
    {
        "id": "1458e43e-5ac6-4c9d-91a1-f8900d6f8245",
        "title": "DC모터 직접 만들어서 미니선풍기 만들기!",
        "description": "안녕하세요. (소)시오와 (사)이코가 운영하는 채널 '와파'입니다.\n\n%요즘 날씨가 미쳤습니다. 얼른 손풍기 만들어서 시원하십시오!%\n\n▶Business Contat Mail (광고,협업,제품제작 신청)\n: iprd@naver.com",
        "thumbnail": "https://i.ytimg.com/vi/cJfTD9DTuG8/mqdefault.jpg",
        "youtubeVideoId": "cJfTD9DTuG8",
        "uploadedDate": "2021-07-26T11:26:50Z",
        "viewCount": 0,
        "isCommercial": "False"
    },
    {
        "id": "b3740e05-5f60-4cce-9a92-0e47c0966d45",
        "title": "소개팅하러 갔는데 핸드폰 베터리가 나갔다...ㅎㄱㄷ (특별출연 : Asmr 연츄)",
        "description": "안녕하세요. (소)시오와 (사)이코가 운영하는 채널 '와파'입니다.\n\n▶Business Contat Mail (광고,협업,제품제작 신청)\n: iprd@naver.com\n\n오늘은 레귤레이터 모듈을 이용해서 건전지로 폰을 충전해보았읍니다.\n\n완충하는데 8시간 걸리지만\n\n아주 급할때 긴급하게 쓰기엔 요긴하겠쥬!?!?",
        "thumbnail": "https://i.ytimg.com/vi/TXSyO3GV6Ng/mqdefault.jpg",
        "youtubeVideoId": "TXSyO3GV6Ng",
        "uploadedDate": "2021-07-11T04:50:03Z",
        "viewCount": 0,
        "isCommercial": "False"
    },
    {
        "id": "db674b4b-7275-4ecd-9e0c-cd05ccddf89a",
        "title": "화염방사기는 사서 쓰세요 제발(?)ㅠㅠ🔥 [넷플릭스 스위트홈 3탄] 무기 업그레이드!!",
        "description": "안녕하세요. (소)시오와 (사)이코가 운영하는 채널 '와파'입니다.\n\n따라하지 마시게... 아주 위험한 물건일세..\n\n우리도 만들자마자 분해해서\n\n 이세상에 더이상 존재하지 않는 물건일세.. 끌끌끌..\n\n▶Business Contat Mail (광고,협업,제품제작 신청)\n: iprd@naver.com",
        "thumbnail": "https://i.ytimg.com/vi/ABifT1kjtSo/mqdefault.jpg",
        "youtubeVideoId": "ABifT1kjtSo",
        "uploadedDate": "2021-02-08T16:27:33Z",
        "viewCount": 0,
        "isCommercial": "False"
    },
    {
        "id": "b8a84bb5-f65c-4b50-98ca-f36603c18ad7",
        "title": "원자력발전소 그것이 자꾸 궁금하네!?",
        "description": "안녕하세요. (소)시오와 (사)이코가 운영하는 채널 '와파'입니다.\n\n▶Business Contat Mail (광고,협업,제품제작 신청)\n: iprd@naver.com",
        "thumbnail": "https://i.ytimg.com/vi/JwVdlv8s6Xc/mqdefault.jpg",
        "youtubeVideoId": "JwVdlv8s6Xc",
        "uploadedDate": "2021-02-06T10:51:37Z",
        "viewCount": 0,
        "isCommercial": "False"
    },
    {
        "id": "db8e761c-3c95-4ed8-8051-d04d4e7e77ca",
        "title": "아답터, 그것 참 자꾸 궁금하네~?",
        "description": "안녕하세요. (소)시오와 (사)이코가 운영하는 채널 '와파'입니다.\n\n이번영상은 새로운 도전입니다.\n\n그동안 만들기와 막간 꽁트연기를 사랑해주신 여러분께 진심으로 감사의 말씀 드립니다.\n\n앞으로 만들기 꽁트와 와우 그것참 자꾸 궁금하네를 번갈아 가면서 업로드 할 예정입니다. 많은 관심 부탁드립니다.!!\n\n▶Business Contat Mail (광고,협업,제품제작 신청)\n: iprd@naver.com",
        "thumbnail": "https://i.ytimg.com/vi/IQUrxuycArg/mqdefault.jpg",
        "youtubeVideoId": "IQUrxuycArg",
        "uploadedDate": "2021-01-30T18:08:14Z",
        "viewCount": 0,
        "isCommercial": "False"
    },
    {
        "id": "2a489d67-ff7b-43aa-ab50-7795356dab7b",
        "title": "[Eng sub]스위트홈 김상호 목발총 만들기│Netflix sweet home air gun on crutch",
        "description": "안녕하세요. (소)시오와 (사)이코가 운영하는 채널 '와파'입니다.\n\n▶Business Contat Mail (광고,협업,제품제작 신청)\n: iprd@naver.com",
        "thumbnail": "https://i.ytimg.com/vi/LKkozkXxvxE/mqdefault.jpg",
        "youtubeVideoId": "LKkozkXxvxE",
        "uploadedDate": "2021-01-16T15:55:46Z",
        "viewCount": 0,
        "isCommercial": "False"
    },
    {
        "id": "7a6ae05d-f559-4216-8342-a0c0663596bd",
        "title": "[Eng sub] 스위트홈 송강 전기창 무기 만들기",
        "description": "안녕하세요. (소)시오와 (사)이코가 운영하는 채널 '와파'입니다.\n\n▶Business Contat Mail (광고,협업,제품제작 신청)\n: iprd@naver.com",
        "thumbnail": "https://i.ytimg.com/vi/ONYzIT9NYBs/mqdefault.jpg",
        "youtubeVideoId": "ONYzIT9NYBs",
        "uploadedDate": "2021-01-09T13:31:51Z",
        "viewCount": 0,
        "isCommercial": "False"
    },
    {
        "id": "fb333bbf-907d-4010-856a-69ee556ced34",
        "title": "눈이 와서 눈사람을 만들어 보았습니다. (feat. 아무무(?))",
        "description": "안녕하세요. (소)시오와 (사)이코가 운영하는 채널 '와파'입니다.\n\n▶Business Contat Mail (광고,협업,제품제작 신청)\n: iprd@naver.com",
        "thumbnail": "https://i.ytimg.com/vi/HiiMWMLlIXI/mqdefault.jpg",
        "youtubeVideoId": "HiiMWMLlIXI",
        "uploadedDate": "2021-01-08T18:13:24Z",
        "viewCount": 0,
        "isCommercial": "False"
    },
    {
        "id": "ba336900-d119-4500-a25a-4692c3acf801",
        "title": "(Eng sub) 자이로스코프 화로 l변비엔 고구마 l  Sweet potatoes are effective for constipation. Gyroscope brazier",
        "description": "안녕하세요. (소)시오와 (사)이코가 운영하는 채널 '와파'입니다.\n\n오늘은 군고구마를 골고루 익힐수 있는 화로를 만들어 보았습니다.\n\n▶Business Contat Mail (광고,협업,제품제작 신청)\n: iprd@naver.com",
        "thumbnail": "https://i.ytimg.com/vi/0DKvt8a509I/mqdefault.jpg",
        "youtubeVideoId": "0DKvt8a509I",
        "uploadedDate": "2021-01-03T02:44:42Z",
        "viewCount": 0,
        "isCommercial": "False"
    },
    {
        "id": "73e906df-c404-45dc-ac65-9d3775dd2825",
        "title": "[Eng sub]영혼탈출 딱밤강화기",
        "description": "안녕하세요. (소)시오와 (사)이코가 운영하는 채널 '와파'입니다.\n\n▶Business Contat Mail (광고,협업,제품제작 신청)\n: iprd@naver.com",
        "thumbnail": "https://i.ytimg.com/vi/wHS4-zlYF4g/mqdefault.jpg",
        "youtubeVideoId": "wHS4-zlYF4g",
        "uploadedDate": "2020-12-19T15:50:57Z",
        "viewCount": 0,
        "isCommercial": "False"
    },
    {
        "id": "b58e0ef5-e88e-499e-b578-ce7be9326040",
        "title": "[eng sub]크리스마스 맞이 테라스 꾸미기(feat.나홀로 홈파티ㅜ)｜Decorating the Christmas Terrace (feat.연츄,수봉 Asmr)",
        "description": "안녕하세요. (소)시오와 (사)이코가 운영하는 채널 '와파'입니다.\n\n▶Business Contat Mail (광고,협업,제품제작 신청)\n: iprd@naver.com",
        "thumbnail": "https://i.ytimg.com/vi/uUuk6-lGavQ/mqdefault.jpg",
        "youtubeVideoId": "uUuk6-lGavQ",
        "uploadedDate": "2021-01-07T08:44:23Z",
        "viewCount": 0,
        "isCommercial": "False"
    },
    {
        "id": "5c890179-9669-42f5-bc3e-17ecf37f7250",
        "title": "더러운 벽지를 산뜻하게!I겨울 맞이I셀프 인테리어!Refreshing dirty wallpaper!Winter Welcome Self Interior!",
        "description": "안녕하세요. (소)시오와 (사)이코가 운영하는 채널 '와파'입니다.\n\n▶Business Contat Mail (광고,협업,제품제작 신청)\n: iprd@naver.com",
        "thumbnail": "https://i.ytimg.com/vi/07dRhNzZbY0/mqdefault.jpg",
        "youtubeVideoId": "07dRhNzZbY0",
        "uploadedDate": "2020-12-03T08:23:51Z",
        "viewCount": 0,
        "isCommercial": "False"
    },
    {
        "id": "5f060eb6-9ec9-4273-9440-5f972098b5ce",
        "title": "단돈 2000원!으로 빔프로젝터 만들기",
        "description": "안녕하세요. (소)시오와 (사)이코가 운영하는 채널 '와파'입니다.\n\n▶Business Contat Mail (광고,협업,제품제작 신청)\n: iprd@naver.com",
        "thumbnail": "https://i.ytimg.com/vi/72UK4-Y-vk4/mqdefault.jpg",
        "youtubeVideoId": "72UK4-Y-vk4",
        "uploadedDate": "2020-11-25T15:28:44Z",
        "viewCount": 0,
        "isCommercial": "False"
    },
    {
        "id": "48f72f4b-43ca-485a-ae7d-9d15db372beb",
        "title": "대왕 타코야끼를 만들어 보자",
        "description": "안녕하세요. (소)시오와 (사)이코가 운영하는 채널 '와파'입니다.\n\n▶Business Contat Mail (광고,협업,제품제작 신청)\n: iprd@naver.com",
        "thumbnail": "https://i.ytimg.com/vi/u7m7f8Dc1fg/mqdefault.jpg",
        "youtubeVideoId": "u7m7f8Dc1fg",
        "uploadedDate": "2020-11-18T10:19:00Z",
        "viewCount": 0,
        "isCommercial": "False"
    },
    {
        "id": "848eda09-27d7-46f4-85c8-2ac0d9a62777",
        "title": "[Eng sub]패트병을 활용한 4가지 아이디어!!",
        "description": "안녕하세요. (소)시오와 (사)이코가 운영하는 채널 '와파'입니다.\n\n오늘은 패트병을 이용하여 4가지 아이디어를 만들어보았습니다.\n\n부족한 솜씨지만 재밌게 봐주세요!\n\n저희가 연기하는 우당탕탕 도라이몽도 재밌게 봐주세요!!!\n\n▶Business Contat Mail (광고,협업,제품제작 신청)\n: iprd@naver.com",
        "thumbnail": "https://i.ytimg.com/vi/SZ5csBGHl1I/mqdefault.jpg",
        "youtubeVideoId": "SZ5csBGHl1I",
        "uploadedDate": "2020-11-15T03:56:53Z",
        "viewCount": 0,
        "isCommercial": "False"
    },
    {
        "id": "6a1e1793-772d-451f-b8cb-66f9a32b160d",
        "title": "[ENG Sub][making video]뒤집혀라 고기들이여! 원터치 쓰리삼겹살 메이킹영상Flip it over, meat! (Asmr)",
        "description": "안녕하세요. (소)시오와 (사)이코가 운영하는 채널 '와파'입니다.\n\n원터치 쓰리삼겹살 메이킹 영상입니다.\n\n재밌게 봐주세요!\n\n▶Business Contat Mail (광고,협업,제품제작 신청)\n: iprd@naver.com",
        "thumbnail": "https://i.ytimg.com/vi/O2NBJpSct_M/mqdefault.jpg",
        "youtubeVideoId": "O2NBJpSct_M",
        "uploadedDate": "2020-11-10T10:13:38Z",
        "viewCount": 0,
        "isCommercial": "False"
    },
    {
        "id": "73619eb0-76e1-4ec0-9b9f-b3f922e9cb18",
        "title": "[Eng sub]원터치 쓰리삼겹살(The grill you dreamed of.) feat.연츄",
        "description": "*지난화와 약간 이어집니다. ⬇️\n(이코에게 빼빼로를 도둑맞고 초코를 얼굴에 맞은 시오)\nhttps://youtu.be/P-7mqWXvbTY\n\n\n\n안녕하세요. (소)시오와 (사)이코가 운영하는 채널 '와파'입니다.\n\n오늘은 한번에 그릴을 통째로 뒤집는 그릴을 만들어 보았습니다.\n\n부족하지만 재밌게 봐주세요!!\n\nHello, this is Wappa, a channel run by (So)Sio and Icho.\n\nToday, I made a grill that reverses the whole grill at once.\n\nIt's not enough, but please enjoy it!!\n\n▶Business Contat Mail (광고,협업,제품제작 신청)\n: iprd@naver.com",
        "thumbnail": "https://i.ytimg.com/vi/OXnY0h--l8E/mqdefault.jpg",
        "youtubeVideoId": "OXnY0h--l8E",
        "uploadedDate": "2020-11-10T10:13:35Z",
        "viewCount": 0,
        "isCommercial": "False"
    },
    {
        "id": "c4fbd896-bcc4-4f25-9ef3-6196413d4383",
        "title": "인간 빼빼로 만들기 (feat. 깜짝상자 만들어서 골려주기)",
        "description": "비즈니스 메일 : iprd@naver.com\n\n\n안녕하세요 와파 입니다. \nHi hello we are wafa\n오늘은  깜짝상자를 만들어서 골려주는 콩트를 준비해봤어요\ntoday video this is for you\n부족 하지만 재밌게 봐주세요!\nthank you!\n\n\n인간 빼빼로 만들기 (feat. 깜짝상자 만들어서 골려주기)\n깜짝카메라/몰래카메라/서프라이즈/시트콤/Diy",
        "thumbnail": "https://i.ytimg.com/vi/P-7mqWXvbTY/mqdefault.jpg",
        "youtubeVideoId": "P-7mqWXvbTY",
        "uploadedDate": "2020-11-10T10:13:32Z",
        "viewCount": 0,
        "isCommercial": "False"
    },
    {
        "id": "b2bdff88-7e2c-4e51-b6fb-f1bdaba19b10",
        "title": "당신이 꿈꿔오던 계란 거품기",
        "description": "안녕하십니까?\n\n와이프파더입니다.\n\n오늘은 거품기를 한번 만들어봣는데요\n\n저희 나름대로 스토리를 짜서 한번 재밌게 만들어봤습니다.\n\n재밌게봐주세용!!??",
        "thumbnail": "https://i.ytimg.com/vi/sPsLZQDAh9M/mqdefault.jpg",
        "youtubeVideoId": "sPsLZQDAh9M",
        "uploadedDate": "2020-11-10T10:13:29Z",
        "viewCount": 0,
        "isCommercial": "False"
    },
    {
        "id": "6d05bfab-cca5-420c-8717-aa7c96ac1206",
        "title": "자동차만들기 DIY RCcar 너도 만들어봐",
        "description": "안녕하세요?\n\n와파입니다.\n\n추억속 미니카가 생각나서 \n\nRC카 아두이노 키트를 사서 한번 만들어봤는데요\n\n생각보다 재밌고 아두이노도 생각보다 신기하네요!\n\n재밌게 봐주세용",
        "thumbnail": "https://i.ytimg.com/vi/zGR1m__0YFg/mqdefault.jpg",
        "youtubeVideoId": "zGR1m__0YFg",
        "uploadedDate": "2020-11-10T10:13:22Z",
        "viewCount": 0,
        "isCommercial": "False"
    },
    {
        "id": "f1b6163c-cdf5-41b0-b254-0b4319453ec6",
        "title": "Heart of a Air blower",
        "description": "안녕하세요\n\n오늘은 airblower를 만들어 보았읍니다.\n\n재밌게 시청해주세요!\n\nHello\n\nI made an airflower today.\n\nPlease enjoy the show!",
        "thumbnail": "https://i.ytimg.com/vi/9u3X254cEKA/mqdefault.jpg",
        "youtubeVideoId": "9u3X254cEKA",
        "uploadedDate": "2020-11-10T10:13:19Z",
        "viewCount": 0,
        "isCommercial": "False"
    },
    {
        "id": "3944e405-250f-48a5-9229-2696e090907c",
        "title": "How to make a WATER PUMP!! 홍수걱정 끝~!",
        "description": "안녕하세요 와파입니다.\n이번에 만든 아이템은~!바로바로\n양수기입니다~~~~\n모터와 프로펠러를 이용해서 물을 끌어올리는 도구인데요!\n부족하지만 너그럽게 시청해주세용!",
        "thumbnail": "https://i.ytimg.com/vi/titDN7pLypg/mqdefault.jpg",
        "youtubeVideoId": "titDN7pLypg",
        "uploadedDate": "2020-11-10T10:13:07Z",
        "viewCount": 0,
        "isCommercial": "False"
    },
    {
        "id": "171ef835-ebc4-4645-9842-9cbc60bec1e5",
        "title": "Home made water Shot gun (feat.yodel song)",
        "description": "신나는 요들송과 함께 물총 레츠 기릿해봅시다~~\n\nfun! cool! let's get it!!\n\n비지니스 e메일 : iprd@naver.com",
        "thumbnail": "https://i.ytimg.com/vi/PPAGbGWYGnI/mqdefault.jpg",
        "youtubeVideoId": "PPAGbGWYGnI",
        "uploadedDate": "2020-11-10T10:13:04Z",
        "viewCount": 0,
        "isCommercial": "False"
    },
    {
        "id": "cd6f9ce9-9ccc-453e-91b3-2125e3a7338c",
        "title": "Table Saw 만들기 (DIY)",
        "description": "How To Make Table Saw (DIY)\n\n아직 많이 미숙합니다. 더욱 노력하는 와파 되겠습니다!\n부족한 영상이지만 시청해주셔서 정말 감사합니다!\n\n비지니스 e메일 : iprd@naver.com",
        "thumbnail": "https://i.ytimg.com/vi/QX9hviIC3OM/mqdefault.jpg",
        "youtubeVideoId": "QX9hviIC3OM",
        "uploadedDate": "2020-11-10T10:13:01Z",
        "viewCount": 0,
        "isCommercial": "False"
    },
    {
        "id": "90b24971-5fbb-4e0a-b0d3-57beaab499cb",
        "title": "홈메이드 벨트샌더 DIY",
        "description": "안녕하세요. 와파입니다.\n미숙하지만 저희의 첫 영상 재미있게 봐주세요!\n\n비지니스 e메일 : iprd@naver.com",
        "thumbnail": "https://i.ytimg.com/vi/Yo4NRF-rO2Y/mqdefault.jpg",
        "youtubeVideoId": "Yo4NRF-rO2Y",
        "uploadedDate": "2020-11-10T10:12:57Z",
        "viewCount": 0,
        "isCommercial": "False"
    }
]