[
    {
        "id": "3e2d7f7d-e667-4532-a6f3-73189527188b",
        "title": "(SUB)(몰카)여동생1탄 신발몰카ㅋㅋㅋㅋkorean sister prank",
        "description": "#몰카 #몰래카메라 #양대산맥",
        "thumbnail": "https://i.ytimg.com/vi/4xSac6wF5JI/mqdefault.jpg",
        "youtubeVideoId": "4xSac6wF5JI",
        "uploadedDate": "2020-03-20T09:49:35Z",
        "viewCount": 0,
        "isCommercial": "False"
    },
    {
        "id": "213105d7-c243-4a27-be68-9cf2d7c64154",
        "title": "(SUB) 여동생2탄 똥 몰카ㅋㅋㅋㅋ korean sister prank",
        "description": "#몰카 #몰래카메라 #양대산맥\n\n안녕하세요~ 양대산맥입니다.\n오늘은 동생몰카를 준비했어요~\n재밌게 봐주세요~~^^",
        "thumbnail": "https://i.ytimg.com/vi/zB_T9946CX8/mqdefault.jpg",
        "youtubeVideoId": "zB_T9946CX8",
        "uploadedDate": "2020-03-20T09:49:58Z",
        "viewCount": 0,
        "isCommercial": "False"
    },
    {
        "id": "04627bd7-2936-4e90-bc50-b0204928174c",
        "title": "(SUB)(몰카)여동생3탄 뽀뽀 몰카ㅋㅋㅋㅋㅋ동생의 반응은??ㅋㅋㅋㅋㅋㅋkorean sister prank",
        "description": "#몰카 #몰래카메라 #양대산맥\n\n안녕하세요 양대산맥입니다.\n오늘은 여동생에게 볼 뽀뽀를 하고 반응을 봤습니다.\n과연 여동생에 반응은 ??\n재밌게 봐주세요~^^",
        "thumbnail": "https://i.ytimg.com/vi/XVXukiJEdY8/mqdefault.jpg",
        "youtubeVideoId": "XVXukiJEdY8",
        "uploadedDate": "2020-03-20T09:50:19Z",
        "viewCount": 0,
        "isCommercial": "False"
    },
    {
        "id": "19e0d35f-e4dc-47b7-9f25-1036ca1a0a8e",
        "title": "(SUB)(몰카)여동생 4탄! 여동생 방에 있는 물건 다 빼기ㅋㅋㅋㅋㅋㅋㅋkorean sister prank",
        "description": "#몰카 #몰래카메라 #양대산맥\n\n안녕하세요~ 양대 산맥입니다!\n오늘은! 집에 잘 안 들어오는 동생을 참교육 해보기 위해!\n방에 있는 짐을 싹 다 빼봤습니다~\n동생이 어떻게 반응을 할지! 재밌게 봐주세용!!",
        "thumbnail": "https://i.ytimg.com/vi/QYgkI-vgBKk/mqdefault.jpg",
        "youtubeVideoId": "QYgkI-vgBKk",
        "uploadedDate": "2020-03-20T09:50:45Z",
        "viewCount": 0,
        "isCommercial": "False"
    },
    {
        "id": "7b725189-97d4-4a49-8a78-afdb812278e6",
        "title": "(SUB)(몰카)여동생 복수 몰카ㅋㅋㅋㅋㅋㅋ드디어 당했다ㅋㅋㅋㅋㅋㅋkorean sister prank",
        "description": "#몰카 #몰래카메라 #양대산맥\n\n안녕하세요 양대산맥입니다.\n오늘은 늘 장난만 치던 양가가 여동생에게 당했습니다ㅋㅋㅋㅋ\n과연 양가의 반응은??ㅋㅋㅋㅋㅋㅋㅋ\n여동생 복수 몰카 재밌게 봐주세요~^^",
        "thumbnail": "https://i.ytimg.com/vi/BD98at-S4FY/mqdefault.jpg",
        "youtubeVideoId": "BD98at-S4FY",
        "uploadedDate": "2020-03-20T09:51:06Z",
        "viewCount": 0,
        "isCommercial": "False"
    },
    {
        "id": "b6abf7b9-5d96-45b1-995d-ddfea7e3877f",
        "title": "(SUB)(몰카)여동생 5탄! 고백 몰카ㅋㅋㅋㅋㅋㅋㅋㅋㅋㅋㅋㅋkorean sister prank",
        "description": "#몰카 #몰래카메라 #양대산맥\n\n안녕하세요 양대산맥입니다.\n오늘은 여동생 고백몰카를 준비했어요~\n재밌게 봐주세용~^^",
        "thumbnail": "https://i.ytimg.com/vi/FKBiSvPIsuA/mqdefault.jpg",
        "youtubeVideoId": "FKBiSvPIsuA",
        "uploadedDate": "2020-03-20T09:51:38Z",
        "viewCount": 0,
        "isCommercial": "False"
    },
    {
        "id": "38fdb8f8-8b2b-405d-ba04-55e06d17df45",
        "title": "(SUB)(몰카)여동생 6탄!! 취두부 몰카ㅋㅋㅋㅋㅋㅋㅋㅋㅋㅋㅋㅋㅋㅋㅋㅋㅋkorean sister prank",
        "description": "#몰카#몰래카메라#양대산맥\n안녕하세요~ 양대 산맥입니다!\n오랜만에 여동생 몰카를 업로드했습니다.\n많은 분 들이 영상을 봐주시고 관심을 가져주셔서 \n항상 감사히 생각하고 있습니다..!!\n그런데 간혹 여동생을 향해 악의적인 댓글을 다시는 분들이 계신데\n상처가 될만한 글들은 자제해 주시면 감사하겠습니다.!\n오늘도 좋은 하루 보내시고! 행복한 하루 보내세요!",
        "thumbnail": "https://i.ytimg.com/vi/6O0wtckL9K8/mqdefault.jpg",
        "youtubeVideoId": "6O0wtckL9K8",
        "uploadedDate": "2020-03-20T09:52:09Z",
        "viewCount": 0,
        "isCommercial": "False"
    },
    {
        "id": "8c1f9f34-a1c1-42bf-97bd-d73dba43dd66",
        "title": "(몰카)여동생 몰카 몰아보기ㅋㅋㅋㅋㅋㅋㅋㅋㅋㅋㅋㅋㅋㅋㅋ",
        "description": "#몰카#몰래카메라#여동생\n\n안녕하세요~ 양대 산맥입니다!\n많은 분들께서 여동생 몰카 시리즈를 좋아해 주셔서\n한 번에 몰아볼 수 있게 만들었습니다!!\n재밌게 봐주시고 좋은 하루 보내세요!",
        "thumbnail": "https://i.ytimg.com/vi/5uF8Z_fJem0/mqdefault.jpg",
        "youtubeVideoId": "5uF8Z_fJem0",
        "uploadedDate": "2020-03-22T02:39:44Z",
        "viewCount": 0,
        "isCommercial": "False"
    },
    {
        "id": "7797ab18-f8bf-43b8-a071-de6cb973af12",
        "title": "(SUB)(몰카)여동생7탄!! 다이어트 몰캌ㅋㅋㅋㅋㅋㅋㅋㅋㅋㅋㅋㅋkorean sister prank",
        "description": "#몰카#몰래카메라#양대산맥\n\n오늘은 말로만 다이어트를 하는 여동생을 위한\n몰카를 준비했습니다!!!\n재밌게 봐주시고 좋은 하루 되세요!!",
        "thumbnail": "https://i.ytimg.com/vi/P2UW_o82gsI/mqdefault.jpg",
        "youtubeVideoId": "P2UW_o82gsI",
        "uploadedDate": "2020-04-05T16:29:26Z",
        "viewCount": 0,
        "isCommercial": "False"
    },
    {
        "id": "3763604f-503e-4903-b321-6ca452c2063f",
        "title": "(SUB)(몰카)여동생8탄!! 다이어트 몰카2ㅋㅋㅋㅋㅋㅋㅋㅋㅋㅋㅋㅋㅋㅋㅋㅋㅋkorean sister prank",
        "description": "#몰카#몰래카메라#여동생\n\n오늘은 여동생 다이어트2 몰카를 준비했습니다!\n건강 조심하시고 좋은 하루 되세요~!!",
        "thumbnail": "https://i.ytimg.com/vi/Hj8-QXD1F9k/mqdefault.jpg",
        "youtubeVideoId": "Hj8-QXD1F9k",
        "uploadedDate": "2020-04-06T07:05:20Z",
        "viewCount": 0,
        "isCommercial": "False"
    },
    {
        "id": "b6b701e4-5fce-4a4c-88e4-6d0477dd2252",
        "title": "(SUB)(몰카)여동생 9탄!! 발냄새 맡은 여동생 반응보소ㅋㅋㅋㅋ korean sister prank",
        "description": "#몰카#몰래카메라#양대산맥\n\n안녕하세요 양대 산맥입니다!\n오늘은 여동생 몰카 9탄 발냄새 몰카를 준비했습니다!\n재밌게 봐주세요~",
        "thumbnail": "https://i.ytimg.com/vi/eCbiI57IeVA/mqdefault.jpg",
        "youtubeVideoId": "eCbiI57IeVA",
        "uploadedDate": "2020-04-22T03:59:01Z",
        "viewCount": 0,
        "isCommercial": "False"
    },
    {
        "id": "135ec7bd-86f9-4f44-91f4-96afa0351de6",
        "title": "(몰카)여동생 10탄!! 여동생에게 온천탕을 만들어주기ㅋㅋㅋㅋㅋㅋㅋㅋㅋㅋㅋ",
        "description": "#몰카 #몰래카메라 #양대산맥\n\n안녕하세요! 양대산맥입니다.\n오늘은 저 때문에 피곤한 동생에게 온천탕을 만들어줬어요.\n오늘도 재밌게 봐주세요~^^",
        "thumbnail": "https://i.ytimg.com/vi/84rxTqOonvs/mqdefault.jpg",
        "youtubeVideoId": "84rxTqOonvs",
        "uploadedDate": "2020-04-28T10:06:15Z",
        "viewCount": 0,
        "isCommercial": "False"
    },
    {
        "id": "10eccd08-440b-44ac-8f03-7b1f8a687259",
        "title": "(몰카)여동생 10탄!! 여동생에게 온천탕을 만들어주기ㅋㅋㅋㅋㅋㅋㅋㅋㅋㅋㅋ",
        "description": "#몰카 #몰래카메라 #양대산맥\n\n안녕하세요! 양대산맥입니다.\n오늘은 저 때문에 피곤한 동생에게 온천탕을 만들어줬어요.\n오늘도 재밌게 봐주세요~^^",
        "thumbnail": "https://i.ytimg.com/vi/84rxTqOonvs/mqdefault.jpg",
        "youtubeVideoId": "84rxTqOonvs",
        "uploadedDate": "2020-04-28T10:06:27Z",
        "viewCount": 0,
        "isCommercial": "False"
    },
    {
        "id": "6973d3b6-2bd4-4d45-bd06-06ba648f0df9",
        "title": "(몰카)여동생12탄! 여동생은 모르게 소개팅 시켜주깈ㅋㅋㅋㅋㅋㅋㅋ",
        "description": "#몰카#몰래카메라#양대산맥\n\n안녕하세요 양대 산맥입니다!\n오늘은 여동생도 모르게 여동생 소개팅 시켜줬습니다!!\n영상 재밌게 보시고 좋은 하루 되세요!!",
        "thumbnail": "https://i.ytimg.com/vi/FjK4QhZoUII/mqdefault.jpg",
        "youtubeVideoId": "FjK4QhZoUII",
        "uploadedDate": "2020-05-08T05:02:41Z",
        "viewCount": 0,
        "isCommercial": "False"
    },
    {
        "id": "bbed6ad2-b8e3-4093-bd92-6cd9fadf5fd2",
        "title": "(몰카)여동생12탄! 여동생은 모르게 소개팅 시켜주깈ㅋㅋㅋㅋㅋㅋㅋ",
        "description": "#몰카#몰래카메라#양대산맥\n\n안녕하세요 양대 산맥입니다!\n오늘은 여동생도 모르게 여동생 소개팅 시켜줬습니다!!\n영상 재밌게 보시고 좋은 하루 되세요!!",
        "thumbnail": "https://i.ytimg.com/vi/FjK4QhZoUII/mqdefault.jpg",
        "youtubeVideoId": "FjK4QhZoUII",
        "uploadedDate": "2020-05-08T05:02:58Z",
        "viewCount": 0,
        "isCommercial": "False"
    },
    {
        "id": "15e0d64a-aaa1-4915-b82e-b02eb79abbe5",
        "title": "(몰카)여동생13탄!! 거짓말을 안 해도 스스로 속는 동생ㅋㅋㅋㅋㅋ",
        "description": "#몰카#몰래카메라#양대산맥\n\n안녕하세요~ 양대 산맥입니다!\n오늘은 여동생 13탄! 거짓말 1도 없이 여동생을 속여보았습니다~!\n재밌게 봐주시고 좋아요 구독 꼭 좀 부탁드리겠습니다~!!",
        "thumbnail": "https://i.ytimg.com/vi/UnteuT43LME/mqdefault.jpg",
        "youtubeVideoId": "UnteuT43LME",
        "uploadedDate": "2020-05-14T07:49:32Z",
        "viewCount": 0,
        "isCommercial": "False"
    },
    {
        "id": "2f05d9fa-32ec-44e0-8260-c3f524d0c370",
        "title": "(몰카)여동생13탄!! 거짓말을 안 해도 스스로 속는 동생ㅋㅋㅋㅋㅋ",
        "description": "#몰카#몰래카메라#양대산맥\n\n안녕하세요~ 양대 산맥입니다!\n오늘은 여동생 13탄! 거짓말 1도 없이 여동생을 속여보았습니다~!\n재밌게 봐주시고 좋아요 구독 꼭 좀 부탁드리겠습니다~!!",
        "thumbnail": "https://i.ytimg.com/vi/UnteuT43LME/mqdefault.jpg",
        "youtubeVideoId": "UnteuT43LME",
        "uploadedDate": "2020-05-14T07:50:03Z",
        "viewCount": 0,
        "isCommercial": "False"
    },
    {
        "id": "f4aca2d1-51c5-42a7-a2c8-9989562d9ac1",
        "title": "(몰카)여동생14탄!! 진심 거짓말 1도 안 했습니다! 동생이 또 속네요ㅎㅎㅎ",
        "description": "#몰카#몰래카메라#양대산맥\n\n안녕하세요~ 양대 산맥입니다!\n오늘은 여동생 14탄 거짓말 1도 없는 몰카2를 준비했습니다~!\n재밌게 봐주시고 구독과 좋아요 부탁드리겠습니다!\n좋은 하루 보내세요~",
        "thumbnail": "https://i.ytimg.com/vi/SezIor7VS84/mqdefault.jpg",
        "youtubeVideoId": "SezIor7VS84",
        "uploadedDate": "2020-05-19T12:09:54Z",
        "viewCount": 0,
        "isCommercial": "False"
    },
    {
        "id": "b3a1a773-7fce-455a-8869-889c0465e946",
        "title": "(몰카)여동생14탄!! 진심 거짓말 1도 안 했습니다! 동생이 또 속네요ㅎㅎㅎ",
        "description": "#몰카#몰래카메라#양대산맥\n\n안녕하세요~ 양대 산맥입니다!\n오늘은 여동생 14탄 거짓말 1도 없는 몰카2를 준비했습니다~!\n재밌게 봐주시고 구독과 좋아요 부탁드리겠습니다!\n좋은 하루 보내세요~",
        "thumbnail": "https://i.ytimg.com/vi/SezIor7VS84/mqdefault.jpg",
        "youtubeVideoId": "SezIor7VS84",
        "uploadedDate": "2020-05-19T12:10:02Z",
        "viewCount": 0,
        "isCommercial": "False"
    },
    {
        "id": "ee369aca-e20b-488a-9e64-1e52b2711e0f",
        "title": "(몰카)여동생14탄!! 진심 거짓말 1도 안 했습니다! 동생이 또 속네요ㅎㅎㅎ",
        "description": "#몰카#몰래카메라#양대산맥\n\n안녕하세요~ 양대 산맥입니다!\n오늘은 여동생 14탄 거짓말 1도 없는 몰카2를 준비했습니다~!\n재밌게 봐주시고 구독과 좋아요 부탁드리겠습니다!\n좋은 하루 보내세요~",
        "thumbnail": "https://i.ytimg.com/vi/SezIor7VS84/mqdefault.jpg",
        "youtubeVideoId": "SezIor7VS84",
        "uploadedDate": "2020-05-19T12:10:20Z",
        "viewCount": 0,
        "isCommercial": "False"
    },
    {
        "id": "9f865c3a-7197-4981-8724-0e4df0625d25",
        "title": "여동생15탄!!!! 영상을 못 올린 이유",
        "description": "#양대산맥 #여동생 #현실남매\n\n안녕하세요 양대산맥입니다~\n일단 너무 오랜만에 영상을 업로드해서 죄송합니다ㅠㅠ\n현호가 동생에게 맞아서 못 올린거 아니에요ㅋㅋㅋㅋㅋㅋㅋㅋㅋ\n저희가 각자 일이 있어서 한동안 업로드를 못했어요..\n무슨 일이 있는건 아닙니다. \n저희 영상을 기다려주신 분도 많은데 정말 죄송하고 감사해요~\n앞으로 재밌는 영상 많이많이 업로드할테니 재밌게 봐주세요~~\n다시한번 감사드립니다!!! 구독과 좋아요 사랑해요^^*",
        "thumbnail": "https://i.ytimg.com/vi/bCuvQnNryl4/mqdefault.jpg",
        "youtubeVideoId": "bCuvQnNryl4",
        "uploadedDate": "2020-06-14T03:04:18Z",
        "viewCount": 0,
        "isCommercial": "False"
    },
    {
        "id": "97058a90-70c0-4e11-a677-90e5aa803a15",
        "title": "여동생15탄!!!! 영상을 못 올린 이유",
        "description": "#양대산맥 #여동생 #현실남매\n\n안녕하세요 양대산맥입니다~\n일단 너무 오랜만에 영상을 업로드해서 죄송합니다ㅠㅠ\n현호가 동생에게 맞아서 못 올린거 아니에요ㅋㅋㅋㅋㅋㅋㅋㅋㅋ\n저희가 각자 일이 있어서 한동안 업로드를 못했어요..\n무슨 일이 있는건 아닙니다. \n저희 영상을 기다려주신 분도 많은데 정말 죄송하고 감사해요~\n앞으로 재밌는 영상 많이많이 업로드할테니 재밌게 봐주세요~~\n다시한번 감사드립니다!!! 구독과 좋아요 사랑해요^^*",
        "thumbnail": "https://i.ytimg.com/vi/bCuvQnNryl4/mqdefault.jpg",
        "youtubeVideoId": "bCuvQnNryl4",
        "uploadedDate": "2020-06-14T03:04:30Z",
        "viewCount": 0,
        "isCommercial": "False"
    },
    {
        "id": "0af60ba8-1182-4f72-a195-494645822bcc",
        "title": "여동생16탄!! 여동생과 양가에게 하루종일 비트박스를 한다면??ㅋㅋㅋㅋㅋㅋㅋㅋㅋㅋㅋ현실남매 반응보솤ㅋㅋㅋㅋㅋㅋㅋㅋ",
        "description": "#양대산맥 #현실남매 #비트박스\n\n안녕하세요!! 양대산맥입니다.\n오늘은 양가남매에게 하루종일 비트박스를 해보았어요~\n재밌게 봐주세요~~^^",
        "thumbnail": "https://i.ytimg.com/vi/sluR-cdUKxE/mqdefault.jpg",
        "youtubeVideoId": "sluR-cdUKxE",
        "uploadedDate": "2020-06-16T09:44:01Z",
        "viewCount": 0,
        "isCommercial": "False"
    },
    {
        "id": "09f7c23b-d81c-46ad-bb3b-1ac477f99e81",
        "title": "여동생16탄!! 여동생과 양가에게 하루종일 비트박스를 한다면??ㅋㅋㅋㅋㅋㅋㅋㅋㅋㅋㅋ현실남매 반응보솤ㅋㅋㅋㅋㅋㅋㅋㅋ",
        "description": "#양대산맥 #현실남매 #비트박스\n\n안녕하세요!! 양대산맥입니다.\n오늘은 양가남매에게 하루종일 비트박스를 해보았어요~\n재밌게 봐주세요~~^^",
        "thumbnail": "https://i.ytimg.com/vi/sluR-cdUKxE/mqdefault.jpg",
        "youtubeVideoId": "sluR-cdUKxE",
        "uploadedDate": "2020-06-16T09:44:08Z",
        "viewCount": 0,
        "isCommercial": "False"
    },
    {
        "id": "1a1480dd-632e-4cc2-98f9-4044589a00db",
        "title": "나쁜남자2탄) 임성욱vs여동생 창과 방패의 대결 과연 승자는...?",
        "description": "#양대산맥#임성욱#여동생\n\n안녕하세요! 양대산맥입니다!\n오늘은 나쁜남자로 여동생 꼬시기를 위해 \n성욱이가 먼 곳에서 직접 와줬습니다!\n영상 재밌게 봐주시고 구독과 좋아요 꼭 좀 부탁드리겠습니다!",
        "thumbnail": "https://i.ytimg.com/vi/ozoV_x_uqE4/mqdefault.jpg",
        "youtubeVideoId": "ozoV_x_uqE4",
        "uploadedDate": "2020-06-24T08:16:07Z",
        "viewCount": 0,
        "isCommercial": "False"
    },
    {
        "id": "e8280e81-dab9-46b4-9762-76c39ed58cc9",
        "title": "나쁜남자2탄) 임성욱vs여동생 창과 방패의 대결 과연 승자는...?",
        "description": "#양대산맥#임성욱#여동생\n\n안녕하세요! 양대산맥입니다!\n오늘은 나쁜남자로 여동생 꼬시기를 위해 \n성욱이가 먼 곳에서 직접 와줬습니다!\n영상 재밌게 봐주시고 구독과 좋아요 꼭 좀 부탁드리겠습니다!",
        "thumbnail": "https://i.ytimg.com/vi/ozoV_x_uqE4/mqdefault.jpg",
        "youtubeVideoId": "ozoV_x_uqE4",
        "uploadedDate": "2020-06-24T08:16:34Z",
        "viewCount": 0,
        "isCommercial": "False"
    },
    {
        "id": "2288a5bf-cb75-4137-94eb-705769a96b4e",
        "title": "나쁜남자2탄) 임성욱vs여동생 창과 방패의 대결 과연 승자는...?",
        "description": "#양대산맥#임성욱#여동생\n\n안녕하세요! 양대산맥입니다!\n오늘은 나쁜남자로 여동생 꼬시기를 위해 \n성욱이가 먼 곳에서 직접 와줬습니다!\n영상 재밌게 봐주시고 구독과 좋아요 꼭 좀 부탁드리겠습니다!",
        "thumbnail": "https://i.ytimg.com/vi/ozoV_x_uqE4/mqdefault.jpg",
        "youtubeVideoId": "ozoV_x_uqE4",
        "uploadedDate": "2020-06-24T08:16:38Z",
        "viewCount": 0,
        "isCommercial": "False"
    },
    {
        "id": "da142071-50b1-42ea-b97c-caf1be372161",
        "title": "(몰카)여동생을 블루투스로 속여봤습니다ㅋㅋㅋ",
        "description": "#양대산맥#여동생#현실남매\n\n안녕하세요~ 양대 산맥입니다!\n오늘은 여동생을 블루투스로 속여보았습니다ㅎㅎ\n영상 재밌게 봐주세요!!",
        "thumbnail": "https://i.ytimg.com/vi/Llvp1KWHtIo/mqdefault.jpg",
        "youtubeVideoId": "Llvp1KWHtIo",
        "uploadedDate": "2020-06-27T03:48:32Z",
        "viewCount": 0,
        "isCommercial": "False"
    },
    {
        "id": "1e2dbde3-184d-451d-bdbc-896bd8b084ac",
        "title": "(몰카)여동생을 블루투스로 속여봤습니다ㅋㅋㅋ",
        "description": "#양대산맥#여동생#현실남매\n\n안녕하세요~ 양대 산맥입니다!\n오늘은 여동생을 블루투스로 속여보았습니다ㅎㅎ\n영상 재밌게 봐주세요!!",
        "thumbnail": "https://i.ytimg.com/vi/Llvp1KWHtIo/mqdefault.jpg",
        "youtubeVideoId": "Llvp1KWHtIo",
        "uploadedDate": "2020-06-27T03:49:00Z",
        "viewCount": 0,
        "isCommercial": "False"
    },
    {
        "id": "aab76e83-7ad4-4ce3-ac87-9aa2542d340d",
        "title": "남친 생긴 여동생 쌩까기ㅋㅋㅋㅋㅋㅋㅋㅋㅋ누구시죠?ㅋㅋㅋㅋㅋㅋㅋㅋㅋㅋㅋㅋㅋ",
        "description": "#양대산맥 #여동생 #개그\n\n안녕하세요 양대산맥입니다.\n오늘은 여동생이 남친 공개를 하고 여동생 쌩까는 현호영상을 준비했어요.\n재밌게 봐주시고 구독과 좋아요 부탁드려요 ~",
        "thumbnail": "https://i.ytimg.com/vi/A5c4vz_OCis/mqdefault.jpg",
        "youtubeVideoId": "A5c4vz_OCis",
        "uploadedDate": "2020-07-09T10:46:48Z",
        "viewCount": 0,
        "isCommercial": "False"
    },
    {
        "id": "ac418873-9fc3-4191-9376-9d356e55184d",
        "title": "여동생 공포 몰카라 쓰고 양가 역몰카라 읽는다ㅋㅋㅋㅋㅋ",
        "description": "#양대산맥#몰카#몰래카메라\n\n안녕하세요 양대 산맥입니다!\n오늘은 여동생 몰카인척 하고 양가 몰카를 준비했습니다!!\n영상 재밌게 봐주시고 좋은 하루 보내세요~!\n구독 좋아요 꼭 좀 부탁드립니다ㅎㅎ",
        "thumbnail": "https://i.ytimg.com/vi/68SmvawDjNk/mqdefault.jpg",
        "youtubeVideoId": "68SmvawDjNk",
        "uploadedDate": "2020-07-12T04:24:08Z",
        "viewCount": 0,
        "isCommercial": "False"
    },
    {
        "id": "3ac21a51-3966-4a67-b3db-029d93910ec0",
        "title": "여동생 공포 몰카라 쓰고 양가 역몰카라 읽는다ㅋㅋㅋㅋㅋ",
        "description": "#양대산맥#몰카#몰래카메라\n\n안녕하세요 양대 산맥입니다!\n오늘은 여동생 몰카인척 하고 양가 몰카를 준비했습니다!!\n영상 재밌게 봐주시고 좋은 하루 보내세요~!\n구독 좋아요 꼭 좀 부탁드립니다ㅎㅎ",
        "thumbnail": "https://i.ytimg.com/vi/68SmvawDjNk/mqdefault.jpg",
        "youtubeVideoId": "68SmvawDjNk",
        "uploadedDate": "2020-07-12T04:24:18Z",
        "viewCount": 0,
        "isCommercial": "False"
    },
    {
        "id": "6b086085-2847-4e8d-a792-4371348294f0",
        "title": "여동생 공포 몰카라 쓰고 양가 역몰카라 읽는다ㅋㅋㅋㅋㅋ",
        "description": "#양대산맥#몰카#몰래카메라\n\n안녕하세요 양대 산맥입니다!\n오늘은 여동생 몰카인척 하고 양가 몰카를 준비했습니다!!\n영상 재밌게 봐주시고 좋은 하루 보내세요~!\n구독 좋아요 꼭 좀 부탁드립니다ㅎㅎ",
        "thumbnail": "https://i.ytimg.com/vi/68SmvawDjNk/mqdefault.jpg",
        "youtubeVideoId": "68SmvawDjNk",
        "uploadedDate": "2020-07-12T04:24:29Z",
        "viewCount": 0,
        "isCommercial": "False"
    },
    {
        "id": "4c26fbac-ce52-4dd6-8f7b-ace7340e40aa",
        "title": "여동생 공포 몰카라 쓰고 양가 역몰카라 읽는다ㅋㅋㅋㅋㅋ",
        "description": "#양대산맥#몰카#몰래카메라\n\n안녕하세요 양대 산맥입니다!\n오늘은 여동생 몰카인척 하고 양가 몰카를 준비했습니다!!\n영상 재밌게 봐주시고 좋은 하루 보내세요~!\n구독 좋아요 꼭 좀 부탁드립니다ㅎㅎ",
        "thumbnail": "https://i.ytimg.com/vi/68SmvawDjNk/mqdefault.jpg",
        "youtubeVideoId": "68SmvawDjNk",
        "uploadedDate": "2020-07-12T04:48:17Z",
        "viewCount": 0,
        "isCommercial": "False"
    },
    {
        "id": "73141fec-b339-4a33-bd43-529282189466",
        "title": "여동생방에 방탈출 카페 만들어주기ㅋㅋㅋㅋㅋㅋㅋㅋㅋㅋㅋㅋㅋㅋㅋㅋㅋㅋ",
        "description": "#양대산맥 #여동생 #방탈출\n\n안녕하세요~ 양대산맥입니다.\n오늘은 여동생 방을 방탈출카페로 만들어줬어요~\n여동생이 너무 좋아하네요!! \n재밌게 봐주세요 ~~^^",
        "thumbnail": "https://i.ytimg.com/vi/oUurlUIRFu0/mqdefault.jpg",
        "youtubeVideoId": "oUurlUIRFu0",
        "uploadedDate": "2020-07-21T09:25:06Z",
        "viewCount": 0,
        "isCommercial": "False"
    },
    {
        "id": "3d028712-7ac6-4edc-86f8-882411804052",
        "title": "뒷담화는 나쁜겁니다! 여동생앞에서 대놓고 앞담화하깈ㅋㅋㅋㅋㅋㅋㅋㅋㅋㅋㅋㅋㅋㅋㅋㅋ",
        "description": "#양대산맥 #여동생 #몰카\n\n안녕하세요~ 양대산맥입니다.\n오늘 준비한 컨텐츠는 여동생앞에서 앞담화를 해봤습니다.\n구독자분들이 여동생보다 저희를 너무 약하게 보시더라구요.\n그래서 준비했습니다.\n오늘은 여동생 앞에서 할 말 다 해봤습니다.\n과연 여동생의 반응은 어떨까요??\n재밌게 봐주시고 구독과 좋아요 부탁드려요~!!",
        "thumbnail": "https://i.ytimg.com/vi/-ZAOdkon-jo/mqdefault.jpg",
        "youtubeVideoId": "-ZAOdkon-jo",
        "uploadedDate": "2020-07-29T04:34:33Z",
        "viewCount": 0,
        "isCommercial": "False"
    },
    {
        "id": "d540cd70-5d72-43f3-8430-1e1d4b56cc61",
        "title": "쇼미 지원하는 척 여동생 앞에서 여동생 디스랩하기ㅋㅋㅋㅋㅋㅋㅋㅋㅋㅋㅋㅋㅋ",
        "description": "#양대산맥 #쇼미더머니 #몰카\n\n안녕하세요 양대산맥입니다.\n오늘 준비한 영상은 쇼미더머니에 지원하는 척\n여동생 앞에서 대놓고 디스랩을 해봤습니다.\n여동생의 반응은 어떨까요??\n재밌게 봐주시고 구독과 좋아요 부탁드려요~\n그리고 코로나가 다시 많이 확산되고 있는데 \n구독자님들 조심하시고 항상 건강하세요~^^",
        "thumbnail": "https://i.ytimg.com/vi/SD4U1XB5zPQ/mqdefault.jpg",
        "youtubeVideoId": "SD4U1XB5zPQ",
        "uploadedDate": "2020-08-18T04:01:30Z",
        "viewCount": 0,
        "isCommercial": "False"
    },
    {
        "id": "1fe60e35-9fb3-48b7-99b9-42ed5ede0413",
        "title": "세상에 나쁜 여동생은 있긴 있다..",
        "description": "#양대산맥 #여동생 #몰카\n\n안녕하세요 양대산맥입니다.\n오늘 준비한 영상은 세상에 나쁜 개는 없다를 패러디한 \n세상에 나쁜 여동생은 없다 입니다.\n과연 여동생을 말 잘듣는 여동생으로 바꿀 수 있을까요?\n영상을 리얼로 찍다보니 여동생이 술에 취한 모습이 보이는데요.\n그 점을 인지하고 봐주시면 감사하겠습니다.\n항상 여동생이 안이뻐도 이쁘다고 해주시고 \n폭력적이여도 여리여리하다고 해주시고\n욕을 해도 이쁘다고 해주셔서 감사합니다ㅎㅎㅎㅎㅎㅎㅎ\n재밌게 봐주시고 구독 좋아요 부탁드려요~~^^",
        "thumbnail": "https://i.ytimg.com/vi/LXN_UVejm2I/mqdefault.jpg",
        "youtubeVideoId": "LXN_UVejm2I",
        "uploadedDate": "2020-08-22T04:18:13Z",
        "viewCount": 0,
        "isCommercial": "False"
    },
    {
        "id": "66db4f24-614f-4fd2-99ee-e6574646dd51",
        "title": "가짜사나이 3기에 여동생 지원시키겠습니다",
        "description": "#양대산맥 #여동생 #가짜사나이\n\n안녕하세요 양대산맥입니다.\n오늘 준비한 영상은 요즘 유튜브에 핫한 가짜사나이 컨셉으로\n여동생 다이어트를 도와줬습니다.\n항상 장난식으로 다이어트를 도와줬다면 \n오늘은 정말 제대로 다이어트 도와줬습니다.\n하늘에 별이 보인다는 말이 괜히 나온 말이 아닌 것 같아요.\n나중에는 가짜사나이 3기에 여동생을 지원시키는 그날까지ㅋㅋㅋㅋ\n재밌게 봐주시고 구독과 좋아요 부탁드려욧~~",
        "thumbnail": "https://i.ytimg.com/vi/CvTQFX-HIHk/mqdefault.jpg",
        "youtubeVideoId": "CvTQFX-HIHk",
        "uploadedDate": "2020-08-27T07:09:19Z",
        "viewCount": 0,
        "isCommercial": "False"
    },
    {
        "id": "e85ff26c-b013-42f3-aee4-7edf78ae6514",
        "title": "여동생앞에서 스피드퀴즈를 해보았다.",
        "description": "#양대산맥 #여동생 #몰카\n\n안녕하세요~ 양대산맥입니다.\n오늘은 여동생 앞에서 스피드퀴즈를 하는 척\n여동생 디스를 해보았습니다.\n여동생의 반응은 어떨까요??\n그리고 저희가 약하다고 하시는데 절대 아닙니다.\n항상 여동생을 사랑하는 마음으로 맞아주는 겁니다.\n알아주셔서 감사합니다.\n재밌게 봐주시고 구독과 좋아요 부탁드릴게요~~",
        "thumbnail": "https://i.ytimg.com/vi/TqNjCg0LFGo/mqdefault.jpg",
        "youtubeVideoId": "TqNjCg0LFGo",
        "uploadedDate": "2020-08-29T04:58:14Z",
        "viewCount": 0,
        "isCommercial": "False"
    },
    {
        "id": "1703988a-b73c-4c84-b420-ba13e1da8453",
        "title": "여동생 임파서블 - Mission Impossible",
        "description": "#양대산맥 #몰카 #몰래카메라\n\n안녕하세요 양대산맥입니다.\n오늘 준비한 영상은 현호와 양가가 서로 5가지의 미션을 주고\n더 빨리 그 미션을 성공하는 사람이 이기는 건데요.\n여동생에게 더 빨리 미션을 성공하는 과연 사람은 누구일까요?\n실패한 사람에게는 무시무시한 벌칙이 있는데요.\n과연 어떤 벌칙과 그 벌칙을 받게 되는 사람은 누구일까요?\n재밌게 봐주시고 구독과 좋아요 부탁드려요~~\n항상 저희 영상을 재밌게 봐주셔서 정말 감사합니다!!",
        "thumbnail": "https://i.ytimg.com/vi/C9UKVJUul00/mqdefault.jpg",
        "youtubeVideoId": "C9UKVJUul00",
        "uploadedDate": "2020-09-03T05:35:56Z",
        "viewCount": 0,
        "isCommercial": "False"
    },
    {
        "id": "4818871f-56a4-4c52-bbbb-620389bdaf34",
        "title": "정말 아무것도 안 해보았습니다.",
        "description": "#양대산맥 #몰카 #몰래카메라\n\n안녕하세요 양대산맥입니다.\n저희가 댓글을 보다가 동생 앞에서 \n아무것도 하지말아달라는댓글을 봤어요.\n그래서 오늘 준비한 영상은 동생 앞에서 \n정말 아무것도 안 해보았습니다.\n여동생의 반응은 어떨까요?\n재밌게 봐주시고 구독과 좋아요 부탁드려요~\n항상 재밌게 봐주시는 구독자분들 정말 감사합니다 !!\n오늘도 저희 영상 보시고 좋은 하루 보내세요~^^",
        "thumbnail": "https://i.ytimg.com/vi/JhyMHMuqdMY/mqdefault.jpg",
        "youtubeVideoId": "JhyMHMuqdMY",
        "uploadedDate": "2020-09-05T04:03:32Z",
        "viewCount": 0,
        "isCommercial": "False"
    },
    {
        "id": "0ec1d75f-a365-42a4-ae4e-eb83e7bf1cc8",
        "title": "여동생앞에서 아픈척 하기??",
        "description": "#양대산맥 #여동생 #반응\n\n안녕하세요 양대산맥입니다.\n오늘의 컨텐츠는 여동생앞에서 아픈 척하기인데요.\n양가가 여동생앞에서 아픈 척을 했을 때 \n여동생의 반응보기를 할건데 그것만 하면 재미없겠죠??\n양가의 역몰카를 준비했습니닼ㅋㅋㅋㅋㅋㅋㅋㅋㅋ\n여동생에게 양가가 아픈 척을 할거라고 미리 말을 해줬어요.\n과연 여동생과 양가의 반응은 어떨까요??\n재밌게 봐주시고 구독과 좋아요 부탁드려요~\n감사합니다!!",
        "thumbnail": "https://i.ytimg.com/vi/XFaFv78F6_4/mqdefault.jpg",
        "youtubeVideoId": "XFaFv78F6_4",
        "uploadedDate": "2020-09-10T05:42:57Z",
        "viewCount": 0,
        "isCommercial": "False"
    },
    {
        "id": "03bd046d-603a-4bed-9369-7ebb6c460e2d",
        "title": "이런 실력차이 처음 본다 ㄷㄷ 잔혹할 정도로 일방적인 경기 !!",
        "description": "#이승아 #박한솔 #KBA",
        "thumbnail": "https://i.ytimg.com/vi/dbY7tHPieyM/mqdefault.jpg",
        "youtubeVideoId": "dbY7tHPieyM",
        "uploadedDate": "2020-09-10T18:54:25Z",
        "viewCount": 2768566,
        "isCommercial": "False"
    },
    {
        "id": "8858fc76-769d-457b-8675-3c900c4ea010",
        "title": "드디어 해냈습니다.",
        "description": "#양대산맥 #여동생 #몰카\n\n안녕하세요~ 양대산맥입니다.\n오늘의 영상은 매일 속인다하고 당하기만해서 준비했습니다.\n친한 동생을 불러서 여동생 제대로 속여봤습니다.\n재밌게 봐주시고 구독과 좋아요 부탁드려요~^^",
        "thumbnail": "https://i.ytimg.com/vi/MLbiiAOuf9I/mqdefault.jpg",
        "youtubeVideoId": "MLbiiAOuf9I",
        "uploadedDate": "2020-09-13T03:53:05Z",
        "viewCount": 397994,
        "isCommercial": "False"
    },
    {
        "id": "b853bcae-2d1b-4eeb-b9c6-0f13ec34c321",
        "title": "쇼파에 앉아보았다.",
        "description": "#양대산맥 #몰카 #몰래카메라\n\n안녕하세요 양대산맥입니다.\n오늘은 현호와 제가 쇼파에 앉아보았습니다.\n댓글에 저희가 쇼파에도 못 앉고 바닥에만 앉는다고 하시는 \n분들이 계셔서 쇼파에 앉아보았습니다.\n근데 저희는 바닥이 더 편해서 바닥에 앉는 것 입니다.\n확실하게 알아주셨으면 좋겠습니다.\n저희도 쇼파에 앉을 수 있습니다.\n구독과 좋아요 눌러주시면 감사하겠습니다.",
        "thumbnail": "https://i.ytimg.com/vi/ug4ouJtMGeQ/mqdefault.jpg",
        "youtubeVideoId": "ug4ouJtMGeQ",
        "uploadedDate": "2020-09-24T07:38:29Z",
        "viewCount": 291546,
        "isCommercial": "False"
    },
    {
        "id": "43264e20-d3f6-49e1-8d7f-db2f91e3293e",
        "title": "쌍둥이 언니가 돼보았다.",
        "description": "#양대산맥 #현실남매 #현실자매\n\n안녕하세요 양대산맥입니다.\n오늘은 여동생의 쌍둥이 누나가 되보았습니다.\n언니를 갖고 싶다던 여동생.\n그래서 오늘은 양가비로 변신해보았습니다.\n실제로 언니가 나타나면 어떤 반응일까요?\n재밌게 봐주시고 구독과 좋아요 부탁드려요~^^",
        "thumbnail": "https://i.ytimg.com/vi/M43CHO8IB6M/mqdefault.jpg",
        "youtubeVideoId": "M43CHO8IB6M",
        "uploadedDate": "2020-09-26T06:49:17Z",
        "viewCount": 266936,
        "isCommercial": "False"
    },
    {
        "id": "7147b24a-7fee-4fc6-9b15-d9405f3276e3",
        "title": "여동생 생일을 축하해주었다.",
        "description": "#양대산맥 #여동생 #생일\n\n안녕하세요 ~ 양대산맥입니다!!!\n10월 2일 오늘은 제 동생인 귀비가 생일입니다.\n그래서 오늘은 여러가지 선물을 가지고 여동생 생일을 축하해주었습니다.\n구독자님들도 제 동생 많이 축하해주세요~^^\n재밌게 봐주시고 남은 추석연휴도 잘보내세요~~",
        "thumbnail": "https://i.ytimg.com/vi/2w-ZpvN7_D8/mqdefault.jpg",
        "youtubeVideoId": "2w-ZpvN7_D8",
        "uploadedDate": "2020-10-02T05:13:34Z",
        "viewCount": 302132,
        "isCommercial": "False"
    },
    {
        "id": "14a1c6a5-edfc-4a19-8f23-39d540e25ae4",
        "title": "여동생 소파를 치웠다.",
        "description": "#양대산맥 #여동생 #몰카\n\n안녕하세요 ~ 양대산맥입니다.\n다들 추석연휴 잘보내셨나요??\n저희는 잘 보냈습니다^^ 연휴에 못 올렸던 영상을 준비했습니다.\n오늘 준비한 영상은 많은 구독자님들이 쇼파를 치워달라고 하셔서\n진짜 쇼파를 치워보았습니다!!ㅎㅎㅎㅎㅎㅎㅎㅎ \n과연 여동생의 반응은 어떨까요??\n재밌게 봐주시고 구독과 좋아요 부탁드려요~~^^",
        "thumbnail": "https://i.ytimg.com/vi/hIIjDsgxvgw/mqdefault.jpg",
        "youtubeVideoId": "hIIjDsgxvgw",
        "uploadedDate": "2020-10-06T02:53:55Z",
        "viewCount": 259571,
        "isCommercial": "False"
    },
    {
        "id": "76ddd761-3ede-401a-ad42-ceacd71bf549",
        "title": "할로윈데이 여동생을 놀래켜주었다.",
        "description": "#양대산맥 #할로윈 #할로윈데이\n\n안녕하세요 ~ 양대산맥입니다.\n10월 31일!! 오늘은 할로윈데이 입니다. 그래서 준비한 영상!!\n구독자님들이 여동생을 찾으셔서 저희가 준비했습니다.\n할로윈데이 분장을 하고 여동생 놀래키기!!\n여동생방을 무섭게 꾸며논 다음 동생을 놀래킬겁니다.\n과연 성공을 할 수 있을지는 모르겠지만 \n최대한 노력해서 했습니다. 놀래키기 위해서 ㅋㅋㅋㅋㅋㅋ\n재밌게 봐주시고 구독과 좋아요 부탁드려요~^^\n즐거운 할로윈데이 보내세요~~",
        "thumbnail": "https://i.ytimg.com/vi/w4dnp2UyTMw/mqdefault.jpg",
        "youtubeVideoId": "w4dnp2UyTMw",
        "uploadedDate": "2020-10-31T04:05:05Z",
        "viewCount": 165610,
        "isCommercial": "False"
    }
]