[
    {
        "id": "b074eeff-013b-48f5-b290-6a2a2214eac5",
        "title": "유섭아 견뎌[Wap Challenge]",
        "description": "Cardi B - Wap #wap #wapchallenge #왑 #카디비 #왑챌린지 #유교걸",
        "thumbnail": "https://i.ytimg.com/vi/-JcdM-8eT_E/mqdefault.jpg",
        "youtubeVideoId": "-JcdM-8eT_E",
        "uploadedDate": "2020-09-04T09:40:12Z",
        "viewCount": 0,
        "isCommercial": "False"
    },
    {
        "id": "c6174314-c476-4d91-a792-7b3485462bcb",
        "title": "Go crazy challenge with heavy rain",
        "description": "#크리스브라운 #chrisbrown #gocrazy #고크레이지",
        "thumbnail": "https://i.ytimg.com/vi/0O84d_ct5UI/mqdefault.jpg",
        "youtubeVideoId": "0O84d_ct5UI",
        "uploadedDate": "2020-09-04T09:40:32Z",
        "viewCount": 0,
        "isCommercial": "False"
    },
    {
        "id": "29ac7ebd-62dd-4ae7-80a4-66707672cd5e",
        "title": "1일3깡? ㄴㄴ 1일3왑 ㅇㅇ[Wap Challenge]",
        "description": "#cardib #megantheestallion #wap #wapchallenge #외힙 #힙합 #카디비",
        "thumbnail": "https://i.ytimg.com/vi/0PMFfv0T9sg/mqdefault.jpg",
        "youtubeVideoId": "0PMFfv0T9sg",
        "uploadedDate": "2020-09-04T09:40:47Z",
        "viewCount": 0,
        "isCommercial": "False"
    },
    {
        "id": "dcf95560-4338-457e-9ffb-d4d7c31c0fdc",
        "title": "썸머헤이트 챌린지 도전했습니다. 지코(Zico) - Summer Hate(feat.Rain)",
        "description": "#썸머헤이트 #썸머헤이트챌린지 #summerhate #summerhatechallenge #부채춤 #힙합 #국힙",
        "thumbnail": "https://i.ytimg.com/vi/P4I-GaNxvhE/mqdefault.jpg",
        "youtubeVideoId": "P4I-GaNxvhE",
        "uploadedDate": "2020-09-04T09:40:53Z",
        "viewCount": 0,
        "isCommercial": "False"
    },
    {
        "id": "730e4d72-5cfe-4450-9e3f-d4ae3c8fd5c6",
        "title": "깡의 살아있는 교과서 [깡챌린지/1일1깡]",
        "description": "#깡챌린지 #1일1깡 #1일3깡 #1일7깡 #식후깡\n세계최초 깡을 라이브로,,(feat. 한국다람쥐,  한젓가락 plz)",
        "thumbnail": "https://i.ytimg.com/vi/yw6O7P43OlI/mqdefault.jpg",
        "youtubeVideoId": "yw6O7P43OlI",
        "uploadedDate": "2020-09-04T09:40:58Z",
        "viewCount": 0,
        "isCommercial": "False"
    },
    {
        "id": "e4e509a2-3763-4dee-affa-491a5b61918f",
        "title": "어’깡’이 되어보려구요[깡챌린지]",
        "description": "#깡챌린지 #1일1깡 #1일3깡 #1일7깡 #비 #정지훈 #레인이펙트",
        "thumbnail": "https://i.ytimg.com/vi/vDUVl9H24c8/mqdefault.jpg",
        "youtubeVideoId": "vDUVl9H24c8",
        "uploadedDate": "2020-09-04T09:41:01Z",
        "viewCount": 0,
        "isCommercial": "False"
    },
    {
        "id": "f2a5c36a-e866-49f3-9aaa-78cbc29d4f84",
        "title": "Private video",
        "description": "This video is private.",
        "thumbnail": null,
        "youtubeVideoId": "3nh7C3g8bAA",
        "uploadedDate": "2020-09-04T09:41:06Z",
        "viewCount": 0,
        "isCommercial": "False"
    },
    {
        "id": "a0cac4dd-86c3-4c47-a840-0724975571ed",
        "title": "박재범 - all the way up[wayupchallenge]",
        "description": "재범이형의 신곡 All the Way up! challenge 에 참여했습니다\n재범이형이 댓글 달아준건 안비밀ㅎ",
        "thumbnail": "https://i.ytimg.com/vi/2IBMuUQF6UY/mqdefault.jpg",
        "youtubeVideoId": "2IBMuUQF6UY",
        "uploadedDate": "2020-09-04T09:41:12Z",
        "viewCount": 0,
        "isCommercial": "False"
    },
    {
        "id": "4412d023-c868-4021-9b17-5288a4411a8e",
        "title": "Toosieslide challenge(투시슬라이드 챌린지) 12s",
        "description": "#toosieslide #toosieslidechallenge #drake",
        "thumbnail": "https://i.ytimg.com/vi/bspFro1h99E/mqdefault.jpg",
        "youtubeVideoId": "bspFro1h99E",
        "uploadedDate": "2020-09-04T09:41:28Z",
        "viewCount": 0,
        "isCommercial": "False"
    },
    {
        "id": "6b643942-62b8-4539-92a2-a5d02fb3ff1a",
        "title": "아무노래챌린지 댄스에 아무노래를 입혔더니,,",
        "description": "찰떡쿵떡콩떡이구나~~~#아무노래 #아무노래챌린지 #한국을빛낸100명의위인들",
        "thumbnail": "https://i.ytimg.com/vi/h9HprLug6oA/mqdefault.jpg",
        "youtubeVideoId": "h9HprLug6oA",
        "uploadedDate": "2020-09-04T09:41:34Z",
        "viewCount": 0,
        "isCommercial": "False"
    },
    {
        "id": "9a0386aa-3fb2-478e-ac23-c7eec972ab06",
        "title": "아무노래 챌린지/anysong challenge [지코 - 아무노래]",
        "description": "sns에서 핫한 #아무노래챌린지 #아무노래 #지코 저도 한 번 해보았습니다.",
        "thumbnail": "https://i.ytimg.com/vi/Jj3_naiVR5k/mqdefault.jpg",
        "youtubeVideoId": "Jj3_naiVR5k",
        "uploadedDate": "2020-09-04T09:41:38Z",
        "viewCount": 0,
        "isCommercial": "False"
    },
    {
        "id": "7590f866-7f9c-4134-9305-81cf3fa37d2f",
        "title": "Roxanne Challenge, 록샌 챌린지 40s [dance, cover]",
        "description": "choreo - (instagram)ta2subottlegod\n#외힙갤 에서 주관했던 록샌 챌린지 영상입니다.",
        "thumbnail": "https://i.ytimg.com/vi/siPQuNB1VSk/mqdefault.jpg",
        "youtubeVideoId": "siPQuNB1VSk",
        "uploadedDate": "2020-09-04T09:41:43Z",
        "viewCount": 0,
        "isCommercial": "False"
    },
    {
        "id": "488b6b2e-9b2e-44ea-abe0-6e42c9674ce5",
        "title": "bottlecapchallnge/보틀캡챌린지",
        "description": "#낚아버리겠어요",
        "thumbnail": "https://i.ytimg.com/vi/pTSlROXSEv0/mqdefault.jpg",
        "youtubeVideoId": "pTSlROXSEv0",
        "uploadedDate": "2020-09-04T09:41:49Z",
        "viewCount": 0,
        "isCommercial": "False"
    },
    {
        "id": "c062576b-cf49-428d-9494-8cb46de18c81",
        "title": "구독자 1만명 정말 감사드립니다!!열심히 흔들겠습니다!!",
        "description": "감미로운 왑발라드\n#wap #wapchallenge #cardib #카디비 #왑 #왑챌린지\n인스타 : gfta2subottlegod",
        "thumbnail": "https://i.ytimg.com/vi/q7AdcdrqP7o/mqdefault.jpg",
        "youtubeVideoId": "q7AdcdrqP7o",
        "uploadedDate": "2020-09-27T05:00:35Z",
        "viewCount": 0,
        "isCommercial": "False"
    },
    {
        "id": "411470dd-28bc-4afc-8ae9-2efde5cf91eb",
        "title": "트월킹 형님의 트웰브를 춰봤습니다",
        "description": "트웰브 - 트월킹(feat.Ravi(라비))\n이번 영상은 주구장창 엉덩이만 흔듭니다. #트월킹 #twerking #hiphop #힙합\n인스타 : gfta2subottlegod",
        "thumbnail": "https://i.ytimg.com/vi/gBc_kb8eP7g/mqdefault.jpg",
        "youtubeVideoId": "gBc_kb8eP7g",
        "uploadedDate": "2020-09-27T05:00:35Z",
        "viewCount": 0,
        "isCommercial": "False"
    },
    {
        "id": "5ca6239a-a35c-48cb-b2da-8e998b8febcc",
        "title": "국뽕이 뇌와 육체를 지배했습니다[BTS-Dynamite]",
        "description": "방탄소년단 성님들 응원합니다!\n\n방탄소년단 - 다이너마이트\n\n인스타 : gfta2subottlegod\n\n #dynamite #cover #dancecover 춤",
        "thumbnail": "https://i.ytimg.com/vi/lhSAMLAX3g4/mqdefault.jpg",
        "youtubeVideoId": "lhSAMLAX3g4",
        "uploadedDate": "2020-09-27T05:00:35Z",
        "viewCount": 0,
        "isCommercial": "False"
    },
    {
        "id": "7e465bef-1825-4711-9e2f-672715c84a3f",
        "title": "나이스투 미츄 하!",
        "description": "퀸와사비 - 안녕, 쟈기?(feat.Ash-B)\n#안녕자기챌린지 #트월킹\n인스타 : gfta2subottlegod",
        "thumbnail": "https://i.ytimg.com/vi/eW1tNKwVSAU/mqdefault.jpg",
        "youtubeVideoId": "eW1tNKwVSAU",
        "uploadedDate": "2020-09-27T05:00:35Z",
        "viewCount": 0,
        "isCommercial": "False"
    },
    {
        "id": "a0571f0e-dedd-4320-8271-c09450877945",
        "title": "‘남자는 엉덩이’죠 근데 정작 본인 엉덩이는 호두임",
        "description": "ezuz(이짜나 언짜나) - 남자는 엉덩이\n#춤 #남자는엉덩이챌린지 #이짜나언짜나 #트월킹 \n\n지나친 관심 감사합니다. 유튜브 알고리즘 칭찬합니다.\n인스타 : gfta2subottlegod",
        "thumbnail": "https://i.ytimg.com/vi/G_0f-Ajsf6c/mqdefault.jpg",
        "youtubeVideoId": "G_0f-Ajsf6c",
        "uploadedDate": "2020-09-27T05:00:35Z",
        "viewCount": 0,
        "isCommercial": "False"
    },
    {
        "id": "1b7d0634-d7d0-4485-8ae1-42591fc4ef8e",
        "title": "반전의 매력 타이섭",
        "description": "gray - moon blue\n#moonbluechallenge #문블루챌린지 #그레이 \n인스타 : gfta2subottlegod(윤태섭)",
        "thumbnail": "https://i.ytimg.com/vi/0U6CNc5q-28/mqdefault.jpg",
        "youtubeVideoId": "0U6CNc5q-28",
        "uploadedDate": "2020-09-27T05:00:35Z",
        "viewCount": 0,
        "isCommercial": "False"
    },
    {
        "id": "bee65f7b-29b5-42e8-b7c1-324a1eae4e0d",
        "title": "크리스마스엔 wap!!!",
        "description": "🎧Mariah Carey - All I want for Christmas is you\nx\n🎧Cardi B - Wap(feat.Megan Thee Stallion)\n#wapchallenge #wap #christmas #크리스마스 #왑 #왑챌린지\n#유교 \n.\n.\n.\n인스타 : gfta2subottlegod(윤태섭)",
        "thumbnail": "https://i.ytimg.com/vi/ecxRJlEkghY/mqdefault.jpg",
        "youtubeVideoId": "ecxRJlEkghY",
        "uploadedDate": "2020-09-27T05:00:35Z",
        "viewCount": 0,
        "isCommercial": "False"
    },
    {
        "id": "fe48d228-e37b-4a21-ae36-a024d22349d2",
        "title": "이거 보시고 다들 기분 눈누난나 하십쇼",
        "description": "제시(jessi) - NuNuNaNa(눈누난나)\n#눈누난나챌린지 #nununanachallenge \n\n인스타 : 윤태섭(gfta2subottlegod)",
        "thumbnail": "https://i.ytimg.com/vi/uxdt-haWXjs/mqdefault.jpg",
        "youtubeVideoId": "uxdt-haWXjs",
        "uploadedDate": "2020-09-27T05:00:35Z",
        "viewCount": 0,
        "isCommercial": "False"
    },
    {
        "id": "25563de1-a59b-40fb-8dbe-8fe5dc31ecc4",
        "title": "샤워좌 맞습니다[theboxchallenge]",
        "description": "#thebox #rodirich # 로디리치 #더박스 #외힙 #외힙갤 #샤워좌",
        "thumbnail": "https://i.ytimg.com/vi/IWGafg59g3o/mqdefault.jpg",
        "youtubeVideoId": "IWGafg59g3o",
        "uploadedDate": "2020-09-27T05:01:03Z",
        "viewCount": 0,
        "isCommercial": "False"
    },
    {
        "id": "c0b69849-7d92-4f9c-915f-b270d49b5230",
        "title": "나쁜남자는 샤워기 아래서 눈물을 훔치지..",
        "description": "yung bae, bbo$ - bad boy(feat. wiz khalifa, max)\nc\nhoreo - gfta2subottlegod\ninstagram - gfta2subottlegod",
        "thumbnail": "https://i.ytimg.com/vi/85U115_CQfw/mqdefault.jpg",
        "youtubeVideoId": "85U115_CQfw",
        "uploadedDate": "2020-09-27T05:01:03Z",
        "viewCount": 0,
        "isCommercial": "False"
    },
    {
        "id": "1bdae7b0-840b-499b-a4eb-25c82db48c39",
        "title": "엘리베이터 안에서 [Body Challenge]",
        "description": "#bodychallenge #megantheestallion #외힙 #힙합 #wap \n🎧Megan Thee Stallion - Body\n\n인스타 : gfta2subottlegod(윤태섭)",
        "thumbnail": "https://i.ytimg.com/vi/7dDtJ7Hq6i0/mqdefault.jpg",
        "youtubeVideoId": "7dDtJ7Hq6i0",
        "uploadedDate": "2020-12-09T17:21:53Z",
        "viewCount": 2688,
        "isCommercial": "False"
    },
    {
        "id": "e6190628-4195-4f61-96ee-511ddcf2aa75",
        "title": "핫한 '미란이춤'이 좀 이상합니다[쇼미9]",
        "description": "#미란이춤 #vvs #미란이 #쇼미9 #쇼미더머니 #힙합 #국힙\n저도 한 번 해봤습니다.",
        "thumbnail": "https://i.ytimg.com/vi/07veATbvJFo/mqdefault.jpg",
        "youtubeVideoId": "07veATbvJFo",
        "uploadedDate": "2020-12-09T17:21:59Z",
        "viewCount": 3184,
        "isCommercial": "False"
    },
    {
        "id": "e3ea1937-8e21-4f8d-a5f5-15688853a814",
        "title": "스텝 밟으러 갔다가 트월킹 조지고 왔습니다",
        "description": "🎧Swae Lee x Tyga x Lil Mosey - Krabby Step\n@불레따리(Bulletarii)\n\n사람이 없을 때를 노리면서 촬영을 하였습니다.\n쉬거나 동선 이동 때, 마스크 착용을 죽지 않기 위해서 착용 했습니다.\n\n#krabbystep #외힙 #힙합 #타이가 #릴모지 #스웨이리 #트월킹 #타이섭 #불레따리",
        "thumbnail": "https://i.ytimg.com/vi/thAlytPmtUI/mqdefault.jpg",
        "youtubeVideoId": "thAlytPmtUI",
        "uploadedDate": "2020-12-09T17:22:10Z",
        "viewCount": 4782,
        "isCommercial": "False"
    },
    {
        "id": "c290f7c6-1f4f-4652-a3bc-1707ed34ea14",
        "title": "현아x짱구x타이섭",
        "description": "#imnotcool #hyuna #현아 #암낫쿨 #암낫쿨챌린지 #kpop #틱톡 #숏비디오 #짱구 #아미고 #아미고극장판 #쌈바",
        "thumbnail": "https://i.ytimg.com/vi/WHwDAsbR7bE/mqdefault.jpg",
        "youtubeVideoId": "WHwDAsbR7bE",
        "uploadedDate": "2021-02-02T11:23:00Z",
        "viewCount": 3613,
        "isCommercial": "False"
    },
    {
        "id": "c1935a9f-0d8d-4bca-b63d-49d7bb540c58",
        "title": "국힙원탑 아이유[IU(아이유)-Celebrity]",
        "description": "#셀럽챌린지 #아이유 #IU #국힙원탑 #celebrity #인스타 #숏비디오",
        "thumbnail": "https://i.ytimg.com/vi/SRcJrD08HpY/mqdefault.jpg",
        "youtubeVideoId": "SRcJrD08HpY",
        "uploadedDate": "2021-02-02T11:23:36Z",
        "viewCount": 3782,
        "isCommercial": "False"
    }
]