[
    {
        "id": "22ac51da-f7b9-4885-a70e-8cc2374134da",
        "title": "우리는 그것을 10덕이라 부르기로 했어요",
        "description": "#쵸단 #10덕 #ㄴㄷㅆ\n\n깜짝 업로드에 놀라셨나용?\n오늘부터 쵸튜브는 다시 달립니당\n\n💬 쵸단이랑 라이브 소통! https://www.twitch.tv/chodan_\n💬 쵸단 인스타 훔쳐보기! https://www.instagram.com/water.beom_lover/\n\n💬 쵸단 비지니스 및 영상 문의는? hong_jeje0_0@gmail.com",
        "thumbnail": "https://i.ytimg.com/vi/eFl8U3SjMLM/mqdefault.jpg",
        "youtubeVideoId": "eFl8U3SjMLM",
        "uploadedDate": "2021-08-27T10:00:26Z",
        "viewCount": 434918,
        "isCommercial": "False"
    },
    {
        "id": "90f6f089-75e2-4e14-aea2-8d64583bbe7c",
        "title": "엉덩이와 겨드랑이에 진심인 스트리머",
        "description": "#쵸단 #홈트 #겨드랑이\n\n안녕 유튜브 친구들?\n내 이름은 헬린이! 겨드랑이죠\n\n💬 쵸단이랑 라이브 소통! https://www.twitch.tv/chodan_\n💬 쵸단 인스타 훔쳐보기! https://www.instagram.com/water.beom_lover/\n\n💬 쵸단 비지니스 및 영상 문의는? hong_jeje0_0@gmail.com",
        "thumbnail": "https://i.ytimg.com/vi/zjDqrQaR2kI/mqdefault.jpg",
        "youtubeVideoId": "zjDqrQaR2kI",
        "uploadedDate": "2021-09-03T14:16:57Z",
        "viewCount": 530135,
        "isCommercial": "False"
    },
    {
        "id": "700ec071-fdb9-47a9-8ecc-e90cf19765e1",
        "title": "이 스트리머가 헬린이인 건에 대하여...",
        "description": "#쵸단 #헬린이 #헬스mbti\n\n💬 쵸단이랑 라이브 소통! https://www.twitch.tv/chodan_\n💬 쵸단 인스타 훔쳐보기! https://www.instagram.com/water.beom_lover/\n\n💬 쵸단 비지니스 및 영상 문의는? hong_jeje0_0@gmail.com",
        "thumbnail": "https://i.ytimg.com/vi/f3348W3pHlg/mqdefault.jpg",
        "youtubeVideoId": "f3348W3pHlg",
        "uploadedDate": "2021-09-12T11:54:30Z",
        "viewCount": 657336,
        "isCommercial": "False"
    },
    {
        "id": "d041a2e8-b0fe-4205-b801-7a7e5a257ba3",
        "title": "멈춰!! 과거의 쵸단!!",
        "description": "#쵸단 #초심 #리액션\n\n과거 영상 맛집\n\n💬 쵸단이랑 라이브 소통! https://www.twitch.tv/chodan_\n💬 쵸단 인스타 훔쳐보기! https://www.instagram.com/water.beom_lover/\n\n💬 쵸단 비지니스 및 영상 문의는? hong_jeje0_0@gmail.com",
        "thumbnail": "https://i.ytimg.com/vi/6sE6m8cU3JI/mqdefault.jpg",
        "youtubeVideoId": "6sE6m8cU3JI",
        "uploadedDate": "2021-09-20T15:06:33Z",
        "viewCount": 338048,
        "isCommercial": "False"
    },
    {
        "id": "fb18ce3d-63d2-49b9-a719-760228e4ddb2",
        "title": "김계란과 맞짱..? 이상형...? 💖 1만 기념 QnA",
        "description": "#쵸단 #큐앤에이\n\n구독자 1만 너무나도 감사합니다!\n\n편집 영상에는 다 담지 못한 내용들이 궁금하신 분들을 위해\n일단 트위치 풀영상 링크를 걸어둡니다! \n\nhttps://www.twitch.tv/videos/1161634380\n트위치 사용이 어려우신 분들을 위해서\n가급적 유튜브에 풀영상을 한 번 더 올릴 수 있도록 해 보겠습니다\n\n너무 재밌는 TMI 썰 풀이들에 주의하라구! 😎\n\n💬 쵸단이랑 라이브 소통! https://www.twitch.tv/chodan_\n💬 쵸단 인스타 훔쳐보기! https://www.instagram.com/water.beom_lover/\n\n💬 쵸단 비지니스 및 영상 문의는? hong_jeje0_0@gmail.com",
        "thumbnail": "https://i.ytimg.com/vi/cRbbDmzze9Q/mqdefault.jpg",
        "youtubeVideoId": "cRbbDmzze9Q",
        "uploadedDate": "2021-10-01T08:59:14Z",
        "viewCount": 284452,
        "isCommercial": "False"
    },
    {
        "id": "c3c86870-8688-4680-94c2-be3ef88b1e16",
        "title": "트수에게 명품 슈즈를 선물 받았습니다",
        "description": "#쵸단 #언박싱 #트수\n\n💬 쵸단이랑 라이브 소통! https://www.twitch.tv/chodan_\n💬 쵸단 인스타 훔쳐보기! https://www.instagram.com/water.beom_lover/\n\n💬 쵸단 비지니스 및 영상 문의는? hong_jeje0_0@naver.com",
        "thumbnail": "https://i.ytimg.com/vi/PoD1-QOTeHo/mqdefault.jpg",
        "youtubeVideoId": "PoD1-QOTeHo",
        "uploadedDate": "2021-10-24T07:49:02Z",
        "viewCount": 351552,
        "isCommercial": "False"
    },
    {
        "id": "6de23638-1a11-4828-b206-c40297b21753",
        "title": "프로틴스101 쵸단편 리뷰! 같이 보자!",
        "description": "#쵸단 #프로틴스101 #으엑\n\n💬 쵸단이랑 라이브 소통! https://www.twitch.tv/chodan_\n💬 쵸단 인스타 훔쳐보기! https://www.instagram.com/water.beom_lover/\n\n💬 쵸단 비지니스 및 영상 문의는?  hong_jeje0_0@gmail.com",
        "thumbnail": "https://i.ytimg.com/vi/Z1UQGPOs5jQ/mqdefault.jpg",
        "youtubeVideoId": "Z1UQGPOs5jQ",
        "uploadedDate": "2021-11-02T10:10:05Z",
        "viewCount": 598455,
        "isCommercial": "False"
    },
    {
        "id": "689e7381-0854-48b8-a817-00ec78fbcc05",
        "title": "쵸 생일! 치팅데이! 🍰 (ft.다이어트 근황)",
        "description": "#쵸단 #다이어트 #치팅데이\n\n위 영상은 알파바디의 유료광고를 포함하고 있습니다 \n05:35 ~ 08:18\n\n-할인코드-\n박재범 X 알파바디 알파컷 런칭 프로모션 진행!\n : https://rb.gy/wa0k8b\n\n★★쵸단X알파바디 특별추가할인★★\n할인코드 chodan (회원한정)\n*오늘부터 11월 12일까지 할인!\n\n-----------------\n\n여러분들 덕분에 좋은 제품을 받아 소개할 수 있게 되었습니다\n영상 봐 주시고 응원해주시는 모든 분들께 진심으로 감사드려요\n더욱 열심히 하는 쵸단 유튜브가 되겠습니다!!!!!!\n\n-----------------\n\n\n\n💬 쵸단이랑 라이브 소통! https://www.twitch.tv/chodan_\n💬 쵸단 인스타 훔쳐보기! https://www.instagram.com/water.beom_lover/\n\n💬 쵸단 비지니스 및 영상 문의는? hong_jeje0_0@gmail.com",
        "thumbnail": "https://i.ytimg.com/vi/kxClBgWga04/mqdefault.jpg",
        "youtubeVideoId": "kxClBgWga04",
        "uploadedDate": "2021-11-10T08:27:30Z",
        "viewCount": 472352,
        "isCommercial": "True"
    },
    {
        "id": "f122748a-0a35-4db4-a773-28d046aa1854",
        "title": "으엑! 한 시간 반복 영상ㅋㅋㅋㅋㅋ 🔥 많은 요청에 힘 입어 업로드! 🔥",
        "description": "#쵸단 #프로틴스101 #으엑\n\n한 시간 동안 맞고 있는 쵸단 으엑! \n\n고민을 하다가 그래도 많은 분들의 요청이 있었기에!!\n용기 내어 업로드합니다! (물론 피갤에서도 허락해주셨습니다!!)\n\n많이 좋아해주셔서 감사합니다!!\n\n💬 쵸단이랑 라이브 소통! https://www.twitch.tv/chodan_\n💬 쵸단 인스타 훔쳐보기! https://www.instagram.com/water.beom_lover/\n\n💬 쵸단 비지니스 및 영상 문의는?  hong_jeje0_0@gmail.com",
        "thumbnail": "https://i.ytimg.com/vi/Fbzl8Ysy8as/mqdefault.jpg",
        "youtubeVideoId": "Fbzl8Ysy8as",
        "uploadedDate": "2021-11-11T08:38:46Z",
        "viewCount": 318019,
        "isCommercial": "False"
    },
    {
        "id": "4b0f7081-a2a9-4788-9df7-54205707020e",
        "title": "플4 미드라이너의 진지 빡겜",
        "description": "#쵸단 #롤 #헬창\n\n💬 쵸단이랑 라이브 소통! https://www.twitch.tv/chodan_\n💬 쵸단 인스타 훔쳐보기! https://www.instagram.com/water.beom_lover/\n\n💬 쵸단 비지니스 및 영상 문의는? hong_jeje0_0@gmail.com",
        "thumbnail": "https://i.ytimg.com/vi/JX-CIH40kHM/mqdefault.jpg",
        "youtubeVideoId": "JX-CIH40kHM",
        "uploadedDate": "2021-11-14T08:58:27Z",
        "viewCount": 177854,
        "isCommercial": "False"
    },
    {
        "id": "e4b0b5eb-a8c5-4c4e-b55f-02febbd9136b",
        "title": "프로틴 빼빼로! 두둥",
        "description": "#쵸단 #헬창 #프로틴\n\n이게..맞나..?\n\n※  선을 넘는 과도한 비하/희롱/욕설/허위 사실 유포 등의\n악성 댓글들은 보이는 즉시 관리자가 삭제 합니다 \n\n\n💬 쵸단이랑 라이브 소통! https://www.twitch.tv/chodan_\n💬 쵸단 인스타 훔쳐보기! https://www.instagram.com/water.beom_lover/\n\n💬 쵸단 비지니스 및 영상 문의는?  hong_jeje0_0@gmail.com",
        "thumbnail": "https://i.ytimg.com/vi/yjf2D5DnLFA/mqdefault.jpg",
        "youtubeVideoId": "yjf2D5DnLFA",
        "uploadedDate": "2021-11-24T07:08:05Z",
        "viewCount": 40626,
        "isCommercial": "False"
    },
    {
        "id": "dfaa31ab-bc46-492f-b791-0956303d7bbf",
        "title": "다이어터의 먹방 (ft.개불)",
        "description": "#쵸단 #다이어트 #간헐적단식\n\n바프가 얼마 남지 않았다구!\n\n\n※  선을 넘는 과도한 비하/희롱/욕설/허위 사실 유포 등의\n악성 댓글들은 보이는 즉시 관리자가 삭제 합니다 \n\n\n💬 쵸단이랑 라이브 소통! https://www.twitch.tv/chodan_\n💬 쵸단 인스타 훔쳐보기! https://www.instagram.com/water.beom_lover/\n\n💬 쵸단 비지니스 및 영상 문의는?  hong_jeje0_0@gmail.com",
        "thumbnail": "https://i.ytimg.com/vi/OBpB1G25giQ/mqdefault.jpg",
        "youtubeVideoId": "OBpB1G25giQ",
        "uploadedDate": "2021-12-01T00:19:14Z",
        "viewCount": 231233,
        "isCommercial": "False"
    },
    {
        "id": "499872ac-d284-44be-aaec-7c26b913a80b",
        "title": "쵸단은.. 여캠이 절대 아니야..?",
        "description": "#쵸단 #여캠 #헬린이\n\n여캠과 헬스. 과연 공존이 가능할 것인가.\n\n\n※  선을 넘는 과도한 비하/희롱/욕설/허위 사실 유포 등의\n악성 댓글들은 보이는 즉시 관리자가 삭제 합니다 \n\n\n💬 쵸단이랑 라이브 소통! https://www.twitch.tv/chodan_\n💬 쵸단 인스타 훔쳐보기! https://www.instagram.com/water.beom_lover/\n\n💬 쵸단 비지니스 및 영상 문의는?  hong_jeje0_0@gmail.com",
        "thumbnail": "https://i.ytimg.com/vi/HYBrIxpsmOw/mqdefault.jpg",
        "youtubeVideoId": "HYBrIxpsmOw",
        "uploadedDate": "2021-12-03T03:26:51Z",
        "viewCount": 211321,
        "isCommercial": "False"
    },
    {
        "id": "f9aab0f7-a859-4a41-a105-b5fa176aae5f",
        "title": "쵸 뱃살 나 어떡해?!😅",
        "description": "#쵸단 #뱃살 #바디프로필\n\n호떡 매진 임박!\n\n※  선을 넘는 과도한 비하/희롱/욕설/허위 사실 유포 등의\n악성 댓글들은 보이는 즉시 관리자가 삭제 합니다 \n\n\n💬 쵸단이랑 라이브 소통! https://www.twitch.tv/chodan_\n💬 쵸단 인스타 훔쳐보기! https://www.instagram.com/water.beom_lover/\n\n💬 쵸단 비지니스 및 영상 문의는? hong_jeje0_0@gmail.com",
        "thumbnail": "https://i.ytimg.com/vi/nTGIr2Ga4pE/mqdefault.jpg",
        "youtubeVideoId": "nTGIr2Ga4pE",
        "uploadedDate": "2021-12-07T09:11:59Z",
        "viewCount": 39047,
        "isCommercial": "False"
    },
    {
        "id": "7bf5db9a-c54e-4410-ba98-ef772eb73a7a",
        "title": "이왜진? 쵸단 첫사랑 레전드 카톡 고백 썰ㅋㅋㅋㅋㅋ",
        "description": "#쵸단 #카톡고백 #첫사랑\n\n그.. 오빠가 만들어낸 쵸단..\n\n아웃트로 - 오아시스(Oasis) - Don't Look Back In Anger\n\n※  선을 넘는 과도한 비하/희롱/욕설/허위 사실 유포 등의\n악성 댓글들은 보이는 즉시 관리자가 삭제 합니다 \n\n\n💬 쵸단이랑 라이브 소통! https://www.twitch.tv/chodan_\n💬 쵸단 인스타 훔쳐보기! https://www.instagram.com/water.beom_lover/\n\n💬 쵸단 비지니스 및 영상 문의는? hong_jeje0_0@gmail.com",
        "thumbnail": "https://i.ytimg.com/vi/hNjB9_ZJWTM/mqdefault.jpg",
        "youtubeVideoId": "hNjB9_ZJWTM",
        "uploadedDate": "2021-12-12T12:32:34Z",
        "viewCount": 81416,
        "isCommercial": "False"
    },
    {
        "id": "2545bf3a-f87c-4602-ac9d-e1cd85aa7ae0",
        "title": "고삐 풀린 쵸단.. 폭주 중 🔥",
        "description": "쵸단이 픽한 단백질 초코볼 코코틴 (할인 및 무료배송 이벤트) \n\n: https://bit.ly/32amNU5\n\n1월30일까지 혜택적용\n\n2022년 맛있게 다이어트 하세요!\n\n#쵸단 #먹방 #다이어트간식\n\n💬 쵸단이랑 라이브 소통! https://www.twitch.tv/chodan_\n💬 쵸단 인스타 훔쳐보기! https://www.instagram.com/water.beom_lover/\n\n💬 쵸단 비지니스 및 영상 문의는? hong_jeje0_0@gmail.com",
        "thumbnail": "https://i.ytimg.com/vi/Y7a6GoI7xJI/mqdefault.jpg",
        "youtubeVideoId": "Y7a6GoI7xJI",
        "uploadedDate": "2022-01-01T08:29:55Z",
        "viewCount": 67231,
        "isCommercial": "False"
    },
    {
        "id": "d2606979-ce92-4225-978d-0bef0fbc0cc5",
        "title": "쵸튜브! 구독자 20만명! 감사합니다",
        "description": "#쵸단 #실버버튼 #피지컬갤러리\n\n좋은 프로젝트에 함께할 수 있는 기회를 주신 @피지컬갤러리 \n\n그리고 좋게 봐주시고 영상 꼬박꼬박 챙겨봐 주시는\n구독자 시청자 여러분들 모두 모두 진심으로 감사합니다\n\n좋은 영상 많이 보여드릴 수 있도록 항상 열심히 노력하는\n쵸단 유튜브가 되겠습니다!!!! 🔥💗🔥\n\n💬 쵸단이랑 라이브 소통! https://www.twitch.tv/chodan_\n💬 쵸단 인스타 훔쳐보기! https://www.instagram.com/water.beom_lover/\n\n💬 쵸단 비지니스 및 영상 문의는? hong_jeje0_0@gmail.com",
        "thumbnail": "https://i.ytimg.com/vi/yt1ADEIJRvA/mqdefault.jpg",
        "youtubeVideoId": "yt1ADEIJRvA",
        "uploadedDate": "2022-01-02T08:02:22Z",
        "viewCount": 107032,
        "isCommercial": "False"
    },
    {
        "id": "eeee0892-00f6-49ef-a2de-96b941c2a47a",
        "title": "쵸복근.. 분명히 아직 살아있었는데..",
        "description": "꾸브라꼬 공식 인스타그램 계정 (@kkubeu_home)에\n들어가시면 추첨을 통해 매일 하루에 1마리씩 기프티콘 증정하는 \n'1인1꾸브 이벤트' 진행중이라고 하니\n여러분들 참고부탁드려요❤\nhttps://www.instagram.com/kkubeu_home/\n\n복근 실종 사건\n\n#쵸단 #꾸브라꼬 #숯불치킨\n\n\n💬 쵸단이랑 라이브 소통! https://www.twitch.tv/chodan_\n💬 쵸단 인스타 훔쳐보기! https://www.instagram.com/water.beom_lover/\n\n💬 쵸단 비지니스 및 영상 문의는?  jejezzoa0.0@gmail.com",
        "thumbnail": "https://i.ytimg.com/vi/yUGgRfkWLI4/mqdefault.jpg",
        "youtubeVideoId": "yUGgRfkWLI4",
        "uploadedDate": "2022-01-06T02:52:28Z",
        "viewCount": 1126083,
        "isCommercial": "True"
    },
    {
        "id": "aa484e80-c934-4eb8-bfa5-be4ecff4d1e5",
        "title": "쵸단X코뚱잉 스트리머 최강 98동갑 깐부 모드",
        "description": "#쵸단 #코뚱잉 #헬창 #롤체\n\n안녕하세요 편집자입니다 \n코뚱잉님 오타 제가 실수했습니다 죄송합니다.. \n접히고 싶지 않습니다 죄송합니다..\n\n\n💬 쵸단이랑 라이브 소통! https://www.twitch.tv/chodan_\n💬 쵸단 인스타 훔쳐보기! https://www.instagram.com/water.beom_lover/\n\n💬 쵸단 비지니스 및 영상 문의는? hong_jeje0_0@gmail.com",
        "thumbnail": "https://i.ytimg.com/vi/PHFQ6j3NUuA/mqdefault.jpg",
        "youtubeVideoId": "PHFQ6j3NUuA",
        "uploadedDate": "2022-01-13T08:40:11Z",
        "viewCount": 446537,
        "isCommercial": "False"
    },
    {
        "id": "7ad9032e-f37a-4a05-94cc-d4d11575d128",
        "title": "진짜 같은 사람 맞아요? ~ 득근득근! 단단클럽 1기 (1부) ~",
        "description": "#쵸단 #다이어트 #득근\n\n유튜브.. 괴물들.. 그들이 몰려온다...\n\n-------\n\nhttps://planfit.page.link/uTbx\n운동을 처음 시작하는 분들에게 너무나 유용한 무료 어플 플랜핏! \n쵸단도 너무 애용하고 있답니다..♥ 무료이니만큼 다들 다운 받아서 꼭 사용해 보세요!\n\n\n\n💬 쵸단이랑 라이브 소통! https://www.twitch.tv/chodan_\n💬 쵸단 인스타 훔쳐보기! https://www.instagram.com/water.beom_lover/\n\n💬 쵸단 비지니스 및 영상 문의는? hong_jeje0_0@gmail.com",
        "thumbnail": "https://i.ytimg.com/vi/NQJzsLFO1lQ/mqdefault.jpg",
        "youtubeVideoId": "NQJzsLFO1lQ",
        "uploadedDate": "2022-01-20T08:35:26Z",
        "viewCount": 166807,
        "isCommercial": "True"
    },
    {
        "id": "4dfee07e-396a-4862-93ff-af2022e2a287",
        "title": "꼭 있는 헬스장 빌런 유형ㅋㅋㅋ 아 공감ㅋㅋㅋ ~ 득근득근! 단단클럽 1기(2부) ~",
        "description": "#쵸단 #헬스장빌런 #민폐유형\n\n쵸단이 처음으로 기획해 본 컨텐츠 단단클럽!\n많은 분들이 지원해주셔서 정말 행복한 마음으로 진행할 수 있었습니다 💗\n\n지원해주신 모든 분들께 다시 한 번 감사드리고,\n 2기 때도 많은 지원 부탁드겠습니다!\n\n다 함께 건강하게 득근득근💗하자구요\n\n💬 쵸단이랑 라이브 소통! https://www.twitch.tv/chodan_\n💬 쵸단 인스타 훔쳐보기! https://www.instagram.com/water.beom_lover/\n\n💬 쵸단 비지니스 및 영상 문의는? hong_jeje0_0@gmail.com",
        "thumbnail": "https://i.ytimg.com/vi/aHmcrucbp4o/mqdefault.jpg",
        "youtubeVideoId": "aHmcrucbp4o",
        "uploadedDate": "2022-01-23T10:49:58Z",
        "viewCount": 38475,
        "isCommercial": "False"
    },
    {
        "id": "7866e9c1-d048-4009-b86c-9c4c8e437848",
        "title": "요요 온 쵸단.. 다시 식단 시작합니다",
        "description": "★ 굽네 오븐구이 통닭가슴살 초특가 : https://bit.ly/347I4hQ\n\n★ 쵸단 X 굽네몰 3,000원 할인쿠폰!\n- 쿠폰명 : 쵸단특별할인\n** 3만원 이상 결제시 3,000원 할인\n\n- 쿠폰 유효기간 : 22년 2월 18일까지\n\n- 등록 방법 : \n마이페이지 → 쿠폰/혜택 → 쿠폰 → 이벤트쿠폰 인증\n '쵸단특별할인' 입력\n\n바디프로필 촬영 이후 한 달이 지난 지금..\n6kg가 쪄 버린 쵸단...!\n\n\n#쵸단 #오통닭 #굽네몰 #다이어트\n\n💬 쵸단이랑 라이브 소통! https://www.twitch.tv/chodan_\n💬 쵸단 인스타 훔쳐보기! https://www.instagram.com/water.beom_lover/\n\n💬 쵸단 비지니스 및 영상 문의는? hong_jeje0_0@gmail.com",
        "thumbnail": "https://i.ytimg.com/vi/RHHSaOQKUZM/mqdefault.jpg",
        "youtubeVideoId": "RHHSaOQKUZM",
        "uploadedDate": "2022-01-28T06:30:44Z",
        "viewCount": 317997,
        "isCommercial": "True"
    },
    {
        "id": "0fcec061-3265-4453-9d3a-48552e38d043",
        "title": "쵸단 vs 허기워기 싸우면 누가 이김?",
        "description": "#쵸단 #파피플레이타임 #허기워기\n\n쵸단 vs 허기원씨\n\n본 영상은 쵸단 인권 보호 협회장인\n쵸단이라는 인물에 의해 삭제될 가능성이 다분히 높은 영상입니다\n\n삭제 되기 전에 많이 많이 즐겨주세요\n\n좀 쥬시해지긴 했지만 일단은..\n쵸단 승... 맞지..?\n\n--\n\n💬 쵸단이랑 라이브 소통! https://www.twitch.tv/chodan_\n💬 쵸단 인스타 훔쳐보기! https://www.instagram.com/water.beom_lover/\n\n💬 쵸단 비지니스 및 영상 문의는? hong_jeje0_0@gmail.com",
        "thumbnail": "https://i.ytimg.com/vi/kY7YTrNyJMQ/mqdefault.jpg",
        "youtubeVideoId": "kY7YTrNyJMQ",
        "uploadedDate": "2022-01-28T09:26:53Z",
        "viewCount": 59202,
        "isCommercial": "False"
    },
    {
        "id": "eb3cd6a0-914d-48a3-9362-c9e5ed63b6b6",
        "title": "이게 왜 먹을만하죠?",
        "description": "#쵸단 #신호등치킨 #치팅데이\n\n붉은색 푸른색~ 노란색 빛을 내는 저기 저 치킨이~\n\n💬 쵸단이랑 라이브 소통! https://www.twitch.tv/chodan_\n💬 쵸단 인스타 훔쳐보기! https://www.instagram.com/water.beom_lover/\n\n💬 쵸단 비지니스 및 영상 문의는? hong_jeje0_0@gmail.com",
        "thumbnail": "https://i.ytimg.com/vi/WNeiBi1oTPw/mqdefault.jpg",
        "youtubeVideoId": "WNeiBi1oTPw",
        "uploadedDate": "2022-02-01T10:53:30Z",
        "viewCount": 51320,
        "isCommercial": "False"
    },
    {
        "id": "ad26fb57-0c76-49b6-8ef3-5aaa77aa44da",
        "title": "휴방 동안 사귄 새 친구의 정체가..?",
        "description": "#쵸단 #infp탈출기 #도를아십니까\n\n\n💬 쵸단이랑 라이브 소통! https://www.twitch.tv/chodan_\n💬 쵸단 인스타 훔쳐보기! https://www.instagram.com/water.beom_lover/\n\n💬 쵸단 비지니스 및 영상 문의는? hong_jeje0_0@gmail.com",
        "thumbnail": "https://i.ytimg.com/vi/SaqxTFvghJY/mqdefault.jpg",
        "youtubeVideoId": "SaqxTFvghJY",
        "uploadedDate": "2022-02-11T12:23:08Z",
        "viewCount": 48413,
        "isCommercial": "False"
    },
    {
        "id": "830e2577-dfb3-444c-bac2-f5b6abe6102a",
        "title": "어째서인지 드럼 장인으로 소문이 난 나..",
        "description": "#쵸단 #드럼 #혼모노\n\n이 동영상은 아동용이 아닙니다\n그리고 장인은 도구를 약간은 가립니다\n\n방송일 : 2022년 2월 12일 (꼬리뼈 부상 전 영상입니다!)\n\n\n\n💬 쵸단이랑 라이브 소통! https://www.twitch.tv/chodan_\n💬 쵸단 인스타 훔쳐보기! https://www.instagram.com/water.beom_lover/\n\n💬 쵸단 비지니스 및 영상 문의는? hong_jeje0_0@gmail.com",
        "thumbnail": "https://i.ytimg.com/vi/yYRVES46pBM/mqdefault.jpg",
        "youtubeVideoId": "yYRVES46pBM",
        "uploadedDate": "2022-03-07T10:18:53Z",
        "viewCount": 79701,
        "isCommercial": "False"
    },
    {
        "id": "591a64b3-46f7-4a0f-a6de-e7d37d0ff3e4",
        "title": "꼬리뼈가 골절 되었습니다",
        "description": "#쵸단 #피지컬갤러리 #감사합니다\n\n\n\n💬 쵸단이랑 라이브 소통! https://www.twitch.tv/chodan_\n💬 쵸단 인스타 훔쳐보기! https://www.instagram.com/water.beom_lover/\n\n💬 쵸단 비지니스 및 영상 문의는?  hong_jeje0_0@gmail.com",
        "thumbnail": "https://i.ytimg.com/vi/k13xns90rms/mqdefault.jpg",
        "youtubeVideoId": "k13xns90rms",
        "uploadedDate": "2022-03-09T11:47:35Z",
        "viewCount": 80219,
        "isCommercial": "False"
    },
    {
        "id": "60f6fea3-5e4d-4b13-b317-f55800699c80",
        "title": "??? : INFP는 귀엽다",
        "description": "#쵸단 #앞머리 #INFP\n\n쵸단단들의 MBTI는 뭔가요? 댓글로 알려주세요!\n\n(해당 영상에는 꼬리뼈 골절 전후 방송이 골고루(?) 포함 되어있습니다!)\n\n💬 쵸단이랑 라이브 소통! https://www.twitch.tv/chodan_\n💬 쵸단 인스타 훔쳐보기! https://www.instagram.com/water.beom_lover/\n\n💬 쵸단 비지니스 및 영상 문의는? hong_jeje0_0@gmail.com",
        "thumbnail": "https://i.ytimg.com/vi/LfFt7Sh3z7U/mqdefault.jpg",
        "youtubeVideoId": "LfFt7Sh3z7U",
        "uploadedDate": "2022-03-13T13:13:10Z",
        "viewCount": 93061,
        "isCommercial": "False"
    },
    {
        "id": "62299471-82f8-499a-999e-64a35112e564",
        "title": "새 남자친구에 대해서",
        "description": "#쵸단 #주술회전 #영역전개 \n\n스트리머에 의해 삭제될 수 있는 영상입니다\n얼른 많이 많이 봐두세요\n\n----------\n\n30만 구독자.. 진심으로 감사합니다!\n\n💬 쵸단이랑 라이브 소통! https://www.twitch.tv/chodan_\n💬 쵸단 인스타 훔쳐보기! https://www.instagram.com/water.beom_lover/\n\n💬 쵸단 비지니스 및 영상 문의는? hong_jeje0_0@gmail.com",
        "thumbnail": "https://i.ytimg.com/vi/HYCmpCucxeI/mqdefault.jpg",
        "youtubeVideoId": "HYCmpCucxeI",
        "uploadedDate": "2022-03-23T11:51:08Z",
        "viewCount": 82899,
        "isCommercial": "False"
    },
    {
        "id": "f948f3c2-6154-41f0-b2b7-134959b3d094",
        "title": "바프 찍은 후 온 요요.. 극복 중!",
        "description": "#쵸단 #요요 #다이어트\n\n꼬리뼈도 요요도 천천히 극복 중인 쵸입니다\n여러분의 많은 응원은 항상 너무나 큰 힘이 됩니다! \n\n영상 봐주시는 모든 분들도! 항상 건강하시길..♥\n\n💬 쵸단이랑 라이브 소통! https://www.twitch.tv/chodan_\n💬 쵸단 인스타 훔쳐보기! https://www.instagram.com/water.beom_lover/\n\n💬 쵸단 비지니스 및 영상 문의는?  hong_jeje0_0@gmail.com",
        "thumbnail": "https://i.ytimg.com/vi/CYEKzXp1wig/mqdefault.jpg",
        "youtubeVideoId": "CYEKzXp1wig",
        "uploadedDate": "2022-03-31T10:28:07Z",
        "viewCount": 40640,
        "isCommercial": "False"
    },
    {
        "id": "9c55fa23-2acd-4476-8073-b5579bd613e4",
        "title": "쿠팡에서 파는 제일 싼 전자 드럼 패드는 과연 어떤 소리를 낼까..?",
        "description": "#쵸단 #드럼 #전자드럼패드\n\n\n※  선을 넘는 과도한 비하/희롱/욕설/허위 사실 유포 등의\n악성 댓글들은 보이는 즉시 관리자가 삭제 합니다 \n\n\n💬 쵸단이랑 라이브 소통! https://www.twitch.tv/chodan_\n💬 쵸단 인스타 훔쳐보기! https://www.instagram.com/water.beom_lover/\n\n💬 쵸단 비지니스 및 영상 문의는? jejezzoa0.0@gmail.com",
        "thumbnail": "https://i.ytimg.com/vi/LuooMgdnoug/mqdefault.jpg",
        "youtubeVideoId": "LuooMgdnoug",
        "uploadedDate": "2022-04-04T11:41:25Z",
        "viewCount": 126801,
        "isCommercial": "False"
    },
    {
        "id": "70fefd71-b9cf-47a9-afb3-9b9f1e788966",
        "title": "쵸단.. 좋아해?",
        "description": "#쵸단 #데이트\n\n당신도 쵸단 좋아하나요?\n\n---\n\n※ 쵸단을 좋아해 주는 모든 시청자 비하 절대 금지 금지! 안 돼요!\n\n💬 쵸단이랑 라이브 소통! https://www.twitch.tv/chodan_\n💬 쵸단 인스타 훔쳐보기! https://www.instagram.com/water.beom_lover/\n\n💬 쵸단 비지니스 및 영상 문의는? hong_jeje0_0@gmail.com",
        "thumbnail": "https://i.ytimg.com/vi/GCKlNRwhgYY/mqdefault.jpg",
        "youtubeVideoId": "GCKlNRwhgYY",
        "uploadedDate": "2022-04-15T12:04:02Z",
        "viewCount": 100244,
        "isCommercial": "False"
    },
    {
        "id": "00fa7df1-5ab5-4020-bcdd-884af5d8a9f2",
        "title": "강한 나이 스물 셋 (ft.소심해진 이유..)",
        "description": "#쵸단 #스물셋 #K나이\n\nH, 오킹, 장동민, 김민아, 덱스\n너무 멋진 분들들과 함께\n행복한 촬영을 마치고 온 스물셋 쵸단!\n\n💬 쵸단이랑 라이브 소통! https://www.twitch.tv/chodan_\n💬 쵸단 인스타 훔쳐보기! https://www.instagram.com/water.beom_lover/\n\n💬 쵸단 비지니스 및 영상 문의는? hong_jeje0_0@gmail.com",
        "thumbnail": "https://i.ytimg.com/vi/ns6VKgU21hw/mqdefault.jpg",
        "youtubeVideoId": "ns6VKgU21hw",
        "uploadedDate": "2022-04-18T11:01:50Z",
        "viewCount": 60966,
        "isCommercial": "False"
    },
    {
        "id": "21dea78d-9e52-4afc-9cc3-d330a41d6035",
        "title": "여자 스트리머 싸움 1위",
        "description": "#쵸단 #복싱 #원펀치\n\n\n\n\n💬 쵸단이랑 라이브 소통! https://www.twitch.tv/chodan_\n💬 쵸단 인스타 훔쳐보기! https://www.instagram.com/water.beom_lover/\n\n💬 쵸단 비지니스 및 영상 문의는? hong_jeje0_0@gmail.com",
        "thumbnail": "https://i.ytimg.com/vi/mALj61lGB_Y/mqdefault.jpg",
        "youtubeVideoId": "mALj61lGB_Y",
        "uploadedDate": "2022-05-01T10:00:45Z",
        "viewCount": 70186,
        "isCommercial": "False"
    },
    {
        "id": "9b16756a-9474-49b0-9f4a-04258718addb",
        "title": "꿈의 롤 프로게이머를 만난 쵸단??!?",
        "description": "#쵸단 #쵸비 #젠지\n\n💬 쵸단이랑 라이브 소통! https://www.twitch.tv/chodan_\n💬 쵸단 인스타 훔쳐보기! https://www.instagram.com/water.beom_lover/\n\n💬 쵸단 비지니스 및 영상 문의는? hong_jeje0_0@gmail.com",
        "thumbnail": "https://i.ytimg.com/vi/3MYH6XMGCW8/mqdefault.jpg",
        "youtubeVideoId": "3MYH6XMGCW8",
        "uploadedDate": "2022-05-04T07:26:36Z",
        "viewCount": 37217,
        "isCommercial": "False"
    },
    {
        "id": "9acf389d-7609-42c0-baf3-ee6f72568a7e",
        "title": "응? 씹덕이.. 뭐예요?",
        "description": "#쵸단 #네다씹 #라노벨\n\n💬 쵸단이랑 라이브 소통! https://www.twitch.tv/chodan_\n💬 쵸단 인스타 훔쳐보기! https://www.instagram.com/water.beom_lover/\n\n💬 쵸단 비지니스 및 영상 문의는? hong_jeje0_0@gmail.com",
        "thumbnail": "https://i.ytimg.com/vi/t_HAfdzl-CQ/mqdefault.jpg",
        "youtubeVideoId": "t_HAfdzl-CQ",
        "uploadedDate": "2022-05-07T09:09:18Z",
        "viewCount": 48390,
        "isCommercial": "False"
    },
    {
        "id": "6eaf3938-8f1f-4c3c-801b-bb716398013d",
        "title": "숨겨왔던 쵸단 노래실력 대 공 개(feat.기타뉴비)",
        "description": "#쵸단 #기타 #삐약삐약\n\n장인이 될 수 있을까?\n10년 후 쯤을 기약해 볼까요?\n\n\n💬 쵸단이랑 라이브 소통! https://www.twitch.tv/chodan_\n💬 쵸단 인스타 훔쳐보기! https://www.instagram.com/choda._.n/\n\n💬 쵸단 비지니스 및 영상 문의는? hong_jeje0_0@gmail.com",
        "thumbnail": "https://i.ytimg.com/vi/mfwnG_B_X_4/mqdefault.jpg",
        "youtubeVideoId": "mfwnG_B_X_4",
        "uploadedDate": "2022-05-18T09:02:07Z",
        "viewCount": 86848,
        "isCommercial": "False"
    },
    {
        "id": "fed5163b-ad36-41c3-bdc8-7091adef0419",
        "title": "죄송합니다 사실 저의 MBTI는..",
        "description": "#쵸단 #MBTI #INFP\n\n....\n\n이상, 흔한 INFP의 망상이었습니다\n\n\n💬 쵸단이랑 라이브 소통! https://www.twitch.tv/chodan_\n💬 쵸단 인스타 훔쳐보기! @choda._.n\n\n💬 쵸단 비지니스 및 영상 문의는? hong_jeje0_0@gmail.com",
        "thumbnail": "https://i.ytimg.com/vi/QxoeLiBQidY/mqdefault.jpg",
        "youtubeVideoId": "QxoeLiBQidY",
        "uploadedDate": "2022-05-23T07:56:44Z",
        "viewCount": 29941,
        "isCommercial": "False"
    },
    {
        "id": "dc5db9ff-5ed4-4a7e-85b6-060a826f49b6",
        "title": "드럼을 부숴보았다.(진)",
        "description": "#쵸단 #드럼 #전자드럼\n\n5만원짜리 드럼에서 업그레이드 되었ㄷㅏ✨\n쵸단의 즉흥 드럼실력은..?\n\n\n💬 쵸단이랑 라이브 소통! https://www.twitch.tv/chodan_\n💬 쵸단 인스타 훔쳐보기! https://www.instagram.com/choda._.n\n\n💬 쵸단 비지니스 및 영상 문의는? jejezzoa0.0@gmail.com",
        "thumbnail": "https://i.ytimg.com/vi/i1xbEGwaHTQ/mqdefault.jpg",
        "youtubeVideoId": "i1xbEGwaHTQ",
        "uploadedDate": "2022-07-10T07:16:39Z",
        "viewCount": 97184,
        "isCommercial": "False"
    },
    {
        "id": "5017ee58-6162-4e22-ae34-51e0e38db916",
        "title": "여기요..? 우리집인데요..?(feat. 쵸단 홈짐 최초 공개)",
        "description": "#쵸단 #홈짐 #헬스 #블루워터\n\n💙 단 2일간 쵸단X블루워터 특별할인 💙\n👉🏻 링크 : https://rb.gy/zhev00\n👉🏻 기간 : ~ 7/22(금) 밤 11시까지\n👉🏻 할인코드 : CHODAN (대문자 필수, 회원한정)\n\n💬 쵸단이랑 라이브 소통! https://www.twitch.tv/chodan_\n💬 쵸단 인스타 훔쳐보기! https://www.instagram.com/choda._.n\n\n💬 쵸단 비지니스 및 영상 문의는? jejezzoa0.0@gmail.com",
        "thumbnail": "https://i.ytimg.com/vi/L9YYX79cOLA/mqdefault.jpg",
        "youtubeVideoId": "L9YYX79cOLA",
        "uploadedDate": "2022-07-20T06:08:37Z",
        "viewCount": 595041,
        "isCommercial": "True"
    },
    {
        "id": "9aece141-9106-4a05-88a4-efb391d5d4e4",
        "title": "아아아앙아아아아아아아아아아아안무섭다!!!!!!!!!",
        "description": "#쵸단 #공포게임  #파피플레이타임챕터2 \n\n\n\n💬 쵸단이랑 라이브 소통! https://www.twitch.tv/chodan_\n💬 쵸단 인스타 훔쳐보기! https://www.instagram.com/choda._.n\n\n💬 쵸단 비지니스 및 영상 문의는? jejezzoa0.0@gmail.com",
        "thumbnail": "https://i.ytimg.com/vi/qRcl6B3JTK0/mqdefault.jpg",
        "youtubeVideoId": "qRcl6B3JTK0",
        "uploadedDate": "2022-08-11T18:50:53Z",
        "viewCount": 17896,
        "isCommercial": "False"
    },
    {
        "id": "f34b16a8-a797-4467-96df-5beede96f332",
        "title": "우리집에서 건면먹고 갈래?",
        "description": "#쵸단 #홈짐 #집공개 #집들이 \n\n\n💬 쵸단이랑 라이브 소통! https://www.twitch.tv/chodan_\n💬 쵸단 인스타 훔쳐보기! https://www.instagram.com/choda._.n\n\n💬 쵸단 비지니스 및 영상 문의는? jejezzoa0.0@gmail.com",
        "thumbnail": "https://i.ytimg.com/vi/N6CjQ3We1wg/mqdefault.jpg",
        "youtubeVideoId": "N6CjQ3We1wg",
        "uploadedDate": "2022-08-18T12:37:37Z",
        "viewCount": 32334,
        "isCommercial": "False"
    },
    {
        "id": "79889288-d5db-48aa-9a8e-9baabf338b8a",
        "title": "힐링되는 드럼이라구요..?",
        "description": "새 악기는 너무나 어렵따.\n\n💬 쵸단이랑 라이브 소통! https://www.twitch.tv/chodan_\n💬 쵸단 인스타 훔쳐보기! https://www.instagram.com/choda._.n/\n\n💬 쵸단 비지니스 및 영상 문의는? jejezzoa0.0@gmail.com\n#텅드럼\n#드럼",
        "thumbnail": "https://i.ytimg.com/vi/bBo5oDsZTkg/mqdefault.jpg",
        "youtubeVideoId": "bBo5oDsZTkg",
        "uploadedDate": "2022-09-10T23:54:44Z",
        "viewCount": 148031,
        "isCommercial": "False"
    },
    {
        "id": "278d868d-d4eb-4f98-be1d-144b91e7b581",
        "title": "진정한 헬창이라면, 식스틴팩",
        "description": "💬 쵸단이랑 라이브 소통! https://www.twitch.tv/chodan_\n💬 쵸단 인스타 훔쳐보기! https://www.instagram.com/choda._.n/\n\n💬 쵸단 비지니스 및 영상 문의는? jejezzoa0.0@gmail.com",
        "thumbnail": "https://i.ytimg.com/vi/OBYQWzTZTIo/mqdefault.jpg",
        "youtubeVideoId": "OBYQWzTZTIo",
        "uploadedDate": "2022-09-15T11:35:26Z",
        "viewCount": 11636,
        "isCommercial": "False"
    },
    {
        "id": "a0141d91-30ef-4ac5-a74a-474396a6bd20",
        "title": "쵸단단을 위한 프로틴 전(?)",
        "description": "#추석 #추석요리\n💬 쵸단이랑 라이브 소통! https://www.twitch.tv/chodan_\n💬 쵸단 인스타 훔쳐보기! https://www.instagram.com/choda._.n/\n\n💬 쵸단 비지니스 및 영상 문의는? biz@treasurehunter.co.kr",
        "thumbnail": "https://i.ytimg.com/vi/KO_R6EUfJU0/mqdefault.jpg",
        "youtubeVideoId": "KO_R6EUfJU0",
        "uploadedDate": "2022-09-19T10:15:10Z",
        "viewCount": 39198,
        "isCommercial": "False"
    }
]