[
    {
        "id": "97a7bcb2-55f2-4014-825d-d353b34e796e",
        "title": "[ASMR] Dreamcatcher Pen Noms Mouth Sounds 펜 놈놈 입소리",
        "description": "👄 PATREON (입소리 영상 풀버전 모두 공개)\nhttps://www.patreon.com/rose_asmr\nFull length of mouth sounds videos + extra videos\n풀 영상 + 멤버 전용 새로운 입소리 영상들 모두 공개\n\n🔥 Get the deleted mouth sounds video\nhttps://crowdticket.kr/store/roseasmr/language/en\n\n🔥 삭제된 입소리 영상 다운받기\nhttps://crowdticket.kr/store/roseasmr\n\n💝 Request Custom ASMR\nhttps://www.wisio.com/Rose_ASMR\nNo sign-up, real quick and easy!\n\n💝 맞춤형 ASMR 영상 요청하기\nhttps://crowdticket.kr/store/roseasmr\n최애 트리거를 골라 여러분들만의 최애 영상을 평생 소장하기!\n\n00:00 Preview 미리보기\n00:30 Intro 소개\n02:52 Alcohol Swab 알콜 스왑\n07:18 Mouth Sounds Starts 입소리 시작\n--------------------------------------------------\n\n🔥 PATREON https://www.patreon.com/rose_asmr\n\n💝 CUSTOM ASMR https://www.wisio.com/Rose_ASMR\n\n💝 맞춤 ASMR https://crowdticket.kr/item/store/417\n\n\n🧚‍♀ TikTok https://vt.tiktok.com/RsuHck/\n\n🧚‍♀ Instagram https://www.instagram.com/rose.0430/\n\n\n💌 PAYPAL https://paypal.me/rose0430?locale.x=ko_KR\n\n✉ Email : dbalzla159@gmail.com\n\n✉ Business : ad.group@treasurehunter.co.kr",
        "thumbnail": "https://i.ytimg.com/vi/ZuT7o8xBrTs/mqdefault.jpg",
        "youtubeVideoId": "ZuT7o8xBrTs",
        "uploadedDate": "2022-03-21T03:29:39Z",
        "viewCount": 9685,
        "isCommercial": "False"
    },
    {
        "id": "3fc143b3-894c-4280-8e54-6c05668fd43c",
        "title": "[ASMR] 3 Popular Pen Nom Mouth Sounds l 인기 펜 3종 입소리",
        "description": "👄 PATREON (입소리 영상 풀버전 모두 공개)\nhttps://www.patreon.com/rose_asmr\nFull length of mouth sounds videos + extra videos\n풀 영상 + 멤버 전용 새로운 입소리 영상들 모두 공개\n\n🔥 Get the deleted mouth sounds video\nhttps://crowdticket.kr/store/roseasmr/language/en\n\n🔥 삭제된 입소리 영상 다운받기\nhttps://crowdticket.kr/store/roseasmr\n\n💝 Request Custom ASMR\nhttps://www.wisio.com/Rose_ASMR\nNo sign-up, real quick and easy!\n\n💝 맞춤형 ASMR 영상 요청하기\nhttps://crowdticket.kr/store/roseasmr\n최애 트리거를 골라 여러분들만의 최애 영상을 평생 소장하기!\n\n----------------------------------------------------------------------------------\n\n🔥 PATREON https://www.patreon.com/rose_asmr\n\n💝 CUSTOM ASMR https://www.wisio.com/Rose_ASMR\n\n💝 맞춤 ASMR https://crowdticket.kr/item/store/417\n\n\n🧚‍♀ TikTok https://vt.tiktok.com/RsuHck/\n\n🧚‍♀ Instagram https://www.instagram.com/rose.0430/\n\n\n💌 PAYPAL https://paypal.me/rose0430?locale.x=ko_KR\n\n✉ Email : dbalzla159@gmail.com\n\n✉ Business : ad.group@treasurehunter.co.kr",
        "thumbnail": "https://i.ytimg.com/vi/BM7O2J68t9M/mqdefault.jpg",
        "youtubeVideoId": "BM7O2J68t9M",
        "uploadedDate": "2021-09-06T04:17:35Z",
        "viewCount": 2821,
        "isCommercial": "False"
    },
    {
        "id": "af9c293f-fb7a-40da-8f71-9ac14fb464ce",
        "title": "[ASMR] 🧜‍♀Mermaid Pen Noms Mouth Soundsㅣ인어 펜 놈놈 입소리ㅣ人魚姫 ボールペン 口音",
        "description": "👄 PATREON (입소리 영상 풀버전 모두 공개)\nhttps://www.patreon.com/rose_asmr\nFull length of mouth sounds videos + extra videos\n풀 영상 + 멤버 전용 새로운 입소리 영상들 모두 공개\n\n🔥 Get the deleted mouth sounds video\nhttps://crowdticket.kr/store/roseasmr/language/en\n\n🔥 삭제된 입소리 영상 다운받기\nhttps://crowdticket.kr/store/roseasmr\n\n💝 Request Custom ASMR\nhttps://www.wisio.com/Rose_ASMR\nNo sign-up, real quick and easy!\n\n💝 맞춤형 ASMR 영상 요청하기\nhttps://crowdticket.kr/store/roseasmr\n최애 트리거를 골라 여러분들만의 최애 영상을 평생 소장하기!\n\n----------------------------------------------------------------------------------\n\n🔥 PATREON https://www.patreon.com/rose_asmr\n\n💝 CUSTOM ASMR https://www.wisio.com/Rose_ASMR\n\n💝 맞춤 ASMR https://crowdticket.kr/item/store/417\n\n\n🧚‍♀ TikTok https://vt.tiktok.com/RsuHck/\n\n🧚‍♀ Instagram https://www.instagram.com/rose.0430/\n\n\n💌 PAYPAL https://paypal.me/rose0430?locale.x=ko_KR\n\n✉ Email : dbalzla159@gmail.com\n\n✉ Business : ad.group@treasurehunter.co.kr",
        "thumbnail": "https://i.ytimg.com/vi/i4vXKE6CdjI/mqdefault.jpg",
        "youtubeVideoId": "i4vXKE6CdjI",
        "uploadedDate": "2021-09-06T04:18:08Z",
        "viewCount": 113350,
        "isCommercial": "False"
    },
    {
        "id": "920d2f34-2784-4f9d-bdad-16c511d66d0f",
        "title": "[ASMR] 🐟Fish Pen Nom Mouth Soundsㅣ생선 펜 입소리ㅣ魚のボールペンの口音",
        "description": "👄 PATREON (입소리 영상 풀버전 모두 공개)\nhttps://www.patreon.com/rose_asmr\nFull length of mouth sounds videos + extra videos\n풀 영상 + 멤버 전용 새로운 입소리 영상들 모두 공개\n\n🔥 Get the deleted mouth sounds video\nhttps://crowdticket.kr/store/roseasmr/language/en\n\n🔥 삭제된 입소리 영상 다운받기\nhttps://crowdticket.kr/store/roseasmr\n\n💝 Request Custom ASMR\nhttps://www.wisio.com/Rose_ASMR\nNo sign-up, real quick and easy!\n\n💝 맞춤형 ASMR 영상 요청하기\nhttps://crowdticket.kr/store/roseasmr\n최애 트리거를 골라 여러분들만의 최애 영상을 평생 소장하기!\n\n----------------------------------------------------------------------------------\n\n🔥 PATREON https://www.patreon.com/rose_asmr\n\n💝 CUSTOM ASMR https://www.wisio.com/Rose_ASMR\n\n💝 맞춤 ASMR https://crowdticket.kr/item/store/417\n\n\n🧚‍♀ TikTok https://vt.tiktok.com/RsuHck/\n\n🧚‍♀ Instagram https://www.instagram.com/rose.0430/\n\n\n💌 PAYPAL https://paypal.me/rose0430?locale.x=ko_KR\n\n✉ Email : dbalzla159@gmail.com\n\n✉ Business : ad.group@treasurehunter.co.kr",
        "thumbnail": "https://i.ytimg.com/vi/zQC4Hqpgrj4/mqdefault.jpg",
        "youtubeVideoId": "zQC4Hqpgrj4",
        "uploadedDate": "2021-09-06T04:19:17Z",
        "viewCount": 120589,
        "isCommercial": "False"
    },
    {
        "id": "ec6f4c42-22cf-4e13-b567-398e6f4bc45f",
        "title": "[ASMR] Badminton Racket Pen Noms Mouth Soundsㅣ배드민턴 라켓 펜 냠냠 입소리ㅣバドミントン・ラケットの口音",
        "description": "👄 PATREON (입소리 영상 풀버전 모두 공개)\nhttps://www.patreon.com/rose_asmr\nFull length of mouth sounds videos + extra videos\n풀 영상 + 멤버 전용 새로운 입소리 영상들 모두 공개\n\n🔥 Get the deleted mouth sounds video\nhttps://crowdticket.kr/store/roseasmr/language/en\n\n🔥 삭제된 입소리 영상 다운받기\nhttps://crowdticket.kr/store/roseasmr\n\n💝 Request Custom ASMR\nhttps://www.wisio.com/Rose_ASMR\nNo sign-up, real quick and easy!\n\n💝 맞춤형 ASMR 영상 요청하기\nhttps://crowdticket.kr/store/roseasmr\n최애 트리거를 골라 여러분들만의 최애 영상을 평생 소장하기!\n\n----------------------------------------------------------------------------------\n\n🔥 PATREON https://www.patreon.com/rose_asmr\n\n💝 CUSTOM ASMR https://www.wisio.com/Rose_ASMR\n\n💝 맞춤 ASMR https://crowdticket.kr/item/store/417\n\n\n🧚‍♀ TikTok https://vt.tiktok.com/RsuHck/\n\n🧚‍♀ Instagram https://www.instagram.com/rose.0430/\n\n\n💌 PAYPAL https://paypal.me/rose0430?locale.x=ko_KR\n\n✉ Email : dbalzla159@gmail.com\n\n✉ Business : ad.group@treasurehunter.co.kr",
        "thumbnail": "https://i.ytimg.com/vi/r9xigSGFxBs/mqdefault.jpg",
        "youtubeVideoId": "r9xigSGFxBs",
        "uploadedDate": "2021-09-06T04:19:41Z",
        "viewCount": 125376,
        "isCommercial": "False"
    },
    {
        "id": "b06603d1-c89f-4e74-a4a9-3f17c17bcd7c",
        "title": "[ASMR] ☄Knife Pen Noms, Sensational Mouth Soundsㅣ칼 펜 입소리ㅣカッターペンの口音",
        "description": "👄 PATREON (입소리 영상 풀버전 모두 공개)\nhttps://www.patreon.com/rose_asmr\nFull length of mouth sounds videos + extra videos\n풀 영상 + 멤버 전용 새로운 입소리 영상들 모두 공개\n\n🔥 Get the deleted mouth sounds video\nhttps://crowdticket.kr/store/roseasmr/language/en\n\n🔥 삭제된 입소리 영상 다운받기\nhttps://crowdticket.kr/store/roseasmr\n\n💝 Request Custom ASMR\nhttps://www.wisio.com/Rose_ASMR\nNo sign-up, real quick and easy!\n\n💝 맞춤형 ASMR 영상 요청하기\nhttps://crowdticket.kr/store/roseasmr\n최애 트리거를 골라 여러분들만의 최애 영상을 평생 소장하기!\n\n----------------------------------------------------------------------------------\n\n🔥 PATREON https://www.patreon.com/rose_asmr\n\n💝 CUSTOM ASMR https://www.wisio.com/Rose_ASMR\n\n💝 맞춤 ASMR https://crowdticket.kr/item/store/417\n\n\n🧚‍♀ TikTok https://vt.tiktok.com/RsuHck/\n\n🧚‍♀ Instagram https://www.instagram.com/rose.0430/\n\n\n💌 PAYPAL https://paypal.me/rose0430?locale.x=ko_KR\n\n✉ Email : dbalzla159@gmail.com\n\n✉ Business : ad.group@treasurehunter.co.kr",
        "thumbnail": "https://i.ytimg.com/vi/uCE7gOn9pq4/mqdefault.jpg",
        "youtubeVideoId": "uCE7gOn9pq4",
        "uploadedDate": "2021-09-06T04:19:57Z",
        "viewCount": 309176,
        "isCommercial": "False"
    },
    {
        "id": "ee56349a-7792-4558-8fb4-6b88dc764d30",
        "title": "[ASMR] 🔥Pen Noms👄 Plastic Chewing, Oddly Addictive Mouth Sounds l 펜 놈놈 2탄! 묘하게 중독되는 입소리",
        "description": "👄 PATREON (입소리 영상 풀버전 모두 공개)\nhttps://www.patreon.com/rose_asmr\nFull length of mouth sounds videos + extra videos\n풀 영상 + 멤버 전용 새로운 입소리 영상들 모두 공개\n\n🔥 Get the deleted mouth sounds video\nhttps://crowdticket.kr/store/roseasmr/language/en\n\n🔥 삭제된 입소리 영상 다운받기\nhttps://crowdticket.kr/store/roseasmr\n\n💝 Request Custom ASMR\nhttps://www.wisio.com/Rose_ASMR\nNo sign-up, real quick and easy!\n\n💝 맞춤형 ASMR 영상 요청하기\nhttps://crowdticket.kr/store/roseasmr\n최애 트리거를 골라 여러분들만의 최애 영상을 평생 소장하기!\n\n----------------------------------------------------------------------------------\n\n🔥 PATREON https://www.patreon.com/rose_asmr\n\n💝 CUSTOM ASMR https://www.wisio.com/Rose_ASMR\n\n💝 맞춤 ASMR https://crowdticket.kr/item/store/417\n\n\n🧚‍♀ TikTok https://vt.tiktok.com/RsuHck/\n\n🧚‍♀ Instagram https://www.instagram.com/rose.0430/\n\n\n💌 PAYPAL https://paypal.me/rose0430?locale.x=ko_KR\n\n✉ Email : dbalzla159@gmail.com\n\n✉ Business : ad.group@treasurehunter.co.kr",
        "thumbnail": "https://i.ytimg.com/vi/OhhsbewRV6A/mqdefault.jpg",
        "youtubeVideoId": "OhhsbewRV6A",
        "uploadedDate": "2021-09-06T04:20:24Z",
        "viewCount": 243846,
        "isCommercial": "False"
    },
    {
        "id": "115e596a-61e5-42b0-9005-293d8851d016",
        "title": "[ASMR] ※호불호주의※ 펜으로 입소리👄 Pen Noms, Plastic Chewing, Mouth Sounds",
        "description": "👄 PATREON (입소리 영상 풀버전 모두 공개)\nhttps://www.patreon.com/rose_asmr\nFull length of mouth sounds videos + extra videos\n풀 영상 + 멤버 전용 새로운 입소리 영상들 모두 공개\n\n🔥 Get the deleted mouth sounds video\nhttps://crowdticket.kr/store/roseasmr/language/en\n\n🔥 삭제된 입소리 영상 다운받기\nhttps://crowdticket.kr/store/roseasmr\n\n💝 Request Custom ASMR\nhttps://www.wisio.com/Rose_ASMR\nNo sign-up, real quick and easy!\n\n💝 맞춤형 ASMR 영상 요청하기\nhttps://crowdticket.kr/store/roseasmr\n최애 트리거를 골라 여러분들만의 최애 영상을 평생 소장하기!\n\n----------------------------------------------------------------------------------\n\n🔥 PATREON https://www.patreon.com/rose_asmr\n\n💝 CUSTOM ASMR https://www.wisio.com/Rose_ASMR\n\n💝 맞춤 ASMR https://crowdticket.kr/item/store/417\n\n\n🧚‍♀ TikTok https://vt.tiktok.com/RsuHck/\n\n🧚‍♀ Instagram https://www.instagram.com/rose.0430/\n\n\n💌 PAYPAL https://paypal.me/rose0430?locale.x=ko_KR\n\n✉ Email : dbalzla159@gmail.com\n\n✉ Business : ad.group@treasurehunter.co.kr",
        "thumbnail": "https://i.ytimg.com/vi/S7ZhH0wL7R0/mqdefault.jpg",
        "youtubeVideoId": "S7ZhH0wL7R0",
        "uploadedDate": "2021-09-06T04:20:39Z",
        "viewCount": 185373,
        "isCommercial": "False"
    }
]